{"version":2,"hash":{"type":"Buffer","data":"PSTNiySGFthkml021RcB1JfqZiI7cy9tWzTP8f7ILi7opf0ViJQWvJ6KXskXKdyO61CG6hP/IA3YimQFvx7eUJmOt2HCx+gmSRSqk25TVrlQzccVjg2f6BXRu2IR8NudbHtK4W02jhkFg8/1s3zDZPs/1Hp0NcELXgobE2zVgc8="},"indexValueMap":{"t1SDAGpw3TL3ykDsCkIUEc6AkWy4ZxnZB+oLoJOdfB0=":{"valueMac":{"type":"Buffer","data":"peLG/sw6O7r6f+NdaxC6rVAOaDYvyaFK8GMZkjAh4XM="}},"MfXzI52aKlLas7nhWnQHuSQWbw1jah0IHL92Ib1GCOY=":{"valueMac":{"type":"Buffer","data":"rTeJkGd6dgSzGystwQ5YqVwvbF1C91y+9SYIXzF4Sd0="}},"WhG2tTZiPWCRqaJJbX5lBfEPrxXk1PBWpZ96TGffui0=":{"valueMac":{"type":"Buffer","data":"jqI/JiGJBYeaL/VwBChGHzJHY54crur1eLf3+19RrFk="}}}}