{"version":2,"hash":{"type":"Buffer","data":"QZQhXIynedv32cy0p75PceGT4Kmp6MYILbU4OSpGDoMbEm+e15Xb8NpaHgElw3bq2m0fE4C0ahmqknmVn4VqhIsBCSvgz2V0e5XPNU7JCEAsVK39FJlmESDQTv1gCvXWSSkLm2qiw8ixRFpNYsk5Zb1wdhkKEPrUPL8xLIJZ5Cg="},"indexValueMap":{"7pSNo26AsOXiQy+yYBulvsVajZhFSAi0Gb3qYCDwTPY=":{"valueMac":{"type":"Buffer","data":"24Sa0hRtniyAh5bwMGAGhhIcwz8zg7DufU2MxMsb6EE="}},"bXdkfPMMkHVRpWmCK11DIDSqN0XUCWfs2H5PXzcJC/E=":{"valueMac":{"type":"Buffer","data":"CAD9qkId9zB8yssHeauSuI4loroZ0vKWNp0jlrugWoc="}},"MfM/3No0ze9qU32mi9r5nxbTBuW7ljGyJ4X083Aowxw=":{"valueMac":{"type":"Buffer","data":"ZmkqZFSLVCKV/gRi3/ifbfBvWgu5b2DJMF3yYoitL1k="}}}}