{"version":3,"hash":{"type":"Buffer","data":"QqBpW6ndWQg+zL58nK5KOuPkLC1z0HNQE/mA3rWlqErk8+bBHyz2zJaIx0gUHg+ov5twGx0ST0W/hiQX6ICyshcBQoa7yZsVAKzr0Vu5SNGaPs0OVyCx74SL1a9TDBPAajvI4cffud+zXtLpDFn8jf4Djae8YrhTAD3EEYaWv/4="},"indexValueMap":{"LTqRR7v1w8Y29oVLPJfSfNGa+qrVSGIDK4ylE0NVS90=":{"valueMac":{"type":"Buffer","data":"Fy4S0JYzfcRJxV1ceY2z7wZPYpId/FhMAdXIfFBvONw="}},"+uLBenGl22KtQtEpgDk3HChwgEaZFQ41EZZO7l0Gbq4=":{"valueMac":{"type":"Buffer","data":"lmKCOx1bAuYe1V9iJyqFHJyfutGEsTyG8boP22J2qu8="}},"IeOR3EjWUhQegItzSII+yBG9K/c5GsMRG9utkbAr5DM=":{"valueMac":{"type":"Buffer","data":"JbA4zIoSWogZWvBYwPJqsVqBrwPGn/VwffW+n5mKeig="}},"skrokk7a4huTojThZsQBnxO9BIs0AP8BRIF3OSKN+Lo=":{"valueMac":{"type":"Buffer","data":"rZTNBbfShIVO038arIRPvgeVym1P82qpblTnAfJfMgE="}},"1/GkViMQ/C/RNd2teTWtEPVbNNTS6I6WmldwXJRZjSc=":{"valueMac":{"type":"Buffer","data":"YcW9pllg7KJ80VpJcS8OAFyPHb/qdq6El/3Pxggh7rY="}},"ADXuYQJ6PAGUTBNEmtikpLa0D3ijqI9f/Cli2aHtQdg=":{"valueMac":{"type":"Buffer","data":"4IrrddxKRh26w63RFJu2UBOquYWwBb46hCCrcX9MxCM="}}}}