{"version":2,"hash":{"type":"Buffer","data":"PPa+6nxjvhv95Hf53eMJO+kQG9MfgNzJrG9Q5WdVMhCVY9W3UGc4lDHmEF+zL6RM0dbwJXRjygOBUwMw7SbSOTd3nzu/mQ7VBYcHIXSLBw2nd5+ZqIyizUxltBN4f/Gg7aZG9VLm5bw8dbUopFOupiwKnFGYcXvwPa58tt1ZN7U="},"indexValueMap":{"MoI6kyId5mx2iu7ceU6wwXccrTK0Uoh0TCez28cUoBw=":{"valueMac":{"type":"Buffer","data":"PWs192e4wfj1HR0Dm8GWPAqEbPX66sTEuLTY/G1Ls/4="}},"AnCZFJNLbZLwixSfO3ffqEKNccjglUe13M0peU6vkR8=":{"valueMac":{"type":"Buffer","data":"R6rSfJnCKBsRMz05JWzisM5eS8Blv7pmUB/kBgCa9wE="}},"G2ReINog2+e+ALRtvGgdKcUdbsHCvQ9Zj16k6YVAE6M=":{"valueMac":{"type":"Buffer","data":"OtkCMoEtNbEljNJB/u+5MS6P+c0fO1rysanP0yhIQYk="}},"kgUehJtDZthkcg9oCxuSZq2mj/2GcEeQWZpNb95DAk4=":{"valueMac":{"type":"Buffer","data":"4fhCWQrnNsogzXBrMBOSSeBrSAopy4M+U5BtLoXG25Y="}},"X2kpl3nQG1oEWUuSP24JAMohLTQj24HzXrmNx+ZrExg=":{"valueMac":{"type":"Buffer","data":"DYwevsdEbj2WFLgcaLBEHMleq4ekQbIGkbs3qiJAvDA="}},"8uI7HqjsfhprbaVcgL93rkSRJgFlnKh4zfSf3djSazQ=":{"valueMac":{"type":"Buffer","data":"M6IPQygPvHD9Nv3cqYle2U0EM2hFysv2nJl0mWtrakw="}},"sbgCjZv2gMgKzpHsEtqB+PFqwcZTTgSqrmg1yhuszrk=":{"valueMac":{"type":"Buffer","data":"D7BPVims6fuYuQHx6w/Vd2hoSqHc7IaxPU4AGzSp3yU="}},"793JUfHlZ98Bel/0Da2/3cxpFvR9EA6Xgrgqg0ht6IQ=":{"valueMac":{"type":"Buffer","data":"rNsx3rDHKxInPDMVz8eKn7C4WxQiz1+HDDQiSPnhP+M="}},"WIh8Gwdnw+0IlIvkDQEoKo/V7SvuQd9b4saE1+gUr8E=":{"valueMac":{"type":"Buffer","data":"FVQiyu75fXGKyuxnwutTlrdj2GI5cJNRnyb3f56OP9U="}},"scs+1ktwFJI9z32QmytbE45hj/HtjQ39JyHNce85SbE=":{"valueMac":{"type":"Buffer","data":"nDJeVMjCf4JPM63Hmfj+ndZ+/WQ3ZomE9om7k0+cntw="}},"6hTyww03WoGTs8Ed13BqHW5HMaznVjTAwURs0DHEVLg=":{"valueMac":{"type":"Buffer","data":"FyxOvm+0vlWCPK8hMgfBkAevey/5E7ok3gToU4QRvL0="}},"6ITfTljrsMeEcwFGU1tL7qQFfAluNDMOpB0nbEmNbOs=":{"valueMac":{"type":"Buffer","data":"VRzFOZa+2vT+GEpkBR3JJt4GkN6XbXpdexPVHBnD27A="}},"rGjWloAo5jQvyfsR7nihyu/XAziRFsBW5C2plazWL/w=":{"valueMac":{"type":"Buffer","data":"7AtwkzfQiSgy/1g3kNVTT3mvMq/B8c0bmOpzBj6RI1E="}},"6xmz+xITHSe1wyd2xRqTCzqnzHHj4u/w2cPUhkyDlVE=":{"valueMac":{"type":"Buffer","data":"UB80xtx8lto/MrPfhubjqlk3QLkL3L9fFdvOr2F/wig="}},"K7QWYaZYvH9H3vGMvP3S2BIM0pzv4REbjRJzl2QQrwg=":{"valueMac":{"type":"Buffer","data":"TVmMFm6rT9dkOC2xJj8UbV466QZRZxkZSWoOq5/CmWE="}},"vKQM/Q2U0aRgK9UScT3Ta/EgLe/A+GtrD4gMLzO7DO8=":{"valueMac":{"type":"Buffer","data":"IcieWCJZIipvLRp60PLY5AMO9eYltLZWMRFLJE5aWsg="}},"7iGism3Xal39Yybe5Sh+QD1qN8V6Hm26mdGw8gY/Z00=":{"valueMac":{"type":"Buffer","data":"3burPDSJs2yknOScT9q1R2YtLAevtJFlzNUapDz8Mq0="}},"UVDefL+5l4c/I4d2AZDMbYJsJFxloEBfyBxIzXiqcDM=":{"valueMac":{"type":"Buffer","data":"POrFrGyi6mGJKqo7bR1xlTHIK3fECaYiMmGjsLm9duA="}},"NdkYAxQu89cMlyk827+d0pHDk1UplpKpjUQkScyVdMQ=":{"valueMac":{"type":"Buffer","data":"jIRy4IBW4SX0ihEdLMB54/7kETCEW2O/HVN7HKiC68s="}},"RN0qDbv5Zux5yPqmGd0TAj91IGqi2pXzk58LvC75Wvs=":{"valueMac":{"type":"Buffer","data":"qx/K4Ng/Q7dADF5gHNaHX0XRs/VObi4RKd70sKFWVto="}},"gDA3BtBT55kswj7TexkzUsLcbaY3ph5kd2RZAL1oHfM=":{"valueMac":{"type":"Buffer","data":"4oWCCNt290j7vrvzv7p9kYLC4yQs1tHXTQETzZCDleA="}},"i7bd5Qg8DY2cjQvbZJm/ErwUfPCuf6NLSkhW/dhT0Ko=":{"valueMac":{"type":"Buffer","data":"CoSo4KavSaYiYkNupvZxy13axCCLITmyhvRt9/r9uS8="}},"+PcJXx/cQvwlfHtCEiY8s8+wDaIAhP5kd3ipkTfE+W8=":{"valueMac":{"type":"Buffer","data":"dq4vw7NeTCyiAQWSdPrMnE3pkvQBLwS8VEE1iQPIpzg="}},"cHmPeHjfYK9/JJ4od6aVUVgFH65GbVD0agpC8o/PojU=":{"valueMac":{"type":"Buffer","data":"WhnkdL/h3ApZOuBkxzK6oVfDJlJlCA+WJqpHAdbK0zQ="}},"4Mz2kWw/MHBK9xAzLZX2r+0sEYFVOcdjoMnMs+KqnII=":{"valueMac":{"type":"Buffer","data":"1HqjKGz2/C97k+URUp9mWfxTM/495/27LV3eEVHHGVw="}},"7+cJfpUoRs/7YYXgEb9X4b6wtxpIZ8PDBkZnIVtZilQ=":{"valueMac":{"type":"Buffer","data":"dHrYv9Z/usANielDBVHHkR9abDOdxPUTpb7AueKpV98="}},"EtU8fL+IyFIPEkT/YYSxdx/G4s1sDjv8icUeDdFDj2Y=":{"valueMac":{"type":"Buffer","data":"zve7fuVR/dT+tpgzB9LRJH7fcbcqafGgYlLMfeL6jKk="}},"yTMCarjKmORepJQpjUY09IiQhvT5t0Z3msD7zEpVRdo=":{"valueMac":{"type":"Buffer","data":"CDjfnBpmFt6FBm5n4W81Rqgo5eDjFpx9D8fAQWjiFhk="}},"0nUwjUrnlSjoxy7va1t6jSv8jLfw1Lo/+5N0yELncQU=":{"valueMac":{"type":"Buffer","data":"G5PrUZhIaItCFD4vou2Y+KdCQORrdZHp+ZpI97MifRk="}},"C4wOmFdAzNZNGlB3E/UaSSVhqBDYpT1fLiz4XzpHAKw=":{"valueMac":{"type":"Buffer","data":"5R3nLyoAkbGYq4YI2W9oA7moLgoDdLCDmYXn7mI43Kg="}},"84ZKZqmgi6TV82aimKzpJhhm1HGvRESGNgIfj19Onp4=":{"valueMac":{"type":"Buffer","data":"6vN+15V49X8E/SCBuLCDksy3iATH1nCjw2aKnZSisY8="}},"8EyWBhFq4l+UEZfad5T6nOupRjadt4oTi/fgDwI89fQ=":{"valueMac":{"type":"Buffer","data":"HqvQ1ccdcGUkyrtfC+sZDJpRIBvJgtyWd0gOn2O3LnI="}},"MYWPH+oAUxCb/z8UQmMs1KsCHruBMqfQdbf1AOOPkJU=":{"valueMac":{"type":"Buffer","data":"sUKDN5718AkeIOXM9vt3EYc9+3jD6Tp5GgL0U4lgdno="}},"tb9djL1Eu1K7YKmQHVvt8pHZ1nsP/LIsfvo50r+4m6A=":{"valueMac":{"type":"Buffer","data":"EuVIx6DOflETsKU36PrzVs+EV74sxy3urZLp9OGmXoA="}},"xAwSRI3x3070/rkZUqcG6YVb/PZvJKSdPEPHjKJXs2w=":{"valueMac":{"type":"Buffer","data":"A7ItF41++ZpoEVVzRtmiiYMDafrncz/2DaPI3P1MxLU="}},"IV7Z5za3VVLkP4H7xbJhzMHqVm/MBJrqzBUlkpMa68E=":{"valueMac":{"type":"Buffer","data":"BjVgkjidnARvTnqTxHsWaWY0fWZhBkhjf5OWe2u2rPw="}},"KrcIaKUKrrmKONk0EwfXCWossQJpECSKMJ3GOIzvPho=":{"valueMac":{"type":"Buffer","data":"0yzIMUIrbOrJoce0KJw4ws7geMsBqVtDw7UuSt212Zg="}},"SrPUYS2kwLCXEa+v6tzwsNYKApjYrMDEIdpplMgMF8o=":{"valueMac":{"type":"Buffer","data":"hT4ggI6k12EXNpROZb//3yaJGRjcC7KqKutWAUmvYkg="}},"VyYYy1MmaWuAcQYyuwA+15hA/D3E2mU2QNxSRxamNFM=":{"valueMac":{"type":"Buffer","data":"X9uSlrvX9BDoVfGkH11YVKnowSkisAKx9tmMlSvoek8="}},"5uQLghnXQ7Isdp+KBAerEsguDNvRnSB7wue0Urp4O7k=":{"valueMac":{"type":"Buffer","data":"t+xW44czG5CkmiwlaoUfAFuAgGnKDkR+wC7qc7T0cGQ="}},"KGCpDTmIRS11zSVm54FWan2FovwuXf3zyBnJZn0n/m8=":{"valueMac":{"type":"Buffer","data":"IYRc8JQ0Rvhv6gwYoaUENAAtcqg2tqeaykfhncGPr1g="}},"GfKTRYGnTMmiJhFUomDTcWyARmpBpXvVJuw9EzfKnIc=":{"valueMac":{"type":"Buffer","data":"0QC7w60ADKBw59imP19FU+G/mJnOLZrCQX5cJoKHW/M="}},"frkxUQ/fKmYgCFWi3o7VhoR543GbmprLDxodAtXA5gM=":{"valueMac":{"type":"Buffer","data":"W68OVSk4GQk5ze9qeTOXWUkYrJuZlDCm2aKlpsd9Q/E="}},"ZqZr68+cRHuDy5JHCbXRcvP2LjiYv7tRWlMxJO5JiJo=":{"valueMac":{"type":"Buffer","data":"GCnOb/pixXVP3GC47inOl3yXQgMzPMa3CbKoLFZkHuc="}},"J6u90DYnhOsuEXjjBaOKX9rM3mUSsf5XrZUElxutdL0=":{"valueMac":{"type":"Buffer","data":"cidxDirJPJGO/j8a3oN1pMDeQreGt+L/k3+pHf3JRRo="}},"nE1nBt/1SKMQ1RzA0gBuVidBC8DwlKnzfdKOjlvwqvw=":{"valueMac":{"type":"Buffer","data":"f587fvbIgyjw7d++49PCzWKpfU/aRglG7sp7ghEmztw="}},"5E6LagRJ+5+/yofgDq9zKHquEB8+BC+bI7AE+4kwi94=":{"valueMac":{"type":"Buffer","data":"QkcENFLtmtNZQZyGqx3OBzqrMgVzl7YMVWX5xbEHJE0="}},"BdpVYCdpxHo/Lhmhl/cXyIIyZkqrY2OJkQ3eJtxNXcA=":{"valueMac":{"type":"Buffer","data":"R/zmfoNo/knIXZTBRKR1R43X7zkFrflJ8vIZDiF3o1s="}},"hINIg+RbWzPV/0C9wlRFujXIydBLiv8DLfJFSxBnAlY=":{"valueMac":{"type":"Buffer","data":"tzrNsS5TDm38HmvkhtrT2onyRIGlgbj0kciCSJc8TmU="}},"C/BiafcmIYnG3YvWxd/SIlyvEYkFVPn42QoiRuuoqBQ=":{"valueMac":{"type":"Buffer","data":"L1TJ1ZNPap8ZyPWk9OshBJcRkxcp0aCzhiaGMHjq7Cc="}},"0dBMUXOebyLKcY77xVU/o8Utb2+IXdoxTEHcdg+CN0o=":{"valueMac":{"type":"Buffer","data":"iFSdd24kajNEtgjoSV+vTIfw5ctgTLTKr7a2sy5/PAE="}},"ys9aOH8plMyQzQfaiGCAtqDQDLW1hOQSejMG+ydJTzk=":{"valueMac":{"type":"Buffer","data":"X5BFZtZafmdSoEoBMSZEo5ZApqGJAQ7pvPxyn0SlIHM="}},"ZIaT/fPO/3+vdWaGHha+tieP7Y602dH7W+X1REKmbC0=":{"valueMac":{"type":"Buffer","data":"Dm22VZbYrh9ZOzNlKj8gw7hTN15c3Lp2tFqAZZiXDOA="}},"Bmq3kyoGpApcFGGLxbP83rF7IShdca9kYO6mvtAv86k=":{"valueMac":{"type":"Buffer","data":"2Zs/6OlK8y9q1mSnmLWKEPiirQMsYJZ3FOoxDKCp9To="}},"7paXahnHDgVn83mp+E+aRNZf9azYtKWuFojJ6tjJElI=":{"valueMac":{"type":"Buffer","data":"SWMvg9q20HbZ6Ac05lz5mbO1YDERmM7WF3kPtq+4HLI="}},"+MNBpUcX7yiAxh6KnDNQloSJwg5fk88H9foKiv3q10g=":{"valueMac":{"type":"Buffer","data":"x5CDdUNKyczz+pWb2OsCpW2WtcuYv+6DtrwSUaxI4Gg="}},"p6Isw43lEQSCgQnVlN2leM1idFwMVdIwQCr4rdM4A/o=":{"valueMac":{"type":"Buffer","data":"A1A14Fi74/hgmKSisXrInIccdLpCgzo338Nxce07O24="}},"XZf9GhtBNQqww9ntjmDpkIJxcXwzuZ2nGfXkwZW9/2M=":{"valueMac":{"type":"Buffer","data":"nKZhAsnFSmpR3rDabYrBslb2wukKGblGQqjPlfVAneg="}},"94p5E+16sBGfQ8vxVImEKbX6ZlxoIY3DBLoe9YPBXXg=":{"valueMac":{"type":"Buffer","data":"HfI4GEwQDYTNdm6Y9Dgcyv1rC5oOHZVFd3Auo9JLmes="}},"ZeKBFM+rRg7iDQgBBoD0dlFci6qlLq+Mg8vac+mgWA0=":{"valueMac":{"type":"Buffer","data":"tDHpNv70mcpJ5fJQi1yYoWve//2fFSYrBW6bUIHGPHo="}},"ge6dpnxM0EPQog90QM1eS0aJkKdNUhKmLyjR9bbMdf4=":{"valueMac":{"type":"Buffer","data":"rozHJajDWEkD9XKk3pW5AAszyKmqb1S0rkx1dR7Ap7M="}},"vZbEuvEB+Y16cmENATO2kLSxTLMdIGuwU/D0CBYDoc8=":{"valueMac":{"type":"Buffer","data":"gNdlvJmXaFY/2mu9xHc9lFtav5jyGykU0ryC3THphGs="}},"rY6TaJwu3wi4eQx86im5X5C16I+BVbBs3Qy2xqWMNq4=":{"valueMac":{"type":"Buffer","data":"duO5oZfhY5OKFg9OW1rMwppls2RBprCcgx89Qg6shl8="}},"uw2NOctuTm6WuIbjBbKmmZXbiuqKeu9d3MYamyJ3tFE=":{"valueMac":{"type":"Buffer","data":"i2Y07vM4GlM4OTU4acx9CtfjF1Zg1wjkrSVPxBkvzuA="}},"78/gVZ9LrmFagmWP9YDkVNJX0e2FaHvImDleSDZJFv4=":{"valueMac":{"type":"Buffer","data":"8QNfTVro8AW3z3cUboOlEN1qassWFohJVxdDybXeBVs="}},"W4qyyWGAptUuGzJk8EM04JlZ49Sx9rjuDIbIbBKdxvU=":{"valueMac":{"type":"Buffer","data":"Aq7blyluT8fxK8WnqnznzQ78/7kChfiPGJh8EJs/KD0="}},"o91dDtD0NQ57LR+BTdK7p4+iO0c12/W/hXcHVlaZVRk=":{"valueMac":{"type":"Buffer","data":"qyihZMSkQTvCaiZKuwei77uyl6Fk/+f/ibG6xGnj+2k="}},"diXzjgFZOsbloHmHf6g6Ghp+CZddBHKcB60GTExeSXA=":{"valueMac":{"type":"Buffer","data":"qJaQBOw3o1bpZQ55yt+h7eutwfYITuXG4Jzz8cGfxEw="}},"T+U54Fkm4BqaLWATY8EETPFTWpYr63zgV5g44yP2fDw=":{"valueMac":{"type":"Buffer","data":"8+U1HSBH5g8Kyw+ju0HhzdEZVt83wf2RmZdycHf6niU="}},"qhvyHJRF8GtV7KnU2X9D51paEgBv85uuZFoaaV8ZHKQ=":{"valueMac":{"type":"Buffer","data":"5Ka2cn/hYURTEgIq9LceF/PkfZKaIgh5j+UVgqglIfA="}},"cBSmqMzttdslL1il0hx7gOm1VNpTmjxoPtwmU/Tq1ac=":{"valueMac":{"type":"Buffer","data":"Kqdb0t0Sgy9OO8NXODbzzFo2grY88l7HkzyCtO1iAMU="}},"Ud7BO0Sw7AQ4t45KEBTfGgvZXJbmooq4KmuMt5yOK68=":{"valueMac":{"type":"Buffer","data":"1um+QLBVmPvK1tbFjGMmu8qBaulZaGJP9ztGW7AHNvI="}},"acNGiKrSIDJVXnSFSUGYC62r3pa3inXBwkRQDO9VLVc=":{"valueMac":{"type":"Buffer","data":"qOb9dU5nvx5fKgB8l/ZfsuOhCLJjEBw3/hJwZB/l+3M="}},"uHl7oF7EKk9o3leFjCxM8sxEsc9Ah3A5d6qATkiWUWg=":{"valueMac":{"type":"Buffer","data":"kZoHXw6bmzuUA0N3lb+cuhiNVKuUzTY7XURtX+p0oU4="}},"4ZACLCZoslLpCx6Ke9Jpy5c5M20S6Q6hnSKM3idk0yA=":{"valueMac":{"type":"Buffer","data":"H55EMl9kHO6G5/CLo508Vr9TtQoSYTBk4Ja3HCWMVfI="}},"C/te8xBmipCKG2rZlY4sXUvyE2m0tShAgHQxePrL93g=":{"valueMac":{"type":"Buffer","data":"X+Pm3eEMoZ10hkJ6m1RCcOkffBCeHpCa/6sRqCpvG6M="}},"03Qj+PrVe7JEoAMPmnRx2D4pP6q3DsviXnu3ZylRuZM=":{"valueMac":{"type":"Buffer","data":"gidB9I1fyDRr8hQP+rOqZMkhGwfGFWR5z5d8d5evBVI="}},"hOfZOa1RLPdwtBDpAUOaA+xcC7dBOpHvkQ2MBPZhNCA=":{"valueMac":{"type":"Buffer","data":"PKnNz3BnVP07U5baPdECcbGp7dmrBaQmncc5sFGaEBk="}},"f8id2GlVvJeetZw3N3dbw1LjNG3eVEX3efxBRbsxuW0=":{"valueMac":{"type":"Buffer","data":"Yg2yScPR7pjeKjMciXk2+rvwWDAYekPqhQrxClhey30="}},"H9eIlRrNoAx1XHtGc9+CfIHdFc3kFYjF18iOjSDvRDc=":{"valueMac":{"type":"Buffer","data":"h0pGNHjJ9i4E/hKmoSIA6hO+eU2T0JpxR9AgMZn5Ezo="}},"d1udLCwczMxpM4DeeRp4vdgyWhIpASauudVeqZOxZGE=":{"valueMac":{"type":"Buffer","data":"PdE90UxbuLg6O8kkLpOzncK9uwSgG9k1WCSzboEii+k="}},"ozT2ipAtBCt9/WpWq9jajntaa+C2jwPlrNkqX7C66rI=":{"valueMac":{"type":"Buffer","data":"b/pl7AzXaXenb2/nivhKJTqnw3bcs7HAVnn5bdDxyGg="}},"qzJ2Ds8d+DcsC3XmSrn4wl6b6i/eIr3BjV1zJOGf638=":{"valueMac":{"type":"Buffer","data":"d7zM+754tn0oY6K3qQWUATkARLfcuM4i0O5slFXaOn4="}},"YjTgGaeTFmm/1+hUzhHhtyRJktTQbxLZsIwFafLNZ70=":{"valueMac":{"type":"Buffer","data":"kQApb5sdfGg+nWltgexAmnrH0u80dyG2kIfMx6Kjzug="}},"zy+nm3ilOWbOPFqjB2o5hCIYQEjVzqJvLu9lUj5xIBo=":{"valueMac":{"type":"Buffer","data":"YKb94bjyDrqACKNgz29NhRKCxh/MYMoSq9ePLnZm6Jc="}},"sFayQ4DeQFzPUv1GCA/NMKmcPWykaMQB8VUaWH4noTI=":{"valueMac":{"type":"Buffer","data":"/GR6wPmnf0LxSsBDX1dcZzoGWTK59QlAAbDL6t8k+hA="}},"s4ucZRETlZ98MlldC+FVMEPB4sACabQjqgxS3sSY+j0=":{"valueMac":{"type":"Buffer","data":"uJOIehD+Fce+NGtZh87HTItRvTeCWHoPc1hyeA8G2q0="}},"/k7V1NgHGIG8vYJu34c75JEm01vmh6TnhkU/8U0Qb+A=":{"valueMac":{"type":"Buffer","data":"cOeZRw1yArdIdU81BKXchLtigR93RdMBDeTIFlc+RLw="}},"w7RBWOhEgOJbUNEjXjVQjheAo+M0+mn61eFlbag2hEA=":{"valueMac":{"type":"Buffer","data":"7iO9AgB5tIcXd+oh3GD+2ZY8FGZPYF+/0FYsrtQ5RZ0="}},"h86t0ATQPZoadD+goEWaM54qjbdGhCb2mt/dY0Cq1n0=":{"valueMac":{"type":"Buffer","data":"zWzqh78d1s7g/8QxaTbkvbND5QmV+5QGXuhEvciuXP0="}},"KrW59O6JMzvpYjbTlYfW8ZdH0CfB6EWltL8Dc8K1eQ8=":{"valueMac":{"type":"Buffer","data":"1jBdMTWd+18nFsO/y3xLR6fS+PastwNcx92vnVSCGkE="}},"s34+m/7bzFwm4sBFK+33uBUizU933Z/LpC81h8PmqfI=":{"valueMac":{"type":"Buffer","data":"lUTz8u36FLHpY4je5iVs255IkOX0ZJa0LvRMYdTLq4o="}},"DWuzF9Z1RefAGMhM6b7yV/wfrPwvyZiClr9C3LnDeiQ=":{"valueMac":{"type":"Buffer","data":"KPYtbCDZM9YFKuVCAHuw6hKuJ7LEMbRh+ajXrohMgIE="}},"BADn4F2ONw3oXZ+untLmtJw+xm7IZtyG6QHdTM2rx5M=":{"valueMac":{"type":"Buffer","data":"in96OF9FQfEbX+4Wvr+l+ZSC1zYzeBs2IlOCcFh7LsY="}},"aRU53dTRt3SvqvBU53tpbJDk+SOay/3t4uwpZRDGy0E=":{"valueMac":{"type":"Buffer","data":"GlneyWQb2im9auasj2StG3EcczFAvQ4yBy12o4zARck="}},"Q3cnGSMHN1BDfDjDuyPxi/DU2nHci7LrlLgEoVUQw40=":{"valueMac":{"type":"Buffer","data":"Gb9S8QTZpvuUbJJvBFty8Cn3WuA+r76xL1i+cN96zEk="}},"tDeidOmrmaPlw/dS/zpGl0PAoKo7+/ghv607RxqkBmE=":{"valueMac":{"type":"Buffer","data":"xAVDfSb2gguxOGGRIYIpjwNkJpwVfHt9XniFX8y8R9E="}},"u/lNeX5mqGKfsV/kb//bcRnT35kpJx9TyxipUvKVltw=":{"valueMac":{"type":"Buffer","data":"3AliUmsm1ELTTC7NvM8g8DUGBhBRFraHfTV/lFou4ko="}},"LZciiBJAie9uYhXjGTZA+xtwuf3hYRJ8fQnPVoVvF3I=":{"valueMac":{"type":"Buffer","data":"QWml+8hiD9hpmbB9jAqQoaq/ZXmMdH61eF3RLACdi7Y="}},"krQ0O/QvoVKpUA/FUV8byeReHvBfRBsEJ9iCNa27zCs=":{"valueMac":{"type":"Buffer","data":"JUX45FSNbgmklTQO9WV0saht0lqaJxF0PTiw6j0DvBs="}},"Q4YNtftW3TjFhkbVzmWRxi5nC9LY5Dp1sQUAhiKx19o=":{"valueMac":{"type":"Buffer","data":"fXnvL0j+c/rKgnsojiIai/3N+oIAUGiM0DwrIGGwqxE="}},"oqEFP7CQQymVNyXvvNUsLJNHg7hUKQsDKo4u83+VHsA=":{"valueMac":{"type":"Buffer","data":"8Xf5NFmiDSF2xc4IM/Ah6ozRJQxbBfL+12E9oGd4AKo="}},"Y2YAOXWXnsxCYqametMqYl1xW4Tz9a8dGXahU46P7oo=":{"valueMac":{"type":"Buffer","data":"oP2vYqFnbHes5Vbv/uBwsIb5z0ETEOOXOM3eTOolPno="}},"nz8/3BUF0AtQ4/gcT/H1qw3PGErBfqBDRrEJkdECW/E=":{"valueMac":{"type":"Buffer","data":"QgIkflJVW7kzsNaeRsZsiK4avRJwAKLp1axnlYOpn+Q="}},"yUJrq96zHLwuMzwsqCd1Dy/lN7Z/f/WjB1Qc/Dg3BSs=":{"valueMac":{"type":"Buffer","data":"tHFaPgrXA3BWj76ER1qPGBBAUswaApWun9PsrqMiQas="}},"bgeDtnWr+4XPwmvFaFufBceM+CMG7+dgxfv+2ZyV8kM=":{"valueMac":{"type":"Buffer","data":"OrUhtT+trTol7JR14xI9Xo8Z5hex1z/QhutwXiinbhQ="}},"yUhPqLi4W+vhIowuxpfiWE3tdTTXAs3OWgxNugzdyIg=":{"valueMac":{"type":"Buffer","data":"ucEYEQKXDtt9pN7X/PCXg5AlV1vDymYkXzG1+L7S0HY="}},"yAS8FJn4sfK5J6eQVrBjuNBDzcewKJIs31MIFsthM3o=":{"valueMac":{"type":"Buffer","data":"765M29UKYWJQcCO4JpDZ3Gzkwv7wrxyADHHoGP/9BKU="}},"Y4lnVNYLiRpyhFRkgByamasJ9zfXxCb83PKpcA3heTQ=":{"valueMac":{"type":"Buffer","data":"Bf3mAmqg7uJNnsxKKP9Y4Jyxbcpby9KxOgao5D6Q8lQ="}},"Mtrtx96RM7gu19qoOxFsHMBR+4NvTd0hBwDHRoFp5nw=":{"valueMac":{"type":"Buffer","data":"bq1rAcvhXmrvjvIxhmwYLuqsbE0XJPA93DlMMEC2hXY="}},"RAO68+cni+dYJucp1AX9aq2lzwFFaUjbkoFfa7dVcpQ=":{"valueMac":{"type":"Buffer","data":"op6/nFbtHOqSeKxM0vNUv4qUElZr80Sy/35bN60osH0="}},"7Q9T14RoYX8kW0OPy+r4hyzTLAlQV9nD7zNYFkNTaaI=":{"valueMac":{"type":"Buffer","data":"3kD2RjGaZ1DIthG0ppa+F6eRtqnwzf/Q7eBQsx1Y/gk="}},"UEXmDGc/0E8QlWghkdtjr1pHVrVYfOtHMgAiWpakPJ0=":{"valueMac":{"type":"Buffer","data":"qAOpYFR+qahcwNHnmACuwhZ8UNJaERDmVOSqh3WLzMg="}},"lZengGZ/ZjxL5HnQQboYxbfyCvuPchF3FfTzlA9dvEQ=":{"valueMac":{"type":"Buffer","data":"6EI/GmjhohWvsKjD34pXhIOULoHJd+BifAcoqXV4MKY="}},"Oo8JEhd08uGOXACn5/34LFmaI4z8ZHfOy9XNMPYQwPU=":{"valueMac":{"type":"Buffer","data":"2/C5zSZsKUhiKonVf+IN6OefMkofXxDjRLySv7hFw48="}},"zAREKy3ZqL2rH1vwRPYjOAQ5umBmrJgQiLIIylE89K4=":{"valueMac":{"type":"Buffer","data":"XPCefie3i71gxUdwMMUmHmKVV00BEFVtpDGNwSwYEYo="}},"OUTfoo1kIgvZ5fWnu8lwUbhVoqW/wnVbmM01ZKpIx68=":{"valueMac":{"type":"Buffer","data":"zSVQXLGZTIhQdVlThZECAvuOG1IKjkIhC4y7PqvfL5w="}},"K6PE4LCg6vpLSKSfVKd/L6II4oFtWAlxgKJlRmTaVXw=":{"valueMac":{"type":"Buffer","data":"nN96Q0ux5pbhQ5yepB6QdbHWbTCVa5K62sZLGV9NG3Q="}},"n+jD8NGOnipJmhJT7wGxrQFJCrXuVJEvJ2Lcco8HHtc=":{"valueMac":{"type":"Buffer","data":"0UCkrX8pSw7VRAVDS3LdmLOrrVzH+8I9Y2emThuirtE="}},"AbqJrx7Z9i5+bYqno8k8CQ2As1bhdRE3wnFALDg11lA=":{"valueMac":{"type":"Buffer","data":"Q5bfCosO0G20FvWmU9WvWUzO2P5DD4ccWLHk25BCius="}},"FUQwYOrWiviqZWqi5lJ0xCHKHI5FuLLw8nNZ0gBMrkc=":{"valueMac":{"type":"Buffer","data":"3Ge92BqiMDGKG5BHQwkScRgkTWXmyCm0qkgv19BekCE="}},"qAg5oLMYcS6KuDSpnScA+pDGl9xibPfqaEpMVTD6QGo=":{"valueMac":{"type":"Buffer","data":"eLNPp4wHUcdYaAQywEhsUmO/PFd9fH4g83rIFuWXg1I="}},"AVpmFvQvpX12jQzfsmWlMxa832u2Ff5NJcfn9Xl0iKc=":{"valueMac":{"type":"Buffer","data":"2feszoYIIc8CsddAZsrLQxmZO1zxaM+FbIR0gYHNhEQ="}},"qltK7PL51ahSRkY9skVlwjLJhahuaJvdxnkO3Gga/Sc=":{"valueMac":{"type":"Buffer","data":"PowJ26Gu/7+v3mS5u+vbRUCjCYkS1xI971Jil9l1EME="}},"fjLp/nXqOlbl1CYjL1kHqd0Ink9lOe8yZGt/MswmR5I=":{"valueMac":{"type":"Buffer","data":"CQPZkHhAjUMpbpdfnxlOzyHNccNIOSYGVs3UZoPuh/E="}},"hpnoX43x9lqRq5T1Dx6fzuVqs7FdpWngR/pqsjPUGYY=":{"valueMac":{"type":"Buffer","data":"OYt147ySf/+hNXrpa5R2Ll+aRfN1BQLjm6BsgQmL/m4="}},"yjM9r/P+GJXxcNTXW6onnxdDl54Y7KOhFTml7v2e95Q=":{"valueMac":{"type":"Buffer","data":"ABddOz+RuW/LAt4hhXkMxFwBgqZLOK0bvi/ib1PRUBw="}},"x3uyqbGtNxfkiUs6yigNj4cIWbh+KAEeE/qeKlS5rtk=":{"valueMac":{"type":"Buffer","data":"Ao3IVSOMWU388jWA1IBA32/7lVYfvORaw5YtUC2QnKY="}},"yOMCUwDxPXQDepInzqv+VqHLYjP5tsvtIXaLoK+27f4=":{"valueMac":{"type":"Buffer","data":"M2tH95CezwOP7PQFw7TI9uKgKCoDAbYMXLkoInBhPV0="}},"gfve6mpCobExHeYJ37uGwEOIEP9B35NVxInUdgmo080=":{"valueMac":{"type":"Buffer","data":"RGyzafjG0E5wJtUtxbFXb41jKzGx2EH0XFQ6WlTlyc4="}},"JqIh18tH5ytg3NQ6QcOwkbIUzKijt7/AMOrB1vO0vMs=":{"valueMac":{"type":"Buffer","data":"9WUMMxM6POK/yt/uX7iwH28QAGkPjgaB3pyISqHY/FE="}},"7oPwJpka+JMPOq5i/q6CzceR3mE9v2i3+r6shSBvDso=":{"valueMac":{"type":"Buffer","data":"c+VT20xbk3LFBEKbR05Awths9jEQeIW4QmEbHqNVOQc="}},"9mKVLJlaUvaNpwRha9DfAlChqBqYlzDRWRses9QaEwY=":{"valueMac":{"type":"Buffer","data":"vOZqhODaA7b6tUggG8mdpzVqjQa85k9GKoSm4xfiwYk="}},"Ll74lXdQzgii0ktPNi9nTBly9553F/Ww2+3VRW891LQ=":{"valueMac":{"type":"Buffer","data":"3z/vyxpWj+DSgpSQ05zt3YkcHX/HQjGng2l+tpGbjdI="}},"nYKBHPMBTwLme+oUJueQ96Pe46J2f+hfP1Ackm7Rpdw=":{"valueMac":{"type":"Buffer","data":"hKQoij4QzP307lovOgLn30fEO+UvlEyodlfzEIP44i4="}},"+5ie1Ij7qsPYNr2fmL7jduBrCrjHpqcuNQ/e0lBhOow=":{"valueMac":{"type":"Buffer","data":"VJhsiX69wC3UO2CecDm64LVANMDALjSEfq2CRpXdYAk="}},"AdDGS9HF+VAwf6YKaWgq3AI9CpxxOs7RJ9Vzd+n9Nt0=":{"valueMac":{"type":"Buffer","data":"f6iZU/EgF1zHKGCvTCIGe+smW9D1UVyxpySEEwz3w68="}},"xg4IRX0NK+y2Qqh7RFBDgv78IrVfHSRQhb6Jgc1wKck=":{"valueMac":{"type":"Buffer","data":"lqtWDl0ivjiLEvsltex9aUIHQ6E5AbTfhiAoSsICcLc="}},"4t7n1CNaNnRkiFXHQNvulAON+Y99Duxt7M0uODT/W/U=":{"valueMac":{"type":"Buffer","data":"0zDZiKOoYjEyXTVZBaaLAVXi+0JbnJgT3PY6I3+4FEw="}},"HWjGxUHX8ub+1t++LcMOPCMDG3BBh41TaVQaLeDgjAg=":{"valueMac":{"type":"Buffer","data":"qZxDWt3+bDhkss6V0G4ycDwnTBjloSGAHAp1qmOCuSc="}},"cNOayNFB00j/uY+iOG1vDTSzmTv+4BJwYk8UNJI6gHU=":{"valueMac":{"type":"Buffer","data":"T+8KohIEGQGBlOwHUm8wvSx7wYfjNSZDP5mcQtDRvGc="}},"i1pjq8HaT/edjOfxqCyTxiHwZ+R76z2oNAon4hdJO9o=":{"valueMac":{"type":"Buffer","data":"m/SsmwiqysS/LlGEUNRr8mKRbpaV5fb6h0Ob/sl6KF8="}},"pOqWjkaoyiduu4niQE/iywz6E4LS4ibVNNT71s2nevA=":{"valueMac":{"type":"Buffer","data":"sxpjebxK1MUumYQhaoxQoxzRIFa+rmHEqdDltebdJWk="}},"GbQYg/KNZW3FWrb1d64t6lfBDv4/gJOUiOMuxoqnOcc=":{"valueMac":{"type":"Buffer","data":"1CBU8s6qsT4hCJzsNAB+1sV6GQIQR3i+mHboHkqxrR8="}},"F2zcRaDT28Q0Q4TOwHOshkM69Av7l4Hi8H18n0VoZqQ=":{"valueMac":{"type":"Buffer","data":"EvWb6DWVKyghZBAbz2wMz+MiVWP/xfoydi30xXXVUzI="}},"Tn8QT1uwg0qVI6WbrM9xjd1KiUFyJfUXNfR8C/M/zvY=":{"valueMac":{"type":"Buffer","data":"JqYtA5oKBOi6JHxVsLudiae9dRYjqjaRqpiPc6uEn38="}},"gXLBCJJWbuvdYVioUtSF8tm6YwP6uR7S7qCR2CyX2xA=":{"valueMac":{"type":"Buffer","data":"gkgjEB8Ezd+Jqc4jG3j5frR6wJRguHnN2mkQEpn4L8o="}},"e1fCn8SVftx9lL7sVADUmCrNJF4NrumJQKNIwatXZIM=":{"valueMac":{"type":"Buffer","data":"Kmq57rsSe8sufjl4k9P7o6n51A6U/TX2KQGXaYh8f1Q="}},"CFrKEJZcd7KUmzpI7ryrO9eC6zDtarWhpQJcYbVLM5s=":{"valueMac":{"type":"Buffer","data":"Sq+CVPUPABhcQo/Op4FpSaEIRWiJPRkIgjlZaMUcVvw="}},"2Lplk0tKtsQDHBgisUzloaU4+MX/KW4B9OqmbFGqOpw=":{"valueMac":{"type":"Buffer","data":"0lvawRtwqmdIDBwvP/dCAGbfGXCd8EJfWcWVbAPrSpc="}},"0j00dhgh/T6Ofgg38fEcUs5JYCQTj4IlEZqt7zUQr8g=":{"valueMac":{"type":"Buffer","data":"SFr+syfnwMrxpxQ13MRBxV+1Ek0beX4zglL5nRYzfAI="}},"0yqc24qd8VhdlL5XYwbUjCNpyzQzk/k20zJ0QgzLFmI=":{"valueMac":{"type":"Buffer","data":"QVvTnzgLq5N5w7+YlVNBO1/VLqhuak2HqgHjFMLG5KU="}},"5U2Sogw5dBnuvKsNhj9hJ2fWv4aex+0jwLWrmGEjzn0=":{"valueMac":{"type":"Buffer","data":"okeKSfUk1hPAh0rI1aMvUCy6jdKjvqLSSvjaF/MbL6Y="}},"npmXjX/6ITE7A6HSbgeU8nt/26JOMaJAZcgT1O6XmSc=":{"valueMac":{"type":"Buffer","data":"eUajeio1XPCju8dIKCYaZS8nnUAL5vqoP5Q5bwRuKb8="}},"bkm9kC1oJi/R7Z1zusa7pW2jqWGQS/VDzx8pev9JU8k=":{"valueMac":{"type":"Buffer","data":"TxQ/qhD7JzUfVLXkVpNBgT/jPFpmanTh+HAwLEVEuwg="}},"mTCkxHVecuelrBhH9mVFchZrBcYVNqbD2rJEY6L3034=":{"valueMac":{"type":"Buffer","data":"fb0amcZTtNt81BAjxspF2kZ8og3PqApqy6622OOqVos="}},"dwu0sLwHhXM9BOhHyp+ddVa6Y+J4i4xlyNB2OkG1XrI=":{"valueMac":{"type":"Buffer","data":"Gs5sugljqnkD3rOgotOknWroO1H2riZDDQPQVhuThb0="}},"BqiGRhO2a1Nia2MdcFejT1jGEAETEs/aWlpdmnL4W80=":{"valueMac":{"type":"Buffer","data":"kJqdXAKODx5q/y1xjBJE9MIur2OkfQ27Tq2uQMLM8do="}},"18Cs6gkKmRXJI7pYQT0HqxOnTZCQ/hGOJAeu86R9S0E=":{"valueMac":{"type":"Buffer","data":"DzQvD+6EWHuDKcMRBZHvzPJb1BnpYFz+kDR/AU13Fk4="}},"yhSGcJJgG5XrJt+6Vf8sZzzS+pQ4bky8+DO31CJb83E=":{"valueMac":{"type":"Buffer","data":"3FDx9d+VtHiPPfJOMPQP1wF6tcXSWTCMMxXja4fBPhY="}},"zRllPMMFZ48xYjFkD8Bbd98WuoxbmoX2lM59N5Gz+og=":{"valueMac":{"type":"Buffer","data":"NEbOdB1auuWg9uSQrRNoV6bYnVXBnlHIfajX8S0+q0Y="}},"U4LQqI1BDGqvrzNi4nP5ZrVQZ9EWhCbcm9xttrS+K80=":{"valueMac":{"type":"Buffer","data":"SB3s8Pwy5/DFaZvHS1lBwgg8ms9ZS7Z+0ukVZgpROek="}},"RhkO83obQAqzH2Y9YPbS9dBXzr9Uv2ycGemsoA5vH2o=":{"valueMac":{"type":"Buffer","data":"Tg4Qcbt/FIBy+D6h3XhQwx5dkP7NG74donEHdB5kLoY="}},"phHemRGYsWrmrpnhvsW9rIb4rX4lpDfy/tRGU9QjCV4=":{"valueMac":{"type":"Buffer","data":"cl2HXUsSUHlPP/pkW+X4WaLmfIfR3d/j4wE1QcxggEQ="}},"p/ysfOr10pY/S5Qk+NmvyVRcX14LHVDFWLgjMs0no78=":{"valueMac":{"type":"Buffer","data":"NfM/ot1AHtPVgdtbYVyCMCM0/Yl3kMeS8zH6ZtVP7Qc="}},"87OIkkcXH/UdZwHXL2FTMlYA/xKc+am8JEaCThC9PXM=":{"valueMac":{"type":"Buffer","data":"6QxQuBGSDgPRMi8WWhYYfEjSXj+txuvTuW/LtaovwMk="}},"wZELimuApwYiNC9Ws1GPiqUenuW4oKniwKPUia26ma4=":{"valueMac":{"type":"Buffer","data":"p5zAaw1DNl9HqrgLDsjJ0udhoyc7BGSnFDLeC/k0Hqc="}},"Z5BShkd1AYoHLgyDEVPPsx0+cY6boYqxOzx9eZvwqNI=":{"valueMac":{"type":"Buffer","data":"ngWBMSF+DmND6gte0mC2C+2F2JTcw0Cd66Pv4qvDaDA="}},"DeDHqcMyzSys0D5YilQMoKZtZ1DvbVVC48JUrGIERZs=":{"valueMac":{"type":"Buffer","data":"Sp8Nv6eJ1/yy/c2WzUEazMwfAIWO/2lJTQjys1E6egE="}},"oNHVEx6cnO8vEqmjnhpMmiDgTvN6PIfBtS0qJl0k8eU=":{"valueMac":{"type":"Buffer","data":"GgythGnr6VeFGFHEAVeWOQ2XCnjiXEyxoWgyikyU6Xk="}},"hTyCIvSPET/47juGncd9qxHrntIFCMaXoS4wkh9Qd+M=":{"valueMac":{"type":"Buffer","data":"EJS3Vt0ZDSbwKZJM/AtcmLrn0Ydc4IimfTb8wegR5Wo="}},"kCO0+I4iI7hF3mY0opPSgz5PMnk+fC5BOIOuuExy9yE=":{"valueMac":{"type":"Buffer","data":"IXPJZzwglPw4hlL2gqetAqABrZHCWYGUd/5jb7CPfgc="}},"os5AzJfzcC5IpLfPK24shRYuwXmhhA6gw3XSNuSNOu0=":{"valueMac":{"type":"Buffer","data":"BAbTnXnxs0jNeakVJOszGwX+vuh9P+VzqR426GgNly4="}},"y0ZC2e5mTgEHnDT7HgZPW0EjIT1hRyCIFH/VpHArZOk=":{"valueMac":{"type":"Buffer","data":"AQ8I6kUEr9U2QEu/5izNT+usB+07PAd96BA7qv0Z6vM="}},"mw3+FxUqhsp10/rNwQOooUkM/6z3cB2a5RPfYQVZL8g=":{"valueMac":{"type":"Buffer","data":"QFBtZQV+sSH+qV9UWYGbLEwbBGGBaOqWOEFlgLMM9Kk="}},"xFXWxvtUkXb9OU5mdTycsqF9PJEzEd7oOTo6r+OTlBU=":{"valueMac":{"type":"Buffer","data":"1MO33uGFBFdPZ59s7icedH/dVtht0CIPrXinKE9BUb8="}},"D9Bx9fSinDVafHrPd9/rS/paEocOmY49vErBJ31YM04=":{"valueMac":{"type":"Buffer","data":"sLi1PRgVlOSXYlng17eH4lL4h3xyTkFlAJob+ujjltw="}},"R8/8wfJtz1fAar/sESTTs3fXdBplFFFdJGuAuEtckZQ=":{"valueMac":{"type":"Buffer","data":"X/Sj8gH/Rf9xBlE+RwWB4NsyE3hjcqIJDQsWOLlG2Zk="}},"LgbhGiyVbA9qc4LBh2yhE0qg/ww5Jj2y0Rw//0J1b2Q=":{"valueMac":{"type":"Buffer","data":"enoT0yv0t49chgGCrOtjDwqDXIcIWk9OPC31MMwIG1o="}},"QrVzmwUMhtUEQVTN9j0ApMM/IZnDPsgLi3WmVsJK/VA=":{"valueMac":{"type":"Buffer","data":"WQneYVytijlria0s/mR67GnaMR6jUPqi6l/Eo0QbsT0="}},"/ZDUlXGG9PTR1geCcmFd+zqj1yVRNoEUHcZwXuZjZZo=":{"valueMac":{"type":"Buffer","data":"he5qg/qrzpDxndzCdFZaM4NJFsm5uRcEUXh0QEJpIkA="}},"zVcbIZjG9srFQswTFcBfWJiI7BSdJ3UL4JsWj2dhy2w=":{"valueMac":{"type":"Buffer","data":"qTTj68YTUQynYQHSOvCdo0BN/z9nC74ccrnI+TDI+Ho="}},"l/4UdckN+gIBB5ebOAjdnQSQGmu2lt9QsuQ6lIbDpwQ=":{"valueMac":{"type":"Buffer","data":"oHnf/GASu/gBQiTetMZabFXaCYt72AOf2yhtgAS/kMY="}},"ZdCZ0d5WPJXs58I6Bpe16kvuBdKq9r894TubmCsfbgQ=":{"valueMac":{"type":"Buffer","data":"85rvAnmzBuU5BGM7/T6ag/2USHUpfFqFJeTsu5vvLTo="}},"vjOkF+m933avi+JIZBBNO2QnG4No8/FXtiojD3+gIvo=":{"valueMac":{"type":"Buffer","data":"I9gupGXBG8x9JhO8osYaWtyzKPRVOHFT+uaIz/uxRWc="}},"ZXTPfQiK8kbls4zm57k5hcRVvPQFd42ZhOYkCY1KwUA=":{"valueMac":{"type":"Buffer","data":"HMtMml2Vye3h+QFa+HxsHYgFBIkdJrIaJ6IC9AUe0iE="}},"r3Ko2kJXU3aImSTJCMvZaKa5DF3JWeYPbVkCRr/RlSY=":{"valueMac":{"type":"Buffer","data":"eItFuLBu/svcZB0MvGNbupVmoI2QDFp6ziGJ+AagKqU="}},"8RziBWG3PcfUgmwSK7+OsALcZ0OyiBA/6KqljNFn9jg=":{"valueMac":{"type":"Buffer","data":"IFwNnGVLT+PathF7T7FwUOFONm0hCsqh0k7yQMJJ8lw="}},"hVO2LW7vnqh0yxnkoEg/783GJ+Bmn7F3BVrwrD67IFY=":{"valueMac":{"type":"Buffer","data":"1iB6fzrXokKuStWrHxAqWBRzrdvdt4DukFuSs5R03R0="}},"8846oFUR1vF82MYV2mOd0BcMHadpv+xALuz9tlZOp9Y=":{"valueMac":{"type":"Buffer","data":"jtq/FdiXzyk3Y2QAbL3cq4oet5Z4N7DnT7DLb/RlyLc="}},"PbtYoTJiI9os15ZZT5NRLdBgCH+ezV2e+5hXPyuhS4w=":{"valueMac":{"type":"Buffer","data":"yfO38Zh+0x+gWHjdDtSQFPj3ymjZfAd4DBjevAqPEHo="}},"17uyyTMGKRtjGPzALCd4DrfZXRD/cIM7glhMK2YeleQ=":{"valueMac":{"type":"Buffer","data":"MeBwCN0QrL0daClIpdX/HPqrNqq5fMMyiU6ajzbiQxc="}},"taSJMFIHHE3XCAgVz/J9hjhAufQTz0LMuoKkFFFdLHQ=":{"valueMac":{"type":"Buffer","data":"hcpuCb6HvN3pdxZVDzCJ7F8ONvVrhiSZBYnusoUKPEg="}},"kOYQ7/ALHqEheJXsl3wAvC33Ng83J06nRFGTn8ZBgDs=":{"valueMac":{"type":"Buffer","data":"MJNI2TQMk2YiUryyYyAoZhgvxGhxMi4FMv2LHRXBl9w="}},"A+n44U+lTGhFDmt0y061SmbpKowe/b5CyCyFMtgYX9I=":{"valueMac":{"type":"Buffer","data":"ih5M9Ys0fYEkQrt8ogkRJIdY6B0Gx2SnuMg45PRUDlI="}},"A/+WeRSqDuxOWeGa3GWNWZhh4QAh59EuuH9gD9bwqco=":{"valueMac":{"type":"Buffer","data":"1fbNzYw2caL9XAWkB+kkhQ8pgvXEUCXaFtjRWJVX3gA="}},"Qy1EwCmHMMEClY6uvj9i1bAqCqQzaHIGBUYZztBKcDU=":{"valueMac":{"type":"Buffer","data":"/8TzoDteMOdCNSXoDm5o9xm/M+VvvtZcCERPfTdrNdw="}},"l6JOW9DCZYFwLkXpiSx6cmedLkSFgwzpbFHs431xYmw=":{"valueMac":{"type":"Buffer","data":"psczzpWo+3CfD/RgLrfboqaGV6985kVFtggHwsliLrg="}},"vczROHlSV90dl+7E+rjNGQNDSXFYo6uV5CLatEJg5/Q=":{"valueMac":{"type":"Buffer","data":"fz2z1Ho9PoD20sQXJy4k4RdjeTVIkl9xs3SSkr2mK3c="}},"HaCDjPM4dL2SDTSHB2NLYl1F0xGnKBn/Rd+eRd301I4=":{"valueMac":{"type":"Buffer","data":"ziXmupGkGuP/3XsRSBkSx5YBiyDdNeI5aLtFtAS+n4Y="}},"GuSkoKVsqectFfUg5ziMfQwMpP3fIQvpTOL2noUr4Fc=":{"valueMac":{"type":"Buffer","data":"w59e7dGmaw0XPINyBNGq3BrhOI0YCpV6pKoM+hLfako="}},"0K43M9D64xEWAukOCMd7G4iKLtu2X6nXdtQANXw85EY=":{"valueMac":{"type":"Buffer","data":"7fusxCf405LbTMNqD3eLX96EIKFOJdPLHLj8dsuMiFk="}},"5mBDFtjDLw3zwpcsluKuz3YAoMX1aS0ZuP7TTtUnQI0=":{"valueMac":{"type":"Buffer","data":"xOQVjMSzwqrxUdNVpA9nLm1MV76ljF6YNopty3hD2zs="}},"aTL9i1J/99ZHOHtQstGEYjImRy/bH6dJ7lvJz2SMLnI=":{"valueMac":{"type":"Buffer","data":"+DjF0LqUJAJg18D3ilJCxSdsF3icsJYhVbDU9v3Vcjg="}},"9glp8ey8FhJpKKH0Ez2TeaZSmeyOs706v7Bin34zh0M=":{"valueMac":{"type":"Buffer","data":"FiREVu951MQUA3kByO9nbXYFYuZ5ZLd1LkR1PF9xFpE="}},"2OEXoo+eHVN5ja/Xs/wG2Sd1pKGGWAAV1Qxx2tw+IFs=":{"valueMac":{"type":"Buffer","data":"iBjAXtiE1AeDll7ztFQ7GUnRUskW2Mnszo1K7wc6gxY="}},"W/xNavhgZgSI5kJsgyefSB/uxr5Vil3Nh/UvcOMO6Ec=":{"valueMac":{"type":"Buffer","data":"6rYSXz83wV5QMXdweqFuy6S5kKhVVqwVMTkDo56+0zo="}},"Cz9Lup5uyXcHdpoZo3DqZ+2OOZVBlFgMqXPBvCIKov0=":{"valueMac":{"type":"Buffer","data":"p8zJXye3Pfmq970TNBuXeyO0ZrifgICG6Ar7gBiTrpc="}},"QEKVQUiNqKzssv0boaSbskbyefi+7nyZv63NqipsymY=":{"valueMac":{"type":"Buffer","data":"tTpJBF3YqYNHeckiDMy7AQXjpI0FxWmGBaLfTODbrxk="}},"RlgpMEqME8jg18z8REEVzRjaPY3lPwBl2wdr9SCW8rk=":{"valueMac":{"type":"Buffer","data":"e2Uk5myFB387E2JODvNVrmE5yQ3qT0bOwH1UCdSDk9I="}},"Ee8E+44uEaGKyHM/4o2PrkmZUafMIKv2X3kVmiiak7k=":{"valueMac":{"type":"Buffer","data":"p9xpToP5VBiktPS7ZU85MIGAHm5RMaG4YFheBnljROc="}},"uVokFKI13Zfjf5ELp9J0WIIjKUHHv0Qh1VxKwvVbt2E=":{"valueMac":{"type":"Buffer","data":"hSnoiFHbrogINEsQjQwwD7PYUE5wwSQMcLCl5NbO7Wc="}},"cIY3TUKCT/DWr7nPitvrKFLxIiRDoZrysyE/xdN7m0g=":{"valueMac":{"type":"Buffer","data":"lG4rLgLJ77ziQrkak3tYpQjJ9pnjpx7SLdodFZfyRrE="}},"Vr+MXk5HJ4eerGF++gXa1mkwUVTIGtT63h+6J/13rpE=":{"valueMac":{"type":"Buffer","data":"JYxoxwXp8eJRQEde30fImMtlXk7e/l2Hu4rwrRlatCM="}},"fkE9qK0YHxclWwHL+bkYWnnSU11peuBHW/iKowpbXso=":{"valueMac":{"type":"Buffer","data":"p36bVTzRZltPLenwSQYV2zex1qOI6HfUQN4W9LkJbRI="}},"YbBjpZvTu3f6N8mpq1kUbfwGeydXGUzx6bRf3fleeHE=":{"valueMac":{"type":"Buffer","data":"HbkFK6VOfmStLUEjjVy0j4enDV3JU5HKHBbW8f+IDCs="}},"J/LlHwm6vEeOXDl1Os5v8QAOnZXsMa7HTg0R9BL0LFQ=":{"valueMac":{"type":"Buffer","data":"ap7s6LtyPR1Yq2xAW2QpiB2a3CNEnIzHSe5h6q8ccVs="}},"na6q4AJCN3KzGww1cR4S47uAozO4vIO35yzYDVpvEho=":{"valueMac":{"type":"Buffer","data":"mf8BO66yxOpKDW5CRlyHV6YiGD+Tu9T3+9vb/nhbquU="}},"GkLX9e0S6ig41So7JoY4QElNy+8XEERgiz4pBXJGgzw=":{"valueMac":{"type":"Buffer","data":"HpfnRG5HM7Uh5leSUf8uQWPQW6cqvK9D/fP6w4zZ1KQ="}},"/lWlcsB4iX+AIljeBh6uwQFquM8HonWdCxkwhYjMW9M=":{"valueMac":{"type":"Buffer","data":"NRnJR3f3AzQ9Nc2xyAgnHnJCi/6o4qms5AkSGRFMYPk="}},"1CRDr2nmaGmnoCspkJFhMbyhhI9O0+WY89YYxhzh1Bg=":{"valueMac":{"type":"Buffer","data":"u4Tc6VGL98r+eY6ZK14k7aJnkIXSwO+5s9GmQMwEvLo="}},"EpzKlhslLHyvIwSd1gIMLSX720FjyJf6gXTrXXDL8nE=":{"valueMac":{"type":"Buffer","data":"alCP6YZzrzwklW//xSaKZ5+1EsAhP20sJAoyM/bnUSU="}},"517wvNfZuq4Wfd6BkGCQeuky1GsvhwmNd8TGYek4QQc=":{"valueMac":{"type":"Buffer","data":"G0NX8t2B50D182NqBNXwKDsHjCIIYoCVDn73sjVdsuc="}},"v0aqmzU7YPC5DCFYasw3p6AuzbbRwS/iFWIMt8u4Br4=":{"valueMac":{"type":"Buffer","data":"jhEyLQ2zC/lIHeSR/ITSFqaqyAw3+fql2kJJlN5PJFE="}},"fRF6LjjNaz1AJbRWvr9VuOoVtsCSTabMcG26JWBcI8k=":{"valueMac":{"type":"Buffer","data":"Vev8S9nOCpkw9BiScCQty+3ZBnY/O2JJnca13jjHT6k="}},"7J4YNqOL4IKPPSLI0Yi5OyRZ59qSzm+J7d3MiQNezCs=":{"valueMac":{"type":"Buffer","data":"zQ6+9IgtLN04DXEGohQ7mD0k5n3Tudnki/3vKJtVfA0="}},"US1Bcd9ITZNGZB8Q7nZYECYUfOP3/rpOzpgDsn8C84g=":{"valueMac":{"type":"Buffer","data":"rGR9zbPHGmHDUWABjQr+YAgOHgQOR3mF9aj8ziw6lcg="}},"Neio8etCZgO1/ymYvfUwpcIRggTRL6/xWjL9yhu4+oY=":{"valueMac":{"type":"Buffer","data":"LEJ/hRSbiHER2b6hapALBolizrFStPRNxIiu6PX+gII="}},"UphOYN712XseX7ivfHEPxpzqMLhOJdmiyUGtVOmAGrE=":{"valueMac":{"type":"Buffer","data":"7QvaO3vkpa5y5S2nxgAMPvNLUbnJ3hDpB1g8P+lDmtc="}},"/y3JWd4WhaVGOoI592fy2W1j7PpqomfCThGpNbUYK6E=":{"valueMac":{"type":"Buffer","data":"6JGYrZfi2d00Q7DX6tDBPBJBTobj403R0koHLhZeCS0="}},"Ub8rMvrMorEWcboftXFxtaNG7IgSlb7wtG4OoMRWetY=":{"valueMac":{"type":"Buffer","data":"I2XtqK0hL5yvMLj5t38+ORLvET3+OZQQ34Lt4JZ/Wa0="}},"Ficv/En0YDsQbxjB6gKQzRoxgqfN8SeeWB3EzkfZpMg=":{"valueMac":{"type":"Buffer","data":"/AWSpc1KRR4Lwez9ANxuF6Wg28DGmNq37ZftxO7h2I8="}},"yvUrE8oAnhPW4ZFTkJmFkHF5pCRgBgt6ZTAeDB6SK6s=":{"valueMac":{"type":"Buffer","data":"XHsXNrn+03cwj3dtTrFJG3MeEvAJn2EPrAwu549i8/w="}},"tN+hwzPoVjI9M7dVZRPyKB9h3GZKyXBoimEqA8iZ0pU=":{"valueMac":{"type":"Buffer","data":"Kw2L4tMxyGc7Lscz10vFdZt1khdcs5WR3UMShGB1U2c="}},"n9OSOWzrVqH2M8e8JSqmdDMjWJJF/Jx0uKkV34uktMI=":{"valueMac":{"type":"Buffer","data":"c8Lk36GNFWQJ0lAKFM0NqL1HpJRuk9D9RSom9uhzCQE="}},"vBMqiMV7eFV0Q8k76tyLc4TsVAmyNLXCY8SwrN+Mqjs=":{"valueMac":{"type":"Buffer","data":"z81RmusKH1DrKMX5PHNdRhSq3KFQag0kpjzK1cTpD3k="}},"RvUQBehckWVoIeXNDW5RHr8tIt4SNql+aqIPC7awhOc=":{"valueMac":{"type":"Buffer","data":"PdkI7SjRYQ23UadD9ujWP4VM+Tp9f9qskthSlwynmDQ="}},"i9zD52E2DiT/Y6Rhbcc/7ze5mbFVwysvucKjvX5gyL4=":{"valueMac":{"type":"Buffer","data":"gvh24NmUdY2IifjfqYhzFcaDothsqANG90U+MwX/O+s="}},"xLSxxUI6HEbLfUJId/6dKGUrkHxQIAK7RgPmpJ1Z2sQ=":{"valueMac":{"type":"Buffer","data":"/cpATnGmQUO50RcAqdvWzzL4Ka157Omf2Qw1kTAcA6o="}},"+IKIFSiMBz3HXftVp1yp4L+Uv+JYcURQeC9C6mgkOg4=":{"valueMac":{"type":"Buffer","data":"bG6VrxyinykVOA06+NYKHC9/DagxvpsFIp8PWPz/ZnA="}},"sOTDyuhufzZ5yEG9xkao30W8YWp8lrRiDwFdO4aRRVI=":{"valueMac":{"type":"Buffer","data":"YHNNVvjy8j98ah0x9vMJl7R/TKiGLbiFSwVrtO4W810="}},"nU64iIJrpl5k88fcUKK2Mj4zbmdRW201Sm+DHP4U0Wc=":{"valueMac":{"type":"Buffer","data":"H1uFxSnYrT/r2aYLJIpDPtIssT5v37Pao7TJT2xbHeM="}},"jAXRa5rBRU10z0lIjJtSnm1l8Ck9FKaumvJLIRO0CIM=":{"valueMac":{"type":"Buffer","data":"6Smuc97+vPqVSXXTDWHDPFLwKCqFwP+Q3h4mkK6IrTA="}},"9YJaeIjWkcsBb+iWY2gu/RSnxStUmFglDalZVD+2B/I=":{"valueMac":{"type":"Buffer","data":"gpzSsEKDNTXPoWzUNnLV2OFceAtIMBFWVPjH1jv4bno="}},"7aWh9UrumxgKhXYLFS+WceEaxup2wSeBLR6t0skEQzY=":{"valueMac":{"type":"Buffer","data":"ON4cTRnVBaLGsZPHxZid+AuG6e4adIY/41oWlzWXFmA="}},"CjCWzapOVC5K3ozLPWFGzSyyC2jhmQ979Jhcj1uwNn4=":{"valueMac":{"type":"Buffer","data":"qdRoM0tOmCACCegCneR09xuT9OkTqyytg6gFMWb0WG8="}},"WPt30Yy9FChvT96ticl2O837I19gQN6C+AUQ9FLW6gk=":{"valueMac":{"type":"Buffer","data":"VQ2jlbu4zRbT1OTuWyfj6OJNfhM/gvlbFV81QZoC1Jg="}},"oSxT+B6DzZMSyP9xBkLFxLzHgEowfikwg6ZJe2EmtvA=":{"valueMac":{"type":"Buffer","data":"7q1+t5aH3fchjwJbVEtvb22hzDip5qgoDPEN8GPi/bo="}},"ZUlWKIklkgGlP4GZsplqx6rnDduoiuc4nr59lhRGQiw=":{"valueMac":{"type":"Buffer","data":"+6DrMv/d0Q0QT6dcr1MaayVvPigNeUT/n5lGmRnYma0="}},"HWJbLuiH63wPrL/IaVIbjLROHI+iRyq8lcWYxndrWT0=":{"valueMac":{"type":"Buffer","data":"0oI+h4HxnxxhJrHnBONATAhkNSfSoz4LTAfxWy+tPOY="}},"xvYPPOSQ4hK8gPORS7zpGoUEa5APVHPycbzNG8cd6Jg=":{"valueMac":{"type":"Buffer","data":"5obkjpaPs5qAXuUmzugxLsIGiCiGEfc3Po13IpjfHyQ="}},"Wp2y0bpvQAZeuV740pqYbTS6c3sUkxJYcI7YgrTVF98=":{"valueMac":{"type":"Buffer","data":"gSp6GM4sZGBy4n/Xl4pLRwC1B5kNI66T8sjwnylLerM="}},"rkebR1KYdC8IxlbQueqTRLCIWh9fBj4IrXFskkuk7pI=":{"valueMac":{"type":"Buffer","data":"IX51xIcTFodVvr8GDT4sjKsrjyudZUhlNB2PIV4xExo="}},"z04lAF2Rf7E32ASj5GW0YO/kPBiJA/zy0Ds1Rqll01k=":{"valueMac":{"type":"Buffer","data":"v8QoWYkPZn/dC4eum1xK/SHziZZoDw05JWPjjxNaXYo="}},"hPADaYQgF1Oi0sb+OpMcbDWEyO4eRzsiTxF5Y1MZBDY=":{"valueMac":{"type":"Buffer","data":"q9eH1g4D2DNpnACL2KjRK54qrxqlZP/dg4+2K60B8bI="}},"tUTJe7Lkl+HJ4MgD3spKv+kAKmqD6Rh2pVpG9QflNk0=":{"valueMac":{"type":"Buffer","data":"+UDwh7bBL8VgeeONPp3Qfrvp9mLvAh3XVNmfNopnyFw="}},"Q9OtXwTcLAPGJtplpAt+Pl6mzBEndZ3QvPO8zt9NUQI=":{"valueMac":{"type":"Buffer","data":"/bSwYvPMRGcAbUT8lcX6LB7Jov2+urpKItOvoAylCjU="}},"9tRbA22HjskNLL+QDu1CcJEVABeKVkzd/gSsDXBw3oM=":{"valueMac":{"type":"Buffer","data":"py0am3QcfzbR80ZGN8qqSDH541liu95f45WCwk6HFdE="}},"ga+y/h1PsPFNjZnAbSM92Xv2jLIScfZMYeLIQxx4IHI=":{"valueMac":{"type":"Buffer","data":"ihm09XtdRmz9SK+X6qy5ZMlp+uZZyyXzCm8ygG4lUS4="}},"eSwL72ejCgW/qK8CTG6aTo35jpFo39xrDGajk7LDdcs=":{"valueMac":{"type":"Buffer","data":"yk6Npeocqpb1ZC2/7Lb6uyZOI7bQEfcZjrfu5PPjgqQ="}},"QtHeEoTuTAsv93vb6SJUMrDbPXBOZUe9wfmFeSNBOIg=":{"valueMac":{"type":"Buffer","data":"3sP61owSWRURqmGMTHN9FfZ3fdNayOzSe66R2u4pdaM="}},"KYhUvk5O6V33beNm8Cf0n78yu86LSuwXPUgXnZcCDKI=":{"valueMac":{"type":"Buffer","data":"KInZUNCLiLYe3G/b25eXcR/N7DvkqBR0WeKeA46Q+BY="}},"L2yXNr844HTcBpn0inrJr2fP2H15eg9xnwuNsAAC0Ho=":{"valueMac":{"type":"Buffer","data":"5dXLK0RWsgbbiC4htn+4BQRwIWMvvME8aEvaqiM1dR4="}},"YI/vAA9JhP/OjuPOtawmLDJuLfa+Ph3RQ1EKQXPqIZw=":{"valueMac":{"type":"Buffer","data":"2xTdDnE/tsY97j+KWnFpcopJyNjzyfqUKuP1YQXWnyg="}},"n04Fc9AZs+NeedET3xZxqJqRbvCeeGVGGXKIQpTCmRs=":{"valueMac":{"type":"Buffer","data":"gg/DIfjcnctlK89RAJjGvh3IA1dqwyJ8OfLkUK6kzDA="}},"75unRU2xPpv/V2/AyDY7X3rlZoXufkMIg0RMKI9kpDM=":{"valueMac":{"type":"Buffer","data":"E1NevLIXLYLL0pKsgOS26JyqBHRMOzwJWpQGe2iom9Y="}},"clGT1zZs1Hpcrz4RA00FVUfcQbqMD5zPJhq9hlMwy3U=":{"valueMac":{"type":"Buffer","data":"wA1yFM3Kkjqoul4SqR/Ht9ER44i9ERXql+rVSPVyxOo="}},"CJRzv9xFMlaeWoHl5+24//x9a9KIsq+wDezVKM7jebg=":{"valueMac":{"type":"Buffer","data":"J1j0Ccx81WgJUph8vW7mUjS1tcs+xWwr1ieKuKkCqH8="}},"tFViPIe+nCLbsIHwFKHZcNTDDZIr8jCYhBi7y1OYTVc=":{"valueMac":{"type":"Buffer","data":"CxHw/CjFLvvTzXKXrGw7AZRUXfUeoxTf8VWNqqINZ/4="}},"Vqb5syiO1usJSb1SYxaBajTeLS1G1V3rwk1jVXPbDAU=":{"valueMac":{"type":"Buffer","data":"oRpXTMDkbmiAhmQl/eHDD0Q0G/FrZCEoC7QOEfGcsEo="}},"SrK0oTS6aP5mSZn0H3idTMYcHsmbnrpLd/DSkkH5jb8=":{"valueMac":{"type":"Buffer","data":"ee4aAoPFB1Hzo4S9IN76c51P1sDPsOnoMSU94Br/kn8="}},"KUfobWr1aL+y+thbqvMW9kBzbMcff7ZhdN8qoSyPIvs=":{"valueMac":{"type":"Buffer","data":"kDj+YRTV0kRUEAKISW6ao9diMSD7Az+DX1Yj2Fav/ZY="}},"Nzgapjw5BWcnpbV3xTGyQJms3hZ74UUVA+3wAe9Xsqw=":{"valueMac":{"type":"Buffer","data":"SmrHYDlkoT0u5/uRyKfAAySiLgQ32FbcYP9T7JZldbs="}},"r7uFK4Ua0LzwUIi1Muo0hvdGuRR5+RGjS2lGJ+XuFas=":{"valueMac":{"type":"Buffer","data":"a5h7GNFFfKDsv7qp51nN+t7R2aTTWEb0v3Ab3ju2mfg="}},"VwBoVWz8EBRVai63ANNcXu+Wlt4NpZMa8sITLw8l3s4=":{"valueMac":{"type":"Buffer","data":"X/vvHgwmZZuLFpgzCmKhdCemPfKPZMTTQFacWpAdJWg="}},"QkUCHYN1M5KwH3dn6/rpxKNC32kdZTgxqoWE2ZMoeNw=":{"valueMac":{"type":"Buffer","data":"0HYVO8A+bWxi/Y3wis85M9y7sd6lFPbkEtZ8gc4MyN4="}},"O9WsMjIQnZ66OSi02aDmdrGJ2zwLftfzJ3S0MnzHllY=":{"valueMac":{"type":"Buffer","data":"grItjx71pNOA1nVdW0J7CHrZcmEjxMbgd8/mWRzdbKc="}},"weAkY8w54QVD5Vnh1RKeRj6w+N6BP1S2EKKiw8nBLkM=":{"valueMac":{"type":"Buffer","data":"OlmUzBJ+cGo+M3DQnt3eY7Y5x8Z/2bgGdh+WVFCNjWU="}},"xBCg/rMWRA91wnSxwlJob871CvYFAkg3O9Ah4zHDpZ4=":{"valueMac":{"type":"Buffer","data":"aibK6FMTn/rzsXVbO+YSW9XqEp3aoD9M8FOZHRgX0Vc="}},"CxxXTmT4Zxy2jwnP0Z7oYSBLcTxYkFyha6vsjXlTyD4=":{"valueMac":{"type":"Buffer","data":"gNB3vy8ZvAnXtMcw91T8IleBlwBA2sUNXBx80V3Luwg="}},"dAXyf+4lADa1df/Xl49EGG2OuyVhuqdQYuUmdI1uMi4=":{"valueMac":{"type":"Buffer","data":"gj9Vb2iwukTqHSBuLzl+UI36q4d0fstnEC8YM+ryyb0="}},"Ld4bwNVT4tI6LtdhDGlrmCLni3aDmV5yNldGFS+5LpA=":{"valueMac":{"type":"Buffer","data":"lomvaH4UWJ6evq0w1X/dX5LpcbqVcmowuFa9o9ZAE7Q="}},"J2aMliDKo03tGEWr/khLI9cfPS0SfGgLtHkuXyPTdZE=":{"valueMac":{"type":"Buffer","data":"APNJ7GhcyegSsUaES/Bw9JZbbgibiXzdLPhRkDbd9AA="}},"gQ3HiCJpmlzx2EOqP5woZdvYgyaIjsE2eHKl6Svp0I8=":{"valueMac":{"type":"Buffer","data":"HQoJ4izK/KmUXWJ0RPubdCgX5+1wfQgwK4fybza4vDk="}},"BVsAPNyGZrnGZvtCRG4z90gPPFFdhw1d/vb6iKACrJQ=":{"valueMac":{"type":"Buffer","data":"oBKlLuJs0uA0dNZMowlgxnxG3VQHZnZ23vte7WISgSA="}},"wkmvXR+gF9IrqMtJN4xOOnGPzv3GxdyGZ/prlXCKo6Q=":{"valueMac":{"type":"Buffer","data":"PzOsqpL9lsxeYBT2pxQTKvPIXDZJxdXx3bK77VPVVBE="}},"anWDpCX0EsnFyQWB4Gttr6I4TCHKtlQw5DG9oG/tAwI=":{"valueMac":{"type":"Buffer","data":"3q/ZLhqJN/k0dRm68eQNbsTPFcDL5ieJzaXB6cD8vCQ="}},"ILNiHOfT9yvaBRNb6GVNXRWgk3o6BcVbrO54HaPWyfQ=":{"valueMac":{"type":"Buffer","data":"NUqcpnrmzz/Xe3FeUvRNqaV3Idlgpd3rTFGslF+5KXQ="}},"sfOT843/hAzWuYrJnk0Z1Px5oR7yeFQ7+GvVDFdXA2w=":{"valueMac":{"type":"Buffer","data":"7gAg6YE7zPzuF4tv3ub6OZtWcTyyN7bmbA9bdpPVyZ0="}},"7AWYz2NuiZufuInkujt6nVMTo0vNsoHPm/Bb1GqqkhE=":{"valueMac":{"type":"Buffer","data":"gcsg9qNLb3UjsXo4B2B35Z2okCCicrlgwAstEtVDiXM="}},"n+vdSAoE60BjbiTFwWERWJhkU7RBJ5T8qlEyHJo2/k4=":{"valueMac":{"type":"Buffer","data":"0Z/8uVZcYBgRIewjVC7YM/wo4cfftsSAV++tBsvdTPs="}},"0Mihyqiqsg3tNsIeTEvkraKlWmddiEPE5CKz1EB74rs=":{"valueMac":{"type":"Buffer","data":"+GxZw7xeOFBfpZCwAG/ZHGaYlTkhS9SvSc8065IevrQ="}},"G+JBw2eXdD3/5oQ1++G4/ESXvQyCJKogLoJ0RyHlPYE=":{"valueMac":{"type":"Buffer","data":"w9FPEtqDhCeiatcJJW0ccGyA1jz9tCfaQ3GpdJDaGs0="}},"LKvqZQIJKwnDJXM2fjH9O8t8mG83ZKmy/icSFicLj4Q=":{"valueMac":{"type":"Buffer","data":"ch4XDUjoOyrXODaXfvIZ+G5Ro/ADW2E/NAIw6gfnd1k="}},"SazIzMRLgurgrp8AMFLQ5le2MPI7OJW3OdzgOVOdlSU=":{"valueMac":{"type":"Buffer","data":"D3rNt6p47w40os8M459B3sxv6CQ4gPqM4q3hHRZ2f9o="}},"iR/IiAUZ7eKGI1LWscQbujAiO9ZS5bc7e2hGicYsxR4=":{"valueMac":{"type":"Buffer","data":"coWrkRacT4VPI1W4pqH3U/TreaDNy7KRuQ8XuctpB4w="}},"tTnnJNS2/lWn5RDUS/Ps0rbmtvDJDq98WhYqOG5zkmY=":{"valueMac":{"type":"Buffer","data":"Ns1ttQG9dUjB0ZI03iuZ3urLiJE+hOE9bvjgQARUWDs="}},"TTK4DflishOhlykGS8wwZQTiyMmTemARk55xb++LLWU=":{"valueMac":{"type":"Buffer","data":"LsQlJ1O/w0qw8oB2vrBbJ8IdWD47ehuzySe0cWmDwtU="}},"gUthSWCK6fmRFglVOv0gUxHA8QdOD+FIlcRDukUH/R8=":{"valueMac":{"type":"Buffer","data":"Z6BkT/WdSOvL3gAw/+kwVweXsgKkFZeye0tTIMpBJKo="}},"AW/uEDxyAWNzSEd1iTx8t3VTFs/5rz8gtFKKD8FEqSY=":{"valueMac":{"type":"Buffer","data":"dSAhUcY8pz9lv1zkH8AZJxwFcnvElM/UUI6JcuUDPzA="}},"uVi4nbms8fm20u46PB5pfEfJvrhmF7H494efCWrlbPM=":{"valueMac":{"type":"Buffer","data":"uTorNvHQeji2nibQZ0hBHEx4jFgmK2WfB3fIxDReuKo="}},"+DDjgDFi1OWn3djDyTeLx/zEzCyO9IQEDZexhhnA5nQ=":{"valueMac":{"type":"Buffer","data":"fVB954Mo3Z49MHLe+oSFTeAv1tjSs2/R6KcRarKinFk="}},"+WFhI1sfytpESn1MovtqU/rgpcV8UWkAFRJzMzEqZ9A=":{"valueMac":{"type":"Buffer","data":"6aEP9LbUj0MFFC9BSbXM8mxZLANwWERpXO2PrAvwSYs="}},"bsP+Zep/vTtTs7XPxl7FPK1w21WI7Dfh6I15X4sPqVo=":{"valueMac":{"type":"Buffer","data":"aRclw5e0CnZBk53LgQtR1XjDZ1rXdssKbcpCdATHyOY="}},"05B3qRxVAyTA9ozXxmHcFPT4IaspohrrCYN34kLddRI=":{"valueMac":{"type":"Buffer","data":"xFTkmYpULzQ+i31S1acyI8Fy+3HdlCsb3XRDBvjN9r4="}},"nyhDClXOzXv069hM8NvQ9kfsx4l2h+OObkUFpnofMnc=":{"valueMac":{"type":"Buffer","data":"GIJC3xTfTGJemRB8R2Xk4gbwp6RsbbHz3szEbJ+1ffU="}},"K4UKoOcbsBgzKHKaBIKRuFqL+Eg5oepSjz8gp9Ivl/Q=":{"valueMac":{"type":"Buffer","data":"7guNr54cQGZfaeEKuxv9WtehdR4kbo9z3bhgz8WOu3w="}},"zguxmYEkbscF9XsitDV2LMdLpBMXzbqt4e8EQWZDasM=":{"valueMac":{"type":"Buffer","data":"Y0/7N4ttbOJrevLxREpF5Z0kdkJYToCgNAnpeINflZ4="}},"P0uQsC36p9jV5zkVfNIH0TbbPgFi6r4+rWLKBTK9Tpk=":{"valueMac":{"type":"Buffer","data":"Rd7q9SlzE+ZKTdKIJFShiOfyWfA9DGKZMqB/e+4TY+Y="}},"fE0PyRWGHvgkNJGX+Blg9kuJsuXWNk4TvlMfDXHoumU=":{"valueMac":{"type":"Buffer","data":"hQuBU/SMJeCJzaBtMogdk9+1+NEe1vL48ljE1wZ02F0="}},"9nVOyprjM0U0P+YatPFzlcQGRNzlFBPLpRzrpVXH3Dw=":{"valueMac":{"type":"Buffer","data":"+6sKu65Quvgmtn0+6DUf6g0Miw6n2AgldqTGk657VGY="}},"S2Hxq7ehxwjIIwyMwcdUZ3KBvxiAX5yV2DKHFIU0Cu4=":{"valueMac":{"type":"Buffer","data":"wbQw3Y0LvOzl9SFPh40sUyltEwYPvjrZpmWpJp0ceGk="}},"HBc397GZTQlhqkeCVDZTy+QYNrb3nP8lXfxwtfvO4wc=":{"valueMac":{"type":"Buffer","data":"RqVciGpGMUuwk+6vu7Q77hCn9zlzJYzi7+S7jy802Q0="}},"b+4fSBhYbsbD9bL5IaDokwNmGOnKyYzYC/FY9JzqHj0=":{"valueMac":{"type":"Buffer","data":"mCVGluXL+RrsBHj18H+bjttGzQbOrqB6EEbxR7CejZE="}},"j7H2AERNC0F0xAXl8AYyKOi/NL5PtfqF2Po1If2vYSU=":{"valueMac":{"type":"Buffer","data":"g5FxWRcY+rEYetxmXCxnAZ59kYqPM9ovMUlfP/pGLdQ="}},"hJw/W4ZUi+3jOG+JJq7NAEyVG7iSIzUB9rGMcln6TfY=":{"valueMac":{"type":"Buffer","data":"5HMTQyLO2Xx/SPXyis1LgjbYvCn6CI4ccdl+pkZA78w="}},"6O5gwHBM+weqaTfOCpsaUgJEdvdQyp2eM0787byN/SM=":{"valueMac":{"type":"Buffer","data":"pSTeAyE0s9+ctSUtYaayTNfbqKOZXOb+Dv8y9a7KfLM="}},"Z3mQyqSzQgds48xjo7ud6WHShnZSpdWoDqwTF3DAvJo=":{"valueMac":{"type":"Buffer","data":"E1dfh2DDm4E/CeaFT9z+TbzLLOvV8/cpiVHLtelx4ZA="}},"h+bOhI5wsAUmzRJbPiBh/7X9c+U/5OUSKEoFPz2c9bQ=":{"valueMac":{"type":"Buffer","data":"OrBiwm8G5fDFMTj33GpARKhxikFl7guwrp+ojbcgFEE="}},"dKcwBysRW0da+HuCHHQ+ImM1P9zmAjztJpzoHHNwOBU=":{"valueMac":{"type":"Buffer","data":"mom7ovJ/0NJPwlV8eVtUkBmcMv6WlGo/u15Q9ReaeVA="}},"YTISq9HMRGy95qIb/RHRGNrum5S3e/7TkSf4PXf+ICE=":{"valueMac":{"type":"Buffer","data":"B6F2GUcLyQmq7V1/iuGXIZdgWl4DW9AwmcFkEfDuCIY="}},"ELCHav3Ve+lMNluvK1aoaIhvC0rHDO2tBl1NZ+bR25w=":{"valueMac":{"type":"Buffer","data":"NJ4IxhAci6n4/A/kZLA/HlO+l4hYTAxn0oPoziedl5o="}},"d4GF8XuId23p9PtQGw+uzLB4TyrTPHpf97m632KYHNU=":{"valueMac":{"type":"Buffer","data":"s3UTaWA4p3176Q2sYWtkt4yto9jFehnGKlNwtpi6saI="}},"8FNktY0EhdiX4VrTdK3IDeV1AixFbXPqTAyLxmDu0GA=":{"valueMac":{"type":"Buffer","data":"pEhHATOB7hlFdkLDHOTQD/3XXSVmr4jcZkMlBP1QrDY="}},"HvrTwKF3Wq+4wSc77sjKVax0KW0uwC2tbcv1Q/IoYAU=":{"valueMac":{"type":"Buffer","data":"xU6rkEQ/u4Y8bpoHWk0ZlVElwI4AZEBeOh+zc9M6ZTo="}},"SD5gvPTJyPD3KSX8A3rfklUCKD2wt4YRd5eHcPsz3Rs=":{"valueMac":{"type":"Buffer","data":"0IOOiVCP4qQD33JyqLtKzsbjsbvEl1DfLGyDkDI6yts="}},"uIhhhzQUIVVVLzDPW5hL5sYykBf89Q6hYfcA4gjJwUo=":{"valueMac":{"type":"Buffer","data":"xRLAW8Ywln2z8UoxBGqCrhXCYOymaiGOPXlXsTNczOo="}},"xb64nRCWPpD06BYH3zaSJ7t7xeUtDZ2VT24ako11F+4=":{"valueMac":{"type":"Buffer","data":"Mb+0lTr1jc2qQohZ5VWLxfMERlMmrPQuuGvc9cQrgm4="}},"i9AWlydh5tcdsZV6i8RRPnQgKyVVqchAnANwRafAJ4E=":{"valueMac":{"type":"Buffer","data":"hOCnnUoDyIVmPqFAqWgcEwyqCbWgnR2wSb1XlDXD9ac="}},"AjKct5U2FF4X/9edvMhodHFe3bWnn3kS/2LcQ9372SI=":{"valueMac":{"type":"Buffer","data":"gv0+/SZCqchKEt3uFY/hskEfyJQhGRCa4mgLs69C4GQ="}},"p5gnbYaIY6QYbfLw1hoQ25BRjJpAdfy1lTNWSqvryXQ=":{"valueMac":{"type":"Buffer","data":"1n6KEYO2KzupIkv9Sf0cjsYBa2j3B4pjfxG92WMA1Wc="}},"mWTo6VigUBXaUWVPbnYmrIpnRMfSo7kJz3TyZFI03gI=":{"valueMac":{"type":"Buffer","data":"qHhovzfpaOiW9RWDqotDPsbSVquFi7dWUPSJgGOFRPo="}},"FxplgRXVzNqtuaR2Fsm20LSzcV+McfRxn09/u2Bkcbg=":{"valueMac":{"type":"Buffer","data":"+veMAq+LgBPSqPWcDlVz3/CRTR1ec3mnPAw8FKsCf0I="}},"P+Bkhv6YDmeLVz075XAEzQC6jLG2LhF8PqlHtL8KW1c=":{"valueMac":{"type":"Buffer","data":"0YHC6+MnjSvR2Ejh4TEpBQse7IkHkMt/WtKusLFxw30="}},"zERg/DuveR+9ddMpTZYQ3K9yIlUFK5x85JPFaZw9eAg=":{"valueMac":{"type":"Buffer","data":"jskleurw3P6cwWEnQK8mgH/cYFQygIgvdWXMEmiG7Zs="}},"VS6rKjbm1Gjm/m2a+16S3zp/2xNBvhoCnr5Fr2guWxc=":{"valueMac":{"type":"Buffer","data":"/PmalGAsI3hreRp5m3NxrZXRM/UtkQ3CNvrHVAl6t7U="}},"85xxIN0qTszb0aKBKDboODcalLotkdqoYp4mGF+ZB7A=":{"valueMac":{"type":"Buffer","data":"gn3JT+qrq7uIPHRH5P1zk5zWo8H1+rqe3CwSA6GzmmA="}},"pNIn+LsQdEymlKAVsqxxq1xJfPnWnNs+/S6CXd1tvUI=":{"valueMac":{"type":"Buffer","data":"RD7vu91p2oDnX6B5m75oHFEkaAgK7u8acMH5y6FL9Hw="}},"lY0dfPms4gxdxRczIEkI1aToA7vLViKB1P42vyEUx/s=":{"valueMac":{"type":"Buffer","data":"qznQxNmzulYAAgekNBgWndiz4iyILvfoi2jcFrzU+qg="}},"YFhAu+t0WKIXRWKbjHKqqPDZ3wrLJc/EBGWrhqATZkQ=":{"valueMac":{"type":"Buffer","data":"my775hr0s7Hq41QchrmGJ5FkRmbiJEkoYHk/zaAej2U="}},"Rhd6sgmj5MNhjjnUf+vjIcyBd7fsGtdbBpQfunNrYgc=":{"valueMac":{"type":"Buffer","data":"deo+7bsXFpyBPPuyrkAz6+CKMkOcPnIhHMJHUgBmfDs="}},"8+3D+zfFig0N+gMbAXJj5QC0woZdgimdSNqXEe/7vQU=":{"valueMac":{"type":"Buffer","data":"ewN5Go4nMugm3+NVTgxLkJyUGys52z8u6YfDD6+V3+0="}},"mtV7ZGXjveTbQTma+p9BQ00QRnhu51hEXvv9vdBERCA=":{"valueMac":{"type":"Buffer","data":"9A/VfZdxuJoi4A7cEZFtOGHt9FETMcQRyU6ZBi/kiI0="}},"MU6fYxgNd6I/CEgA1poTulvMSySLWiGrbnBuarhkFNU=":{"valueMac":{"type":"Buffer","data":"/IwatSN+3p2X2NNQhiNYFuCQZ4Tz2IUxlwjx1H3m/tY="}},"C6xW7jtqORiAHfBPqgvxNjkFQdWAgT+BZHEKVf9C8uc=":{"valueMac":{"type":"Buffer","data":"KIrFPjXQYJPAl/2yrR5F4XDNEDnYPhMCFs9dqvB/FoY="}},"Xmx8rdxfrtZ2xQQ/NG7Exew6vlg5glvUGCY/FUJl4vM=":{"valueMac":{"type":"Buffer","data":"mU18loxzMdFQvUoUEPKPJWKzYUv2OZFdo5BJYsR6qDc="}},"5Y1ot6hbi8bts86G+Sl7xRREiZenU+TYeumHzDXxAMA=":{"valueMac":{"type":"Buffer","data":"qayo1ljfem4bOyAEZW08G5ppzVa694du2aLKH0EGmXI="}},"8vZogUVxznD6CQ9RccOKAUY8JLDFwnEmF9IDPqptpjA=":{"valueMac":{"type":"Buffer","data":"mONlWReSi2RSqVsw41CMym7DisTO09B/1gnAwaWeWFs="}},"ad14azKtmvnCoLt7sRLkhtxPxfyvWBpE9mxVdNP6Gzo=":{"valueMac":{"type":"Buffer","data":"qu+SOXYGIdV4THLtrGRSiVoAGFfUe8Vuit5xL6hrFbs="}},"Au6U1vqZK/aeeZqcC1GHOugPCzw6SvrOAQ2Z2FamhO0=":{"valueMac":{"type":"Buffer","data":"N77bi4anPLz5F7obyws5Yhp/QR1kqVBhVNCLVNwo+Ow="}},"i3mWg88ByWI/Gn/xSzIlgLkCM0znYPeCKvxrT25Bu40=":{"valueMac":{"type":"Buffer","data":"Y05/SJFJr6ZEWAh9chJOE5MUaHKz2jCo0YjB+dzYdYI="}},"0NJV+2UQ4jcsm2tcUYK4LjUvRYrvW24vkBxnOjzNft0=":{"valueMac":{"type":"Buffer","data":"R7v7KBID4TRts6XHe2bnNwjfXL7YbnqnOvux506KWRI="}},"nI0zoLrNNyzmSD/B4lAHajwEScBXczM6lcOtiyBJ3U4=":{"valueMac":{"type":"Buffer","data":"WoUALWsOojbm03cZEhwBcG42rCf0Cv3dGPOGGv4DqEM="}},"4WQY+3ca7QQr1q4FSgGq0KCFV0d5VuogKL05aRiguBc=":{"valueMac":{"type":"Buffer","data":"Yk2DewSv/ZGGfpSG3gvpUC4H5c97Q1jBKIUGIisVwXM="}},"+OD3USx8k+W6B6DMZqKF/+TQddCLlM55pxK8Y9wvXMA=":{"valueMac":{"type":"Buffer","data":"x+Lgdqo6FLCZHAr2BGLpG+Hx01b0Ahxa5xa1bqmNnjs="}},"OWR+8rXTnPRNHmKcRULFNckulMyqySBULbIgEzXhcrs=":{"valueMac":{"type":"Buffer","data":"tNNmaPYDUx+7biVgrYN12xH88PdFwQLcqPL0K3sFjyo="}},"3zOhyAMI94Z0+fRt2AzX5uzQKcVkI0B+j8n32MM+Tn8=":{"valueMac":{"type":"Buffer","data":"yKvKEKIlvLuMpys/Eud8D1qO8O7WGLbZbMccCDTyAu0="}},"v1BdXzW8/5GPyuAaE9u22N4fiHBKsLp/J1oUAG/zmJ0=":{"valueMac":{"type":"Buffer","data":"OeCIZSuBMXo96Ms69IkP+oBuYHRn9sMZKjtXwdNPePY="}},"JDjuDj4BIzzbbt/Rp0+kvfqKWrLMGs9xenstYFVRwlc=":{"valueMac":{"type":"Buffer","data":"lAQiV8Gc7DqLN4JDHmgvTwV2c1q1Yf0ozileUHx0QZ8="}},"i69Elkquhdhx1TruBo3RXe600jZbtVpAB9dJ6J5egbQ=":{"valueMac":{"type":"Buffer","data":"SZ2jsGhz8Xpxz2aET1XommAnFEj2vwD2sOt4O7drkU8="}},"Z083HKZbzmBLsSccnrg7ovQvu++8rbzLjPkyvsel7Cs=":{"valueMac":{"type":"Buffer","data":"B1sviOu7BadhwVV2BUbuZ4X6vELqRdOk/BI4hLOPruo="}},"JHjCux4p2ikSk8G18hZT3txk8pTNFnCCJfQ7fH7c9qc=":{"valueMac":{"type":"Buffer","data":"/SbGTrNUTPU873yt3TIKJqFdcnL5CyNFkgU6AE8HfX8="}},"YkPAOrrjApDnEhaRhESnzT9nPcxmZ7cfLG38JN2FG9Y=":{"valueMac":{"type":"Buffer","data":"lgJ6QxVxxps5jCtxZwE/sKkA21Gx/Hj/q9ZwXJNLKl0="}},"hTO0BcOi8DkuGS67G5kOpt52ypXcuexQKbkHMfNICiQ=":{"valueMac":{"type":"Buffer","data":"5Z0Z4yjQKSUF21FFIfudqaV7HNZ4uBV1AnIUxbsSNO4="}},"g02cj/mWZ4SAAObRxKUUi21PfnqYJv7AEBTGQ6OK9tc=":{"valueMac":{"type":"Buffer","data":"633gexkB8lF3Uzc71FZEA0rgzD5mf1ksL6AagFNtxsE="}},"M9kFez55CEvQX8Z2/DwVBdvWEtiWrZL3uJCa22r7hz8=":{"valueMac":{"type":"Buffer","data":"6WjyGxpXoYP2u/hEfIjnH9ZtKimusI4FzHGhmnHJEk8="}},"YGOkhVk9wmgSVRxCu7RkrAKaZ5rlqX8OUm6118s/6rk=":{"valueMac":{"type":"Buffer","data":"cWyS467XLZQLUJg7fIl07wHRxWRdj2Wq3aZi4pfVQfk="}},"qStSlaJjFvD+ySJj9hUyDCdcvWn6kmRVFYce2iwwPB4=":{"valueMac":{"type":"Buffer","data":"4Ezp/mkHBlAcaB6+fom9cSfG13l7rRjTW+tfgka8MDk="}},"O3KQkKN8m0RibEf+gV1RrcJyIVixYo5sJSGYoGTkemQ=":{"valueMac":{"type":"Buffer","data":"C04uID73dG9hE0KDtJIFg7XjkA241X1vZu9tCAeE210="}},"5C00lt4uILVuMSbpC3DCs44RrYh/2B7n/vorNBagMdw=":{"valueMac":{"type":"Buffer","data":"ZcXEwEYUPYTXYBpv1/o6kGNdCZmMlS9lcw6rT5bD3xk="}},"2WP5ZqLIrt/mM77BDHAMt2u4vD4ptV322Rl4DLQi1mQ=":{"valueMac":{"type":"Buffer","data":"CL0wBrg+rIhZuzxMwb9vfE1O3cEqSS1rrgA53jMtfoI="}},"Vm1g0T6ZL/UVBvRanJS93Pm8ALDLhlCe8yO3eny9Z5c=":{"valueMac":{"type":"Buffer","data":"t3GEWve7UkvFu9pi0bCvfBMmrxsHJd+5cMFiG/gVYlo="}},"ejX8wcem+8QSnUMgtRFDnMNWYUpDHvnhyv17e5LJmZI=":{"valueMac":{"type":"Buffer","data":"RjfjR8SC215JU3RbC+BBSU4e4QiOrWVCKHfLsvII6Ow="}},"OZdpq1b8dvv0MWwCmhaLf4WtLpS8hMazv4msMJAkHbo=":{"valueMac":{"type":"Buffer","data":"z1KbWsn4izVg9aFec1Nn1yBz8mH1xFQ9ThHPCaEEGtc="}},"8/oQAEAtgy1R6M0Ws9Js+orT/XziwJVE3Wb1fzXZhG4=":{"valueMac":{"type":"Buffer","data":"mPutMTokv+bh5izW3y1u8Kk8rUpAkTcYo++nxjysTp8="}},"p/blwyeOEA9d3NsEKeL7z2KiEyXlOFEb/MmSMhpPGg8=":{"valueMac":{"type":"Buffer","data":"faOanUMCFPN07r6YXGgZohQ+XCEkB5YXfN68GE75ClM="}},"Lmpl+66bWfbZK+P2KXNm2zn7+0Y+fzIzH+1C+jilypc=":{"valueMac":{"type":"Buffer","data":"7/B7kM23moEU7HrWmjHXVq4/ysOYxQQIo6eCKIkgkm4="}},"rlMrZPfOVFnxOUmb6VAmzEQzDgAMW9B7NIOgkR++1Fk=":{"valueMac":{"type":"Buffer","data":"7EqGUs79Un5hMaTma8j4i9U+YVI/wV/L25ddJa6OSlM="}},"d6nMnLpSjDPDiVgFfRgdr02gU95rICfEHMPEBphCcWk=":{"valueMac":{"type":"Buffer","data":"kA57ZZLNzjJY7DbIuTtyIWqhs9eJcMj7YQ7GU4xPD/8="}},"x1T/jVy1cdOQLWJUkDo4OM8IQs85LMydRQ1RW1Yp7ns=":{"valueMac":{"type":"Buffer","data":"/kBebHfnCwcptNFywB2hTySMyYeMoDD0vJ+48VXUy70="}},"83xfA8keHR2DVzrcteyshxoYZ2GFeSCdScd1PYa8Atg=":{"valueMac":{"type":"Buffer","data":"H1sxxQOWQ8Qo0p865ycpK5oLqjlDDi9rOgn0hmgNsIA="}},"vI7tnssAuZcYY2C12UNVliJyYiOINy8NNrorRjl7u1w=":{"valueMac":{"type":"Buffer","data":"RowkieX0Cs9eok4X8CUNpxduac9xXGYJEL/Ql4QjsjM="}},"WAt/iMB7fIkjaaNl+rew8kcHioZ4jEQJDE24sVqnH8o=":{"valueMac":{"type":"Buffer","data":"DSp0MbpJn0szyR/1PZkGzuTpGRH4R+BsDFNB/Km2FyI="}},"X4R0pYQOyMLh1SbFys2PoomPsOU4cqKNiselPWxgjvE=":{"valueMac":{"type":"Buffer","data":"w4L2+YL20n4FHQflxVOccgOy7GwjKPEH4fjfL+U1E2w="}},"8vwIziA90Gh0j0ILlfU4DBT/cbsuojPjWvHECHCtD1g=":{"valueMac":{"type":"Buffer","data":"wNDuv94MQ5UlvtLt5BRq+sQgsMAXnBkzVyDJ+LEJmBo="}},"BXsIVLpxRr9RneE7cBQMttXWYfGRKKW7qM9aTQrr/Z0=":{"valueMac":{"type":"Buffer","data":"IdxUmZhNOcsACQGpLHQA6lAV6wm27volkVx1KuzD2nA="}},"coXjMz/nGnZlUOY0naH3zox8GK90z7wEt1Maahl8vjI=":{"valueMac":{"type":"Buffer","data":"/vDN8q5k/7xwOOToUHN/IBn5GdVhsSWquI+ux41lNvY="}},"AF3MIw8qFq1BjKR8pM28fGPQfUwDd5ct4uhvZKq4LQM=":{"valueMac":{"type":"Buffer","data":"BeSmV5qfA+xM5+g5a7AkICnPohgIEL5xhXYx/N5SGH8="}},"Qto0dc/x5rgBq53GZAxpEuUmsQrXAnYJAvkzr+NqOok=":{"valueMac":{"type":"Buffer","data":"A3H20IbTzUue9chjdpwnCLabx7VPC1nGX8BlzUZkUHQ="}},"dbWeACNWbmi4h9DAvRbhF5PvnXDFwYnG09MaBQr7BM4=":{"valueMac":{"type":"Buffer","data":"jVkZXrFtaGQ7pmnUivE70XuGQfdBowFNF9PigN/50ww="}},"4XKaOtew31MyZZSVS4mmiKGH47G5ICDGPHqDnII2SLk=":{"valueMac":{"type":"Buffer","data":"qyBUPRB5PrERphiiXX6rqwVcJSlc+FsAIs1nZ1CJzaU="}},"NKCwZLVCaITFtAIJBtwaSmgrjrgOq7Q1xBwjOYe64g0=":{"valueMac":{"type":"Buffer","data":"I9Hu5swNHA8NdVN4w6+RB/ce0t860rmAAJX1xXXaDKw="}},"4EocpTiV5bQ85vgfFIKzBzdoce8+1itoD2CznwlaCZ0=":{"valueMac":{"type":"Buffer","data":"JarN1YD1mmbdoyUl4gKvyzVL8heHqZ+pNjsoK/SLM/o="}},"0uvjpCEHzTSzI33JcBL3wfwQzVYuEzgLp5vL9nZNogw=":{"valueMac":{"type":"Buffer","data":"n7C20FJhy1z23fGoRPVwVNzT6Jlp/NR33910VsTNiLc="}},"pzASl3V7cbQo+92FwN4FOgV/qcYCmRzwmN9tOvqEPZY=":{"valueMac":{"type":"Buffer","data":"3xUl7KkZYOdg1r8gSJ9NbbME0P2vBGk74OQfi3NAahE="}},"UycHZSS/KKwiHbZUfIkEjqVdekBYWNCoKzgeXN7ymj8=":{"valueMac":{"type":"Buffer","data":"UebQ9K9/ovh3EjocSjsY5AxjeV+QjhY9LXiiSJ5Hr5c="}},"4YN6CeWn2Hzq5ZT8MD6wJC2kc3blp+OApiwkoCrFk7M=":{"valueMac":{"type":"Buffer","data":"p0sxDNLO9dySj9oG1wRSx2mfhgfv2thSX1PycdwZO08="}},"F0gpSvsGaCA4eag/oZePSdvShjAAtDeJa1CYCNktDlY=":{"valueMac":{"type":"Buffer","data":"IWP4ytf7fAJ2IX2GChOrNeN+XfN41rUNBxj2EGNdLGg="}},"l5KIppa6i2PxL/iHGLpXVoJ2e98hJZrbejGBNIKgV60=":{"valueMac":{"type":"Buffer","data":"arA9itiBKZACJOEAn1SBoe0vouyV+DBOlZINd7wpLJw="}},"mL58WYt1ATL+wYfqpFqpjjcLsux6qI/9crGeKsnkJmA=":{"valueMac":{"type":"Buffer","data":"YqpFc2EzS0HE1jv/Tq6/pOx/m/sASQ94u0G6oJNSdpo="}},"NwzRlZfh6Trc1YFjQ9Dc9epVUUH33mC5kjbePFESsLI=":{"valueMac":{"type":"Buffer","data":"T/P41kIIkjgHRFCLfP6U+S0vn7QKqWRLJAD7FjQyZ6w="}},"ogKmvGYw+EKZKXRD6Vc7UV9BMTXJ/nQcMQQ+vwchEIY=":{"valueMac":{"type":"Buffer","data":"01bvczslO8IJnTUvZE0jexKbSt6uyVagP3oJYT9XENE="}},"zEg3TTFsuSC2pl561SDbNDVS0SogvUWp8Jmczam6S6k=":{"valueMac":{"type":"Buffer","data":"uyPZ57z1jKuoFR9TVKL2TitDr1WPTelBxzdhRgfz2m4="}},"4VBYVwD/7q5w+l+5RBGw4e5f+f1P92Ad13ZcwRNNWos=":{"valueMac":{"type":"Buffer","data":"BwOQrUKlgsHJxKlkw8PGctu5CeOFEloiFEepMNyetNA="}},"cUpuoTMbR71j5h1ikafQM1f0TtwP9iSvo4m/r/TbUVY=":{"valueMac":{"type":"Buffer","data":"+FJCPHYVnJ8OjT/s7piRGdtBsBiP7Zy+0ZuNnOessGk="}},"36C0HTShEvbaQ7iOzGyse0PX4iv+hWrc3epfsE9FKVM=":{"valueMac":{"type":"Buffer","data":"elet7HE0CqiIxy23ywd3IG1ZubKJp8s9Tk7Nojbgd3o="}},"iptnB2Ofsnu4dOJGyddBOZ7cuD/+2Hh7zsggDZ2Ywkc=":{"valueMac":{"type":"Buffer","data":"Ip9iO80EQatfCL3WXCgNhsBcgKh2Nwvf+l0Rp64m2eM="}},"QRsB65raow8KMhBjX5nUp4GtN44osSLbWZmP8ilDHE0=":{"valueMac":{"type":"Buffer","data":"UEl61VMwLLzy9A9SIjgPfOHxeqVQSNSGUXS7qd7zOiQ="}},"VYJpJ6SQ8cxI4D8Zla5hFXBMIadfQNywv73zibAj/Uw=":{"valueMac":{"type":"Buffer","data":"9zOiIl6WkIZNOfWIeVaxJTediCkFrB5TN/sdpTO/eqg="}},"8H+3Gk9BXIetcKUZzKSaNzkfIunpdacCuB89JDpiuAc=":{"valueMac":{"type":"Buffer","data":"4SedjmBr3+PERQTs6ZAj8Awx5IKY6H/l2BPxHLDYjfc="}},"1QsSRVhlidObIgwxtKzT/kv0zolNMThW1OVlhFDOuA8=":{"valueMac":{"type":"Buffer","data":"FSQ7DjjKXXx/Fbz1l0OtoUJyFigC3THHR7eYubB3Od4="}},"t88Q7ru/fAMgCIGDHka3+5cGKfGjPSydXJ90NuhS6ig=":{"valueMac":{"type":"Buffer","data":"Q5QCb/XOFcD3zov805s3872h5eMnhfcxn4qaekREkiY="}},"ls0Taf4vzaq9jUeiARS1bzHOfPcsR95NQ2W3UOW2xjU=":{"valueMac":{"type":"Buffer","data":"79cW1nyiHjlk0islJgn4ajMnP1ZfYXBEmZZujEaoq8E="}},"ez/aRaORLpOLn/5b+FOMNgvODc9TJuQ+kad9itsB5yI=":{"valueMac":{"type":"Buffer","data":"wQUHr29h6TRDBXlAYz51GQICj6OpOZrT2jQ2X9LrDOY="}},"EtJ7YB2kyKz9gKavXkmc2fhnWV6EMIaHeXfBPN3AIhI=":{"valueMac":{"type":"Buffer","data":"dysBgVcs+ZnQtBJORogh/tABGH22mM9pijxn+DBrcd4="}},"xWY64+kz+BQ+B9uC1wDcC8FyfX+DjqbtATYQahGMF5w=":{"valueMac":{"type":"Buffer","data":"HxxWwpaY8NtiAshOWnJ7wd7SMH+dYtM5glXV4Twimek="}},"zuTxpXVpKInTwsxWh5APerUXxshPBGIsP6VJUxQU6+I=":{"valueMac":{"type":"Buffer","data":"IeJ5Fd+7XcPpUqPbAwNI2elAHAVRj6I9L8Gg2D2xguk="}},"aOa0906SACKwFpc0GaWoedwJ+sPMEy9Rqc6re3J/EP8=":{"valueMac":{"type":"Buffer","data":"5ILE0FtU5wQit7o3LBC9gy34WDetjDEa5ZYT2myqfvg="}},"21aZG/pWayIruhvDsPiSE/MY7claULpmaerhfA/6vIs=":{"valueMac":{"type":"Buffer","data":"9/2wEMb7GjM+raWPpGc1PtasrM/a9Lnk+IQzaGKPAAg="}},"z5kcmFjmNfRspzXs+0TFO1TDrYqFX9g1M4x2G7hSxGA=":{"valueMac":{"type":"Buffer","data":"U6tspSqjwnKUL54awUwGmHhF28Ky/bn6BZEUVXyXuNU="}},"ZpTT3b5VsOpf5HNZ085Mdb7A4HQ9RXWBCLKibpelIv0=":{"valueMac":{"type":"Buffer","data":"w1GCh+lWLCx/nP9vjEWfkoX253Zbgv7+WbLKuPzXBl8="}},"C6hffVMOKAmR2CNcM6y4cjD3DPNmoIl/RxsZ0CKLhOY=":{"valueMac":{"type":"Buffer","data":"W5SaLr4pKVKe3jQxEk2kSKCgY6CgG7gjPAlvR9rIs6k="}},"DnEi78SI7ZgfpjrZbL/rZ3CYCYGBQLaBdIgTV4m2vVo=":{"valueMac":{"type":"Buffer","data":"J73OCM0lO1wXFdb/7NRIFDdqO/UU2dffkW2yp43czP8="}},"EkCQcuOrG3HTy+y+3yIXHbbuoMcFgxAFILDy7jZqruc=":{"valueMac":{"type":"Buffer","data":"wGmQXPxDeglOz8wulqgLxR/Rl8dgbU8ANdA3SXfYsQY="}},"y4GqJfuF4lqz8sOtK7nttMVpXY4ztr6UAXCqqJ9NCHQ=":{"valueMac":{"type":"Buffer","data":"WzqEZUHM238VvmT48kMa5I/PCTh4fnACw06QftS44rI="}},"j1Dk8gzYW3+iw4duZXqS6B3iVbIPgYNqyFg41E2OyqA=":{"valueMac":{"type":"Buffer","data":"VZGXsofkPPnvCywhgqf308aZMbnTy29nfO/D0DszlL8="}},"Nn7MW1EyZWbbiigvNWgmJ8p/9WoMWac9FxT0ilbT1Ew=":{"valueMac":{"type":"Buffer","data":"OWtA2mQ23ib7UFtc1B/vbHH26CIXYmkAMe+fI7V6F+I="}},"TpfYR/xFFBDlReohIzxTlHn2TeKaKFYeVfZyn9P6++Q=":{"valueMac":{"type":"Buffer","data":"9dz+VblJu2c72Hgp5jRmkRYgpNID5PQH81xdPk/jPV0="}},"PuEZ9P8mnolZzUj7kuCPGUOChsionXJ1fjJ5DAQox9U=":{"valueMac":{"type":"Buffer","data":"dwt4lv3ceEaUPio0rSzmaQagXfMuOyOdkI/IV22KmT4="}},"LMaAARdYLKw8baH+CAQxKbQhVXskafgTNgqSBc305mg=":{"valueMac":{"type":"Buffer","data":"YxKlZQPpKu69o6GoK0r0mVYPFD/E4oivvvaHnN/I2Hk="}},"Q8J1kedq5kxuS+jLTRZI5QfvAgOPz89HCjcHFJYONAg=":{"valueMac":{"type":"Buffer","data":"7OQApA4SJH3RpmD9Yv3LRqk/soAEAUPn0/oHPBskCBg="}}}}