{"version":3,"hash":{"type":"Buffer","data":"1MwOLmap97dg8sy65p2ziCpRWGaK+7Zqfo3n0FTnENEeV2JA9WwWFgMiGNjGGiO6QGuCYV24QlFM/C8Zm2WGCHOxue+0eQ5loRwlhkGiZSnbWKSAiAMtrsQKkXBTpIk+LAgKqZiJLDKvEf87v7YsoBEeQM2c4wrAN1wfYeR6IVc="},"indexValueMap":{"bXdkfPMMkHVRpWmCK11DIDSqN0XUCWfs2H5PXzcJC/E=":{"valueMac":{"type":"Buffer","data":"CAD9qkId9zB8yssHeauSuI4loroZ0vKWNp0jlrugWoc="}},"mndJ4cwhTOnzyCGXqdgfjJf7Zjk+O5EbejtdjcFG0wk=":{"valueMac":{"type":"Buffer","data":"VUoJLQ0pyyk7gqNulcEjrc3BW135C79J3+1L4pwnrTA="}},"XdVqimBzVIjuCu9xgI3nUJpPyN08OftQqt8G52LJhDE=":{"valueMac":{"type":"Buffer","data":"eR+DlAWNxV/sd6piRvV9FlAgbEL7VhRyr23gKiNvQ50="}}}}