{"version":2,"hash":{"type":"Buffer","data":"LX97QDmdgelic9x51JfDH24sdrzXJYrGG5QLnHvSDHI05WZxVdA2zbYKo2ZI4awqbBXYiT6q/VEKAUraCPf2W5Pu83VIYkts0apQFlDr5RkNbbsdwHuFnxbqKZ0r3Pun00WKSXuDoK+gYSaV6MtXEVmi400kvbsJCLiwshKW2vA="},"indexValueMap":{"KO0azyYTA7v+iXStKDWmhvYbR1zaQuZGFJtTkrWwM9E=":{"valueMac":{"type":"Buffer","data":"KbYSDdEJ7fZCOo4vtrQxnLJDwjEiFI80/mWLfheh2gw="}},"opi660zjTaAfo2jQv2MPxErUC6nKleKLvadgwghPnlM=":{"valueMac":{"type":"Buffer","data":"kmlXNkrO0h7q/1xDftytm25Zd+M1LsmPY5oRpPhcNOo="}},"BFDHkouER+Bdvhb9Ootow7z9JkKyRtY3IiluSdnLQXk=":{"valueMac":{"type":"Buffer","data":"U5mt/dSr1cra9guPU2cJlRMD/i8ch7LM+u3YP1k2mVM="}},"j6oItrYJ1iIpg9L9n916IsC03Qn8JBdh6iXHn8rTCeM=":{"valueMac":{"type":"Buffer","data":"t176KKt4c9XdbYmaued3V4PCgfVAQuEgj/VOXs5VG7g="}},"JnBLVkshf+qfTYLdZKFw4x1rOE8mbDSVFS73aylWpIw=":{"valueMac":{"type":"Buffer","data":"JytRdd0RFKHSyGUThKXwZRhPtby0mS3icJCw6Q1dgBI="}},"cc1lj9S/qSHudpSTFFQYVNePC3R8RtGAA7iH0bw0qX4=":{"valueMac":{"type":"Buffer","data":"eFqI7fIJRLFtz8ce5lbUwnlyTa07pb423ihoiLZRTjk="}},"TU2o3/zdYDO6fcbBHf8D7eTfbjWgrqDE8Oh/khWVE1Y=":{"valueMac":{"type":"Buffer","data":"r8hXf+xIT7c+y4eN6dieW1HvhGPdtlOtN+rFlf/jkrA="}},"Gw3czpt1f1rJ/itPtwGf5rFCigjPyC5ipPx+ejHUjE4=":{"valueMac":{"type":"Buffer","data":"+FLoLh9TKPGqAj6s9UhZ2j9UkTs3rpsMgbbzS38Y9C0="}},"n9VYVAyTRTdWNawOMdavlmtTCxivcB54iS+q36NCoTk=":{"valueMac":{"type":"Buffer","data":"OWDIhutIW7XeQjYftSRWmU+nxkqwQgonHDEbcbBejY4="}},"Ep5urxF8hx5F6lx1UAIjhPFkq7t0p1H7+ZkqwiasHpo=":{"valueMac":{"type":"Buffer","data":"McJlpMJGEFT0e/DvzHlUG5HHSrrIpAjvXLPe+2W7HlM="}},"bvxNQDhzQJC7jP5alZU/VkBtYU7GfuoS+KT7qcd5UVk=":{"valueMac":{"type":"Buffer","data":"+TVcOHCsxHQp7E84jMiWsGcBgaPaD9cwL799KF2wPp4="}},"g1+0Ej4t5YMb52EbW8j2OP10YoLPV0Aj6YVGIbrHzSo=":{"valueMac":{"type":"Buffer","data":"UsMimQaZ9zH10I06dM13ENy9HrxtGwJ4KbIxHMQm3/s="}},"slYyhMHljiEkWktnTcLBevB7gn944imWUZQjpkuq6qI=":{"valueMac":{"type":"Buffer","data":"HHYbPFS9XOYG9xAlmrpmIt6iDwyF+Ox1MHzf3WJIFmc="}}}}