{"version":2,"hash":{"type":"Buffer","data":"dEDcxm+8WkAnZ7Tu7aejIrcfy1oyIb061WIif/plIovE1/ZkwYWF/XcFRy1RsBLpLe27Q5L8q2igVd02d8OQES9YY7WX4H7X9oshOMTJwlRiGWDPRnRI6RL8kiSgvWYGyYtk5zkuiknqC836tawHzdq4P692YQKiHmZW87O40Hc="},"indexValueMap":{"BFrBXkOKfhJ87lp1AcRGA/Zx8OS0JumVFzTJywZ0xws=":{"valueMac":{"type":"Buffer","data":"HfXsZCsTQ7drNc+c9eOR2s8NYmjZotS1ZMEU+nnBPIA="}},"HVj6pXBTmQdVtvnkhJw6TVUimYLcNZaKxejNvwRpyhw=":{"valueMac":{"type":"Buffer","data":"NTiv4xjleqz2GNOuJjF6JfKn2HP7XN24QrINpOYlu94="}},"oNJ64v3tcXAv3pSeTECg9t9ITPFDSIVviFJVEh1rMRQ=":{"valueMac":{"type":"Buffer","data":"wwMnC7dlw5yk8lQdjd6MbS4FScmqNdeGg2Efnt9VBmI="}},"iYv0bWS9yJPgeDmHeyVs133QvB/Mq13y664Gsbc1b7o=":{"valueMac":{"type":"Buffer","data":"bkGop2MfiB+5FrK2lFW4KGTt3L6fUQTqqdc1AS1BYsY="}},"kwswGKaZKGQjES91bOMKfuKDBU1cZoUZggGz9Vlimb4=":{"valueMac":{"type":"Buffer","data":"VkIA1xHWKW8AGrxATlT580o/nOfeGYUJ0+TSKJZdY/c="}},"tIoBKjlpuC9H8RaRGyRw5PczXF064GDRZKMNkWBTpiQ=":{"valueMac":{"type":"Buffer","data":"nZnx3e2hp2vj3Cp1SeGbUX9c388F4ezgbByMxRzPjh8="}},"MnQ6JqJ3ITnK+PvJumQ+000FGcSBYmylzeF9S2phOwo=":{"valueMac":{"type":"Buffer","data":"OuWqB5K0is1R98x6XN4rItfmHTCaXwcSGapeKWEqZfI="}},"D/Av6Qi6c/opskMLdlNw/FKCqxMD5tqGK0WwtW195CA=":{"valueMac":{"type":"Buffer","data":"r0ZkJzPXGHWGSrkFTlVRc363p0h0AnN2gs9vd2eadLA="}},"vHDsW15IJ/ASI+ybwOIu686st2MF8TKmHT6U+f4C8Hg=":{"valueMac":{"type":"Buffer","data":"uQWNe0VYW6nmRYqpG05rLX3XndCckM7THxrL0wCrXNU="}},"hCxGXTbEqo1D+Q9ei1B902/aOW+vzHUeU5LAel0ThXY=":{"valueMac":{"type":"Buffer","data":"cvEPu2R1+gkfWcus7bW026cWSl0IiwnqHTsYrqkjpAA="}},"r+ieeFWTE7UnjO3tkHRvu5hPZtNl2eSpBap5C/HK1h8=":{"valueMac":{"type":"Buffer","data":"B4NEBV7Xz6ybOmfZHDuRV/nNu7Qny4ca6usB32UtdXU="}},"5ODXx5alM1yFBWSuphX53zRZokC4vXHaRJqmvmjZR7s=":{"valueMac":{"type":"Buffer","data":"lbn2Cdgv2mQypK6wlqnStoMziMVNyQU4cBUCKzlvn+U="}},"7yI818sX4hSMcmQdXP5P7bd280eseVhyG1qv/W8vF0I=":{"valueMac":{"type":"Buffer","data":"WJV+8xOfBcCXwrrx4Ao6icp9TWIExev9vdjIRrkTsMU="}},"mLJok7LR+8XqkjUKaSBnCaqeIuP0QFd3xO/0qu+fnes=":{"valueMac":{"type":"Buffer","data":"G+mYba3i0kRdG92N5To7z6PMYQX/Y6lEyGTx+WIw/OI="}},"Yf8Vi+XTJI/e9V+I8bCpvqjpL7bzV4J+5pwIMRi4bOc=":{"valueMac":{"type":"Buffer","data":"7ypBtV+BIRXDHFBWbkuH82eks8gXBUGhwmBu5w4rKJc="}},"g1SLkzUQRduNcgt1xBDdRPnIhsfjGpVhMUxy/qTsgJo=":{"valueMac":{"type":"Buffer","data":"Qkj/wMc98mQBD9dRnA7F/Bz449BfeC87+DB2BWiLFV0="}},"KcNci58iIGd/7PdAFUryzBycLG3EzRi/+Q6UJ6BBiZw=":{"valueMac":{"type":"Buffer","data":"nGEwFtbd4MQVD2PVd2uQ6GGk8EQOB5iiwQ8cxcY24p8="}},"Mbbho8inWDp2OhFyv5/mE9YJIscdpRxpPOYN7amkQt8=":{"valueMac":{"type":"Buffer","data":"YH+fgmCIfZ25ucIlPlNyuobRLsuYnyh9g/4gdjVKJaM="}},"d0Y3/LdbcMiGju5GiJdnRxwZERGU6EEtAI+uBAcqJQk=":{"valueMac":{"type":"Buffer","data":"v8AwV5fpRkHzxIvj0j5lqkqp1X80NTak7yl7GKTIs4k="}},"q2BsgzfExOxAMs/+IX3E1grDA9Xq06moNy3JDauvu7c=":{"valueMac":{"type":"Buffer","data":"F3c97F4OeBKKweXxwrpBkXXNqk4m8GRWo2MimlMLVS8="}},"F/xmnnPUIEBVicveDGV5dKDTBWgA25YgwHq+gkMgprk=":{"valueMac":{"type":"Buffer","data":"QPJtXuxwNgABb9DVvI09FRYqSm/PhebTDYzM/gMAnJ0="}},"Tx1yLzSln3y3+HYzbUxt6XHcwe0hPMRlDE90B37rxJw=":{"valueMac":{"type":"Buffer","data":"LFdKnhlXsJ3kNTPXWohtytZ07i11SphGqbjTIgob71k="}},"4Tvlz8mOZzd+gAvUpCMBT2+B698/s7Ix/X7zQqj28kw=":{"valueMac":{"type":"Buffer","data":"ctqqWYx8/BioTgh6Fa+9FAG+ZwEGiEOjkd0uIzji+uE="}},"jirVQScMy2+7SkxG7ZxWgzjnEMdWMu032K5a/ca3t78=":{"valueMac":{"type":"Buffer","data":"cAQggiXVBa4Aok2Zhr8B3Ia4nMWo7JyLnnwh2XqO73k="}},"4Z/zcLlL6u214cNrccH168L8dIW4atgQ8wVtbqVZwUA=":{"valueMac":{"type":"Buffer","data":"/lyjv2SuFlNtVmz4Y13VQ+yDGmcWra+0L2YsYV4hyJc="}},"mQ9wYo0D6eI+92iGDJLGUuZDXQm3zJb8a9NlXeOM+x0=":{"valueMac":{"type":"Buffer","data":"WCibvgT95bX3VzkokHMZzVBshdSFhD36pDShUboBRxI="}},"jhdew3KmnYwf+b/76VORFie8SDTiZ/Lq7EetldUOhz8=":{"valueMac":{"type":"Buffer","data":"aqY5FSX9+LrAUR3LPT+giNkpF63ebwEKVIPS0e6hiGs="}},"54uM622mFG9dtcM25YWm8GdoAUG7Ovx8SqRVH3lPtwc=":{"valueMac":{"type":"Buffer","data":"3yRlBtAKQv6rpdq0AsQUC0owW+hRx3HLcCwIpW/yc6g="}},"hnOC+VCQOxzI9aLP0efQBrdYDLIgCXwHS+kcUOFku3I=":{"valueMac":{"type":"Buffer","data":"1F1CvvpNSI9outOO0x7ycZQCEVdDVFVHmn9xlrwRsh0="}},"ImkPk0okVYUNy9qUNpIiehcAVI844gf3xQ1KaLr9IzE=":{"valueMac":{"type":"Buffer","data":"DqhmP0GCh0gg9NsTaBrpQ0iD6ssskJAGHdmKK2YDPVg="}},"VJ5zr8zfp+tpWBWcSOEvOg967elP4MvPS/CWm0Emal8=":{"valueMac":{"type":"Buffer","data":"Z8VvgDcttZAsd83LPUynC4v89pqnRbkNDGzGjytBf+4="}},"gGmt58hKUv3HEvRYcg6JclRjlEWxITOH53T6Szo7IgM=":{"valueMac":{"type":"Buffer","data":"feqe6Gk5w28fqwL15/Ld+YixCw4d9eKFpimgz/ffPK8="}},"RL7rnMKwq+unW6XCVEvGqZ6kOWTYutxxkZlyM98JLLQ=":{"valueMac":{"type":"Buffer","data":"O/XLvJoQT62PfhJMK8E05sF225IhftkfvE4UwjI99q0="}},"s1s4HsKxepRLFBKWA8m2OH5NHLXUVEjzH8NaQahzGwg=":{"valueMac":{"type":"Buffer","data":"bc69sJmI1K45nacRAS6UcSrWoeFAq/YD/+rJrLP96cg="}},"bpNqcWJ1+bZMfl+7mUyNgcqd8WVZjYO6AVGf+pdd4PI=":{"valueMac":{"type":"Buffer","data":"GdQxMbgPkT4DpI9JAzssF2tqS6OKB3j2KCC4cjRejT8="}},"kDulkcNuHXAOkeG6mp1NsflpcJiZPGkA8BKzzkNHcnA=":{"valueMac":{"type":"Buffer","data":"XIxaPvRXQsdIh2zI8Lu8u61rdhiwfyTL7jHeosKEpJA="}},"z8K7AHA8QQMvksJZRXr1MU+1BUS2jfmreU7Y0N6Ny2Y=":{"valueMac":{"type":"Buffer","data":"BAGLtYkjdeDez6wTxEk08joBsaTdX9eBUXmoa0yWBAs="}},"Yu/AFoZcq+ZhlmHN+B7wqwW7NbBAPlns5aDn8ob/R40=":{"valueMac":{"type":"Buffer","data":"zHybink+AVs+30qaSQxvC7iU64EzhNWIck2MTMtPKxg="}},"LM5QIymE+bONisSzJfEdI5EQqszBFcLfoEwJpBsPYYo=":{"valueMac":{"type":"Buffer","data":"QUKJd14ctwPxAVtoV0dbDQT0Tmslp1+qcQ5faNlQPgI="}},"SMK6efUUbzRn0QYKxx1eb+Swh6X++ejyc/H3n7T4d9U=":{"valueMac":{"type":"Buffer","data":"y7wMw4ul0otjsH9C7eHvtDknuQoJKx31y2VdLG5GBJs="}},"cynFw9jPf2qLmSzvsuKlv30UPqlAUvXbdkwH2FsetwQ=":{"valueMac":{"type":"Buffer","data":"CegvxiV0+IFWURA395rjtztc+4snCPB+zLUmoJsZe3Q="}},"c4D9528d35PuMahRpSbGw/XMcNGGaRbF6cvsRL/rp14=":{"valueMac":{"type":"Buffer","data":"RXmR8PO02p94PhTiK4yvjz9usb/OW8HhFQdFlnReje4="}},"y+h7Lk7+3yXxws0rnYIlWsSpY4q7RHY1vezVd6vwxD8=":{"valueMac":{"type":"Buffer","data":"PzpnDse5LuMNbRUO/7P1UCxIB5UEr+/X4tEbaTihai4="}},"Wx5VZjwS5lowIsLoEspJrL9QobdTAiYvXObM2hJS7jw=":{"valueMac":{"type":"Buffer","data":"DylCOP9O4W1SKNbOteqHT2FCKfMMYkGr5v4ul3OtdS8="}},"2R2Ox0Wsoz+/OFq+1A3C3K+ayz5JQ9lM2Go40KwpdfU=":{"valueMac":{"type":"Buffer","data":"poyRI7jXyhXm3FUwv2rytpJ4memk0RCb00lJq9N0Hjo="}},"AmG4AEr7yVkVSsMFEv2RnnlDQ0Gu3VBbOho+6YsBupw=":{"valueMac":{"type":"Buffer","data":"8Vln6WFoPTojHNhvCqjA2m1Eo5PTjHmeQjjUwhgBT8U="}},"s6rANsfxQsJU5bLDJGl/TN9K23prSWb5gNdbu9B3dTk=":{"valueMac":{"type":"Buffer","data":"CU+ngsoLlV3MnEjt4qXWKfS8Obz29rc3nUwFrajMhwI="}},"27Pn0/UbUVeNKNakuWXOAUt1c1G13x7DaxGmKtbG6/c=":{"valueMac":{"type":"Buffer","data":"uT05F6xJ+5rDPMhc9BomMNEJctdY1CFXo3+dx3WVoVU="}},"oRKCJx1jWjjKVCaFHFbad8YIVnTltA9MqQBmDNs6xqM=":{"valueMac":{"type":"Buffer","data":"GIBdo4QOLhlcQS0B6etg8SHNNLsSsSGnueS6ff+NvZI="}},"FJFxJjrBbkSHdMppN0C0tKBHJDnuTzzkAka6xkxGTSk=":{"valueMac":{"type":"Buffer","data":"8xNQRWXsNSyXJkhRU1Yw733gkQibx0u4qBgyH5k6GHI="}},"tby1tk/GEVPQsa481pfpprlgH6c/MsAhd/qn3U8OL2c=":{"valueMac":{"type":"Buffer","data":"ZRJFO9mfky15LlYOv2OxZztp41Ys94/5c9FUAFjsfUk="}},"miZAgVWzeiYNvNg4RaqnWLsS1HSTIW9fS5v63o+BOWg=":{"valueMac":{"type":"Buffer","data":"n1+ptXu+JZliRb0uNMgJHK9Lmq4POFj+tPLWBMhoNoU="}},"SDiSv8OPHNeYg5gz5oTN3sCVnB9ln2hMdNjahIU6tGw=":{"valueMac":{"type":"Buffer","data":"+5E2LzlTruVozKLL4+mAyDcr7bf+DlLFP8AwdOazn9I="}},"ab3sp/5kc0dhTQMzxOVYuZIuQPE+7rXkf0EYhucodqY=":{"valueMac":{"type":"Buffer","data":"ttyXjzkD1r13VdJXikrSXb9NSh0FU2LYAK6MZEHfBhA="}},"hfepQHGhlXEarchuIZrU35N8WJHo+HpVlJuLcwA+3AE=":{"valueMac":{"type":"Buffer","data":"S/AIWih2lusijNObyXz7V+Mp5E6tVS81oFBllKyzT1k="}},"biQt7Ym5HdJIlJzrMGmrOjMenU7u0sYG3omtp+VlxKM=":{"valueMac":{"type":"Buffer","data":"bYB7QOWbd62ZASBXiqTWWJS1KzZb3ceLhM2CrrfiOC0="}},"h33d4V86u2Z+LMBcjecEyvyzAU6Kp4O+N5Mc7FOivPg=":{"valueMac":{"type":"Buffer","data":"JOCsMdvvqwsi721JG4d9PBmU99TzPSxlsIhsO9mFL+4="}},"cKFgUz3hvRO9GaYPDTX3bj6Yro2kt0PDqyAhW02yy1M=":{"valueMac":{"type":"Buffer","data":"TjD6GlnyllG8TYTutC7igwejbhD8eSeaqqM19+y5Wc4="}},"NJi/7Jc09LOuEqNQES4PlhzyD9vqMXx8/isa1nZOALo=":{"valueMac":{"type":"Buffer","data":"wBze50bwsnA/rObkRHcGCYumsuzEOuaD/68VO6Znayc="}},"4jrvt+Qg+eFKnmSr+qMCcLqZDnKdCtnWYgP9QSnfPWQ=":{"valueMac":{"type":"Buffer","data":"Id1ebTqpNN6P9+1e/pwmlE0y7AZuUARwKkngXnDmO7I="}},"Qm8wjWfgdU02ohQm4367p+EnQ+Czr+y3bXselUlG1lE=":{"valueMac":{"type":"Buffer","data":"V+hdAScNQ8pOrW/Gh1V7Y+YHOGq5NCcL/Yf8O+E2UC0="}},"+hJiRpdRPtrrQNCShk1tLw20q3jwd8qgyjgtw4vTZ24=":{"valueMac":{"type":"Buffer","data":"sEZSDTjicOG1yN6KCOQZfCPF1hg7j6SB0AFAp/by70k="}},"w6zSCxpcqM5Ji3spAB0mEvJiEpwJCfBh4+ePnaZsF3g=":{"valueMac":{"type":"Buffer","data":"BIGqa3xM+b9TDUoO0InA7HC7gHsCQo+KzcE4hgBQiJs="}},"0GY6DtsSELDL4yZEb8IfxLF2+PsNrYc3bzXx8nSzTF0=":{"valueMac":{"type":"Buffer","data":"+I4UruIUuTICrIItUPOEpsveV7LjP1Q7JN93QIolvDM="}},"pm15z9SsA2z5IPKc+PFvq/W+0+lmCZcBNqq9go6BxHI=":{"valueMac":{"type":"Buffer","data":"+OTPVHNPHVP53lm2YgTaBWAZ9O6A9RkLzcF+V3iLu0I="}},"xtMHoBTYq7ERU0QYvHPh2zZd2YnYVgXnBOtnYAu7HKM=":{"valueMac":{"type":"Buffer","data":"aQsSSm46SgfNsCK/B3Z5JpRPbuC5GeV5vIPT7fCO5og="}},"0EwIupw+HkCrUlIhS2PoKjqY3e+B+PQu6tyfXnr39Ok=":{"valueMac":{"type":"Buffer","data":"EI/84Rfp2us5v2Ae7JXEV9k7aNOPx2jfbhlERUH47vU="}},"CwYQgKAjLyU455SLeSJ83+1l8MB5znz8JOAWc15sgqU=":{"valueMac":{"type":"Buffer","data":"/RgymSrwb/fx9dQlVcyEHURbYk/OwQDNAm2RN0ds6Hg="}},"NnkXVdAnhtYMN+k64nXwuC3neH8MJWdvZnwMwsnyKSU=":{"valueMac":{"type":"Buffer","data":"02msO/T0+clyvcaJSIhGsmRB2Mvz0r/8bVKncAh04Ws="}},"SJBu2Drq+qxcT6DVD/uHdKhb1cTXsINqNSwvxfB03Bo=":{"valueMac":{"type":"Buffer","data":"dy6g4XS6FXQPSvmAeFSLXfGXx3qP80zzQlMUmmjhfRc="}},"tMODzexfe3vR9O2ZDc4zFJ5SeZOYuHsRGz353yiJwQ0=":{"valueMac":{"type":"Buffer","data":"T7cFeO3u8BIRghdC6n66i3muCGJx7uEnZrDHhtynCQ8="}},"oi0sCoJaNeNHBLEgxGAw2535+ooreMmGiPB17ZA2mnk=":{"valueMac":{"type":"Buffer","data":"Ur9TIM9rPVl7nX8dB51VSm8Hmm5L0TgyM3+/WjFXv0Q="}},"rNWq1lfRfahklhZ1YgjVRAIw64BkjUvQST7ieLICBTo=":{"valueMac":{"type":"Buffer","data":"1APabPigS6qI+tbMoUnDvnZnQsMvSRmYUwJg0GfD4+4="}},"/PrROpKjcXs+XQGEWCiD9WFMglPVpG/jeWK6z21FvPc=":{"valueMac":{"type":"Buffer","data":"BxjsG0BbUE26iu2BdWrlkVkPBzv0s43sYmWqQKrcRJU="}},"+eTRQT0yPiBZs8ljvjv+CXBLIzzsuzP787paFVHuz0U=":{"valueMac":{"type":"Buffer","data":"zlYaMVp9GdHOHKUgJpKVFkLLID4+bY7hUXMa4fz+HRM="}},"T+yNzjQRBJKJ/UQTZliGllqJ06AbYj/jQI+rmK1B3z0=":{"valueMac":{"type":"Buffer","data":"qAxSLsgf/iRGcERhQOpIjnbjOh+3zzD0qDU1Lmh2/Tc="}},"61jeYrTw5raXLGID2zK6/gviodoWH3J7GpQajnq6vFQ=":{"valueMac":{"type":"Buffer","data":"2bdWEshxhp9KVYmXxPJA6OpPMbETHnIjZVSP24qm3o0="}},"14BKTJN++HI4XUZ/7GvmSeOlPO8dMcOyFpb1RXqBtiI=":{"valueMac":{"type":"Buffer","data":"MXIS3Xp1cASGpoDdesGUM93pWyLvDYKV1AMkYjXwdMo="}},"qwKFvoRiTmGuwZhnLDJ4h70ULgrSmhwJSwtkBFCvnb4=":{"valueMac":{"type":"Buffer","data":"M/bDY2V+/ZCcdYaLHWvl03xOF4FNPff+pJSjnlC/C78="}},"RAl4HxAeLwRYobCnS29aLguYJYmsaxqGwIKZrRx0TkY=":{"valueMac":{"type":"Buffer","data":"nN6geczrKUb5iYJ3QyK3Tb8GsC6MTuzuAkQM+pqMaR8="}},"Eeao/ZLyczvHIUBhWFp28IkmI1uwnhGMfrWyq5uOy3E=":{"valueMac":{"type":"Buffer","data":"iTbSzAkVwYxuARe8GUy/gpjMlHCsIUH2ixGZU1zaWZo="}},"PRQuKx/sZaeqJkYHpl0tszMHQEpZOFsKFPLLQHXYMnM=":{"valueMac":{"type":"Buffer","data":"HHtLEYDcv0lwRkFFZNTCgMge4xYVy8VOi9oNQ6hG/gQ="}},"Dn0TYnFF+EtSyIEid14MDhRA2zBn+14cr9MiMc5qyPM=":{"valueMac":{"type":"Buffer","data":"3fLoZuicgSy2EKvYhlnBXxV5BoSzfC6pPqHm2sIpfkA="}},"9X29k3aNLdHzGTL9ZdWaMHJqv17oYgROtP6m2IYAi/M=":{"valueMac":{"type":"Buffer","data":"VkN3oCZprospOKB7hxUeCiP+GU2ph4h3epF0x9shijU="}},"25ot6jhwYmxU3AdgXm+jzSfo5e10e5rf23qFPjP0wMc=":{"valueMac":{"type":"Buffer","data":"dQBd8FRP+LWwZv9MKy3164CX04ci1E0k9nQ2Gy5N3A4="}},"2o6+e2zolPNWzyr86gdzihc262Dydd6o1tLPns9uLMA=":{"valueMac":{"type":"Buffer","data":"gOwPb65IVc8W3c4zY2Qgwa/yyP0TTfUyxEXjzpLNk6U="}},"AaZgE7mu/L/PwxCrcD3AQFcSQ3TTvF/5ZSFZys+gezM=":{"valueMac":{"type":"Buffer","data":"6qnb+Y3ame/DHZwLGgqifLAOvPpN9/OsLmJOYxGS8MA="}},"Yg63+LZgGCbgaIbuUQRQ/LcSqGdy67TZFfCzloDh6Qo=":{"valueMac":{"type":"Buffer","data":"D6EpRKGPNy7iTtC4arwSaEu3ZbzE8mduktU6TYubSQE="}},"8zHCdxo194CPAdph621mrkHULcXsTe04wbkJecIvZFk=":{"valueMac":{"type":"Buffer","data":"j0juFv7oThCkEmHfxcCAb4B1TkuXEcUCtqW31OKYcp0="}},"ttUfbl+xoG8WZbdeOVJ0pxT/fvDZv4MYks/ydE43mkc=":{"valueMac":{"type":"Buffer","data":"C9sMi8Dgn+uVs7zCYv06AUEzksk4Cg0aIUBRiHAi3l0="}},"CU9zogZy+gpU9J0dEXv48GrddpkMAsAP5f9v3YnBFKQ=":{"valueMac":{"type":"Buffer","data":"P0WtGqBn0Nluro9vuwOLssVTxrj/rZFTVxGfOw8DBiY="}},"EpWjpdNAokNA8ghHKYkSgVjsLkanhsne+I6+tL6y4Z8=":{"valueMac":{"type":"Buffer","data":"nd9ts+BbJZ1ZSoMZ/AQTpEOQzK48DuRIzB+Raw9H/58="}},"qljao0GjGrnJz+Ee0ntSk/IvtiXyE0mdDxf2vU1GyKs=":{"valueMac":{"type":"Buffer","data":"0JXghaNWZebeOx+w3Utt8hHTCqEVf+e98wfu/hpoG0w="}},"+Z0FQq4Z5uRCc1VSLGZrxPi4+vPbIoC/GBP3yRID5YE=":{"valueMac":{"type":"Buffer","data":"f0MJ3Q8cM9FC5QXnmwSpPH8Ji98+uBqxn9flGDxQTgk="}},"nlEIGG4czCzPEzHsM/VcCpWUfXpFQUP7C4noygE29VY=":{"valueMac":{"type":"Buffer","data":"xCl5onvTDw7fqqmwkNfyRxShlRPO29NO9WOYnnXYfhA="}},"WgpoYqNwnpoa+n9miJtay4dkAjsxLIs+/zvhBRlmn98=":{"valueMac":{"type":"Buffer","data":"wSma92aZ1Ws20LyuMHJfSSB9XTznkjh4qSHoH3FixEo="}},"EXByg5n53Fga7kwvbaPF3YlNTwFu9nlt12V2jZSzbgc=":{"valueMac":{"type":"Buffer","data":"9fzCN7E+G3gKMuu1l4cv6xZ69opSL1JCMguRk3SjWo4="}},"SN5R2Nn0DvUrgBVpng9+84kYYRwbQN0JuKQhlaBKmQA=":{"valueMac":{"type":"Buffer","data":"bRH3vXgzRoer/1Djx8hJhBn04IJEVYxShKvr9yR9eKc="}},"NYVW032mQoKNmmsEYE8pRPZ3jfRwu1TaQ56aEq5t7cc=":{"valueMac":{"type":"Buffer","data":"pf+3c2iWPlP60RHSzWTAldSi6yCg4SkHXEw4c72koWc="}},"bqU+14HQ0CVseuK3g76IG9xpxzjXT0064co17ILZ1Io=":{"valueMac":{"type":"Buffer","data":"vrLdIxydR+Q4YrKKor5gpC2AMxdHwF4krGmX4pb2a9I="}},"9MdkJz480cnlv7YwUIKu2F6d5o2ORXKk+ngmcBzBg0A=":{"valueMac":{"type":"Buffer","data":"wKn06P0ujd088nkLkqMGdNf+0u21ulwSEijf1mSXyww="}},"/IBNpxHnlH1uOz4sEA9f7QH90uN+As6vUtS3zBxfP6s=":{"valueMac":{"type":"Buffer","data":"XzTrZOEdEMf7mJWBUpUCPx1B2V7pNjig8WRDuDXwtGA="}},"p0nCaXSU8Y4yHGqHm4IylhZIVY8HOboBnm0LOSirvx8=":{"valueMac":{"type":"Buffer","data":"kCAPFq8I6bBQaFN/DLMDGeDur/VYSdsQhtZo1AFj05o="}},"XxD2Hkj9TcO9aHwjjrX0+kn3eL/tcFnD7sPNfUPXCfE=":{"valueMac":{"type":"Buffer","data":"3/JJV08qTr2Mz7PjFF5tlcwkv66V7V0HQrss+gHLGCk="}},"4VHGPg1iYNVx8+sMN8LwiJajhlV+REwlCxbxp0IkyBw=":{"valueMac":{"type":"Buffer","data":"HoznyvJPNyaYeg7zqcHLHLVOOgQ5aDKBrndVzHbWtos="}},"igFHK1jqOdsXmFE40Er3WhLFmPGpEitpnM/8vsgYGuM=":{"valueMac":{"type":"Buffer","data":"aYxTIRwS2AbOe0M6KRcZUmNoAYy3z6AURmdDklwCDII="}},"YmV36c+Q7sP7UipeJWySbHSRRcZynAnDGuQHHnlchBc=":{"valueMac":{"type":"Buffer","data":"BVGMRBNDw6E9ry/rWi44frbmWkprQO7QmpWtXyNtCIk="}},"RQu63pCUG9M6zEBH7UFnSfe4ribzdD7noP/+Ag8zWj8=":{"valueMac":{"type":"Buffer","data":"2h9T3w6Htj5AxB2wyurqKMa8OSfvOFPZj1O73zrmAYI="}},"YGX+LY2QcgKwkcVx3fCIpuEAdcIK9+5QOmGZ0dxLhwQ=":{"valueMac":{"type":"Buffer","data":"v2/j0twhg05BnAvtxbG51sVflrEye1t977pSHA7DRIE="}},"QVcv/Fu5VhJTQ5tGjC6T3mZAk2llJxKolF4h7OdgBNQ=":{"valueMac":{"type":"Buffer","data":"UrOqISa/LWSZNzJs7880qC1Evg26LIt6CZ3ThtDwzew="}},"EDx0M7/TmIDEXQuUBq/KJu6+zbiXrZnKv9+NBc1zapU=":{"valueMac":{"type":"Buffer","data":"GVx5Xo4pqdAR1E9UOwvrEIAsYdiHqanVQaBu6plKqWg="}},"gBlXNO9FLkcvf6fSu7LLT/jWlKP7dgT8I+AI7Wqle3k=":{"valueMac":{"type":"Buffer","data":"6xWHjAvZLbrliWrzgbn+3JnXkHlhEfUk+SfVyvxs/Sc="}},"2/iDQ6Ac2stvEehM7ibqb2T3lYzJPVA8VkwMdG4xDnU=":{"valueMac":{"type":"Buffer","data":"awAPQxnb2dD00iWhJLFh7VUCvgmfcdxpkqy3Q1UZ0QU="}},"vdjcgPyckUXRwJMRQu8VDF7Xbfi8EOXdvdoniLmBVsA=":{"valueMac":{"type":"Buffer","data":"0rg7vltC7MGUOycNxvF77eISjEnG+bWhahTGHx3LIuo="}},"JvplDy7IbmGCcZuObtLiQDDWwNbrov5JfUYoPuhFzcc=":{"valueMac":{"type":"Buffer","data":"kNfLOD3cusWYFDAvOeoWtjaAi9jIQOx+SJYYk1FBfDg="}},"mkccIgeN6qU9BZru/HpirXhIS8Jehf4w24ANwDGc7k8=":{"valueMac":{"type":"Buffer","data":"12T7D4WEsNZGO+kfBDxJSqNZEnFDBzzUbYntKdfR+b4="}},"iqv9O8QXVsB0OB8GDOFX7hly8v8HxpbwuiGjaObJWhw=":{"valueMac":{"type":"Buffer","data":"DDkdigQmHXVOPKMim/Kfy12xrVtltYugBkAdXJ3uoVU="}},"Rg4fFys+z1HaunGpo5KXlZNrHV9O4GAMB/892lGLX98=":{"valueMac":{"type":"Buffer","data":"q3m0pzryP6+kIrZwbIrTbkfm0+eEjbhUKbgXdEEKrN8="}},"oApZXXzeg6NMF5DgAov1oTlQ8ZRAbxsxFaOnURC2+A8=":{"valueMac":{"type":"Buffer","data":"fma9jVcSOgam5LUcesO9K+ue/tN0Ubwhs7OEPIGRUDU="}},"jlXWfTsYNN8nt9NWEJBd94qYQQAPGOPL9JehZcL+PQA=":{"valueMac":{"type":"Buffer","data":"RkqV7J6tN0D6LsP5SKHT837nKG1+4XlVTfSw7ZUU2Vo="}},"aLE4wR8JGiarydt0Ld+tjzsTbqoZYnKmFDq+iQOCTWI=":{"valueMac":{"type":"Buffer","data":"rTNSxZb6YAti4D8/FaU0Lx0dMRV9btQjL9fDNqT9WQg="}},"HGE7dchsFBe8LwhlnNXvUCWcU+riIrVnMRjSm6XaBkg=":{"valueMac":{"type":"Buffer","data":"XVmKi6pXVOPfvtVL4mTD5Pti9EvdifIuZQv26mLUFkU="}},"86Dk851ahA7Igi6sd3Y0BiwP7mWEcsp5hcShdGCZBZI=":{"valueMac":{"type":"Buffer","data":"CqP3Xu1dAdHPA5qXBRSQAGgoVPhO42eziCX+hQAwcb8="}},"oaBMwq/mYAVs1ISS9lHxi2zZDE5T2/biveBLc4HjO3I=":{"valueMac":{"type":"Buffer","data":"Fm5OEjn4nVI2eqKz0edQd4CQHeboIyYNhJ1NmLjBoj4="}},"DxeIRR7hOQM4jzBKFsStRFPXkoUo2Dbz2Ag3Vx/tNrw=":{"valueMac":{"type":"Buffer","data":"cQb6Xl8L2ottxJflKryAvvS68TnmTOmYF2lfUCihc7E="}},"7A0DilcWqm864kK4VE7GwKR1gyUZJkQTPsfjMAZ5FFM=":{"valueMac":{"type":"Buffer","data":"O7JExTJnYjBDAod0QdhmPNrzz5Noh0wbO50fDvInLWY="}},"SDCyXVWrCrwNbkiz92ifxmFbXvBz6PmWXDAJGjtCE/E=":{"valueMac":{"type":"Buffer","data":"z29tgHGE96Qdd4jidGEd08jxp84d/Y8VJ5jd7dWnUpA="}},"uPnI8T/gj9c2UyIk7BQTK0Z5oaZrX1fBqzhMfCTKzGg=":{"valueMac":{"type":"Buffer","data":"KBI3NTiIEUO6sdOqJ9r5nQ5OJQLWhNNI4JA8GTpmUe8="}},"ZZCn9FN+WN5Dp7BiDH9oLY6lrEnDxSZm4LhLfvOPv5o=":{"valueMac":{"type":"Buffer","data":"hBoCclh8Jl2TFxpnyNHcf7wNGIxjJczBaR7HKs4iRUU="}},"4v7RIwM95jEq691wBhOMQDTMjjhSJXwnJ0/p2/FZej0=":{"valueMac":{"type":"Buffer","data":"tUIrG9V00kE315FfUsToM8HLsWepgLXMR42B7bymSqQ="}},"NqqaiMioIR5XN/owBUsPFsM8BJUoEnovNudCtw2OMYU=":{"valueMac":{"type":"Buffer","data":"ruU/lia4SyO+WiZda7NBCS29SZkEj1YvdtiV8vVMi3s="}},"X3fl0oO2I6lbjAzVW6n/NWEBJ230vXkTmooE8ZR4h2M=":{"valueMac":{"type":"Buffer","data":"mSm75OUXMrXlyqh3TV0M3moF/uJIBYveBONG5TPaAlI="}},"UfQZfRTUAKp4p5/oRe5bnpWhsUrlIM4PmHHQn++htHI=":{"valueMac":{"type":"Buffer","data":"RjNiWYcbRs/qzBIqSAZ2YZLFn7UwT9jO9m/VO6exkQQ="}},"2VJuCOApsibzxCILZ7Edjgu4QBpwyv3pQGtjiT45afc=":{"valueMac":{"type":"Buffer","data":"s5AeVo3OakZpdSBPSgYzaDWVBGSoba4zNbLo8uCxKMQ="}},"WyDTGR+TD9LCuZHaxrThsQfFggzS0LFFWDpMON6KFlE=":{"valueMac":{"type":"Buffer","data":"MMtNayH54ljKjJz4wiYeB1GDmAAKLgA/5HZ/HEo+cYs="}},"I8ZxAmQUjPFxERARX/1h5lg2AiBRq1EyAamwzdmezyE=":{"valueMac":{"type":"Buffer","data":"CHUdMuNy0hlIRBLSr9fwcJEe6540nomtd3jkbspX7WQ="}},"7SP5MdOhmv+GZvSXRfgRTyMjNiKixl0YAeixB4Q25rM=":{"valueMac":{"type":"Buffer","data":"xmvmzM7NAgM8Ud7T1iF1pPOyV0wxFi8exP0jjl7rciI="}},"SnkkNe9NL8zVF/8QJTZy65WZ/v3bIQkHPmzH8KQIDS4=":{"valueMac":{"type":"Buffer","data":"HROKiyjpdZ///QYTnjh/NW7DZO+Sq/op8QnvrQtv7J8="}},"232QK2vrBqgmEVG6DUBFwVzoNaian2vOiyrFGT09OlI=":{"valueMac":{"type":"Buffer","data":"TqzV7lKD4ZYp0t+fkU1YVF5bTQwlREnfG8JOeHlQvaM="}},"AtPMQs7tiMxfIXBPbx3mAAORtvS4jqKv2P66plRn7VE=":{"valueMac":{"type":"Buffer","data":"X9eAeS03he4mDLd8OGr2abUhYfkKd4RDHExLqflkfLQ="}},"yUjRX3C0m80BWTUwDCvw5dx+js6wpei2wFoOSc86flw=":{"valueMac":{"type":"Buffer","data":"XXvTPEBosrGIhDF2DEwS60WLuKHTWzSforf6Tkp2khQ="}},"0bKb45rKc3b8gAQwP3XSMek1pdaBMlkEiEZnh0wIMdQ=":{"valueMac":{"type":"Buffer","data":"ca5N5qiSl7oDQfLRDLXpPqxHJvsK4H8P6pTT7MP/KcM="}},"tdP/DENNLVhZs+Fbqbt42JvdIclb0iv1d4VuOuBCKgo=":{"valueMac":{"type":"Buffer","data":"khx7XFNTegG5K2p756VWymR9NmGPT0c7xGm2tom9mWs="}},"0EIt/5WASLj9xw6kSgICMxlYQSAohhgb7YnGL9p0YJE=":{"valueMac":{"type":"Buffer","data":"V5tsL2VNF/G33scEe+03UE97oY2b+g9Xdgdi9xh4vsY="}},"CI4lv18AO+hZNheC7xSxrajKwBOOIEEQQeRGZAgtojo=":{"valueMac":{"type":"Buffer","data":"riQBucLgHKGP7c4n9hxhFOKV0atT8xZD3wVgf1u3wjM="}},"B7bFYDEvft/XfxdmYLshBQ7dvE7HHsBXN7MW7oPtkfo=":{"valueMac":{"type":"Buffer","data":"V+aVj/AHZIDeCtnVE9OPoELm9Ngpe0yksMCQb6Qj/YA="}},"GqDHRjL/r3OfDt3P3L/gYCV2zU7IakhuU5QJzqZVhIE=":{"valueMac":{"type":"Buffer","data":"gV2HBc7p2iueVxHmf6Ez2FWWFt6zEU0rnjtJDi1QU44="}},"BKxwFkOQWpCEtCUgIxjVQ6SrvJW7uPJgQ3ucpAd6+jY=":{"valueMac":{"type":"Buffer","data":"tJw53fXeL+l9oh1GRAY6qD4MB7uKcynwo+PTOOY/1dA="}},"w+5xWgVqMB/MSpAiHazdtJk9hJsXt5cixc83xvq6cUE=":{"valueMac":{"type":"Buffer","data":"1wuUHkJ2lutoppj/J6zxWtmiw627A9UGGoi8OsQV2l4="}},"IfOfPsvLLP+PGAum66qZ5Qjstn5xqq9T9ajnMqXSXVw=":{"valueMac":{"type":"Buffer","data":"BrmFZ7u9+Eu1hvX3ThitYQfxWvuRLOP6JQT4O9Hp9L8="}},"v44TxfgK6usSdxokNr16u5ed985bK9zMzhwo4kfRw+I=":{"valueMac":{"type":"Buffer","data":"VYOZvoN6GaII+NjCA5Yfiy6oT6cDSvXQFAUCV1KHqw4="}},"OxpZ6um9VAvlkNi5DN7+y9r+T76sLMsoGuBEqci9Pik=":{"valueMac":{"type":"Buffer","data":"xcccDteG/aL8EVK/Zi/IOpqIGxpipoRsHaDmSPr0eSY="}},"XKB4msddgUZ0XXATHDhpwy+OZPV/sBZoRtagbWedfmU=":{"valueMac":{"type":"Buffer","data":"bSP2VYL1yEhpoUCsGZINsxULkAK5JJEi2bOpKt5L6ZU="}},"9cjVuASsJvLxED0GoLk9j7NHC/YAr0siQjL7dum9d6g=":{"valueMac":{"type":"Buffer","data":"R27mYfhlibXWXg6082jTvJvLalv5GIS368fQL7eT+Q0="}},"0EF+EYxGRGIMUnhuIdr96xHmZo/nVAqg7ABZvrIwViY=":{"valueMac":{"type":"Buffer","data":"xfgkOz12eyyMwT5qczmyxBJ5ZM1caEe9KyMRw/EaMlo="}},"huSe6Ay4AAoU7ZP/+Jfeb8gQLPMxHnlSGrCc3g0eFGQ=":{"valueMac":{"type":"Buffer","data":"1ECm/O7e0PQu0xLL4PST2iICVp5PoiJQdwD1/4Of394="}},"S9ZVM18y3k6XlXbqJUx83afC6qeA5D0wSFUxwFb60kw=":{"valueMac":{"type":"Buffer","data":"YPed+k3BXBa9htFZQVN8HrOHl+bJTsE3tFZ7i+gBu5c="}},"unNirNNXRk2wN7dbBYRk+AbX3T8bmd/uHtVo9WcLuE4=":{"valueMac":{"type":"Buffer","data":"ywrOZDvRy1j0uhZOY0O4hA47Q5vKtwcdW5C3cdxb4a4="}},"qtV5oEFA2y4k1IQbPdvecoxPNLWnJKCeXrwgLhokxS8=":{"valueMac":{"type":"Buffer","data":"DOhmPontYnI/ktn3Se78y3Ou6nxBRFPGAiS9T/gk7ZU="}},"9Pni1iOjD10MQgEJuKhstAwzlbwVfKWYnLylWUhuoms=":{"valueMac":{"type":"Buffer","data":"pymMpAZh/kF18hOzFNuqrLq87DMmrPCnHk6rtF73CpI="}},"ATVK9AIBUSklyD5r+iLXaXafU3kMj0+G1wAzcIC+4X0=":{"valueMac":{"type":"Buffer","data":"EE0U0OhkU/M1K9kg0bkqt4rzB6kFuEaSNQ8R00tdzc8="}},"J4KH1/PEVmZaKB0zkFwosn19+YfSnccvTVjFQiRqpXg=":{"valueMac":{"type":"Buffer","data":"9X9boVTgkGFH+5HBClH42WohADlxANe8oD4bMywxpDA="}},"XhYWRoXhb5Za7Ai40v4wiIUKpPZgg4Jlu5zZyN5phg8=":{"valueMac":{"type":"Buffer","data":"/7lQlhMh7giLnVfh/5mJhqgtupTie+6nFIYRogBZjfo="}},"UnxiJOrA98J6aiGCxLoh32o0o9iaQ12XVWVyTIUqNLk=":{"valueMac":{"type":"Buffer","data":"p4lfesUgaKbHxqJYK0adLt44pyIZT3JleOTovS5eW+Q="}},"P/0wcPyu2y0az/AfC+kq3NjyacxpAa3nbLrJ8ovCkww=":{"valueMac":{"type":"Buffer","data":"VfEXzoghIe955AOAfOmGfRcBbq1RzPHVBiTlncA31bs="}},"D4acTPWKqIuE+jMmdt95qd/lpWrNtUCSzOuE0aGyipM=":{"valueMac":{"type":"Buffer","data":"31HaMzpzcrbOmvtnJgNqMA4mSyGJxv6ytPtHHrgpTJQ="}},"DtRraRIy7rb69TI51upIQJSeB251MzFiR+ovzTbJPv8=":{"valueMac":{"type":"Buffer","data":"+IOigqfnVDhAecXLddFhC4Ot+jBAQXF0rE7mFPw6Tyc="}},"Yqw+bPOvRJ3aTOMVAUGjXwX7jP4D+Hz8upOkkthKTs8=":{"valueMac":{"type":"Buffer","data":"lP5jCpgdYonBrjTUFlZBV4zSL0oigKe2H4Ks3ahj4Jo="}},"ILlQQ3QziDWZwXSrmx37RzKkRwAeD6LsfyHWno9TvkM=":{"valueMac":{"type":"Buffer","data":"r3EIaeludtm864vmY5fNzL5A0qczOuawCIY1p31symQ="}},"KlqZVvnH1YDrIVOvaQczKEt9mU1MpGInU+wk6c6RV8k=":{"valueMac":{"type":"Buffer","data":"89EZxbxLUdPjmqzo5wtReuvdSgDxFDK5zQtjob3DeIE="}},"Ew4INA0sFuHTnEDQFWy/2FBXhVlbMjfdVjJI2VzPX3c=":{"valueMac":{"type":"Buffer","data":"F77Kdg3XYq+BLWLLuRIUqdI44RoD4aS74U8xkDY28bE="}},"Yv02LlXXErwDNPpw4zJS6lDfxzLYNmgHRqAQX5ncr0w=":{"valueMac":{"type":"Buffer","data":"vIQQdjwPNwJcMtPzjMuInwlK89EKd7UlXfBD3RUCTns="}},"DfWvaGqvpEuLqj2Tgv7Xax8qgVCu+40t6I28fLBkWYc=":{"valueMac":{"type":"Buffer","data":"Y8jWk4ooF9aGQiLZAX3aWlovhUsVq6VXFETuPenw330="}},"ehlMT9Y8uwub7Od+k8n4mc+gDO8UYxqTGiR9bNp7ldI=":{"valueMac":{"type":"Buffer","data":"l+8mRtRG/p13N06OXTCfrlWzkgVQJWGmFVNi1qZdc7c="}},"3EbHWz47eOBfhpDgBblLPsJl6mnM8hqhE2voGh5yvsw=":{"valueMac":{"type":"Buffer","data":"EVMyMd3XLyjJAXdXtWh97VwvCinWhSPv4vboDDJWuxA="}},"FRBL1dIM9QJZCi6Ca4pk7TCmogfuDGmZKu1Y32TUTbE=":{"valueMac":{"type":"Buffer","data":"ZmwZGAyW/KjsUXHS+nIfjnhGLOEJ8qzHrkL0XexGk7M="}},"34pgviSFgR8SLU+8CsYRGW2AoMvoKySK7nwghLzPOss=":{"valueMac":{"type":"Buffer","data":"1Ovvq36EON0vfk59efMlh2daCN7VMx8vfa9KYamtqsg="}},"iMT7zutvkXfykIoLb7TsLJ6Udq0VhN6QPOygMH8waFs=":{"valueMac":{"type":"Buffer","data":"wGmV/aM864cwv0vs9c0IZgguDowB6P9lSb8OTVz1MpY="}},"eanq1DlGT3xhP76Do/gi4uObwUyrWy43ByvYUNoHGgQ=":{"valueMac":{"type":"Buffer","data":"yMQTq6MEc9hav+F7xA8uzlP3120aW0hsUfITbHiXxCo="}},"iKDEBEyRCLxaE9q1bJS33kHiV91oG4wA/piUKAf70Kc=":{"valueMac":{"type":"Buffer","data":"5+vqLcVqA3Pl51lFbeGueaedrxXIaXEmY0QqFNJrV7A="}},"/YY95zVH8aArVmTNa/sa8GavIKlhf7kSsvxRKCdmY2w=":{"valueMac":{"type":"Buffer","data":"LPNQSti+B+448eF1ASMr3LP3QiZ5wrqZ/wt4l+u2Te0="}},"O1qWYIRXp8kN09cmyMBOCdVePEjcFkLr5DIU5EpmWx8=":{"valueMac":{"type":"Buffer","data":"NoQvzqYVmYrV4eoduAawfrvE7HQpIUh/BklA+awSnvU="}},"zzaAFVhdJwpuGcNwe1VW3LfW/AI3fB+BULACaDjpMG4=":{"valueMac":{"type":"Buffer","data":"Sg1BkbTUZjrEHcn5kwSPuyMHq5oiWU9l12lBxEphww8="}},"dcStT/KI+CSjU1nQZptWhRPxeD1+V7NBGeQrPnPeLjM=":{"valueMac":{"type":"Buffer","data":"KUefz53P0wRy9beYEBDn523FAgYhtFqoHbqXekqoDew="}},"55vOMm3XUmemQKV7Hh/Rtt3J6O9m3Aykn/458vlK1U0=":{"valueMac":{"type":"Buffer","data":"YLDwiro0WI+dPCSWLFGxa9u2b7VEXjizkN7g9Vv5LJk="}},"HgPh6jYzrRb1I9yQMx4yVJg5AES5j2uiY7R8PAXtsYo=":{"valueMac":{"type":"Buffer","data":"FPhA3oiy6oRh+W80FrSV2cNYKjt+ABe16xm3loFpvVo="}},"btsPhQrlPFt/t0CqqiJ2rPMxI3VeaIEHhg9SLhCY1ls=":{"valueMac":{"type":"Buffer","data":"c3vAuRmWkzeN8FuJHz5un952XKX4yJqk6L7/+cMzoc0="}},"PLkrDEOPT996APa/mVs7bxlLKPGxr9163hE/f08GI2M=":{"valueMac":{"type":"Buffer","data":"GQitzwvEr8K4Ex5rjyPNuxTAZpQm392bX6BdcZbqXvs="}},"8n6hyviQLgY5PsKlf5kB9lekFD7B368clK53wK7Gs1A=":{"valueMac":{"type":"Buffer","data":"wQvbrU/cbTt0tjp2pXfSTuHdTSFjmbsDDkhoChq9yA8="}},"Fd1/i3APgsNFUL1Rb+RaSSv/oQAVqhDwrhPf7L6xnDM=":{"valueMac":{"type":"Buffer","data":"pkCABH5AkN9iYR+9rORGO0ODQNnchOIWvaZGjxqwvMk="}},"mNI09Av7OkqVS06WLRipHVZpusAuxCFowCg1YTdjrn0=":{"valueMac":{"type":"Buffer","data":"AX3fuwpzwQAgAxOSUAYMnx/e20Pd0K5ke5Ui1brrp1g="}},"nWi9qBlDhorecjoeiCiGqa7MEEWOqyVScpRZXr7E1nw=":{"valueMac":{"type":"Buffer","data":"06h/GBpJCIx/2zLwF3XXR41zspg2aQ4Taqyp9hTD/xw="}},"NUmfnl3LIHmJKrudBOIQf+wbXL7PDGvjbMKPoMokEvQ=":{"valueMac":{"type":"Buffer","data":"EolyXXADLq1kkok1WZNXMX0cyjXSfw84f2zvFp8Mvvo="}},"gwf/QV8gpLqTPCNJdHfTW4qWY2DvDnAog3o2YZ8Thds=":{"valueMac":{"type":"Buffer","data":"iQv61oL0Hr72RAAvDR0JnVYfOafycIpHTq5dIFWPw3s="}},"q++lPQoqi/n3AWxBD/Oi2JgN8eJQCVRGNnDWE00Z04k=":{"valueMac":{"type":"Buffer","data":"ep2u5ofl+MdGsuBfPm9y+p1OYPU8+mGh8Lp9tS2pYnM="}},"AKAzgMEcR84V2Gjkue9rd/d04rh3rz58uAhC+t1T5r4=":{"valueMac":{"type":"Buffer","data":"/pOeBeCl7zaJ0zDgqPf/iZxLVtDxMrHmmksEF90OFOo="}},"35R1L3JGDp9bgLzm0fJ4hx6dTFjlsFwR4UHBoOSAvD4=":{"valueMac":{"type":"Buffer","data":"09MHAKPzvHh+i7zw8dV/3nr2LX0LeVr4t1ccRbaGrsI="}},"PHo78n3hjP8nPdTumLRUGVk7c3d3Bwf8E6iWOSuqWsA=":{"valueMac":{"type":"Buffer","data":"LsqC5V2QepB80ybh80rlYS3FW/vFkGItnXXINHlpwTI="}},"xaFxhLRWIytZ4XPaanC/IGloliQoxQyw/W2MJYpMJbQ=":{"valueMac":{"type":"Buffer","data":"rzGDMEC78jp/cJ/Re/lwgWccS1hM5B8uoA2MI3uLBoc="}},"TtOgEXCoISpcWjiewXx2jPZDhTZZw+AX/XrrcMUgf5A=":{"valueMac":{"type":"Buffer","data":"R5pq5cKg+Zg6KmkfQw7haCdg2dACHX5lC266Ole1An8="}},"hT5JD9TsPH8GY9uCp0kBbkNgPHYO6fZtM/4K2wc6qPI=":{"valueMac":{"type":"Buffer","data":"65sG+xxtV/UDV53tHZA0oP7oktO4neQhRsLuvPwjAiY="}},"MDX7RKjhsfzI6JlslLDt9HDtCz3ewcys9Da+XhOBuns=":{"valueMac":{"type":"Buffer","data":"k/tX0VZo8fNKvwQ6VEUZM+e3Vke75fMP2U7qiqDycjY="}},"02AmDf0j1mAElucXmVtWm6cHriSkvxB9HwlDnPrHu/0=":{"valueMac":{"type":"Buffer","data":"m2/TOZsqoUR+3HdpeA4kbFuAVaUlzNTshSYy8Otseaw="}},"bjhpTESPaO6u/kxAvmgXPVfCGKPUnHHMeYizJg/d6wQ=":{"valueMac":{"type":"Buffer","data":"ic3kb1dJ2Dw00+oq8GOOrhShGXvC60APKTSEYDHOgNM="}},"bZw9dwLAjg9Wnfx/68zQ9llQY0UiyQZubcBORBpjk0w=":{"valueMac":{"type":"Buffer","data":"nog6/3sRn2h+1g12nWi1/dIS/NlqcuSAbDzpgCD4x1o="}},"9b3eN3j/RlltNLgfZ0p9P1oDeKnW9dXGUiQ0yvq8kAs=":{"valueMac":{"type":"Buffer","data":"nkt9xBqXMEfTU3lvLlqdgCiids3XiIYM0oqygNjqnYs="}},"T6P9g2IBwbWddXqNih+20I19mbm+5JEEdfpPz830kUY=":{"valueMac":{"type":"Buffer","data":"dVpxENtg3fSFGvNuhGIcc6IKjdC1kpSe6ZEjlx08+BE="}},"oH9s2oFNQdt7EWCDJm/JOsb7Yy3Vv6gQLqEuqB48HGg=":{"valueMac":{"type":"Buffer","data":"BP5kj7WgdAoemjb2ABTT7nunOsoNhSsOrLi63MFdiW8="}},"4qmRMHQdsuarEBaCp3MXvkxWfEuYn92Pt/ms3n/a1+c=":{"valueMac":{"type":"Buffer","data":"cDC1k+OOfY54FmPu9hYlj9v0ae4/2Dqgx5ghBEDl0HQ="}},"roPPM6GiwwU9EoVv46sf2zSQSrfkxkTnsgd9veIHGoM=":{"valueMac":{"type":"Buffer","data":"uUheD/kDosTNQ+27nkSFcosWldhjTe1WXYkYl3Jl5Pc="}},"eQjIlSPbdkJY/jLfNwSDfCfyMhOzqhb6NH1zPkpToVs=":{"valueMac":{"type":"Buffer","data":"lKLM3VNtjRJlxsHVmUJRGxbIjwCoPidgUj8GSKZ5JWo="}},"ZqsO5EP1mAWmIFuoNrVX9jou+Opfb8xgRyJL1WybYFk=":{"valueMac":{"type":"Buffer","data":"AZBMtLUjSyEGeRLmRVlc9lU055XnOGHG59YzhAINX4s="}},"ypDgbYsvECB4X4sTk2lAK1opYeK/K89ijHcgi7gn6Mg=":{"valueMac":{"type":"Buffer","data":"5KtbLmW+gKoJX5gKlWz2SyISAwSU4o1xVcae1UyuDGE="}},"rFiqDSCMgUWEUmbWW2e9CmTp7T9zkV2uQW9APdg9liA=":{"valueMac":{"type":"Buffer","data":"JMAGRxfAjeeKJ+krBv6RBcPVfZ2p38ZCH7hfz+siTkU="}},"nGkz84aJtCWpn2vLFNhNfW9Ujbwe8UDO9/YosytfYcE=":{"valueMac":{"type":"Buffer","data":"dZrzgyoXKbpat7mzYLvJkRweSEnNQ2wBLWCR0A8R/2o="}},"d+egJKkqhKkYAAgSrkGKrFFkwyc0y1CNC6xfYLm2/hM=":{"valueMac":{"type":"Buffer","data":"KL1CSzdwSkCbbH70UuV34E3b6jvfqhfo3iGtcA0tTJM="}},"rq5eEYmsf8FR3MOfYyNMwGm17HwAit9lBx69XRN7gjc=":{"valueMac":{"type":"Buffer","data":"26K1NI+0G8kdQCjqe5sZc7l0Yu8lG3STQQb/cTPJUu8="}},"Dp89PzE7luez79/db/UlmQZPXsRnUDosdvTu8FngIyc=":{"valueMac":{"type":"Buffer","data":"IH/SNjUZfhvJ8jy3UY0frTt6i3AGo66IV+D+JkpgrQ0="}},"F2sRF4BZLssCm0tkhZ1bdybeI9uWsdrq1D5dpEQzGwY=":{"valueMac":{"type":"Buffer","data":"e619LA7YmUInv0c+CWstJdgBMVPM/h4GJejSEjgj0A4="}},"WnFu+Acsb+5Wuh7wYtk17LDnddBSLUZ+HdNozPua6Hc=":{"valueMac":{"type":"Buffer","data":"xGOaUhL8AmdLIZeBEhq4xa+ZSpIH44CBS5GqEaEjaCg="}},"S+OhpNf8RS/PzOO0ZAv0ENaaMLB2h4NFiIznTCsmy1s=":{"valueMac":{"type":"Buffer","data":"OzR8PN3tf0BJJyfGxTALjlX7cIBuNSr5Bhuxcsk1ZZ8="}},"wkuiIrT44sZwN97YaVKfYxx5Yo90R63TkfDtzVG3R+I=":{"valueMac":{"type":"Buffer","data":"Y43ws5aysTpeB3bxkB4nFEqp1rMxWMfnZegtLvyqYMA="}},"DLh66FnVqOltbxkOwYp9H8K+a5cd7PY8OT8DuA0hBVU=":{"valueMac":{"type":"Buffer","data":"aIRr8upZdqmkNOu3DScT/YGH9NSyx0ZZay+VrJorpSw="}},"4C193lk4IXbf85neKgPLTs2YQ7GU0vVQLhw5L9jRzZI=":{"valueMac":{"type":"Buffer","data":"bj41bg74EdM5qf3shq7LpjeN5RkFc7ahzGbUMYWPFIc="}},"GaAjCqKwlPtdT4WZP7LzAKkeypV7cMA6thEb8NA5Rn4=":{"valueMac":{"type":"Buffer","data":"wQPUmFurP8MVYh2ERezVQdMncsslKK2V/8hROFsWTX0="}},"Xk5Vb6cGAUobzR5EHd5Cl7jrDVvgAx4yZpeURXr6+c0=":{"valueMac":{"type":"Buffer","data":"BgwKJmGEnLNN8w4BOQBmct7gYEXwgPUTqpwXPTQwCfQ="}},"Njxtt1JL+ezgHP7YeJG+cKehTAS7SUI2YlkvYxqvwdY=":{"valueMac":{"type":"Buffer","data":"M+wV4j8aK6nCDUKXA1idSC10iewk9egHfdAby/BH89A="}},"Xa6nIXQNFPEaWJljMsuxKOnU40VgbOvljJTOrjkV9js=":{"valueMac":{"type":"Buffer","data":"4f89Gm6CSiLtSuRd2Ri2hdNnkU5isXpfWWgp9oocPH0="}},"HdBnXxHVBcm2b/q1u9Ni+yX9eI2gYaDU0c+Gc7wkzeI=":{"valueMac":{"type":"Buffer","data":"zNI0OdVkNOWDh4z4FcXGjb9uH9b+2fIJpPm+AtXEY9g="}},"1sF2eXbQQFXjTxmA9RDwUefpLopKjWVsZcxVex2x/vE=":{"valueMac":{"type":"Buffer","data":"z+I5sW03W+gvN1ypMK1wx8z7+XIox27gv/L4QiOEZjA="}},"y98Ax2c2Y2ZNTAMsZxy7b0ovzv48x7k7mX6IbKSJvBM=":{"valueMac":{"type":"Buffer","data":"OVYxnaUW9m8LMUFLMCs2oqgH5+BpIVcxj8dr/HIbkcU="}},"p4GqLArpbTKbDoAO1WGzk8ANROSuvIUyrJs/M+siygA=":{"valueMac":{"type":"Buffer","data":"/ltsNUHMWw4mPLPFP+Fww+2dgftswO+VY3ZOIcQvUbI="}},"boIQegtvgx4GssceqVxpH9UY7nnK5SoM97KuPR2hH3w=":{"valueMac":{"type":"Buffer","data":"wRNcB91XCobuITwzC7zgvoep7q0RL6O5vOQ13SeWjwE="}},"+FGgaYHcA6hFfUanwrP3X29bhHHhurt1wFGuU1ThbL0=":{"valueMac":{"type":"Buffer","data":"XJ1d9/WNO0xeyo9E8A8Zk1sjqQzSNfTPuPQ7ZcH0Dzg="}},"Cf/rbEzULhyPnVEil3SU4tp6YdfHrV9ytOwCWUPtaVE=":{"valueMac":{"type":"Buffer","data":"LrAP4qR1iGz5f/nROwoVHTH6nAuhTFbuV2d8PFnJ9ZQ="}},"7QQNxiZbZL83/wll+76WS5/3zszcAFI9ZTO5yliurZI=":{"valueMac":{"type":"Buffer","data":"NtFbtBMzjAVTL4mqK4jRPEeScQqkBJi+a3F7ljY2mnM="}},"aGzHdz1MXXb3T9F18lffte2Qwine9+HO9w7jPlofndc=":{"valueMac":{"type":"Buffer","data":"zYjbaDqJDmeUSwW1OMKjHwgUUnDQV7SrfrsVjgemZUI="}},"7U3+UOtODMoce5T2puERaYqHeNrwn6OT/jXRNC0pfAA=":{"valueMac":{"type":"Buffer","data":"iqdLaanhbXdKmGIaiQ8RSgA17kK6uNtjjk+G6NgVaFg="}},"Texd2qtch6CgtDp13Yzd7qAd44XQ6glOpESRXDkyRqY=":{"valueMac":{"type":"Buffer","data":"EQlEhr4E69KS5NpPUuQZplPbMvoKarY7+wNboRlCzJU="}},"nyfHW5DU6ugLfrKpSqDWGQilmITsjJO7yPFVh+61SqM=":{"valueMac":{"type":"Buffer","data":"3AD2/7i/9U+KZ7yRguqp1UVFKXyvKmp5Zm9XqkMrNWU="}},"nApWlOINtHzOupSBKb2sfZa/j+zpCsyZ0+gNX9jQg/E=":{"valueMac":{"type":"Buffer","data":"x1kp1DY7/5uOcPnYOHEm6yGxvdO8nq9lJqBaS2EaNRU="}},"eGzAblQf8SzFsTzYDtU0INtFfhoR3fRemokKt1k5zvU=":{"valueMac":{"type":"Buffer","data":"GUlegIbFahSIJc73QX4IGwt6vpw+Ppw5ZQGeEu2X6ec="}},"A4OZ5AHpEuYKvLXEY16ppmzEgR+xOk/8cxnz1CE1ueM=":{"valueMac":{"type":"Buffer","data":"ZgKwxlxY02gtyr6IviyjsbWG3NyJcNf3iuZsq3qTHm8="}},"FDJB9CHgfM7wcMB6ZcAI2pki876DL6l2pwkTRP3B7dw=":{"valueMac":{"type":"Buffer","data":"OnJb6cOdz3KWYm+j0+YKGN7iAQBazL6Wy9sRVviJseE="}},"0q7zD1d0xExbinORStIkSQN/z2Nk25n8TjW5yMVaSvY=":{"valueMac":{"type":"Buffer","data":"8f1y8jHdKVBh+15gxv7xIbrtMXL9HL+4i0OBc8bu9lk="}},"aWguYfsv+niKUWWQvEXsoMIDWnxLnzFkC+IxkMkFNdc=":{"valueMac":{"type":"Buffer","data":"iRbnXa7s4/iL20Cjzo8vP6ueqL7ZYxvlGx+deQAmW7c="}},"KncgMKqp/7zS/m9/mWNqjQdWcvURVNRJlyoNr/TNHpU=":{"valueMac":{"type":"Buffer","data":"tReIKqlCM23nCiEYhl8YHHij6eAxgQm+k0LEW7guIr8="}},"uRgoEzZIG0GOUUHf3qf1qRNjwtKEHJ4Es6+lCm4a++o=":{"valueMac":{"type":"Buffer","data":"sowPhDkq3VguNBXU4Pi4FgJ4LJebtHYjH5bR/sCEGrQ="}},"Uo4oTUTVGoIxVldZWO2D4R5CX57v/8MmvqvLFN1xOyE=":{"valueMac":{"type":"Buffer","data":"w3baZj+SBpMhGbMSisZBsOfqt3aV0WSmOH4PybMpwB0="}},"63ZLdCDv31Q2yf2EeIb0S6V2AThJm9k9hOouCtqhong=":{"valueMac":{"type":"Buffer","data":"fKnkn2Y8441h4hjdjRbPR+lj5re417A/5NrD8xHCXR8="}},"ElcMMBjL4XA1Y5fC3498ycxKaNcdOZtYWP+OB1/BZWo=":{"valueMac":{"type":"Buffer","data":"EXLBCAvxwfAaRScz16hcaGEDAbm+o4hMM8T/WDI4fQI="}},"plwNbelhEYiDJePHou/C4REqqjTluxKcMeFH9XvVeRI=":{"valueMac":{"type":"Buffer","data":"hJkZmVjqjvgsK+CPUu0hJbY3dMwRm/t1xZBHMA6uekU="}},"k+7P8R/8OI9OEMQfWFltqALDxxweUwqjB67i970GuIQ=":{"valueMac":{"type":"Buffer","data":"4NYeR2OS1r8mXAff5qhLqdG5qn6jw5nVkExVPRu0J+Y="}},"gX7AZSrFeVPa52NgvoIu84pEI9EAxVKqBZ8NNqBqedo=":{"valueMac":{"type":"Buffer","data":"2W5+yD479s9CWcBi+JfVck+c8oWQic2+zVHPtjre9t8="}},"gUkem5Pk2zLjSRKEkdg7hG9DzzYLXHcASqyOrvTll7w=":{"valueMac":{"type":"Buffer","data":"XDyObI//hMWH7CVvyIkZOcanH1YnciYvWgCD6JkzQnM="}},"Lk34jtcigqyXrW1L2ZkQ+IHlNMLR6OvY+U56wDMrZzE=":{"valueMac":{"type":"Buffer","data":"nMBM0Xpl+ubPUJmh/WC6iYAqKDD/+X7MAHoZKD17THo="}},"QYIBtpAuuPl6jaM8q2Q6TDwA3I58IcjNFGJCnPl8aZY=":{"valueMac":{"type":"Buffer","data":"T7o3IHHrO0m9hq4mK3i+OSMQGsjyaYq3xW8p9n2PpsY="}},"6KnqnJ7Bu065H9xUOIey0FcHlwtRx5E5h6ggDg2JRsg=":{"valueMac":{"type":"Buffer","data":"V/eGJpnWbgkac2vWF/a2QScM/rys8CNXJcJ3yEcMGps="}},"gJZwQV7YCWon4n5x9w5hiM3IExLyaLWV2ykB9z9Vouc=":{"valueMac":{"type":"Buffer","data":"eyjIcTjgmI8LZAHA9NOtk/qvckINQLOASfvF1VleqF0="}},"4L8iwEqCSm88Y+Om1bX47Q6HQULJD1FjtS3X41s1R4k=":{"valueMac":{"type":"Buffer","data":"Yq0XFIR7kzBj7tNRMb8mfTwEcEG3p6OvM3FRx4qQsNg="}},"8aXyBKwpL8k15kzC09198Bwv9p4embqsQr93K75jU0k=":{"valueMac":{"type":"Buffer","data":"3+2h1uDK/UtZJTbQlOsvVref1I7HDaQaBm1sZ/hdGFs="}},"PFVEPLrTL9MF0hBCwKe+OfPZaF4UNkIQtWVoNEKSAHk=":{"valueMac":{"type":"Buffer","data":"8aRnasAlwxU46ffFIkr3E6wkhaAeLZ7gGQsv9whGMe0="}},"DGxK4OKrwCDSDcdXshXuarcaUTmTX+Hpj6mI/v51mYU=":{"valueMac":{"type":"Buffer","data":"ieryblLn+lsbzTl99Co/T8/wiptGUG1m6HRk4w/7CO8="}},"d3wN6Qnkim7qqqaRInKWp1cjZkG/4pxKKeftrFJriGI=":{"valueMac":{"type":"Buffer","data":"JlLwpD3KDuoQmm/tM+C9WyThWBlzk4Ga4lmTuq2EUCs="}},"b7gUKKlLI7kYvs7T1qiWp7PgsXIKOeplLflWv0R1AYU=":{"valueMac":{"type":"Buffer","data":"0d7A56YKyuaG/qAFvhGh55TeWouZxT78exS7016/BIo="}},"YMIeuSltzYqKWH2g/sPqDB0+hauD0nWsHHRbVVPvNkI=":{"valueMac":{"type":"Buffer","data":"8hXeqHRl7KgU6eQLC7Luk4R2I0/shCOj+gWutl6Hsdg="}},"KywsDO0jNyP4NBl72+QsHlLZPqQatZcoi0JDbv/lZHA=":{"valueMac":{"type":"Buffer","data":"F1gn0vL47IpANUar9cTSiJTvSxVbXjuIvuow6ZAqssg="}},"Vhmdrd8pWLTlYF/Px1/d7v9mQRduG2peNGBRNlRFYn0=":{"valueMac":{"type":"Buffer","data":"qPQwgnVLYUdCilFKtLnzB16VrNqbwkNmVGf/EwXjKgo="}},"IV2HaI27sUGcAcsMUq9QGlKNVfprh+LyBUOpERkgCAs=":{"valueMac":{"type":"Buffer","data":"uSLJhxwL3r1ioFIxiRSsFgWj8uaI8TyCx2cyUNqh2B0="}},"J2ZUNwAHGSMNbFYXQA3uIaEdEaXwujlZtla64SnDJqY=":{"valueMac":{"type":"Buffer","data":"+FsDzfKaWR2ElWNqPNbZG1KjiiMHrDJQx8VjH1TNzDc="}},"LY7pfGFDjMg84JoqIWaI0UW+XeUMI0iWJtRC5c9cMpg=":{"valueMac":{"type":"Buffer","data":"zxNkBF2LZBgfWpZ5upJwpw9bMFTC5yKtSgwtKQ8noDE="}},"Kt54Oou31pz8azy2SIcomI71AfEb14LGs3CtKmr/klA=":{"valueMac":{"type":"Buffer","data":"f/t5bKcjFzxsvSFS6f4gkcnbXrLCY+BJPtqogkeMQUs="}},"uivL0miF4bYrCmiyIca23dw7hZivtUPixEaEjxmfBxA=":{"valueMac":{"type":"Buffer","data":"8YljYaUt3V2T+fn+FAkrYa63CTK+I+6uQucuZOuNyq0="}},"YKet8aBOpsThL9Pj1N7QQQRy2hwQZYtm60Fm6D69zgQ=":{"valueMac":{"type":"Buffer","data":"YS0ixFlKNw5c7rWosREpIIkku78AVY1HErha8X6zN9E="}},"vW6BkXXwSCx5kt7K7BzPKf2bkKL+DgqVX3N0qFpB300=":{"valueMac":{"type":"Buffer","data":"TBSzO/65kXmJWD5Q/h2a0aRlP1pUzYggIoE2JzPWW38="}},"f8wsHoVo9zja3JhAAJBkWleLsAAcO0MIqTZbHMipK3I=":{"valueMac":{"type":"Buffer","data":"9hQ9cNWFw4PJNoHLo4Fn7h3JR5HRBLcA6Cthf5qCYns="}},"Rdx0fsE19Aod70+FLeGxiTVZshJ3ZwzCELDgHFzhJHA=":{"valueMac":{"type":"Buffer","data":"0/KyeNGLh9oHi2kjU1OzhKd3kx23zjDV3dbKaJjNJh0="}},"SeF46Jh5eDYeVmEAG2SNCH1vUG4wHj0cFHccre76Wws=":{"valueMac":{"type":"Buffer","data":"O955TUbKaskzeCqFSYLuREec3egSKRUgXQdbFZv+w+I="}},"IqVhqKv1dw3gdK5lEeyzxPcccZlVcvh3O1p4TnHMPA4=":{"valueMac":{"type":"Buffer","data":"ynoKqXTwAF6yfEtWM2ZfkrVcQpdxNsgVsSdrsPMoaho="}},"YkTkDDF5YM+/xjw3yrf2Y4ZQjfjN/AEmcwTmMKknNew=":{"valueMac":{"type":"Buffer","data":"asZ6PigZzJpplYM9aN6hO5O6OfTIMhkoNgAMd/A8Q/0="}},"PNE2lVzFjXrk0FFmvrDjNeJqL4hQrsu7R7Xuy5oiME4=":{"valueMac":{"type":"Buffer","data":"4spru8MsqPzRT3B4ltsuGgImC3I0DUsyPlAqFeIFAmw="}},"xnU9/ozq5OiZShuVRIUSLfb0tHAL3n4PLzYOY0Usl48=":{"valueMac":{"type":"Buffer","data":"tRfL/UJiuB2YpzgCo+yHvFrT737cl0QaSCxQp0ZQtyY="}},"ODyd0tzO+ivRxhgvd04oiFlxy4bf+TIDuvw0qZQfp9I=":{"valueMac":{"type":"Buffer","data":"+Y8zXMTFi2EWMVyqHA64V+xcgu7IDvQtDXcNNxZm78M="}},"yMn1IP+wcvDHuv/2dp41S1wa8r4PPAztLgj5urPCtro=":{"valueMac":{"type":"Buffer","data":"h3ap2MZ6Wd6buJ2KLtf0Uqq0RO3QC2RGTvnM/Y32cs4="}},"+bbBKtV8s7q3CwvcvpuHr35bJR5+loFMVHQluC+aWQw=":{"valueMac":{"type":"Buffer","data":"IoJrX3ewg8Rh30kMy/l+3st+NQJtzC4FFjjaORRi8Bg="}},"45yIERvJo801GJdo/DBWOJQCaORgTbZQL85adMSB4go=":{"valueMac":{"type":"Buffer","data":"vB2k8vb0liwAZ/z5reKvppRmls+RkN5vE34Hg0CwoNo="}},"VHX/qbSjzy4mA9NFZRzeq9/H4SnhgfsqgGxwlMV7fmI=":{"valueMac":{"type":"Buffer","data":"FnS8EqiJVdNzMmwdbaE/OqnJEnI8xoN3lKhnFK47L/A="}},"2td4IVB7dzQ1dfXOhlKndPvx3qjaJdh+0KYQSzTJSKI=":{"valueMac":{"type":"Buffer","data":"BmTI2DH0qxKm9CyJ3KvgIq63+B1gCdiVTysBHsIeIlI="}},"gFBcp9wGA+rQYmsY9KsAhmFh0h0Fmu7V8V4J2UzHFDk=":{"valueMac":{"type":"Buffer","data":"3BgzKTpCaobSfGeP+htj/CN68vbyZUhp2DB/r39rL1M="}},"Mk2RiUqRd18WlLOUMFsvGYbiFqpSKzQ4rNOXqnBnfYo=":{"valueMac":{"type":"Buffer","data":"XIGwWySaIVZOvtN+VvNfI/rN8IhZaooPddtslCtY89Y="}},"aDx0SbHGgwZ59eiRUHX4H2N28yQ/7wUzypZWvYkbqh4=":{"valueMac":{"type":"Buffer","data":"1zstNXPDYvxgDp1Dulgp1rRDWAfSgj/DArwkGMRGTA4="}},"9nMtGEafEw6++2niLO67eb75aYGIfzc/WJ8wKCm6hio=":{"valueMac":{"type":"Buffer","data":"7ufdDvxTYdMdyZI21XV0ESaLKA/jIIs08pC/fcLqeWE="}},"ABAx9pv+gP41BM1KNsezJhNnmcVl0tK73cxk0hV6xJE=":{"valueMac":{"type":"Buffer","data":"e46PMWbRBP5hoOpPXgmBmDbeoUBL44L4RsSWkP33pf8="}},"rp41GBkedlnZrRvuLgGYEzVRVj/o+sNwpBvEL2B9iew=":{"valueMac":{"type":"Buffer","data":"LpLg49aYwAsQvhIa1ccTj8Vp7tUewlhx+voHwbhLTjU="}},"Wvfkl44ndS/IQ1GjOXNcw1g12vPdSmVU/UyjiOzefw4=":{"valueMac":{"type":"Buffer","data":"Pl3yKzrbA0wcUQq3dvvzE+Ia7eyzeq6pva1NEyGrSZE="}},"dLuhGI9uu+eizOnLI5AXppJgopU0vjth6dp6CdfH26g=":{"valueMac":{"type":"Buffer","data":"PorPsoCvwytnWlzXW5yCUFO7Rw1TOiNbf+egPROeCjw="}},"5MB0RkKsmfgi1xJeYr79dQiGDAYeTP00EG70K0b2fZo=":{"valueMac":{"type":"Buffer","data":"HDmzK1slMgylvdIZHjdpKwHT/QLmuJv+MRIvBBL8WW0="}},"hjDz5ynETRQ07tg6rkzzRuZMtostFVYL+gXTyaCkLho=":{"valueMac":{"type":"Buffer","data":"NGbMKxDsH7BLHnfw+XpOSQ7aKvWvv+vs59dlQHaXJMA="}},"dJWRWcsD9PusK0M9i7z+3h6rwjRR23IdtU2f+RPWK+4=":{"valueMac":{"type":"Buffer","data":"re4UQrsyywOYxLI1V/3/w4A8VX2/C9nKbirMBdk6ROY="}},"oltcY3+fMFPMbqRtF76rFXRjuXl0KHXS6up0/4/77KY=":{"valueMac":{"type":"Buffer","data":"qbTdB/2AbFI4EMEEP1gEZ+RTT6RITZvArUXH8rS6Vf4="}},"eFB3cBCdcQUiiNwQvgXqYZFTU/Azdqny48UbGgUqvI4=":{"valueMac":{"type":"Buffer","data":"VJY7Bqrxy6KIcZDpawBDcD5F89Vz6R9oLNPbPk6JYiE="}},"evyDPH8qtnJhWYqifRQUWW3iyDI75+mJ88fcsFeOe6Y=":{"valueMac":{"type":"Buffer","data":"0ZlBkga5E+3nZcdiBYx6oU9h99B4wWRtnAlSk/kHUSc="}},"S8jHhbDaFd6VWX6DIngBArfgz4ESpkaFUHSprSRLqbM=":{"valueMac":{"type":"Buffer","data":"fceHSQ4LEYXMkPNDGHj2EQyIjeFAyWovyW/cfqJIxhc="}},"S/wgxZ0d1EtslIYM2aroDs1WPRzvgc95ndbUd+uCxeQ=":{"valueMac":{"type":"Buffer","data":"wfUwkctpLBTEHfhbZlo6N8eJ6Zvi3X18VO82Kk2XKNA="}},"u9edIi08XDxg84LjntRjOE889gKuWnvVeQwtu4QK+CQ=":{"valueMac":{"type":"Buffer","data":"WJr2Qo4AE1CW+yevORq4xaGLQiDsia1qzgpj4yGgftw="}},"a5dQpeLe2Juzvv7SjeQuK6NT3XgL7V1cAUqHTIyCg6w=":{"valueMac":{"type":"Buffer","data":"qwNF0L1rPh/OmhZY/vQLJJTcTzXhUWztUqsxYX2+Xgw="}},"ert4P2scHphCvRk+VRWDND5PSkHzo2p9LaoF75cFBXQ=":{"valueMac":{"type":"Buffer","data":"IiOg4eMt6KUZ0vxLngOM+HPCjfIJTfsQBIU4ttk6xRY="}},"MHS5d4AGEYYJL5qx8AuhzAsiLsI6ao8M/Xf+Fhk1ZtQ=":{"valueMac":{"type":"Buffer","data":"eF6vlaqj6kCnLO9dJEMYGceG42Tue6Mz/+mSZQdQJ/w="}},"jH+/PUUmHdIi5z62+GfKMfv+e4xna8lPP9bfDtXSIEw=":{"valueMac":{"type":"Buffer","data":"KgOWoR6z+yXz8bEMx9/vXNCXxtcGKh/iDokXqeyACNY="}},"lmw2EQc3cfMFnHYvKWZQeEX5rpHjcpkBFQJjlp/5Epk=":{"valueMac":{"type":"Buffer","data":"Szlnq4yZ5g3tWjypHbOVhRP+HRDYA84vr/YP/6NCsOo="}},"v10LDt740xJ8duF6iYVXgkgaqVNHZenNdKZNZ5QWClw=":{"valueMac":{"type":"Buffer","data":"JD0CxM3o859s86Mo4261Bckd2QqdbtWz59jNBzOeUXc="}},"PlGt3tSxcBqpBgkoBb7eWFtnlYdPNRYboCtLQGIJgzI=":{"valueMac":{"type":"Buffer","data":"yKNZ1NTJrHDEATDzvFTTLyQzpjNky83tMQqc/4fd+uM="}},"qR+cL+zd+e6BFd+YMlNMl+uCoMCiLOrMjCLBXCtEERU=":{"valueMac":{"type":"Buffer","data":"EXW9XuJQUi6NoWLrXKed/sjUb4B9yO3PJzp5gSQdUiU="}},"dj/u07DycYZsCodGSmLHhNKFCSu987s+trAXQ1/0a3M=":{"valueMac":{"type":"Buffer","data":"z0zjY37TgTy2eyODPwaC0ZXYY3ODkx8BjS2yP9Xjr8c="}},"sZgTywjRYrC72e4RkP6fhla6V9KApa74gZB05yrdyKg=":{"valueMac":{"type":"Buffer","data":"wjKGvNY7ErVRmX/zqsvJIyZ/FF3LZ2Fo89gncmObVdc="}},"kR76tPSzvNEv0mu/6nVO61CYVVio7rwpdSEOUsuQwMI=":{"valueMac":{"type":"Buffer","data":"OPBnD3+d5Hp0thkyAfkieTbXbPNUtMnlk/cYr5tMRNo="}},"SX79QIGBmKLcT2KfGnkJY4v1uEJ6tF92Zemis4Cue9o=":{"valueMac":{"type":"Buffer","data":"ybiZMy0YQgp1TxVjpKdOglwFHlgmRqOGkW31v7h/dms="}},"tt/wo+Hk0w7zs44FqiXNSVmvixUIDiFOeeMhxauSlxY=":{"valueMac":{"type":"Buffer","data":"sjhAxvvIQciQQZ8mc/4+g6L9irdejVG5R/mwECTkJRo="}},"w2LeKfKltER0LciL92GXUmgmidFDA1sF0I9a6dqtMrU=":{"valueMac":{"type":"Buffer","data":"HzhfE94JtsvDzv4YCTBB/9eZi+cUYqCF5FFbgcTrw7g="}},"QoONvH9r/gdR1RzImhxu8k5/97AfeE512XlMUg8eFHY=":{"valueMac":{"type":"Buffer","data":"S3361fsi76YfWIC5JO5Xh/b7uDR5CXH8q4TBXFhlCWQ="}},"Hc89SaOJQNbL30Z9GKmxc9QYCm8Kd+gFZj2oQG6huSo=":{"valueMac":{"type":"Buffer","data":"viSvBhwEyQcFpGlF5PKfzoNuOOGPMSZuIL8S6TpJPUY="}},"LGQtZK5h4hAdBSTpECg+RhCmxN0ZOtIgfSPm0chgdks=":{"valueMac":{"type":"Buffer","data":"eM5QX42jaVtU698xlYU9Hlua3WDdsNx15Az5gqaPado="}},"3soXolRxbx1AwNvpF7IUudMHkvjQtjOgYqztuwzW47U=":{"valueMac":{"type":"Buffer","data":"Rvh1KT8rrI1PopndAaTnnOmeyL1imQW4SC4rIKdthxU="}},"gUzwInEugW64RRYy1RtUWipmSE+tgdG05YFm6z+mM68=":{"valueMac":{"type":"Buffer","data":"7MGaHe0kBXNHPFAiXigMH4WAHF/ASd9WoMkMLqitzrY="}},"Hg9AtnSg0eBtqFRVUCX3xLKgGz88h+x+mm533fkf9DY=":{"valueMac":{"type":"Buffer","data":"YtuvEgGIcrI4s8sroG/BeyrP7CG8IyDAG89XApivcsg="}},"r4GoDQ1LXGMdUfGqsHbsRgCbaJzUHRcmYu/o61AwFYA=":{"valueMac":{"type":"Buffer","data":"UXmVPqcLyBOYPImTQm86iIs4B05wYz6TEOw4r+S6lMA="}},"6cf2YNR26qoa/YzLLLTJarqsLuaH79lEhRowpetFtH4=":{"valueMac":{"type":"Buffer","data":"nDZy+ozpf8wHTK8W2NO4Ko1xoPV63Hc8EsmZBZ63bxU="}},"/vJvCcOW+HDQIVEiyZaEx5+vje9LTmvWvLjMvpVq1dg=":{"valueMac":{"type":"Buffer","data":"eMcl85RIh7x0ISQUiOtFbCnn/2Mzh+yO99lClOqBPLc="}},"0g+EBBaPFgx3NpjO2Q/XEXEFtKe0OVvrxHhql348m0M=":{"valueMac":{"type":"Buffer","data":"srqpY0fXVcpl6dooQmRnBnI69/Fy2h/O5/0g3UQ3UEU="}},"EghpCCHZfU9A0KzenyKvm3m6/WkboiEjnbIIpNETYds=":{"valueMac":{"type":"Buffer","data":"l5NHNR0Ul1LkcSFHOtFGhLYcxDKt+HakWXQmaK18fwc="}},"v30BVE3IJ0YPBLUrrnk+zVWDThsG2hO6If6RQ/yllTY=":{"valueMac":{"type":"Buffer","data":"8DYxSXpZpnVYP/llGHFSjLCWDxcGqXMp/qZBsFBObQ4="}},"1kTXU8lC7btmk5EjjhGGXlEwrGaBqRHYm3BLfVhUoZU=":{"valueMac":{"type":"Buffer","data":"F+26/nybyfA3R0P2cG8H2qk4/Vkb4+gJ+4kw5qRFkYo="}},"tr7LsE2Y/+y1mLA3sdWzEnOQOT9yvQuK22ivV4L1GLQ=":{"valueMac":{"type":"Buffer","data":"+dGg1l1QHFM8j19znyGj5g2VPUHAU52MG1mWhxLWWFA="}},"Z1/u8fZJkILkm1HROSvNxaNAHLZhjWti7XE9sSyK5yg=":{"valueMac":{"type":"Buffer","data":"dQjbqwknkqlpjGdEDUjQEz/et8WcVs23KYaHlpSFfao="}},"TIyCf3/TaYhMmyzSVGprwNTpvuSfo6rV2/Pf1MYAcgc=":{"valueMac":{"type":"Buffer","data":"J5xIo4qvzzan7DXvayB98ajtgyJsFLk7uaW9q9EqMo4="}},"YcdgA8hMaImHjBTsEH/HGPOxuKFDphWzzEFs5FfoUSc=":{"valueMac":{"type":"Buffer","data":"3myIXEzm54pwwEt2EddTK92b+QzPXWPV7e2Ny1oFvJk="}},"n4AzhpWRT821nd2/b/UsR3366GBOatrvQbrxST6rps8=":{"valueMac":{"type":"Buffer","data":"lP7PjkqQvNbaxlhzvkE28GPylq15QfGPFFkX2umRliM="}},"pUvcBREQgaedaJxUqJZYNj9+OUijdYe8IoWFNqhomDY=":{"valueMac":{"type":"Buffer","data":"eDLe8zKjl8tjnCvpY5G6dgG0JpDtjCqW+XJ6J1CbpCM="}},"aqhf82xBmivvw/zpE4L46YVkzURGfpOnkHU0lwJn+iE=":{"valueMac":{"type":"Buffer","data":"dRol7h1KKs/xgdRw5S0hKLAoRvZPEYffHI4tVFastok="}},"ctHoVuEOVMq3H+BZ5wMHGW3AsbZayt1v+sDTI8QD6uE=":{"valueMac":{"type":"Buffer","data":"INnv3pevEkODSUbbjHlH5nSLpFF/egUqhZt8xLpVe3Q="}},"7iwk+tLHZVzkm8+DwYPqf5LB7ksvJnOVq/xepaQoch0=":{"valueMac":{"type":"Buffer","data":"aGlo4SeuwF++tT8zl93i7TkbfCG5f+SmfhiSzhq6Ak4="}},"zVe6NdWIL9rZHzR+iCSn2kZJR+XU3bmvSHWh33EXjcM=":{"valueMac":{"type":"Buffer","data":"3hOkdq9SDu4+vHOa1ulA24JnRGBSEq1qPgHY7/dgHHo="}},"eKBD9L2v5M+jRcDN8oZfjWPbYyXab1rGBGzw6l385xs=":{"valueMac":{"type":"Buffer","data":"ZoXo/sNE8h05WXpENrHhIXVfsKeJfhZz29XNqIDsny8="}},"as6VJ7OjwsAl+Qd5pzmPve5hO3G/o2RNms4Opr4/mgU=":{"valueMac":{"type":"Buffer","data":"mAwUS8d1GB9YfVZHpSZOaFD1q9cwIwoRXkhvSJegDzA="}},"emdEvU+Yrlhyw39/rwaTWqGufehvORekBRS8h1WGmiU=":{"valueMac":{"type":"Buffer","data":"9d0K6AebIqv0BcqbtUWZtfAY7O6gQTWtfZioD33JBG4="}},"NDEF1iHnzsvDEDpK2o+NGEhttPO1VBgH+YYtXzuifI4=":{"valueMac":{"type":"Buffer","data":"UnE4PKmjIpSt4uU0z+tIrGQ8bNuke5JVPKd2BMumx5I="}},"9+nvYK/HyTVVn5hEbAt+HOQrv3/9ifwpcI7Jd2Q6EXU=":{"valueMac":{"type":"Buffer","data":"gYr3hy20ckjsSwQsutUy9RaxHbhz6mVCD6a5Rf+lJ30="}},"dKOmcxs7Yeok0ztkI6etC3aea50FyJDdMQsWtsfb94s=":{"valueMac":{"type":"Buffer","data":"WKuIKqTJkZn5YEnia2H7R2vffAr6l8+qeJ6bWiXP+a4="}},"LLBgGuPrSRk5aywwc2HX6cIci83akEu1sYMb0qBzyZM=":{"valueMac":{"type":"Buffer","data":"ZmShkVAq18bCbMHqcOsGPcKhHnJiPbWO30T47bQlirk="}},"GtEHQW+frWBG8xjXyC9dYdzTOzSXOzpUIMXcno7QPOo=":{"valueMac":{"type":"Buffer","data":"zJpT+Z08a1ISevj6t6ljp7uJJkgnUpkdE6/AZCZVpkQ="}},"rNZoi6qzrsW3ILEOy0s+ET3w5mIOytYTxQzdHfGQ3pg=":{"valueMac":{"type":"Buffer","data":"1HBp0snDVwN7NP2/5VpmiavItFc+EFQzMu0NdQI+8k0="}},"TluVEZ+/Susa3hQ3/e60/rs4izKQV8vFoLlgC0xgT78=":{"valueMac":{"type":"Buffer","data":"ll8Y+B8geCiJJDozswVdtmK4NpGklVSdKf4m8p0ZpEc="}},"LgvgaIoOBg69INrtCURwyQKUi6OK9m9MgqogPiPB6TI=":{"valueMac":{"type":"Buffer","data":"W/ao/xzzFahGJcpFz7/wbRfteg1w4c6mu3NHJ/e6xow="}},"UDaYCDyTPsxncEdpcNJn7hKyVbfV7E2k79PVueVJtBE=":{"valueMac":{"type":"Buffer","data":"XEwM9A5OfT8XBDuwvp6qJk4lyLN0KojbWYtYvQ4tW00="}},"L6HLjfZz7K7DtS2sFA4aPKc9s4n3TxVorfKufpLVOCo=":{"valueMac":{"type":"Buffer","data":"3rZ3mbBCiE2LEKMpb+I9+jQDiIOMj6KUoYYVFEk2H3E="}},"b773MdZzMu+wobLG/DTJCh8cpXB/J1243epE2KqJxvU=":{"valueMac":{"type":"Buffer","data":"iLmq82IHsZabh7qklU1Xk78xCN9f1o5xMDkOhhJwkNU="}},"qr2K0+acyL0OQPNy0jHzcfuAyS+6Y22nMgtaApalU6g=":{"valueMac":{"type":"Buffer","data":"CcvPapsRQ7DaXQOH/rj2kWxJek3hsMZvMSIV0c3pccg="}},"1CJP73q71+Y7pCvk472mOq8b5wL+claGFtMjtpTTEVM=":{"valueMac":{"type":"Buffer","data":"jmytngrWIWPb5cu2Y85DClreTGxTmej6+YswnZqfqDw="}},"cCLQ2UFhroMEQv/Fga+o6EFeyClATHMGl5KkNcOHezw=":{"valueMac":{"type":"Buffer","data":"e0j4YSZqVvlB0wZpvaM6k4eKLAgHslZpdiiUEphP9Bc="}},"Mzsi2LQygqpBpr2WqbHxYBVM5HaSpefKJpyYKFrS5E0=":{"valueMac":{"type":"Buffer","data":"XSoo8y+K/1MjmOQ7MchPVaCiuW4sY9wAPRudeCDxDNc="}},"CajdZtRjvKAThUzO5OSguBcAGAo31jGPcA/gf7uD8Ac=":{"valueMac":{"type":"Buffer","data":"iV8yvvL59D2h838EkfLyzT8FHKhqZtl52YRMEcz7yFI="}},"iwxEo49ZKlH9j8R32cgVG0dJDbapmGocIbQ+gZ7PLWU=":{"valueMac":{"type":"Buffer","data":"GylCgMDuZO39Ky14OTmxBiehYFp6QeXaWw1BeBgXBiw="}},"AxHovZbwXmo5i6k283pwt8WwP1mJV27W6D/duzlf6E4=":{"valueMac":{"type":"Buffer","data":"vtdI1amHh64j9b8s77rkk8H6OXOFnUpW/jF4WkO4eYo="}},"NiT9cy/bRdfqd87iAjQG4qBvU4vvjs1Qcju4vWGnjPQ=":{"valueMac":{"type":"Buffer","data":"JIaFdRYtkEQa1oQIpRbbkAmUfM/vDOljYNQ0b44O+Jg="}},"9X1eYeonVgycD0kxVeRlxYRCGVul8Sh+3DXhN2hCK+0=":{"valueMac":{"type":"Buffer","data":"LZcUja0Xyb8Y1K6G5bj9RCgdq30OY36I3gY4lirTIcY="}},"VLqdI2IKriFwKGTD6iu9MQA9NT8QEtchCcE2FRQ8LJc=":{"valueMac":{"type":"Buffer","data":"dqWt1YsBA9ZVxphicQMwjvTsRBTjCWnQpmUd9ot6Pss="}},"YYQXEAPNRM7EBQqN5XrsZsU1S09wP1VhJvFWyIqbn6c=":{"valueMac":{"type":"Buffer","data":"8C88dsIsJX1qZY31dml60HSeDjvnLeFdoQVc+nb0BGw="}},"H8LNFrZdaSJNV4aL5lBSSMee8M4nE6KhtOk5rm3Ct3U=":{"valueMac":{"type":"Buffer","data":"BryAZI+WHDPyPW0c+btuEkzlK1nCmAe8Dkiz9OAgR1g="}},"WzAmL9RKPJWhRkV7KCh9+MQ1CgCFahXhO2dpxDB8xVA=":{"valueMac":{"type":"Buffer","data":"ZoZC95GhUP81nbhseiobdRP+NH1SPuw+IgWJtVnnx3Q="}},"vdfLjlOXEbfve/98YzGsrD4gZZxt6qGDo6+I2MN7dO8=":{"valueMac":{"type":"Buffer","data":"pWWmLZcoxsVkF/XW0xZUZic2dSbNA37ARIuiIWgOIXM="}},"gESk+IOj2WeWhkyD4tf7dlA4/y5R2ZBHqWx8oTMFlvk=":{"valueMac":{"type":"Buffer","data":"lKTIWp3QAxbe6w9oKbxdBmWi3xFkxXhe+6k9nSUsVo8="}},"FBBBR4vmsmoEFPkiQ1QeCOxyZsxJBss4srLF/atUMQA=":{"valueMac":{"type":"Buffer","data":"l2A4II9mix2mf/PKzqYKAsF9kBJn/JROYk7iFrhAcD4="}},"d+FCrVxsbWt3c+mWQ5jnDb6EgpKuxzm9m8UCmjbdoVE=":{"valueMac":{"type":"Buffer","data":"xhQaWv6j9Q1Yg1mch0pHMnarIkFWDlQKeVwD9S2zLgo="}},"ZX4zRSPC6QSSVBbqe6CaFOp+PocGov/7onDL/eV5i9Q=":{"valueMac":{"type":"Buffer","data":"A15IBYGrTAETiStJZhWIz6LDfkfTgqj+LeFknZgslrc="}},"m/bJ96XyYV897poZIVmV9OHh9Mq8o0BVxnzdrbYFlOA=":{"valueMac":{"type":"Buffer","data":"EWgWHrB3c+X6Hm1fKzD0bU/5g64vOS3nCLkxHErqqoU="}},"Cn2SpivpGMJ4J8quY+u0T0mYLais1yeB04TTgDSMqWU=":{"valueMac":{"type":"Buffer","data":"SItIulXztr2hvV18NJ4u3oVkFP5ulWIcSrKzUq33dcw="}},"yF2wxQQS/zD7AK7Y8RakKKJz4OTKO47Y0TjtLz4wWvE=":{"valueMac":{"type":"Buffer","data":"hmaioNlpLGKsA1VxKUqNTV0jGw6GS+RX3d7OFBGTDWg="}},"ErBZFjwfGZhlOeQ5XBGM+Tx90dWj0nQNSBHWIqOKGe0=":{"valueMac":{"type":"Buffer","data":"4qn925TPpdWEOmUR4rvPEJzv9uC0O6DIiaNf3hOj8CI="}},"7tlJaKo6ZHKWRsNqmwxgpfdnunbmrtWa/w1GgUz1z/U=":{"valueMac":{"type":"Buffer","data":"+GErelKwfC+Bb7iiYkM7war38osHSmOT/wYBR+GUQ+w="}},"I0FauGVeYskW1SjRuu73L+yLfD54D2xo4eAfYvtXJ7g=":{"valueMac":{"type":"Buffer","data":"Ej2za/TBE5Yi2BohlD1iif6KOn6nLOGbnd29KBsbw98="}},"p3sVWIHRy2ZjJYOk7eWuWJatWZ8voA2y32nDpoE4w0s=":{"valueMac":{"type":"Buffer","data":"2VPf/2mQ9c9IyLVW98Qb3yANYlcuQmQ4NAaZlRnAbbM="}},"jhr9UvUYy1WJ6cXG5j5ctepgA1x6reRfZup05P7k4eM=":{"valueMac":{"type":"Buffer","data":"QikGfntZ0Ikw9bjl+/t/+t6hWUB00HDVEB5tK/fFq4k="}},"WVH09pXdcqWjE2B0IH8RnEMsFRqFxR0rJBfzywgFaM4=":{"valueMac":{"type":"Buffer","data":"Kkc7sfxciKHe6qtdMBYm/WWjr7o7zgImM3ab73Fd9Ow="}},"kUP84zUF2hQRnwgOm0sI0WXf2QtVEGyEV15wzS2pib8=":{"valueMac":{"type":"Buffer","data":"HniLbThxN+S1SzvYX4ALPkbprxby41scpvoFVTsQAwo="}},"xwk+CsSdpQ1V0ibUlrvtHBfWgxSAav0qGVkNwa4IETc=":{"valueMac":{"type":"Buffer","data":"dVmmBHfcVoTXjGj2KOB772nYDlhmManhvgV31UVFSEs="}},"e3nIYkDsDZnsL5Oj5sLhzIyBI99eksyqVomZ8rxIfaA=":{"valueMac":{"type":"Buffer","data":"dC6v4/zTlar2lvghUZfkhyoGlncSZOkStmvd7DIWztk="}},"SK9FiTL/lhQznoL6535rjWVSMdkpZhvEMz1SHIh4rM8=":{"valueMac":{"type":"Buffer","data":"Us6rKh+L3ywi0f3UfuUq7hS3sZCVuvk+DOzvYSyQQbg="}},"dLZ7qzf3g8lKLJA8SMZsOcNUzhkMG14QQjhECJifvsc=":{"valueMac":{"type":"Buffer","data":"aknSbe2dMmCdq5boerK6wcuBm4zMGyFnMURs9nBc4nU="}},"18JfACxcTx2Tn1GgAnG+sEB5vwVL1PfIwnC0M0nSB6k=":{"valueMac":{"type":"Buffer","data":"znS+gTbktg1MFgRYEMjVdhNf4afAvcxk3dyplhUnuzI="}},"jBFiwVfF0iF7tk28dbS5AeNeLHjJHxdNB7L3WZQ4cH4=":{"valueMac":{"type":"Buffer","data":"OtGNgg3emU/7CPhFbLCx5xWxKsrXZND58MxYyZ0T6Zw="}},"OFm5S65OIC96CbKQo0y6kiVpSGu6QqMAdabEb1g4V5E=":{"valueMac":{"type":"Buffer","data":"X/0dI0Bmrnzh/zodeEfJXGg8T04HY8esDuZpus0MP3w="}},"G/oVVAP9hgyBOPNkBPAOtTfafANYRVcXgwnwjkG2x/0=":{"valueMac":{"type":"Buffer","data":"d5J8ln7BPK3wJXCcsdnVtdB6hJu5a2jLGQwPl3PEiFo="}},"Zn2+IfmJ/ACBIwBr0YCr3TFU5Cpj6G4JwHMsw1HbrHs=":{"valueMac":{"type":"Buffer","data":"W56IhBthxFOZxCrG/IyMXoId7vvIon1DvvLkMLGRpGA="}},"O1mQUM30bnrHYh6fR594/pZvuFq8R/jqZb+HIfddhdc=":{"valueMac":{"type":"Buffer","data":"K47zIp35fyMoIpn71PleEwQKdT3bSW+Zo976dQ/jM+0="}},"+Gh7rSwVpH+oIWOqhcdEGqzCeJ3SOxYhpvnMkq/Xb+c=":{"valueMac":{"type":"Buffer","data":"3Tnt8+DtRJe71D2rAz2ekp6W3vW7036EH9pcbamjWRo="}},"JCnTyxdS2up/Epd+0THExsNuzwprDNsBQNjZjEkB7fQ=":{"valueMac":{"type":"Buffer","data":"ew/rnx3K7RIq0Yyp8iiEXwn06u98A9ketyqspfJN42c="}},"w4PJvvp7XP//a7zL0Q9+GMxRxoqLXvZLhDV2a3y0hOo=":{"valueMac":{"type":"Buffer","data":"EoWrPL+Vfn2NaERBJSLdCfrF697IIfzNmfLjxAahLnU="}},"KBo5zqy2RvK8i+54A+w5unIp7C4pQygQ79Bcp92Ai40=":{"valueMac":{"type":"Buffer","data":"8AekF2XuksdlCdwEYblcR0d5loTkx73HTwSkHoHkayI="}},"WGHhzqsuDIce0kSGY8UQwN28jUSsG2K9OVvjk18Delw=":{"valueMac":{"type":"Buffer","data":"PGOJ85GGfd1EuSwB7OWBhAkTxpRhcPO+I95vpgh/6o0="}},"/ctKc+YzUvwuRZyeLhEGG+HLNq0bGxZQW5Ugi3gCWVM=":{"valueMac":{"type":"Buffer","data":"LMMn50iavto/+G6u9cja/ne8Kr6Qm5BBoRLmTe0wHnY="}},"5vAVwvie3MS8KjlvyewA/62c6mNfCdKxZaaAOSaexUA=":{"valueMac":{"type":"Buffer","data":"pW7Z96f6YtgTFTXyt4v/Atr/F7tZA8eBPc4o57K10Fo="}},"6dx45QAut7iWORKCZdI03JlUk2ELW3T8gP8lvNYxstg=":{"valueMac":{"type":"Buffer","data":"y02O+rKSJz9AGhvkoigBp6MijIGVFMJFdFRq6qLHw9k="}},"nXN/Jgpa0m7XhiZLrZFRaPSZ40lnQKHh7cWwD3o9R5E=":{"valueMac":{"type":"Buffer","data":"kYTb9ZkqmSYVzfg1ZGz8WOv4WN7mCKchcIvK6IKGucI="}},"v2fW6FFnMZmaSWAjKv26dvj3kZlyQxerIyEGO57ftWE=":{"valueMac":{"type":"Buffer","data":"WOUtnlBHosRKhbWrnFHPP6jEchFJz05MbGR4tk+rwu4="}},"XOnRh+NM9QNTQV1MjlBQpJ/cVX90V3DFpTnrixDevZQ=":{"valueMac":{"type":"Buffer","data":"t+FegMkVJ7HVFID7H1lUEk7mVbmZc9jpkc0hMqpRKRA="}},"R0oJI6a5DN7KcGjmqWkI3mxOR/sop6OkkfDGR/1OXSQ=":{"valueMac":{"type":"Buffer","data":"ownvYtLnhtLLseqYF8SPIn1aFC6PeDYnlsDxe173NIg="}},"oUlgm6DRiDCbiL1zttL2TS96btIiqNoKfR5kFWMeiao=":{"valueMac":{"type":"Buffer","data":"3Y6ksuiwcfO6sYsL6zEcScCA80ui5GmYcil+A5KYb8Q="}},"71rKxdQSD0MLr7m40IuIWqOZRiQysPeJDFu9D1GFNP8=":{"valueMac":{"type":"Buffer","data":"TpcSllR3SXCPIkDZ/jCZL6JGHCZ+ibn49iCYSmeaDas="}},"YnzvPFdSSVBlWGgJ7SsLSd9aVyywZLyIZP1mdYQBKjY=":{"valueMac":{"type":"Buffer","data":"ObnMxdRtL9PLfURK5MA/Ekj+0G0fTOFc07y3XTsJM/Y="}},"RERWrZBgPuaCuBLweGr6aETWqIKXEL/a2XG2cDFISuI=":{"valueMac":{"type":"Buffer","data":"LBnGnBGp8+oXsQnzGRIIuEduB6zKUhTPpKDtDAFKGtc="}},"bBvGvYK7FTLHycDRY/qQyVh+xNEFlj0h2Tms+42Z2Uo=":{"valueMac":{"type":"Buffer","data":"Uk7vRJH0JVagKN2fOba4tQjibuHJSAFZ9oK7g3lAloc="}},"Obc3Fmcom2GnMWQIcZ5NGhkNZ5xEnGnLtGEMoEdVeCM=":{"valueMac":{"type":"Buffer","data":"Ppv71m2ThC7dW0t/A0zL727GKlSlL2jlyygSZ9rl+Eg="}},"0GdEGeKBIpEH25xQ0K/Y9pWMugCKJtfUQN2v/9OeLio=":{"valueMac":{"type":"Buffer","data":"SlwXv61/A2RyE6CaFP9KBAZFbbtojZSKMemBXYxuzH8="}},"F0VN5zd3YjoCNhecUpVigkHwSUdaAjimVVgN3mXc4tM=":{"valueMac":{"type":"Buffer","data":"IO3JRSa10kTUTOXLEYQ61RNVt8KaOCmjkrBdzMWShzE="}},"mwujVsolC9RVx7Uu/NUWTGaZqbAToSiC4NDftDdY7iw=":{"valueMac":{"type":"Buffer","data":"Z3TatyjnnzGHGNnk3t09ZHsmR8OrvYXv3S4XM9z1UKY="}},"JY08O16dtgCAXFlcwQgPtOYunWUzOTWvuEMZ9Cofihc=":{"valueMac":{"type":"Buffer","data":"yiv+PK+1qBgibuHYAiugNedAP0gzPwh6vVU8iFYamNo="}},"WQ+scUVdFHN2yvLHZCoQx5oy+ZqIvYIFqKSErNRrw9I=":{"valueMac":{"type":"Buffer","data":"GCDnlOZAgJiLIjyeKY0h7hS42OJYvltnBMZnIo6ppqE="}},"oXMg4FifJdUxMDFXhJWBjn9bSiVBoX/785W26kpT2F0=":{"valueMac":{"type":"Buffer","data":"jgrGe96s87M8GHCK9xmvnoiXufq6UEKSyUYd2JmqOtg="}},"ZCnTrfAdCu88fXHD5HUSM5kymy3WFXzK9d24CaHPSso=":{"valueMac":{"type":"Buffer","data":"BvyIgHH0ZUfa2wCN76tdivo4k61jzwtbVFGtEXjNSLw="}},"q2jZJr7bdsFrcg0e2T00MvVxx78mkv8OiXfiLWTT1Gk=":{"valueMac":{"type":"Buffer","data":"ZTQipyNSEcMAxuiwpWlQwvS3A1buK/fOlj53QR60iJw="}},"Z9GbyuYaqoatc3MqMfy40CLP4Otwig3BAavkhT3a4BM=":{"valueMac":{"type":"Buffer","data":"KcCZvhgNGHZcc+Aqb94gDAQWPaAxX29tqpekKuaN+Ug="}},"xAStKIO4GYktXjSzs4hw6NIiRticiIner1ORW0QUceo=":{"valueMac":{"type":"Buffer","data":"vcC6Hd+SzKH+xjH4HckFoZ0jauNXecBy8f4NUtQxDJI="}},"eN7DEa/a55FroDjkpjwXVzhLA/uAV/OJXDhjBsTV/AY=":{"valueMac":{"type":"Buffer","data":"7oc744NFxuXGitIFhgXq1kzoKbC9CIDgJh33X8Yb3sk="}},"nY9b1nTxY9A4eGTxNP5ilTP+G+yhmVK21Ce9s9Yjsv8=":{"valueMac":{"type":"Buffer","data":"UC8sBkWvwZOOh90boSPwKS2CWUxeL0tkUC1g5QU/yzI="}},"xo2nAykhUxLOzzolP2BQtlIfKusFTsUh8L5hAOXqpZQ=":{"valueMac":{"type":"Buffer","data":"Eu2WQXj9jPkaU8pa8HcKD8fCTzB4aPhsuNl9BsOLdUk="}},"U19jgKU0KV78mhriH50Qe46mXpxDH+zMHXJDz7kMlPk=":{"valueMac":{"type":"Buffer","data":"aIQq632fVIqrOIuwLxz66bFHOYvkv1Y1PmY1QkJ+4mI="}},"3rcSwLUzWqNYvf3mQ5076NbtCvKD1rxiCVOiYJCy5Ac=":{"valueMac":{"type":"Buffer","data":"CSodPyeo2IY4E2NWbSTprgGSLb4kKt6N+xgNOvNVMis="}},"xa+k63NPW5Ap9hhMfORanOzflq4yzTJV4YoGOQdDcFs=":{"valueMac":{"type":"Buffer","data":"vXtN16bNqtMslgUBZa1h6EPYwIOFA6uXqH8KRoe3+7o="}},"moBQNxmGMjruMykY9vRH+O1Mm8Jy4YkhPA1KFGjr9n0=":{"valueMac":{"type":"Buffer","data":"rqp8GXDKgz2UJEti+N+rqVDjD5ctxPPOVTk5dHft/EE="}},"Iv02sBCry3wBzQnuZd87YtMponbjyY1SFxfexG049tY=":{"valueMac":{"type":"Buffer","data":"Gl3w5Z03KDus8nUKZ3f4H8CmPLEufhYm3hyTDvwUVZQ="}}}}