{"version":2,"hash":{"type":"Buffer","data":"UU67XDe+DQaiPmhSqxYL6t+5uRXbBcFeCa+mqCl8halPsg7BvpLISpxGXGvaoqSYXowNeHfxlrrhWs5ghsSr7s8VzKDxTHfrzOjqjXxm7vrtWvh+0q3FgOiOGXSbBSN4OCw+W4lnhGVeUQ89Ae2zvl1wACNatk+qOwHJbm0i5Cw="},"indexValueMap":{"UNeChtbe7r/dqVV4dYi5mtEHUAXqmqEm9UIUUsD179M=":{"valueMac":{"type":"Buffer","data":"EVTaSC5xdVVbPvMjrPsrV8UeyJoPLPoIst5Xooj8s/Y="}},"LTqRR7v1w8Y29oVLPJfSfNGa+qrVSGIDK4ylE0NVS90=":{"valueMac":{"type":"Buffer","data":"Fy4S0JYzfcRJxV1ceY2z7wZPYpId/FhMAdXIfFBvONw="}},"+uLBenGl22KtQtEpgDk3HChwgEaZFQ41EZZO7l0Gbq4=":{"valueMac":{"type":"Buffer","data":"lmKCOx1bAuYe1V9iJyqFHJyfutGEsTyG8boP22J2qu8="}},"IeOR3EjWUhQegItzSII+yBG9K/c5GsMRG9utkbAr5DM=":{"valueMac":{"type":"Buffer","data":"JbA4zIoSWogZWvBYwPJqsVqBrwPGn/VwffW+n5mKeig="}},"skrokk7a4huTojThZsQBnxO9BIs0AP8BRIF3OSKN+Lo=":{"valueMac":{"type":"Buffer","data":"rZTNBbfShIVO038arIRPvgeVym1P82qpblTnAfJfMgE="}},"i7a+H6XUtZsfM9aXADwT9zaNS7e6aw5Urna8ljUiN70=":{"valueMac":{"type":"Buffer","data":"y6hNv0P1/qpNPsenFYx6vT5Da/wbwx6GMsq27Qg9QlA="}}}}