{"noiseKey":{"private":{"type":"Buffer","data":"0JtHiMFbobjpD57m2BoOzCNFD5hg3shOfMvLA2dusXk="},"public":{"type":"Buffer","data":"KWfhyRxspKO9Lh3O7YbGQFHdifx2qtlcpT97gl7GSlQ="}},"pairingEphemeralKeyPair":{"private":{"type":"Buffer","data":"OLH8lpzi7VJchoPobVBcDC9fqpOLLP+QE/As5J3q9W4="},"public":{"type":"Buffer","data":"Rau6FK34aY9AdCDqn0HRu58ufd9Luz8odB7LRCyn5mE="}},"signedIdentityKey":{"private":{"type":"Buffer","data":"APV/B8nGmqD3DwjNn11MyT5m1v+OSqbWcYFqHj1tWmc="},"public":{"type":"Buffer","data":"8z0sNrWJfQMPpNq3TnsUjgP4qN/Cj3HKNWi9S0UzZ1M="}},"signedPreKey":{"keyPair":{"private":{"type":"Buffer","data":"ULgTYfQoigxKIg7ax+/qeQ7z9rwBzttoP3kVC5DQdGg="},"public":{"type":"Buffer","data":"76wmwGNIrVYBHwXXGSl1JxwmoU1kfvSYVOvp9PcU21g="}},"signature":{"type":"Buffer","data":"Dq1QFrbyZBzK3Jxs3vuTQlydFSZp8dwTXeQf/qNxle2iROcCVqiGOO9H0SUyJTIkF5HoLDBlF0lL23UzPjJrjg=="},"keyId":1},"registrationId":228,"advSecretKey":"k1bCqmc9UcJ9+Ws5BdoIF7OcttuJcq5GqlViy8VXvY0=","processedHistoryMessages":[{"key":{"remoteJid":"2348105386267@s.whatsapp.net","fromMe":true,"id":"654F04E4C60129369423351B26D197A3"},"messageTimestamp":1746721051},{"key":{"remoteJid":"2348105386267@s.whatsapp.net","fromMe":true,"id":"16F6887D7317927F8B1F6EF7F1B76AE2"},"messageTimestamp":1746721051},{"key":{"remoteJid":"2348105386267@s.whatsapp.net","fromMe":true,"id":"37956C3382BE1ECF000276E6E66BDF74"},"messageTimestamp":1746721094}],"nextPreKeyId":32,"firstUnuploadedPreKeyId":32,"accountSyncCounter":1,"accountSettings":{"unarchiveChats":false},"registered":false,"account":{"details":"CKTL6ZsHEIqy88AGGAEgACgA","accountSignatureKey":"VrCjG+vHk20ndYVbksmSRaV10jUVWEX/paSO9TyZxjQ=","accountSignature":"BHdbaivMpdfmyhdnZc7NXueLzQrpqgG4BOodhyYPo3SIBMCgx70W20q6ImA/0NRvq8L5MP2GZguwH3BseG3rCA==","deviceSignature":"BrCVGY83+Loq8TtDSeQ0Oy/UviyemJMrHAQt5BO4sMSK00k55QtJ9/m4sZJFIkj2hxdAsJaKDFAn1s+nvgXkjQ=="},"me":{"id":"2348105386267:4@s.whatsapp.net","lid":"245230334930997:4@lid","name":"Tonnabot 2.0"},"signalIdentities":[{"identifier":{"name":"2348105386267:4@s.whatsapp.net","deviceId":0},"identifierKey":{"type":"Buffer","data":"BVawoxvrx5NtJ3WFW5LJkkWlddI1FVhF/6WkjvU8mcY0"}}],"platform":"android","routingInfo":{"type":"Buffer","data":"CAsIEg=="},"lastAccountSyncTimestamp":1746721045,"lastPropHash":"3gPUJk","myAppStateKeyId":"AAAAAHE3"}