{"noiseKey":{"private":{"type":"Buffer","data":"gNg51V0uSlYgbPj6z9IBftyF+D7wLUuTclxPzXF3WHo="},"public":{"type":"Buffer","data":"7at0wHoPsJo5DIPKbqm/px3uAEdZb3VYJCetJDBXSiQ="}},"pairingEphemeralKeyPair":{"private":{"type":"Buffer","data":"sMDrSgFCRgjljJsHm6nygQJhS2aNpsHsEfIneCcqLWk="},"public":{"type":"Buffer","data":"XJqib9MRAKBTYIq8RegM4rx6SG9BwffLaO0GXz16fgA="}},"signedIdentityKey":{"private":{"type":"Buffer","data":"IPIV3YBNvoW8p3lzGPe67GafyPn6kSXnSWNcioKkBGo="},"public":{"type":"Buffer","data":"XradhBf59JJg9zi7/HYp0eJdNl5493qUZkJ8E0vppzo="}},"signedPreKey":{"keyPair":{"private":{"type":"Buffer","data":"EOlR5QPk/30ARg/6s8Wv2dSV5CqvHCBBF7t4KisO7WA="},"public":{"type":"Buffer","data":"tzxLbRWf1QsR366k1f+KrC3RCa9kCe9ON5jvq7whPGo="}},"signature":{"type":"Buffer","data":"eOuXxUSMiB8ZIxzqu/INKlBvbP+CI7A48BzmgNAnu6UikCJ4/gqkTMarhFa3SFZvRh+bqwj5GaaoWVFzF+JHhg=="},"keyId":1},"registrationId":68,"advSecretKey":"VtgynhPG8wq95FSPmNUikccP0/ipLXbYWhJ+uUIhyGI=","processedHistoryMessages":[{"key":{"remoteJid":"2348105386267@s.whatsapp.net","fromMe":true,"id":"40529EA3793AE1170D1DEEFE45A9E368"},"messageTimestamp":1746714302},{"key":{"remoteJid":"2348105386267@s.whatsapp.net","fromMe":true,"id":"408E7FF4BB41C0B5E4EE8B06E495EF24"},"messageTimestamp":1746714302}],"nextPreKeyId":33,"firstUnuploadedPreKeyId":33,"accountSyncCounter":1,"accountSettings":{"unarchiveChats":false},"registered":false,"account":{"details":"CKPL6ZsHEKv98sAGGAEgACgA","accountSignatureKey":"VrCjG+vHk20ndYVbksmSRaV10jUVWEX/paSO9TyZxjQ=","accountSignature":"2GN2SVSR5yu2+sFNW2frY1jcsA82SyFqIc+EXnXU11oxNhBKPjokJnPlmrSSwkPhXl43JD9+8ozTcqrggY+KDA==","deviceSignature":"QgrHJdBROVpbubd6EdQg/PiKgfKX8tKE6s4vdCJg+khZDBaQD8hz29Yynvvpd2S0GeEOiiQ/rFVFnCrSjTpPjA=="},"me":{"id":"2348105386267:3@s.whatsapp.net","lid":"245230334930997:3@lid","name":"Tonnabot 2.0"},"signalIdentities":[{"identifier":{"name":"2348105386267:3@s.whatsapp.net","deviceId":0},"identifierKey":{"type":"Buffer","data":"BVawoxvrx5NtJ3WFW5LJkkWlddI1FVhF/6WkjvU8mcY0"}}],"platform":"android","routingInfo":{"type":"Buffer","data":"CAsIEg=="},"lastAccountSyncTimestamp":1746714294,"lastPropHash":"3gPUJk","myAppStateKeyId":"AAAAAHE1"}