{"noiseKey":{"private":{"type":"Buffer","data":"UEDMkVnT/GQ48K1F/y5yxyvAvJRWVVEwsIG0GfdHrVc="},"public":{"type":"Buffer","data":"9RyI7zvLe4BOBTgurM2wpKAcd8vfw3eC6Y/n0IEihjk="}},"pairingEphemeralKeyPair":{"private":{"type":"Buffer","data":"CFOavpcXOSW/KKwqL8xnNV3QXesnh1kWOsOnhi/HO04="},"public":{"type":"Buffer","data":"gKhUoh6ENuwqD0Ygu4a9XHgjnpFAq71iu3TwtWRMIzo="}},"signedIdentityKey":{"private":{"type":"Buffer","data":"oAk10xN/5qw5yxsMX69ncrkEWhgp+4Bgw2m17CHshXY="},"public":{"type":"Buffer","data":"LAImctrel+eHAqU1R3ooRfFyhTZn+ABCdy7+4ntyszE="}},"signedPreKey":{"keyPair":{"private":{"type":"Buffer","data":"2Lu4muH/xDDYCJCxxqBmLXI5vszQ9o4lGPZ2n2O1wGs="},"public":{"type":"Buffer","data":"1lGn3qMl8nYQVIhPPSaD99vwzq3Yg9LSaWrFDhUhJ38="}},"signature":{"type":"Buffer","data":"f48dfyNRC/k+bHvRwUs52OxoUgn4+1P3iDvBNt0Ebd+Dr0//W4qi/wkCKIG9hnfsSUBJYdPSdSgASAvH2AXUhQ=="},"keyId":1},"registrationId":78,"advSecretKey":"pYo4DmLip4qY0bKzJkRFP2Ld7K+g9hhcJIXRpBE2Eww=","processedHistoryMessages":[{"key":{"remoteJid":"2348105386267@s.whatsapp.net","fromMe":true,"id":"6DADC1C7E385175E623E0E0C2549C2DA"},"messageTimestamp":1746884420},{"key":{"remoteJid":"2348105386267@s.whatsapp.net","fromMe":true,"id":"C9887B3B106143911D729A8288CCB9A5"},"messageTimestamp":1746884420},{"key":{"remoteJid":"2348105386267@s.whatsapp.net","fromMe":true,"id":"371EA13674B05E5BBBDBCE2AEDAEA7CF"},"messageTimestamp":1746884593},{"key":{"remoteJid":"2348105386267@s.whatsapp.net","fromMe":true,"id":"F30FC67C8363685FEF8333D6B2C50501"},"messageTimestamp":1746884593}],"nextPreKeyId":61,"firstUnuploadedPreKeyId":61,"accountSyncCounter":1,"accountSettings":{"unarchiveChats":false},"registered":false,"account":{"details":"CKbL6ZsHELKu/cAGGAEgACgA","accountSignatureKey":"VrCjG+vHk20ndYVbksmSRaV10jUVWEX/paSO9TyZxjQ=","accountSignature":"Q/ulS8aU1gVb5jtajI5ZR46ReTrXvCMwRg7rlw3iH7cTBcKyiRm5kRItLB28yAf0hfIjWinAEVGgg9ob6GFsAQ==","deviceSignature":"dWp9nYaO1FEVSDIncqNVJyqMH23fksjdppdfD9gJBhLmxd0vwoKmJfOv6bQoqJ2/0mI3tRjbo/HWG9ven19Lig=="},"me":{"id":"2348105386267:6@s.whatsapp.net","lid":"245230334930997:6@lid","name":"Tonnabot 2.0"},"signalIdentities":[{"identifier":{"name":"2348105386267:6@s.whatsapp.net","deviceId":0},"identifierKey":{"type":"Buffer","data":"BVawoxvrx5NtJ3WFW5LJkkWlddI1FVhF/6WkjvU8mcY0"}}],"platform":"android","routingInfo":{"type":"Buffer","data":"CAsIEg=="},"lastAccountSyncTimestamp":1746885182,"lastPropHash":"3gPUJk","myAppStateKeyId":"AAAAAGHe"}