{"_sessions":{"BWz8ddIfXwmTKtWrptBI4/AAs9UhvVa5ldavzcQWTVhp":{"registrationId":1770415952,"currentRatchet":{"ephemeralKeyPair":{"pubKey":"Bf6otw7xP/bpIHrCPknrh6qCr3Ojd4Btoi/IM+WODecD","privKey":"UEvdLSCIf8gJbsQw6B3VosYyIoH1AZvL30AFpzWYhno="},"lastRemoteEphemeralKey":"BY8q38PjK1wV3hJa5NHdULJFmdn1JNoixJ2pj6BnP0ZT","previousCounter":0,"rootKey":"O6kqDfPTmtOyHrXmJjKrTnHrFItPJECkiQmXnLlA/W8="},"indexInfo":{"baseKey":"BWz8ddIfXwmTKtWrptBI4/AAs9UhvVa5ldavzcQWTVhp","baseKeyType":1,"closed":-1,"used":1746714543473,"created":1746714543473,"remoteIdentityKey":"BZJSaSAqjN+HSuygXSlR+tu+2zC45yfXtQQZzef0y3o2"},"_chains":{"Bf6otw7xP/bpIHrCPknrh6qCr3Ojd4Btoi/IM+WODecD":{"chainKey":{"counter":0,"key":"5yn4AX7EJd89kfopTwToKe1078csYrR4hMYbytc70hs="},"chainType":1,"messageKeys":{}}},"pendingPreKey":{"signedKeyId":26,"baseKey":"BWz8ddIfXwmTKtWrptBI4/AAs9UhvVa5ldavzcQWTVhp","preKeyId":15703006}}},"version":"v1"}