{"_sessions":{"BXWiysS0xSE99hTWMqWVNkWNwsOHPaOAXfGcwZAPrMJN":{"registrationId":1103402013,"currentRatchet":{"ephemeralKeyPair":{"pubKey":"BVuD0vu8zYqQW3FHRLX/Z28hfTKnP6Unb1JEmW01dv4B","privKey":"cLhIxCH09w6VruyhwcjcLY2EkUue0fQz8549kP5kb3Y="},"lastRemoteEphemeralKey":"BRvLcQQCW0PvVBGw+O2LR77s/teh8K1izF8+HAdnv2kh","previousCounter":0,"rootKey":"QB/ydUEt45YZCtN0yRaJMLhK+sl3SXLWz0lrgw4NZTw="},"indexInfo":{"baseKey":"BXWiysS0xSE99hTWMqWVNkWNwsOHPaOAXfGcwZAPrMJN","baseKeyType":1,"closed":1746721111318,"used":1746721080001,"created":1746721080001,"remoteIdentityKey":"BVANQY18jWqnjgLEI8Y0+fgRT8srd0bH2gKUfYNMYPgu"},"_chains":{"BVuD0vu8zYqQW3FHRLX/Z28hfTKnP6Unb1JEmW01dv4B":{"chainKey":{"counter":0,"key":"CVKxifyTaKWzHBl+S4tHJWipUhLl8l4CHkCNX+Bvt2k="},"chainType":1,"messageKeys":{}}},"pendingPreKey":{"signedKeyId":0,"baseKey":"BXWiysS0xSE99hTWMqWVNkWNwsOHPaOAXfGcwZAPrMJN","preKeyId":769457}},"BWxhMt6HTjdXTIQpe+K4sno3o3Y4SUTMadNjRzuE0O5A":{"registrationId":1103402013,"currentRatchet":{"ephemeralKeyPair":{"pubKey":"BQAJ4tV0L8IciCV4ZTtSbWRA83lz7bJJGxf4piqE1AV6","privKey":"EI+2WsuTpgcpYftwnk/NHhzE5hHTqrP5Nbv8W0e4OFc="},"lastRemoteEphemeralKey":"BRvLcQQCW0PvVBGw+O2LR77s/teh8K1izF8+HAdnv2kh","previousCounter":0,"rootKey":"m2n+ErOh9Elu28e2sAQKHfqEOOYacHJP+kO0FC59kLs="},"indexInfo":{"baseKey":"BWxhMt6HTjdXTIQpe+K4sno3o3Y4SUTMadNjRzuE0O5A","baseKeyType":1,"closed":-1,"used":1746721110955,"created":1746721110955,"remoteIdentityKey":"BVANQY18jWqnjgLEI8Y0+fgRT8srd0bH2gKUfYNMYPgu"},"_chains":{"BQAJ4tV0L8IciCV4ZTtSbWRA83lz7bJJGxf4piqE1AV6":{"chainKey":{"counter":2,"key":"a6jEXS3Zuu5f6DYlKz6ioRj6IlusUY9r+xgAOFp5vD4="},"chainType":1,"messageKeys":{}}},"pendingPreKey":{"signedKeyId":0,"baseKey":"BWxhMt6HTjdXTIQpe+K4sno3o3Y4SUTMadNjRzuE0O5A","preKeyId":768866}}},"version":"v1"}