{"_sessions":{"Be1vbtivaUTKJVRdxlkndnNrQnxAzVpd/UHR4jCxTSoN":{"registrationId":589243426,"currentRatchet":{"ephemeralKeyPair":{"pubKey":"BQGXi9YHAyINOjRMHO+CrqQvm5ITRczeHwdebvBNxsMX","privKey":"EHaflzauLzZSsLUhC7Ux56IXZaZc+FRlHFve3abKw2Y="},"lastRemoteEphemeralKey":"BQNX5/3YqmrotzDzyfxbC/ciUefsyP38e5H//xQMuEVs","previousCounter":0,"rootKey":"433Lp0M8Kk/Sb/w4yH0IfzvaVeFjz3bD1IDxOO81wP4="},"indexInfo":{"baseKey":"Be1vbtivaUTKJVRdxlkndnNrQnxAzVpd/UHR4jCxTSoN","baseKeyType":1,"closed":-1,"used":1746714529471,"created":1746714529471,"remoteIdentityKey":"Bdz3q1OKlXlQDJlGMxXptpgPNUVKc0SI0FQ4fHWhmlhb"},"_chains":{"BQGXi9YHAyINOjRMHO+CrqQvm5ITRczeHwdebvBNxsMX":{"chainKey":{"counter":0,"key":"zTqMU5bW6eb4W8tlFn+8RuGarT4cFhHrJT8UGk+WRAA="},"chainType":1,"messageKeys":{}}},"pendingPreKey":{"signedKeyId":1,"baseKey":"Be1vbtivaUTKJVRdxlkndnNrQnxAzVpd/UHR4jCxTSoN"}}},"version":"v1"}