{"_sessions":{"BWcbXabisPihNDGJYfyHEqbbqmX/nqLsU9AVGWp+gxF6":{"registrationId":324535114,"currentRatchet":{"ephemeralKeyPair":{"pubKey":"BUC/BkOIn0SwnnDqr+7JR9AgU0UG69GxVbtUWrPBon8P","privKey":"WO3VZsYBND8CnCTdNosoM3cFRarO3CgWo5v6g4klLUI="},"lastRemoteEphemeralKey":"Bedey9dhlogG1hBcz29IV5f7SSl7pzcEmFUY1Y19EC4q","previousCounter":0,"rootKey":"JHiAHbxnUuZO/ipeggsRBkT4EgRSR8ci2f8jIQJ42BQ="},"indexInfo":{"baseKey":"BWcbXabisPihNDGJYfyHEqbbqmX/nqLsU9AVGWp+gxF6","baseKeyType":1,"closed":1746721099466,"used":1746721069258,"created":1746721069258,"remoteIdentityKey":"BRBtaLVqqpxna1QR2iMyBp6v/uwmya7grMg6xiRGsoBE"},"_chains":{"BUC/BkOIn0SwnnDqr+7JR9AgU0UG69GxVbtUWrPBon8P":{"chainKey":{"counter":0,"key":"bbJMkASvZDIpNd5+r4MLQlSeshnojmcnJYzxV9bG+0g="},"chainType":1,"messageKeys":{}}},"pendingPreKey":{"signedKeyId":1,"baseKey":"BWcbXabisPihNDGJYfyHEqbbqmX/nqLsU9AVGWp+gxF6","preKeyId":1024253}},"BamJKshk6ZtVGStHX1hCaPdwiDdKGDmwLznjFtSN9YY8":{"registrationId":324535114,"currentRatchet":{"ephemeralKeyPair":{"pubKey":"BRBqm0pyYbJzNv27c10fwaAJCbSQdpWOVcLKLS9XwnNS","privKey":"OJw+ZRe5wRG3+H3YbtjvXSDG6bl+nNw7LkdMixjFYWs="},"lastRemoteEphemeralKey":"Bedey9dhlogG1hBcz29IV5f7SSl7pzcEmFUY1Y19EC4q","previousCounter":0,"rootKey":"ZKkd2RnNZgYAbMSD0/PiP5nimXKkB5mD67JdlW8otno="},"indexInfo":{"baseKey":"BamJKshk6ZtVGStHX1hCaPdwiDdKGDmwLznjFtSN9YY8","baseKeyType":1,"closed":-1,"used":1746721098911,"created":1746721098911,"remoteIdentityKey":"BRBtaLVqqpxna1QR2iMyBp6v/uwmya7grMg6xiRGsoBE"},"_chains":{"BRBqm0pyYbJzNv27c10fwaAJCbSQdpWOVcLKLS9XwnNS":{"chainKey":{"counter":2,"key":"GoQvEC8w5ljig2fp+Tu7mE+ozJux7rnc6ppffTASDsM="},"chainType":1,"messageKeys":{}}},"pendingPreKey":{"signedKeyId":1,"baseKey":"BamJKshk6ZtVGStHX1hCaPdwiDdKGDmwLznjFtSN9YY8","preKeyId":1023685}}},"version":"v1"}