{"_sessions":{"BVz3RsYvfpudVWHTIFk7LYZBAwhPmwWf81IQ6TSt0+xc":{"registrationId":589275801,"currentRatchet":{"ephemeralKeyPair":{"pubKey":"BXD/Li2eRIJAM9PuuAGOUbd81i7PaFAk2f9LP+qoXFQ2","privKey":"KI8JJfdD17RnrsQdcpQ8Wj0v3WJ6mQmLuKoxnmWJj1o="},"lastRemoteEphemeralKey":"BcfAEZjZw+gv/IPxpBk+zjEcrqo2ofqGM0Jv6Gkqggt2","previousCounter":0,"rootKey":"l00amMCUCCLhSEK2bMT27sNTRHG/N7vYa5l9e69RiiQ="},"indexInfo":{"baseKey":"BVz3RsYvfpudVWHTIFk7LYZBAwhPmwWf81IQ6TSt0+xc","baseKeyType":1,"closed":-1,"used":1746714539967,"created":1746714539967,"remoteIdentityKey":"BYgMpAG+41X8MWRQ21N8XvZm/gErqyjk7gM8gnafjd5d"},"_chains":{"BXD/Li2eRIJAM9PuuAGOUbd81i7PaFAk2f9LP+qoXFQ2":{"chainKey":{"counter":0,"key":"u5Y1Q1nk+po7cvGUzodrDPapcpY1sbRb5Krb9KJ1e3c="},"chainType":1,"messageKeys":{}}},"pendingPreKey":{"signedKeyId":4,"baseKey":"BVz3RsYvfpudVWHTIFk7LYZBAwhPmwWf81IQ6TSt0+xc","preKeyId":14376430}}},"version":"v1"}