{"_sessions":{"Bamsd8ctcQeWueTKEO2/Z6Yd4NcUpy6bAvcGBmmCF/lk":{"registrationId":1610273836,"currentRatchet":{"ephemeralKeyPair":{"pubKey":"BRKCSH7UVc1HVtDAldr+6VoBbaKVk0392DXccn65AyJr","privKey":"EMV5V0q3b8yV4+x7Zzx/YuZH9LjxXhGAZv2/+R6FDUc="},"lastRemoteEphemeralKey":"BfkYE0LzFh/y2Vjf4qLA+q6zr5F2f8hO1uJDUECv6+IV","previousCounter":0,"rootKey":"PXxEL5kI/JGCEPPRXB6ebg8/Q9DAfetjq2iyJQAncLg="},"indexInfo":{"baseKey":"Bamsd8ctcQeWueTKEO2/Z6Yd4NcUpy6bAvcGBmmCF/lk","baseKeyType":1,"closed":1746721099436,"used":1746721069234,"created":1746721069234,"remoteIdentityKey":"BYmpwv8iL3H5KgLQFs8w/ZhA9nw/dVSUGSbyz1NV49FO"},"_chains":{"BRKCSH7UVc1HVtDAldr+6VoBbaKVk0392DXccn65AyJr":{"chainKey":{"counter":0,"key":"/dj0+YDHiGG8qpecVIZOZKbksUxv1NO/+VpJCCoOy2Q="},"chainType":1,"messageKeys":{}}},"pendingPreKey":{"signedKeyId":1,"baseKey":"Bamsd8ctcQeWueTKEO2/Z6Yd4NcUpy6bAvcGBmmCF/lk"}},"BdJiLNaJ5yadd4GdiyMgtpMVMc0H8OFpeW64uh+niYwf":{"registrationId":1610273836,"currentRatchet":{"ephemeralKeyPair":{"pubKey":"BfsLXvxxGTA2Ue1e2bjwGVoe65D7Tp3ELrMliHOhZW53","privKey":"mDKUS2de4Djcx0MWQiK66M6MzMfgxHYkag3YsGebqm0="},"lastRemoteEphemeralKey":"BfkYE0LzFh/y2Vjf4qLA+q6zr5F2f8hO1uJDUECv6+IV","previousCounter":0,"rootKey":"Ymt2bT2KEp06/7gYQn83/HLvnPpkkwSkK6CRpIynGuQ="},"indexInfo":{"baseKey":"BdJiLNaJ5yadd4GdiyMgtpMVMc0H8OFpeW64uh+niYwf","baseKeyType":1,"closed":-1,"used":1746721098888,"created":1746721098888,"remoteIdentityKey":"BYmpwv8iL3H5KgLQFs8w/ZhA9nw/dVSUGSbyz1NV49FO"},"_chains":{"BfsLXvxxGTA2Ue1e2bjwGVoe65D7Tp3ELrMliHOhZW53":{"chainKey":{"counter":2,"key":"sGrYjC9Qu+t9MdpaxwwXMGrtN3gPNU2Bar0etOOOu8c="},"chainType":1,"messageKeys":{}}},"pendingPreKey":{"signedKeyId":1,"baseKey":"BdJiLNaJ5yadd4GdiyMgtpMVMc0H8OFpeW64uh+niYwf"}}},"version":"v1"}