{"_sessions":{"BQucUQMTj/HwrTG/EaASsmNLHEMbwUdCTljVKbhalfh3":{"registrationId":3457311551,"currentRatchet":{"ephemeralKeyPair":{"pubKey":"BUDjvTg4ivmmdjcZHJcgyXklkkQlpG1Kxgfx+RjO/KY4","privKey":"0KEWaQcKSl36e47H2JUSFNAYTataeGhGEAnSYXPRKEI="},"lastRemoteEphemeralKey":"BTaLCQCXWg6XvC7MbU/xIy/s54AZEeOmqaWoJd7KWehB","previousCounter":0,"rootKey":"e0LTbhUUIPIbbx6DO2lG7fplyfATXmRgDakzyvQVI1k="},"indexInfo":{"baseKey":"BQucUQMTj/HwrTG/EaASsmNLHEMbwUdCTljVKbhalfh3","baseKeyType":1,"closed":-1,"used":1746714522230,"created":1746714522230,"remoteIdentityKey":"BYzoiqeDKq+3gNG2SE80nXubcqfBrIfMPeMQkzR+iLhP"},"_chains":{"BUDjvTg4ivmmdjcZHJcgyXklkkQlpG1Kxgfx+RjO/KY4":{"chainKey":{"counter":0,"key":"fx63XqEbW2e7ovWSlNeoWiC6dXTNFS4bVgiNpi7pO1M="},"chainType":1,"messageKeys":{}}},"pendingPreKey":{"signedKeyId":1,"baseKey":"BQucUQMTj/HwrTG/EaASsmNLHEMbwUdCTljVKbhalfh3"}}},"version":"v1"}