{"_sessions":{"BYUDAEdd7LdTY+XszSate0Z2SFaDeVhAqX3cjnxmJfRz":{"registrationId":399782190,"currentRatchet":{"ephemeralKeyPair":{"pubKey":"BbayYuBgIQb+35KxookDdoD/DuOit5LCkbjCiGmmznkh","privKey":"YHe39TRdOUT2M7riv7kYrpp8tNFCHksZEtd6B0yG2Us="},"lastRemoteEphemeralKey":"BR0hi/M1bE0//uMIyGsujRPFaXyjwFwUQKOisSU25atM","previousCounter":0,"rootKey":"wqD2af0LjgqP4swlD0thNZMpxmJpyJpvhMlnlycHbAA="},"indexInfo":{"baseKey":"BYUDAEdd7LdTY+XszSate0Z2SFaDeVhAqX3cjnxmJfRz","baseKeyType":1,"closed":-1,"used":1746714521995,"created":1746714521995,"remoteIdentityKey":"BQQJ4F4SAl/wIUG49fM3/lYQnX+wRcKiSZGFaPdDi1c6"},"_chains":{"BbayYuBgIQb+35KxookDdoD/DuOit5LCkbjCiGmmznkh":{"chainKey":{"counter":0,"key":"JYbVztsYo7fAGQBNpUyBF4R9EsQnUtD0g/D2NImjIFU="},"chainType":1,"messageKeys":{}}},"pendingPreKey":{"signedKeyId":1,"baseKey":"BYUDAEdd7LdTY+XszSate0Z2SFaDeVhAqX3cjnxmJfRz","preKeyId":975}}},"version":"v1"}