{"_sessions":{"BeIltBTdz38X3eZlFYL3ZEtjM0/69T292Sk4slxCWYQu":{"registrationId":118008308,"currentRatchet":{"ephemeralKeyPair":{"pubKey":"BXq2ZRDFx57f6UoYNEqUmbNm6cdju4beVaRb7xhVJ3BF","privKey":"MDhrLXoOgtmt86YUviLdIcKQTUBfx9RMahgNHJCxP2g="},"lastRemoteEphemeralKey":"BdvDVBgOqKjprpR2aDM0cstvduQ033pcGqrs74yoM2MZ","previousCounter":0,"rootKey":"xGuC6IBOtHK/Ts7Lp/WY/XYrJL+fvfG+ajqEvn2574w="},"indexInfo":{"baseKey":"BeIltBTdz38X3eZlFYL3ZEtjM0/69T292Sk4slxCWYQu","baseKeyType":1,"closed":1746721118399,"used":1746721086944,"created":1746721086944,"remoteIdentityKey":"BewbUORYLQDRCphcyXo/e3GuJkVBCrHp+QYrm7BYEeJQ"},"_chains":{"BXq2ZRDFx57f6UoYNEqUmbNm6cdju4beVaRb7xhVJ3BF":{"chainKey":{"counter":0,"key":"fAER9DtL9Nui1q7w4Ixq94M6VI+RBUoy6lwNvvh+Je0="},"chainType":1,"messageKeys":{}}},"pendingPreKey":{"signedKeyId":0,"baseKey":"BeIltBTdz38X3eZlFYL3ZEtjM0/69T292Sk4slxCWYQu","preKeyId":5097118}},"BQB8iwGUEIxS1Jf7e89g+d5Q5Na4NSPG8Sfn3mD9TnF4":{"registrationId":118008308,"currentRatchet":{"ephemeralKeyPair":{"pubKey":"BaWiPNqwN8JWl94vWPJSMNcfcNnrwkWuKUoXmRTn2vsO","privKey":"WArgAGiMQ56PP97Wva+oXgURf1nFr65VKSG0UHXIX2M="},"lastRemoteEphemeralKey":"BdvDVBgOqKjprpR2aDM0cstvduQ033pcGqrs74yoM2MZ","previousCounter":0,"rootKey":"C9q5z1pj7NPsaJwuqRVf4R/nN6N5+QgX+qE1WDuQHLE="},"indexInfo":{"baseKey":"BQB8iwGUEIxS1Jf7e89g+d5Q5Na4NSPG8Sfn3mD9TnF4","baseKeyType":1,"closed":-1,"used":1746721117896,"created":1746721117896,"remoteIdentityKey":"BewbUORYLQDRCphcyXo/e3GuJkVBCrHp+QYrm7BYEeJQ"},"_chains":{"BaWiPNqwN8JWl94vWPJSMNcfcNnrwkWuKUoXmRTn2vsO":{"chainKey":{"counter":2,"key":"SzX0w8wHSeS9BRi+p+etDUYMCzENo0zDGfBpOMUyt3g="},"chainType":1,"messageKeys":{}}},"pendingPreKey":{"signedKeyId":0,"baseKey":"BQB8iwGUEIxS1Jf7e89g+d5Q5Na4NSPG8Sfn3mD9TnF4","preKeyId":5096753}}},"version":"v1"}