{"_sessions":{"BX2t3iUiIa/yOFcl3Y+xof2/gwJle2B2lbDi+e4D2ccz":{"registrationId":481486795,"currentRatchet":{"ephemeralKeyPair":{"pubKey":"BScj0zS+qLnNhQq9l8S8J+PlSXymGeKLMHR05H7AMQZO","privKey":"eA+trzzCMhh081lu0y3h7huhZn+qlxDLiwpf/GkyaGE="},"lastRemoteEphemeralKey":"BRWfI7VHtc9Qgom/EfeX9kI3VGFXNLzKuvfKYdks/F4B","previousCounter":0,"rootKey":"ZKotKBtjYbzY2HjnffYJ+4PZSFRdLbh77vjtFs/9mNI="},"indexInfo":{"baseKey":"BX2t3iUiIa/yOFcl3Y+xof2/gwJle2B2lbDi+e4D2ccz","baseKeyType":1,"closed":-1,"used":1746714529235,"created":1746714529235,"remoteIdentityKey":"BduZEsRAxZT0q7CIpqfcGlNEew0hcpVu1LQj+J6ez8lz"},"_chains":{"BScj0zS+qLnNhQq9l8S8J+PlSXymGeKLMHR05H7AMQZO":{"chainKey":{"counter":0,"key":"5s9iE6yHY3z0Awe+WvBXfuytBqGJ2SXPEPfCzMe7nsM="},"chainType":1,"messageKeys":{}}},"pendingPreKey":{"signedKeyId":14759345,"baseKey":"BX2t3iUiIa/yOFcl3Y+xof2/gwJle2B2lbDi+e4D2ccz","preKeyId":14632}}},"version":"v1"}