{"_sessions":{"BQzqkvwLcLtFjIXvpnj/v6+tDfqsTe1n8QROIEOpQDV8":{"registrationId":1193649088,"currentRatchet":{"ephemeralKeyPair":{"pubKey":"BQPueqKJk6vdEhGy4QNiSI0C0jvj9PXzK4EM7cWCCls+","privKey":"iPi6ejHa/DdfJjPMOvinXKyjUwCWMVysglJytNlI4Gg="},"lastRemoteEphemeralKey":"BcforNGFC8KBr4+kMkmB/W3EGYMPto7LVcBVhZlaFKAZ","previousCounter":0,"rootKey":"b6kQ0Rd14b6QABa9BEfWwxM222OdLlQXE1m9hXg8ajE="},"indexInfo":{"baseKey":"BQzqkvwLcLtFjIXvpnj/v6+tDfqsTe1n8QROIEOpQDV8","baseKeyType":1,"closed":-1,"used":1746714529184,"created":1746714529184,"remoteIdentityKey":"BVHOVC9TGrGZd/pTPu7hZsRai2Xq3C/pU5sSJDYLFIAL"},"_chains":{"BQPueqKJk6vdEhGy4QNiSI0C0jvj9PXzK4EM7cWCCls+":{"chainKey":{"counter":0,"key":"m+AZp/LBSXYRN/560bKIfNWYAzm1OcCzuVdDapHG41w="},"chainType":1,"messageKeys":{}}},"pendingPreKey":{"signedKeyId":8390762,"baseKey":"BQzqkvwLcLtFjIXvpnj/v6+tDfqsTe1n8QROIEOpQDV8","preKeyId":2649}}},"version":"v1"}