{"_sessions":{"Bcykobwf1MVPDEkiroY7HxegSQHphc9EwNpBP5fTgrFU":{"registrationId":252541183,"currentRatchet":{"ephemeralKeyPair":{"pubKey":"BRGsWNor0S03gyvtBi3d+gTyL1NU3O+sFgZEC2/16Sli","privKey":"IH4y9Xxx+9bBbAbRLvL/1Vh2HT5DFh19JjjaOzr3m2g="},"lastRemoteEphemeralKey":"Balxcg8GCYzVKt52j1Xp31Z4XtqZWisl6FIZuCdKusJY","previousCounter":0,"rootKey":"gsbqrVtUIBFdREdTq13j5lQNyj3tsWKHdaACRsLzXFo="},"indexInfo":{"baseKey":"Bcykobwf1MVPDEkiroY7HxegSQHphc9EwNpBP5fTgrFU","baseKeyType":1,"closed":1746721107766,"used":1746721075793,"created":1746721075793,"remoteIdentityKey":"BbupLWGEsuotD4AJMyVkuyt/tK1LHssmhklfnN2BFUNS"},"_chains":{"BRGsWNor0S03gyvtBi3d+gTyL1NU3O+sFgZEC2/16Sli":{"chainKey":{"counter":0,"key":"K7mTgIAKBwASgCmqRD8jsIZRPRcYWtxhiY42tIE7VOc="},"chainType":1,"messageKeys":{}}},"pendingPreKey":{"signedKeyId":1,"baseKey":"Bcykobwf1MVPDEkiroY7HxegSQHphc9EwNpBP5fTgrFU","preKeyId":13546744}},"BfKvOUjMhKKYrfsIUhvY78XfHXXXjh1VNLqgudEKPoQb":{"registrationId":252541183,"currentRatchet":{"ephemeralKeyPair":{"pubKey":"BWw5PK8WitZOCCGC8qPJs4vcel18HYo92GZhXcvRNg8I","privKey":"iEBB852o6uDeL4cuEESKS4dF1DvzXWLFH18kWvvJmVs="},"lastRemoteEphemeralKey":"Balxcg8GCYzVKt52j1Xp31Z4XtqZWisl6FIZuCdKusJY","previousCounter":0,"rootKey":"uPIoEUjRfDzRQDSRX/+L+HtKdjbkkWP3Af/QwcTGdkQ="},"indexInfo":{"baseKey":"BfKvOUjMhKKYrfsIUhvY78XfHXXXjh1VNLqgudEKPoQb","baseKeyType":1,"closed":-1,"used":1746721107362,"created":1746721107362,"remoteIdentityKey":"BbupLWGEsuotD4AJMyVkuyt/tK1LHssmhklfnN2BFUNS"},"_chains":{"BWw5PK8WitZOCCGC8qPJs4vcel18HYo92GZhXcvRNg8I":{"chainKey":{"counter":2,"key":"lE9YsRtjPC0HLFc1yktDn4D20KDWMRuhz/D2yJbi2DQ="},"chainType":1,"messageKeys":{}}},"pendingPreKey":{"signedKeyId":1,"baseKey":"BfKvOUjMhKKYrfsIUhvY78XfHXXXjh1VNLqgudEKPoQb","preKeyId":13546685}}},"version":"v1"}