{"_sessions":{"BUrdiWwag+6uamsRVaFqS6ikKJ/4s/Mj6Kn3gNP3SMJ2":{"registrationId":1156090149,"currentRatchet":{"ephemeralKeyPair":{"pubKey":"BUtJJXhc3wJL1yPUbVqXxbjItWlmr10okHOljr9boyse","privKey":"oNiIGfuBDkZVuEDqCg301QlCD4Lc+jMrhmWUBOJbv0g="},"lastRemoteEphemeralKey":"BTX4F3/DG18przHEYwaz4aTGD1NRSsOgwhtZacJ54GFo","previousCounter":0,"rootKey":"NQDnbe3udrVE71/KZizQkNL09oZtqXzYgjFhRldW5bo="},"indexInfo":{"baseKey":"BUrdiWwag+6uamsRVaFqS6ikKJ/4s/Mj6Kn3gNP3SMJ2","baseKeyType":1,"closed":1746721104092,"used":1746721072895,"created":1746721072895,"remoteIdentityKey":"BcfSTmngC7qmvPWTRvByDgDiXePG4c33CBJix/CWCXJm"},"_chains":{"BUtJJXhc3wJL1yPUbVqXxbjItWlmr10okHOljr9boyse":{"chainKey":{"counter":0,"key":"GD2tcOMWT94gdBD9Rxa37zdszmMHgAdMztaRGZxWAwY="},"chainType":1,"messageKeys":{}}},"pendingPreKey":{"signedKeyId":16,"baseKey":"BUrdiWwag+6uamsRVaFqS6ikKJ/4s/Mj6Kn3gNP3SMJ2"}},"BVFlslucv61rbYHcE/HbjkGgWAme8UBoa9Zr9DYcT4dP":{"registrationId":1156090149,"currentRatchet":{"ephemeralKeyPair":{"pubKey":"BcakqQBdHSrFKkjAWxrdFMZ+BiELSQvR7xHJW1AgNmgc","privKey":"IA7VyFHMOfNB4Qa0RQtXAMixEOlvG06oeojWbcHKFVk="},"lastRemoteEphemeralKey":"BTX4F3/DG18przHEYwaz4aTGD1NRSsOgwhtZacJ54GFo","previousCounter":0,"rootKey":"2tIrv1apVWtMWIjbMAHzvMVocXhkDy5tnxL2LB3t6a8="},"indexInfo":{"baseKey":"BVFlslucv61rbYHcE/HbjkGgWAme8UBoa9Zr9DYcT4dP","baseKeyType":1,"closed":-1,"used":1746721103781,"created":1746721103781,"remoteIdentityKey":"BcfSTmngC7qmvPWTRvByDgDiXePG4c33CBJix/CWCXJm"},"_chains":{"BcakqQBdHSrFKkjAWxrdFMZ+BiELSQvR7xHJW1AgNmgc":{"chainKey":{"counter":2,"key":"qGKx7MiBxvZpksSZ4B6v+sAe6ovBE+niM1f+7uTFZGw="},"chainType":1,"messageKeys":{}}},"pendingPreKey":{"signedKeyId":16,"baseKey":"BVFlslucv61rbYHcE/HbjkGgWAme8UBoa9Zr9DYcT4dP"}}},"version":"v1"}