{"_sessions":{"BZhMp1PEAjQ988rICi5aWizPHJUwqbZA9SbDPnF421c8":{"registrationId":192327350,"currentRatchet":{"ephemeralKeyPair":{"pubKey":"BeR7kZhzMYfShx27e+yB1YnDDTfL+XsJ7oM2kW5HLPVA","privKey":"WAHywvikpuEyRh4OzI3n1T9S0+2v5IaGFb5QFwm2220="},"lastRemoteEphemeralKey":"BTAgrzzy3bEMeTlPjXqDgdx/H1KOsOpbv02dzGL+nx4Y","previousCounter":0,"rootKey":"0pn+oCu+HJp8qji3E664drY9Zwzs509pdUZdhdubBvA="},"indexInfo":{"baseKey":"BZhMp1PEAjQ988rICi5aWizPHJUwqbZA9SbDPnF421c8","baseKeyType":1,"closed":1746721104053,"used":1746721072766,"created":1746721072766,"remoteIdentityKey":"BRzyt4UmRQmhzy73nDMHMnCsNHPVHeCAPT+QgyX9xkhA"},"_chains":{"BeR7kZhzMYfShx27e+yB1YnDDTfL+XsJ7oM2kW5HLPVA":{"chainKey":{"counter":0,"key":"GCxAIDj08TZ4LNGLpln2zQc6CsGuxUXeGjIWP3sfLbA="},"chainType":1,"messageKeys":{}}},"pendingPreKey":{"signedKeyId":1,"baseKey":"BZhMp1PEAjQ988rICi5aWizPHJUwqbZA9SbDPnF421c8","preKeyId":12826181}},"BbdWQaMJd/i8m24YaEihVvnqSjlxbWQ3/BSM6oCb+REJ":{"registrationId":192327350,"currentRatchet":{"ephemeralKeyPair":{"pubKey":"BZJO1B6eQ2hGnTiIgMfd0XLLxcZgKI5ofdHa4xTasJVg","privKey":"yHix9V2m4PUXnec/GJMiaptKwq56FJ6yj2Zt4qWDqnk="},"lastRemoteEphemeralKey":"BTAgrzzy3bEMeTlPjXqDgdx/H1KOsOpbv02dzGL+nx4Y","previousCounter":0,"rootKey":"DFabDp6ZXiVhOT5UdqAfKixHRYBT6kBf/G6UaLcrBZM="},"indexInfo":{"baseKey":"BbdWQaMJd/i8m24YaEihVvnqSjlxbWQ3/BSM6oCb+REJ","baseKeyType":1,"closed":-1,"used":1746721103607,"created":1746721103607,"remoteIdentityKey":"BRzyt4UmRQmhzy73nDMHMnCsNHPVHeCAPT+QgyX9xkhA"},"_chains":{"BZJO1B6eQ2hGnTiIgMfd0XLLxcZgKI5ofdHa4xTasJVg":{"chainKey":{"counter":2,"key":"l45Ownd+NgVH7sO80OShYaRn0V7tXpSTgeHwton1+og="},"chainType":1,"messageKeys":{}}},"pendingPreKey":{"signedKeyId":1,"baseKey":"BbdWQaMJd/i8m24YaEihVvnqSjlxbWQ3/BSM6oCb+REJ","preKeyId":12826013}}},"version":"v1"}