{"_sessions":{"BXhqHxC4rDz4wH4R1LRijh/gSQ1uoPaigxMGRV6qS2kj":{"registrationId":1285913700,"currentRatchet":{"ephemeralKeyPair":{"pubKey":"Bal+CK9ZETSa51PTxwzZuylb6CsxixMdOf14fBtJvX00","privKey":"UClOtK94G2McsSutH/iTROfLFAG989H972O22Xnn50M="},"lastRemoteEphemeralKey":"Bby2lJHFDbTLX89YaOkdEnClL1oPDfiFk1K9dMT2J0dW","previousCounter":0,"rootKey":"Z5gCQtSDOaZWi/zdOVOiSHknDIINWEx+yIA11KzbUZA="},"indexInfo":{"baseKey":"BXhqHxC4rDz4wH4R1LRijh/gSQ1uoPaigxMGRV6qS2kj","baseKeyType":1,"closed":1746721103943,"used":1746721072519,"created":1746721072519,"remoteIdentityKey":"BWHI81IA5EAADNutrzjw+HP31hfP2Wy5O7feO5PsbC5A"},"_chains":{"Bal+CK9ZETSa51PTxwzZuylb6CsxixMdOf14fBtJvX00":{"chainKey":{"counter":0,"key":"c373kuLPTX/DPAz9iONf4UUIV2RmHtT9MxS6Y+9LjaU="},"chainType":1,"messageKeys":{}}},"pendingPreKey":{"signedKeyId":15,"baseKey":"BXhqHxC4rDz4wH4R1LRijh/gSQ1uoPaigxMGRV6qS2kj","preKeyId":12470086}},"BSDkcP3EgB7eRuirFULLkjmnz95Aw5eLo3XBPh0wYAU1":{"registrationId":1285913700,"currentRatchet":{"ephemeralKeyPair":{"pubKey":"BXxQ5Qyy9reCGV2C/09JoKofmEYZpMkzqLs6oT34Y4sP","privKey":"2EYk5Z6C6+hdusTYopdyNkWIS8vxu7HVJ/LxAYIVYlc="},"lastRemoteEphemeralKey":"Bby2lJHFDbTLX89YaOkdEnClL1oPDfiFk1K9dMT2J0dW","previousCounter":0,"rootKey":"uPjreWHWFAH2yKwlw36AfHRC2DYLASQ/ygcJlqwC6rg="},"indexInfo":{"baseKey":"BSDkcP3EgB7eRuirFULLkjmnz95Aw5eLo3XBPh0wYAU1","baseKeyType":1,"closed":-1,"used":1746721103353,"created":1746721103353,"remoteIdentityKey":"BWHI81IA5EAADNutrzjw+HP31hfP2Wy5O7feO5PsbC5A"},"_chains":{"BXxQ5Qyy9reCGV2C/09JoKofmEYZpMkzqLs6oT34Y4sP":{"chainKey":{"counter":2,"key":"Gzz9+V4Mq1Ns+yK7ZZTVdJyc69ZvT8aq9QWFJPghVbc="},"chainType":1,"messageKeys":{}}},"pendingPreKey":{"signedKeyId":15,"baseKey":"BSDkcP3EgB7eRuirFULLkjmnz95Aw5eLo3XBPh0wYAU1","preKeyId":12470012}}},"version":"v1"}