{"_sessions":{"BVSPNcDOnFfi+cdA4rPXORo9Yj5HYU/BFXba0xc4whVY":{"registrationId":1261678609,"currentRatchet":{"ephemeralKeyPair":{"pubKey":"BRkVeadV+Jv/O6260fOvmh7YIL7m1Us+/quJneE5NYB9","privKey":"WKpVwqFbBEYCJvxjIU9QWN2OSeGfMN0vqjwuh3Lh9Vc="},"lastRemoteEphemeralKey":"BQ2wGp1W1EaW5yA6OrVd/EACK4cw7xAuOspszne5Ht8A","previousCounter":0,"rootKey":"IexrL7LN7bu8CSDuto45chsCcUHIHiJfGrttEYmOeYQ="},"indexInfo":{"baseKey":"BVSPNcDOnFfi+cdA4rPXORo9Yj5HYU/BFXba0xc4whVY","baseKeyType":1,"closed":1746721104103,"used":1746721072924,"created":1746721072924,"remoteIdentityKey":"Bbi9kh0FM1iLeQtPNcBtD5kIi6FAx8gnjWyWsHzNjrYT"},"_chains":{"BRkVeadV+Jv/O6260fOvmh7YIL7m1Us+/quJneE5NYB9":{"chainKey":{"counter":0,"key":"07ovj5qIRsg92UjoecEajrOt/p9P7rsZbqqkdM/aXbE="},"chainType":1,"messageKeys":{}}},"pendingPreKey":{"signedKeyId":9,"baseKey":"BVSPNcDOnFfi+cdA4rPXORo9Yj5HYU/BFXba0xc4whVY","preKeyId":8726909}},"BR1SIvYaNRv9+Q4Qd5L3SAlpvm1rSrMrzWdmNH3/augl":{"registrationId":1261678609,"currentRatchet":{"ephemeralKeyPair":{"pubKey":"Bc8wH8AR/hgx+D7L/gV+m9tmZpjrRZ53bRofnb4w92lo","privKey":"sGPNqPxnlX+NFnmx55YYqxufg+INhP2hqXYR+XQhWGw="},"lastRemoteEphemeralKey":"BQ2wGp1W1EaW5yA6OrVd/EACK4cw7xAuOspszne5Ht8A","previousCounter":0,"rootKey":"F2xScBiz3Hl2hqNi47gp7mEN6rVfyrmIiTqLw248mtE="},"indexInfo":{"baseKey":"BR1SIvYaNRv9+Q4Qd5L3SAlpvm1rSrMrzWdmNH3/augl","baseKeyType":1,"closed":-1,"used":1746721103836,"created":1746721103836,"remoteIdentityKey":"Bbi9kh0FM1iLeQtPNcBtD5kIi6FAx8gnjWyWsHzNjrYT"},"_chains":{"Bc8wH8AR/hgx+D7L/gV+m9tmZpjrRZ53bRofnb4w92lo":{"chainKey":{"counter":2,"key":"6VgyajcJDGqWe8RjhQsXktmy/6/6LC+SrZwNjCPlgP4="},"chainType":1,"messageKeys":{}}},"pendingPreKey":{"signedKeyId":9,"baseKey":"BR1SIvYaNRv9+Q4Qd5L3SAlpvm1rSrMrzWdmNH3/augl","preKeyId":8726578}}},"version":"v1"}