{"_sessions":{"BcaBU0kJaGMRzZofhwM9Tre0xOZ/gPO+WEobgmpPSOk3":{"registrationId":593728541,"currentRatchet":{"ephemeralKeyPair":{"pubKey":"BZ7YTzO8JRV0GwJDxBDBhYp6vhnqpD5rSNMUlEfW0pMi","privKey":"ID/Emk/tHa4/hdUIeQIdzbrJ8dsRNkZXW9nkJblNY1o="},"lastRemoteEphemeralKey":"BesRQJBqF0pZzN5gOXFTgEdEGIVj0PHr5X6AH25jiKo2","previousCounter":0,"rootKey":"oU94+yqqc7opzo9ry52WIqxbx8Z887O7OWB/pi5Lo1Q="},"indexInfo":{"baseKey":"BcaBU0kJaGMRzZofhwM9Tre0xOZ/gPO+WEobgmpPSOk3","baseKeyType":1,"closed":-1,"used":1746714540026,"created":1746714540026,"remoteIdentityKey":"BX9rEdnBLgftqR3xL4kNjcst+lXJ1RYbHPLfNkrMTLco"},"_chains":{"BZ7YTzO8JRV0GwJDxBDBhYp6vhnqpD5rSNMUlEfW0pMi":{"chainKey":{"counter":0,"key":"vF42nSjXwiXK/3eIBxUpbg4kAUNwc1RGaQOhwGUC44A="},"chainType":1,"messageKeys":{}}},"pendingPreKey":{"signedKeyId":3,"baseKey":"BcaBU0kJaGMRzZofhwM9Tre0xOZ/gPO+WEobgmpPSOk3","preKeyId":10007097}}},"version":"v1"}