{"_sessions":{"Bc0GSjzx6SeyiJK0OCCwEp9CPHaVvErH+KiyALipWr9+":{"registrationId":1845506915,"currentRatchet":{"ephemeralKeyPair":{"pubKey":"BXZgDuMkSid2e2dc5j2CbT4O2kW9rhQPr3s8ckUhlzBz","privKey":"SIZkiOa0vgVUWGjPNk0eBUcfrKaKvSobmxlsc5RyLVA="},"lastRemoteEphemeralKey":"BRTpq5xlKLC9VU7G/lpu0jcNo1+q7e7Ter9v5JsTRkkz","previousCounter":0,"rootKey":"/KMYS9NRh7w00B3Afst5qJ87qggoDU7Qh7eb5WWhXZY="},"indexInfo":{"baseKey":"Bc0GSjzx6SeyiJK0OCCwEp9CPHaVvErH+KiyALipWr9+","baseKeyType":1,"closed":1746721099133,"used":1746721068912,"created":1746721068912,"remoteIdentityKey":"BZ3xEAV99rGQ2XMi89t9vFBBJHkqmZCUKb98zczJBuFu"},"_chains":{"BXZgDuMkSid2e2dc5j2CbT4O2kW9rhQPr3s8ckUhlzBz":{"chainKey":{"counter":0,"key":"Cwhg/n8CUwf3pubKNqvvgkCqnT9w6+Gwxi+oiK7uCPE="},"chainType":1,"messageKeys":{}}},"pendingPreKey":{"signedKeyId":0,"baseKey":"Bc0GSjzx6SeyiJK0OCCwEp9CPHaVvErH+KiyALipWr9+"}},"BbBGEKDvi3dwUVToXixx0G2sT50t2Wje/0lVvcEcI5ZW":{"registrationId":1845506915,"currentRatchet":{"ephemeralKeyPair":{"pubKey":"BTyn7gA7LIsji9RgJ6BCHg5BlkAMMbzlAokOTj7X6vQC","privKey":"+Kx69BZaymC4cPfU1rTYFJfSaK/evzK2NUjwYLYUa28="},"lastRemoteEphemeralKey":"BRTpq5xlKLC9VU7G/lpu0jcNo1+q7e7Ter9v5JsTRkkz","previousCounter":0,"rootKey":"dO4//jNuH8HBDTosYJp23XhcTUWq5Ckd0YunPY+bg4I="},"indexInfo":{"baseKey":"BbBGEKDvi3dwUVToXixx0G2sT50t2Wje/0lVvcEcI5ZW","baseKeyType":1,"closed":-1,"used":1746721098604,"created":1746721098604,"remoteIdentityKey":"BZ3xEAV99rGQ2XMi89t9vFBBJHkqmZCUKb98zczJBuFu"},"_chains":{"BTyn7gA7LIsji9RgJ6BCHg5BlkAMMbzlAokOTj7X6vQC":{"chainKey":{"counter":2,"key":"x1y35OPyUu12YL+NTwHRa11ZxAgDNg8rS7pZHMpI8Dw="},"chainType":1,"messageKeys":{}}},"pendingPreKey":{"signedKeyId":0,"baseKey":"BbBGEKDvi3dwUVToXixx0G2sT50t2Wje/0lVvcEcI5ZW"}}},"version":"v1"}