{"_sessions":{"Bfb0T0IeQlMAaDR7Sehstk9GxLoH3Kc10ZAAW1PDiQYp":{"registrationId":1626653634,"currentRatchet":{"ephemeralKeyPair":{"pubKey":"BTXi5WJNZkGdzni2Dtkq4IlMLQnqApwp+XbGw6Q7znda","privKey":"wHxBgFkRVEBiOH+A8Op6o1uyZLoxqgGI10g0safVk2A="},"lastRemoteEphemeralKey":"Be0WGRKEixN5LA/+YtTqB3+Yqckq8hOspdslpVl4c3lO","previousCounter":0,"rootKey":"v9n2cjyIYNWRO+VcCfjFI8cxw6ecUXOWplYrMWEZJ30="},"indexInfo":{"baseKey":"Bfb0T0IeQlMAaDR7Sehstk9GxLoH3Kc10ZAAW1PDiQYp","baseKeyType":1,"closed":1746721104098,"used":1746721072910,"created":1746721072909,"remoteIdentityKey":"BRC53b4z0bgfpV0C7tUuRJYHx4JQ9RYZGdQcNwaVp1UM"},"_chains":{"BTXi5WJNZkGdzni2Dtkq4IlMLQnqApwp+XbGw6Q7znda":{"chainKey":{"counter":0,"key":"FOBsKg8o6dX6Oi+vnLQU7ojSwao8xFSUHxo1nqlHZYA="},"chainType":1,"messageKeys":{}}},"pendingPreKey":{"signedKeyId":4,"baseKey":"Bfb0T0IeQlMAaDR7Sehstk9GxLoH3Kc10ZAAW1PDiQYp","preKeyId":12153304}},"BbaT6jXhvrb3S7bBs9NQLS8XMnI6xOm9IzQMnVxO2bRC":{"registrationId":1626653634,"currentRatchet":{"ephemeralKeyPair":{"pubKey":"BVHmbigEAtrRJFJ/DKXYc/+HaPPkf6osfAFFuenvSOxI","privKey":"ACN70TuwaUgl5eH285Py3u+qhJ7FSkx08ZqOX/8QAFc="},"lastRemoteEphemeralKey":"Be0WGRKEixN5LA/+YtTqB3+Yqckq8hOspdslpVl4c3lO","previousCounter":0,"rootKey":"Pnbk4qxGRN0IjKnAfXURCFKSag/ILFW5Hs/MRR+UjCc="},"indexInfo":{"baseKey":"BbaT6jXhvrb3S7bBs9NQLS8XMnI6xOm9IzQMnVxO2bRC","baseKeyType":1,"closed":-1,"used":1746721103807,"created":1746721103807,"remoteIdentityKey":"BRC53b4z0bgfpV0C7tUuRJYHx4JQ9RYZGdQcNwaVp1UM"},"_chains":{"BVHmbigEAtrRJFJ/DKXYc/+HaPPkf6osfAFFuenvSOxI":{"chainKey":{"counter":2,"key":"S2s5+r0tibv25i1SWwg2+y6xCKLa/d7y/9SNSPxjlkE="},"chainType":1,"messageKeys":{}}},"pendingPreKey":{"signedKeyId":4,"baseKey":"BbaT6jXhvrb3S7bBs9NQLS8XMnI6xOm9IzQMnVxO2bRC","preKeyId":12153115}}},"version":"v1"}