{"_sessions":{"BagfEyjap3NOh8ycHy34x9ValS547VHARUUKAL4jxBhp":{"registrationId":672162844,"currentRatchet":{"ephemeralKeyPair":{"pubKey":"Bd3Wkf4rh3Ui0/+aDNHrJqSYcTvc/TSaOlaivPEz8Tc5","privKey":"GASx3Pb6ghOUV9UKBZ/SvVrMpeuwjMDLbiDVKZWX1HI="},"lastRemoteEphemeralKey":"BeAunfcdXbL2qfQqeoT3D3WrLmJQgtQxt/9xf+lo8W0X","previousCounter":0,"rootKey":"dsykCQnv79PC48Iyyg0R+AmAlPPB81ovbDKIteobwoA="},"indexInfo":{"baseKey":"BagfEyjap3NOh8ycHy34x9ValS547VHARUUKAL4jxBhp","baseKeyType":1,"closed":1746721114782,"used":1746721083793,"created":1746721083793,"remoteIdentityKey":"BSDdbXATDtjSI97ZYyKOTISjyUBALyZNWn0devXEeJsS"},"_chains":{"Bd3Wkf4rh3Ui0/+aDNHrJqSYcTvc/TSaOlaivPEz8Tc5":{"chainKey":{"counter":0,"key":"YNq9ROX9ba+DG/GEzegXeCblrUynhunYTOamjFtqScw="},"chainType":1,"messageKeys":{}}},"pendingPreKey":{"signedKeyId":6,"baseKey":"BagfEyjap3NOh8ycHy34x9ValS547VHARUUKAL4jxBhp","preKeyId":10367489}},"BX9TJj/39xRHXEd7b2VF8rXYPmrGUoKizhpDdyUoC54P":{"registrationId":672162844,"currentRatchet":{"ephemeralKeyPair":{"pubKey":"BeLvLFasAIHW/fDZpP1U6iH4hokUcHUMa/6XIJ8OgaQE","privKey":"yC+E/2GYdRdcAgwhgLy23rHVIjrpp5fMLNl6IwRdB2g="},"lastRemoteEphemeralKey":"BeAunfcdXbL2qfQqeoT3D3WrLmJQgtQxt/9xf+lo8W0X","previousCounter":0,"rootKey":"taTRpUeEDGmVMduyuaHzH6MPQRnGnBvav9WSl4VIGL0="},"indexInfo":{"baseKey":"BX9TJj/39xRHXEd7b2VF8rXYPmrGUoKizhpDdyUoC54P","baseKeyType":1,"closed":-1,"used":1746721114562,"created":1746721114562,"remoteIdentityKey":"BSDdbXATDtjSI97ZYyKOTISjyUBALyZNWn0devXEeJsS"},"_chains":{"BeLvLFasAIHW/fDZpP1U6iH4hokUcHUMa/6XIJ8OgaQE":{"chainKey":{"counter":2,"key":"9RyO+/wmYplPUscFRfzcAN/sREH5RwwBCjp6l71N1IE="},"chainType":1,"messageKeys":{}}},"pendingPreKey":{"signedKeyId":6,"baseKey":"BX9TJj/39xRHXEd7b2VF8rXYPmrGUoKizhpDdyUoC54P","preKeyId":10367566}}},"version":"v1"}