{"_sessions":{"BSDYc/YHi7lURLwjrvwaqkiXvHyJEwTr5FUxQ2Iokz4I":{"registrationId":1831055632,"currentRatchet":{"ephemeralKeyPair":{"pubKey":"BdpJj49KmeSao4a8ZNzsQk7BFb+jTzINASKC3xdZGzdG","privKey":"iOw5wtAyA+04hbTOLs+JT4FJI5HmC6ptQxawnnoiu0Q="},"lastRemoteEphemeralKey":"Bc4OLR3rC7x3PipwuphgVKufycf1bSFLGonvpfz57E8Q","previousCounter":0,"rootKey":"Lh12FEqjxPvUe1JtNP7HBsj82MhBD9iMzmywXkbyjLU="},"indexInfo":{"baseKey":"BSDYc/YHi7lURLwjrvwaqkiXvHyJEwTr5FUxQ2Iokz4I","baseKeyType":1,"closed":1746721114738,"used":1746721083572,"created":1746721083572,"remoteIdentityKey":"BQnh9KWA4GbVFmqJ7ih2GFiP0to9TBKNUHgYhHJejnUQ"},"_chains":{"BdpJj49KmeSao4a8ZNzsQk7BFb+jTzINASKC3xdZGzdG":{"chainKey":{"counter":0,"key":"qkX064iJ9TuDFXnixpExziSFiqa57h7xpusaD98wZVY="},"chainType":1,"messageKeys":{}}},"pendingPreKey":{"signedKeyId":8048188,"baseKey":"BSDYc/YHi7lURLwjrvwaqkiXvHyJEwTr5FUxQ2Iokz4I","preKeyId":25807}},"BVuBPeA5L1fOtTHe2c1YU3iUO6CVLkOUqOAZiQGjRGZ8":{"registrationId":1831055632,"currentRatchet":{"ephemeralKeyPair":{"pubKey":"BXqsQVTfSIFXPwAtrhmuE6AFLaznuQo+yIKgjXe7tA5o","privKey":"CBzFi89MJu9ne5zlNfZ0vnVxBcH8Rj9RtmEtrxmxUX0="},"lastRemoteEphemeralKey":"Bc4OLR3rC7x3PipwuphgVKufycf1bSFLGonvpfz57E8Q","previousCounter":0,"rootKey":"KjTYfW2fCET9SeiTqh024YUd0NY1jWsHIZsQ3gYBvb4="},"indexInfo":{"baseKey":"BVuBPeA5L1fOtTHe2c1YU3iUO6CVLkOUqOAZiQGjRGZ8","baseKeyType":1,"closed":-1,"used":1746721114363,"created":1746721114363,"remoteIdentityKey":"BQnh9KWA4GbVFmqJ7ih2GFiP0to9TBKNUHgYhHJejnUQ"},"_chains":{"BXqsQVTfSIFXPwAtrhmuE6AFLaznuQo+yIKgjXe7tA5o":{"chainKey":{"counter":2,"key":"1fcIxZi4ZGMrRxASpeElkJ9KgUp3AyPezbwX4UY5TYY="},"chainType":1,"messageKeys":{}}},"pendingPreKey":{"signedKeyId":8048188,"baseKey":"BVuBPeA5L1fOtTHe2c1YU3iUO6CVLkOUqOAZiQGjRGZ8","preKeyId":25716}}},"version":"v1"}