{"_sessions":{"BSGv5wBRWAJfVUnGAQ8gM0k2mWGcKCyl1n/I2R2ZSilp":{"registrationId":210904021,"currentRatchet":{"ephemeralKeyPair":{"pubKey":"BQrG81gINJ+KulBugHtIVy4V2MTZzDLnpDt14+zXI5E3","privKey":"eBHdHsw5IspO6/ok+u4WHt0siVk9LhIiRQ3GKJt69V4="},"lastRemoteEphemeralKey":"BQ9S5DfcFu5QHnv2L4ChUduhakLqM4jmJuNL7bMERDpY","previousCounter":0,"rootKey":"DIvqSgZhb5tbRb0RRjZe1NI1GdjvfA+qRQiLyl9onOA="},"indexInfo":{"baseKey":"BSGv5wBRWAJfVUnGAQ8gM0k2mWGcKCyl1n/I2R2ZSilp","baseKeyType":1,"closed":1746721099334,"used":1746721069137,"created":1746721069137,"remoteIdentityKey":"BYPV9P5andAXSJbGkXpmw1L1onLefeewHhlryo37mJc9"},"_chains":{"BQrG81gINJ+KulBugHtIVy4V2MTZzDLnpDt14+zXI5E3":{"chainKey":{"counter":0,"key":"1iBnjrneGsuOYCpInAoYpD420wrVgBZRFsrv/G+99Os="},"chainType":1,"messageKeys":{}}},"pendingPreKey":{"signedKeyId":0,"baseKey":"BSGv5wBRWAJfVUnGAQ8gM0k2mWGcKCyl1n/I2R2ZSilp","preKeyId":14925583}},"BRcK3ZGYkPBEyYTBcMPCZYQ0YPD1Gh8/SNuN07tiG0Y1":{"registrationId":210904021,"currentRatchet":{"ephemeralKeyPair":{"pubKey":"BbWLvruKsOjbRgsYyQOzzaG5Kh+q/pWKFI2eLg7IYtI1","privKey":"OJcgqslmiDlsaJvwOaPlYwREBVLqGwBGIK/42uokm2Y="},"lastRemoteEphemeralKey":"BQ9S5DfcFu5QHnv2L4ChUduhakLqM4jmJuNL7bMERDpY","previousCounter":0,"rootKey":"95sIqdkkM+WVq1J8pt9ZDigIT6FlDgiyLPbrnLLe15w="},"indexInfo":{"baseKey":"BRcK3ZGYkPBEyYTBcMPCZYQ0YPD1Gh8/SNuN07tiG0Y1","baseKeyType":1,"closed":-1,"used":1746721098791,"created":1746721098791,"remoteIdentityKey":"BYPV9P5andAXSJbGkXpmw1L1onLefeewHhlryo37mJc9"},"_chains":{"BbWLvruKsOjbRgsYyQOzzaG5Kh+q/pWKFI2eLg7IYtI1":{"chainKey":{"counter":2,"key":"miWIIXigLrtmcJXbrzS675eJEIfyiDjhAoAdyjNx8tU="},"chainType":1,"messageKeys":{}}},"pendingPreKey":{"signedKeyId":0,"baseKey":"BRcK3ZGYkPBEyYTBcMPCZYQ0YPD1Gh8/SNuN07tiG0Y1","preKeyId":14926033}}},"version":"v1"}