{"_sessions":{"BQky/5fU2YC6R5qyGIjzrApq412/Z4A7M29IMt0Et59H":{"registrationId":1557618085,"currentRatchet":{"ephemeralKeyPair":{"pubKey":"BbA17I+VOmN5vst1bYp0FtaExgf+WBk/CZ55aEy8Rfsd","privKey":"UHpbLGGnAP/jxronHgGuz8DIzHTyWE3NS0P0yBCQOVk="},"lastRemoteEphemeralKey":"BVxpNo8JE5WiovsSBsHMJmbcrARJhsr6M/pORoVS2wl3","previousCounter":0,"rootKey":"bO6ziH8WyAMxzSgfIsw0RR3pgYvIxrJBG+IEBs5VeZY="},"indexInfo":{"baseKey":"BQky/5fU2YC6R5qyGIjzrApq412/Z4A7M29IMt0Et59H","baseKeyType":1,"closed":1746721122208,"used":1746721090379,"created":1746721090379,"remoteIdentityKey":"BQREOEcoS6ovojVw473NSyhxS06V+Z50LXyKiRgWXeNR"},"_chains":{"BbA17I+VOmN5vst1bYp0FtaExgf+WBk/CZ55aEy8Rfsd":{"chainKey":{"counter":0,"key":"LTzU0InPb+uDbxR7pQiudkByy/oHVLsKwuq+6DF32m0="},"chainType":1,"messageKeys":{}}},"pendingPreKey":{"signedKeyId":6,"baseKey":"BQky/5fU2YC6R5qyGIjzrApq412/Z4A7M29IMt0Et59H"}},"BUzbyp0/RGbsNqvTYjRM6SCFOVV4MXhsoh1GkSJRLkgQ":{"registrationId":1557618085,"currentRatchet":{"ephemeralKeyPair":{"pubKey":"BfEbhsO5HXP6EkLnMX9fdY9tjqMcClNi5TwPLIEW8qsg","privKey":"2Fl9DVRCwA9qSL+CZGLBaSMbAegVHb3ynRDjTUOzq1Q="},"lastRemoteEphemeralKey":"BVxpNo8JE5WiovsSBsHMJmbcrARJhsr6M/pORoVS2wl3","previousCounter":0,"rootKey":"klhuVwn41fjjN52TS6PDPlI3sdoMc0PfNGdplRWuKiM="},"indexInfo":{"baseKey":"BUzbyp0/RGbsNqvTYjRM6SCFOVV4MXhsoh1GkSJRLkgQ","baseKeyType":1,"closed":-1,"used":1746721121708,"created":1746721121708,"remoteIdentityKey":"BQREOEcoS6ovojVw473NSyhxS06V+Z50LXyKiRgWXeNR"},"_chains":{"BfEbhsO5HXP6EkLnMX9fdY9tjqMcClNi5TwPLIEW8qsg":{"chainKey":{"counter":2,"key":"hVRBXEbfsTXgg3qhkakfXCFXLhJmg8rhL92iuo3fY/g="},"chainType":1,"messageKeys":{}}},"pendingPreKey":{"signedKeyId":6,"baseKey":"BUzbyp0/RGbsNqvTYjRM6SCFOVV4MXhsoh1GkSJRLkgQ"}}},"version":"v1"}