{"_sessions":{"BVO71ylSJpEx/U4Eq+Xl2mDpifkMITJS8te2gVj9J9UQ":{"registrationId":1976651986,"currentRatchet":{"ephemeralKeyPair":{"pubKey":"Be5QHMcFp3LwfRbF3JSAclruIWgED0897pnxNSH4smRS","privKey":"iAlDo0huSX1k7Wi0mUOcjGMLbnvC86XNnW7Ynq/MMms="},"lastRemoteEphemeralKey":"BWSU9ekIT/MLQ8qEbVtIfVf0u78vSwDFf1Jzx1qkDM9m","previousCounter":0,"rootKey":"mvsBWWVrwIy5JT2oJuNBd3wzk3Z9YMn0AKZThgFoKK4="},"indexInfo":{"baseKey":"BVO71ylSJpEx/U4Eq+Xl2mDpifkMITJS8te2gVj9J9UQ","baseKeyType":1,"closed":-1,"used":1746714529252,"created":1746714529252,"remoteIdentityKey":"BYRy1zwy9mskDzaSwA1osjgZi7p1T0RRhBMguHA+CKMU"},"_chains":{"Be5QHMcFp3LwfRbF3JSAclruIWgED0897pnxNSH4smRS":{"chainKey":{"counter":0,"key":"gFTlS7kvHsIH/OJK2Do+/6BPHoz8EH1pxmjDBsfSvfA="},"chainType":1,"messageKeys":{}}},"pendingPreKey":{"signedKeyId":0,"baseKey":"BVO71ylSJpEx/U4Eq+Xl2mDpifkMITJS8te2gVj9J9UQ","preKeyId":8674648}}},"version":"v1"}