{"_sessions":{"BXvSCo8NWROpKv/P9x9Y0voBiuCkrKhPV+qptK6IrKFv":{"registrationId":1480762809,"currentRatchet":{"ephemeralKeyPair":{"pubKey":"BQksdtYTkGeAmNUNsa/xg/N5f1ShTFKYM/YyvLf4PJBS","privKey":"KON9+m/WTGJn5SPFO8RWiSLFYG/DyLk0jF6bUtlIlVU="},"lastRemoteEphemeralKey":"BWJpZX7r7kKg9IOj/6OE5Aur5S3tXvuVifA0MJYntpFq","previousCounter":0,"rootKey":"Lra2Fx5/8YebO6MIfIDo4t77vn7aE7PdCXWQRBFYX48="},"indexInfo":{"baseKey":"BXvSCo8NWROpKv/P9x9Y0voBiuCkrKhPV+qptK6IrKFv","baseKeyType":1,"closed":-1,"used":1746714525813,"created":1746714525813,"remoteIdentityKey":"BaSUpjZZ4EVHnZf6ez8A5gy99a3YkAPeXrpv/jrl0Ztm"},"_chains":{"BQksdtYTkGeAmNUNsa/xg/N5f1ShTFKYM/YyvLf4PJBS":{"chainKey":{"counter":0,"key":"yWfJFzNAraFJfITRv2G+TYkJIu/G9xFFbyeYifcXhtA="},"chainType":1,"messageKeys":{}}},"pendingPreKey":{"signedKeyId":7,"baseKey":"BXvSCo8NWROpKv/P9x9Y0voBiuCkrKhPV+qptK6IrKFv"}}},"version":"v1"}