{"_sessions":{"BYZB5j99let8AN4cvICJ2REHgx8ONCqaYMfVMJlPFpte":{"registrationId":348719940,"currentRatchet":{"ephemeralKeyPair":{"pubKey":"BdmtebJgFKwvLrbXH/XAx/X1s5Jj97w6Hr8oM6gx1s5V","privKey":"CJ4GnRvdEfYNcD/+gKe8WRyH10HoBMCeNaNaFUQ+S3Q="},"lastRemoteEphemeralKey":"Bdsi4vsNvuxZd2dYK+RfaeiUFSRp51E32zBWFWtn7upx","previousCounter":0,"rootKey":"1DgDjYv0rwUmEfs5JYXYXDE9LoGGpYEzJ36p/1J8Mbo="},"indexInfo":{"baseKey":"BYZB5j99let8AN4cvICJ2REHgx8ONCqaYMfVMJlPFpte","baseKeyType":1,"closed":-1,"used":1746714532540,"created":1746714532540,"remoteIdentityKey":"BbgdsLJhCliCg88KjbLUIfRHvCyPQPOganArqz8URrJn"},"_chains":{"BdmtebJgFKwvLrbXH/XAx/X1s5Jj97w6Hr8oM6gx1s5V":{"chainKey":{"counter":0,"key":"yiyrc6EO1CaPtC/r3WDFhgMhj48T/rZOkgFuJMMn0fw="},"chainType":1,"messageKeys":{}}},"pendingPreKey":{"signedKeyId":2,"baseKey":"BYZB5j99let8AN4cvICJ2REHgx8ONCqaYMfVMJlPFpte","preKeyId":16681460}}},"version":"v1"}