{"_sessions":{"BVik3j5PXEZaoh34mnS0Juqk0AkP9c/QB7CBrrylHXp6":{"registrationId":1062438242,"currentRatchet":{"ephemeralKeyPair":{"pubKey":"BfISaJtMeOJpAINdCi4HfEYoV0nL7uFRVr+ruTqjKip5","privKey":"+CEpgmaOm3z3JVhdMjVCU7m17eHdGInebkPdXTZCx0Q="},"lastRemoteEphemeralKey":"BeDEg3RF71akwj9AaOSHf2G9/GAqOkLULJ/RFXZuhy0v","previousCounter":0,"rootKey":"1cXSKuPmNFHJvYhNfifATMY1x4uB9HCY4XJoqgn2oGQ="},"indexInfo":{"baseKey":"BVik3j5PXEZaoh34mnS0Juqk0AkP9c/QB7CBrrylHXp6","baseKeyType":1,"closed":1746721099087,"used":1746721068786,"created":1746721068786,"remoteIdentityKey":"Be/P09rPyQokNg3OOoMZywTwYDjSKrB04Nj2lGAbwFVQ"},"_chains":{"BfISaJtMeOJpAINdCi4HfEYoV0nL7uFRVr+ruTqjKip5":{"chainKey":{"counter":0,"key":"iKS/BrN8mbpw09vOb6d4o6C0DyJIKdbfgcFgHbPODoQ="},"chainType":1,"messageKeys":{}}},"pendingPreKey":{"signedKeyId":1,"baseKey":"BVik3j5PXEZaoh34mnS0Juqk0AkP9c/QB7CBrrylHXp6"}},"BTs3RHzlG1gLI+QbeKQsDe8ZFfJLbx6nOJ3Qa85zijcX":{"registrationId":1062438242,"currentRatchet":{"ephemeralKeyPair":{"pubKey":"BRw7LTTTq/MVfkXv9tdg7XCTuwilgq9fA+VenAxVI14z","privKey":"YBI4U20bbvjyQJXJk1i5uCjRXmG36krSXa++N7FnDXY="},"lastRemoteEphemeralKey":"BeDEg3RF71akwj9AaOSHf2G9/GAqOkLULJ/RFXZuhy0v","previousCounter":0,"rootKey":"UL6a8X8l6q0c0bHJrcr+WSXSlXae5607kzXunX43JCE="},"indexInfo":{"baseKey":"BTs3RHzlG1gLI+QbeKQsDe8ZFfJLbx6nOJ3Qa85zijcX","baseKeyType":1,"closed":-1,"used":1746721098495,"created":1746721098495,"remoteIdentityKey":"Be/P09rPyQokNg3OOoMZywTwYDjSKrB04Nj2lGAbwFVQ"},"_chains":{"BRw7LTTTq/MVfkXv9tdg7XCTuwilgq9fA+VenAxVI14z":{"chainKey":{"counter":2,"key":"QYurqTyKtqPjYkIiMBpvhq1Ww7pKETGZtWN2Tg91UTk="},"chainType":1,"messageKeys":{}}},"pendingPreKey":{"signedKeyId":1,"baseKey":"BTs3RHzlG1gLI+QbeKQsDe8ZFfJLbx6nOJ3Qa85zijcX"}}},"version":"v1"}