{"_sessions":{"BW564HwT1st8AT2D6ei6z2FGjp4HvqXun8AHWlVAJeRz":{"registrationId":813943352,"currentRatchet":{"ephemeralKeyPair":{"pubKey":"BQNfydRhvq77TxX9Ocgcc5pfmR4+K8y++heCb5cDbjVg","privKey":"mOu0BsOOyEPjkqV3V8YKmi9E+C6BYPdqrvyPcxbKK3s="},"lastRemoteEphemeralKey":"BeILD+87LzSw2iaVfq3Q5R6Wynd7TeBgv3sOuWnlUaFB","previousCounter":0,"rootKey":"AWz2SVjeIsa2ZSqucGuVPggxrtyNs1nONAyArqDkHn4="},"indexInfo":{"baseKey":"BW564HwT1st8AT2D6ei6z2FGjp4HvqXun8AHWlVAJeRz","baseKeyType":1,"closed":-1,"used":1746714529267,"created":1746714529267,"remoteIdentityKey":"BX5X3UXexdAUv/n9K6VPlWEj2wkJCFqaqrGfneXW/vMo"},"_chains":{"BQNfydRhvq77TxX9Ocgcc5pfmR4+K8y++heCb5cDbjVg":{"chainKey":{"counter":0,"key":"YxjHt4wBuFIyURJi3NYX5SxauR/S28b0Zw/qifRlkfg="},"chainType":1,"messageKeys":{}}},"pendingPreKey":{"signedKeyId":4,"baseKey":"BW564HwT1st8AT2D6ei6z2FGjp4HvqXun8AHWlVAJeRz","preKeyId":6786635}}},"version":"v1"}