{"_sessions":{"BVfFvzDthtI9lw1HhBupkDx6Wjkir8kvneUFBUthFxN1":{"registrationId":2025605128,"currentRatchet":{"ephemeralKeyPair":{"pubKey":"BRt9D0OvGvPdze2CZ751F+zX260kYJ2QHNrWaS/Umf00","privKey":"SIthWnJcJ4X7MuXhgz3QU/6+ppwQE5KZnY6qJoDPM0c="},"lastRemoteEphemeralKey":"BW90FbmlfOToHN7yh1XPk05YI2qCwXfn5p9SsOXLzFpB","previousCounter":0,"rootKey":"7LUUPV+aFP6UFZJC7LppSvYPXui5Ll8VJR7fAR8Aobw="},"indexInfo":{"baseKey":"BVfFvzDthtI9lw1HhBupkDx6Wjkir8kvneUFBUthFxN1","baseKeyType":1,"closed":-1,"used":1746714522247,"created":1746714522247,"remoteIdentityKey":"BfqWxH+4Z/NFtgatplT0BmdGDUz80fE6jZj1rGwFtF8s"},"_chains":{"BRt9D0OvGvPdze2CZ751F+zX260kYJ2QHNrWaS/Umf00":{"chainKey":{"counter":0,"key":"8WbPDo/1+GFqKYvkJO//Q19ls8+MRSWK45ASPkVTISs="},"chainType":1,"messageKeys":{}}},"pendingPreKey":{"signedKeyId":3,"baseKey":"BVfFvzDthtI9lw1HhBupkDx6Wjkir8kvneUFBUthFxN1"}}},"version":"v1"}