{"_sessions":{"BYdV4XqzTX4zUvVoRqMaMv1JfxNDweoGO4fGhXOPCBs9":{"registrationId":589847252,"currentRatchet":{"ephemeralKeyPair":{"pubKey":"BdxyXPbCYMO4a3FI4VY13GEcH/w1ZzrVErmxTBqAV24G","privKey":"YLuQfqwwg0kySHa7xqDBxhKv9stJ+5P6KF8/hEQtqmE="},"lastRemoteEphemeralKey":"BVhVgIIE2VntduGw0lsthIZQ5J/zvP3i5OrFEaxHKk9i","previousCounter":0,"rootKey":"BHLiE4zLf5E4UOHzLDlVe0kLMBG7JsEyiZll4Nj5Tds="},"indexInfo":{"baseKey":"BYdV4XqzTX4zUvVoRqMaMv1JfxNDweoGO4fGhXOPCBs9","baseKeyType":1,"closed":1746721122158,"used":1746721090264,"created":1746721090264,"remoteIdentityKey":"BVjYJibBY4oVk9hNLFNxIbWvH6BkuCIcH8dkuW6U4XcJ"},"_chains":{"BdxyXPbCYMO4a3FI4VY13GEcH/w1ZzrVErmxTBqAV24G":{"chainKey":{"counter":0,"key":"S311lO97OIZ+RhrrGdDXS5g69RUpBLfN22vcAYRBIMw="},"chainType":1,"messageKeys":{}}},"pendingPreKey":{"signedKeyId":0,"baseKey":"BYdV4XqzTX4zUvVoRqMaMv1JfxNDweoGO4fGhXOPCBs9","preKeyId":16057612}},"BQaDCotwc4L80l1GVKxr7bvuiZDut7PlLaGCJB9yUqZL":{"registrationId":589847252,"currentRatchet":{"ephemeralKeyPair":{"pubKey":"BWt4mQzH0v0ohsTK86e9ZKnmMeiLzSyTd1TdAq40L5lo","privKey":"+CvhC5q0QecMUkhjJYC8/FpBWj2JriyOjDSq3n9Yi2M="},"lastRemoteEphemeralKey":"BVhVgIIE2VntduGw0lsthIZQ5J/zvP3i5OrFEaxHKk9i","previousCounter":0,"rootKey":"6q+qjxFGm055m+nw2V5DPy9oJL/wxkk9nMBVt2oHmRI="},"indexInfo":{"baseKey":"BQaDCotwc4L80l1GVKxr7bvuiZDut7PlLaGCJB9yUqZL","baseKeyType":1,"closed":-1,"used":1746721121554,"created":1746721121554,"remoteIdentityKey":"BVjYJibBY4oVk9hNLFNxIbWvH6BkuCIcH8dkuW6U4XcJ"},"_chains":{"BWt4mQzH0v0ohsTK86e9ZKnmMeiLzSyTd1TdAq40L5lo":{"chainKey":{"counter":2,"key":"G/20uKXi7PzXqX2An4oEry7bWt+deCGeDE8BihqFMxw="},"chainType":1,"messageKeys":{}}},"pendingPreKey":{"signedKeyId":0,"baseKey":"BQaDCotwc4L80l1GVKxr7bvuiZDut7PlLaGCJB9yUqZL","preKeyId":16057805}}},"version":"v1"}