{"_sessions":{"BTjOFkz1S8T6obc0lA0QBTyFzJQOsa1HZlSF89J414Rp":{"registrationId":1632247153,"currentRatchet":{"ephemeralKeyPair":{"pubKey":"BUEN/2UwjlIXErj08Czfm+L54iA0nQ0HWtEiUWQkMZYq","privKey":"iJZ0xHCpTTHpBqYKZyHtuujH1x8R/Y/nkItrNDkED30="},"lastRemoteEphemeralKey":"BeuxVdcfaQMPj0COPndqejAvGJDnGfWpHtQhBuZ3m69y","previousCounter":0,"rootKey":"wdmDqEJ2yRG8FQgcKWmYgfT2WJoAEdxYLA/LuBqnZ+c="},"indexInfo":{"baseKey":"BTjOFkz1S8T6obc0lA0QBTyFzJQOsa1HZlSF89J414Rp","baseKeyType":1,"closed":-1,"used":1746714536284,"created":1746714536284,"remoteIdentityKey":"BUmuLJd8aAgn3rgPFRNY57/58qmXCao0wAh3l6EVJq8A"},"_chains":{"BUEN/2UwjlIXErj08Czfm+L54iA0nQ0HWtEiUWQkMZYq":{"chainKey":{"counter":0,"key":"ko4dfRr2bJoyBkV3+sLbT+TaSYncjac2TtCUzfNcq18="},"chainType":1,"messageKeys":{}}},"pendingPreKey":{"signedKeyId":9,"baseKey":"BTjOFkz1S8T6obc0lA0QBTyFzJQOsa1HZlSF89J414Rp","preKeyId":13972037}}},"version":"v1"}