{"_sessions":{"BdmAX0jZ2VwWHc3KMCqs24cFJAn4bF/8gb54luNxZRg/":{"registrationId":2135866149,"currentRatchet":{"ephemeralKeyPair":{"pubKey":"BSNavZXhadUMZhN4zQ+DTNlqHmX6K+C6AvqcUK4UPjs5","privKey":"YPw/377DqGo29njayEeM3VteMyLxsywlp7bgQO6BGX4="},"lastRemoteEphemeralKey":"BRxf7wJvAgHALEzT/+S2z4aRemopVfudam+fqkcLXgYL","previousCounter":0,"rootKey":"Fj9lyBaK56D65j4zqGSoXOX17+gUYp/MxDrg5/DLxYk="},"indexInfo":{"baseKey":"BdmAX0jZ2VwWHc3KMCqs24cFJAn4bF/8gb54luNxZRg/","baseKeyType":1,"closed":-1,"used":1746714529172,"created":1746714529172,"remoteIdentityKey":"BZ4X+8xvbxQCdB1SGd9acPsTv2WHcob1B0HINN0ilwxY"},"_chains":{"BSNavZXhadUMZhN4zQ+DTNlqHmX6K+C6AvqcUK4UPjs5":{"chainKey":{"counter":0,"key":"361dntLBBs1C+8KGPlISXlxVqw7tWAX81Nxm338LTh0="},"chainType":1,"messageKeys":{}}},"pendingPreKey":{"signedKeyId":10,"baseKey":"BdmAX0jZ2VwWHc3KMCqs24cFJAn4bF/8gb54luNxZRg/","preKeyId":5371768}}},"version":"v1"}