{"_sessions":{"BYviCD49hqa//GhtBCGW+zF/8jt+BJeB6TGWyaqeddl6":{"registrationId":332173080,"currentRatchet":{"ephemeralKeyPair":{"pubKey":"BenrAmb6ayV6kC3fqyBcyCF71oq31Ro7j5kbCL/H+/lh","privKey":"SLqA26jOTunuhgDsfk36crtRfEH6HG9wQjnHAHFgoH4="},"lastRemoteEphemeralKey":"BcOcYHrti224IIaQ1ec/PuUNEtoMWVBbafFzlCT5Wwp/","previousCounter":0,"rootKey":"FvkYydLEqxatn2hAS9+Z0XlAnFLgSyf14IPe4v5daHw="},"indexInfo":{"baseKey":"BYviCD49hqa//GhtBCGW+zF/8jt+BJeB6TGWyaqeddl6","baseKeyType":1,"closed":1746721118389,"used":1746721086925,"created":1746721086925,"remoteIdentityKey":"BSaAfBhoYGqJtH/pxLbTiMaMigfuLKCeD//GWv42h7og"},"_chains":{"BenrAmb6ayV6kC3fqyBcyCF71oq31Ro7j5kbCL/H+/lh":{"chainKey":{"counter":0,"key":"S2NASS9ujaEPb/IPjekFBoiqClXt9qCmindI50bRuR8="},"chainType":1,"messageKeys":{}}},"pendingPreKey":{"signedKeyId":12,"baseKey":"BYviCD49hqa//GhtBCGW+zF/8jt+BJeB6TGWyaqeddl6","preKeyId":15005840}},"BcSm1uFtB9el9MlLNMAjWVXYGP7Z2M1cBluHVmnlD8FZ":{"registrationId":332173080,"currentRatchet":{"ephemeralKeyPair":{"pubKey":"BV9085ci078QZEeq3f1e+6Er+GgzL19PMvyUicHTWOc2","privKey":"KHCC8U0zXpTSPTiJUzkehrOlbIjY4YzWe0aI2Vv+i20="},"lastRemoteEphemeralKey":"BcOcYHrti224IIaQ1ec/PuUNEtoMWVBbafFzlCT5Wwp/","previousCounter":0,"rootKey":"WTYrbeHQ1dSMi7ouy2/B6TaZDptVtB2/N/3LBxlwO9A="},"indexInfo":{"baseKey":"BcSm1uFtB9el9MlLNMAjWVXYGP7Z2M1cBluHVmnlD8FZ","baseKeyType":1,"closed":-1,"used":1746721117870,"created":1746721117870,"remoteIdentityKey":"BSaAfBhoYGqJtH/pxLbTiMaMigfuLKCeD//GWv42h7og"},"_chains":{"BV9085ci078QZEeq3f1e+6Er+GgzL19PMvyUicHTWOc2":{"chainKey":{"counter":2,"key":"KaN1p7hmsw+3dBA4JW5jStrphdN65AD/bjWvthwbyGQ="},"chainType":1,"messageKeys":{}}},"pendingPreKey":{"signedKeyId":12,"baseKey":"BcSm1uFtB9el9MlLNMAjWVXYGP7Z2M1cBluHVmnlD8FZ","preKeyId":15006540}}},"version":"v1"}