{"_sessions":{"BQn0LdE3k8Wmg7FvmtxB76ddyH3VbwGHLwZWZ6L8LWNQ":{"registrationId":244129854,"currentRatchet":{"ephemeralKeyPair":{"pubKey":"BXGEmDUKAdNMa/n47hxmXu9Q6ZL/euwYSLxCD1VqMOkm","privKey":"iOJ2LbC4cBB6FQH5P2gI8gDlfYQsawYPtoYeTFiTsVk="},"lastRemoteEphemeralKey":"BWKq1M/jIuBqamGg/8EAv1jgOkVn98At2TEDJ5uzxeps","previousCounter":0,"rootKey":"n/dArzzIKtMWUAYkRajklsR+WLXnbi8uxZaBPsOCTFc="},"indexInfo":{"baseKey":"BQn0LdE3k8Wmg7FvmtxB76ddyH3VbwGHLwZWZ6L8LWNQ","baseKeyType":1,"closed":1746721107836,"used":1746721076071,"created":1746721076071,"remoteIdentityKey":"BTSr1lEvEe6qIdw4HWVemX0mi0vktnV1rcmSG/uze9Qq"},"_chains":{"BXGEmDUKAdNMa/n47hxmXu9Q6ZL/euwYSLxCD1VqMOkm":{"chainKey":{"counter":0,"key":"K69gsyFnGJO9LXnGza5P+iJRh0JpbcqUcRS5H+lT7Q4="},"chainType":1,"messageKeys":{}}},"pendingPreKey":{"signedKeyId":1,"baseKey":"BQn0LdE3k8Wmg7FvmtxB76ddyH3VbwGHLwZWZ6L8LWNQ","preKeyId":3465653}},"BQsotmyDzCUH9PHx6Mk0wyDU2p4vWpLmobGqGvDLi5QB":{"registrationId":244129854,"currentRatchet":{"ephemeralKeyPair":{"pubKey":"BbHyWBrB4d+6VJAIHnBpP+V9zdnclaKLgtCP0ONC+UFA","privKey":"IO2YahH5VxSRU1PeVs1TtWlgHbyMGMnuTWzEs5pu2kY="},"lastRemoteEphemeralKey":"BWKq1M/jIuBqamGg/8EAv1jgOkVn98At2TEDJ5uzxeps","previousCounter":0,"rootKey":"q7ieLsfqgxDg4wZi2VS3M4y4Suq1M6R9MD8itHPtzXE="},"indexInfo":{"baseKey":"BQsotmyDzCUH9PHx6Mk0wyDU2p4vWpLmobGqGvDLi5QB","baseKeyType":1,"closed":-1,"used":1746721107610,"created":1746721107610,"remoteIdentityKey":"BTSr1lEvEe6qIdw4HWVemX0mi0vktnV1rcmSG/uze9Qq"},"_chains":{"BbHyWBrB4d+6VJAIHnBpP+V9zdnclaKLgtCP0ONC+UFA":{"chainKey":{"counter":2,"key":"use5Lpig/AnEv5xGpj2imgLHI6yeh+SbA0RZ5BxOm84="},"chainType":1,"messageKeys":{}}},"pendingPreKey":{"signedKeyId":1,"baseKey":"BQsotmyDzCUH9PHx6Mk0wyDU2p4vWpLmobGqGvDLi5QB","preKeyId":3465729}}},"version":"v1"}