{"_sessions":{"BfkryxUH+MD7D2lkuk4GqCxCzmVcMbO2zkn1cU7AIDFQ":{"registrationId":1013286060,"currentRatchet":{"ephemeralKeyPair":{"pubKey":"BXniVLuaScQDuOlk/6HCJet+2doFaQM5I7FV8e7Xd39A","privKey":"kBASYvmVyG5CR8JR+vekez0WViT6fM3i0PU56E0+PW4="},"lastRemoteEphemeralKey":"Bb0njzNry5+cVgl2DhMujwMiUpMjJxKa3CQcWIdKdGlC","previousCounter":0,"rootKey":"6VUx3Q45Y9Prx8xgHKN8w4IgLvJXbtjdsAapxPi998s="},"indexInfo":{"baseKey":"BfkryxUH+MD7D2lkuk4GqCxCzmVcMbO2zkn1cU7AIDFQ","baseKeyType":1,"closed":1746721107803,"used":1746721075935,"created":1746721075935,"remoteIdentityKey":"BaS/+Wb5DXoC11Ch5MFYhLJxY4QE2Tz8t/NpkYQHJ8hv"},"_chains":{"BXniVLuaScQDuOlk/6HCJet+2doFaQM5I7FV8e7Xd39A":{"chainKey":{"counter":0,"key":"bhyzx25x5nzBUdp+Vqj3Otcqo5Qqs7ql5Zq/W5hM+9c="},"chainType":1,"messageKeys":{}}},"pendingPreKey":{"signedKeyId":13945079,"baseKey":"BfkryxUH+MD7D2lkuk4GqCxCzmVcMbO2zkn1cU7AIDFQ"}},"BdDj9cO3MJ6Q8DfbuZvtzhUXTl+DCppe4zZAhj3LX6Zz":{"registrationId":1013286060,"currentRatchet":{"ephemeralKeyPair":{"pubKey":"BTMwqiUjjn/rapqcMlhmm/xLL9e5kewmo0+tu/09ZX10","privKey":"YHs4Png7QgXs3tsMSkoFz20z9duFqcr3ye7opz7XtH4="},"lastRemoteEphemeralKey":"Bb0njzNry5+cVgl2DhMujwMiUpMjJxKa3CQcWIdKdGlC","previousCounter":0,"rootKey":"KDSicmCrSk2L+zT0o1x5/zIqdc9/SykNqicG6HQANbA="},"indexInfo":{"baseKey":"BdDj9cO3MJ6Q8DfbuZvtzhUXTl+DCppe4zZAhj3LX6Zz","baseKeyType":1,"closed":-1,"used":1746721107495,"created":1746721107495,"remoteIdentityKey":"BaS/+Wb5DXoC11Ch5MFYhLJxY4QE2Tz8t/NpkYQHJ8hv"},"_chains":{"BTMwqiUjjn/rapqcMlhmm/xLL9e5kewmo0+tu/09ZX10":{"chainKey":{"counter":2,"key":"UKgwLMojsAAHB8MBgmqwEYfPxMwYd8s4VHC7jUY90Kw="},"chainType":1,"messageKeys":{}}},"pendingPreKey":{"signedKeyId":13945079,"baseKey":"BdDj9cO3MJ6Q8DfbuZvtzhUXTl+DCppe4zZAhj3LX6Zz"}}},"version":"v1"}