{"_sessions":{"BfKLShCejbJvcycdsZOpWHP0fVHOUqvqOtJayotq4TxB":{"registrationId":1610683431,"currentRatchet":{"ephemeralKeyPair":{"pubKey":"BX1iD7CtZdTrDBfua4hUFWn7JvVQgDA2rYhSK3vUno5x","privKey":"ePTM05eV75DF4q4rwqra/1ijv762BaRy90TgWv5kj04="},"lastRemoteEphemeralKey":"Bf7mmJFWGQkUYWI5u0WMlqZn53N+G+mGl06LpRYt/UNm","previousCounter":0,"rootKey":"COdAkLTaEyIzcG/0T7tXLxnlH+LqDTuF59ZlAHJc+6I="},"indexInfo":{"baseKey":"BfKLShCejbJvcycdsZOpWHP0fVHOUqvqOtJayotq4TxB","baseKeyType":1,"closed":1746721107798,"used":1746721075918,"created":1746721075918,"remoteIdentityKey":"BQ5Rv3up4/oIHb7zL58iJ0xye/EaHaCKbl6uZpwCQgNs"},"_chains":{"BX1iD7CtZdTrDBfua4hUFWn7JvVQgDA2rYhSK3vUno5x":{"chainKey":{"counter":0,"key":"YRzM0atN7tKSrRdWaFq4pQr7EumCUeovHjbP0UNECRg="},"chainType":1,"messageKeys":{}}},"pendingPreKey":{"signedKeyId":0,"baseKey":"BfKLShCejbJvcycdsZOpWHP0fVHOUqvqOtJayotq4TxB","preKeyId":7111808}},"BUSixu1y4EtqN+WCMTMBkkgirX1UknCqIi2TqOrTUF00":{"registrationId":1610683431,"currentRatchet":{"ephemeralKeyPair":{"pubKey":"BToOM4sZJxUbaiITuAeU+Gc1pHOrhZCl60dTInPf3yMV","privKey":"CPoVXKNGxa3jZKf+qvFjoqca6ztgXDrXDOoIhVXxXHE="},"lastRemoteEphemeralKey":"Bf7mmJFWGQkUYWI5u0WMlqZn53N+G+mGl06LpRYt/UNm","previousCounter":0,"rootKey":"c+IJzgcxT8+zdPhkragb4ZCNte+Dbz8TIbTAwHTGOiU="},"indexInfo":{"baseKey":"BUSixu1y4EtqN+WCMTMBkkgirX1UknCqIi2TqOrTUF00","baseKeyType":1,"closed":-1,"used":1746721107479,"created":1746721107479,"remoteIdentityKey":"BQ5Rv3up4/oIHb7zL58iJ0xye/EaHaCKbl6uZpwCQgNs"},"_chains":{"BToOM4sZJxUbaiITuAeU+Gc1pHOrhZCl60dTInPf3yMV":{"chainKey":{"counter":2,"key":"ogSI2qegWZ+Rl857kLsBwVDljvtEbSrw7DeCsEzdOnU="},"chainType":1,"messageKeys":{}}},"pendingPreKey":{"signedKeyId":0,"baseKey":"BUSixu1y4EtqN+WCMTMBkkgirX1UknCqIi2TqOrTUF00","preKeyId":7111874}}},"version":"v1"}