{"_sessions":{"BaoWfCUZOmzq92a2+C0h4xSZhZ/OTkK3O4NvaY8gL9cu":{"registrationId":235897685,"currentRatchet":{"ephemeralKeyPair":{"pubKey":"BQOWMyubJ6NcCB2oUBLV3xgWHDspMdDzx7vkK69gvwMy","privKey":"AM14noRSMqPIJS9ks9EQtFzbus9pN/jXu4oEukqzjUQ="},"lastRemoteEphemeralKey":"BVfx5JS3xpKsQZZqIuxjZeoIg+SmD/CBsmeh0GPQTnVV","previousCounter":0,"rootKey":"Eoy/jiIG5EWtQevm9O++ga5hqG1OjDyhm66NUu3zL/c="},"indexInfo":{"baseKey":"BaoWfCUZOmzq92a2+C0h4xSZhZ/OTkK3O4NvaY8gL9cu","baseKeyType":1,"closed":-1,"used":1746714536447,"created":1746714536447,"remoteIdentityKey":"BX0LlRW9ETNFmG4xPh+yZr7wN5Tnv2oSItGP60KGytBf"},"_chains":{"BQOWMyubJ6NcCB2oUBLV3xgWHDspMdDzx7vkK69gvwMy":{"chainKey":{"counter":0,"key":"PE2WyF1mLEHZ7m0nmbNteVJ2TaUjKkvisfEpHnOpZCU="},"chainType":1,"messageKeys":{}}},"pendingPreKey":{"signedKeyId":2,"baseKey":"BaoWfCUZOmzq92a2+C0h4xSZhZ/OTkK3O4NvaY8gL9cu","preKeyId":12812456}}},"version":"v1"}