{"_sessions":{"BQECdTqxtp7ix/KR6VMauQXYp+8zwNDqLdZdGDvdyoUv":{"registrationId":118198015,"currentRatchet":{"ephemeralKeyPair":{"pubKey":"BcCJoebKFV7w9nLPBs6z7H+3chVPs2Z6kphaCBVDq6M4","privKey":"sBaKIKyNXu7h0xLjxvVyaSOCgRVpUqpLxmzzeeUBkXo="},"lastRemoteEphemeralKey":"BaSR6MeMadncx5rWhJwQaDn9mDdoN8njF4CQMWlHutAV","previousCounter":0,"rootKey":"jgqC6adKh9h6prV5dZYusCvZnEW7+63lnOUG1BWzmeM="},"indexInfo":{"baseKey":"BQECdTqxtp7ix/KR6VMauQXYp+8zwNDqLdZdGDvdyoUv","baseKeyType":1,"closed":1746721099302,"used":1746721069111,"created":1746721069111,"remoteIdentityKey":"BRkoKTJUzt43YoRdXIPhVJ2IPCntRuVvK/w3HJumnKdo"},"_chains":{"BcCJoebKFV7w9nLPBs6z7H+3chVPs2Z6kphaCBVDq6M4":{"chainKey":{"counter":0,"key":"hSvUsRkBt6CNlFGMWUz67w9S0eHTJBK1u2xEkIQ+vB8="},"chainType":1,"messageKeys":{}}},"pendingPreKey":{"signedKeyId":14317446,"baseKey":"BQECdTqxtp7ix/KR6VMauQXYp+8zwNDqLdZdGDvdyoUv","preKeyId":13383}},"BVsjXveYH3S7au39FE7TI4tgkvK/T3bWnRVsBFFm2i8g":{"registrationId":118198015,"currentRatchet":{"ephemeralKeyPair":{"pubKey":"BWIodwXqSV+Nsk/4JcNIpmYBfsq8OL7R1YW1AOp5YNBN","privKey":"gGPX+PiP+zQMBl5mGiSm4VwOBHsCc9ax27C+Wy9l6Wk="},"lastRemoteEphemeralKey":"BaSR6MeMadncx5rWhJwQaDn9mDdoN8njF4CQMWlHutAV","previousCounter":0,"rootKey":"jBTpZ+fQw5GbLK/RgJiyymppdQ2l0YrexfrPR4k3New="},"indexInfo":{"baseKey":"BVsjXveYH3S7au39FE7TI4tgkvK/T3bWnRVsBFFm2i8g","baseKeyType":1,"closed":-1,"used":1746721098767,"created":1746721098767,"remoteIdentityKey":"BRkoKTJUzt43YoRdXIPhVJ2IPCntRuVvK/w3HJumnKdo"},"_chains":{"BWIodwXqSV+Nsk/4JcNIpmYBfsq8OL7R1YW1AOp5YNBN":{"chainKey":{"counter":2,"key":"oolq+Zx59BWG9FErFTRDla4GH3z0R+gUd39PCGBNNDw="},"chainType":1,"messageKeys":{}}},"pendingPreKey":{"signedKeyId":14317446,"baseKey":"BVsjXveYH3S7au39FE7TI4tgkvK/T3bWnRVsBFFm2i8g","preKeyId":13345}}},"version":"v1"}