{"_sessions":{"BT1hIiyTEt6wjGutWlfRw+MpIZmX+3JdeAa7/Rcx+8Zs":{"registrationId":1572631109,"currentRatchet":{"ephemeralKeyPair":{"pubKey":"BZDB1GbVz+5VN4Nz/N1P6/BUsDXAF85OPknPwoKPE+Na","privKey":"AMauYzcxPEpJFUEBS8BB5KS37LQxz8UL4SyowVMzoVM="},"lastRemoteEphemeralKey":"BbJ33CiW5haMhsULGuxvgZnvk1vvRMmkHGHLLbmGJhZs","previousCounter":0,"rootKey":"esgk/ehBLuxCMFYvEqGzB4ty0799m5mfcvth52tboBs="},"indexInfo":{"baseKey":"BT1hIiyTEt6wjGutWlfRw+MpIZmX+3JdeAa7/Rcx+8Zs","baseKeyType":1,"closed":-1,"used":1746714525818,"created":1746714525818,"remoteIdentityKey":"BUNs0H2CF4q1UzJVQeZ0HT0EHslkDEUDPhnHgGs5Eck4"},"_chains":{"BZDB1GbVz+5VN4Nz/N1P6/BUsDXAF85OPknPwoKPE+Na":{"chainKey":{"counter":0,"key":"hRG/fadLoqm589wKPhN++/CtOHlAkwTrJQMfzs5CuvY="},"chainType":1,"messageKeys":{}}},"pendingPreKey":{"signedKeyId":1,"baseKey":"BT1hIiyTEt6wjGutWlfRw+MpIZmX+3JdeAa7/Rcx+8Zs","preKeyId":3287867}}},"version":"v1"}