{"_sessions":{"BfutnYTSlSg0m/O6H4nRX19t0n9kc3e8CcmakXH6U2wo":{"registrationId":1636782221,"currentRatchet":{"ephemeralKeyPair":{"pubKey":"BfogyYlDbPW3W0Ie6mACkYn3cXvOBcFeeE+ZtgSFq3Y3","privKey":"8InuwAx9RBWR3R3zY6dzN98TegZXGKdf6Due3cSPl2A="},"lastRemoteEphemeralKey":"BU5sQkrV85+O0L6utMOCc1mONMpa5XhQYGONI2oCGh03","previousCounter":0,"rootKey":"APRD1O8lfvelDNVPxtWfXYAJsyuOL74tLV2HU+RDti8="},"indexInfo":{"baseKey":"BfutnYTSlSg0m/O6H4nRX19t0n9kc3e8CcmakXH6U2wo","baseKeyType":2,"closed":-1,"used":1746721312657,"created":1746721047411,"remoteIdentityKey":"BVawoxvrx5NtJ3WFW5LJkkWlddI1FVhF/6WkjvU8mcY0"},"_chains":{"BYkw0Fk1JXxbyLfRotApEytPCkXAnJ51wzfCza5MXJYp":{"chainKey":{"counter":7},"chainType":2,"messageKeys":{}},"BQQIiqUXdbSu/xbSK2RK2tlqcFp+pbtvv96jDcHGwxUQ":{"chainKey":{"counter":1},"chainType":2,"messageKeys":{"0":"O/l0Ud3KE5A61FeRp25AS/2jfsQrx66m+8C/5LOJkB4="}},"BZExLeJEPp0Mtd2JzrnUPuojCuSu0Oq/vHAoXWVyoZJA":{"chainKey":{"counter":1},"chainType":2,"messageKeys":{}},"BU5sQkrV85+O0L6utMOCc1mONMpa5XhQYGONI2oCGh03":{"chainKey":{"counter":0,"key":"jBz7xlXl6fTQ8nYU2Q2ReJC49xJP7nu8IOwT9wqgO1Y="},"chainType":2,"messageKeys":{}},"BfogyYlDbPW3W0Ie6mACkYn3cXvOBcFeeE+ZtgSFq3Y3":{"chainKey":{"counter":-1,"key":"RYZayzckE0DmnxSyYspG8WVmrbvb8sZcI3sTmDZl+E8="},"chainType":1,"messageKeys":{}}}}},"version":"v1"}