{"_sessions":{"BcwjgCpTYT7OCBlWd+uN/8Lg+9pc83vIR8gzaIWS6KkV":{"registrationId":1861809113,"currentRatchet":{"ephemeralKeyPair":{"pubKey":"BflJyWZdXd/oBYY8DdxHiYsvqsvZZPXWVtv8S1wPSLE/","privKey":"0OOlXI8ybwWkackU3yUNa7AzPNR5ahtV3mPhUwsFVXs="},"lastRemoteEphemeralKey":"BdmUE+PFD9aOo3EAFFo/XlhjaoNf/eDAN6G85l/cpG5d","previousCounter":0,"rootKey":"KWBD/upoSDba15TwSkXZDmOYRlVyb7AnKXsnr2tubSQ="},"indexInfo":{"baseKey":"BcwjgCpTYT7OCBlWd+uN/8Lg+9pc83vIR8gzaIWS6KkV","baseKeyType":1,"closed":-1,"used":1746714529119,"created":1746714529119,"remoteIdentityKey":"BS5vvBQeGdIAEEiQW99yQpQVtD126RhGDfn+uWIHE6Vl"},"_chains":{"BflJyWZdXd/oBYY8DdxHiYsvqsvZZPXWVtv8S1wPSLE/":{"chainKey":{"counter":0,"key":"MUFxK7+8SWP81e72tyuw+2wvVFm4XjOoqsN+YmAEKmw="},"chainType":1,"messageKeys":{}}},"pendingPreKey":{"signedKeyId":5,"baseKey":"BcwjgCpTYT7OCBlWd+uN/8Lg+9pc83vIR8gzaIWS6KkV","preKeyId":9997888}}},"version":"v1"}