{"_sessions":{"BYdRnpCzibVFrk+Bu0z7BwUhERrRl4st1oaniJ3J66AF":{"registrationId":68364322,"currentRatchet":{"ephemeralKeyPair":{"pubKey":"BYDFLG/iPnwBFgRaZ8hNxbKffrxv625ncZ75Gp5ihBkx","privKey":"uIYQz+hQV+ry+KQ0do2MXmzdCEcUslvyKXHkv5msXl8="},"lastRemoteEphemeralKey":"BZU8TTr6oJEf4lpUcTBDHYoxOFZ6kHx0M3KIODwT9GRl","previousCounter":0,"rootKey":"mQGnbxjV+VkUxxLQsPGzQ+jW6+cmkSl+YU+laotsWzc="},"indexInfo":{"baseKey":"BYdRnpCzibVFrk+Bu0z7BwUhERrRl4st1oaniJ3J66AF","baseKeyType":1,"closed":1746721107805,"used":1746721075943,"created":1746721075943,"remoteIdentityKey":"Be+MS8oLhtnBjampf8JOJRWaMTwvVd7NJnxaYCmlSeA/"},"_chains":{"BYDFLG/iPnwBFgRaZ8hNxbKffrxv625ncZ75Gp5ihBkx":{"chainKey":{"counter":0,"key":"EgMeHfPkDyH8a+2ISR8YCDhTzDSEFlZEMitHKO/RMIc="},"chainType":1,"messageKeys":{}}},"pendingPreKey":{"signedKeyId":6144640,"baseKey":"BYdRnpCzibVFrk+Bu0z7BwUhERrRl4st1oaniJ3J66AF"}},"BckrScKykortw7+lFbe81g/Eb2sPZQEguyCB8HONVrUq":{"registrationId":68364322,"currentRatchet":{"ephemeralKeyPair":{"pubKey":"Bf6XiC6qzRgNaertavOBQtqCKIvQEVV64QCbQN0PspE9","privKey":"sLLqdW77uFRdvqB4yZ+h5glk+R3qwPZbpe1yol4/RkE="},"lastRemoteEphemeralKey":"BZU8TTr6oJEf4lpUcTBDHYoxOFZ6kHx0M3KIODwT9GRl","previousCounter":0,"rootKey":"OS7gNYGishraGisexO+LjiLf/AREIHBFgFfuR5N8nrY="},"indexInfo":{"baseKey":"BckrScKykortw7+lFbe81g/Eb2sPZQEguyCB8HONVrUq","baseKeyType":1,"closed":-1,"used":1746721107502,"created":1746721107502,"remoteIdentityKey":"Be+MS8oLhtnBjampf8JOJRWaMTwvVd7NJnxaYCmlSeA/"},"_chains":{"Bf6XiC6qzRgNaertavOBQtqCKIvQEVV64QCbQN0PspE9":{"chainKey":{"counter":2,"key":"C2gyq2etQGR18dVc/fVc3bG5smDUwk2B1O4CMwDvYMs="},"chainType":1,"messageKeys":{}}},"pendingPreKey":{"signedKeyId":6144640,"baseKey":"BckrScKykortw7+lFbe81g/Eb2sPZQEguyCB8HONVrUq"}}},"version":"v1"}