{"_sessions":{"BQ3Vp5oYSM941zI9+78ZBjzntWfVLL0s5/DxHnz9v2tj":{"registrationId":1851530106,"currentRatchet":{"ephemeralKeyPair":{"pubKey":"BVn3kmqAhYPaiomFjxxu/BA8GSMuWB2a+haNwmhWGtR9","privKey":"QCIRiLqacotZsavDaorNDK1dL4VXxB6y180HTLRbS1M="},"lastRemoteEphemeralKey":"Bd4ekYCpK/cpr5LI6AE4j7q12OPExx7Qp8SOJWP2QqJB","previousCounter":0,"rootKey":"jUw7HSLouBMlxo8RiNmN7x6cWIHe81VwV9/H2PxCLwE="},"indexInfo":{"baseKey":"BQ3Vp5oYSM941zI9+78ZBjzntWfVLL0s5/DxHnz9v2tj","baseKeyType":1,"closed":1746721103939,"used":1746721072506,"created":1746721072506,"remoteIdentityKey":"BYeVjIGoGxfZPoqCCq4EQxGo0mvhQO0wh2IaZ5TyjbUt"},"_chains":{"BVn3kmqAhYPaiomFjxxu/BA8GSMuWB2a+haNwmhWGtR9":{"chainKey":{"counter":0,"key":"1bQknQJSG5+E+HtXgQAvuNK4cxXebL9K2Q+GTpkAbHU="},"chainType":1,"messageKeys":{}}},"pendingPreKey":{"signedKeyId":1,"baseKey":"BQ3Vp5oYSM941zI9+78ZBjzntWfVLL0s5/DxHnz9v2tj","preKeyId":3248064}},"Bd/Wo8leSvem6XCWo4QPTID7rd8gEo/6PpsplIyfAfhM":{"registrationId":1851530106,"currentRatchet":{"ephemeralKeyPair":{"pubKey":"BZ9Iox8ffONjF8/T3ev0lE+dXva+rBmRIsfq02wsEmUF","privKey":"8KckuTrx2tz89jB15EOHYFnpUb3S+I94ZikBGSACxl0="},"lastRemoteEphemeralKey":"Bd4ekYCpK/cpr5LI6AE4j7q12OPExx7Qp8SOJWP2QqJB","previousCounter":0,"rootKey":"vbyGeMPztdMVSY8VvLQKlwMXVwvUdZOlSxxuAw2AUog="},"indexInfo":{"baseKey":"Bd/Wo8leSvem6XCWo4QPTID7rd8gEo/6PpsplIyfAfhM","baseKeyType":1,"closed":-1,"used":1746721103342,"created":1746721103342,"remoteIdentityKey":"BYeVjIGoGxfZPoqCCq4EQxGo0mvhQO0wh2IaZ5TyjbUt"},"_chains":{"BZ9Iox8ffONjF8/T3ev0lE+dXva+rBmRIsfq02wsEmUF":{"chainKey":{"counter":2,"key":"LWw6Nqr+LaabmgCQ1Yyuox8Dl8Dxc1vgANcujAzGqAA="},"chainType":1,"messageKeys":{}}},"pendingPreKey":{"signedKeyId":1,"baseKey":"Bd/Wo8leSvem6XCWo4QPTID7rd8gEo/6PpsplIyfAfhM","preKeyId":3248297}}},"version":"v1"}