{"_sessions":{"BTfMgAv98shXq9R3ZwzToIoCLVGb7WhC7OL8VOO/4JUs":{"registrationId":1678316135,"currentRatchet":{"ephemeralKeyPair":{"pubKey":"BQ1Shki2TEcv0rHj/6fm99ZXSunrQOMOcq3In2r3QY9x","privKey":"uJoUNZWWc1ADB1KBr3JxGOWHw5C77pfUdkjByUTAdkY="},"lastRemoteEphemeralKey":"BVf/fG1sCP/59M35UtaVdIZifw/G3nUJP0OoYRQe1UVR","previousCounter":0,"rootKey":"9RiRUdZ6I7dKj0z5EKxm6kN3UZ961J4c9EIlHblRplg="},"indexInfo":{"baseKey":"BTfMgAv98shXq9R3ZwzToIoCLVGb7WhC7OL8VOO/4JUs","baseKeyType":1,"closed":1746721104073,"used":1746721072831,"created":1746721072831,"remoteIdentityKey":"BccpV6MdNyJYVsi+283bsk9a9gqOZl4TLt/hlo1wudlE"},"_chains":{"BQ1Shki2TEcv0rHj/6fm99ZXSunrQOMOcq3In2r3QY9x":{"chainKey":{"counter":0,"key":"Slz7NkH3eFCBRrppsoJCGjFU6qOfD5gstm+H5Fu3zDw="},"chainType":1,"messageKeys":{}}},"pendingPreKey":{"signedKeyId":4,"baseKey":"BTfMgAv98shXq9R3ZwzToIoCLVGb7WhC7OL8VOO/4JUs","preKeyId":14853373}},"BSQGPx32Pll5aLY2YVYdNc9uvylm/9CchcSYcAFeGuBN":{"registrationId":1678316135,"currentRatchet":{"ephemeralKeyPair":{"pubKey":"BZGPJGytCo/F0cGO+82D09zCimDuRkwRYQofI0B3yfUr","privKey":"qIPkLZYxJpwNlUhoY/snhC5tQtxxp3FmC9TElgnSilM="},"lastRemoteEphemeralKey":"BVf/fG1sCP/59M35UtaVdIZifw/G3nUJP0OoYRQe1UVR","previousCounter":0,"rootKey":"1LYtVBzEkZqEcuXbjhdfntHgoZpuMwyZa/VlFBTmpyc="},"indexInfo":{"baseKey":"BSQGPx32Pll5aLY2YVYdNc9uvylm/9CchcSYcAFeGuBN","baseKeyType":1,"closed":-1,"used":1746721103687,"created":1746721103687,"remoteIdentityKey":"BccpV6MdNyJYVsi+283bsk9a9gqOZl4TLt/hlo1wudlE"},"_chains":{"BZGPJGytCo/F0cGO+82D09zCimDuRkwRYQofI0B3yfUr":{"chainKey":{"counter":2,"key":"pbmF3VZW8+xz7f5OwOtgpywutlUogjtrao0/WQbhE9E="},"chainType":1,"messageKeys":{}}},"pendingPreKey":{"signedKeyId":4,"baseKey":"BSQGPx32Pll5aLY2YVYdNc9uvylm/9CchcSYcAFeGuBN","preKeyId":14853457}}},"version":"v1"}