{"_sessions":{"BXXFaiZuB/1B0mxELkN+K2q480z9uoxZBJzeC+TUyOlP":{"registrationId":1198666925,"currentRatchet":{"ephemeralKeyPair":{"pubKey":"BV8pvAoa9PpO2fQowF9lCxEFpum1vIdbrCi+Z3UCXlwx","privKey":"UJG/Vnu372JJ5HbjUxU90KJb+E20ODQVjCYvQPMBYkI="},"lastRemoteEphemeralKey":"Be+DdhtH7RMLY+q6EJUZdhgW1YEiRqYz9KQ40e2wS5ZB","previousCounter":0,"rootKey":"TGelzQ40a1/2Auqd9ew+kwkGdbvZqYIBl6OpRx50bwI="},"indexInfo":{"baseKey":"BXXFaiZuB/1B0mxELkN+K2q480z9uoxZBJzeC+TUyOlP","baseKeyType":1,"closed":1746721118504,"used":1746721087243,"created":1746721087243,"remoteIdentityKey":"BfAoNQ/3zASqzKAY30jV0iAVNtvuslNKhPJFqUqKvPJR"},"_chains":{"BV8pvAoa9PpO2fQowF9lCxEFpum1vIdbrCi+Z3UCXlwx":{"chainKey":{"counter":0,"key":"ExrVglotbCX2n9SzhgvSxVKwFZZUUzhHbWIsLpvklbY="},"chainType":1,"messageKeys":{}}},"pendingPreKey":{"signedKeyId":0,"baseKey":"BXXFaiZuB/1B0mxELkN+K2q480z9uoxZBJzeC+TUyOlP","preKeyId":9616388}},"BbEIioz6pGkt1aZErq4dSu2NEmV7G9uMCoCuZTeQeRtY":{"registrationId":1198666925,"currentRatchet":{"ephemeralKeyPair":{"pubKey":"BUAvNEQ/APhmipfVJE9vq0Qvnag5wyWb6+skqcKDVYh2","privKey":"yENpHHGYM86yqErsO1MOZLueJtKo7wEOOgQkyqMTv1U="},"lastRemoteEphemeralKey":"Be+DdhtH7RMLY+q6EJUZdhgW1YEiRqYz9KQ40e2wS5ZB","previousCounter":0,"rootKey":"NI0dkCvDMbjymGpWUtvQ18lz1Fia8ENp66nhcsBKgMU="},"indexInfo":{"baseKey":"BbEIioz6pGkt1aZErq4dSu2NEmV7G9uMCoCuZTeQeRtY","baseKeyType":1,"closed":-1,"used":1746721118255,"created":1746721118255,"remoteIdentityKey":"BfAoNQ/3zASqzKAY30jV0iAVNtvuslNKhPJFqUqKvPJR"},"_chains":{"BUAvNEQ/APhmipfVJE9vq0Qvnag5wyWb6+skqcKDVYh2":{"chainKey":{"counter":2,"key":"8XYpn0ymb9hDsAdyLr1xdL6QaVb/zVOzMI5T6yeJb3g="},"chainType":1,"messageKeys":{}}},"pendingPreKey":{"signedKeyId":0,"baseKey":"BbEIioz6pGkt1aZErq4dSu2NEmV7G9uMCoCuZTeQeRtY","preKeyId":9615656}}},"version":"v1"}