{"_sessions":{"BcxnjQKc6T94tpq7CBYZ3Es8rYRWhG+P9Bp0x5zwA4o9":{"registrationId":61868650,"currentRatchet":{"ephemeralKeyPair":{"pubKey":"BfDq+sOLtSvYK0qJGS5YXjTipwwWjOJQ90PBOKGHPnZL","privKey":"gN/290vnxl6Vh7jQ97pcqG3k9sT1d2Hp2OCN378ec3A="},"lastRemoteEphemeralKey":"BajQXOvfO4K+e3YhB9a7/rguOYGuM1hsWF2oseLbtdAI","previousCounter":0,"rootKey":"LJMx/yZC14DJk3pRzFYZYJYW0vi/viFlyzmg5Ix2rcM="},"indexInfo":{"baseKey":"BcxnjQKc6T94tpq7CBYZ3Es8rYRWhG+P9Bp0x5zwA4o9","baseKeyType":1,"closed":-1,"used":1746714529150,"created":1746714529150,"remoteIdentityKey":"BbLgfKzMBUMo2NNk7jiv4xatF7PVSTaNm6yg5rO9MCRC"},"_chains":{"BfDq+sOLtSvYK0qJGS5YXjTipwwWjOJQ90PBOKGHPnZL":{"chainKey":{"counter":0,"key":"0bfY2XiAgDTZBFZSlI0qxE0PyeohVD+gH7l1mUzr3mM="},"chainType":1,"messageKeys":{}}},"pendingPreKey":{"signedKeyId":6,"baseKey":"BcxnjQKc6T94tpq7CBYZ3Es8rYRWhG+P9Bp0x5zwA4o9","preKeyId":7728523}}},"version":"v1"}