{"_sessions":{"BQHxdv9votY7L7DoQhkYE2uDfxE9w7PL8rOHDmlSfhgS":{"registrationId":478728894,"currentRatchet":{"ephemeralKeyPair":{"pubKey":"BSL9taqYtNhXfjC52N1IzVHAwmXzYmOXSdaqBLnmSq0b","privKey":"GNjr9VEN2zRB52Yh85TnZcTPKm71EhkCBPrVO0IKGGw="},"lastRemoteEphemeralKey":"BURgZVjg6PbilXdDpOC5J08pDmnECaRAdcNZjDotkulx","previousCounter":0,"rootKey":"4HE40HfO/bK6g/6YsqCsVcyeCitxuvIRQmNPiJZcP8I="},"indexInfo":{"baseKey":"BQHxdv9votY7L7DoQhkYE2uDfxE9w7PL8rOHDmlSfhgS","baseKeyType":1,"closed":-1,"used":1746714543378,"created":1746714543378,"remoteIdentityKey":"BT/bRW2CDRgguQfSixLUeLwz9iEmJTzAI/M0vfsc2T0o"},"_chains":{"BSL9taqYtNhXfjC52N1IzVHAwmXzYmOXSdaqBLnmSq0b":{"chainKey":{"counter":0,"key":"nBN3hxDTFpOTC/av6/Pi3HgkHyXORyZGa9mcMh5I+3k="},"chainType":1,"messageKeys":{}}},"pendingPreKey":{"signedKeyId":298221,"baseKey":"BQHxdv9votY7L7DoQhkYE2uDfxE9w7PL8rOHDmlSfhgS","preKeyId":26659}}},"version":"v1"}