{"_sessions":{"BdPtu4utJrp5q1ywtSSf4GGBAHb69Jbdw3FYxQ75ZiNt":{"registrationId":2023152971,"currentRatchet":{"ephemeralKeyPair":{"pubKey":"BVmO3lDhfycdFNS63jVFxp7HIv+jx0n44YzsGx2PPGkq","privKey":"wE5TxiX7ESN8/z1wd8QzF+WxIyTP06/mo4TX/axmKWs="},"lastRemoteEphemeralKey":"BQVg6utNskksMDFrI0uiinaXTFGkPkDcdVAzc0yu04If","previousCounter":0,"rootKey":"oQtgc3lhhPeCZsWLT99xLTXW+5AnMOlIvNGndzdvaeg="},"indexInfo":{"baseKey":"BdPtu4utJrp5q1ywtSSf4GGBAHb69Jbdw3FYxQ75ZiNt","baseKeyType":1,"closed":1746721104086,"used":1746721072881,"created":1746721072881,"remoteIdentityKey":"BeNzNsF+tUddtFYySl0QS5iPWLjZF0JgiUV/w5eAwtEl"},"_chains":{"BVmO3lDhfycdFNS63jVFxp7HIv+jx0n44YzsGx2PPGkq":{"chainKey":{"counter":0,"key":"YZKts96VrNusfZ0m2pMAYOOCzFiPeP964TvngPBGMWs="},"chainType":1,"messageKeys":{}}},"pendingPreKey":{"signedKeyId":4,"baseKey":"BdPtu4utJrp5q1ywtSSf4GGBAHb69Jbdw3FYxQ75ZiNt","preKeyId":2115211}},"BTt/OFHlj2bmV3yk2otd3gg61qt35Jf2YkQWMLycRxkz":{"registrationId":2023152971,"currentRatchet":{"ephemeralKeyPair":{"pubKey":"BX1BoPfEPVH8YKPI3XoXYEzi7bP0hSYZhMK89euOkuBa","privKey":"eBMj6My3dvgFE87IjvcWrZGZMOX0uZPGXlifT9vaq3o="},"lastRemoteEphemeralKey":"BQVg6utNskksMDFrI0uiinaXTFGkPkDcdVAzc0yu04If","previousCounter":0,"rootKey":"fHmkkHKwSQ2Pp2CZA8ouzdGrLQCbzYD+VGKYVsXQQYo="},"indexInfo":{"baseKey":"BTt/OFHlj2bmV3yk2otd3gg61qt35Jf2YkQWMLycRxkz","baseKeyType":1,"closed":-1,"used":1746721103756,"created":1746721103756,"remoteIdentityKey":"BeNzNsF+tUddtFYySl0QS5iPWLjZF0JgiUV/w5eAwtEl"},"_chains":{"BX1BoPfEPVH8YKPI3XoXYEzi7bP0hSYZhMK89euOkuBa":{"chainKey":{"counter":2,"key":"3iZy36JlCG5M4JNDKojVV8IpdJ+MARiuMG3HnQ6LUCk="},"chainType":1,"messageKeys":{}}},"pendingPreKey":{"signedKeyId":4,"baseKey":"BTt/OFHlj2bmV3yk2otd3gg61qt35Jf2YkQWMLycRxkz","preKeyId":2115238}}},"version":"v1"}