{"_sessions":{"BbGArokii7uA16iLuPkQrUhCzO7lWL0Y4lC2SVNhmVNw":{"registrationId":331853725,"currentRatchet":{"ephemeralKeyPair":{"pubKey":"BaPeW52oIb+4eq3NyKQ7W7p0OaOwEJXZRxSBFSgtFJVJ","privKey":"CLZS43i0+s7WIYQacLPdc62PfoZDPGB3DtVni7ppkn0="},"lastRemoteEphemeralKey":"BZM4BtOlsol+ZKOJgZ4P3KMfP/dN10Xdr8N/sumLErUy","previousCounter":0,"rootKey":"9w6xlk3Uf6CZD9FgWBdNUtHnXwEuYhsqOV5CjSzL8x0="},"indexInfo":{"baseKey":"BbGArokii7uA16iLuPkQrUhCzO7lWL0Y4lC2SVNhmVNw","baseKeyType":1,"closed":1746721099428,"used":1746721069213,"created":1746721069213,"remoteIdentityKey":"BYfkiv/CcFQ2ket7XvPdQBKqrVVOHfLEvw4/bWTbljwR"},"_chains":{"BaPeW52oIb+4eq3NyKQ7W7p0OaOwEJXZRxSBFSgtFJVJ":{"chainKey":{"counter":0,"key":"vkWOGy0yyTwV8FEJ95TOphVttFP/QNqdbWva2AGOZy8="},"chainType":1,"messageKeys":{}}},"pendingPreKey":{"signedKeyId":7432697,"baseKey":"BbGArokii7uA16iLuPkQrUhCzO7lWL0Y4lC2SVNhmVNw","preKeyId":19081}},"Be5McwnjmsWPohZYeEd74gKugOYWUDXRTqGLCx0BC7gB":{"registrationId":331853725,"currentRatchet":{"ephemeralKeyPair":{"pubKey":"BapDc14aak0GtVjElZeFvQregtoru2EQlExWcZb4zrEP","privKey":"+IN/UtUXcGIXqFBsovoRPsk06DCuLf1tqvOg27zCj0k="},"lastRemoteEphemeralKey":"BZM4BtOlsol+ZKOJgZ4P3KMfP/dN10Xdr8N/sumLErUy","previousCounter":0,"rootKey":"qVvhERnDKel2Ndh+YQu2PVryBc/XcTBUD/Z7c1U1RaU="},"indexInfo":{"baseKey":"Be5McwnjmsWPohZYeEd74gKugOYWUDXRTqGLCx0BC7gB","baseKeyType":1,"closed":-1,"used":1746721098865,"created":1746721098865,"remoteIdentityKey":"BYfkiv/CcFQ2ket7XvPdQBKqrVVOHfLEvw4/bWTbljwR"},"_chains":{"BapDc14aak0GtVjElZeFvQregtoru2EQlExWcZb4zrEP":{"chainKey":{"counter":2,"key":"aev2iIVBkYXLoXEOfioAv/YVyudYr6TP/RwGYOS07xM="},"chainType":1,"messageKeys":{}}},"pendingPreKey":{"signedKeyId":7432697,"baseKey":"Be5McwnjmsWPohZYeEd74gKugOYWUDXRTqGLCx0BC7gB","preKeyId":19142}}},"version":"v1"}