{"_sessions":{"BVAo0DhWlymgvdL5sBR/1Q3JRKo0mqFldAAorfKlhAw4":{"registrationId":1508482780,"currentRatchet":{"ephemeralKeyPair":{"pubKey":"BXeRIlQKkkTIlJUqrWjW1pmUZ5GIwhfr3/+O+aQWIHAU","privKey":"SK2FxTiKr0Xtt4ukXDR9Q8JsD7vFDKkvwlzyZQfdwFk="},"lastRemoteEphemeralKey":"Baw78BVEqj/WbAcBmqOKnfVSQ9v80/FSKFK6OyI4T20J","previousCounter":0,"rootKey":"ORznP4kruUH7oJkvxVfW5orkUvUnJZ/4jjzi+NFouCo="},"indexInfo":{"baseKey":"BVAo0DhWlymgvdL5sBR/1Q3JRKo0mqFldAAorfKlhAw4","baseKeyType":1,"closed":1746721118411,"used":1746721086965,"created":1746721086965,"remoteIdentityKey":"BTikuDaBwwgAjwZry0u3Abc48LZlq5iUesDeJt601CAQ"},"_chains":{"BXeRIlQKkkTIlJUqrWjW1pmUZ5GIwhfr3/+O+aQWIHAU":{"chainKey":{"counter":0,"key":"V9GxBZr/g99WezZCyQbH9g6Sz2t/D9ixfmhzColiRQM="},"chainType":1,"messageKeys":{}}},"pendingPreKey":{"signedKeyId":1,"baseKey":"BVAo0DhWlymgvdL5sBR/1Q3JRKo0mqFldAAorfKlhAw4","preKeyId":1340818}},"Bccw13jD46XRH6O1XA6OXEWJDyEUUUplFc9PYJ6Elncr":{"registrationId":1508482780,"currentRatchet":{"ephemeralKeyPair":{"pubKey":"BRhfyxghH6My0XFezhPTO2vYCJT6vG0tE8DFHX66Db8I","privKey":"oJNFZzdR3PTuokgp5FLe9w/i98E4JoVN5NRoi0zfxkk="},"lastRemoteEphemeralKey":"Baw78BVEqj/WbAcBmqOKnfVSQ9v80/FSKFK6OyI4T20J","previousCounter":0,"rootKey":"inYHddRYHSEvW1oNUlQmb4Ac6K+xd+8qfE2CEwgDHgI="},"indexInfo":{"baseKey":"Bccw13jD46XRH6O1XA6OXEWJDyEUUUplFc9PYJ6Elncr","baseKeyType":1,"closed":-1,"used":1746721117919,"created":1746721117919,"remoteIdentityKey":"BTikuDaBwwgAjwZry0u3Abc48LZlq5iUesDeJt601CAQ"},"_chains":{"BRhfyxghH6My0XFezhPTO2vYCJT6vG0tE8DFHX66Db8I":{"chainKey":{"counter":2,"key":"B5A1d7oaFVLMolJVqL1XxA3w9sbSOBf6YrkWd3nCeJo="},"chainType":1,"messageKeys":{}}},"pendingPreKey":{"signedKeyId":1,"baseKey":"Bccw13jD46XRH6O1XA6OXEWJDyEUUUplFc9PYJ6Elncr","preKeyId":1340737}}},"version":"v1"}