{"_sessions":{"BVcTSE+L8Du361I3nobI9iosmEYj4l8LueZVieSP2Y8M":{"registrationId":237794523,"currentRatchet":{"ephemeralKeyPair":{"pubKey":"BQEAtmytpvxvzlo9OJ+FAN2MA3hbhvSdhJOOFcwDMlI0","privKey":"WKQfUs0B99p/QCH7PSrTqGKNWdeK9bOdmBJaeEtDHUs="},"lastRemoteEphemeralKey":"BR6H8gAnKkJn1SyKB5Z0KJU2THfAzFLwM7Q4vaeW05lQ","previousCounter":0,"rootKey":"Asb7TOnguz6ZHG8ok0wgNZdD4qFrUqI/f/KUGAgq3iI="},"indexInfo":{"baseKey":"BVcTSE+L8Du361I3nobI9iosmEYj4l8LueZVieSP2Y8M","baseKeyType":1,"closed":1746721104061,"used":1746721072793,"created":1746721072793,"remoteIdentityKey":"BZXctqrJTMGoQJpke9FVEacYOAsHHcfDNgPe50BoM99C"},"_chains":{"BQEAtmytpvxvzlo9OJ+FAN2MA3hbhvSdhJOOFcwDMlI0":{"chainKey":{"counter":0,"key":"uBxYlLtxWsXAltOPEn8qe2x2YTsG7n/3uvhVIyUbjp4="},"chainType":1,"messageKeys":{}}},"pendingPreKey":{"signedKeyId":8205631,"baseKey":"BVcTSE+L8Du361I3nobI9iosmEYj4l8LueZVieSP2Y8M"}},"BXDWNKg7u9h79owIm1JTQOyklxRho+ARZi2VbyEIJkIw":{"registrationId":237794523,"currentRatchet":{"ephemeralKeyPair":{"pubKey":"BSeFP7O1+pylzQOy2BJmL4i2YmUGM3Ezqo+2xcgMy/ZE","privKey":"iL8rRHvRSpgSive/JJrHV5AILt8cNKcJj2tGhEc9Tk8="},"lastRemoteEphemeralKey":"BR6H8gAnKkJn1SyKB5Z0KJU2THfAzFLwM7Q4vaeW05lQ","previousCounter":0,"rootKey":"pIeUkSvhV3AEWmr3j15tIj8OaVUKZwMmyjZX96RpHZs="},"indexInfo":{"baseKey":"BXDWNKg7u9h79owIm1JTQOyklxRho+ARZi2VbyEIJkIw","baseKeyType":1,"closed":-1,"used":1746721103637,"created":1746721103637,"remoteIdentityKey":"BZXctqrJTMGoQJpke9FVEacYOAsHHcfDNgPe50BoM99C"},"_chains":{"BSeFP7O1+pylzQOy2BJmL4i2YmUGM3Ezqo+2xcgMy/ZE":{"chainKey":{"counter":2,"key":"QzNb8zN60n5O+BdJP9RDFO8xCLN4ndJ1YnQ0Siq4+gM="},"chainType":1,"messageKeys":{}}},"pendingPreKey":{"signedKeyId":8205631,"baseKey":"BXDWNKg7u9h79owIm1JTQOyklxRho+ARZi2VbyEIJkIw"}}},"version":"v1"}