{"_sessions":{"BWEot8bnDIzOH90QyJaxO8lVKC+F7jURM3GWap4BKK1v":{"registrationId":1359489882,"currentRatchet":{"ephemeralKeyPair":{"pubKey":"Bb0nCzjSdwWUw6hn2Bok/tXfvlQoO2ZM+vAAf76AtRNp","privKey":"INtgjqrCUwxKC5dFoHPog+NC0nIYhe41j77Ntfw2X2w="},"lastRemoteEphemeralKey":"BRM7noX8YupPodZjwdEYf2IQR9Bf14D1A5u1NAphnGh+","previousCounter":0,"rootKey":"VmM+VA0LMhacxe6SOhCfpqChpiDbJ/82IucoZZV3XcY="},"indexInfo":{"baseKey":"BWEot8bnDIzOH90QyJaxO8lVKC+F7jURM3GWap4BKK1v","baseKeyType":1,"closed":-1,"used":1746714532754,"created":1746714532754,"remoteIdentityKey":"BQA4ysbWJr79VZeUYzVpQfhJIDUARXyMybFl/RFZD/sW"},"_chains":{"Bb0nCzjSdwWUw6hn2Bok/tXfvlQoO2ZM+vAAf76AtRNp":{"chainKey":{"counter":0,"key":"8fmT/EeOPJmFLBNT317JrV7nVIrQ1HCq+aMKTvUdFWw="},"chainType":1,"messageKeys":{}}},"pendingPreKey":{"signedKeyId":1,"baseKey":"BWEot8bnDIzOH90QyJaxO8lVKC+F7jURM3GWap4BKK1v"}}},"version":"v1"}