{"_sessions":{"BY8C1epT3rsAxEdF/MBvyPvQEhLsEGcMmTx128DMOWUp":{"registrationId":1607530467,"currentRatchet":{"ephemeralKeyPair":{"pubKey":"BZBagWms59lj5w/BX6BmI9sxtvW86sG29i2hgpoOSat9","privKey":"WL6hzaJI7zuUAICSjSOrbxJiqwHtQ/f7U8o9DXyUt2k="},"lastRemoteEphemeralKey":"BagQ6zGMGjlaxmKxHKlxR0PZ2AtUmDLB0XXLO7Qbqrd8","previousCounter":0,"rootKey":"ZClIQcNWlSen8Qi3L/hLEhM+wB5Ml/rexJwAl2HubEk="},"indexInfo":{"baseKey":"BY8C1epT3rsAxEdF/MBvyPvQEhLsEGcMmTx128DMOWUp","baseKeyType":1,"closed":1746721111373,"used":1746721080346,"created":1746721080346,"remoteIdentityKey":"BQlR40ShgVYDo0F346FCXJFi7IepNBde5K7aozXljnIx"},"_chains":{"BZBagWms59lj5w/BX6BmI9sxtvW86sG29i2hgpoOSat9":{"chainKey":{"counter":0,"key":"xtSUahN12B+ZjQ8hVNGuPKnzU05pdOhBxaRNkMAeCIY="},"chainType":1,"messageKeys":{}}},"pendingPreKey":{"signedKeyId":6,"baseKey":"BY8C1epT3rsAxEdF/MBvyPvQEhLsEGcMmTx128DMOWUp","preKeyId":6224476}},"BVdUbscp7zMH+2k8TQYwhzd7gYAvj6cQpi5y5CUexV94":{"registrationId":1607530467,"currentRatchet":{"ephemeralKeyPair":{"pubKey":"BXnSuCH5BSJmGxIlxeXvOIZP6aDUPVnxmpm1gFAmR4UT","privKey":"YAHdUHV1oM9+U0xo7pBA4tdMjZkK4gMBZ1fCV5W380k="},"lastRemoteEphemeralKey":"BagQ6zGMGjlaxmKxHKlxR0PZ2AtUmDLB0XXLO7Qbqrd8","previousCounter":0,"rootKey":"5Sqs6ay3kNVTXWN32sbyr4x3iiJ73aCo5yfyi/EjgPo="},"indexInfo":{"baseKey":"BVdUbscp7zMH+2k8TQYwhzd7gYAvj6cQpi5y5CUexV94","baseKeyType":1,"closed":-1,"used":1746721111259,"created":1746721111259,"remoteIdentityKey":"BQlR40ShgVYDo0F346FCXJFi7IepNBde5K7aozXljnIx"},"_chains":{"BXnSuCH5BSJmGxIlxeXvOIZP6aDUPVnxmpm1gFAmR4UT":{"chainKey":{"counter":2,"key":"gPwWlbWvZTcWLPx22lH5Y881pXSVrbmBYB2B0Pl+Cqg="},"chainType":1,"messageKeys":{}}},"pendingPreKey":{"signedKeyId":6,"baseKey":"BVdUbscp7zMH+2k8TQYwhzd7gYAvj6cQpi5y5CUexV94","preKeyId":6223902}}},"version":"v1"}