{"_sessions":{"BX4/s7uiNKUMaXhEogu7g2o5t2UGdU3cRN2Wok/ZBdBI":{"registrationId":1125464387,"currentRatchet":{"ephemeralKeyPair":{"pubKey":"BZ7Ms1Dlq70tVpUWJWmG0h3rrhzKtwwiWtaAxH6fLpRN","privKey":"8C1ItnHMC+IyX7G4rLs76LR2eOVfR+bYHO68UeZEf1o="},"lastRemoteEphemeralKey":"Bc8DimiInYfmXOJvIxbWb6GRbiTTxib766lAkyGP6vAr","previousCounter":0,"rootKey":"qdj8uRF95+YfK5cPt0Dv0u1M5sH2WhGjguVZEi60SUM="},"indexInfo":{"baseKey":"BX4/s7uiNKUMaXhEogu7g2o5t2UGdU3cRN2Wok/ZBdBI","baseKeyType":1,"closed":1746721099100,"used":1746721068811,"created":1746721068811,"remoteIdentityKey":"BVMqpjf+N8jqZQ6CAFIlUKK+KWnrQMbOIJaSskJBp1I3"},"_chains":{"BZ7Ms1Dlq70tVpUWJWmG0h3rrhzKtwwiWtaAxH6fLpRN":{"chainKey":{"counter":0,"key":"aefjPMjxSgHN5MYdIFLvCQuvyV3wRNq3y+DIpnvN7qI="},"chainType":1,"messageKeys":{}}},"pendingPreKey":{"signedKeyId":1,"baseKey":"BX4/s7uiNKUMaXhEogu7g2o5t2UGdU3cRN2Wok/ZBdBI"}},"BeGkRYfF/zcXUV3dK7E7aZ1kYKLZ2Mea7IsQKniKv+Fd":{"registrationId":1125464387,"currentRatchet":{"ephemeralKeyPair":{"pubKey":"BbM61bKkq0vIN2/+S0b2v2jsYrpVx9qRgxiHU/FhStls","privKey":"aLrehi5iiziGp+ImFgB7mJ/d4KRIwCUCh59IvJdpd1M="},"lastRemoteEphemeralKey":"Bc8DimiInYfmXOJvIxbWb6GRbiTTxib766lAkyGP6vAr","previousCounter":0,"rootKey":"Q83nA/MwF2ynIdL76fOg7Ka8YvyS5HzR/C/376ZlZtM="},"indexInfo":{"baseKey":"BeGkRYfF/zcXUV3dK7E7aZ1kYKLZ2Mea7IsQKniKv+Fd","baseKeyType":1,"closed":-1,"used":1746721098521,"created":1746721098521,"remoteIdentityKey":"BVMqpjf+N8jqZQ6CAFIlUKK+KWnrQMbOIJaSskJBp1I3"},"_chains":{"BbM61bKkq0vIN2/+S0b2v2jsYrpVx9qRgxiHU/FhStls":{"chainKey":{"counter":2,"key":"Iwg7fIukm6gio2Woyde26r6Hty+Xc6dTkjIYYqj/h50="},"chainType":1,"messageKeys":{}}},"pendingPreKey":{"signedKeyId":1,"baseKey":"BeGkRYfF/zcXUV3dK7E7aZ1kYKLZ2Mea7IsQKniKv+Fd"}}},"version":"v1"}