{"_sessions":{"BY2z4jotp5Kp/OkFQS0fKixaoFnyqS2/98S2hITklk8a":{"registrationId":1597415261,"currentRatchet":{"ephemeralKeyPair":{"pubKey":"BWejiT6trBYdY5OQpYf1tXPYvq5FeRD3WBqgD3usStwK","privKey":"iHDNZxMbElS6cj+tHzLKRBS/S+GJZ3475H100/UHp3I="},"lastRemoteEphemeralKey":"BUixrbHklY97IbQVsCPnWQJcxrbacOCThGD+LqIgcYRF","previousCounter":0,"rootKey":"ZVs+EcAKfE1lkq2Wfzw5kXE4nNq5NMjaZgb0HQsxD0k="},"indexInfo":{"baseKey":"BY2z4jotp5Kp/OkFQS0fKixaoFnyqS2/98S2hITklk8a","baseKeyType":1,"closed":1746721114814,"used":1746721083911,"created":1746721083911,"remoteIdentityKey":"BdO3JZ8+7nRnvwcD2Nc+pvKV4gI9Caa0hnNqbIMPo+Mu"},"_chains":{"BWejiT6trBYdY5OQpYf1tXPYvq5FeRD3WBqgD3usStwK":{"chainKey":{"counter":0,"key":"aMaMN6AvgBjP1PyzEQtZr/jOOTLAF+7mdKJQTm+oJ6k="},"chainType":1,"messageKeys":{}}},"pendingPreKey":{"signedKeyId":2,"baseKey":"BY2z4jotp5Kp/OkFQS0fKixaoFnyqS2/98S2hITklk8a","preKeyId":3303078}},"BWDUuz12sdV2sYyibPriWa68Q0zeGRjMa+ewf4jcdRRT":{"registrationId":1597415261,"currentRatchet":{"ephemeralKeyPair":{"pubKey":"BdT8+Yfrc4knuzVDYXZzMfK4Z1jxNL9R6SjxMmPWJGBY","privKey":"eK/HBsA2WndTmB0Hj7Uxnh7s8SVfu9HLxtGmWsimk2s="},"lastRemoteEphemeralKey":"BUixrbHklY97IbQVsCPnWQJcxrbacOCThGD+LqIgcYRF","previousCounter":0,"rootKey":"VVKo0hPMZqoJYnRwNswcFCyxdIUoPKhr3rpjEJwOZ7s="},"indexInfo":{"baseKey":"BWDUuz12sdV2sYyibPriWa68Q0zeGRjMa+ewf4jcdRRT","baseKeyType":1,"closed":-1,"used":1746721114668,"created":1746721114668,"remoteIdentityKey":"BdO3JZ8+7nRnvwcD2Nc+pvKV4gI9Caa0hnNqbIMPo+Mu"},"_chains":{"BdT8+Yfrc4knuzVDYXZzMfK4Z1jxNL9R6SjxMmPWJGBY":{"chainKey":{"counter":2,"key":"Wufr6i4rpIRzpFRC4M4FrU6RA9XrsSUaPXgYhvGuhGA="},"chainType":1,"messageKeys":{}}},"pendingPreKey":{"signedKeyId":2,"baseKey":"BWDUuz12sdV2sYyibPriWa68Q0zeGRjMa+ewf4jcdRRT","preKeyId":3303329}}},"version":"v1"}