{"_sessions":{"Bbjqh0c6DqFDH2LCnEq/H/5UO3cAgsnMOY3IlAWnV8ID":{"registrationId":315598449,"currentRatchet":{"ephemeralKeyPair":{"pubKey":"BUxav+1dgckuoM2tkIx1gBJlB++EBZ3UQr7nDwppM+tH","privKey":"sOI7GfcWO1fP+xM2ChzGs5HmDCBfVDptAic+fcmLTWY="},"lastRemoteEphemeralKey":"BSotYXhMlnznP7z/Auk2QuGeOTTLfRFn6S9vIjNCBhdA","previousCounter":0,"rootKey":"D9WS/Iu9IxE20+4xEDimNRY3ANg5Qb0XvYBTO9BuLD8="},"indexInfo":{"baseKey":"Bbjqh0c6DqFDH2LCnEq/H/5UO3cAgsnMOY3IlAWnV8ID","baseKeyType":1,"closed":1746721114744,"used":1746721083601,"created":1746721083601,"remoteIdentityKey":"Bdq0/6O/kGXeTQ1S0goT0PJhCwbhbwJeecxSssRv+8AN"},"_chains":{"BUxav+1dgckuoM2tkIx1gBJlB++EBZ3UQr7nDwppM+tH":{"chainKey":{"counter":0,"key":"pFDrByuGUJSIUqeJFdX+pb+ur2G7CxUrEOcjh+DDZg4="},"chainType":1,"messageKeys":{}}},"pendingPreKey":{"signedKeyId":10,"baseKey":"Bbjqh0c6DqFDH2LCnEq/H/5UO3cAgsnMOY3IlAWnV8ID","preKeyId":4500017}},"BSEyrcQ2iP1UIcK2U087VqeotI5rQMiUjhcP7aTf5G84":{"registrationId":315598449,"currentRatchet":{"ephemeralKeyPair":{"pubKey":"BTpuXEE+lTUHo+1OFjZGPzZkGrznSAcNc+mFCkCW830w","privKey":"WM3/g2Hcux0OLxkQcbLqYZBOrFI2wto051A9qR9LJls="},"lastRemoteEphemeralKey":"BSotYXhMlnznP7z/Auk2QuGeOTTLfRFn6S9vIjNCBhdA","previousCounter":0,"rootKey":"CCczi1T94J3HETopXK4EQyWBNBvfA7xTEpBAWl/CHFg="},"indexInfo":{"baseKey":"BSEyrcQ2iP1UIcK2U087VqeotI5rQMiUjhcP7aTf5G84","baseKeyType":1,"closed":-1,"used":1746721114390,"created":1746721114390,"remoteIdentityKey":"Bdq0/6O/kGXeTQ1S0goT0PJhCwbhbwJeecxSssRv+8AN"},"_chains":{"BTpuXEE+lTUHo+1OFjZGPzZkGrznSAcNc+mFCkCW830w":{"chainKey":{"counter":2,"key":"JgfNubA7UnSo77Fs2CGoh9leMMbFJEZC8+EEb2H2GPY="},"chainType":1,"messageKeys":{}}},"pendingPreKey":{"signedKeyId":10,"baseKey":"BSEyrcQ2iP1UIcK2U087VqeotI5rQMiUjhcP7aTf5G84","preKeyId":4500039}}},"version":"v1"}