{"_sessions":{"BasKCgq1BqmkOlYzup+OX9n4gm472ZNa9r3KXlYwUtsZ":{"registrationId":1636782221,"currentRatchet":{"ephemeralKeyPair":{"pubKey":"BS1eNySMxFBJNFdJQ0E6Iue885b2zduKrKy7Dc/tQqAd","privKey":"aNkIz2+joSlEb9AXINjIn7W6UJfteeVE7uhiYe3HnU0="},"lastRemoteEphemeralKey":"BZ5rz5lEa3BSz8G/A9Y7UmKXZQB4oTC85GZkDzbczOgB","previousCounter":0,"rootKey":"y/T1tftyNhY8H9nk4AJJ7W3fBQv5WaRaQMG5y5+CRoE="},"indexInfo":{"baseKey":"BasKCgq1BqmkOlYzup+OX9n4gm472ZNa9r3KXlYwUtsZ","baseKeyType":2,"closed":-1,"used":1746884416300,"created":1746884416300,"remoteIdentityKey":"BVawoxvrx5NtJ3WFW5LJkkWlddI1FVhF/6WkjvU8mcY0"},"_chains":{"BZ5rz5lEa3BSz8G/A9Y7UmKXZQB4oTC85GZkDzbczOgB":{"chainKey":{"counter":8,"key":"wm4m+5kXLaESZMTrtlFjM21/Zu7qkQSxSO3+M00DbW0="},"chainType":2,"messageKeys":{}},"BS1eNySMxFBJNFdJQ0E6Iue885b2zduKrKy7Dc/tQqAd":{"chainKey":{"counter":-1,"key":"rI54b+ccf3zc5agOQbbNn/CqmkQGFQrYttvX6Rb1LXg="},"chainType":1,"messageKeys":{}}}}},"version":"v1"}