{"_sessions":{"BRCNF2L2B2yCekZ7eci5ei+cadw3tsT0X7d1s4xz0zBk":{"registrationId":1449713900,"currentRatchet":{"ephemeralKeyPair":{"pubKey":"BbXLseCcx/dkkhcBnJQn8atVRXqXSTTyTVYMARPgikNL","privKey":"6H4b2f6ylYs1gwXSLJI8YLwZHPH2AJCYgp3s4CAffnI="},"lastRemoteEphemeralKey":"BfYxNyCPXc0dhuo/StQY6ObpqMT92CgiG6tRsIKMynZB","previousCounter":0,"rootKey":"XRE88sE5Gc/KPUzfOmCYetBUJPtdi6bxZQVeW1BYFhM="},"indexInfo":{"baseKey":"BRCNF2L2B2yCekZ7eci5ei+cadw3tsT0X7d1s4xz0zBk","baseKeyType":1,"closed":-1,"used":1746714522325,"created":1746714522325,"remoteIdentityKey":"BfjUwoRbe2+dMOy0iJjvFdEbIDBuBFzH/rdl6Ew5pQlE"},"_chains":{"BbXLseCcx/dkkhcBnJQn8atVRXqXSTTyTVYMARPgikNL":{"chainKey":{"counter":0,"key":"dDYPEu6Llw/qpjZsFkCrIhe0PmwcevTAm424FhoI7w8="},"chainType":1,"messageKeys":{}}},"pendingPreKey":{"signedKeyId":8,"baseKey":"BRCNF2L2B2yCekZ7eci5ei+cadw3tsT0X7d1s4xz0zBk","preKeyId":1554608}}},"version":"v1"}