{"_sessions":{"BfvfLyADo9HUkQxApJR7TauNtM6PkzUwZctyoCLzS+cW":{"registrationId":9517,"currentRatchet":{"ephemeralKeyPair":{"pubKey":"BQVhgZSg5SqOxF7oh18VDiZgNoufCXCypTr8mL8UEOFV","privKey":"QP3rIWOoGoiYcBHc+/islD2CgmJhr1mB6xq4kJE40kg="},"lastRemoteEphemeralKey":"BWK6EL15SFziQ1JsrkdCm6/+14tMe8ymyst3jiVFNiZU","previousCounter":0,"rootKey":"wVeCuxf8y+5LsHtkTgRNpb/7f3X5MIpGqeweXiQCqjI="},"indexInfo":{"baseKey":"BfvfLyADo9HUkQxApJR7TauNtM6PkzUwZctyoCLzS+cW","baseKeyType":1,"closed":-1,"used":1746714522031,"created":1746714522031,"remoteIdentityKey":"BWm5dZiWBzWwTWqQjRfzZ4fdSskvfuEdSTYzQL9BlVJ6"},"_chains":{"BQVhgZSg5SqOxF7oh18VDiZgNoufCXCypTr8mL8UEOFV":{"chainKey":{"counter":0,"key":"QnvfNqNj+Xwe8gf9oAaAtJkoKsmWd8uIsqo5TCAPNk4="},"chainType":1,"messageKeys":{}}},"pendingPreKey":{"signedKeyId":1,"baseKey":"BfvfLyADo9HUkQxApJR7TauNtM6PkzUwZctyoCLzS+cW"}}},"version":"v1"}