{"_sessions":{"BUA57rAPjvAbBVljS1l148tTK0oqK1GDkxycqOnl6eth":{"registrationId":227209331,"currentRatchet":{"ephemeralKeyPair":{"pubKey":"Bc+KB7RWoVZpFaBMkXolYXWzgagtX8hhZT1oVIO6ej0y","privKey":"6JjonA6sQsydp21pd9nKlrEm8WNBapOsmCdIrKehm0U="},"lastRemoteEphemeralKey":"BdHDzJXYLs8t08nubvJ+xLxd3gugFTigiXQ9sJ6n/Los","previousCounter":0,"rootKey":"lhGTk4c/i+mNVNCyVXOXod4ofg3LX5VvM12grMOGOP4="},"indexInfo":{"baseKey":"BUA57rAPjvAbBVljS1l148tTK0oqK1GDkxycqOnl6eth","baseKeyType":1,"closed":1746721099300,"used":1746721069104,"created":1746721069104,"remoteIdentityKey":"BTKy1x3ku3bvuOi8suLfBED2H7PQmxlWQsFu0N63b2l8"},"_chains":{"Bc+KB7RWoVZpFaBMkXolYXWzgagtX8hhZT1oVIO6ej0y":{"chainKey":{"counter":0,"key":"C07UIzczsC+IJ6Tni7SEjfY9kQlnVgAwysUbKA57+hE="},"chainType":1,"messageKeys":{}}},"pendingPreKey":{"signedKeyId":1,"baseKey":"BUA57rAPjvAbBVljS1l148tTK0oqK1GDkxycqOnl6eth","preKeyId":13337}},"BYs1ogHZqdP2bVY0ZAUF8ShgH8KfK4IpwWp0Ols/CVdG":{"registrationId":227209331,"currentRatchet":{"ephemeralKeyPair":{"pubKey":"BbCKe0BOJDaKeb+RjMgr1tLlO+Q/HXDfDmrTvdUfr7os","privKey":"8PuYxrQcV16z6CabLazRBrGv52IMxYpvdgvIxQwoEUU="},"lastRemoteEphemeralKey":"BdHDzJXYLs8t08nubvJ+xLxd3gugFTigiXQ9sJ6n/Los","previousCounter":0,"rootKey":"JMuhOe+KjbPAaTC0TJvZ6kdx7bDBkvrGtCxEnq1yTAM="},"indexInfo":{"baseKey":"BYs1ogHZqdP2bVY0ZAUF8ShgH8KfK4IpwWp0Ols/CVdG","baseKeyType":1,"closed":-1,"used":1746721098762,"created":1746721098762,"remoteIdentityKey":"BTKy1x3ku3bvuOi8suLfBED2H7PQmxlWQsFu0N63b2l8"},"_chains":{"BbCKe0BOJDaKeb+RjMgr1tLlO+Q/HXDfDmrTvdUfr7os":{"chainKey":{"counter":2,"key":"HNc92CU1CJuDmZTx5JS7ImCVct1xptCOMo22eUpqQ30="},"chainType":1,"messageKeys":{}}},"pendingPreKey":{"signedKeyId":1,"baseKey":"BYs1ogHZqdP2bVY0ZAUF8ShgH8KfK4IpwWp0Ols/CVdG","preKeyId":13236}}},"version":"v1"}