{"_sessions":{"BfKpJPLnLuWt6NfW2yImr5vgGEZ5hgXyjGl/iNAmnqQL":{"registrationId":478728894,"currentRatchet":{"ephemeralKeyPair":{"pubKey":"BWEI/YvXyP3k/Fo3seMlltso00kLMwbR4wVmCi196fhe","privKey":"OApLM5SbzrSIOMauGzYLwoTQY7qB4tGeWEsCtgFrrk4="},"lastRemoteEphemeralKey":"BURgZVjg6PbilXdDpOC5J08pDmnECaRAdcNZjDotkulx","previousCounter":0,"rootKey":"H1MW4dcpWiHLhijP4aZa9V9q/+acnMl+YeU4v4wEjOE="},"indexInfo":{"baseKey":"BfKpJPLnLuWt6NfW2yImr5vgGEZ5hgXyjGl/iNAmnqQL","baseKeyType":1,"closed":1746721122201,"used":1746721090363,"created":1746721090363,"remoteIdentityKey":"BT/bRW2CDRgguQfSixLUeLwz9iEmJTzAI/M0vfsc2T0o"},"_chains":{"BWEI/YvXyP3k/Fo3seMlltso00kLMwbR4wVmCi196fhe":{"chainKey":{"counter":0,"key":"Lfx2gtAPYWaBZ+9lwpoNg4dBeAbBXT7ZPnYDgKIA4zA="},"chainType":1,"messageKeys":{}}},"pendingPreKey":{"signedKeyId":298221,"baseKey":"BfKpJPLnLuWt6NfW2yImr5vgGEZ5hgXyjGl/iNAmnqQL","preKeyId":26686}},"BQ+YLCylVLkTbpqVM/r2Jxiqtf7eIIWGWypTUl9OKkVk":{"registrationId":478728894,"currentRatchet":{"ephemeralKeyPair":{"pubKey":"BS6Oe3pKHeiLwpjLa3OoghXghallJvEzTBdLG2fxmLhy","privKey":"sPpQn5oziTFSYSm5zOgNkAVbka/I2gZpJzdf7iPAdXY="},"lastRemoteEphemeralKey":"BURgZVjg6PbilXdDpOC5J08pDmnECaRAdcNZjDotkulx","previousCounter":0,"rootKey":"FKYLg0ePS8TV4dLv2Y7dgQk6Q6iytgGh2v2IRprOO/s="},"indexInfo":{"baseKey":"BQ+YLCylVLkTbpqVM/r2Jxiqtf7eIIWGWypTUl9OKkVk","baseKeyType":1,"closed":-1,"used":1746721121685,"created":1746721121685,"remoteIdentityKey":"BT/bRW2CDRgguQfSixLUeLwz9iEmJTzAI/M0vfsc2T0o"},"_chains":{"BS6Oe3pKHeiLwpjLa3OoghXghallJvEzTBdLG2fxmLhy":{"chainKey":{"counter":2,"key":"5GUSXmAloy5ATFynSpAG4rmaoPbz9wzrDL60fFWggbk="},"chainType":1,"messageKeys":{}}},"pendingPreKey":{"signedKeyId":298221,"baseKey":"BQ+YLCylVLkTbpqVM/r2Jxiqtf7eIIWGWypTUl9OKkVk","preKeyId":26738}}},"version":"v1"}