{"_sessions":{"Be8p7UN9ayjQ+LUCIAiZXCV2alhmxCZzuXTkM72rsisw":{"registrationId":1650739689,"currentRatchet":{"ephemeralKeyPair":{"pubKey":"BRQHUROSiLfrrHWBeDul7tB3iOFusZW8XEmvm7uBlg80","privKey":"IJU0UuD/MoB/4YdyXaWEienZVrvD1PxtY9M8VNn/Cko="},"lastRemoteEphemeralKey":"BdbjuY8YpoKsK0QlwlKHJ1NPX4+AwwHRRHRfjAofLB0Q","previousCounter":0,"rootKey":"HQf9Kdfl1ISHVc9C4EwSnMUbquIj/3xIMHyuLySmndc="},"indexInfo":{"baseKey":"Be8p7UN9ayjQ+LUCIAiZXCV2alhmxCZzuXTkM72rsisw","baseKeyType":1,"closed":-1,"used":1746714525955,"created":1746714525955,"remoteIdentityKey":"BYZhCBbG3Z8Om3co1k4iBDMyC30/JkFR9nraT99Iach/"},"_chains":{"BRQHUROSiLfrrHWBeDul7tB3iOFusZW8XEmvm7uBlg80":{"chainKey":{"counter":0,"key":"JbDUbKaaidatb6FF2yjIYQCjfOssmnHDL2HZUtcIV1A="},"chainType":1,"messageKeys":{}}},"pendingPreKey":{"signedKeyId":10,"baseKey":"Be8p7UN9ayjQ+LUCIAiZXCV2alhmxCZzuXTkM72rsisw","preKeyId":4003816}}},"version":"v1"}