{"_sessions":{"BYiOBQTIGXT7V96AUtkxmebuqjjiGQbEY3t1IVmtIs5A":{"registrationId":1451765101,"currentRatchet":{"ephemeralKeyPair":{"pubKey":"BSozEiUqn+ONfPCcWowuyaZRRdet3n+M8M/JQmlQAtEP","privKey":"GJyJ7TfAK3PX7Vgbm8NmlDKKbMFrpRM7L2bxjqGcC1c="},"lastRemoteEphemeralKey":"BQ0pv93lOIfbAiS4j3W1Vdp6XNYF9a935HeHr39UDtx1","previousCounter":0,"rootKey":"14zloUN5uDPAxccGiw5UaIrpw/Rzvm6g1QkDtPBSX2g="},"indexInfo":{"baseKey":"BYiOBQTIGXT7V96AUtkxmebuqjjiGQbEY3t1IVmtIs5A","baseKeyType":1,"closed":-1,"used":1746714525681,"created":1746714525681,"remoteIdentityKey":"Bf7HCjUc2xeIzwYFUdjzPTDUuIAEglflrOIHoiEjKVAX"},"_chains":{"BSozEiUqn+ONfPCcWowuyaZRRdet3n+M8M/JQmlQAtEP":{"chainKey":{"counter":0,"key":"afoYCGwc6Am6BVtq4fKhxdS5R+xA44rG1Alhp1TzY3g="},"chainType":1,"messageKeys":{}}},"pendingPreKey":{"signedKeyId":2,"baseKey":"BYiOBQTIGXT7V96AUtkxmebuqjjiGQbEY3t1IVmtIs5A","preKeyId":14536022}}},"version":"v1"}