{"_sessions":{"BRJEMCan1G1MTwrfO5mP99qcEvt0R8DD86M4kBQZ/phH":{"registrationId":11871231,"currentRatchet":{"ephemeralKeyPair":{"pubKey":"BZG6m9+jlE5NXLAn6sTg9xxdbZgoWm2AlZtgFBd2vI41","privKey":"+OcJFUCuXT6PBnm8570DxidEwV25ms1Z6Kc6x7eyi1Y="},"lastRemoteEphemeralKey":"BZxgMOZR9CxTh0mJoanO5HLYtBaB4IS/J1OA0SdFpjJj","previousCounter":0,"rootKey":"oQK7UOOcvKrHCSniE9vYX0fcTvbmbvT9tHfWUYhUCm4="},"indexInfo":{"baseKey":"BRJEMCan1G1MTwrfO5mP99qcEvt0R8DD86M4kBQZ/phH","baseKeyType":1,"closed":1746721114752,"used":1746721083648,"created":1746721083648,"remoteIdentityKey":"BagZ9NQ5N/V4+lnSoJ6SHhb8SEmVxwSiKuyh1aVQXIQA"},"_chains":{"BZG6m9+jlE5NXLAn6sTg9xxdbZgoWm2AlZtgFBd2vI41":{"chainKey":{"counter":0,"key":"U1z4gGyJhAa5zELotREZRTGhPmUtXh4E0w2Ksqo+ECc="},"chainType":1,"messageKeys":{}}},"pendingPreKey":{"signedKeyId":0,"baseKey":"BRJEMCan1G1MTwrfO5mP99qcEvt0R8DD86M4kBQZ/phH","preKeyId":3758769}},"BbYXBlTAv+WzZQ+Cdt050r4KtyLC9GSIUEZ53j0pLPBv":{"registrationId":11871231,"currentRatchet":{"ephemeralKeyPair":{"pubKey":"BeIhp6VfvajSGZan9cNIeoEqoZFowFZdtUS25+6D7AgB","privKey":"gFn3YO7S+DRAu7/qrTnHkt7vAgYybw6s0WHDtloOV20="},"lastRemoteEphemeralKey":"BZxgMOZR9CxTh0mJoanO5HLYtBaB4IS/J1OA0SdFpjJj","previousCounter":0,"rootKey":"uAosZrw8cLY0NpZqAxyO2SZzOxelaYytj1KQbznsPkk="},"indexInfo":{"baseKey":"BbYXBlTAv+WzZQ+Cdt050r4KtyLC9GSIUEZ53j0pLPBv","baseKeyType":1,"closed":-1,"used":1746721114434,"created":1746721114434,"remoteIdentityKey":"BagZ9NQ5N/V4+lnSoJ6SHhb8SEmVxwSiKuyh1aVQXIQA"},"_chains":{"BeIhp6VfvajSGZan9cNIeoEqoZFowFZdtUS25+6D7AgB":{"chainKey":{"counter":2,"key":"5qdrqrp6cxnT60+Gj1KmmOQxzLYuYD++7MuAz7z9t3o="},"chainType":1,"messageKeys":{}}},"pendingPreKey":{"signedKeyId":0,"baseKey":"BbYXBlTAv+WzZQ+Cdt050r4KtyLC9GSIUEZ53j0pLPBv","preKeyId":3758361}}},"version":"v1"}