{"_sessions":{"BSBEait1idiXunm8MY6NAJFNhCKJd0zQ1yEizBlUPGJt":{"registrationId":1148514140,"currentRatchet":{"ephemeralKeyPair":{"pubKey":"BbRmSCoSkkSA0yuXkU9SgFcs4U05TZk5g60SKU9Tv8RA","privKey":"IODMyThKhowSXEd+lk03tMZOQvQsiHfw3GjOmlQZzng="},"lastRemoteEphemeralKey":"BVJ2OuzU2Z3SgqeiOJp2e63n177Saylspz0+n2SpEaQx","previousCounter":0,"rootKey":"0rkEKYyM7fchwIi9pNxhGgPUnWU2AlT10A1SV6yxtYA="},"indexInfo":{"baseKey":"BSBEait1idiXunm8MY6NAJFNhCKJd0zQ1yEizBlUPGJt","baseKeyType":1,"closed":-1,"used":1746714539958,"created":1746714539957,"remoteIdentityKey":"BS2d5YqcuYnJh79L7hrOro/sS3tfdrKRuXy/Si3Ssp02"},"_chains":{"BbRmSCoSkkSA0yuXkU9SgFcs4U05TZk5g60SKU9Tv8RA":{"chainKey":{"counter":0,"key":"j36Rs440gOdicrLT27WDxEjmNxHtKcZ2K17UWEScFhY="},"chainType":1,"messageKeys":{}}},"pendingPreKey":{"signedKeyId":12231700,"baseKey":"BSBEait1idiXunm8MY6NAJFNhCKJd0zQ1yEizBlUPGJt","preKeyId":27218}}},"version":"v1"}