{"_sessions":{"BYN4bgZ3bZVRV32dy6kwlumARyGoYIzIg/UjQCvsbEda":{"registrationId":2106325825,"currentRatchet":{"ephemeralKeyPair":{"pubKey":"Bc/ALZ8fEDxeXmy/iqM3i1aRPSxBpFCaNVmQbtmWroZw","privKey":"KP8ksqE1EAGJ6hPi+lpJ1K7EPgLvJ8qPytdftCnt2ng="},"lastRemoteEphemeralKey":"BZ7va/8wUnAZM3id/+idkUJPv6wUy2bMyrxHT/LZkIQp","previousCounter":0,"rootKey":"08WqNVyGNwlig7WhBbgAo2iGlv/IFpwCy2BkQStuhH0="},"indexInfo":{"baseKey":"BYN4bgZ3bZVRV32dy6kwlumARyGoYIzIg/UjQCvsbEda","baseKeyType":1,"closed":-1,"used":1746714532856,"created":1746714532856,"remoteIdentityKey":"BWuoapXZ8YTgxOjsR5BFDk9MEN60NIGJkMfxi+s8XyRS"},"_chains":{"Bc/ALZ8fEDxeXmy/iqM3i1aRPSxBpFCaNVmQbtmWroZw":{"chainKey":{"counter":0,"key":"Wbk8jLde8GhjmL0MvJJcYwYLd4aATKESAZzybM0nahY="},"chainType":1,"messageKeys":{}}},"pendingPreKey":{"signedKeyId":0,"baseKey":"BYN4bgZ3bZVRV32dy6kwlumARyGoYIzIg/UjQCvsbEda","preKeyId":8434928}}},"version":"v1"}