{"_sessions":{"BXhmsrsCAQkuoYiJGRZdIOVoFoecBZKeCSgEPHZ3QXgt":{"registrationId":1736635542,"currentRatchet":{"ephemeralKeyPair":{"pubKey":"BXZO0wgy4I2R068WpQnaGJfu0SWDhYNKRXVHk5wR9ZEa","privKey":"6PBsLVKSdva4JbatWAngMF1atfYv/y5/SgAWpiaEw38="},"lastRemoteEphemeralKey":"BRPeZv3KaSdi06/1V6E9F3nPw83Dcv4S81Pbd9JwxcE3","previousCounter":0,"rootKey":"kgYqj4d5ffRpm8Tjxa1qNJkV2HGoyox5c0aqVOnYG7A="},"indexInfo":{"baseKey":"BXhmsrsCAQkuoYiJGRZdIOVoFoecBZKeCSgEPHZ3QXgt","baseKeyType":1,"closed":-1,"used":1746714525964,"created":1746714525964,"remoteIdentityKey":"BYX58bcUTQ08jAQXJQPe1dYgEIdXAVRkYJZO4kypZMJg"},"_chains":{"BXZO0wgy4I2R068WpQnaGJfu0SWDhYNKRXVHk5wR9ZEa":{"chainKey":{"counter":0,"key":"bRacPYLL+QbybhfNf49lLqxALAVzInHTmG9fwFBkZK4="},"chainType":1,"messageKeys":{}}},"pendingPreKey":{"signedKeyId":4,"baseKey":"BXhmsrsCAQkuoYiJGRZdIOVoFoecBZKeCSgEPHZ3QXgt","preKeyId":7291063}}},"version":"v1"}