{"_sessions":{"BW1CFcOnxDv8NzxYQuRufG0WaiXAC9cplAFleIsRLehQ":{"registrationId":1879950925,"currentRatchet":{"ephemeralKeyPair":{"pubKey":"BZU/gLid18k31tDYiswWo5B1BY7IM9xTwxEryL4mqmVK","privKey":"CLqiGh49xcMiMas4XGDGDj0ItEFSbJBH0AQqcy/5KVc="},"lastRemoteEphemeralKey":"BdqzdUd3Jru3vGP5zSq4SOAbCrtyblrHZnlAOSBb/aQO","previousCounter":0,"rootKey":"LF0FsCxHjjN1aZAGmC7weVY+JEC1a5Ub93ciglig5bA="},"indexInfo":{"baseKey":"BW1CFcOnxDv8NzxYQuRufG0WaiXAC9cplAFleIsRLehQ","baseKeyType":1,"closed":-1,"used":1746714529431,"created":1746714529431,"remoteIdentityKey":"BUPqobsWnd9TrcwAGV9pQPbzIF2aOkL2K9kSfT2++YVz"},"_chains":{"BZU/gLid18k31tDYiswWo5B1BY7IM9xTwxEryL4mqmVK":{"chainKey":{"counter":0,"key":"BEx1PMnrynzseL0fya+OLGU7LSVAmkDIHrR8jz9djKI="},"chainType":1,"messageKeys":{}}},"pendingPreKey":{"signedKeyId":2,"baseKey":"BW1CFcOnxDv8NzxYQuRufG0WaiXAC9cplAFleIsRLehQ","preKeyId":943832}}},"version":"v1"}