{"_sessions":{"Bce6o6tTLqpOow0nsHpiUWXbs8+ayac74/wcBrnn44tr":{"registrationId":1805374410,"currentRatchet":{"ephemeralKeyPair":{"pubKey":"Bdi4xIC10dNQO0XQ7TUvZ9FUCn+f2g05dLmv30wS1CcT","privKey":"uDt6x/Bztdm44g2BCWdX9Z9ZOorT34ktXRlL9HFL914="},"lastRemoteEphemeralKey":"BeX5X3jpyUo4uIlkeXRkp4Yfl6XfiwTpsIt4ELK7yyY2","previousCounter":0,"rootKey":"egfKiFVtbGgcxM/uwBUypWDL2roSOGY3zdQyCh/ED+A="},"indexInfo":{"baseKey":"Bce6o6tTLqpOow0nsHpiUWXbs8+ayac74/wcBrnn44tr","baseKeyType":1,"closed":-1,"used":1746714539939,"created":1746714539939,"remoteIdentityKey":"BXzPubyVBbiadMoa6XfIhA1JeiYAgk9PCOiBarREnIpU"},"_chains":{"Bdi4xIC10dNQO0XQ7TUvZ9FUCn+f2g05dLmv30wS1CcT":{"chainKey":{"counter":0,"key":"r8KpRvOK/Qv/wKnw8Kzq4MKnorOi0zD9Yz/2kK2xOg8="},"chainType":1,"messageKeys":{}}},"pendingPreKey":{"signedKeyId":1,"baseKey":"Bce6o6tTLqpOow0nsHpiUWXbs8+ayac74/wcBrnn44tr","preKeyId":8976327}}},"version":"v1"}