{"_sessions":{"BfqFXknBEvaMMmJjuqRmb3qshuZOp+v9qmMDw+dJcAU5":{"registrationId":1078051436,"currentRatchet":{"ephemeralKeyPair":{"pubKey":"BSlGpA+/Oa2z05tS6TBUEaYzsOD/7GCB8+6WuKoKEgoE","privKey":"yHHsQE7ViCbWKAxbvS1l08kZfbd3dz9YqYQtJj28Jm4="},"lastRemoteEphemeralKey":"BfPb9/3Tzekn7ssAyp9P+iMTkT3qvf29rfb9KYL1rZ1Y","previousCounter":0,"rootKey":"Z5QGbzPk8kabadYp8I543rJyFrVJ6hR0nH946Cidr4g="},"indexInfo":{"baseKey":"BfqFXknBEvaMMmJjuqRmb3qshuZOp+v9qmMDw+dJcAU5","baseKeyType":1,"closed":-1,"used":1746714522143,"created":1746714522143,"remoteIdentityKey":"BU6wCi0yz+1i6fr7ICMv2C5D+WL8yeyLlDcmyz+Q3esE"},"_chains":{"BSlGpA+/Oa2z05tS6TBUEaYzsOD/7GCB8+6WuKoKEgoE":{"chainKey":{"counter":0,"key":"tUauhXKg1iC46g5rH1KVd+YSZLlJ1iUWTmd0NhYgNf4="},"chainType":1,"messageKeys":{}}},"pendingPreKey":{"signedKeyId":1,"baseKey":"BfqFXknBEvaMMmJjuqRmb3qshuZOp+v9qmMDw+dJcAU5","preKeyId":2402}}},"version":"v1"}