{"_sessions":{"BSv1Qv7TbZ3tJVoq/cuC5UOasBaGDp/qV/0jGJ28WFpV":{"registrationId":1032038037,"currentRatchet":{"ephemeralKeyPair":{"pubKey":"BeyZllXSCaUXB+idAF716gnurd1MmVZKgMzJOrhL8Xl+","privKey":"aADySceJIZzD+d6hdcgkesYIJ2TMGFJP0KBhxHStBUs="},"lastRemoteEphemeralKey":"BTowwRsoArFcYb+f0d0o+7EDb10wFmGemW5u4tduAd9m","previousCounter":0,"rootKey":"rtNbcBRYWxitwxeJp4FYwTpnnK1QPm1840t6sP8T7Uc="},"indexInfo":{"baseKey":"BSv1Qv7TbZ3tJVoq/cuC5UOasBaGDp/qV/0jGJ28WFpV","baseKeyType":1,"closed":-1,"used":1746714529426,"created":1746714529426,"remoteIdentityKey":"BZ+F4oWD+v3KWIu43r4gXyCHwZm28gRjXS18RNa+nn5Z"},"_chains":{"BeyZllXSCaUXB+idAF716gnurd1MmVZKgMzJOrhL8Xl+":{"chainKey":{"counter":0,"key":"RYmWxN75ENElbYQs+FViz+WgqvP8PwoY0Hr8r3dgzCw="},"chainType":1,"messageKeys":{}}},"pendingPreKey":{"signedKeyId":3,"baseKey":"BSv1Qv7TbZ3tJVoq/cuC5UOasBaGDp/qV/0jGJ28WFpV","preKeyId":16285490}}},"version":"v1"}