{"_sessions":{"BcuYTUGscueD8lpbHRr1Q3dwn+uq2svX+qHFhVVadAoO":{"registrationId":72896622,"currentRatchet":{"ephemeralKeyPair":{"pubKey":"BeqfnDfGF/1ZOj80mLxsqsMztIJJjTs2ECvOcrRqyh9S","privKey":"2I3s3oj/qID06ECctYLBk71wvkWXgazDrnanZ4DWFHo="},"lastRemoteEphemeralKey":"Bb9/3RxgiO/yLZXT8GeMRhAAGQrBhdjSR4UkXiugRnET","previousCounter":0,"rootKey":"goS69cTEzBiFGGeu4OLau4IwPuIa2+5p4oWPQJr5dwc="},"indexInfo":{"baseKey":"BcuYTUGscueD8lpbHRr1Q3dwn+uq2svX+qHFhVVadAoO","baseKeyType":1,"closed":-1,"used":1746714532606,"created":1746714532606,"remoteIdentityKey":"Bb69D1vEUPB8q1vBvGEXcoj1CFFWIqSzwuDyGuqnVEIZ"},"_chains":{"BeqfnDfGF/1ZOj80mLxsqsMztIJJjTs2ECvOcrRqyh9S":{"chainKey":{"counter":0,"key":"m+QtxXS5qqvQv42mrBtSHMVg6S7O7R/BJFYshCtLZtM="},"chainType":1,"messageKeys":{}}},"pendingPreKey":{"signedKeyId":9357850,"baseKey":"BcuYTUGscueD8lpbHRr1Q3dwn+uq2svX+qHFhVVadAoO","preKeyId":918}}},"version":"v1"}