{"_sessions":{"BVrXV8SDfOKii9n69wX0immIS5IlLN8XXCr39fWWinJA":{"registrationId":165272428,"currentRatchet":{"ephemeralKeyPair":{"pubKey":"BRA2oukXw2BPYYngmDPd+YosPyTONK+5LH/hEXJvYUNl","privKey":"0HsMmM0YUGx8wy1zGTaOK8LSfyUZV3fGyHfA6uno4l4="},"lastRemoteEphemeralKey":"BVqpzlDpZd1ZXSdGfgr4pF/Eoq7bqK1OG2oCZdB9sn0y","previousCounter":0,"rootKey":"qxGowuKbQuQ+a02vSIjvtlBEttLNmDRy0QAXwxi4fFE="},"indexInfo":{"baseKey":"BVrXV8SDfOKii9n69wX0immIS5IlLN8XXCr39fWWinJA","baseKeyType":1,"closed":1746721114783,"used":1746721083804,"created":1746721083804,"remoteIdentityKey":"BZL/I7OYi7IWFRhD79kbzcmPcJUo8TEPyIyZAzz8UNNr"},"_chains":{"BRA2oukXw2BPYYngmDPd+YosPyTONK+5LH/hEXJvYUNl":{"chainKey":{"counter":0,"key":"PO8/2cuJJ+tslrVjkVI5TcYn2RQdAmdYlQk3UtdLJI0="},"chainType":1,"messageKeys":{}}},"pendingPreKey":{"signedKeyId":1,"baseKey":"BVrXV8SDfOKii9n69wX0immIS5IlLN8XXCr39fWWinJA","preKeyId":2229472}},"BWgLHtfESlXrpznYefo/EhT3X8+3i/fBvotdasgS4RZo":{"registrationId":165272428,"currentRatchet":{"ephemeralKeyPair":{"pubKey":"BaVFRnVBn0JPg59dmzB7dCb8tIui1Z0YukSsVgU1DKxD","privKey":"GOq+YyXVefYodexPhxzBQZkmfWYFmRa36q6jN5wOZU8="},"lastRemoteEphemeralKey":"BVqpzlDpZd1ZXSdGfgr4pF/Eoq7bqK1OG2oCZdB9sn0y","previousCounter":0,"rootKey":"yHkZxvLOLjkTPlKzHSNCyzLUn5+IimjtJdXNuP88jLo="},"indexInfo":{"baseKey":"BWgLHtfESlXrpznYefo/EhT3X8+3i/fBvotdasgS4RZo","baseKeyType":1,"closed":-1,"used":1746721114570,"created":1746721114570,"remoteIdentityKey":"BZL/I7OYi7IWFRhD79kbzcmPcJUo8TEPyIyZAzz8UNNr"},"_chains":{"BaVFRnVBn0JPg59dmzB7dCb8tIui1Z0YukSsVgU1DKxD":{"chainKey":{"counter":2,"key":"+cBLsxEOTdj7LgxCM8Rw63wym8+I7ldowkHw7nKcKyk="},"chainType":1,"messageKeys":{}}},"pendingPreKey":{"signedKeyId":1,"baseKey":"BWgLHtfESlXrpznYefo/EhT3X8+3i/fBvotdasgS4RZo","preKeyId":2229447}}},"version":"v1"}