{"_sessions":{"Bfqg8v+aJIjl3xZniYsjV1DUK4PFdRY9Odlz0mxV1stZ":{"registrationId":1490209189,"currentRatchet":{"ephemeralKeyPair":{"pubKey":"BeKGy9nu1vGzo5hnBeDrHdO3M41Lyuebtzg6T+CifUEE","privKey":"6JNZhLUZMscqoC8yCBc9HBdzEEp/vvVMBc+I9WX+yFY="},"lastRemoteEphemeralKey":"BWtIaAWbV2vDKRqypzeNH6oz+yU29cPIqU6hZhh5xXkB","previousCounter":0,"rootKey":"6Db75IcYs544w+GCDrSHO9M9z0Fd7dEjk6kRB4RNnmw="},"indexInfo":{"baseKey":"Bfqg8v+aJIjl3xZniYsjV1DUK4PFdRY9Odlz0mxV1stZ","baseKeyType":1,"closed":-1,"used":1746714525893,"created":1746714525893,"remoteIdentityKey":"BXrhWq5aaeTUbfYH3WWIR75mo6dnfvBwnReW1nD+86J5"},"_chains":{"BeKGy9nu1vGzo5hnBeDrHdO3M41Lyuebtzg6T+CifUEE":{"chainKey":{"counter":0,"key":"59CkGRkctDTwTMX9Gt7qBiGSihG7xdKYqmR16przOLY="},"chainType":1,"messageKeys":{}}},"pendingPreKey":{"signedKeyId":21,"baseKey":"Bfqg8v+aJIjl3xZniYsjV1DUK4PFdRY9Odlz0mxV1stZ"}}},"version":"v1"}