{"_sessions":{"BdeCDPciImViD9g8DJ0DnWqjytgtLtNJAhRvc/i3NBFX":{"registrationId":1515270993,"currentRatchet":{"ephemeralKeyPair":{"pubKey":"BZUf473GpV5+xGZgFEQfz/c0M+TvghftYydEtZswAFxd","privKey":"gIm1khxpStOvZob15MB9Gv8Yzww0hTaJTzuVUw7anU0="},"lastRemoteEphemeralKey":"BeZcpCkEZc5pHaan3puAetbNvP04tFlmPR0w312r8UBg","previousCounter":0,"rootKey":"OumX74c9yfPPnwukqiBOA50yEnGviz2o3mMkbTiovPc="},"indexInfo":{"baseKey":"BdeCDPciImViD9g8DJ0DnWqjytgtLtNJAhRvc/i3NBFX","baseKeyType":1,"closed":-1,"used":1746714536452,"created":1746714536452,"remoteIdentityKey":"BY5SDoKq1eR4g9NLVtEg4ehmvy7iq9U/8WHDaum7X3ZO"},"_chains":{"BZUf473GpV5+xGZgFEQfz/c0M+TvghftYydEtZswAFxd":{"chainKey":{"counter":0,"key":"5HL8UCXW5FtLXqcvPR6QgQN722dgnedAHo2ZEWUsvgw="},"chainType":1,"messageKeys":{}}},"pendingPreKey":{"signedKeyId":0,"baseKey":"BdeCDPciImViD9g8DJ0DnWqjytgtLtNJAhRvc/i3NBFX"}}},"version":"v1"}