{"_sessions":{"BWAWhuyNLXvJJin24ACqov2zlnEZ0tb8//ln4BYu558A":{"registrationId":11576,"currentRatchet":{"ephemeralKeyPair":{"pubKey":"BUGFWx1bRS8gzkqcKzL60aiHfwphsPjs7qgyOypQuv9y","privKey":"8BvQfqv0naULuTYdDjGrL1/ePy1sH8hvjgVDY7pY4kE="},"lastRemoteEphemeralKey":"BZSwYuwAbZpOEAOsOZTsh8KwdfiHk0FR+DT7b+2I1vJM","previousCounter":0,"rootKey":"bB9OMc8qfPNEigFfQoYzi2z86/D2EaidaWvO9EQxvN4="},"indexInfo":{"baseKey":"BWAWhuyNLXvJJin24ACqov2zlnEZ0tb8//ln4BYu558A","baseKeyType":1,"closed":-1,"used":1746714522169,"created":1746714522169,"remoteIdentityKey":"Ba5+5mQEe90/E3QImi8eQ9FeDUEamv6q1Gc47JO5Qi5V"},"_chains":{"BUGFWx1bRS8gzkqcKzL60aiHfwphsPjs7qgyOypQuv9y":{"chainKey":{"counter":0,"key":"MTyxhZyBEYmzOn6BKx0mWAOYR+VLdoSoWRTt6H+vJkM="},"chainType":1,"messageKeys":{}}},"pendingPreKey":{"signedKeyId":5,"baseKey":"BWAWhuyNLXvJJin24ACqov2zlnEZ0tb8//ln4BYu558A"}}},"version":"v1"}