{"_sessions":{"BRHT1g2Ido3ltRl8fXqbt8qaPaivFmJ8HTMXWQ1CkZtq":{"registrationId":2030258037,"currentRatchet":{"ephemeralKeyPair":{"pubKey":"BfCRUXHf1WvXAKhsOAHE3AEFHgmh8eFYEaXEBF7Ghiop","privKey":"wBgFehQBUxWhFIUCpjETwa6B6SEASLHYbDpbSWAaSnM="},"lastRemoteEphemeralKey":"BcPTu+bNrMcCK4Cc+tMt4RK8YRUzppnPbgsmwUtob+UD","previousCounter":0,"rootKey":"E1gqqy0dZtNjTbv4evXq0YbnX/q6jAlQ34ReOYSFcYU="},"indexInfo":{"baseKey":"BRHT1g2Ido3ltRl8fXqbt8qaPaivFmJ8HTMXWQ1CkZtq","baseKeyType":1,"closed":-1,"used":1746714536470,"created":1746714536470,"remoteIdentityKey":"BQQvu5voDIbB+yQ9UMePmqNbG99vaqwWLTEzX4SHj4d2"},"_chains":{"BfCRUXHf1WvXAKhsOAHE3AEFHgmh8eFYEaXEBF7Ghiop":{"chainKey":{"counter":0,"key":"v4eBtkjwQQRFcB02r2vt3Jumsx06FBncJr03J9j4nOM="},"chainType":1,"messageKeys":{}}},"pendingPreKey":{"signedKeyId":4,"baseKey":"BRHT1g2Ido3ltRl8fXqbt8qaPaivFmJ8HTMXWQ1CkZtq"}}},"version":"v1"}