{"_sessions":{"BWTbw20DqUmXONrCL3ZE1aflMDXoHokjbZ/vI77eik8w":{"registrationId":1957826006,"currentRatchet":{"ephemeralKeyPair":{"pubKey":"BYzoec+sT/DjvlC2KO4+YLiLubqHREFiK5rgZjWL4jN3","privKey":"EC94tFfQBUb0bPTJAMacNo10axS8jlKyqWrjgx/8CWw="},"lastRemoteEphemeralKey":"BSKIDGiZt8e1QJ+3MfdL9m0PYuKEfD3sVfHROeL+xFQS","previousCounter":0,"rootKey":"8AY+AWEEH5QQ8k8vmzeleBNIZXVGL6ICEptnLy84YFw="},"indexInfo":{"baseKey":"BWTbw20DqUmXONrCL3ZE1aflMDXoHokjbZ/vI77eik8w","baseKeyType":1,"closed":1746721114772,"used":1746721083735,"created":1746721083735,"remoteIdentityKey":"BQjBuJluCYpRp9SXt1rZakwLDi+r2vhuR4JvR7kbDk9n"},"_chains":{"BYzoec+sT/DjvlC2KO4+YLiLubqHREFiK5rgZjWL4jN3":{"chainKey":{"counter":0,"key":"s/QjcqOp3che/A8a3tvVAoQGRRZ8nTXGzZTjHYQQJvg="},"chainType":1,"messageKeys":{}}},"pendingPreKey":{"signedKeyId":5,"baseKey":"BWTbw20DqUmXONrCL3ZE1aflMDXoHokjbZ/vI77eik8w","preKeyId":10967969}},"BSSaZk6FpwtOU9MVRg/o4cn1qZM+d+Phu/LRdKVSWgkW":{"registrationId":1957826006,"currentRatchet":{"ephemeralKeyPair":{"pubKey":"BRkgjJwMkLWV70LhDvdZokBBKvIw+zI1oOwlbwrb1EF6","privKey":"QHhe1be8HatbPKCvKAkxrVaalz58ZscxoMANOP13LH8="},"lastRemoteEphemeralKey":"BSKIDGiZt8e1QJ+3MfdL9m0PYuKEfD3sVfHROeL+xFQS","previousCounter":0,"rootKey":"7zqUZ1nmuYFDYk8s1wuZfr/lTAUMJUnEJ/eCRhcKV2E="},"indexInfo":{"baseKey":"BSSaZk6FpwtOU9MVRg/o4cn1qZM+d+Phu/LRdKVSWgkW","baseKeyType":1,"closed":-1,"used":1746721114518,"created":1746721114518,"remoteIdentityKey":"BQjBuJluCYpRp9SXt1rZakwLDi+r2vhuR4JvR7kbDk9n"},"_chains":{"BRkgjJwMkLWV70LhDvdZokBBKvIw+zI1oOwlbwrb1EF6":{"chainKey":{"counter":2,"key":"teiQMj8i9rAt32/eE24ZUwDHQvZ3EY1qly7Xo73whqw="},"chainType":1,"messageKeys":{}}},"pendingPreKey":{"signedKeyId":5,"baseKey":"BSSaZk6FpwtOU9MVRg/o4cn1qZM+d+Phu/LRdKVSWgkW","preKeyId":10967893}}},"version":"v1"}