{"_sessions":{"Bcs3EmgfwLqTuExx0C3fr4jfFKZja53V/T44sHByKbgW":{"registrationId":1603069463,"currentRatchet":{"ephemeralKeyPair":{"pubKey":"BUpAKoSzS8IuK+bSImJM81I2txitGcMrnSL4H3io0ghI","privKey":"2I0omSx8S00f04xwgEXx00m618aaUGt17qYVVwmdonw="},"lastRemoteEphemeralKey":"BQ96AV96aH7sLYJlV/P+XOdgzsANvTmxMSpvaEyRHgBk","previousCounter":0,"rootKey":"TdSYDmDkD9qkN0cjmgbx+NgEmq6QOjXxkroNoOmzRdc="},"indexInfo":{"baseKey":"Bcs3EmgfwLqTuExx0C3fr4jfFKZja53V/T44sHByKbgW","baseKeyType":1,"closed":1746721114765,"used":1746721083705,"created":1746721083705,"remoteIdentityKey":"BbAyt0kK0M4PTv8LWLwnVvE+LQwNiTfQKbJrDuX7Mtpm"},"_chains":{"BUpAKoSzS8IuK+bSImJM81I2txitGcMrnSL4H3io0ghI":{"chainKey":{"counter":0,"key":"L0dIifOi5h3LhNscLrYTY8ijFFtGPAYfDFlYW12yCrY="},"chainType":1,"messageKeys":{}}},"pendingPreKey":{"signedKeyId":24,"baseKey":"Bcs3EmgfwLqTuExx0C3fr4jfFKZja53V/T44sHByKbgW"}},"Bf62SYDMiKySPJ+mrC29LpjDREqrg7jZv1tbqc94qs5C":{"registrationId":1603069463,"currentRatchet":{"ephemeralKeyPair":{"pubKey":"BXOhQUk3Nnc10KbRRovCusVyAYMtPgdtq+lxUKOipGsU","privKey":"mJtPMIrBPOrA5T4o+uitg3DuxO1svmB79B5UMKAaXFk="},"lastRemoteEphemeralKey":"BQ96AV96aH7sLYJlV/P+XOdgzsANvTmxMSpvaEyRHgBk","previousCounter":0,"rootKey":"6Hz6fLkyLoJNaiSRE9Rmu5OVsx6qGplS9+KdpjiAT20="},"indexInfo":{"baseKey":"Bf62SYDMiKySPJ+mrC29LpjDREqrg7jZv1tbqc94qs5C","baseKeyType":1,"closed":-1,"used":1746721114489,"created":1746721114489,"remoteIdentityKey":"BbAyt0kK0M4PTv8LWLwnVvE+LQwNiTfQKbJrDuX7Mtpm"},"_chains":{"BXOhQUk3Nnc10KbRRovCusVyAYMtPgdtq+lxUKOipGsU":{"chainKey":{"counter":2,"key":"TIuRn8njM2GpJt4/ZTckY8B2/PY78BbaIv70k3XjbJA="},"chainType":1,"messageKeys":{}}},"pendingPreKey":{"signedKeyId":24,"baseKey":"Bf62SYDMiKySPJ+mrC29LpjDREqrg7jZv1tbqc94qs5C"}}},"version":"v1"}