{"_sessions":{"Bd5oe0+OSY8JsubuPIoOCy1wt8xceeezffhicOJjbfMk":{"registrationId":68364322,"currentRatchet":{"ephemeralKeyPair":{"pubKey":"BfUSrns2yVXW8jLRyvW0oG9rl7h9Jba8eknomkYo7Hcx","privKey":"yE+4WyqZlSHdtELzLjdSJJixd5/fOPIeVrA5HJLjsFw="},"lastRemoteEphemeralKey":"BZU8TTr6oJEf4lpUcTBDHYoxOFZ6kHx0M3KIODwT9GRl","previousCounter":0,"rootKey":"XNJe/7DW5s7cWaY/+Bd3bx1H2Jm0XdaVWqo/Nt2tqj4="},"indexInfo":{"baseKey":"Bd5oe0+OSY8JsubuPIoOCy1wt8xceeezffhicOJjbfMk","baseKeyType":1,"closed":-1,"used":1746714529306,"created":1746714529306,"remoteIdentityKey":"Be+MS8oLhtnBjampf8JOJRWaMTwvVd7NJnxaYCmlSeA/"},"_chains":{"BfUSrns2yVXW8jLRyvW0oG9rl7h9Jba8eknomkYo7Hcx":{"chainKey":{"counter":0,"key":"c9HxzVK+BBfc0C6mkrcU2+gDWY4JI1EsCSpvHArfVYU="},"chainType":1,"messageKeys":{}}},"pendingPreKey":{"signedKeyId":6144640,"baseKey":"Bd5oe0+OSY8JsubuPIoOCy1wt8xceeezffhicOJjbfMk"}}},"version":"v1"}