{"_sessions":{"BcT0XY2gZjlZ6DWt3kxZDL/O1tcTFuHvhZ32p05UClAY":{"registrationId":2117792659,"currentRatchet":{"ephemeralKeyPair":{"pubKey":"BS5IrjALmHdrwXnUUcXzg9WNCnn4HQv5GeTP1a4IUAt9","privKey":"mNYDsNrNjL12ijsrycJSlNOiHgjQrRvAmmTihgxiE0o="},"lastRemoteEphemeralKey":"BdwQIIbtIR3zcUmti388OGyqOtvgFbIUNYR9AmzGDd9z","previousCounter":0,"rootKey":"3lOhiJM+elPN1VKV98+AVsl9GWDmz+pl7klaYBFmbVA="},"indexInfo":{"baseKey":"BcT0XY2gZjlZ6DWt3kxZDL/O1tcTFuHvhZ32p05UClAY","baseKeyType":1,"closed":1746721099103,"used":1746721068815,"created":1746721068815,"remoteIdentityKey":"BUanf0MyZFVzpNJPCUqlfZBi03b9VQlL8IfdhgGqK9BM"},"_chains":{"BS5IrjALmHdrwXnUUcXzg9WNCnn4HQv5GeTP1a4IUAt9":{"chainKey":{"counter":0,"key":"l+Gt91v+uIKaDcUVTawsR+lZZBp9Ex+lPGwABB/4KvE="},"chainType":1,"messageKeys":{}}},"pendingPreKey":{"signedKeyId":1,"baseKey":"BcT0XY2gZjlZ6DWt3kxZDL/O1tcTFuHvhZ32p05UClAY"}},"BdLk/5WZ3vZTm5KN0JcDk2wERfE/2co6I/6hvGaiJsgd":{"registrationId":2117792659,"currentRatchet":{"ephemeralKeyPair":{"pubKey":"BXNaMex1hlRCiXQOWl5hO/SGm2x3ex6GO2Bg14ZloQQC","privKey":"0G72PBtySlcxf99kWeaIKeVzSSUjU6A+wSu36EbMd0A="},"lastRemoteEphemeralKey":"BdwQIIbtIR3zcUmti388OGyqOtvgFbIUNYR9AmzGDd9z","previousCounter":0,"rootKey":"NtxrIWhcCOQ+6o/pFB/iGv3Bcv8PeUuOHHGqkF5233I="},"indexInfo":{"baseKey":"BdLk/5WZ3vZTm5KN0JcDk2wERfE/2co6I/6hvGaiJsgd","baseKeyType":1,"closed":-1,"used":1746721098526,"created":1746721098526,"remoteIdentityKey":"BUanf0MyZFVzpNJPCUqlfZBi03b9VQlL8IfdhgGqK9BM"},"_chains":{"BXNaMex1hlRCiXQOWl5hO/SGm2x3ex6GO2Bg14ZloQQC":{"chainKey":{"counter":2,"key":"VVELEPi5RUb8UmmyogsW5AZ0g+erLp8BT5dv3Qx6Sk8="},"chainType":1,"messageKeys":{}}},"pendingPreKey":{"signedKeyId":1,"baseKey":"BdLk/5WZ3vZTm5KN0JcDk2wERfE/2co6I/6hvGaiJsgd"}}},"version":"v1"}