{"_sessions":{"BUHrdWW5u05aBC33pHDaANqzPdi0mRxOJ+04z/jv96JG":{"registrationId":2033662059,"currentRatchet":{"ephemeralKeyPair":{"pubKey":"BYfPECVMIth7X91nPLfJeOQU61xx+yWQ7GdVwtN32LND","privKey":"2O1A/JnYf0Mo4wG+IXdJjKMmWTQsc3qW2r+yL3r/tlg="},"lastRemoteEphemeralKey":"BahFhRShPnAEDKAVBcBq9Iepl9o5Ts1AOPnxO2Q2jOJL","previousCounter":0,"rootKey":"k6Brla8eRjaYuH9LfT8kFXqexIj3KX+LuYPsKTPSwDU="},"indexInfo":{"baseKey":"BUHrdWW5u05aBC33pHDaANqzPdi0mRxOJ+04z/jv96JG","baseKeyType":1,"closed":1746721104021,"used":1746721072663,"created":1746721072663,"remoteIdentityKey":"BbrjsL0YuhOeqI+nWcBWcOm40g018SZdoCfhH6Y+imgx"},"_chains":{"BYfPECVMIth7X91nPLfJeOQU61xx+yWQ7GdVwtN32LND":{"chainKey":{"counter":0,"key":"s38RqDAd7JGbYRzRouNuuHYNO55YLeT6J7y7v9lqyAE="},"chainType":1,"messageKeys":{}}},"pendingPreKey":{"signedKeyId":7,"baseKey":"BUHrdWW5u05aBC33pHDaANqzPdi0mRxOJ+04z/jv96JG","preKeyId":5212100}},"BS6V18walkBeTZ+kXINAz+v36qqQ1R7dDRCJah0GsNkv":{"registrationId":2033662059,"currentRatchet":{"ephemeralKeyPair":{"pubKey":"BYAzOBeBk4E3j6kEIcph9paarl71uhzcEOC/vd2ByBFx","privKey":"8A4gCpmEBIoOfawi/i+EcxNO7lUGOGFjoyHJzHG7fEQ="},"lastRemoteEphemeralKey":"BahFhRShPnAEDKAVBcBq9Iepl9o5Ts1AOPnxO2Q2jOJL","previousCounter":0,"rootKey":"MRkaZ6wIBHZkOZGf9i6escP8DHsJoARtYCxXY6gF/tU="},"indexInfo":{"baseKey":"BS6V18walkBeTZ+kXINAz+v36qqQ1R7dDRCJah0GsNkv","baseKeyType":1,"closed":-1,"used":1746721103493,"created":1746721103492,"remoteIdentityKey":"BbrjsL0YuhOeqI+nWcBWcOm40g018SZdoCfhH6Y+imgx"},"_chains":{"BYAzOBeBk4E3j6kEIcph9paarl71uhzcEOC/vd2ByBFx":{"chainKey":{"counter":2,"key":"FT6rNjRxWVy+8G4OQ6osuENzNp0hHXIGFBLY9xQLXPw="},"chainType":1,"messageKeys":{}}},"pendingPreKey":{"signedKeyId":7,"baseKey":"BS6V18walkBeTZ+kXINAz+v36qqQ1R7dDRCJah0GsNkv","preKeyId":5212642}}},"version":"v1"}