{"_sessions":{"BSkAN1YD30GSsVimKA39YVISRcHipTWOvecE0ISObikc":{"registrationId":324535114,"currentRatchet":{"ephemeralKeyPair":{"pubKey":"BR8XR8rpIMIAqEywGmf3KrtVnTrBOeErqoOR6rV1Cp0P","privKey":"mAdywydO9WvNHzJWuxYIdKvyvcf36kpXYXpHsCqq8k8="},"lastRemoteEphemeralKey":"Bedey9dhlogG1hBcz29IV5f7SSl7pzcEmFUY1Y19EC4q","previousCounter":0,"rootKey":"En5afvOhpxK6UQ1kSupMXJJWlcZOdd75uivsZP9hQgM="},"indexInfo":{"baseKey":"BSkAN1YD30GSsVimKA39YVISRcHipTWOvecE0ISObikc","baseKeyType":1,"closed":-1,"used":1746714522379,"created":1746714522379,"remoteIdentityKey":"BRBtaLVqqpxna1QR2iMyBp6v/uwmya7grMg6xiRGsoBE"},"_chains":{"BR8XR8rpIMIAqEywGmf3KrtVnTrBOeErqoOR6rV1Cp0P":{"chainKey":{"counter":0,"key":"nNQKClF2eADX3s8FJN+BEpp+d6dscStPmCKvofALiOY="},"chainType":1,"messageKeys":{}}},"pendingPreKey":{"signedKeyId":1,"baseKey":"BSkAN1YD30GSsVimKA39YVISRcHipTWOvecE0ISObikc","preKeyId":1023773}}},"version":"v1"}