{"_sessions":{"BTCi2udZiHmONZU62C88r5i9fNgNev8JlhY7q4q804VS":{"registrationId":1193649088,"currentRatchet":{"ephemeralKeyPair":{"pubKey":"BXWjxbzT37R8AAQg844N5V0J6witIVcWVNYkT+Ay4B4S","privKey":"YM146zoQ9Ae+dDk3u64jivW5Df0UZjjB8c1q2pqemHc="},"lastRemoteEphemeralKey":"BcforNGFC8KBr4+kMkmB/W3EGYMPto7LVcBVhZlaFKAZ","previousCounter":0,"rootKey":"su1/W9EMpstHqUXmI3TR8HxRd3p9jEt1ZDNgdfykkXg="},"indexInfo":{"baseKey":"BTCi2udZiHmONZU62C88r5i9fNgNev8JlhY7q4q804VS","baseKeyType":1,"closed":1746721107775,"used":1746721075825,"created":1746721075825,"remoteIdentityKey":"BVHOVC9TGrGZd/pTPu7hZsRai2Xq3C/pU5sSJDYLFIAL"},"_chains":{"BXWjxbzT37R8AAQg844N5V0J6witIVcWVNYkT+Ay4B4S":{"chainKey":{"counter":0,"key":"Auj0OK73S1wIqrG/Va4AltPhX3WULZRqVb8oyav2cmM="},"chainType":1,"messageKeys":{}}},"pendingPreKey":{"signedKeyId":8390762,"baseKey":"BTCi2udZiHmONZU62C88r5i9fNgNev8JlhY7q4q804VS","preKeyId":2680}},"BRGQxBN38bn+pvAq0gCPCA5YtRiS3VsDMhJ6lAPPLuwt":{"registrationId":1193649088,"currentRatchet":{"ephemeralKeyPair":{"pubKey":"BRLfEiarMVM2rM+JDjstIsz6+8YYkmiNUxFPZ/HOQtlf","privKey":"ABBh/W/lGz5EPdq5x1pHty6GR9vqvhsg8gze7v0KV3A="},"lastRemoteEphemeralKey":"BcforNGFC8KBr4+kMkmB/W3EGYMPto7LVcBVhZlaFKAZ","previousCounter":0,"rootKey":"KMFrkeFMmC4mtrViNbGWFBNLFShuzWO993i0WNdzSKU="},"indexInfo":{"baseKey":"BRGQxBN38bn+pvAq0gCPCA5YtRiS3VsDMhJ6lAPPLuwt","baseKeyType":1,"closed":-1,"used":1746721107391,"created":1746721107390,"remoteIdentityKey":"BVHOVC9TGrGZd/pTPu7hZsRai2Xq3C/pU5sSJDYLFIAL"},"_chains":{"BRLfEiarMVM2rM+JDjstIsz6+8YYkmiNUxFPZ/HOQtlf":{"chainKey":{"counter":2,"key":"iysco7QDZ9tjVJdc5sCXFjF56qekbb/EHyd2NwTjafk="},"chainType":1,"messageKeys":{}}},"pendingPreKey":{"signedKeyId":8390762,"baseKey":"BRGQxBN38bn+pvAq0gCPCA5YtRiS3VsDMhJ6lAPPLuwt","preKeyId":2657}}},"version":"v1"}