{"_sessions":{"BYT5oiq3qj7CZLhPBFPjxTplFJPYdVBCXgpI5Pl4IIs0":{"registrationId":459254236,"currentRatchet":{"ephemeralKeyPair":{"pubKey":"BalWzX4OcpNo1JdJ5b0KX2dMVE0uwGNRyiXDZKT/Kb89","privKey":"8MlAxtJkUOyFFXD3O6MVHV0AOStKTTf/GF0NJ3LvDkM="},"lastRemoteEphemeralKey":"BR02U3fvE2tPSTCI33C45NfWbVSdWfpJok1r8nBEGwd/","previousCounter":0,"rootKey":"pfTZaS64DcLqFx5rMJzR+7agGQubC1s3oEzlDbN7LEA="},"indexInfo":{"baseKey":"BYT5oiq3qj7CZLhPBFPjxTplFJPYdVBCXgpI5Pl4IIs0","baseKeyType":1,"closed":-1,"used":1746714525599,"created":1746714525599,"remoteIdentityKey":"BSfEUd56kTNccWTnyCK0juS5OgnQ9rgOxgAAMdb6OPV+"},"_chains":{"BalWzX4OcpNo1JdJ5b0KX2dMVE0uwGNRyiXDZKT/Kb89":{"chainKey":{"counter":0,"key":"4JUWhUD8Uu2kw7Cb1uoejqYaCog5ZHNkRjfOXWYmN30="},"chainType":1,"messageKeys":{}}},"pendingPreKey":{"signedKeyId":9,"baseKey":"BYT5oiq3qj7CZLhPBFPjxTplFJPYdVBCXgpI5Pl4IIs0","preKeyId":6139458}}},"version":"v1"}