{"_sessions":{"BSUA0A3lbemYbhOcN163NC6unP3LrTMG00SQFjrytT1X":{"registrationId":1307500475,"currentRatchet":{"ephemeralKeyPair":{"pubKey":"BarzXA6iwc/zHGshWZjl88JCn2JAOwbd4vYtRxuox7lV","privKey":"sJvDw10mogDFnDJlRveoO+uAOKn+sEj24NXwVlGL9EY="},"lastRemoteEphemeralKey":"BQM6g6zJxQ84jiKgNOuVPe9QN6FkgNS809avSleWLVoY","previousCounter":0,"rootKey":"XF9b2F8JlBk8xvhZXfk7k7GdlG6ffM40NWvaYVET79U="},"indexInfo":{"baseKey":"BSUA0A3lbemYbhOcN163NC6unP3LrTMG00SQFjrytT1X","baseKeyType":1,"closed":1746721099470,"used":1746721069270,"created":1746721069270,"remoteIdentityKey":"BQs47DMlVfxLxmP+GkG8lFpc9rt3o+uq1Xa4b5j+zGsz"},"_chains":{"BarzXA6iwc/zHGshWZjl88JCn2JAOwbd4vYtRxuox7lV":{"chainKey":{"counter":0,"key":"nrYbJksnYN+T2pgUOs7d0tiake00qc0TCoeRrF9FBts="},"chainType":1,"messageKeys":{}}},"pendingPreKey":{"signedKeyId":10,"baseKey":"BSUA0A3lbemYbhOcN163NC6unP3LrTMG00SQFjrytT1X","preKeyId":14312888}},"BdRYX8osBJicv0r1R35CtRHKAuJdGlqs4VIJ4qmz6Bth":{"registrationId":1307500475,"currentRatchet":{"ephemeralKeyPair":{"pubKey":"BQAvBrM4L2j1zdgJ4qQBfUX60yzdgcY8wZBmYuO3/NoW","privKey":"wD5gXP9WIRNQu5s+QVOUAIhkq+iU6jtG2cnkCtrqIF4="},"lastRemoteEphemeralKey":"BQM6g6zJxQ84jiKgNOuVPe9QN6FkgNS809avSleWLVoY","previousCounter":0,"rootKey":"jM8CJP21FRRx5YdJn7cYipy6bLkQHm+PrMS2EOvuTCA="},"indexInfo":{"baseKey":"BdRYX8osBJicv0r1R35CtRHKAuJdGlqs4VIJ4qmz6Bth","baseKeyType":1,"closed":-1,"used":1746721098923,"created":1746721098923,"remoteIdentityKey":"BQs47DMlVfxLxmP+GkG8lFpc9rt3o+uq1Xa4b5j+zGsz"},"_chains":{"BQAvBrM4L2j1zdgJ4qQBfUX60yzdgcY8wZBmYuO3/NoW":{"chainKey":{"counter":2,"key":"O5Hqep2IcRBa/jSlkjgkgYouJj/FMN6kSYyH+Md3Vro="},"chainType":1,"messageKeys":{}}},"pendingPreKey":{"signedKeyId":10,"baseKey":"BdRYX8osBJicv0r1R35CtRHKAuJdGlqs4VIJ4qmz6Bth","preKeyId":14312392}}},"version":"v1"}