{"_sessions":{"BegeoOacVL1xQL82ujdhIICmmyIfiRojBzriHN8PPW1l":{"registrationId":399003660,"currentRatchet":{"ephemeralKeyPair":{"pubKey":"BfF9uHMN3i71+q2nxv73VSMmL6k93lZNXpJOkByaIgRH","privKey":"0NdVt0uerf7y4icns9Ogg3sMGovo9BcKwkw5W6LO1lU="},"lastRemoteEphemeralKey":"BeUv+MCfJ/TtT1/W9xxjnK83RhgDX/ZFRHRO5snq4dYg","previousCounter":0,"rootKey":"od24DpYznKIgLxFVrIW/I9qKuKVs8NfxuPGOWbSqYmQ="},"indexInfo":{"baseKey":"BegeoOacVL1xQL82ujdhIICmmyIfiRojBzriHN8PPW1l","baseKeyType":1,"closed":-1,"used":1746714532729,"created":1746714532729,"remoteIdentityKey":"BVD6UBqEdMHez32l7VoxoMJqio9dYJgPkwx4rCxUldVp"},"_chains":{"BfF9uHMN3i71+q2nxv73VSMmL6k93lZNXpJOkByaIgRH":{"chainKey":{"counter":0,"key":"iWpUrlcy6dqcuwaUruRleEQXVeoJS+FKeyZvz3yxCCQ="},"chainType":1,"messageKeys":{}}},"pendingPreKey":{"signedKeyId":1,"baseKey":"BegeoOacVL1xQL82ujdhIICmmyIfiRojBzriHN8PPW1l"}}},"version":"v1"}