{"_sessions":{"BRyFxCmwjSKMQdjdTyZa5Kh4Ln2v9h4RUUqdebkreWMw":{"registrationId":766227388,"currentRatchet":{"ephemeralKeyPair":{"pubKey":"BUDGXDXULQBXuetNimUiSYOpi3/xxaiYsL7Ymxt+E8pl","privKey":"IF7rPOxFNk4kGrJzMVYo7zYythx0wWDTcRYwCjvhPEc="},"lastRemoteEphemeralKey":"BTvZllUnNUAp15oa568uiS2ehmhgwav5zmf5VpZq+4A5","previousCounter":0,"rootKey":"p7FEhAR7aLKa7vblM9ihoUzB9WZdEmuGgNAbmtw2CHY="},"indexInfo":{"baseKey":"BRyFxCmwjSKMQdjdTyZa5Kh4Ln2v9h4RUUqdebkreWMw","baseKeyType":1,"closed":1746721099120,"used":1746721068868,"created":1746721068868,"remoteIdentityKey":"BfMUcG7Zs6+iK1cnal9xHgw86PDB3Tv7Gj9///9YgQhy"},"_chains":{"BUDGXDXULQBXuetNimUiSYOpi3/xxaiYsL7Ymxt+E8pl":{"chainKey":{"counter":0,"key":"0T6SWWHtNimCuzDA1f7x4Tqf0nKU9Hh37MQo5FiKKQg="},"chainType":1,"messageKeys":{}}},"pendingPreKey":{"signedKeyId":0,"baseKey":"BRyFxCmwjSKMQdjdTyZa5Kh4Ln2v9h4RUUqdebkreWMw"}},"BYWVTv2sF59s6uOSXsX8QO0/d+Sx59LFm0zttMEucB0g":{"registrationId":766227388,"currentRatchet":{"ephemeralKeyPair":{"pubKey":"BatztjhesqeabAryikmUCvVTG6h67L/Cd/NV9aW5YzI1","privKey":"KDrOstZ0h5YgjA4i+UHhhtIU+GU6FACivhjtIgMLPUU="},"lastRemoteEphemeralKey":"BTvZllUnNUAp15oa568uiS2ehmhgwav5zmf5VpZq+4A5","previousCounter":0,"rootKey":"qs2G4H9iZDvvUEt8rY2huBGL64km9uszZ6ibNedifgg="},"indexInfo":{"baseKey":"BYWVTv2sF59s6uOSXsX8QO0/d+Sx59LFm0zttMEucB0g","baseKeyType":1,"closed":-1,"used":1746721098568,"created":1746721098568,"remoteIdentityKey":"BfMUcG7Zs6+iK1cnal9xHgw86PDB3Tv7Gj9///9YgQhy"},"_chains":{"BatztjhesqeabAryikmUCvVTG6h67L/Cd/NV9aW5YzI1":{"chainKey":{"counter":2,"key":"7ry0vrS8JYtTUVpVtx1+0WWl0jmLJFgkEPzh5IImrQU="},"chainType":1,"messageKeys":{}}},"pendingPreKey":{"signedKeyId":0,"baseKey":"BYWVTv2sF59s6uOSXsX8QO0/d+Sx59LFm0zttMEucB0g"}}},"version":"v1"}