{"_sessions":{"BXZChuHK/vYJq1OmNv6kTRs7abf+mZvbP2qytT18IRB7":{"registrationId":1610273836,"currentRatchet":{"ephemeralKeyPair":{"pubKey":"BVQj291rZ6QiYrQtEs1x7AAFasGILPq71D9q0cv+TeUO","privKey":"YD5lpo3Itc5dramPqB4GW7IXL/+DEWH/OM6WoULFSUQ="},"lastRemoteEphemeralKey":"BfkYE0LzFh/y2Vjf4qLA+q6zr5F2f8hO1uJDUECv6+IV","previousCounter":0,"rootKey":"z53k31RYMSWULnVECJhRkQQic2Th1kJQbM0zk9LiJQU="},"indexInfo":{"baseKey":"BXZChuHK/vYJq1OmNv6kTRs7abf+mZvbP2qytT18IRB7","baseKeyType":1,"closed":-1,"used":1746714522360,"created":1746714522360,"remoteIdentityKey":"BYmpwv8iL3H5KgLQFs8w/ZhA9nw/dVSUGSbyz1NV49FO"},"_chains":{"BVQj291rZ6QiYrQtEs1x7AAFasGILPq71D9q0cv+TeUO":{"chainKey":{"counter":0,"key":"e1/+7BnKpR0+DhBm5Ok9MpGziNTWqSBWyoF6kCGz1KI="},"chainType":1,"messageKeys":{}}},"pendingPreKey":{"signedKeyId":1,"baseKey":"BXZChuHK/vYJq1OmNv6kTRs7abf+mZvbP2qytT18IRB7"}}},"version":"v1"}