{"_sessions":{"Bb5o65dJey0R/jGRBgBkbWrhS3XNKW/t6ZeiGTHn1ulR":{"registrationId":1841157692,"currentRatchet":{"ephemeralKeyPair":{"pubKey":"BQFKZFIKtiJLJRjqK3QsEpFMIlLi0IstyOTLoErf0xYd","privKey":"4LEoV8Xs5g9gInGW/5GiFvB38bZWUZ0a0IZVbFuFpEw="},"lastRemoteEphemeralKey":"BWEtFm2A3VDP4GUkNYCtwqEEuAQRhr7diRHG/bZm2CBJ","previousCounter":0,"rootKey":"wvG6cWCe9QmqXpScfiIEMmzBVhNtH+cvAbM4gkzZfpQ="},"indexInfo":{"baseKey":"Bb5o65dJey0R/jGRBgBkbWrhS3XNKW/t6ZeiGTHn1ulR","baseKeyType":1,"closed":-1,"used":1746714533007,"created":1746714533007,"remoteIdentityKey":"BUGJYvbjfChUwSAh74EBvEvwGbGi1gZXJ4eADDAPQs04"},"_chains":{"BQFKZFIKtiJLJRjqK3QsEpFMIlLi0IstyOTLoErf0xYd":{"chainKey":{"counter":0,"key":"ZCac/9vUOQyAuXEmTebLb0+galBBUASK43lSkW5fGlU="},"chainType":1,"messageKeys":{}}},"pendingPreKey":{"signedKeyId":13,"baseKey":"Bb5o65dJey0R/jGRBgBkbWrhS3XNKW/t6ZeiGTHn1ulR"}}},"version":"v1"}