{"_sessions":{"Bcuv1w92UqhE45n1nW25ePeuq7sdkUp8PdxgpXN1KCw6":{"registrationId":339027254,"currentRatchet":{"ephemeralKeyPair":{"pubKey":"BSrLNkmezjLDnVCZUcriOkm7f9Ih3smBRL39kyF+posi","privKey":"SH+prlQFpiXyf6rouST19mALOCh2DJJTrZu3vd6J8UA="},"lastRemoteEphemeralKey":"BTQKDiA+dYww03D8UZrM6Rbl4arPfMm/qZYLPisxPtpQ","previousCounter":0,"rootKey":"8PL9eFvTA2gDXxsmEoJLw1NhhFqceBr5DL3kaT4kabI="},"indexInfo":{"baseKey":"Bcuv1w92UqhE45n1nW25ePeuq7sdkUp8PdxgpXN1KCw6","baseKeyType":1,"closed":-1,"used":1746714532777,"created":1746714532777,"remoteIdentityKey":"BbcNRMi5EeBtvmX5EvzBeWPTTXppiyGQKc97TgnSZkgV"},"_chains":{"BSrLNkmezjLDnVCZUcriOkm7f9Ih3smBRL39kyF+posi":{"chainKey":{"counter":0,"key":"dHMAt07TgmgEHXPx65I3ZcOTYTTEvcpREAJcGFRz/Tg="},"chainType":1,"messageKeys":{}}},"pendingPreKey":{"signedKeyId":7,"baseKey":"Bcuv1w92UqhE45n1nW25ePeuq7sdkUp8PdxgpXN1KCw6"}}},"version":"v1"}