{"_sessions":{"BVPp65EwDeSSDLjc9yOUqbW0+KtP52o/VsDFFMpx2Vlf":{"registrationId":1505975293,"currentRatchet":{"ephemeralKeyPair":{"pubKey":"BeS4xbMBLF80I0lyQ01YG9DCqY3LXV1vWlby3Gjd1+sN","privKey":"kB3ajfMVhITu0mKIih01nu4k5Kg0mnqc7k3ZTLyRuUY="},"lastRemoteEphemeralKey":"Bc9PJX2F7BwQi88GzPDuQkblKVBajmo8KwxZqzJRsisM","previousCounter":0,"rootKey":"EBpGDQOLLQVaqgSVIuqNG+slBEyR/fLxoC6QAQ9J0po="},"indexInfo":{"baseKey":"BVPp65EwDeSSDLjc9yOUqbW0+KtP52o/VsDFFMpx2Vlf","baseKeyType":1,"closed":-1,"used":1746714539867,"created":1746714539867,"remoteIdentityKey":"BSG/wWKd2IWq3pD8rkDFYnOMOjcC4N80vtNCzKvx3UJb"},"_chains":{"BeS4xbMBLF80I0lyQ01YG9DCqY3LXV1vWlby3Gjd1+sN":{"chainKey":{"counter":0,"key":"H7kq/wM7YWs21V5nqOwY9+nw5KELgQ80WJDx4dITyNQ="},"chainType":1,"messageKeys":{}}},"pendingPreKey":{"signedKeyId":7,"baseKey":"BVPp65EwDeSSDLjc9yOUqbW0+KtP52o/VsDFFMpx2Vlf","preKeyId":3930268}}},"version":"v1"}