{"_sessions":{"BQl2VGpW6852Mres6KIDy6aAJemlHXbl7QZcWfVns8FC":{"registrationId":402398338,"currentRatchet":{"ephemeralKeyPair":{"pubKey":"BRrRh+yJ9q+R3TgSk3vS8DyBaLZrz3FatP8Y4t4QAmJ8","privKey":"KGPYHDRKj4EHHtqbD/c3GuX2k07XCjNN5MGUMSnjP18="},"lastRemoteEphemeralKey":"BSgyTfie9ew6Tg1mPL/NQtTiClp00K+t0MoeyAF8Z/wf","previousCounter":0,"rootKey":"sSPPPPjCu53fMheuZD4sE7V2UFlfKObfM+Rps5PArbE="},"indexInfo":{"baseKey":"BQl2VGpW6852Mres6KIDy6aAJemlHXbl7QZcWfVns8FC","baseKeyType":1,"closed":1746721104077,"used":1746721072843,"created":1746721072843,"remoteIdentityKey":"BW/OmKM9+QEaWKuD+P0oK4/QWkNYrJ7yx++sAqjf7Aht"},"_chains":{"BRrRh+yJ9q+R3TgSk3vS8DyBaLZrz3FatP8Y4t4QAmJ8":{"chainKey":{"counter":0,"key":"MT0QAwTEMm9cLu8/YZ4wEwwQAcTRjtWAQovBq5Jn88M="},"chainType":1,"messageKeys":{}}},"pendingPreKey":{"signedKeyId":3,"baseKey":"BQl2VGpW6852Mres6KIDy6aAJemlHXbl7QZcWfVns8FC"}},"BZIh1TtcqCIhVIRx2J9mUOFm5YHkrYhrDuji9/CiIS04":{"registrationId":402398338,"currentRatchet":{"ephemeralKeyPair":{"pubKey":"BZ448AcJDotkFAstCf5PX+oTVzVXHbJkUu5+nehqS7UW","privKey":"SEOOcffw9nzsmzTuuqA5coM1lGarvWiZNf8QGu2FO1w="},"lastRemoteEphemeralKey":"BSgyTfie9ew6Tg1mPL/NQtTiClp00K+t0MoeyAF8Z/wf","previousCounter":0,"rootKey":"jb/txPzYFG+1/7GBOU8kNDdNn3umCWHLv9eysgz3rVQ="},"indexInfo":{"baseKey":"BZIh1TtcqCIhVIRx2J9mUOFm5YHkrYhrDuji9/CiIS04","baseKeyType":1,"closed":-1,"used":1746721103705,"created":1746721103705,"remoteIdentityKey":"BW/OmKM9+QEaWKuD+P0oK4/QWkNYrJ7yx++sAqjf7Aht"},"_chains":{"BZ448AcJDotkFAstCf5PX+oTVzVXHbJkUu5+nehqS7UW":{"chainKey":{"counter":2,"key":"uC1QwfUDnQ4ZN5yNQa3M+iWYvmXNoudhHEOrnS7EJo8="},"chainType":1,"messageKeys":{}}},"pendingPreKey":{"signedKeyId":3,"baseKey":"BZIh1TtcqCIhVIRx2J9mUOFm5YHkrYhrDuji9/CiIS04"}}},"version":"v1"}