{"_sessions":{"BV6YkI3K9EouZ5EEP0EkqN84HcwvvbQo7gNi1nXSEalu":{"registrationId":1546585633,"currentRatchet":{"ephemeralKeyPair":{"pubKey":"BWPQnN+BDavBb+aCAuGKwrDmfTLu22PG+hCykTOyZAoE","privKey":"SPlOxRVT8qi/Nx5PgnhNshkKBwPfktz60RxHmfsS2EQ="},"lastRemoteEphemeralKey":"Bab04n39QFhv/Gly16qmyE/3DaR8pnuhPpDb1ns2t/op","previousCounter":0,"rootKey":"lQfgir3ypvDbkICpqQoBbtXRErvrA3f/ULHYNuy/fUg="},"indexInfo":{"baseKey":"BV6YkI3K9EouZ5EEP0EkqN84HcwvvbQo7gNi1nXSEalu","baseKeyType":1,"closed":-1,"used":1746714522290,"created":1746714522290,"remoteIdentityKey":"BXhFeK1tAwGau0nx5qOwpUkkvqQI6mIa185IBk43N+UW"},"_chains":{"BWPQnN+BDavBb+aCAuGKwrDmfTLu22PG+hCykTOyZAoE":{"chainKey":{"counter":0,"key":"FfccBzlcGfe81uAxQcVtjNFU5KRyynCugOGs47gccXM="},"chainType":1,"messageKeys":{}}},"pendingPreKey":{"signedKeyId":5,"baseKey":"BV6YkI3K9EouZ5EEP0EkqN84HcwvvbQo7gNi1nXSEalu","preKeyId":4536529}}},"version":"v1"}