{"_sessions":{"BdWi0j5ys+wtt5bjjSJeFIcGKvDz49ks3vMPaM3QLCVv":{"registrationId":2082522693,"currentRatchet":{"ephemeralKeyPair":{"pubKey":"BffVvBLBLVYrG/PJsOlhDjLpHgGtGgGrGCd36gxEhb8W","privKey":"UMAjkKI+pXPmoW1egLHVWaTCzEurMLCoVVmwpVOFxXc="},"lastRemoteEphemeralKey":"BWWcQXZOKmKH3iZwbjULnHBH27dL2+T9mg8ryQoRrr4c","previousCounter":0,"rootKey":"9UVho4GUdz/rq4d3lB7c3xdbMSkT9AMN/Ygls3krsgA="},"indexInfo":{"baseKey":"BdWi0j5ys+wtt5bjjSJeFIcGKvDz49ks3vMPaM3QLCVv","baseKeyType":1,"closed":1746721104106,"used":1746721072937,"created":1746721072937,"remoteIdentityKey":"BbSt5RQM7Cz6oNbX8rBqf272uuIgqnqPfu0udez3iLwr"},"_chains":{"BffVvBLBLVYrG/PJsOlhDjLpHgGtGgGrGCd36gxEhb8W":{"chainKey":{"counter":0,"key":"BbnUZYeCfRs/zxNaWr6jLKXv6ZgIoVPhwhkDz/CV1Wg="},"chainType":1,"messageKeys":{}}},"pendingPreKey":{"signedKeyId":6,"baseKey":"BdWi0j5ys+wtt5bjjSJeFIcGKvDz49ks3vMPaM3QLCVv","preKeyId":13117772}},"BcnhPXcJ65Xl6NtankspXmsdi+7Axyqc4OQJrVwLX11Q":{"registrationId":2082522693,"currentRatchet":{"ephemeralKeyPair":{"pubKey":"BQ7+9KcdahthV7iM7RDt6581nDrbgtzmhMW1s4ILlsAL","privKey":"+EilSjOow0o4ng6sG93kRwbQJob5d8rCBtnZpd1Wn0M="},"lastRemoteEphemeralKey":"BWWcQXZOKmKH3iZwbjULnHBH27dL2+T9mg8ryQoRrr4c","previousCounter":0,"rootKey":"rxVVDJiulBCE6oC0JaxKeOaxDneUF2IRbGgkVP39ZRo="},"indexInfo":{"baseKey":"BcnhPXcJ65Xl6NtankspXmsdi+7Axyqc4OQJrVwLX11Q","baseKeyType":1,"closed":-1,"used":1746721103849,"created":1746721103849,"remoteIdentityKey":"BbSt5RQM7Cz6oNbX8rBqf272uuIgqnqPfu0udez3iLwr"},"_chains":{"BQ7+9KcdahthV7iM7RDt6581nDrbgtzmhMW1s4ILlsAL":{"chainKey":{"counter":2,"key":"VF5zwEzUfjnt20imIykH/IH7DfE8gaaltJ6qyuIjbyo="},"chainType":1,"messageKeys":{}}},"pendingPreKey":{"signedKeyId":6,"baseKey":"BcnhPXcJ65Xl6NtankspXmsdi+7Axyqc4OQJrVwLX11Q","preKeyId":13117234}}},"version":"v1"}