{"_sessions":{"BWpFQQck7grVlZXFBnmKq3MgEr2LeXRgO7nWi3YlG1E3":{"registrationId":1328904546,"currentRatchet":{"ephemeralKeyPair":{"pubKey":"BcCjTq40rCKIYhyZ0JCBB+NdGOobeY6p9ea/JqR24+Vc","privKey":"wE6J8x1I53ZG0HqLqOPN0pxEwYV/8KIEpHyn1feozm8="},"lastRemoteEphemeralKey":"BaDbsWeolATedX3IWXGPDP1SCsKYEyspYxFFxsSUrKgc","previousCounter":0,"rootKey":"ol3shEMMmlRmA5ZcZulIno843gGYu2L9pcfZx965Rzg="},"indexInfo":{"baseKey":"BWpFQQck7grVlZXFBnmKq3MgEr2LeXRgO7nWi3YlG1E3","baseKeyType":1,"closed":1746721122198,"used":1746721090355,"created":1746721090355,"remoteIdentityKey":"BT6RzUz1H7p8FKtuJHsmi/PEQPABipC9+yLjaREB7Itq"},"_chains":{"BcCjTq40rCKIYhyZ0JCBB+NdGOobeY6p9ea/JqR24+Vc":{"chainKey":{"counter":0,"key":"wXqjsXtinExiSXbKFjAe3Y2BuOD1XETwGO57zCUi5XQ="},"chainType":1,"messageKeys":{}}},"pendingPreKey":{"signedKeyId":1,"baseKey":"BWpFQQck7grVlZXFBnmKq3MgEr2LeXRgO7nWi3YlG1E3","preKeyId":8554874}},"Bd/X4KKhjwimOU9F6wTzG7Do4fvYbLXA9wYhNZTrPwZ/":{"registrationId":1328904546,"currentRatchet":{"ephemeralKeyPair":{"pubKey":"Baqt7P0ikUUtR1xEDlhQuxO5XYLWNDysEUIqlyHInCZk","privKey":"uN6G6XOg8T4+2Xa+7mkcMxV/OlAYVwtB8fUrf0sebGY="},"lastRemoteEphemeralKey":"BaDbsWeolATedX3IWXGPDP1SCsKYEyspYxFFxsSUrKgc","previousCounter":0,"rootKey":"q8IVdIgbT6v0LG0ABjC4n4vY9p4Z0QCK4i7/twrzwPk="},"indexInfo":{"baseKey":"Bd/X4KKhjwimOU9F6wTzG7Do4fvYbLXA9wYhNZTrPwZ/","baseKeyType":1,"closed":-1,"used":1746721121675,"created":1746721121675,"remoteIdentityKey":"BT6RzUz1H7p8FKtuJHsmi/PEQPABipC9+yLjaREB7Itq"},"_chains":{"Baqt7P0ikUUtR1xEDlhQuxO5XYLWNDysEUIqlyHInCZk":{"chainKey":{"counter":2,"key":"x2V1U3Iz2DTfVMQEfDf80VchCpt648GwbdeCB0dE/+Q="},"chainType":1,"messageKeys":{}}},"pendingPreKey":{"signedKeyId":1,"baseKey":"Bd/X4KKhjwimOU9F6wTzG7Do4fvYbLXA9wYhNZTrPwZ/","preKeyId":8554786}}},"version":"v1"}