{"_sessions":{"BW6yg9ROGczxsxbFwBj7DVQ7MWlGop6PGepZBVQrgjsx":{"registrationId":239187675,"currentRatchet":{"ephemeralKeyPair":{"pubKey":"BVdqBY/t1eEnxmS/foLsc4uiI6qZF/V58L5HqUzuW0xl","privKey":"yI0/62ID9qRZ5xy3+Rt6pggrIqpeG2eH2pleBq0K7UU="},"lastRemoteEphemeralKey":"BW1GMIrAd0mjBycJxVTBjvmtK03Qfetw0heCl6qYrcNe","previousCounter":0,"rootKey":"8PCnxpE2AyQ1Qjwohk0UxESvM6xYY9xM3MH5ZCTb68I="},"indexInfo":{"baseKey":"BW6yg9ROGczxsxbFwBj7DVQ7MWlGop6PGepZBVQrgjsx","baseKeyType":2,"closed":-1,"used":1746884619073,"created":1746884619073,"remoteIdentityKey":"BWVy02ES3ZaPjtO/eG6lME/HGflXVcgbpdw1lpD8wT03"},"_chains":{"BW1GMIrAd0mjBycJxVTBjvmtK03Qfetw0heCl6qYrcNe":{"chainKey":{"counter":0,"key":"ePPEfou3LnHp2gkOh+SObgwePXfRicN7O96tzTN7/wg="},"chainType":2,"messageKeys":{}},"BVdqBY/t1eEnxmS/foLsc4uiI6qZF/V58L5HqUzuW0xl":{"chainKey":{"counter":-1,"key":"r0cNovnVEQisjp04xxjjl3VxgXO5K3bA1L8HhONeRic="},"chainType":1,"messageKeys":{}}}}},"version":"v1"}