{"_sessions":{"BSApMjRZg5v5gtIQU/Gk0z0FBp+XnOGR29u8TTmQmisK":{"registrationId":620760724,"currentRatchet":{"ephemeralKeyPair":{"pubKey":"BYaeZve4btR4HOMAOeDLL88C9ynPGiOe7WRrNb89r7x5","privKey":"oBy4KyHGiSgVQKgu9avmJFXvDKAScXFwlOTW3G7ZYn8="},"lastRemoteEphemeralKey":"BUUR5vmjLseS+QckwryyaBrP+cD5Mev2W/KtlLsEKd5U","previousCounter":0,"rootKey":"jZMUI5lE57e1UTQMY7Ksz+MZcEF6kaiaLicyg8Vaas8="},"indexInfo":{"baseKey":"BSApMjRZg5v5gtIQU/Gk0z0FBp+XnOGR29u8TTmQmisK","baseKeyType":1,"closed":1746721104054,"used":1746721072772,"created":1746721072772,"remoteIdentityKey":"BTfxhYE1BRB3tqLaE4eqR8RzOY/0pIQ8q6xctQKxM3hk"},"_chains":{"BYaeZve4btR4HOMAOeDLL88C9ynPGiOe7WRrNb89r7x5":{"chainKey":{"counter":0,"key":"sem3mNvrsXXAY4fzPOzXPF4wOtbtrEUhBrWige5DjDU="},"chainType":1,"messageKeys":{}}},"pendingPreKey":{"signedKeyId":6,"baseKey":"BSApMjRZg5v5gtIQU/Gk0z0FBp+XnOGR29u8TTmQmisK","preKeyId":7082043}},"Be1eeMe5Ije7Xx4ZYTNBVT3TxP/l4sZt6g+39fS5J5Zo":{"registrationId":620760724,"currentRatchet":{"ephemeralKeyPair":{"pubKey":"BV1mw5Zp9nIwB7M95CME8umtFXq84W/vY2ghY2as+V1x","privKey":"wMPP6REQBPThJgBceMYdMUmuwdZydGK7wOXNMd0KGVA="},"lastRemoteEphemeralKey":"BUUR5vmjLseS+QckwryyaBrP+cD5Mev2W/KtlLsEKd5U","previousCounter":0,"rootKey":"ooR3Y9hT3kv9FoIqphXeHHkyl1ryDpRymAvq10jriNA="},"indexInfo":{"baseKey":"Be1eeMe5Ije7Xx4ZYTNBVT3TxP/l4sZt6g+39fS5J5Zo","baseKeyType":1,"closed":-1,"used":1746721103613,"created":1746721103613,"remoteIdentityKey":"BTfxhYE1BRB3tqLaE4eqR8RzOY/0pIQ8q6xctQKxM3hk"},"_chains":{"BV1mw5Zp9nIwB7M95CME8umtFXq84W/vY2ghY2as+V1x":{"chainKey":{"counter":2,"key":"d8g7c09U9JmTLCZty8xwahi1wyNa0CfirIoW2RdOx9w="},"chainType":1,"messageKeys":{}}},"pendingPreKey":{"signedKeyId":6,"baseKey":"Be1eeMe5Ije7Xx4ZYTNBVT3TxP/l4sZt6g+39fS5J5Zo","preKeyId":7082133}}},"version":"v1"}