{"_sessions":{"BR3v6cSrihvm9/ZKU00RrQ089buF98qDomZWQaD9kIpi":{"registrationId":1010435337,"currentRatchet":{"ephemeralKeyPair":{"pubKey":"BcMKvZK/x0prajuw+V0uOpKLBXa5B30MEEuktDuEZI47","privKey":"0EEqI/PHGUavPQT6h4FP9511kPuNndpLL7AYtnGA9E8="},"lastRemoteEphemeralKey":"BesFhMc+uYJgkxlRAwSuDKz7K5kKYaPJPmy0nf/fWO0n","previousCounter":0,"rootKey":"yHjuLC6sJ7WBzYgu7InZNfL0j7wQlXkNZA0XpOU7fzk="},"indexInfo":{"baseKey":"BR3v6cSrihvm9/ZKU00RrQ089buF98qDomZWQaD9kIpi","baseKeyType":1,"closed":1746721114780,"used":1746721083782,"created":1746721083782,"remoteIdentityKey":"Bdw7SQipwRbN7mKsY9sw0p6v/clhVdhg1JzXQce71Rgc"},"_chains":{"BcMKvZK/x0prajuw+V0uOpKLBXa5B30MEEuktDuEZI47":{"chainKey":{"counter":0,"key":"sR78TFR1/s6Lk1vroZhTMCKm7qxT6h4BfalLgJLLBGU="},"chainType":1,"messageKeys":{}}},"pendingPreKey":{"signedKeyId":2,"baseKey":"BR3v6cSrihvm9/ZKU00RrQ089buF98qDomZWQaD9kIpi","preKeyId":1201006}},"Bd39lB1KvCuOsjH9nxT93lx4dht5Ic64i76mZkXOctMk":{"registrationId":1010435337,"currentRatchet":{"ephemeralKeyPair":{"pubKey":"BdtQ0Rx12PhCXj5sgtdVHarcdsztAMho8Ja1/+UgfsEg","privKey":"WC4oqeZKvQIeKzb5ETe6zLgVT0pE3C5iiSRSRyDfI2U="},"lastRemoteEphemeralKey":"BesFhMc+uYJgkxlRAwSuDKz7K5kKYaPJPmy0nf/fWO0n","previousCounter":0,"rootKey":"jAbGliXFDKpwW0CdqqBej+Kdxdod31qGNSwxM4DA0jc="},"indexInfo":{"baseKey":"Bd39lB1KvCuOsjH9nxT93lx4dht5Ic64i76mZkXOctMk","baseKeyType":1,"closed":-1,"used":1746721114554,"created":1746721114554,"remoteIdentityKey":"Bdw7SQipwRbN7mKsY9sw0p6v/clhVdhg1JzXQce71Rgc"},"_chains":{"BdtQ0Rx12PhCXj5sgtdVHarcdsztAMho8Ja1/+UgfsEg":{"chainKey":{"counter":2,"key":"bc61hIqnlQZaa+UidQ5gJMr+fQX2K8uEuPnQGdeBVXE="},"chainType":1,"messageKeys":{}}},"pendingPreKey":{"signedKeyId":2,"baseKey":"Bd39lB1KvCuOsjH9nxT93lx4dht5Ic64i76mZkXOctMk","preKeyId":1201485}}},"version":"v1"}