{"_sessions":{"BSOCyk8WDVn9OGCwDFFvqrsPINAAQf5cYsKE0TDxqS9d":{"registrationId":381437046,"currentRatchet":{"ephemeralKeyPair":{"pubKey":"BQo0Usx5KgGSKiWuYvp6rI4C7uqLc+l/LOoGKgz9I3lB","privKey":"uGk1rGROjbqkew1gxJj4MWrs0g7ahPaZXXdI90m03UU="},"lastRemoteEphemeralKey":"BQ8cSzoG/wHp61i/ULuFyi9aJO4UqsS4TT84XsLGLNxL","previousCounter":0,"rootKey":"/NwDWHH3iddQZrSwQ99fzD8SAGia/3Scmw1dHdiawhM="},"indexInfo":{"baseKey":"BSOCyk8WDVn9OGCwDFFvqrsPINAAQf5cYsKE0TDxqS9d","baseKeyType":1,"closed":1746721099172,"used":1746721068960,"created":1746721068960,"remoteIdentityKey":"BQlAuWCA4XcHK8v0cP6pvj7w/NKjpUp86jEgGQmy5eZq"},"_chains":{"BQo0Usx5KgGSKiWuYvp6rI4C7uqLc+l/LOoGKgz9I3lB":{"chainKey":{"counter":0,"key":"YCsbgkosZdAYFRS1lwF1ft2Kvzw72CnQVnofi+6umaE="},"chainType":1,"messageKeys":{}}},"pendingPreKey":{"signedKeyId":1,"baseKey":"BSOCyk8WDVn9OGCwDFFvqrsPINAAQf5cYsKE0TDxqS9d"}},"BZUfBem/kZirFGo5E1YeCu8PPVYyj7VpenQi4RY5dgd/":{"registrationId":381437046,"currentRatchet":{"ephemeralKeyPair":{"pubKey":"BQw3L3IxtpyA4XI8F5xkJTI2NdOTnKf2qO41lJKrULxa","privKey":"sN4PNr3bdIiKZ0vxoBzQhd38bPwCTSka4CaM8NIjLHY="},"lastRemoteEphemeralKey":"BQ8cSzoG/wHp61i/ULuFyi9aJO4UqsS4TT84XsLGLNxL","previousCounter":0,"rootKey":"XJwZpk4DfTOr/w9mVFPevE+C76MVFCIcIi3Ivp1rN4M="},"indexInfo":{"baseKey":"BZUfBem/kZirFGo5E1YeCu8PPVYyj7VpenQi4RY5dgd/","baseKeyType":1,"closed":-1,"used":1746721098642,"created":1746721098642,"remoteIdentityKey":"BQlAuWCA4XcHK8v0cP6pvj7w/NKjpUp86jEgGQmy5eZq"},"_chains":{"BQw3L3IxtpyA4XI8F5xkJTI2NdOTnKf2qO41lJKrULxa":{"chainKey":{"counter":2,"key":"qqG/9mcblvtqtHnIqlyMu7d3yw9HGKDR6POchfRYV3o="},"chainType":1,"messageKeys":{}}},"pendingPreKey":{"signedKeyId":1,"baseKey":"BZUfBem/kZirFGo5E1YeCu8PPVYyj7VpenQi4RY5dgd/"}}},"version":"v1"}