{"_sessions":{"BVRzMqeBsqKtUYVImmtH8B/TBcO6x8XwWGqxXnL9o6Ne":{"registrationId":331632041,"currentRatchet":{"ephemeralKeyPair":{"pubKey":"BRWHCp+fqwIiFWs2tBY9CDnY4Rf37U0vGQ8Qas5jOhhB","privKey":"0ArKx4KPDubIFnx/CLzvgURMFC9rhIXSguaxXpRO11o="},"lastRemoteEphemeralKey":"BZU6y/0L2XSRO/5hMktiRagdR5TKMtrwKZbS967lHQte","previousCounter":0,"rootKey":"2FgMhOLkvRgYjm9kC+8/FrtzvvJFJEy0RsIJQ711J4c="},"indexInfo":{"baseKey":"BVRzMqeBsqKtUYVImmtH8B/TBcO6x8XwWGqxXnL9o6Ne","baseKeyType":1,"closed":-1,"used":1746714543492,"created":1746714543492,"remoteIdentityKey":"BVoClBZcmo8uxL50CEPG89J3JMIiHDGaI0lp1SFvkKZC"},"_chains":{"BRWHCp+fqwIiFWs2tBY9CDnY4Rf37U0vGQ8Qas5jOhhB":{"chainKey":{"counter":0,"key":"xMsWuYBm6Uc14uHad+kr+XQe0ofNeToPKX2dnXbSOp4="},"chainType":1,"messageKeys":{}}},"pendingPreKey":{"signedKeyId":2,"baseKey":"BVRzMqeBsqKtUYVImmtH8B/TBcO6x8XwWGqxXnL9o6Ne","preKeyId":8677954}}},"version":"v1"}