{"_sessions":{"BeoRDc2T0WVdYl35AXudH+XbYJKH9kJm0S5r1pRd4vJU":{"registrationId":1825553367,"currentRatchet":{"ephemeralKeyPair":{"pubKey":"BZtCenswgpoIACP4VsRSLevmhQ5G6r5xmCWzXDBwfUgS","privKey":"YFTYgnw4QMrTgUQIgoJonxMI3AvPUfWfpmRPGdAhPG0="},"lastRemoteEphemeralKey":"Ba24Ub9v8wFv98Mz7pfASPlzvxE7ZTpZGnsltSTbLgUj","previousCounter":0,"rootKey":"WRJUv7UdVcqBmlNXSku5lg6uObyT8iZPAsjYoVTm9o4="},"indexInfo":{"baseKey":"BeoRDc2T0WVdYl35AXudH+XbYJKH9kJm0S5r1pRd4vJU","baseKeyType":1,"closed":-1,"used":1746714529240,"created":1746714529240,"remoteIdentityKey":"Bd5S+UDAGffxVJ0wwCapCdNgw5vZXEjC+pRiXl4VtgFh"},"_chains":{"BZtCenswgpoIACP4VsRSLevmhQ5G6r5xmCWzXDBwfUgS":{"chainKey":{"counter":0,"key":"mdstlMFjHFaIzp50lBNJw1WGHGm7Tr3KJtk1LdQfLG0="},"chainType":1,"messageKeys":{}}},"pendingPreKey":{"signedKeyId":3,"baseKey":"BeoRDc2T0WVdYl35AXudH+XbYJKH9kJm0S5r1pRd4vJU","preKeyId":11423849}}},"version":"v1"}