{"_sessions":{"BcdghZtASh7PhFV7kviJDLyuKYWvfl6gPK0zWVN1rHIq":{"registrationId":674514405,"currentRatchet":{"ephemeralKeyPair":{"pubKey":"Bcr0TUUQPuqHH5Gkx5vhKnzIM0EVuZkpqOkoYZujuDAw","privKey":"OFnbUQi+OkzHqm71zzXvkgmNOrkmkX+69pPz/gb1pVw="},"lastRemoteEphemeralKey":"BcI2uqA3pR9Dha+RVyqrgdhlmhnKKZZpzHCcll8YcoMa","previousCounter":0,"rootKey":"/BZiudZS1DKRAES/qdkii0e+aZ/e9gTCetXgWKr9z8I="},"indexInfo":{"baseKey":"BcdghZtASh7PhFV7kviJDLyuKYWvfl6gPK0zWVN1rHIq","baseKeyType":1,"closed":1746721111336,"used":1746721080113,"created":1746721080113,"remoteIdentityKey":"BbuhiJBNq4lL2xuPj1V7fs9uGl/gP00ZUlipb72C2xBO"},"_chains":{"Bcr0TUUQPuqHH5Gkx5vhKnzIM0EVuZkpqOkoYZujuDAw":{"chainKey":{"counter":0,"key":"fOeQt64Q5BViAXrZ8IJy0bsUOzbqsRaPA69l5FPzAno="},"chainType":1,"messageKeys":{}}},"pendingPreKey":{"signedKeyId":6,"baseKey":"BcdghZtASh7PhFV7kviJDLyuKYWvfl6gPK0zWVN1rHIq"}},"BejRwZKtW94YBNPlZCWI/kQBCCjEzVsfkxmvJDl8OTtu":{"registrationId":674514405,"currentRatchet":{"ephemeralKeyPair":{"pubKey":"BY3DvFOEoTnsyK4JqnMrpCliPv+mEb499UzvITFzIY0V","privKey":"2IlZhDQcIAjnIcT0wL9JiXBN1RApYid+tWwKK4638Xk="},"lastRemoteEphemeralKey":"BcI2uqA3pR9Dha+RVyqrgdhlmhnKKZZpzHCcll8YcoMa","previousCounter":0,"rootKey":"zPEioez9/dSn/n84TxfimYEOBAQzud89l5wwlzhItL8="},"indexInfo":{"baseKey":"BejRwZKtW94YBNPlZCWI/kQBCCjEzVsfkxmvJDl8OTtu","baseKeyType":1,"closed":-1,"used":1746721111053,"created":1746721111053,"remoteIdentityKey":"BbuhiJBNq4lL2xuPj1V7fs9uGl/gP00ZUlipb72C2xBO"},"_chains":{"BY3DvFOEoTnsyK4JqnMrpCliPv+mEb499UzvITFzIY0V":{"chainKey":{"counter":2,"key":"XLyOk7sLHu7TlZBNz+fcGkP/dgIsaZxzaIvgJKQ0mGE="},"chainType":1,"messageKeys":{}}},"pendingPreKey":{"signedKeyId":6,"baseKey":"BejRwZKtW94YBNPlZCWI/kQBCCjEzVsfkxmvJDl8OTtu"}}},"version":"v1"}