{"_sessions":{"BUB6Ocd70eR/cZKN3CQcae0qRTDvnIK9OdxoWC1jJpZQ":{"registrationId":413541952,"currentRatchet":{"ephemeralKeyPair":{"pubKey":"BcxjxWvy18sqrjyMgBfDT1i46P/qCjt/rLsU7Cof0yZT","privKey":"EEgRYVTBUq9f1t/ZNm0Mp3Ppp1dWGqe748AxqVB2o3Q="},"lastRemoteEphemeralKey":"BUM792FKX/uqiBrR/F/J6cItQXRLuB3LlVF9vMC0Od8i","previousCounter":0,"rootKey":"3g0+94MIEBXWvkHlbhyR/wcgK0YepuRRLK4aUbWNAQQ="},"indexInfo":{"baseKey":"BUB6Ocd70eR/cZKN3CQcae0qRTDvnIK9OdxoWC1jJpZQ","baseKeyType":1,"closed":-1,"used":1746714522064,"created":1746714522064,"remoteIdentityKey":"BQ24INEoxPb4S2fqDJBcnEMr2zLhloTA2+cF/RVdTFAC"},"_chains":{"BcxjxWvy18sqrjyMgBfDT1i46P/qCjt/rLsU7Cof0yZT":{"chainKey":{"counter":0,"key":"zv+8/JZGEcijBWOdayhNp725nZzDffN9p+hmElGEChA="},"chainType":1,"messageKeys":{}}},"pendingPreKey":{"signedKeyId":1,"baseKey":"BUB6Ocd70eR/cZKN3CQcae0qRTDvnIK9OdxoWC1jJpZQ"}}},"version":"v1"}