{"_sessions":{"BTA/aflTlD+mKLY+KHPQ4Q4/sUcnGkVref99j7GtNDgx":{"registrationId":1514466828,"currentRatchet":{"ephemeralKeyPair":{"pubKey":"BcJYMjzvhis2VA7J/BpShBvvVjkoZorAxa8nqJsK8K9G","privKey":"GMY+kT2HzI1E/0cGecsY4Ivobt/X62uAamOi+xC+vlQ="},"lastRemoteEphemeralKey":"BeopQFAEkmwYGCSYqnXzeOD5iHYDlur0ACyM2CVrbQEk","previousCounter":0,"rootKey":"2rJXSpl04sktMe8h6N/CB4uZAVGLQf5tQm9Ns2SsDGA="},"indexInfo":{"baseKey":"BTA/aflTlD+mKLY+KHPQ4Q4/sUcnGkVref99j7GtNDgx","baseKeyType":1,"closed":1746721111320,"used":1746721080025,"created":1746721080025,"remoteIdentityKey":"BbiBhPI1/wf9BrKHgiMjXI43o7G0R+UIEecY28A2b/dk"},"_chains":{"BcJYMjzvhis2VA7J/BpShBvvVjkoZorAxa8nqJsK8K9G":{"chainKey":{"counter":0,"key":"NCBy2N87pJrRRNhG9WExBvIUgrmXSmVcVnA24vS6uNI="},"chainType":1,"messageKeys":{}}},"pendingPreKey":{"signedKeyId":6,"baseKey":"BTA/aflTlD+mKLY+KHPQ4Q4/sUcnGkVref99j7GtNDgx","preKeyId":15618039}},"BR0OVohxkyOvhFHUXu5j7zjmcI01oTbj1Tjpz+RYxUI+":{"registrationId":1514466828,"currentRatchet":{"ephemeralKeyPair":{"pubKey":"Bdaa4UuJUbhr/7q5tlJrF9P9hvak5uUM+REdLGt/M0Qh","privKey":"+K99mPgnttnpC2Qaoa/6j8i0GAKmX0YnmyBT2eA9yG0="},"lastRemoteEphemeralKey":"BeopQFAEkmwYGCSYqnXzeOD5iHYDlur0ACyM2CVrbQEk","previousCounter":0,"rootKey":"vm7cISzBK77q+VUcZ45132dP/wRUkqtXc/AU7rudwSo="},"indexInfo":{"baseKey":"BR0OVohxkyOvhFHUXu5j7zjmcI01oTbj1Tjpz+RYxUI+","baseKeyType":1,"closed":-1,"used":1746721110971,"created":1746721110971,"remoteIdentityKey":"BbiBhPI1/wf9BrKHgiMjXI43o7G0R+UIEecY28A2b/dk"},"_chains":{"Bdaa4UuJUbhr/7q5tlJrF9P9hvak5uUM+REdLGt/M0Qh":{"chainKey":{"counter":2,"key":"1wumt5ba7MP6E/D9Qb1DZ5C1p1KHvDlVLxQtrdW88Ck="},"chainType":1,"messageKeys":{}}},"pendingPreKey":{"signedKeyId":6,"baseKey":"BR0OVohxkyOvhFHUXu5j7zjmcI01oTbj1Tjpz+RYxUI+","preKeyId":15618020}}},"version":"v1"}