{"_sessions":{"BWlIieBZs0rEhYH2no0KbcEOtyc13gDZ8IzddQN98YMC":{"registrationId":2045084983,"currentRatchet":{"ephemeralKeyPair":{"pubKey":"BaD2op3kAjV21scAy7ah22aeKmEiZmvXH2mayW8NUb0j","privKey":"GMVLZ5ioMZ5Fu4/87DNOtgUw65ucKzKhBKJXqugNfEc="},"lastRemoteEphemeralKey":"BfWKL13gpH1SOX5Jt51Dz0zKAPmN/1ce8g/y7iE6O69g","previousCounter":0,"rootKey":"wHeodF8Idb0lonIwV4kz2I+iSiMwsegtIG4JGa2+P7o="},"indexInfo":{"baseKey":"BWlIieBZs0rEhYH2no0KbcEOtyc13gDZ8IzddQN98YMC","baseKeyType":1,"closed":1746721104085,"used":1746721072877,"created":1746721072877,"remoteIdentityKey":"BdQoEp8SaAg0Bbgk/jjn5j5YWzICb9eH/5JSNwc6Eb9E"},"_chains":{"BaD2op3kAjV21scAy7ah22aeKmEiZmvXH2mayW8NUb0j":{"chainKey":{"counter":0,"key":"MwK0xs6mX6bVQsD7z+VAcRCNNaQ/g4T9TKnE6wrTZj8="},"chainType":1,"messageKeys":{}}},"pendingPreKey":{"signedKeyId":0,"baseKey":"BWlIieBZs0rEhYH2no0KbcEOtyc13gDZ8IzddQN98YMC"}},"BWsYLKsh/TztTKExAll0tCBQXlz/TytV388BU5mtn5Na":{"registrationId":2045084983,"currentRatchet":{"ephemeralKeyPair":{"pubKey":"BQvHU/DOAXPUJouRdZGwoeNg9A35ID/WEunMI73puPE/","privKey":"aGvCL+A63SOa0tNO//xamgF2Pm31R+4JBTKvSqdzn3A="},"lastRemoteEphemeralKey":"BfWKL13gpH1SOX5Jt51Dz0zKAPmN/1ce8g/y7iE6O69g","previousCounter":0,"rootKey":"OaZkTrZpL3f0TaXcvirm+VPFAIXqG48xuLyxb1PflAg="},"indexInfo":{"baseKey":"BWsYLKsh/TztTKExAll0tCBQXlz/TytV388BU5mtn5Na","baseKeyType":1,"closed":-1,"used":1746721103749,"created":1746721103749,"remoteIdentityKey":"BdQoEp8SaAg0Bbgk/jjn5j5YWzICb9eH/5JSNwc6Eb9E"},"_chains":{"BQvHU/DOAXPUJouRdZGwoeNg9A35ID/WEunMI73puPE/":{"chainKey":{"counter":2,"key":"gJRHJ/q2R2H2k7tB2hEtpO57jKqUeLCLPaqH8pdGIqM="},"chainType":1,"messageKeys":{}}},"pendingPreKey":{"signedKeyId":0,"baseKey":"BWsYLKsh/TztTKExAll0tCBQXlz/TytV388BU5mtn5Na"}}},"version":"v1"}