{"_sessions":{"BePtGJlVvnKIaXwoDX3gxZALmn6r6T8e9eVTsCM4rDhP":{"registrationId":1796858401,"currentRatchet":{"ephemeralKeyPair":{"pubKey":"Bf1gqHiZjXXzjMjmnPgHW7CyeKftnDF4XsxK/WdjOaV2","privKey":"SKqOEnzg2fRk7T+bPpCzl8r87ylRCNY/UXs+lskS1VU="},"lastRemoteEphemeralKey":"BX+ZZqrijvEhNxgcAwsh4aJMo2cU2oxr3RQr61pAc9Y/","previousCounter":0,"rootKey":"M1fpGGnzvzbE47tR9HfANwSGxHffsUexLcJSGaRN0vk="},"indexInfo":{"baseKey":"BePtGJlVvnKIaXwoDX3gxZALmn6r6T8e9eVTsCM4rDhP","baseKeyType":1,"closed":1746721107783,"used":1746721075853,"created":1746721075853,"remoteIdentityKey":"BduJxjGZAZ94yvFbMb7/TxtwdyRAeEN4ZX7a/rCCF8lq"},"_chains":{"Bf1gqHiZjXXzjMjmnPgHW7CyeKftnDF4XsxK/WdjOaV2":{"chainKey":{"counter":0,"key":"9RC35HWf2NBBbeWlRzyNn6gD5nezSFneIHldWWNyzEQ="},"chainType":1,"messageKeys":{}}},"pendingPreKey":{"signedKeyId":10170598,"baseKey":"BePtGJlVvnKIaXwoDX3gxZALmn6r6T8e9eVTsCM4rDhP"}},"Ba3VaArNNuauoV0jzKcXGv0/IwmAeqwxKQRotktSOYcq":{"registrationId":1796858401,"currentRatchet":{"ephemeralKeyPair":{"pubKey":"BVrtk0PQ15+z+BxAmbnA+SPyO//ZYaxzL1liJSgYQUEn","privKey":"+M73DViI7EDKO8fhg+v9j76338fjMn3jYX9nuOiLTnw="},"lastRemoteEphemeralKey":"BX+ZZqrijvEhNxgcAwsh4aJMo2cU2oxr3RQr61pAc9Y/","previousCounter":0,"rootKey":"RSaQae/gvU5708SWww1WVOF1n03kwT30v9b6PPJP120="},"indexInfo":{"baseKey":"Ba3VaArNNuauoV0jzKcXGv0/IwmAeqwxKQRotktSOYcq","baseKeyType":1,"closed":-1,"used":1746721107419,"created":1746721107419,"remoteIdentityKey":"BduJxjGZAZ94yvFbMb7/TxtwdyRAeEN4ZX7a/rCCF8lq"},"_chains":{"BVrtk0PQ15+z+BxAmbnA+SPyO//ZYaxzL1liJSgYQUEn":{"chainKey":{"counter":2,"key":"Itd+Iy0zjwY+nq0I1gOqY3c/drZRbyeTUKjxSZtlaAg="},"chainType":1,"messageKeys":{}}},"pendingPreKey":{"signedKeyId":10170598,"baseKey":"Ba3VaArNNuauoV0jzKcXGv0/IwmAeqwxKQRotktSOYcq"}}},"version":"v1"}