{"_sessions":{"BeVbEQEK/kRA/75+FY6xLWv4649jlRdmIHrwpT4xKwZE":{"registrationId":2038020769,"currentRatchet":{"ephemeralKeyPair":{"pubKey":"BaLZdXqT0hTomcfJBpjfhFdlvEX2QZ/0SFDka6qTy20N","privKey":"gP7W1TGrBOMA0aWCA/qTDKvVQxy995XgC5GbNOBTsGM="},"lastRemoteEphemeralKey":"BdzshXW9uLP2v0ZuN6+ZsrK51sjtYIcL9MwRKRQqgOpJ","previousCounter":0,"rootKey":"THgSGy7US82LO3E+oKjksWn6oOfDTmNGP4ELrLDdmEY="},"indexInfo":{"baseKey":"BeVbEQEK/kRA/75+FY6xLWv4649jlRdmIHrwpT4xKwZE","baseKeyType":1,"closed":1746721104096,"used":1746721072905,"created":1746721072905,"remoteIdentityKey":"BduRQoRFILOP/cYOdfRseec5zy8SrGOKu2Rsdw6T/uAc"},"_chains":{"BaLZdXqT0hTomcfJBpjfhFdlvEX2QZ/0SFDka6qTy20N":{"chainKey":{"counter":0,"key":"U4qVpMQjTzr7zYAtD63dNSqClCoW686a31JAMmrKaiA="},"chainType":1,"messageKeys":{}}},"pendingPreKey":{"signedKeyId":3,"baseKey":"BeVbEQEK/kRA/75+FY6xLWv4649jlRdmIHrwpT4xKwZE"}},"BcVzndrhMn79XwoDmZfHGmaDbYsXSx0ReN8ceFRkt2NB":{"registrationId":2038020769,"currentRatchet":{"ephemeralKeyPair":{"pubKey":"Bds9sTCfGHpPTR3lZzgf9dIhbxb4aYePxoO3lMbDsPtD","privKey":"IPqfb5f/61d7rsyRyKHb1MILqcpnpZJVJFYWWNQvKG8="},"lastRemoteEphemeralKey":"BdzshXW9uLP2v0ZuN6+ZsrK51sjtYIcL9MwRKRQqgOpJ","previousCounter":0,"rootKey":"fPgR9THS0W8UHdViDhI4wjkiraMVLFwHn+fnQpn9kT0="},"indexInfo":{"baseKey":"BcVzndrhMn79XwoDmZfHGmaDbYsXSx0ReN8ceFRkt2NB","baseKeyType":1,"closed":-1,"used":1746721103800,"created":1746721103800,"remoteIdentityKey":"BduRQoRFILOP/cYOdfRseec5zy8SrGOKu2Rsdw6T/uAc"},"_chains":{"Bds9sTCfGHpPTR3lZzgf9dIhbxb4aYePxoO3lMbDsPtD":{"chainKey":{"counter":2,"key":"C2GADu2XnYx10GKixqFc9ubh8hEIQ3VK22IJ0VxVZoI="},"chainType":1,"messageKeys":{}}},"pendingPreKey":{"signedKeyId":3,"baseKey":"BcVzndrhMn79XwoDmZfHGmaDbYsXSx0ReN8ceFRkt2NB"}}},"version":"v1"}