{"_sessions":{"BeR634nO+WLhEYq+eW+8Am11bm0rzn32b/qsSDC4Tlos":{"registrationId":995852609,"currentRatchet":{"ephemeralKeyPair":{"pubKey":"BdZX3R2wuq1I07km6wiWULkUS0pMLBWkuEupUMFm75Mp","privKey":"gHmRo3bJFTS42GLDD9KnTCe0PZ3nuPDABQatz7WUQ3w="},"lastRemoteEphemeralKey":"BT2bzRyblF2IKeRdWXJXmUphAfe79QnyqdQJGA8v43oj","previousCounter":0,"rootKey":"RJ1mRJv3DcgslSC7GMel7j112EJp/ydG/WPLaemb2cU="},"indexInfo":{"baseKey":"BeR634nO+WLhEYq+eW+8Am11bm0rzn32b/qsSDC4Tlos","baseKeyType":1,"closed":-1,"used":1746714529403,"created":1746714529403,"remoteIdentityKey":"BYFhdpafNG4gmiMrdIRCXVvkTVBFC4CSPsrqeBjS+bAz"},"_chains":{"BdZX3R2wuq1I07km6wiWULkUS0pMLBWkuEupUMFm75Mp":{"chainKey":{"counter":0,"key":"ABP1AqItlBrMD13AbF4YWW3M5JRLDVKUhRg2GD0FGsQ="},"chainType":1,"messageKeys":{}}},"pendingPreKey":{"signedKeyId":2,"baseKey":"BeR634nO+WLhEYq+eW+8Am11bm0rzn32b/qsSDC4Tlos","preKeyId":8116188}}},"version":"v1"}