{"_sessions":{"BXH+0tKhQN4ueYdAXdllhiGHMxuitPGJAOCt/UQ9vt0p":{"registrationId":1211468307,"currentRatchet":{"ephemeralKeyPair":{"pubKey":"BduVU473PZSZznPVfcHRPSgcY2YmtCdJo4G9yPWIOS0J","privKey":"GKRtcitlVHsaEahXwq6KYxj+J5TEoTb4WoOGzV0sSGE="},"lastRemoteEphemeralKey":"BauRD1ZnU8DA4oBoi+vvnGmAu3Ew8/nkTMiKqnoztbJV","previousCounter":0,"rootKey":"UDgX1DGU5OMzMsl2zCXpLZ0qfH+sf+ocfy9mm75jnjQ="},"indexInfo":{"baseKey":"BXH+0tKhQN4ueYdAXdllhiGHMxuitPGJAOCt/UQ9vt0p","baseKeyType":1,"closed":-1,"used":1746714529387,"created":1746714529387,"remoteIdentityKey":"BZ01kvM2AEMoz2lhRfT/+AbyMgbfk0fr+zxvk91zvjgw"},"_chains":{"BduVU473PZSZznPVfcHRPSgcY2YmtCdJo4G9yPWIOS0J":{"chainKey":{"counter":0,"key":"qN8n2DW4YSY2dEAwmOvaUhv7nC0fdKEpFGk/PO8KKQI="},"chainType":1,"messageKeys":{}}},"pendingPreKey":{"signedKeyId":1,"baseKey":"BXH+0tKhQN4ueYdAXdllhiGHMxuitPGJAOCt/UQ9vt0p","preKeyId":6942404}}},"version":"v1"}