{"_sessions":{"BeK/6ZoRWU4/gJPnOZNfowamqyA/wkSjUIcaC7kx2gpk":{"registrationId":34199144,"currentRatchet":{"ephemeralKeyPair":{"pubKey":"BaDEANnIeTVfiD1GzraJzANZBa0jXY0O0cJtpXVE6L92","privKey":"GKA+d1uKik54ypcvXYA4eyYeyZobz0WsPx98UH9gA08="},"lastRemoteEphemeralKey":"BQw4CPbLjsluuSPD4hzeC+EI8IWYXvPeQXI2Eh/YxRYE","previousCounter":0,"rootKey":"TCw0NG9q+16+sBjJh5YIMHsRkMZkq+iR1I5vcJUtcYs="},"indexInfo":{"baseKey":"BeK/6ZoRWU4/gJPnOZNfowamqyA/wkSjUIcaC7kx2gpk","baseKeyType":1,"closed":1746721122227,"used":1746721090430,"created":1746721090430,"remoteIdentityKey":"BX23oNrMooRbe/AeP+EzfhyEq+Vnh7N3UUDbMniuSRYy"},"_chains":{"BaDEANnIeTVfiD1GzraJzANZBa0jXY0O0cJtpXVE6L92":{"chainKey":{"counter":0,"key":"f9yCIrxHXVrpLsW0/6hUOpLbST3rLuBQuxENqcYi9a0="},"chainType":1,"messageKeys":{}}},"pendingPreKey":{"signedKeyId":6,"baseKey":"BeK/6ZoRWU4/gJPnOZNfowamqyA/wkSjUIcaC7kx2gpk","preKeyId":16131984}},"BfEMgjCeslRW6Jo0IRBM8mpPgXU96H7AIGLv0qfX0a4E":{"registrationId":34199144,"currentRatchet":{"ephemeralKeyPair":{"pubKey":"BV3GBjfF1M/ayTORnAUYp1+rokCNB7g1ryXd5h03IZRL","privKey":"kA1WtysP+70ZXnPyIoL2E2oZ6coXIoKsncLE1DYnYkA="},"lastRemoteEphemeralKey":"BQw4CPbLjsluuSPD4hzeC+EI8IWYXvPeQXI2Eh/YxRYE","previousCounter":0,"rootKey":"DZkljT1QWvZhVKgZSZsNmKVIHOLKhTxXRZtvYlfz1xY="},"indexInfo":{"baseKey":"BfEMgjCeslRW6Jo0IRBM8mpPgXU96H7AIGLv0qfX0a4E","baseKeyType":1,"closed":-1,"used":1746721121790,"created":1746721121790,"remoteIdentityKey":"BX23oNrMooRbe/AeP+EzfhyEq+Vnh7N3UUDbMniuSRYy"},"_chains":{"BV3GBjfF1M/ayTORnAUYp1+rokCNB7g1ryXd5h03IZRL":{"chainKey":{"counter":2,"key":"Y5Xvj84ckOEiP7fZ+t9q5F9B9iGiZh94m1e3NZty9/E="},"chainType":1,"messageKeys":{}}},"pendingPreKey":{"signedKeyId":6,"baseKey":"BfEMgjCeslRW6Jo0IRBM8mpPgXU96H7AIGLv0qfX0a4E","preKeyId":16131989}}},"version":"v1"}