{"_sessions":{"BVQLIX4Li5dYIAJq+ALFecf76AMNJiHTD+Pg+HkmxG9C":{"registrationId":1544511918,"currentRatchet":{"ephemeralKeyPair":{"pubKey":"BfC56WcwJVBreprmXEfJDY/VIjmHSTPqWugZw8Wfwq45","privKey":"qB+3YKgrq0DfTHa+Fw4QpOd8G0Ia1tyAUaCOLt+5CUQ="},"lastRemoteEphemeralKey":"BVXjdIrT3kyqnUgIT2IkY6YIiGZTKEUljLlPNqp3SmIl","previousCounter":0,"rootKey":"Q3Mvr91G19EtZlF+cKQDpBXrGiUogVb5nICDtbIjCF8="},"indexInfo":{"baseKey":"BVQLIX4Li5dYIAJq+ALFecf76AMNJiHTD+Pg+HkmxG9C","baseKeyType":1,"closed":1746721111345,"used":1746721080168,"created":1746721080168,"remoteIdentityKey":"Be0cfS6qCifzbHoevJoPGH1MpqzFXIYt0P1H+yh38Nlw"},"_chains":{"BfC56WcwJVBreprmXEfJDY/VIjmHSTPqWugZw8Wfwq45":{"chainKey":{"counter":0,"key":"fTgXUAQquiZrehphqy38qDLNibjr8W22WhawduSRycE="},"chainType":1,"messageKeys":{}}},"pendingPreKey":{"signedKeyId":1,"baseKey":"BVQLIX4Li5dYIAJq+ALFecf76AMNJiHTD+Pg+HkmxG9C","preKeyId":9565249}},"BUBZjFlKRZsL6sw7bia54E96fyYOvLNWkK+/jp2OK1U4":{"registrationId":1544511918,"currentRatchet":{"ephemeralKeyPair":{"pubKey":"BY9bQEVCGvcfQaxkR9Plcz7jzWSCVcFfmbxb8TlQqnd9","privKey":"kCc8IrDsfPzG5zjSygcCk6f1yIJ4+ITzkKzsZ6RaQFo="},"lastRemoteEphemeralKey":"BVXjdIrT3kyqnUgIT2IkY6YIiGZTKEUljLlPNqp3SmIl","previousCounter":0,"rootKey":"RQe2vLUf6QrExzayuIhjQPzt65bzr/JSQuh9od+T6tg="},"indexInfo":{"baseKey":"BUBZjFlKRZsL6sw7bia54E96fyYOvLNWkK+/jp2OK1U4","baseKeyType":1,"closed":-1,"used":1746721111105,"created":1746721111104,"remoteIdentityKey":"Be0cfS6qCifzbHoevJoPGH1MpqzFXIYt0P1H+yh38Nlw"},"_chains":{"BY9bQEVCGvcfQaxkR9Plcz7jzWSCVcFfmbxb8TlQqnd9":{"chainKey":{"counter":2,"key":"tWBbPzjb5oSiiEjlFGclPgLDRWBBARPZMoobI1WIadg="},"chainType":1,"messageKeys":{}}},"pendingPreKey":{"signedKeyId":1,"baseKey":"BUBZjFlKRZsL6sw7bia54E96fyYOvLNWkK+/jp2OK1U4","preKeyId":9565570}}},"version":"v1"}