{"_sessions":{"Bb0dMSSWZU9t9ncpazL9Oa3xeDem9wXMYwz2WDxqIG95":{"registrationId":1526250451,"currentRatchet":{"ephemeralKeyPair":{"pubKey":"Bc7lYo06hROq3mnj/thNqS0VdCe5zA3++wZRjnu5LCZN","privKey":"KPUWg9DDALcLq6zuLGHGMLwdALbEo/IN1zu9sFVg6F0="},"lastRemoteEphemeralKey":"BTsN9rMRFz1ZYUr/ihEc50zoYx4VbArrMzeFNZlSijxL","previousCounter":0,"rootKey":"5Xand1zMdLyHyN60AAMf1sPlKw6gkpaylxacDQ1P044="},"indexInfo":{"baseKey":"Bb0dMSSWZU9t9ncpazL9Oa3xeDem9wXMYwz2WDxqIG95","baseKeyType":1,"closed":-1,"used":1746714529289,"created":1746714529289,"remoteIdentityKey":"BVz7QzmaQtN4L4TgOilDCvU8b7BZxLZ22I3DJUMpXug5"},"_chains":{"Bc7lYo06hROq3mnj/thNqS0VdCe5zA3++wZRjnu5LCZN":{"chainKey":{"counter":0,"key":"xYs7DXKAngnsbb36LQXPk09UF+dWG+y2jIccIY+JSo4="},"chainType":1,"messageKeys":{}}},"pendingPreKey":{"signedKeyId":5,"baseKey":"Bb0dMSSWZU9t9ncpazL9Oa3xeDem9wXMYwz2WDxqIG95","preKeyId":14156532}}},"version":"v1"}