{"_sessions":{"BeeDnR6nDUiJRVUK1Hg6nfky8yKSNJBaHMvnIWrqnHlu":{"registrationId":1248167468,"currentRatchet":{"ephemeralKeyPair":{"pubKey":"BTKCBPInkHS6/hqoWdDDfbiD47HUh1SISbWm3xjmHJ1e","privKey":"EDOW9+41eHQt0sf84ny44U+8GGGXs6qEjChG9u5wGHs="},"lastRemoteEphemeralKey":"BTlW4zCc0UzfsFXkkyhvaRVkC9z9JxVzFSnhaTo7E0he","previousCounter":0,"rootKey":"dh9nM/BBS6MjSyUoMuPgrqYyKcS2+H+Ch9jIAd9zp/A="},"indexInfo":{"baseKey":"BeeDnR6nDUiJRVUK1Hg6nfky8yKSNJBaHMvnIWrqnHlu","baseKeyType":1,"closed":-1,"used":1746714536503,"created":1746714536503,"remoteIdentityKey":"BV8Jmh2WEez8hm6qOeJG/AfxMgP3MwiTxhnb+RQeF58y"},"_chains":{"BTKCBPInkHS6/hqoWdDDfbiD47HUh1SISbWm3xjmHJ1e":{"chainKey":{"counter":0,"key":"zVL9ZCia5I4yyhrwVPN42iQxd1m/xOHJ+ccyU+yh4S0="},"chainType":1,"messageKeys":{}}},"pendingPreKey":{"signedKeyId":0,"baseKey":"BeeDnR6nDUiJRVUK1Hg6nfky8yKSNJBaHMvnIWrqnHlu","preKeyId":5995603}}},"version":"v1"}