{"_sessions":{"BVcpRRd3oM57uNw9k+39fzXob1t/7uV/XKjIgs4XAv9u":{"registrationId":1618203671,"currentRatchet":{"ephemeralKeyPair":{"pubKey":"BcB9fDthViZfQabfLBbih807BAAXDKK+63nD6vD7wPI0","privKey":"uI+1NKjodUZSwZDDwWHOsgz1+UvegMM8of1Kkck1yW0="},"lastRemoteEphemeralKey":"BR6fTUyJ6Gcw9I+uG8odA00JcGT+zgjHa9g5/Ob32cBg","previousCounter":0,"rootKey":"4rORE+5DSt2hU9U7fGpL6cyQ8YYYiooHZ4l3hmbWtjU="},"indexInfo":{"baseKey":"BVcpRRd3oM57uNw9k+39fzXob1t/7uV/XKjIgs4XAv9u","baseKeyType":1,"closed":-1,"used":1746714539899,"created":1746714539899,"remoteIdentityKey":"BckwdPWlzv+ZDPDv3Gur5Zmh1Ntwv4pD+xkJYBi/2OYq"},"_chains":{"BcB9fDthViZfQabfLBbih807BAAXDKK+63nD6vD7wPI0":{"chainKey":{"counter":0,"key":"syCL2CvmRVmkjw6OCGSLv9UFfv9BFcmu9CcqNcIMkC0="},"chainType":1,"messageKeys":{}}},"pendingPreKey":{"signedKeyId":0,"baseKey":"BVcpRRd3oM57uNw9k+39fzXob1t/7uV/XKjIgs4XAv9u","preKeyId":5189601}}},"version":"v1"}