{"_sessions":{"BQZxLZycPple74edZQP7qWW1/gycvQpL4qkZtSY89EJC":{"registrationId":1766939106,"currentRatchet":{"ephemeralKeyPair":{"pubKey":"BWCLMX38WSNhWfEZQTvsHnPtvvjKkT3mNE7KqboSAGMj","privKey":"KK8vgIsFMmNfVl9doHj+alDGryJzkBsF3FUbVfjU3lo="},"lastRemoteEphemeralKey":"BQem9Sj/iltzWQBczuh/k9ab8T8KN2+6zeT2O+kWBMVj","previousCounter":0,"rootKey":"Hqo9LKjYUk3+Nm6GY7L05ibvyXP4MAlBgNVZE9JOVkE="},"indexInfo":{"baseKey":"BQZxLZycPple74edZQP7qWW1/gycvQpL4qkZtSY89EJC","baseKeyType":1,"closed":1746721104110,"used":1746721072953,"created":1746721072953,"remoteIdentityKey":"BbtX73E02myEr001ZAzFA7XzDbf/bAiLGr6npSgWKxpe"},"_chains":{"BWCLMX38WSNhWfEZQTvsHnPtvvjKkT3mNE7KqboSAGMj":{"chainKey":{"counter":0,"key":"q27TJLrv6H0VYI/z+j1vvBxQ9ipyBCrHX7p10tBoneQ="},"chainType":1,"messageKeys":{}}},"pendingPreKey":{"signedKeyId":14098617,"baseKey":"BQZxLZycPple74edZQP7qWW1/gycvQpL4qkZtSY89EJC","preKeyId":5643}},"BTZAVScbbWh9lDiFaDpzx+4xfqAbj05b9wwA8DsvujAn":{"registrationId":1766939106,"currentRatchet":{"ephemeralKeyPair":{"pubKey":"BQpaA10D3qZInvQi7O1odxH/LzH6PrslFhjypJ4jRcFd","privKey":"GFnyENB+qwGWHgfPo86GdQKgivqzfEvQja36Bh/X+lg="},"lastRemoteEphemeralKey":"BQem9Sj/iltzWQBczuh/k9ab8T8KN2+6zeT2O+kWBMVj","previousCounter":0,"rootKey":"rtPLZ6vTLqhwBVNWErSxRaIIaq/5gG5dViNDj64nYfo="},"indexInfo":{"baseKey":"BTZAVScbbWh9lDiFaDpzx+4xfqAbj05b9wwA8DsvujAn","baseKeyType":1,"closed":-1,"used":1746721103867,"created":1746721103867,"remoteIdentityKey":"BbtX73E02myEr001ZAzFA7XzDbf/bAiLGr6npSgWKxpe"},"_chains":{"BQpaA10D3qZInvQi7O1odxH/LzH6PrslFhjypJ4jRcFd":{"chainKey":{"counter":2,"key":"xPHBf0TqjB5B2IqXwJivrq7+7pVmSi29vHLqKfYgVbs="},"chainType":1,"messageKeys":{}}},"pendingPreKey":{"signedKeyId":14098617,"baseKey":"BTZAVScbbWh9lDiFaDpzx+4xfqAbj05b9wwA8DsvujAn","preKeyId":4943}}},"version":"v1"}