{"_sessions":{"BTWXcKXyKb0efTuSjzocCYN4qsjVK4k/jHB9nbCFRM5A":{"registrationId":1198257256,"currentRatchet":{"ephemeralKeyPair":{"pubKey":"BfexOPxgJEdTUo5lYSbO2G+tnKpwvU66UxJsW1uJ+7V6","privKey":"+MFe1M49MZgIZ1nEQaX+895WFGB6Nmo31Mp1rvyVGEo="},"lastRemoteEphemeralKey":"BZO4XuOM2z9llM3z7FlV+x4EkNbNDpYMQqTArREOaTlI","previousCounter":0,"rootKey":"gYjBBNZAjzIXhWtyhhxRCJRtTg5caW7TsT0kwfInKQ4="},"indexInfo":{"baseKey":"BTWXcKXyKb0efTuSjzocCYN4qsjVK4k/jHB9nbCFRM5A","baseKeyType":1,"closed":1746721118416,"used":1746721086974,"created":1746721086974,"remoteIdentityKey":"BbzEo/mpFmJ1rOLN6aaxBoEw29fk5asJkwgHfJM6k8d8"},"_chains":{"BfexOPxgJEdTUo5lYSbO2G+tnKpwvU66UxJsW1uJ+7V6":{"chainKey":{"counter":0,"key":"5JZmpkWbu+pO0Z0SqPl59Ag20BbZ7rtb5VGBf6qr7WA="},"chainType":1,"messageKeys":{}}},"pendingPreKey":{"signedKeyId":1,"baseKey":"BTWXcKXyKb0efTuSjzocCYN4qsjVK4k/jHB9nbCFRM5A","preKeyId":6365923}},"BTieJYLlJWx8jP1y3TO85yMDu4jqbCBduVgifVfjAZhu":{"registrationId":1198257256,"currentRatchet":{"ephemeralKeyPair":{"pubKey":"BZyexYAsTr2p/Ovt7H4oSyJN4XrVaTOZxKH/Fe/UW3RF","privKey":"gFyd8iG08KHUcsux/nuYh9Zoh/d8mOizcCMoOFCDOGo="},"lastRemoteEphemeralKey":"BZO4XuOM2z9llM3z7FlV+x4EkNbNDpYMQqTArREOaTlI","previousCounter":0,"rootKey":"/UzR1wIDa4yRJsSRKDG004NNx3XCeHrjUDs60vSrm7s="},"indexInfo":{"baseKey":"BTieJYLlJWx8jP1y3TO85yMDu4jqbCBduVgifVfjAZhu","baseKeyType":1,"closed":-1,"used":1746721117927,"created":1746721117927,"remoteIdentityKey":"BbzEo/mpFmJ1rOLN6aaxBoEw29fk5asJkwgHfJM6k8d8"},"_chains":{"BZyexYAsTr2p/Ovt7H4oSyJN4XrVaTOZxKH/Fe/UW3RF":{"chainKey":{"counter":2,"key":"WTBcjqCGANT2BxtYZuKbtZ32dX/xmXcMTH7p9FMM+yw="},"chainType":1,"messageKeys":{}}},"pendingPreKey":{"signedKeyId":1,"baseKey":"BTieJYLlJWx8jP1y3TO85yMDu4jqbCBduVgifVfjAZhu","preKeyId":6366195}}},"version":"v1"}