{"_sessions":{"BT3zggOzXKJxNg/NTX7sqN3+qRSWKzMN0R5nE7BI3pFy":{"registrationId":2040655759,"currentRatchet":{"ephemeralKeyPair":{"pubKey":"BRgeXT03S7SfjqFTGnrj/6y5fF0P00yyj+6yMyjAaxp5","privKey":"OEE2iRg+ned9oZ2ADzpYGms+pS1Q8+cgl1SKn0aQDmw="},"lastRemoteEphemeralKey":"BUUsOr2p1XmStssTFR0mFscjE0K62taqyHixyOzMHIMU","previousCounter":0,"rootKey":"YXgsvd3TqfiAGGtvtmsIMB7K7z56dLWd9of3z5WRiB4="},"indexInfo":{"baseKey":"BT3zggOzXKJxNg/NTX7sqN3+qRSWKzMN0R5nE7BI3pFy","baseKeyType":1,"closed":1746721118520,"used":1746721087289,"created":1746721087289,"remoteIdentityKey":"BdOJWQwjacbNalcQsstI8IRMLAyZaBWTJUhu+lPqQmsm"},"_chains":{"BRgeXT03S7SfjqFTGnrj/6y5fF0P00yyj+6yMyjAaxp5":{"chainKey":{"counter":0,"key":"QjmObnDfQJ6QC5dsam8DeoGREpm9BB8cDXWNQJa+6Mc="},"chainType":1,"messageKeys":{}}},"pendingPreKey":{"signedKeyId":0,"baseKey":"BT3zggOzXKJxNg/NTX7sqN3+qRSWKzMN0R5nE7BI3pFy","preKeyId":1211415}},"BSXzPA6NYROiOSZj5odF95daetVpc2iseXGoJGB+GVEm":{"registrationId":2040655759,"currentRatchet":{"ephemeralKeyPair":{"pubKey":"BXO//JwPPx0jiek9vLKeTIXCjUPd5HNtuT7hN5I5Plgo","privKey":"iJiZft9ODwR6YBF6sMBskT/iAuB2fmaQYg1x64A/vnk="},"lastRemoteEphemeralKey":"BUUsOr2p1XmStssTFR0mFscjE0K62taqyHixyOzMHIMU","previousCounter":0,"rootKey":"LbhzFIYZ/Rx/yLGk2OI2w5mXJ3+4CyH0LYHYxEAzvkQ="},"indexInfo":{"baseKey":"BSXzPA6NYROiOSZj5odF95daetVpc2iseXGoJGB+GVEm","baseKeyType":1,"closed":-1,"used":1746721118312,"created":1746721118312,"remoteIdentityKey":"BdOJWQwjacbNalcQsstI8IRMLAyZaBWTJUhu+lPqQmsm"},"_chains":{"BXO//JwPPx0jiek9vLKeTIXCjUPd5HNtuT7hN5I5Plgo":{"chainKey":{"counter":2,"key":"CU7V4cxiDyIke/NNSkSvdahkuMAe+ubWm7z7srU90bk="},"chainType":1,"messageKeys":{}}},"pendingPreKey":{"signedKeyId":0,"baseKey":"BSXzPA6NYROiOSZj5odF95daetVpc2iseXGoJGB+GVEm","preKeyId":1212145}}},"version":"v1"}