{"_sessions":{"BeMmRxuJN3PtNFKl47xKMq+241fsZKq5lQffWr+klXhf":{"registrationId":1451765101,"currentRatchet":{"ephemeralKeyPair":{"pubKey":"BZeeSY6i91anCAlaGAHzfoFeKauvb/iaF2bkMYNExh1K","privKey":"+EswIFdvrUgf4M8bVVe7sm2s0flcekQkoWwNTODYaW0="},"lastRemoteEphemeralKey":"BQ0pv93lOIfbAiS4j3W1Vdp6XNYF9a935HeHr39UDtx1","previousCounter":0,"rootKey":"u/Q6pZGSgfV4kCsusoF0eGMgaGSBrdJ5nZxXRrEUcbo="},"indexInfo":{"baseKey":"BeMmRxuJN3PtNFKl47xKMq+241fsZKq5lQffWr+klXhf","baseKeyType":1,"closed":1746721104034,"used":1746721072688,"created":1746721072688,"remoteIdentityKey":"Bf7HCjUc2xeIzwYFUdjzPTDUuIAEglflrOIHoiEjKVAX"},"_chains":{"BZeeSY6i91anCAlaGAHzfoFeKauvb/iaF2bkMYNExh1K":{"chainKey":{"counter":0,"key":"2KAj7eDXSIo15eiNedV34UiXSHgCsT9cjU921s1t5U4="},"chainType":1,"messageKeys":{}}},"pendingPreKey":{"signedKeyId":2,"baseKey":"BeMmRxuJN3PtNFKl47xKMq+241fsZKq5lQffWr+klXhf","preKeyId":14536003}},"Bd9seequ6VmrCFFa2oC6voFbacgVsYIyvUx4//sJBTo7":{"registrationId":1451765101,"currentRatchet":{"ephemeralKeyPair":{"pubKey":"BYiTxG//EWsFYOvr/L3i7VpxRwMtbqivH0u6o6HNNCpF","privKey":"SL+0w+7YMdhu6Rw2QWcVt6Wsr+95hdtpLYYon+S/mU8="},"lastRemoteEphemeralKey":"BQ0pv93lOIfbAiS4j3W1Vdp6XNYF9a935HeHr39UDtx1","previousCounter":0,"rootKey":"ImaHJ2JO7y2yElz2dNpbUPI3lwBdYjq1VTjH3UPJlPo="},"indexInfo":{"baseKey":"Bd9seequ6VmrCFFa2oC6voFbacgVsYIyvUx4//sJBTo7","baseKeyType":1,"closed":-1,"used":1746721103520,"created":1746721103520,"remoteIdentityKey":"Bf7HCjUc2xeIzwYFUdjzPTDUuIAEglflrOIHoiEjKVAX"},"_chains":{"BYiTxG//EWsFYOvr/L3i7VpxRwMtbqivH0u6o6HNNCpF":{"chainKey":{"counter":2,"key":"GIqRig9G+30/2VRH0dlI6gpVyOXIFJJu8rIqeCp7Glg="},"chainType":1,"messageKeys":{}}},"pendingPreKey":{"signedKeyId":2,"baseKey":"Bd9seequ6VmrCFFa2oC6voFbacgVsYIyvUx4//sJBTo7","preKeyId":14536076}}},"version":"v1"}