{"_sessions":{"BWjRG9JVCsiXr5mrbkj/alBMPycOJ9Hx5yd+4LwOQJ1P":{"registrationId":1257880527,"currentRatchet":{"ephemeralKeyPair":{"pubKey":"BYG230wUqCKG5W1GCpk3GDH0Q7Yml6MLofWI8JcMhi8n","privKey":"kJNp/EMP6o818YjioPlHm7T/bkBYu/MF6J0TDg78tV8="},"lastRemoteEphemeralKey":"BTQDpcTLw75qb936iS7EWw7CKtgTHRLcXcpJ79X+KD9I","previousCounter":0,"rootKey":"ba1yL48w2vx55ulZS5USTJSneKKWQ002J7kJkOwUOXk="},"indexInfo":{"baseKey":"BWjRG9JVCsiXr5mrbkj/alBMPycOJ9Hx5yd+4LwOQJ1P","baseKeyType":1,"closed":1746721114759,"used":1746721083683,"created":1746721083683,"remoteIdentityKey":"BRaYPpSeAu2xaotfXQLjagg4W7xip7s7JxL4dQx9lxo+"},"_chains":{"BYG230wUqCKG5W1GCpk3GDH0Q7Yml6MLofWI8JcMhi8n":{"chainKey":{"counter":0,"key":"H7kcajryYD/VzIhJTQJ1tI4nhjwl9MZob8iRrysqIL0="},"chainType":1,"messageKeys":{}}},"pendingPreKey":{"signedKeyId":16343473,"baseKey":"BWjRG9JVCsiXr5mrbkj/alBMPycOJ9Hx5yd+4LwOQJ1P","preKeyId":3252}},"BSI6j2d6wMw+k80uxGKYy81B/eidBkADYzyc2/Ahdk0n":{"registrationId":1257880527,"currentRatchet":{"ephemeralKeyPair":{"pubKey":"BTMjeJfTE1bZAY3s1vgmATUMilgk3ouxCf2ccrXGSZ9p","privKey":"kNGhZjIGyZS1hjAZg1IZ0T5QdB5Q2BZ94ZeDLgtcJV4="},"lastRemoteEphemeralKey":"BTQDpcTLw75qb936iS7EWw7CKtgTHRLcXcpJ79X+KD9I","previousCounter":0,"rootKey":"3H34hGRoAh/QjLpP3ilAsJ/JgdYGQrIaFIzWquQOX5w="},"indexInfo":{"baseKey":"BSI6j2d6wMw+k80uxGKYy81B/eidBkADYzyc2/Ahdk0n","baseKeyType":1,"closed":-1,"used":1746721114468,"created":1746721114468,"remoteIdentityKey":"BRaYPpSeAu2xaotfXQLjagg4W7xip7s7JxL4dQx9lxo+"},"_chains":{"BTMjeJfTE1bZAY3s1vgmATUMilgk3ouxCf2ccrXGSZ9p":{"chainKey":{"counter":2,"key":"zANhiO82nsElh3Ypve52RGmWTUmFznfMv1VUTXIge/U="},"chainType":1,"messageKeys":{}}},"pendingPreKey":{"signedKeyId":16343473,"baseKey":"BSI6j2d6wMw+k80uxGKYy81B/eidBkADYzyc2/Ahdk0n","preKeyId":3988}}},"version":"v1"}