{"_sessions":{"BUoZJGxtePAuC9Fg6gj/YvXlRIc1y5eR8k3q+aPeTvMt":{"registrationId":7569,"currentRatchet":{"ephemeralKeyPair":{"pubKey":"Ba9MMU0iQulTnxEkwc7ksCXzBAHRyj32dp/T7jyGde8l","privKey":"GLidKD72zX6PImqgOx/Cj3Iee5sh5DdlhxA5rqMMblQ="},"lastRemoteEphemeralKey":"BQA7Elid/EDDGMeZhLzfwxKeu5Hun3/mKhrtqZt3Mgon","previousCounter":0,"rootKey":"8ZYhCFkMqIfCcB4LCnc3YQxMfJnOI42e2nxaZeEGsJs="},"indexInfo":{"baseKey":"BUoZJGxtePAuC9Fg6gj/YvXlRIc1y5eR8k3q+aPeTvMt","baseKeyType":1,"closed":-1,"used":1746714522199,"created":1746714522199,"remoteIdentityKey":"BRitNRmCds/IsYYwuAe9sAl9IrMzVhT2Ur83JcUgPQxR"},"_chains":{"Ba9MMU0iQulTnxEkwc7ksCXzBAHRyj32dp/T7jyGde8l":{"chainKey":{"counter":0,"key":"k26A/Sy+evHasFbP3igWdx+IgGyVOUapI+qLH/5yj2k="},"chainType":1,"messageKeys":{}}},"pendingPreKey":{"signedKeyId":1,"baseKey":"BUoZJGxtePAuC9Fg6gj/YvXlRIc1y5eR8k3q+aPeTvMt"}}},"version":"v1"}