{"_sessions":{"BcmtPZOYsM+XObqFR/D3wY222J1p2L+Ke2qXECGHD+kC":{"registrationId":1841157692,"currentRatchet":{"ephemeralKeyPair":{"pubKey":"Bcx6QWJdkTMA8wK71ZriHqqRE8q3OfqIQCfH89Ep2/s5","privKey":"GDMpQbICN4Sngup7NQ3zAmmE89ezleIsP5sgB9Ni2nI="},"lastRemoteEphemeralKey":"BWEtFm2A3VDP4GUkNYCtwqEEuAQRhr7diRHG/bZm2CBJ","previousCounter":0,"rootKey":"/C6WhhhKg8wJK4Qf9aFHAHbqHgp24NjqlDCfVlw/eks="},"indexInfo":{"baseKey":"BcmtPZOYsM+XObqFR/D3wY222J1p2L+Ke2qXECGHD+kC","baseKeyType":1,"closed":1746721111375,"used":1746721080354,"created":1746721080354,"remoteIdentityKey":"BUGJYvbjfChUwSAh74EBvEvwGbGi1gZXJ4eADDAPQs04"},"_chains":{"Bcx6QWJdkTMA8wK71ZriHqqRE8q3OfqIQCfH89Ep2/s5":{"chainKey":{"counter":0,"key":"IvJ6zdCUbCsOvkLi8X56jym1gojVXEux4/gJn8FzjaQ="},"chainType":1,"messageKeys":{}}},"pendingPreKey":{"signedKeyId":13,"baseKey":"BcmtPZOYsM+XObqFR/D3wY222J1p2L+Ke2qXECGHD+kC"}},"BcwThoNwuKoMF+Qq2uCoOutLvr/kB9lqqx9dVtSg0iE5":{"registrationId":1841157692,"currentRatchet":{"ephemeralKeyPair":{"pubKey":"BXcgcgQJKll2GxOARtYCKGMabc1PcyHjXQQzN4cDZgsK","privKey":"IL+PWFw6dKqwMech46IQyZia5odRaW04x6CPZGMI1Gg="},"lastRemoteEphemeralKey":"BWEtFm2A3VDP4GUkNYCtwqEEuAQRhr7diRHG/bZm2CBJ","previousCounter":0,"rootKey":"HdOaoFrF+lHv4+mBkvcIvG2gJXrd2iIkRhIOL+62sJE="},"indexInfo":{"baseKey":"BcwThoNwuKoMF+Qq2uCoOutLvr/kB9lqqx9dVtSg0iE5","baseKeyType":1,"closed":-1,"used":1746721111266,"created":1746721111266,"remoteIdentityKey":"BUGJYvbjfChUwSAh74EBvEvwGbGi1gZXJ4eADDAPQs04"},"_chains":{"BXcgcgQJKll2GxOARtYCKGMabc1PcyHjXQQzN4cDZgsK":{"chainKey":{"counter":2,"key":"B/6CUCg0wkRmhG+VWyq8DRK3GI2KKR9x7KZlI19LmEw="},"chainType":1,"messageKeys":{}}},"pendingPreKey":{"signedKeyId":13,"baseKey":"BcwThoNwuKoMF+Qq2uCoOutLvr/kB9lqqx9dVtSg0iE5"}}},"version":"v1"}