{"_sessions":{"BVo4uT5G5Xk25kMQ1qxhGBY6UcNVgPmlNrEMavGlnV5G":{"registrationId":532787201,"currentRatchet":{"ephemeralKeyPair":{"pubKey":"BfabS/W7fsApTvu4pZASvlNQwMcO27z5UZmVL+zGnMV/","privKey":"aGE9Rr/N8w4lhFpeVic25Moj4o9qZKHMu5ZOEVyYaXc="},"lastRemoteEphemeralKey":"BVy+bGvs1vUdH+u1YG6UDalcGo29Ka69YS18CeGdix5F","previousCounter":0,"rootKey":"+/eIKsDmtAT/thD4c8AroL5ywyTmwm5Nelb7bskh/IE="},"indexInfo":{"baseKey":"BVo4uT5G5Xk25kMQ1qxhGBY6UcNVgPmlNrEMavGlnV5G","baseKeyType":1,"closed":1746721104045,"used":1746721072738,"created":1746721072738,"remoteIdentityKey":"BTRe1G+kYCFqHYgrqdp+RxxEMiYaigkabZyTRfnbpDwV"},"_chains":{"BfabS/W7fsApTvu4pZASvlNQwMcO27z5UZmVL+zGnMV/":{"chainKey":{"counter":0,"key":"pCWdT9LonB3FM8tU0lzk0xdO03GD6YGvqullaaEL1vs="},"chainType":1,"messageKeys":{}}},"pendingPreKey":{"signedKeyId":15,"baseKey":"BVo4uT5G5Xk25kMQ1qxhGBY6UcNVgPmlNrEMavGlnV5G","preKeyId":9139123}},"BVCeSAtLrD63WlGIXnunhSmsrrHhC/Yz+ROmg+t2SIpt":{"registrationId":532787201,"currentRatchet":{"ephemeralKeyPair":{"pubKey":"BWuDDLoUNsqeGkugGaS2+2MCe98YjhuMdq4la+SSDPIK","privKey":"yGiR/9H9BXFRSHvCoqcxZRdpa7oGDyFUb+pJ8Ya6qHo="},"lastRemoteEphemeralKey":"BVy+bGvs1vUdH+u1YG6UDalcGo29Ka69YS18CeGdix5F","previousCounter":0,"rootKey":"72W5+zz/PUi7jd4O/QQPL7QIVzIeIW5oAzKEJJkQPuQ="},"indexInfo":{"baseKey":"BVCeSAtLrD63WlGIXnunhSmsrrHhC/Yz+ROmg+t2SIpt","baseKeyType":1,"closed":-1,"used":1746721103574,"created":1746721103574,"remoteIdentityKey":"BTRe1G+kYCFqHYgrqdp+RxxEMiYaigkabZyTRfnbpDwV"},"_chains":{"BWuDDLoUNsqeGkugGaS2+2MCe98YjhuMdq4la+SSDPIK":{"chainKey":{"counter":2,"key":"E61W3X7nOMa2E1F9Hf4O6LtIoXMeieaDh6YYoRkPbx8="},"chainType":1,"messageKeys":{}}},"pendingPreKey":{"signedKeyId":15,"baseKey":"BVCeSAtLrD63WlGIXnunhSmsrrHhC/Yz+ROmg+t2SIpt","preKeyId":9141890}}},"version":"v1"}