{"_sessions":{"BXAQfEXXTfLHhNZhcamPebDbZBQJmOk5or4qMZkrCMcy":{"registrationId":475543098,"currentRatchet":{"ephemeralKeyPair":{"pubKey":"BSZ3qqKwvKr1eT7SUKBZEnUK5njZ2SeT55fgFvkTRtB2","privKey":"MOOpeU0T9YrFJnYDOc0PCut63ejgIFLK8MXmTx4CRHI="},"lastRemoteEphemeralKey":"BRDJM/ONP/NRiv2Rp/e8xZv5ZdWhV9LHRvN36hr9gtpV","previousCounter":0,"rootKey":"w/JqXd99upXlDAlBEgQdtQsLBAvz6skKZitPJ7vZhAg="},"indexInfo":{"baseKey":"BXAQfEXXTfLHhNZhcamPebDbZBQJmOk5or4qMZkrCMcy","baseKeyType":1,"closed":1746721104068,"used":1746721072813,"created":1746721072813,"remoteIdentityKey":"BThz2rpLLCNgd//a9YMyR8FlBXnfTgP/DhTk1An3qul7"},"_chains":{"BSZ3qqKwvKr1eT7SUKBZEnUK5njZ2SeT55fgFvkTRtB2":{"chainKey":{"counter":0,"key":"3bpFJA+7T2m1v7MlGq46VjaP0Ykd8oRV6UeP4kQipDo="},"chainType":1,"messageKeys":{}}},"pendingPreKey":{"signedKeyId":0,"baseKey":"BXAQfEXXTfLHhNZhcamPebDbZBQJmOk5or4qMZkrCMcy","preKeyId":12762740}},"BdJ9nvJBifcKS6i03lsJWHPzT0oBFlxAuOg8tZPMOVV2":{"registrationId":475543098,"currentRatchet":{"ephemeralKeyPair":{"pubKey":"BWbUVizWIw2rWA5mZOxeKHPezxT95fyzl4IvfWUT1J5F","privKey":"aCBBCtq5DrpFhFwuvaJQNQdUilZ3oXvVZmLcmzFSLWg="},"lastRemoteEphemeralKey":"BRDJM/ONP/NRiv2Rp/e8xZv5ZdWhV9LHRvN36hr9gtpV","previousCounter":0,"rootKey":"Pnf1UuCx3e+yc5q9rX3HVU+mJMTShD/1R3xfpPEDRKU="},"indexInfo":{"baseKey":"BdJ9nvJBifcKS6i03lsJWHPzT0oBFlxAuOg8tZPMOVV2","baseKeyType":1,"closed":-1,"used":1746721103662,"created":1746721103662,"remoteIdentityKey":"BThz2rpLLCNgd//a9YMyR8FlBXnfTgP/DhTk1An3qul7"},"_chains":{"BWbUVizWIw2rWA5mZOxeKHPezxT95fyzl4IvfWUT1J5F":{"chainKey":{"counter":2,"key":"99CfkOlawJ44n1zUzL0CuRKNVoXwpMHBVZHp70/aMkA="},"chainType":1,"messageKeys":{}}},"pendingPreKey":{"signedKeyId":0,"baseKey":"BdJ9nvJBifcKS6i03lsJWHPzT0oBFlxAuOg8tZPMOVV2","preKeyId":12763408}}},"version":"v1"}