{"_sessions":{"BcHKDUKh+poYpP0BcbNnc0OV+J3y2nZduDx4UBYR8stW":{"registrationId":1935386781,"currentRatchet":{"ephemeralKeyPair":{"pubKey":"BTGjo5ilQTufAsJnlVTak/jfVFCTJl1Y6Q1Id2buCpE0","privKey":"iPAkMnwEHtoEHyB8AinnJfWNChdx6J7cBqHdzCQ0fFo="},"lastRemoteEphemeralKey":"BTz2pDTd0MetA/l98c5ijVSBJKye6tEiR2T/mTm74NIx","previousCounter":0,"rootKey":"PX87qsMelArob8OcUDyXQwgF57FyBLzEgFi0iTG+6+8="},"indexInfo":{"baseKey":"BcHKDUKh+poYpP0BcbNnc0OV+J3y2nZduDx4UBYR8stW","baseKeyType":1,"closed":1746721103952,"used":1746721072561,"created":1746721072561,"remoteIdentityKey":"BRyLzb0WyxTyQAFnrX5tGPbTDqSgjlCghW7BxNT8la4v"},"_chains":{"BTGjo5ilQTufAsJnlVTak/jfVFCTJl1Y6Q1Id2buCpE0":{"chainKey":{"counter":0,"key":"HUoBlvfKriuMHwNhOGuLsWNYW5bgp5ZE/oo7wRZrWsw="},"chainType":1,"messageKeys":{}}},"pendingPreKey":{"signedKeyId":2,"baseKey":"BcHKDUKh+poYpP0BcbNnc0OV+J3y2nZduDx4UBYR8stW"}},"BYoUmZgygYIlrOBagyYjoPioHlzwu+3hG6O3JwnfdksK":{"registrationId":1935386781,"currentRatchet":{"ephemeralKeyPair":{"pubKey":"BRQl9SDwglpv41hmip67SlSKYf2/Vm6qt9L8wsfjhVAs","privKey":"MAt/1XoMlgLk3L1VZ7AOSCKtHLX3FTpi50Y/EZEWp3E="},"lastRemoteEphemeralKey":"BTz2pDTd0MetA/l98c5ijVSBJKye6tEiR2T/mTm74NIx","previousCounter":0,"rootKey":"Qm1yIpPs/xQhapFxLbqJCujSRatqqTnhcr5IRJGPzEY="},"indexInfo":{"baseKey":"BYoUmZgygYIlrOBagyYjoPioHlzwu+3hG6O3JwnfdksK","baseKeyType":1,"closed":-1,"used":1746721103393,"created":1746721103393,"remoteIdentityKey":"BRyLzb0WyxTyQAFnrX5tGPbTDqSgjlCghW7BxNT8la4v"},"_chains":{"BRQl9SDwglpv41hmip67SlSKYf2/Vm6qt9L8wsfjhVAs":{"chainKey":{"counter":2,"key":"zA1KomclbVaqaYonJmAgC7ahFzVAG1z1zN9zas6P+iQ="},"chainType":1,"messageKeys":{}}},"pendingPreKey":{"signedKeyId":2,"baseKey":"BYoUmZgygYIlrOBagyYjoPioHlzwu+3hG6O3JwnfdksK"}}},"version":"v1"}