{"_sessions":{"BYrD1PCST0iyKc9Q2u/Bad3xrq+GA7fddlXklhB4Nwts":{"registrationId":590906340,"currentRatchet":{"ephemeralKeyPair":{"pubKey":"BZ4TZ5EzqaE+97cxxfAan1Zsspxk54XqXnYBF/fiHJdc","privKey":"yJ5RxlDsx2m3dcYcnApqOFzkRpjbAj15DY6PetnzXWw="},"lastRemoteEphemeralKey":"BfDyRjzLdP4DYmY506RG1gsBZvYM/CahzySmPlmD6KIR","previousCounter":0,"rootKey":"c/f4hzWQRqMwXf3FTuQZidECcEammBaMa0Uh1gDcJnA="},"indexInfo":{"baseKey":"BYrD1PCST0iyKc9Q2u/Bad3xrq+GA7fddlXklhB4Nwts","baseKeyType":1,"closed":1746721107880,"used":1746721076221,"created":1746721076221,"remoteIdentityKey":"BU2+UkSyqsVHNY4h6dRPL45jr/cwgvTU8Tkedw5WmOx1"},"_chains":{"BZ4TZ5EzqaE+97cxxfAan1Zsspxk54XqXnYBF/fiHJdc":{"chainKey":{"counter":0,"key":"SZtKSDjFSF4TpNAT3YcVQMpLUYSfUt2cD7//ssI8XIM="},"chainType":1,"messageKeys":{}}},"pendingPreKey":{"signedKeyId":1,"baseKey":"BYrD1PCST0iyKc9Q2u/Bad3xrq+GA7fddlXklhB4Nwts"}},"BXa2StoLJDBUGsLf8HGFyZ/AN+BlDsVgPn7Q1SlVvMRW":{"registrationId":590906340,"currentRatchet":{"ephemeralKeyPair":{"pubKey":"BTNomI2yakjMNpMjxIdmTm2QQBSlP2S5v77UkQq9RrtK","privKey":"mHLqh+5ocN59AGjNxDBQ+fkb+nbd4xpOfEehRXpDUF8="},"lastRemoteEphemeralKey":"BfDyRjzLdP4DYmY506RG1gsBZvYM/CahzySmPlmD6KIR","previousCounter":0,"rootKey":"12mBmh/bD10+nwAr/z8BCjpu0uN96+UKE84REzE+ikM="},"indexInfo":{"baseKey":"BXa2StoLJDBUGsLf8HGFyZ/AN+BlDsVgPn7Q1SlVvMRW","baseKeyType":1,"closed":-1,"used":1746721107720,"created":1746721107720,"remoteIdentityKey":"BU2+UkSyqsVHNY4h6dRPL45jr/cwgvTU8Tkedw5WmOx1"},"_chains":{"BTNomI2yakjMNpMjxIdmTm2QQBSlP2S5v77UkQq9RrtK":{"chainKey":{"counter":2,"key":"2vwJOXr1D9OsGx9xSsO3T+9EKnv1dupasS5KUtCt23g="},"chainType":1,"messageKeys":{}}},"pendingPreKey":{"signedKeyId":1,"baseKey":"BXa2StoLJDBUGsLf8HGFyZ/AN+BlDsVgPn7Q1SlVvMRW"}}},"version":"v1"}