{"_sessions":{"BfXjUscxBLNjZAfINuPmsaSTAwQ3NPqon7V88cNNjGsq":{"registrationId":1809507857,"currentRatchet":{"ephemeralKeyPair":{"pubKey":"BbbZGAenJoYSseJZWMOpVWel1oXsyooE7bN1djZIWGMs","privKey":"wEJ1IFp7B8CoWU+JIfHMRtXRNwVvE2Cp/471dW3ab1k="},"lastRemoteEphemeralKey":"BT5sM8PekKkIBOYw7dmwwv98Ay4q5L9n189igfDuNbw+","previousCounter":0,"rootKey":"PN4YI7emAsjLybQKJeXbsyI/KfcRyxX3Xgm4qHm2gGY="},"indexInfo":{"baseKey":"BfXjUscxBLNjZAfINuPmsaSTAwQ3NPqon7V88cNNjGsq","baseKeyType":1,"closed":1746721118433,"used":1746721086990,"created":1746721086990,"remoteIdentityKey":"BQnVQm8r1F1Tr/7Zfoe7nhgcdkxeQm5TGNA+kDQQSsZm"},"_chains":{"BbbZGAenJoYSseJZWMOpVWel1oXsyooE7bN1djZIWGMs":{"chainKey":{"counter":0,"key":"+x4N6zd3n63Sf9A9YG/fDzIbY6ajq7d5aqxk39UViMU="},"chainType":1,"messageKeys":{}}},"pendingPreKey":{"signedKeyId":5,"baseKey":"BfXjUscxBLNjZAfINuPmsaSTAwQ3NPqon7V88cNNjGsq","preKeyId":6050695}},"BbKDUb+iPiVDdmcVEcYRaq32tjpxqIuc1SMiZX9yrLtx":{"registrationId":1809507857,"currentRatchet":{"ephemeralKeyPair":{"pubKey":"BZtKkgUziodiWbNkGkDGw2VuTUJjC5idn+/f1XA/T8B1","privKey":"yJLM22Ii4O/pApognm2NnzXueDV1Z8b+8kgKWQeANV0="},"lastRemoteEphemeralKey":"BT5sM8PekKkIBOYw7dmwwv98Ay4q5L9n189igfDuNbw+","previousCounter":0,"rootKey":"lUpHw3smpsSajTM5YHDpQzCGpaEdxDlM1JUBOlemP3M="},"indexInfo":{"baseKey":"BbKDUb+iPiVDdmcVEcYRaq32tjpxqIuc1SMiZX9yrLtx","baseKeyType":1,"closed":-1,"used":1746721117947,"created":1746721117947,"remoteIdentityKey":"BQnVQm8r1F1Tr/7Zfoe7nhgcdkxeQm5TGNA+kDQQSsZm"},"_chains":{"BZtKkgUziodiWbNkGkDGw2VuTUJjC5idn+/f1XA/T8B1":{"chainKey":{"counter":2,"key":"CLH8P0MS0QMCP9gGWRteQpfoB2nwRuQXwtTLrkTXBN4="},"chainType":1,"messageKeys":{}}},"pendingPreKey":{"signedKeyId":5,"baseKey":"BbKDUb+iPiVDdmcVEcYRaq32tjpxqIuc1SMiZX9yrLtx","preKeyId":6050358}}},"version":"v1"}