{"_sessions":{"BdfzKgqNVLrIKcnIh+TWEdFtYkdRumMHF+yK0YByFNks":{"registrationId":874829242,"currentRatchet":{"ephemeralKeyPair":{"pubKey":"BbUJ1zarBVC+wmTISsGKSct6T8m4H3nko+JePgIw7U8i","privKey":"8E9AGZ2W7yIxtxxaxJZHGPpQkRWJgI0j5ZbfKwvkz0s="},"lastRemoteEphemeralKey":"Bc3Ok7ibpPVXxEoVAjqopF5xGuOPmcl9Jhuet7xHuZJI","previousCounter":0,"rootKey":"jjiHAjjEY7RNBVtW3x9t2T4t3Z6eOC044ZEwcHjqocw="},"indexInfo":{"baseKey":"BdfzKgqNVLrIKcnIh+TWEdFtYkdRumMHF+yK0YByFNks","baseKeyType":1,"closed":-1,"used":1746714525933,"created":1746714525933,"remoteIdentityKey":"BYgKKZtia7w7yHHfqvEZSiWh0T1Gj0uzyPFdrHTGYbhi"},"_chains":{"BbUJ1zarBVC+wmTISsGKSct6T8m4H3nko+JePgIw7U8i":{"chainKey":{"counter":0,"key":"BPgrsLDmZ8iZtNSup2Ni6Cp4eu0fJyknEhmq2EQ3TCA="},"chainType":1,"messageKeys":{}}},"pendingPreKey":{"signedKeyId":2,"baseKey":"BdfzKgqNVLrIKcnIh+TWEdFtYkdRumMHF+yK0YByFNks"}}},"version":"v1"}