{"_sessions":{"BZexfqWr8IYlNZdSeaa9MSFE8ndSbo0PWCKhO31KZFkB":{"registrationId":341397094,"currentRatchet":{"ephemeralKeyPair":{"pubKey":"BTrOsCiBt1chtO2OWehDPpjYBHmgxQShpHKf/JVVgcgc","privKey":"oJoCrXrc2t9dAe6gfVQtRuPHhM/bha3Rdc7f5xCIRnE="},"lastRemoteEphemeralKey":"BW160T4EAE5j6TqUxHUtMz+61Vur4deKaSGPyLGhac0q","previousCounter":0,"rootKey":"jpYTf+0M2BbJYWtjLLQUuP8j0J3J3lWKZpWsLO/Pg8k="},"indexInfo":{"baseKey":"BZexfqWr8IYlNZdSeaa9MSFE8ndSbo0PWCKhO31KZFkB","baseKeyType":1,"closed":-1,"used":1746714539933,"created":1746714539933,"remoteIdentityKey":"BXmANvcmW/uNoDHuU74CTydbJBpxrp4YKompLSjIN4VI"},"_chains":{"BTrOsCiBt1chtO2OWehDPpjYBHmgxQShpHKf/JVVgcgc":{"chainKey":{"counter":0,"key":"U5McMH4IKyXiUqouoKG7+f4LdWVtNs0/dLBHYKge4ls="},"chainType":1,"messageKeys":{}}},"pendingPreKey":{"signedKeyId":0,"baseKey":"BZexfqWr8IYlNZdSeaa9MSFE8ndSbo0PWCKhO31KZFkB","preKeyId":16535529}}},"version":"v1"}