{"_sessions":{"BbjhMQyVdfo9tuzbgno2KJehukL0d59cqAFNkvxKtnU3":{"registrationId":275067149,"currentRatchet":{"ephemeralKeyPair":{"pubKey":"BTUanWk4n/+GeDTp/n4cfccipeGKRNDmIrMLsQgm+Stu","privKey":"YHQ/+zXC6ZDVc4kENOLC0zMN6R78em2geuTZaRTo4mw="},"lastRemoteEphemeralKey":"BYdewtWrL20vFaKkd4hirNcIAdqBWicztFwOrAYuMM5a","previousCounter":0,"rootKey":"DnnecgW6IWbElRNhIMUk2qhcIojlFbX3SAKxPSm/uZ0="},"indexInfo":{"baseKey":"BbjhMQyVdfo9tuzbgno2KJehukL0d59cqAFNkvxKtnU3","baseKeyType":1,"closed":-1,"used":1746714529370,"created":1746714529370,"remoteIdentityKey":"Bf1I+skNcOZgsE5HltM5CvW5xuwKujrhbLwvKeL/+3c7"},"_chains":{"BTUanWk4n/+GeDTp/n4cfccipeGKRNDmIrMLsQgm+Stu":{"chainKey":{"counter":0,"key":"mJBYVUi1900r/CyYgeDirmXCPKNd8shFvGJuL349guA="},"chainType":1,"messageKeys":{}}},"pendingPreKey":{"signedKeyId":3,"baseKey":"BbjhMQyVdfo9tuzbgno2KJehukL0d59cqAFNkvxKtnU3"}}},"version":"v1"}