{"_sessions":{"BfWpjdleWZ5pcLV8sYSv1d9GcOOQuhf6honWH8k86b57":{"registrationId":1650835951,"currentRatchet":{"ephemeralKeyPair":{"pubKey":"Bd4tSbiP+96am/ATcigYycIObvvPGZYtb/Sfsxt2EL4K","privKey":"CPoajdoMI+NRdDkoSWkMkIYg9SGAU4oRrYCAw20MaXE="},"lastRemoteEphemeralKey":"BS/wo3fGQ5vttxfu40OL5nHr5J7vwJ9YUP40Yi9n8X8z","previousCounter":0,"rootKey":"sj64haHB0mcTCXClHovwNRQgcKmtdyVItB0rZjTKi1E="},"indexInfo":{"baseKey":"BfWpjdleWZ5pcLV8sYSv1d9GcOOQuhf6honWH8k86b57","baseKeyType":1,"closed":1746721118500,"used":1746721087222,"created":1746721087222,"remoteIdentityKey":"BeI+G/qo7AUcv2CAO64BBEAJNJkuHm89PmovvV0F0kZ1"},"_chains":{"Bd4tSbiP+96am/ATcigYycIObvvPGZYtb/Sfsxt2EL4K":{"chainKey":{"counter":0,"key":"lsKIktfoVNX2ErIh24VUoU62MXdkiTh3XS7BWkXpPI0="},"chainType":1,"messageKeys":{}}},"pendingPreKey":{"signedKeyId":5,"baseKey":"BfWpjdleWZ5pcLV8sYSv1d9GcOOQuhf6honWH8k86b57","preKeyId":14500244}},"BTsX+/pLF+4QzXESW2NLObVuGgcR/W42sdzGSnemFzRf":{"registrationId":1650835951,"currentRatchet":{"ephemeralKeyPair":{"pubKey":"BWH3618jd3rLFgqBd8vlXgGWxC80tyKV1kg7+80obIou","privKey":"wCuAANr+zgecpQjquV/ZY36dGrKI3iAOnNEig1iNUG4="},"lastRemoteEphemeralKey":"BS/wo3fGQ5vttxfu40OL5nHr5J7vwJ9YUP40Yi9n8X8z","previousCounter":0,"rootKey":"J9jTM3ACQYp0JG9Z5bntefFdyj53LZBtMe/nzHih1Zs="},"indexInfo":{"baseKey":"BTsX+/pLF+4QzXESW2NLObVuGgcR/W42sdzGSnemFzRf","baseKeyType":1,"closed":-1,"used":1746721118230,"created":1746721118230,"remoteIdentityKey":"BeI+G/qo7AUcv2CAO64BBEAJNJkuHm89PmovvV0F0kZ1"},"_chains":{"BWH3618jd3rLFgqBd8vlXgGWxC80tyKV1kg7+80obIou":{"chainKey":{"counter":2,"key":"g8aG9+phit3C2LTNLFwzjwKqP8iQZkf+Qigu9OjkW30="},"chainType":1,"messageKeys":{}}},"pendingPreKey":{"signedKeyId":5,"baseKey":"BTsX+/pLF+4QzXESW2NLObVuGgcR/W42sdzGSnemFzRf","preKeyId":14500706}}},"version":"v1"}