{"_sessions":{"BTAuQ9B+j92I4pOMoGtTx/OJLSGje9z51jD2srUSXRg6":{"registrationId":1960718431,"currentRatchet":{"ephemeralKeyPair":{"pubKey":"BWYLZ3grBGJuXmQfU8UabnCbwvoex1cCI3247W2w8YgO","privKey":"8CrJYBt7a8RoTm6+EwWsa0PSCXeZCcqeu+WANqD0HXA="},"lastRemoteEphemeralKey":"BWjeJUvHL1Rn6bkpWW+1mfTA7r20h5YsCcFP714Js1w5","previousCounter":0,"rootKey":"I3WJKxBSjcsyWOFVrrRWEeKzxJfawM8EIWezs+vblx8="},"indexInfo":{"baseKey":"BTAuQ9B+j92I4pOMoGtTx/OJLSGje9z51jD2srUSXRg6","baseKeyType":1,"closed":-1,"used":1746714529417,"created":1746714529417,"remoteIdentityKey":"BTSWbjcH5+jC08LRgj+3PERt9PHCFv804+PkjFnUsfRN"},"_chains":{"BWYLZ3grBGJuXmQfU8UabnCbwvoex1cCI3247W2w8YgO":{"chainKey":{"counter":0,"key":"+MCTzyKnsUirOE7m3G290AR86ie02ipbLC+nKFUxT6Y="},"chainType":1,"messageKeys":{}}},"pendingPreKey":{"signedKeyId":9,"baseKey":"BTAuQ9B+j92I4pOMoGtTx/OJLSGje9z51jD2srUSXRg6","preKeyId":7412754}}},"version":"v1"}