{"_sessions":{"BevX6yyseMPRjK+jGvfiHq/pQTUlalIWc+kkZhpR40kk":{"registrationId":1269541776,"currentRatchet":{"ephemeralKeyPair":{"pubKey":"BUC7nysMQfdlSsDNUHnMMcpOoz6zxSLTtw1lq012cj9C","privKey":"YATA6DTt6zw3rEn+sXKkmxfsVqzZDsFvbnTHo+jJqmM="},"lastRemoteEphemeralKey":"BaEYVXL4wHMaWHmE3lv8DTgLua30J2igO9ybJQNSB7Mv","previousCounter":0,"rootKey":"9BLANX2V3Rdo9ReyPbK6kHm/bShPgDh2uWcCh52SihE="},"indexInfo":{"baseKey":"BevX6yyseMPRjK+jGvfiHq/pQTUlalIWc+kkZhpR40kk","baseKeyType":1,"closed":1746721104075,"used":1746721072835,"created":1746721072835,"remoteIdentityKey":"BUrO3OdA9VS6qKiDnutJuc0RdeqWJbATpEUjtMJJLW4R"},"_chains":{"BUC7nysMQfdlSsDNUHnMMcpOoz6zxSLTtw1lq012cj9C":{"chainKey":{"counter":0,"key":"TXCwxHLwcGZgeQuL4xWaxZYHZ9Uzj5rcPAX//o1vEa8="},"chainType":1,"messageKeys":{}}},"pendingPreKey":{"signedKeyId":2,"baseKey":"BevX6yyseMPRjK+jGvfiHq/pQTUlalIWc+kkZhpR40kk","preKeyId":16338457}},"BdbzRS7FoaE8JVTdfD4mTvwyDPbKnWTiXU4DwJ1adAwC":{"registrationId":1269541776,"currentRatchet":{"ephemeralKeyPair":{"pubKey":"BYS6is53CE10m20cWv0s62g75FyOptCB+26oLbE+2sgv","privKey":"6LdS1KVzDhEppew67Z8RU+tsBL2xxr7jw/7WNSMW/F0="},"lastRemoteEphemeralKey":"BaEYVXL4wHMaWHmE3lv8DTgLua30J2igO9ybJQNSB7Mv","previousCounter":0,"rootKey":"YoI2qrepYtMa/6poZ4z2wLehBTPiSPM2/lPa6a/hepc="},"indexInfo":{"baseKey":"BdbzRS7FoaE8JVTdfD4mTvwyDPbKnWTiXU4DwJ1adAwC","baseKeyType":1,"closed":-1,"used":1746721103694,"created":1746721103694,"remoteIdentityKey":"BUrO3OdA9VS6qKiDnutJuc0RdeqWJbATpEUjtMJJLW4R"},"_chains":{"BYS6is53CE10m20cWv0s62g75FyOptCB+26oLbE+2sgv":{"chainKey":{"counter":2,"key":"dv0sXGIMknv0bIgZ+VaJt05lK9xVVt+9wsJjD0c/F8M="},"chainType":1,"messageKeys":{}}},"pendingPreKey":{"signedKeyId":2,"baseKey":"BdbzRS7FoaE8JVTdfD4mTvwyDPbKnWTiXU4DwJ1adAwC","preKeyId":16338864}}},"version":"v1"}