{"_sessions":{"BVTP//mQx6oMeCt5dj3ZByX6JAmSK52jWzEv2Vq2rWE+":{"registrationId":323351786,"currentRatchet":{"ephemeralKeyPair":{"pubKey":"Bbjgz/P51mWJinPyys4ZTKnxU8ljcN5MJyskiLYwxyYn","privKey":"qJhqBXBEwMI87UkFDndULj9YMLQhWEMHlvIHi4muQEs="},"lastRemoteEphemeralKey":"BTRE9+t85W5uUxzMbXa16FFoBiQobzTRJp0TlO64S6ZZ","previousCounter":0,"rootKey":"DxmaK6Aj2pnehF/lGOAJ93XnADToazpqHOUmGpKqMXA="},"indexInfo":{"baseKey":"BVTP//mQx6oMeCt5dj3ZByX6JAmSK52jWzEv2Vq2rWE+","baseKeyType":1,"closed":-1,"used":1746714522419,"created":1746714522419,"remoteIdentityKey":"BczrAUzpXIznOsttqvkTvREpY776Tljke9E/cd6TMXlx"},"_chains":{"Bbjgz/P51mWJinPyys4ZTKnxU8ljcN5MJyskiLYwxyYn":{"chainKey":{"counter":0,"key":"cFZNUwL0O7M5jJN/ObVm5WpDFXicBihmK6oyT1VRqNw="},"chainType":1,"messageKeys":{}}},"pendingPreKey":{"signedKeyId":3,"baseKey":"BVTP//mQx6oMeCt5dj3ZByX6JAmSK52jWzEv2Vq2rWE+","preKeyId":6840535}}},"version":"v1"}