{"_sessions":{"BcvV1Uskp+cWNDpr8xEVv71oR14/FKNe902kJp+nwRoC":{"registrationId":2144210717,"currentRatchet":{"ephemeralKeyPair":{"pubKey":"BaHf12MhZ7q3qg9gGuOUY+I0QBoqdKaA5MplX/n1jqIo","privKey":"MDTv+SQO9TyU8sj9cEk31xlhWshYUMbjPmSCuA6HnVQ="},"lastRemoteEphemeralKey":"Ba1u1htB3Ld/QnPFne9ZTVHWh2wtrJ5WZ9qRarJSArNN","previousCounter":0,"rootKey":"532qw4QKSMa2PLyDgBdAMptKsD4OeejCFG6TsmWOr3M="},"indexInfo":{"baseKey":"BcvV1Uskp+cWNDpr8xEVv71oR14/FKNe902kJp+nwRoC","baseKeyType":1,"closed":-1,"used":1746714543464,"created":1746714543464,"remoteIdentityKey":"BS7AYF9FVSkgPqm3oOao1hvJjY6YoOf2ri0DtrMMqpxp"},"_chains":{"BaHf12MhZ7q3qg9gGuOUY+I0QBoqdKaA5MplX/n1jqIo":{"chainKey":{"counter":0,"key":"1h4m1AOwn7y3p1mG3XyDhxXk1Frpcn99a9rWsHnIqWo="},"chainType":1,"messageKeys":{}}},"pendingPreKey":{"signedKeyId":0,"baseKey":"BcvV1Uskp+cWNDpr8xEVv71oR14/FKNe902kJp+nwRoC","preKeyId":11730426}}},"version":"v1"}