{"_sessions":{"BQA0zhYvv0qFdlJyTUs4EWBomHvC9NEk4yvmY0OVxugy":{"registrationId":1841714414,"currentRatchet":{"ephemeralKeyPair":{"pubKey":"BcFeE15OW/G/q3p8Qiy+kGB0BW3JGQ8xjE7grx3X++A9","privKey":"+Ik59VnN9qeY33houa4/z8ozh9y2o4dnVEmh8hwTd3s="},"lastRemoteEphemeralKey":"Ba4xYK3NLZNcvrVCylGIhWslZJQBqFVQss04jbNqLFsP","previousCounter":0,"rootKey":"tGc6QTQtzMviCO4jBoT9L6VQFASAfLGXHpa87z9lc58="},"indexInfo":{"baseKey":"BQA0zhYvv0qFdlJyTUs4EWBomHvC9NEk4yvmY0OVxugy","baseKeyType":1,"closed":-1,"used":1746714529537,"created":1746714529537,"remoteIdentityKey":"BVw2V5Nj2iXcxuFeHV6nHOkGCV/1ZVX+bI8SwVc9KQtQ"},"_chains":{"BcFeE15OW/G/q3p8Qiy+kGB0BW3JGQ8xjE7grx3X++A9":{"chainKey":{"counter":0,"key":"Kc0MwKpYCN0VUhK10+8bI73AQxcBm2ByMTIwK6CGqVY="},"chainType":1,"messageKeys":{}}},"pendingPreKey":{"signedKeyId":11122769,"baseKey":"BQA0zhYvv0qFdlJyTUs4EWBomHvC9NEk4yvmY0OVxugy"}}},"version":"v1"}