{"_sessions":{"BfDItUR1MZgoAEyq6KiwYe+WGXkSOOOdbYETTL8PWtt9":{"registrationId":1729030565,"currentRatchet":{"ephemeralKeyPair":{"pubKey":"BauIi6YtBeW2q4GD1cBw5VibuHqAPXw0gsv92zQBIxIo","privKey":"yO9nZvf0+Ep0jE5pvk2e4p/dCS7UFN51RESTKKvNfmw="},"lastRemoteEphemeralKey":"BdOwQ0w3NCwcNE+kHN+fZP12fgDZfwa79cfNbRqJT9gC","previousCounter":0,"rootKey":"PYyb/oT8mWOFevXtgVakpjf/q2AskL71SZrBbF+V1Xc="},"indexInfo":{"baseKey":"BfDItUR1MZgoAEyq6KiwYe+WGXkSOOOdbYETTL8PWtt9","baseKeyType":1,"closed":1746721103930,"used":1746721072466,"created":1746721072466,"remoteIdentityKey":"BYxclgHxEQfmcDlvcj8HpkYvfSIQ7sRUIYYwODHE3Zwf"},"_chains":{"BauIi6YtBeW2q4GD1cBw5VibuHqAPXw0gsv92zQBIxIo":{"chainKey":{"counter":0,"key":"cncAe1oTNKUYk/ha62efVyroZwA5IabBO0ovy1ZVJQc="},"chainType":1,"messageKeys":{}}},"pendingPreKey":{"signedKeyId":1,"baseKey":"BfDItUR1MZgoAEyq6KiwYe+WGXkSOOOdbYETTL8PWtt9","preKeyId":1271092}},"BeBvnA81dQHp2AjrSPKrWa2PZm9mQa1pLjU4si1Zbkow":{"registrationId":1729030565,"currentRatchet":{"ephemeralKeyPair":{"pubKey":"BWaK6s0/QD3IIi9XwzGQUIpVzPYVIC6VXWJB/tpjVoMu","privKey":"EMa5Ww4VeEKGTTtdIotF1OpQJT7/qKcbZzlZGNffw2A="},"lastRemoteEphemeralKey":"BdOwQ0w3NCwcNE+kHN+fZP12fgDZfwa79cfNbRqJT9gC","previousCounter":0,"rootKey":"6Qn62s2JnkFvSBrKZYTqaTQ2S8verTTDKOGNzfGWHpk="},"indexInfo":{"baseKey":"BeBvnA81dQHp2AjrSPKrWa2PZm9mQa1pLjU4si1Zbkow","baseKeyType":1,"closed":-1,"used":1746721103312,"created":1746721103312,"remoteIdentityKey":"BYxclgHxEQfmcDlvcj8HpkYvfSIQ7sRUIYYwODHE3Zwf"},"_chains":{"BWaK6s0/QD3IIi9XwzGQUIpVzPYVIC6VXWJB/tpjVoMu":{"chainKey":{"counter":2,"key":"JPaJP6m21x2aA/5InlztZfG664hVxGX/G0VDBGVtYbM="},"chainType":1,"messageKeys":{}}},"pendingPreKey":{"signedKeyId":1,"baseKey":"BeBvnA81dQHp2AjrSPKrWa2PZm9mQa1pLjU4si1Zbkow","preKeyId":1270988}}},"version":"v1"}