{"_sessions":{"BZ8NU826gUANwBT+V4zDk6+xj3/GyiJLp2s5fniGPWtg":{"registrationId":167211829,"currentRatchet":{"ephemeralKeyPair":{"pubKey":"BYH9iaFKl3YiqwcHiU4OR+ww8LmwR0PJseOif+z0PDk4","privKey":"8ESPsVnLHBq9E/pD597TqOZXq0h3DITchVf6qI1Eslc="},"lastRemoteEphemeralKey":"BVQn8Zno8haNoVtwpl491EpA22OEH+Pgx2R50JqcjGsm","previousCounter":0,"rootKey":"1lOuyj48vdpd4INYj2Tqwx81iuHG4FhTD32omDI+Daw="},"indexInfo":{"baseKey":"BZ8NU826gUANwBT+V4zDk6+xj3/GyiJLp2s5fniGPWtg","baseKeyType":1,"closed":1746721107827,"used":1746721076021,"created":1746721076021,"remoteIdentityKey":"BbGYKp3bfCi/quRmIykJ0s4c6HBjGF7NHCEe1yLMHoZh"},"_chains":{"BYH9iaFKl3YiqwcHiU4OR+ww8LmwR0PJseOif+z0PDk4":{"chainKey":{"counter":0,"key":"ANptWXRjerHDq/N2ASTCXNs0xGLRljmiJ0k/wrSQEPs="},"chainType":1,"messageKeys":{}}},"pendingPreKey":{"signedKeyId":4,"baseKey":"BZ8NU826gUANwBT+V4zDk6+xj3/GyiJLp2s5fniGPWtg","preKeyId":5724372}},"BQcHf/lucVW0cVIDZQeWiF0pXU31u888QwRVXwcWX0ZL":{"registrationId":167211829,"currentRatchet":{"ephemeralKeyPair":{"pubKey":"BUJBRiEreG7MovDXR97it+1bLLs/S/84JbE+kTHQdL1s","privKey":"KK5PRuj7V17LhPDi2PY5Dpe++SaMfq6SsvPVBC8Ssko="},"lastRemoteEphemeralKey":"BVQn8Zno8haNoVtwpl491EpA22OEH+Pgx2R50JqcjGsm","previousCounter":0,"rootKey":"EnVdaiTdcf97CwOhTL3p9povvu/VY2cY5sDom5wLafo="},"indexInfo":{"baseKey":"BQcHf/lucVW0cVIDZQeWiF0pXU31u888QwRVXwcWX0ZL","baseKeyType":1,"closed":-1,"used":1746721107566,"created":1746721107566,"remoteIdentityKey":"BbGYKp3bfCi/quRmIykJ0s4c6HBjGF7NHCEe1yLMHoZh"},"_chains":{"BUJBRiEreG7MovDXR97it+1bLLs/S/84JbE+kTHQdL1s":{"chainKey":{"counter":2,"key":"f5ZZBudijf94RkqMd5H7D/Ws4C0SWEqthgjTeZdbJxU="},"chainType":1,"messageKeys":{}}},"pendingPreKey":{"signedKeyId":4,"baseKey":"BQcHf/lucVW0cVIDZQeWiF0pXU31u888QwRVXwcWX0ZL","preKeyId":5724393}}},"version":"v1"}