{"_sessions":{"BRaZT1zj1dw9/BCAjUE9d7fcqUyPy21OxjQx/HbK6rgf":{"registrationId":1181744794,"currentRatchet":{"ephemeralKeyPair":{"pubKey":"BTx1Tbd0C1s6GmXzE3UdRgOoksMYSrdKyI8x37OOrrto","privKey":"wAbspMV5+rNGpF4sYJrTW6I+uqrfJIUaNObLJTLWBGQ="},"lastRemoteEphemeralKey":"BX9XoqAtoCy30nGUg02Gb1UtKASYLnhZ84dpbUpzF541","previousCounter":0,"rootKey":"QC1npARtUmo8Zqp8Upl+/As5uzZCMQSM8Ig0wlv5UtM="},"indexInfo":{"baseKey":"BRaZT1zj1dw9/BCAjUE9d7fcqUyPy21OxjQx/HbK6rgf","baseKeyType":1,"closed":-1,"used":1746714529532,"created":1746714529531,"remoteIdentityKey":"BUQCuNUQeQjoyGPy6l/7/XWdEgg5c04YaDwO8aiGBIYH"},"_chains":{"BTx1Tbd0C1s6GmXzE3UdRgOoksMYSrdKyI8x37OOrrto":{"chainKey":{"counter":0,"key":"vMzXC9ObXpSpZ5/jZ+OUv2/oXb2z+hec1S5kJYDJqoY="},"chainType":1,"messageKeys":{}}},"pendingPreKey":{"signedKeyId":3,"baseKey":"BRaZT1zj1dw9/BCAjUE9d7fcqUyPy21OxjQx/HbK6rgf","preKeyId":16301760}}},"version":"v1"}