{"_sessions":{"BcoxvPXkJ/UZvplAB76LIBezsVXE+U8fN4WRAuk6S9MQ":{"registrationId":490113238,"currentRatchet":{"ephemeralKeyPair":{"pubKey":"BZuAYVDzi+AcLTvYrbqGVThhCGUNhzfSY8mgbjHRN+BA","privKey":"wNB9glz9zJcY4x5H1IVAxiT1LveS1WNGVq7iqvH+HHg="},"lastRemoteEphemeralKey":"BVele3FlGN9DeDHSRGdJ7DmZ1/wcn++VMPby8VQ5ktAN","previousCounter":0,"rootKey":"Q8nXboNkRbSR9zkLJ1xxAvCEodtMQIjQYw90yXLFYSc="},"indexInfo":{"baseKey":"BcoxvPXkJ/UZvplAB76LIBezsVXE+U8fN4WRAuk6S9MQ","baseKeyType":1,"closed":1746721099072,"used":1746721068760,"created":1746721068760,"remoteIdentityKey":"BVCmxLX4LQlDR4s6H99G7V0U8TGkloBKEGwt3RFEWJwV"},"_chains":{"BZuAYVDzi+AcLTvYrbqGVThhCGUNhzfSY8mgbjHRN+BA":{"chainKey":{"counter":0,"key":"ME4GNAlZJRevuJVXeKua3AFpOu2DWDwG4aqnLhFFUtY="},"chainType":1,"messageKeys":{}}},"pendingPreKey":{"signedKeyId":1,"baseKey":"BcoxvPXkJ/UZvplAB76LIBezsVXE+U8fN4WRAuk6S9MQ","preKeyId":13842071}},"BYvGkQdnuSooDfZ/NHaCPDNurRBpeIJTh0ito5/E0+xl":{"registrationId":490113238,"currentRatchet":{"ephemeralKeyPair":{"pubKey":"Ba7yuuh882b48ly3QLPU9k92EVH8ttr8maw3y0vGCDwP","privKey":"kHRP+KY7Z7b0ySY+8qKB0gxZOHzPGZH2WTfiVkPwi0E="},"lastRemoteEphemeralKey":"BVele3FlGN9DeDHSRGdJ7DmZ1/wcn++VMPby8VQ5ktAN","previousCounter":0,"rootKey":"4U185Bb5lHtE/Wy+se4UVdrtDBE9PgOebHCksxQRBdw="},"indexInfo":{"baseKey":"BYvGkQdnuSooDfZ/NHaCPDNurRBpeIJTh0ito5/E0+xl","baseKeyType":1,"closed":-1,"used":1746721098465,"created":1746721098465,"remoteIdentityKey":"BVCmxLX4LQlDR4s6H99G7V0U8TGkloBKEGwt3RFEWJwV"},"_chains":{"Ba7yuuh882b48ly3QLPU9k92EVH8ttr8maw3y0vGCDwP":{"chainKey":{"counter":2,"key":"eMk5wd0zBd+bUgHWAKP6vkP2JD9DI6ADBt5a5zr0lbg="},"chainType":1,"messageKeys":{}}},"pendingPreKey":{"signedKeyId":1,"baseKey":"BYvGkQdnuSooDfZ/NHaCPDNurRBpeIJTh0ito5/E0+xl","preKeyId":13842083}}},"version":"v1"}