{"_sessions":{"BQYeSmhfnuxiAaD2wxUyWcQHtnTrWT4ulFTm8uZb3Jo6":{"registrationId":2117792659,"currentRatchet":{"ephemeralKeyPair":{"pubKey":"BceYIeqkfcTjqTzoArMf5DufKNVzZKVRiDCYh/zAy1s9","privKey":"+MQ7BohLDpRQ9dC3jIKtrhfX/WZfKrD+LUIxu9GzSmg="},"lastRemoteEphemeralKey":"BdwQIIbtIR3zcUmti388OGyqOtvgFbIUNYR9AmzGDd9z","previousCounter":0,"rootKey":"h3WAHO8XqxBek3EyhEBwqvHWFJ6OprQutlBlK/hVj28="},"indexInfo":{"baseKey":"BQYeSmhfnuxiAaD2wxUyWcQHtnTrWT4ulFTm8uZb3Jo6","baseKeyType":1,"closed":-1,"used":1746714522043,"created":1746714522043,"remoteIdentityKey":"BUanf0MyZFVzpNJPCUqlfZBi03b9VQlL8IfdhgGqK9BM"},"_chains":{"BceYIeqkfcTjqTzoArMf5DufKNVzZKVRiDCYh/zAy1s9":{"chainKey":{"counter":0,"key":"rMVEhvFkhBmwAtAJv43KFEDSi/uJT37afsLPXbh23f0="},"chainType":1,"messageKeys":{}}},"pendingPreKey":{"signedKeyId":1,"baseKey":"BQYeSmhfnuxiAaD2wxUyWcQHtnTrWT4ulFTm8uZb3Jo6"}}},"version":"v1"}