{"_sessions":{"BTy9xp5rAAkrst243/hmC4b6TrAWjq4xsftaPIoC8DhO":{"registrationId":1409264099,"currentRatchet":{"ephemeralKeyPair":{"pubKey":"BY0OOaP81R1HwFnqsgO/jTvUC4+hG9Dd9gGi0ztCdGg1","privKey":"eCmukbNcC9HCNdBQSL/UABpHfTKzVuxZDAulsGBZy3Y="},"lastRemoteEphemeralKey":"BYyz8/LK+KysgfyQfPFeZ+Rfxi7KcIUNDpuQ7RLDrRU3","previousCounter":0,"rootKey":"JVtSQmPu5k4O8sTAZbEt1IMyQ/9saO/Vtf0YqwBNT64="},"indexInfo":{"baseKey":"BTy9xp5rAAkrst243/hmC4b6TrAWjq4xsftaPIoC8DhO","baseKeyType":1,"closed":-1,"used":1746714522165,"created":1746714522165,"remoteIdentityKey":"BXYZKCN/+9q3vMypL/yYaLIhn88qe1sbs48qLWtOqls/"},"_chains":{"BY0OOaP81R1HwFnqsgO/jTvUC4+hG9Dd9gGi0ztCdGg1":{"chainKey":{"counter":0,"key":"Pq+y1LeRVbzO+9UwIxqI0bNH/0rf9hYeu/+0mKA9UXM="},"chainType":1,"messageKeys":{}}},"pendingPreKey":{"signedKeyId":0,"baseKey":"BTy9xp5rAAkrst243/hmC4b6TrAWjq4xsftaPIoC8DhO"}}},"version":"v1"}