{"_sessions":{"BRgtxvKyuSArfXRN9W5xMav10V59R2fLnEDZs28rb/p+":{"registrationId":1612184239,"currentRatchet":{"ephemeralKeyPair":{"pubKey":"BWnVnuRDE6lK9rLG3SmRSrsgOXCzUKzZXPNMwCU1lH4N","privKey":"0CVi3r7l6pgqTd2SxBGG4c9Tb1eK08OgeqsBBlb9hUw="},"lastRemoteEphemeralKey":"BShsLoz5gnupH5ONOKXPCUXii/XT9LYKku4pXMSwkWQf","previousCounter":0,"rootKey":"Zu03R8qoYVhCA6u+ByCiYwMroosMawZ6aC4ooe7pK50="},"indexInfo":{"baseKey":"BRgtxvKyuSArfXRN9W5xMav10V59R2fLnEDZs28rb/p+","baseKeyType":1,"closed":-1,"used":1746714529163,"created":1746714529163,"remoteIdentityKey":"BUQpaos5MgpFaJbNBkGf09PhI1yzCGrk93vGJ7T0m3Mx"},"_chains":{"BWnVnuRDE6lK9rLG3SmRSrsgOXCzUKzZXPNMwCU1lH4N":{"chainKey":{"counter":0,"key":"Zm57eK2VWGe8o6hSvPicHzMFRFTqTMN+m8HnKn3rA4c="},"chainType":1,"messageKeys":{}}},"pendingPreKey":{"signedKeyId":11998172,"baseKey":"BRgtxvKyuSArfXRN9W5xMav10V59R2fLnEDZs28rb/p+","preKeyId":1444}}},"version":"v1"}