{"_sessions":{"BS0n6SS3w3k7tfc7m94NYc8q3mfbgqBEsx7wKSxg2AYq":{"registrationId":812425724,"currentRatchet":{"ephemeralKeyPair":{"pubKey":"BXg00J0UbT6x5U+D5/K3oXFxy8XQ1v48RpmfRziNl/dx","privKey":"GJa6Gomn81TVPzuZOA1VNJjBQt6b4Y8W4eAmss4irUE="},"lastRemoteEphemeralKey":"BTj5e5QYbnZQQjgjMzeVK7PLX74RLWcFaS376r9s4Cpe","previousCounter":0,"rootKey":"ddscNyWD33bdVDsk34kkjtxm/mzKUAjfHt3RKY6eP0U="},"indexInfo":{"baseKey":"BS0n6SS3w3k7tfc7m94NYc8q3mfbgqBEsx7wKSxg2AYq","baseKeyType":1,"closed":-1,"used":1746714525706,"created":1746714525706,"remoteIdentityKey":"BcIz5H3UUnGTVTXc5+XqJDCA+fNoeqn6jdJnwGvlEIBh"},"_chains":{"BXg00J0UbT6x5U+D5/K3oXFxy8XQ1v48RpmfRziNl/dx":{"chainKey":{"counter":0,"key":"hOw7j8zbW2LjyumiroC0Zwg3gj/CNgGARyIBEap8cPA="},"chainType":1,"messageKeys":{}}},"pendingPreKey":{"signedKeyId":6,"baseKey":"BS0n6SS3w3k7tfc7m94NYc8q3mfbgqBEsx7wKSxg2AYq"}}},"version":"v1"}