{"_sessions":{"BVFE8PCJ2WSUnvULTlkMmtPqT5k7qR7lY1Nm/FKNZPAO":{"registrationId":163713534,"currentRatchet":{"ephemeralKeyPair":{"pubKey":"Be8cX1zdpePsnw29dOcNeRpdLEO04nGfjcC8i9GtNfMv","privKey":"QE2e1Dr1n8KNLozELjA1OtZRcJDw00tP4rZMyxpmAUw="},"lastRemoteEphemeralKey":"BaPKfOi6YM5/MbZIK/A+SdlzckBV4ZpxXYz7TPQ5LNpN","previousCounter":0,"rootKey":"wCUmM2oRal+ahNDNjqVGLF4JmfXnYFswNUgP3tmKEC0="},"indexInfo":{"baseKey":"BVFE8PCJ2WSUnvULTlkMmtPqT5k7qR7lY1Nm/FKNZPAO","baseKeyType":1,"closed":-1,"used":1746714525939,"created":1746714525939,"remoteIdentityKey":"BeynL8STpiz8shd5xzPImWowLB1DpvXTAQ9C4W8pCBsJ"},"_chains":{"Be8cX1zdpePsnw29dOcNeRpdLEO04nGfjcC8i9GtNfMv":{"chainKey":{"counter":0,"key":"eapQxG63gU7qVRbmVmFLoYmAaUdtcNriHpfPmzoIPQI="},"chainType":1,"messageKeys":{}}},"pendingPreKey":{"signedKeyId":5,"baseKey":"BVFE8PCJ2WSUnvULTlkMmtPqT5k7qR7lY1Nm/FKNZPAO","preKeyId":6861981}}},"version":"v1"}