{"_sessions":{"BRnLo+FmYCC01IhqBDww+E2zWJClvddxTW55rorClskZ":{"registrationId":1359478430,"currentRatchet":{"ephemeralKeyPair":{"pubKey":"BSfU1QG4XlvAsUTDghyslwaj5IUe794WOyH6pfGLgKR3","privKey":"EOsKHxc1f7HpKx49CbsYRK5bIj0gCCkBDZ94lFvGVHA="},"lastRemoteEphemeralKey":"BX6LQcizH5z0+EP53hjADTpjP0W3Wd0JcWPN+f10XQNj","previousCounter":0,"rootKey":"TbdKNDQzCNzGrvCh+Mbw7BZrXRaeQN9zbbHUk0PIPcE="},"indexInfo":{"baseKey":"BRnLo+FmYCC01IhqBDww+E2zWJClvddxTW55rorClskZ","baseKeyType":1,"closed":-1,"used":1746714525889,"created":1746714525889,"remoteIdentityKey":"BUlx+0Pe1DLj83FU9lIBHwiwHUicI/3SPR18f8/0leI9"},"_chains":{"BSfU1QG4XlvAsUTDghyslwaj5IUe794WOyH6pfGLgKR3":{"chainKey":{"counter":0,"key":"ZTSH2jLQXXr8erLMlV05m8Ss+vg9BixP+AKD+2VBUBw="},"chainType":1,"messageKeys":{}}},"pendingPreKey":{"signedKeyId":3,"baseKey":"BRnLo+FmYCC01IhqBDww+E2zWJClvddxTW55rorClskZ"}}},"version":"v1"}