{"_sessions":{"BV5ZSpWG7VzA79hMuceS5nSQv6G08ZsanFOAvd3ddkVt":{"registrationId":1947196228,"currentRatchet":{"ephemeralKeyPair":{"pubKey":"BdtjoUhoqzx2CAUl2XNYqXtSEEW9XJNiuHGm5A5N980l","privKey":"SDW6K123CTvw4lTzwCtriTUjlgiqbKeZTLBPiX5i834="},"lastRemoteEphemeralKey":"BSJTpzlk3fU3AetuLouUHbgQgaN4DqujKWOWuorB+R8L","previousCounter":0,"rootKey":"HTGZXtI75QAUJjrYQHAGuS8DJ4Ya0LxMX6cxST6A/iQ="},"indexInfo":{"baseKey":"BV5ZSpWG7VzA79hMuceS5nSQv6G08ZsanFOAvd3ddkVt","baseKeyType":1,"closed":-1,"used":1746714539767,"created":1746714539767,"remoteIdentityKey":"BXfTlJiTRAmT0MjQ+goJxqn23O34efS2ZM1rxrpG5qxD"},"_chains":{"BdtjoUhoqzx2CAUl2XNYqXtSEEW9XJNiuHGm5A5N980l":{"chainKey":{"counter":0,"key":"kjL+60wtBYTJq4CCaPl6WpaWvPrfuBhbKf3A6u4JNXc="},"chainType":1,"messageKeys":{}}},"pendingPreKey":{"signedKeyId":2,"baseKey":"BV5ZSpWG7VzA79hMuceS5nSQv6G08ZsanFOAvd3ddkVt"}}},"version":"v1"}