{"_sessions":{"BWkXvYie6LHzdVeJ+GKA0kKXTOj68ewuFZSIL/9H93dF":{"registrationId":350670135,"currentRatchet":{"ephemeralKeyPair":{"pubKey":"BTCYhpJ7hmHFKarPJSHlntmJAXl2aOf2t/bSU2QIMvF6","privKey":"8He2qTCCZKX5gonPhbGw94uAToMsR9QaPl8wwsQ1+XA="},"lastRemoteEphemeralKey":"BRf4hwvwaqOvrqiBqxWHePGF8gr1q9Vuy6uLyeMwwdco","previousCounter":0,"rootKey":"rL+5vm5tG6pKERus765t9FBI9eEn13ULgMtinltwXQo="},"indexInfo":{"baseKey":"BWkXvYie6LHzdVeJ+GKA0kKXTOj68ewuFZSIL/9H93dF","baseKeyType":1,"closed":1746721111331,"used":1746721080090,"created":1746721080090,"remoteIdentityKey":"BbxyPLxvuQ6xVdeRx6aC6P0pH7iYch6GRyJMqqVV9Idf"},"_chains":{"BTCYhpJ7hmHFKarPJSHlntmJAXl2aOf2t/bSU2QIMvF6":{"chainKey":{"counter":0,"key":"jrFIiQQ/MsNr5gVkpSPArlO35KuReazGXjQ904H3MOA="},"chainType":1,"messageKeys":{}}},"pendingPreKey":{"signedKeyId":11,"baseKey":"BWkXvYie6LHzdVeJ+GKA0kKXTOj68ewuFZSIL/9H93dF","preKeyId":16180431}},"BfwoIFf9TDh6eqdfIcg3YCUxs33U6NnUzimL1V3Dmjwc":{"registrationId":350670135,"currentRatchet":{"ephemeralKeyPair":{"pubKey":"BTWSKE7rVS1MYD2rgws4ooy/ixnOmf/VmliRtwHl0qBo","privKey":"eKVhwuV4EkWdA/sZypeo6wb25kurjd9+bVICJJ3vEm8="},"lastRemoteEphemeralKey":"BRf4hwvwaqOvrqiBqxWHePGF8gr1q9Vuy6uLyeMwwdco","previousCounter":0,"rootKey":"yi3C7FPcYPJ2ALkZlFOMfZSqOreTWVbelwXpUNZi0go="},"indexInfo":{"baseKey":"BfwoIFf9TDh6eqdfIcg3YCUxs33U6NnUzimL1V3Dmjwc","baseKeyType":1,"closed":-1,"used":1746721111031,"created":1746721111031,"remoteIdentityKey":"BbxyPLxvuQ6xVdeRx6aC6P0pH7iYch6GRyJMqqVV9Idf"},"_chains":{"BTWSKE7rVS1MYD2rgws4ooy/ixnOmf/VmliRtwHl0qBo":{"chainKey":{"counter":2,"key":"p+M++3ewXIbGjNMrxUwm9lNyumqi/V2lw0vppkgWMro="},"chainType":1,"messageKeys":{}}},"pendingPreKey":{"signedKeyId":11,"baseKey":"BfwoIFf9TDh6eqdfIcg3YCUxs33U6NnUzimL1V3Dmjwc","preKeyId":16179978}}},"version":"v1"}