{"_sessions":{"BVhIA5NDV9uCLXgmplgIF793j1oRJ4NecnDO62wftShd":{"registrationId":1557618085,"currentRatchet":{"ephemeralKeyPair":{"pubKey":"Bb6iUo6IPOfpMEPKjDDTMzQnZt4qGpIqKLkeGSlV0a45","privKey":"EM1wkQI1hhXxyYpHXZl7E0ypwgEhLS93tnZzQ2dEAH4="},"lastRemoteEphemeralKey":"BVxpNo8JE5WiovsSBsHMJmbcrARJhsr6M/pORoVS2wl3","previousCounter":0,"rootKey":"QMrngji6DV8GD87HHcKBsp8Wc0gKinAqc/w4kyvm6z8="},"indexInfo":{"baseKey":"BVhIA5NDV9uCLXgmplgIF793j1oRJ4NecnDO62wftShd","baseKeyType":1,"closed":-1,"used":1746714543394,"created":1746714543394,"remoteIdentityKey":"BQREOEcoS6ovojVw473NSyhxS06V+Z50LXyKiRgWXeNR"},"_chains":{"Bb6iUo6IPOfpMEPKjDDTMzQnZt4qGpIqKLkeGSlV0a45":{"chainKey":{"counter":0,"key":"XQAoTi4bwi4OSmvzFE/c2EkZYA9DlEMJpByqbFkIPSY="},"chainType":1,"messageKeys":{}}},"pendingPreKey":{"signedKeyId":6,"baseKey":"BVhIA5NDV9uCLXgmplgIF793j1oRJ4NecnDO62wftShd"}}},"version":"v1"}