{"_sessions":{"BWPevrUsfWdHBo2ucTTdjRtM+W1aJm0I0ibd2cHCQtk4":{"registrationId":1597415261,"currentRatchet":{"ephemeralKeyPair":{"pubKey":"Bc8p69AkC3HVpfaPhPauFpC0rIfbFZK8q7rGIxGrEg5z","privKey":"oIX5K/3C6+X5xN8Ld0DoejUBwg7wIzmXIghpBM/On0Y="},"lastRemoteEphemeralKey":"BUixrbHklY97IbQVsCPnWQJcxrbacOCThGD+LqIgcYRF","previousCounter":0,"rootKey":"xJylDPGUYTnMJWu5NnwmjIVo3sahxYJWAdoTqopoxA8="},"indexInfo":{"baseKey":"BWPevrUsfWdHBo2ucTTdjRtM+W1aJm0I0ibd2cHCQtk4","baseKeyType":1,"closed":-1,"used":1746714536550,"created":1746714536550,"remoteIdentityKey":"BdO3JZ8+7nRnvwcD2Nc+pvKV4gI9Caa0hnNqbIMPo+Mu"},"_chains":{"Bc8p69AkC3HVpfaPhPauFpC0rIfbFZK8q7rGIxGrEg5z":{"chainKey":{"counter":0,"key":"5XifW34ON3xHmEaKII0KYatHc1aufuJbyVlLXjTV8+I="},"chainType":1,"messageKeys":{}}},"pendingPreKey":{"signedKeyId":2,"baseKey":"BWPevrUsfWdHBo2ucTTdjRtM+W1aJm0I0ibd2cHCQtk4","preKeyId":3302983}}},"version":"v1"}