{"_sessions":{"BTjSjV1gdUaGPkCgz0rXUuysMiy/ahH0QrIBTDpnbLYC":{"registrationId":1194641870,"currentRatchet":{"ephemeralKeyPair":{"pubKey":"BYnPclDGiL9a1mT5WmbbCPx3b1P8PhZtfzpQMQX5edNL","privKey":"oFumXxcjA9uAlIWqD1xZ+Ovh7G+u3KKzXzk13d9BJlM="},"lastRemoteEphemeralKey":"BeXUXipwFngmanNRWrraRHzlGVmDxalIpz9R9OBviOE3","previousCounter":0,"rootKey":"GOfX8z+eNHeLdrb+gN++ZNwA2tbk6lO0GoVqU1sZiOY="},"indexInfo":{"baseKey":"BTjSjV1gdUaGPkCgz0rXUuysMiy/ahH0QrIBTDpnbLYC","baseKeyType":1,"closed":1746714547245,"used":1746714522304,"created":1746714522304,"remoteIdentityKey":"BVj4oAP+c0cYzQlK2yDNkHuSSHebNmzJ35XYKuv2jmpG"},"_chains":{"BYnPclDGiL9a1mT5WmbbCPx3b1P8PhZtfzpQMQX5edNL":{"chainKey":{"counter":0,"key":"B2vj9oZUU4R3defdxJqRFw2nQ34WquL+nsNeTNNZW1A="},"chainType":1,"messageKeys":{}}},"pendingPreKey":{"signedKeyId":1705525,"baseKey":"BTjSjV1gdUaGPkCgz0rXUuysMiy/ahH0QrIBTDpnbLYC","preKeyId":15730}},"BSgTrI+h5NKGUrq4ONwUtvVpQOjttR2TYMFOpEW3fmVX":{"registrationId":1194641870,"currentRatchet":{"ephemeralKeyPair":{"pubKey":"BT4kmWT8E6SdoyxKGWZEann+BxQt5ZuDlzEjIN0pYnF8","privKey":"wCmdDU3La3/yHdYGVq+HIdF7whRYIAVlnKOxhHQ0C20="},"lastRemoteEphemeralKey":"BWnNvZCzUsnRc7/ZoIRi1PVqe5r+1DA8sdidKeMjqnlT","previousCounter":0,"rootKey":"DwpwhF9cyziox8pdSS+GKIBbefrsrQp2BdRL6jWJbj8="},"indexInfo":{"baseKey":"BSgTrI+h5NKGUrq4ONwUtvVpQOjttR2TYMFOpEW3fmVX","baseKeyType":2,"closed":-1,"used":1746714547249,"created":1746714547249,"remoteIdentityKey":"BVj4oAP+c0cYzQlK2yDNkHuSSHebNmzJ35XYKuv2jmpG"},"_chains":{"BWnNvZCzUsnRc7/ZoIRi1PVqe5r+1DA8sdidKeMjqnlT":{"chainKey":{"counter":0,"key":"B7dMPgBtuKeJ4smrEtr7aBYTZWgVnUpDsAx3aYjWvKA="},"chainType":2,"messageKeys":{}},"BT4kmWT8E6SdoyxKGWZEann+BxQt5ZuDlzEjIN0pYnF8":{"chainKey":{"counter":-1,"key":"VMuVaUgkmEwAj6NwHwS3VkPHQkuEjnLCe0z4g8uu+cI="},"chainType":1,"messageKeys":{}}}}},"version":"v1"}