{"_sessions":{"Bc+XFvR6J6odYuOSBBPwyMXOWKuV9cnXmsEo+zyUuYtQ":{"registrationId":1234527701,"currentRatchet":{"ephemeralKeyPair":{"pubKey":"Bf1ow//8tT7tnI3yXFXO5F6+S6AR08PToas93NMg2Hx1","privKey":"oBIvnLj5FckHjQ3n6j5w5NF5I9L1pnr2zr+3zBqG8nI="},"lastRemoteEphemeralKey":"BSe1aOMyuQoMl7G2jqDHMz1x2JJxeaX1Dr6Oq1xKnnQq","previousCounter":0,"rootKey":"NFGfP04ZpfBitnmBqIhrPuAgbMuZVsEsqjEKlO3MX3E="},"indexInfo":{"baseKey":"Bc+XFvR6J6odYuOSBBPwyMXOWKuV9cnXmsEo+zyUuYtQ","baseKeyType":1,"closed":1746721104078,"used":1746721072848,"created":1746721072848,"remoteIdentityKey":"Bbvy+2fuCQrm+2HtRCNkttIfsOz1fTwJwUhRA9wS3scB"},"_chains":{"Bf1ow//8tT7tnI3yXFXO5F6+S6AR08PToas93NMg2Hx1":{"chainKey":{"counter":0,"key":"aIyrswKBa0A7/rvTjuIZk+u+5j39LyuhWePGUimf3AY="},"chainType":1,"messageKeys":{}}},"pendingPreKey":{"signedKeyId":8,"baseKey":"Bc+XFvR6J6odYuOSBBPwyMXOWKuV9cnXmsEo+zyUuYtQ","preKeyId":1733880}},"Bc//E5Ils3l3quMADOc8UGCc6ZBkr0KfyPiEJYBQiD4t":{"registrationId":1234527701,"currentRatchet":{"ephemeralKeyPair":{"pubKey":"BYy6w25FpjNktY1+3T3b1mHbFdK/bGTUPZbjfb6VRPFf","privKey":"OIHULniwdm/xbNDUq90A8tVrtM/IU5TN8pPkb5Upn1w="},"lastRemoteEphemeralKey":"BSe1aOMyuQoMl7G2jqDHMz1x2JJxeaX1Dr6Oq1xKnnQq","previousCounter":0,"rootKey":"Hd77Z/nJjdiooLcW4yCaU/ts4QDfUapBacysMLDznYk="},"indexInfo":{"baseKey":"Bc//E5Ils3l3quMADOc8UGCc6ZBkr0KfyPiEJYBQiD4t","baseKeyType":1,"closed":-1,"used":1746721103712,"created":1746721103712,"remoteIdentityKey":"Bbvy+2fuCQrm+2HtRCNkttIfsOz1fTwJwUhRA9wS3scB"},"_chains":{"BYy6w25FpjNktY1+3T3b1mHbFdK/bGTUPZbjfb6VRPFf":{"chainKey":{"counter":2,"key":"85lkPPqBqYSpruPzJQWe3bTHIKoVDkHAd+mGBXURhOk="},"chainType":1,"messageKeys":{}}},"pendingPreKey":{"signedKeyId":8,"baseKey":"Bc//E5Ils3l3quMADOc8UGCc6ZBkr0KfyPiEJYBQiD4t","preKeyId":1733809}}},"version":"v1"}