{"_sessions":{"BZAPyqdsLCkcZTIZeLc1IYQ8LlMhC4fpOJ4NMnGaUq4C":{"registrationId":1087726592,"currentRatchet":{"ephemeralKeyPair":{"pubKey":"BTsJt68Gl0aJATGdESIgqH8C/vc6iNQ+RMcQuWQuk2VN","privKey":"WBsX55zq1TmWwzHA5vvbVLsDyx3/YhwahpFLtxc7XUo="},"lastRemoteEphemeralKey":"BSPbRibpGE58UVAISRxux3kwr4iAJkxg+qp8Q4r00tUC","previousCounter":0,"rootKey":"UdFQswv2f2HKrm/vfihkX5AK/mguQuu+6rkZNoS6hT4="},"indexInfo":{"baseKey":"BZAPyqdsLCkcZTIZeLc1IYQ8LlMhC4fpOJ4NMnGaUq4C","baseKeyType":1,"closed":-1,"used":1746714522424,"created":1746714522424,"remoteIdentityKey":"Bar/MXXimyKuxBcXoSV6f5sDJT4jWVk8z4kXKvD3MKt5"},"_chains":{"BTsJt68Gl0aJATGdESIgqH8C/vc6iNQ+RMcQuWQuk2VN":{"chainKey":{"counter":0,"key":"hK9B4ig+qXI4Ue/PAs9VtYNi3t7w0bYw8NiXAfzC2QU="},"chainType":1,"messageKeys":{}}},"pendingPreKey":{"signedKeyId":1,"baseKey":"BZAPyqdsLCkcZTIZeLc1IYQ8LlMhC4fpOJ4NMnGaUq4C","preKeyId":8174138}}},"version":"v1"}