{"_sessions":{"BU/rFNVGbSRb9DjV9s4ka/+z2ACazW57UOZGLqwuQjoX":{"registrationId":700018201,"currentRatchet":{"ephemeralKeyPair":{"pubKey":"BczKjR8/zHpAH1O+eJg+7/JYiSWk2F4HA8AcwBNNqitG","privKey":"uImjn+dtvFtvVcuKnVUzm2jIt5jYhVDeEhbDuJ6QOG0="},"lastRemoteEphemeralKey":"BUGBFzSH7/ZgcTJOHgBHMkJy3OFg/cY+gbMuFA9FFJ4z","previousCounter":0,"rootKey":"kOJZgWGRKlS0hLqVXN0QDs7Nzg1xtjhrcs1LCdRA+Q8="},"indexInfo":{"baseKey":"BU/rFNVGbSRb9DjV9s4ka/+z2ACazW57UOZGLqwuQjoX","baseKeyType":1,"closed":1746721104036,"used":1746721072701,"created":1746721072701,"remoteIdentityKey":"Bfd1i/86XE9JtBOYJ3vuC+sSF3e3qgYK+piRSJavE8V9"},"_chains":{"BczKjR8/zHpAH1O+eJg+7/JYiSWk2F4HA8AcwBNNqitG":{"chainKey":{"counter":0,"key":"p3xYXUEQ2WrSNI9kzL+3vZ9gEjo4VSg2k/qjqcNUkL0="},"chainType":1,"messageKeys":{}}},"pendingPreKey":{"signedKeyId":2,"baseKey":"BU/rFNVGbSRb9DjV9s4ka/+z2ACazW57UOZGLqwuQjoX","preKeyId":11352084}},"Be+LTWD1KUN36qo6+eAnExx9Mr3Y43gDqRSxX1eXA+dN":{"registrationId":700018201,"currentRatchet":{"ephemeralKeyPair":{"pubKey":"BfhcjdMJHW29aTYyClqwkzoyoIVRHvUrtQZoBw3BAht4","privKey":"YD89O0WHiZaxks6UEUsnYL3Ke0U9rTvPuMHtsd/+T0Y="},"lastRemoteEphemeralKey":"BUGBFzSH7/ZgcTJOHgBHMkJy3OFg/cY+gbMuFA9FFJ4z","previousCounter":0,"rootKey":"bduiu3pRvEwd0Zf2yQQBxDCjjcJTmM54sm+vEZ32Ym4="},"indexInfo":{"baseKey":"Be+LTWD1KUN36qo6+eAnExx9Mr3Y43gDqRSxX1eXA+dN","baseKeyType":1,"closed":-1,"used":1746721103534,"created":1746721103534,"remoteIdentityKey":"Bfd1i/86XE9JtBOYJ3vuC+sSF3e3qgYK+piRSJavE8V9"},"_chains":{"BfhcjdMJHW29aTYyClqwkzoyoIVRHvUrtQZoBw3BAht4":{"chainKey":{"counter":2,"key":"xNOTC5KS1w1Wy6OQO+jl6c/iT4lF0taWke+5b0hETps="},"chainType":1,"messageKeys":{}}},"pendingPreKey":{"signedKeyId":2,"baseKey":"Be+LTWD1KUN36qo6+eAnExx9Mr3Y43gDqRSxX1eXA+dN","preKeyId":11352047}}},"version":"v1"}