{"_sessions":{"BXnkIIZ6Jolfoa/KKQ+u3Kx8wzErH0/z5vDjlWEV5QMI":{"registrationId":1301721918,"currentRatchet":{"ephemeralKeyPair":{"pubKey":"Bd86U98/W02oUlC30IL9RkYhKNcwR5S8529ZjP/azUlX","privKey":"4JU+bRQrc6OXh7rdSI0qh7uGPRb3BzprhSdjpIHuuHM="},"lastRemoteEphemeralKey":"BeMnMs54EsoQTH1GrtxMFxNKSgZorVHkiMu3L55OavBP","previousCounter":0,"rootKey":"+4Lu0H+wL/IiWEsKPaIyTrROlhu9KuiN0KQftwu0nL4="},"indexInfo":{"baseKey":"BXnkIIZ6Jolfoa/KKQ+u3Kx8wzErH0/z5vDjlWEV5QMI","baseKeyType":1,"closed":-1,"used":1746714539904,"created":1746714539904,"remoteIdentityKey":"BWDYAurvbVfT/C9NzFyuRF0m5XnvqKEPYjg7CAA/o90l"},"_chains":{"Bd86U98/W02oUlC30IL9RkYhKNcwR5S8529ZjP/azUlX":{"chainKey":{"counter":0,"key":"TpUcxF97mOt/ZsAhQLbZLHfad+1cMoVbVXk9hwqNkpg="},"chainType":1,"messageKeys":{}}},"pendingPreKey":{"signedKeyId":16405612,"baseKey":"BXnkIIZ6Jolfoa/KKQ+u3Kx8wzErH0/z5vDjlWEV5QMI","preKeyId":3031}}},"version":"v1"}