{"_sessions":{"BW84K5qxFtiVc4vyIrPVd3vpZHgONtpCcdzDOLehpkIO":{"registrationId":590906340,"currentRatchet":{"ephemeralKeyPair":{"pubKey":"BcURKfFspcGdtdOoq3hKP6SL72k4fPUmpN4Vg30fSMgG","privKey":"+KgrQsLWdFBG/CL92JV8nFIA04pcReeZ2C7qlBzbYlM="},"lastRemoteEphemeralKey":"BfDyRjzLdP4DYmY506RG1gsBZvYM/CahzySmPlmD6KIR","previousCounter":0,"rootKey":"+ehKfP8Ch38OgHJsTRbgdzkIiqw7kfx2MfYhAnDfVV4="},"indexInfo":{"baseKey":"BW84K5qxFtiVc4vyIrPVd3vpZHgONtpCcdzDOLehpkIO","baseKeyType":1,"closed":-1,"used":1746714529550,"created":1746714529550,"remoteIdentityKey":"BU2+UkSyqsVHNY4h6dRPL45jr/cwgvTU8Tkedw5WmOx1"},"_chains":{"BcURKfFspcGdtdOoq3hKP6SL72k4fPUmpN4Vg30fSMgG":{"chainKey":{"counter":0,"key":"uBIKFv2cqDYEg67KPhjHzs6cINI7WsLYJL/Hs4bU1yc="},"chainType":1,"messageKeys":{}}},"pendingPreKey":{"signedKeyId":1,"baseKey":"BW84K5qxFtiVc4vyIrPVd3vpZHgONtpCcdzDOLehpkIO"}}},"version":"v1"}