{"_sessions":{"Bew6x62X/b6cgATnW2wC+ILUAXIQfDWq42tAGjZSNthC":{"registrationId":9324,"currentRatchet":{"ephemeralKeyPair":{"pubKey":"BSXkHgsiBxADG/J+y+7Jhu9BmFkW85UEYTjxZ8U8n24G","privKey":"4BGV/Qd0U1jJzIPhfY3ORSMqfvStxtqVbN7+JlpwN3k="},"lastRemoteEphemeralKey":"BS7oa5IrbqPahkpm/YfoRc35QzxkF1Yua2Kqj/76qy59","previousCounter":0,"rootKey":"bY2VJxHFjtk5x3WOFd1jQaTmn4sFpI6GcJJu1KwRABE="},"indexInfo":{"baseKey":"Bew6x62X/b6cgATnW2wC+ILUAXIQfDWq42tAGjZSNthC","baseKeyType":1,"closed":-1,"used":1746714521984,"created":1746714521984,"remoteIdentityKey":"Be6+XIPF6p7ai/YYTXrlJuDCL7q/p/TLP+cZBPFWB6te"},"_chains":{"BSXkHgsiBxADG/J+y+7Jhu9BmFkW85UEYTjxZ8U8n24G":{"chainKey":{"counter":0,"key":"zSBQv1Z1rSQCFfrG0Ntwr3PDAAYCXPaiS+WZglsCwyA="},"chainType":1,"messageKeys":{}}},"pendingPreKey":{"signedKeyId":1,"baseKey":"Bew6x62X/b6cgATnW2wC+ILUAXIQfDWq42tAGjZSNthC"}}},"version":"v1"}