{"_sessions":{"BVzQH/9zwQTRqnx8tYor/vtNvGFegjyEk6gDociNMhZI":{"registrationId":315260228,"currentRatchet":{"ephemeralKeyPair":{"pubKey":"BQLGrv37nqTZY6D68bkkcVust2q9CkYnJ6oNAE/mj14Y","privKey":"uPWY7FSIgcJY4Za5s704R2gma1dxdluvVsIEuGZq0ms="},"lastRemoteEphemeralKey":"BeF34XBIqcnNmROsKpeyadbQe8Ip7wb+AE9XcEhBL0NO","previousCounter":0,"rootKey":"oLXlCM6Vzx+vmvZRxVThZLoNzCNopSFW1F3z/WN8Qxg="},"indexInfo":{"baseKey":"BVzQH/9zwQTRqnx8tYor/vtNvGFegjyEk6gDociNMhZI","baseKeyType":1,"closed":1746721099567,"used":1746721069324,"created":1746721069324,"remoteIdentityKey":"BbmDnjUrxRhF4HIE+2xaRslZPbBWMzZeGBhXwYbzkSta"},"_chains":{"BQLGrv37nqTZY6D68bkkcVust2q9CkYnJ6oNAE/mj14Y":{"chainKey":{"counter":0,"key":"TVA5lqH2gMRPiNW5Ng+jLbdxxVE8wyM7YE2wgFMNbqQ="},"chainType":1,"messageKeys":{}}},"pendingPreKey":{"signedKeyId":7,"baseKey":"BVzQH/9zwQTRqnx8tYor/vtNvGFegjyEk6gDociNMhZI","preKeyId":5740692}},"BdStMaikW3i8IOcqHa+ZGBHMZd21ofckgs0lzJba9QJw":{"registrationId":315260228,"currentRatchet":{"ephemeralKeyPair":{"pubKey":"BeW2Ck50q1dBg4v8FiEn2sgOYwn+TEDITcbwnVyrm48v","privKey":"eO//4dKnOJkeGcvNbaAsUhAXbjQfLcAFEcBcaitfrF8="},"lastRemoteEphemeralKey":"BeF34XBIqcnNmROsKpeyadbQe8Ip7wb+AE9XcEhBL0NO","previousCounter":0,"rootKey":"66mlWeAUzoP5wz2zkdJMHr0gzniROpB9eM3lPJ+vu+g="},"indexInfo":{"baseKey":"BdStMaikW3i8IOcqHa+ZGBHMZd21ofckgs0lzJba9QJw","baseKeyType":1,"closed":-1,"used":1746721098975,"created":1746721098975,"remoteIdentityKey":"BbmDnjUrxRhF4HIE+2xaRslZPbBWMzZeGBhXwYbzkSta"},"_chains":{"BeW2Ck50q1dBg4v8FiEn2sgOYwn+TEDITcbwnVyrm48v":{"chainKey":{"counter":2,"key":"Bf6Qy/ZCgzLVb+C/wyAFm6RRAvtjbIWu/aVx1italac="},"chainType":1,"messageKeys":{}}},"pendingPreKey":{"signedKeyId":7,"baseKey":"BdStMaikW3i8IOcqHa+ZGBHMZd21ofckgs0lzJba9QJw","preKeyId":5740681}}},"version":"v1"}