{"_sessions":{"BdfAndh2t3pBFo3ol88Ywv3992FvELXwyYNvOqY2TVgq":{"registrationId":1125464387,"currentRatchet":{"ephemeralKeyPair":{"pubKey":"BT/gwvs0ioDDZcGZuTC+WOwd7k1T2D6GLJr5xb1Xh/h2","privKey":"cPOeLyuRdlJpSUeIesyoBf6KJgeNaw4AFXYQdS7KBEk="},"lastRemoteEphemeralKey":"Bc8DimiInYfmXOJvIxbWb6GRbiTTxib766lAkyGP6vAr","previousCounter":0,"rootKey":"fPqyORDuMq+DHTdgXdUirU3+hBNRRikBz8yjaGXFMak="},"indexInfo":{"baseKey":"BdfAndh2t3pBFo3ol88Ywv3992FvELXwyYNvOqY2TVgq","baseKeyType":1,"closed":-1,"used":1746714522039,"created":1746714522039,"remoteIdentityKey":"BVMqpjf+N8jqZQ6CAFIlUKK+KWnrQMbOIJaSskJBp1I3"},"_chains":{"BT/gwvs0ioDDZcGZuTC+WOwd7k1T2D6GLJr5xb1Xh/h2":{"chainKey":{"counter":0,"key":"9snTRN4KhUGEvljciP8l10a9JPJL9wfB78hlxikTOhg="},"chainType":1,"messageKeys":{}}},"pendingPreKey":{"signedKeyId":1,"baseKey":"BdfAndh2t3pBFo3ol88Ywv3992FvELXwyYNvOqY2TVgq"}}},"version":"v1"}