{"_sessions":{"Bf0mGT0f3SGZNESj5/JO6mSwuv8pxOW6lk4worTRFb9c":{"registrationId":204420935,"currentRatchet":{"ephemeralKeyPair":{"pubKey":"Beev7pHE7f7YQhTJ4lmtDVCCkk2hOIvufB0wWWjh+Ote","privKey":"KHa5q0arjU7A4a8jE/LntiunRfZwkPkDNWImYval21s="},"lastRemoteEphemeralKey":"BY1Fs4AXi2nsDb8ZW3AhbSfGmTwBZhItoCoJlsIYmdYh","previousCounter":0,"rootKey":"ia88Ln1YG5O5JLhhm7O8WcRvhus+iF64FRCkLfxKBxE="},"indexInfo":{"baseKey":"Bf0mGT0f3SGZNESj5/JO6mSwuv8pxOW6lk4worTRFb9c","baseKeyType":1,"closed":-1,"used":1746714525715,"created":1746714525715,"remoteIdentityKey":"BbS4wksFFXjUxF/hdk37VLc2TWsZEXwClR2U0ZS6DHh5"},"_chains":{"Beev7pHE7f7YQhTJ4lmtDVCCkk2hOIvufB0wWWjh+Ote":{"chainKey":{"counter":0,"key":"/gvpogYFiaJKlSsBWogeJsSloJmFOnonCjgWs3KoH0w="},"chainType":1,"messageKeys":{}}},"pendingPreKey":{"signedKeyId":1,"baseKey":"Bf0mGT0f3SGZNESj5/JO6mSwuv8pxOW6lk4worTRFb9c","preKeyId":10365513}}},"version":"v1"}