{"_sessions":{"BawLRGKtXEGDMnBmuinnNfPUXV9/B5Ws6XdFTfGxDthT":{"registrationId":140878616,"currentRatchet":{"ephemeralKeyPair":{"pubKey":"BR7l7m+z8Q2cqyHWN1WK9uHYJxYaEANh3gqSrTIxHJIj","privKey":"wF+D2K8tuwNJbD6R+1ki5++7rYTYy4iJCqzUibDvUFk="},"lastRemoteEphemeralKey":"BeT+mJq/zMef3GdHDCdPOqeudtbE9tSKzKJZUzzklFcN","previousCounter":0,"rootKey":"zI1oN+lmsJcp8sQetd5dRt3canF8yi7JzZhyPJJP3Zw="},"indexInfo":{"baseKey":"BawLRGKtXEGDMnBmuinnNfPUXV9/B5Ws6XdFTfGxDthT","baseKeyType":1,"closed":1746721104047,"used":1746721072743,"created":1746721072743,"remoteIdentityKey":"BZBG9iG0GMNYWwAmbDEvFYhl+BrN4PKJ6wfenGGoWlpq"},"_chains":{"BR7l7m+z8Q2cqyHWN1WK9uHYJxYaEANh3gqSrTIxHJIj":{"chainKey":{"counter":0,"key":"ooyGQi8fE3RlGLwNvJ0eX5INFpULxmfQSEoy+PId5ec="},"chainType":1,"messageKeys":{}}},"pendingPreKey":{"signedKeyId":3,"baseKey":"BawLRGKtXEGDMnBmuinnNfPUXV9/B5Ws6XdFTfGxDthT","preKeyId":13767709}},"Bf8ExhkQ+NKho+OdF/vKSGhRVs9l7F70IkcKTJBOrFIg":{"registrationId":140878616,"currentRatchet":{"ephemeralKeyPair":{"pubKey":"BcyrMBqyxHnGWrKYzeOQzTLZLngmrm/1UcK6OwFKqwdM","privKey":"QHX1WjrY08K3nGfYBerBvN/b/DebHMWHbeD2CyaF5Wc="},"lastRemoteEphemeralKey":"BeT+mJq/zMef3GdHDCdPOqeudtbE9tSKzKJZUzzklFcN","previousCounter":0,"rootKey":"XZ98C/eLXEsAOiqguWH25Tcj1EK0l6L4grCgSCkL3yk="},"indexInfo":{"baseKey":"Bf8ExhkQ+NKho+OdF/vKSGhRVs9l7F70IkcKTJBOrFIg","baseKeyType":1,"closed":-1,"used":1746721103581,"created":1746721103581,"remoteIdentityKey":"BZBG9iG0GMNYWwAmbDEvFYhl+BrN4PKJ6wfenGGoWlpq"},"_chains":{"BcyrMBqyxHnGWrKYzeOQzTLZLngmrm/1UcK6OwFKqwdM":{"chainKey":{"counter":2,"key":"+l6Ne98Het4snkV6LEFpChIzY+2v2mbjn1AFVvxRITg="},"chainType":1,"messageKeys":{}}},"pendingPreKey":{"signedKeyId":3,"baseKey":"Bf8ExhkQ+NKho+OdF/vKSGhRVs9l7F70IkcKTJBOrFIg","preKeyId":13767727}}},"version":"v1"}