{"_sessions":{"BW8WT5qmVhGmP9wZCAYY0WFD+XiYwxLiEZTaLaNIgYpA":{"registrationId":5755,"currentRatchet":{"ephemeralKeyPair":{"pubKey":"BVQOUmXX4cDx/ReDfRm9HXQRmehoLO8MOBCO7Q/5QYdF","privKey":"EJyBQudKqQxAFT2I4PpSRUmnoyVGN40QwkVwucQuFEc="},"lastRemoteEphemeralKey":"Bd/9ViL+EnGveD/7lMHrKuRkJYR+U++ZRKFwVmdw9CRB","previousCounter":0,"rootKey":"bULKto3WC/nsTL1p8MpH5CZdqcH6vR5dPnqvqxIXcqE="},"indexInfo":{"baseKey":"BW8WT5qmVhGmP9wZCAYY0WFD+XiYwxLiEZTaLaNIgYpA","baseKeyType":1,"closed":1746721099232,"used":1746721069026,"created":1746721069026,"remoteIdentityKey":"BXdbD9Ld7BJQsjzHQLAvcrJx0My1/AIRdkCbxYkl+mMR"},"_chains":{"BVQOUmXX4cDx/ReDfRm9HXQRmehoLO8MOBCO7Q/5QYdF":{"chainKey":{"counter":0,"key":"hkIt03oEVPUNeokZjInrqEnWwnCc/QxlDVXIyRhFx4w="},"chainType":1,"messageKeys":{}}},"pendingPreKey":{"signedKeyId":1,"baseKey":"BW8WT5qmVhGmP9wZCAYY0WFD+XiYwxLiEZTaLaNIgYpA"}},"BdSKBoczaRHyl03xiHM46fOL6p7F/8Mv5lqbEvO+Ubtx":{"registrationId":5755,"currentRatchet":{"ephemeralKeyPair":{"pubKey":"BVHLJ1iO5bKQ2e/PR7zOuijPGckuxb/3GyO0Sppaq95s","privKey":"QKxJqBxzI8Pa2nctS5TbF45F8MwiFBU8tecCN05xWHM="},"lastRemoteEphemeralKey":"Bd/9ViL+EnGveD/7lMHrKuRkJYR+U++ZRKFwVmdw9CRB","previousCounter":0,"rootKey":"7N/q6p3yR8dVLNovnoZS/a7JfqFD/86rCr0vzmEoP38="},"indexInfo":{"baseKey":"BdSKBoczaRHyl03xiHM46fOL6p7F/8Mv5lqbEvO+Ubtx","baseKeyType":1,"closed":-1,"used":1746721098697,"created":1746721098697,"remoteIdentityKey":"BXdbD9Ld7BJQsjzHQLAvcrJx0My1/AIRdkCbxYkl+mMR"},"_chains":{"BVHLJ1iO5bKQ2e/PR7zOuijPGckuxb/3GyO0Sppaq95s":{"chainKey":{"counter":2,"key":"75gB8vfty2BnJ5bCBAFGN//Zqy0Vq6ERlBDfC5aC5H0="},"chainType":1,"messageKeys":{}}},"pendingPreKey":{"signedKeyId":1,"baseKey":"BdSKBoczaRHyl03xiHM46fOL6p7F/8Mv5lqbEvO+Ubtx"}}},"version":"v1"}