{"_sessions":{"BdHR77M1ZPY0Gw2v2gK7QDy6f+s3VltuDDeBsK4CX4R3":{"registrationId":854586567,"currentRatchet":{"ephemeralKeyPair":{"pubKey":"BSUbn4NKFK28EXUsAK+UNxZCHZuP9tqhhroNTBhlacEM","privKey":"gBAGWmvC3c2h6jrSK61/ITaJ9XYdqShvVGEm5vej2lM="},"lastRemoteEphemeralKey":"BTgF54GMfXtB6KImIHJZMsE2TRkyLHbUTU1BDJIKKsoh","previousCounter":0,"rootKey":"aIdQ5ogoYAomHkDZ4vKJ8LBE9QLIY3U5ccT39pGBo+4="},"indexInfo":{"baseKey":"BdHR77M1ZPY0Gw2v2gK7QDy6f+s3VltuDDeBsK4CX4R3","baseKeyType":1,"closed":-1,"used":1746714536289,"created":1746714536289,"remoteIdentityKey":"BcqDhLOK8gOYRrZH4nkLTmXy8wCHvtRMEz0vrwGaWFpG"},"_chains":{"BSUbn4NKFK28EXUsAK+UNxZCHZuP9tqhhroNTBhlacEM":{"chainKey":{"counter":0,"key":"9iObJEFcC4GRMrMeyrJ37eWk7CZULK8IdMecTYNFBX0="},"chainType":1,"messageKeys":{}}},"pendingPreKey":{"signedKeyId":53,"baseKey":"BdHR77M1ZPY0Gw2v2gK7QDy6f+s3VltuDDeBsK4CX4R3","preKeyId":8949767}}},"version":"v1"}