{"_sessions":{"Bdyqw7HPY3kJCBljUkvLd7jEZrXXbN3NtMjBfuPTPUNw":{"registrationId":1218936624,"currentRatchet":{"ephemeralKeyPair":{"pubKey":"BS1V62Do+DHpJ1yeUAdLP/HJ2eTfXZXLoF5xHpzujAFB","privKey":"SPOSJRZ+S4eZpO2gqIwwMx0KBp6xxwaBHqK1q5HDdmI="},"lastRemoteEphemeralKey":"BU4fBjPnKS91SRO9YQXltydTXB6hmI8VzL1sJ5usTK1m","previousCounter":0,"rootKey":"dkspmK6bCzlKBSJcM8yv9W31PKiztKJGbMlBTCG+8qo="},"indexInfo":{"baseKey":"Bdyqw7HPY3kJCBljUkvLd7jEZrXXbN3NtMjBfuPTPUNw","baseKeyType":1,"closed":-1,"used":1746714525609,"created":1746714525609,"remoteIdentityKey":"BXoNrratquq1hDrbAssJE9gkEFNu2x0Ss5kcfwY3uWRs"},"_chains":{"BS1V62Do+DHpJ1yeUAdLP/HJ2eTfXZXLoF5xHpzujAFB":{"chainKey":{"counter":0,"key":"h348X7I9MzXO27Mj7ksM04K8ELbOR2zh1R5lV5sgiM4="},"chainType":1,"messageKeys":{}}},"pendingPreKey":{"signedKeyId":10,"baseKey":"Bdyqw7HPY3kJCBljUkvLd7jEZrXXbN3NtMjBfuPTPUNw","preKeyId":7882948}}},"version":"v1"}