{"_sessions":{"BZ6qZ1yJ0Y+w71gqZR+h8R92ltojb93KERuwYhIDN95E":{"registrationId":956657302,"currentRatchet":{"ephemeralKeyPair":{"pubKey":"BbB6uIm8NUNiaLIKEARaO/VKNV8SuSNGI3P5xCjBoYcj","privKey":"AHQb3Ed2CgtwwwyL95ynToiRjyr1vNXR3dj5YmKTQ08="},"lastRemoteEphemeralKey":"BREXZKhauOhwJl3Tg0253K/+e4R7XmWY+gYShGsg53M0","previousCounter":0,"rootKey":"RV5dRXjqE58oNyLXfxbDrQVAzgezWdimnAtLXFibLBM="},"indexInfo":{"baseKey":"BZ6qZ1yJ0Y+w71gqZR+h8R92ltojb93KERuwYhIDN95E","baseKeyType":1,"closed":1746721122168,"used":1746721090294,"created":1746721090294,"remoteIdentityKey":"BZU4G4xQB+5PRWlQ4uZcPJ3KeMLBVEc+IYpQKq2MN2Yy"},"_chains":{"BbB6uIm8NUNiaLIKEARaO/VKNV8SuSNGI3P5xCjBoYcj":{"chainKey":{"counter":0,"key":"rpozGGoQt4vPI4p6HIMpdVn5ZfDdWcTspSIP9u9DB1g="},"chainType":1,"messageKeys":{}}},"pendingPreKey":{"signedKeyId":11,"baseKey":"BZ6qZ1yJ0Y+w71gqZR+h8R92ltojb93KERuwYhIDN95E","preKeyId":7479501}},"BRHiiqRKtjQZptlOJ98tt8t3Z/hi+eI0YVCOmwUtwXtF":{"registrationId":956657302,"currentRatchet":{"ephemeralKeyPair":{"pubKey":"BbQnEc1kDeZiEpDOkJj9j/FsqrnKKcqFx3gbPVLQSHRc","privKey":"gKNPZ0vHAwxXW4Buhrtu/EAyNSK+QlaC9GJhZS9SHmU="},"lastRemoteEphemeralKey":"BREXZKhauOhwJl3Tg0253K/+e4R7XmWY+gYShGsg53M0","previousCounter":0,"rootKey":"Uzp8icpBQNwhhl2ofPUaSOj7goCbmggJQeQY95cikn0="},"indexInfo":{"baseKey":"BRHiiqRKtjQZptlOJ98tt8t3Z/hi+eI0YVCOmwUtwXtF","baseKeyType":1,"closed":-1,"used":1746721121593,"created":1746721121593,"remoteIdentityKey":"BZU4G4xQB+5PRWlQ4uZcPJ3KeMLBVEc+IYpQKq2MN2Yy"},"_chains":{"BbQnEc1kDeZiEpDOkJj9j/FsqrnKKcqFx3gbPVLQSHRc":{"chainKey":{"counter":2,"key":"c48Zmn20lXAJuBrfNOl182GY2Yfz3f82/2BNrafzPLQ="},"chainType":1,"messageKeys":{}}},"pendingPreKey":{"signedKeyId":11,"baseKey":"BRHiiqRKtjQZptlOJ98tt8t3Z/hi+eI0YVCOmwUtwXtF","preKeyId":7479538}}},"version":"v1"}