{"_sessions":{"BTy8HVNyNwQOrA2zHXKCrqOiGUjp57X/jByS+NzsY21p":{"registrationId":1933478158,"currentRatchet":{"ephemeralKeyPair":{"pubKey":"BbL9XUSB0ivuviXolWxGcVUE/vt8+Ds0Na6xraWUwoRY","privKey":"UJna2cks0t4DD3HnL5b5LVm9InaDbxlPUJtSPH40b1Y="},"lastRemoteEphemeralKey":"BUTq4Q/ZqA6sLpzxZSkK7d4GJLwXO1lVp3EAg2VLZSgM","previousCounter":0,"rootKey":"FY7Cvoykp2vj/Fx3Yz9+nnJX9mMYS1eDHD9ChABF7uM="},"indexInfo":{"baseKey":"BTy8HVNyNwQOrA2zHXKCrqOiGUjp57X/jByS+NzsY21p","baseKeyType":1,"closed":-1,"used":1746714522333,"created":1746714522333,"remoteIdentityKey":"BcdL6LjRuWHrT/5nk3vf+QtHSaViVi1khqtl2dp4WSsj"},"_chains":{"BbL9XUSB0ivuviXolWxGcVUE/vt8+Ds0Na6xraWUwoRY":{"chainKey":{"counter":0,"key":"qbcu6ecV1z9kjYyCZ7jpJSP9mH1oZdzvD3faVxmFyBU="},"chainType":1,"messageKeys":{}}},"pendingPreKey":{"signedKeyId":1,"baseKey":"BTy8HVNyNwQOrA2zHXKCrqOiGUjp57X/jByS+NzsY21p"}}},"version":"v1"}