{"_sessions":{"BQby7MqQqfXmCW7ZtVgIp6IV9Qj2cWFwtOKqbgkfJatL":{"registrationId":514118681,"currentRatchet":{"ephemeralKeyPair":{"pubKey":"BR5aBpPm9RaZGho/hLcptyWs4VRwAGXnwMJUvMsfboAn","privKey":"yMPy3MsONXu7gamsESFKZ/IgAKWtrhbjvUv6SuDnsXM="},"lastRemoteEphemeralKey":"BeMHKMWWyzaN4IROy7jaJ/oXI4gPJUEvspdYhCw/pqgB","previousCounter":0,"rootKey":"1rpCSgjL+FSSKAEtKaJEhEFGnlddMOBT6IRoSB+DTog="},"indexInfo":{"baseKey":"BQby7MqQqfXmCW7ZtVgIp6IV9Qj2cWFwtOKqbgkfJatL","baseKeyType":1,"closed":1746721104089,"used":1746721072888,"created":1746721072888,"remoteIdentityKey":"BbNQZDGPTMppIspvTLa869s2yvRRcEAX5xJtiIVssv5O"},"_chains":{"BR5aBpPm9RaZGho/hLcptyWs4VRwAGXnwMJUvMsfboAn":{"chainKey":{"counter":0,"key":"5a+nWE3pulQeGaeLIhtaxrtYdYgHltBm+1tSexI9WHo="},"chainType":1,"messageKeys":{}}},"pendingPreKey":{"signedKeyId":6,"baseKey":"BQby7MqQqfXmCW7ZtVgIp6IV9Qj2cWFwtOKqbgkfJatL","preKeyId":3061099}},"BUnENyx1SS77ueNhJKf+Bud58EtbdWCREGh324ojQs5P":{"registrationId":514118681,"currentRatchet":{"ephemeralKeyPair":{"pubKey":"BWs357fkLCgPSQpt3bGVIc96qzVhkAAH4gsshoNnS0xG","privKey":"YADjs32vq+gu0tH4RIQ6ElpaQO0x4f+DWOLWqjw+ZmE="},"lastRemoteEphemeralKey":"BeMHKMWWyzaN4IROy7jaJ/oXI4gPJUEvspdYhCw/pqgB","previousCounter":0,"rootKey":"Zp72aW52ZnrOi1R5n6qrO4WJJ+DqgWnmrV+y6qVarjU="},"indexInfo":{"baseKey":"BUnENyx1SS77ueNhJKf+Bud58EtbdWCREGh324ojQs5P","baseKeyType":1,"closed":-1,"used":1746721103768,"created":1746721103768,"remoteIdentityKey":"BbNQZDGPTMppIspvTLa869s2yvRRcEAX5xJtiIVssv5O"},"_chains":{"BWs357fkLCgPSQpt3bGVIc96qzVhkAAH4gsshoNnS0xG":{"chainKey":{"counter":2,"key":"SwqYuM1IJTKBEg9RZLWV783U7f7Z4PxnrL92RD410Vo="},"chainType":1,"messageKeys":{}}},"pendingPreKey":{"signedKeyId":6,"baseKey":"BUnENyx1SS77ueNhJKf+Bud58EtbdWCREGh324ojQs5P","preKeyId":3061774}}},"version":"v1"}