{"_sessions":{"BXP5RTENVQaGjnDts2dtNCMQO208B+JGFMrFkzQkWG0V":{"registrationId":549504817,"currentRatchet":{"ephemeralKeyPair":{"pubKey":"BUvI5bIdoO4i0pRcUthiXv4tKrCzTDx4YhuXlDmFoolY","privKey":"kB4CR5TV+bEc9QM8izNsv536W9LyIq+ODBN1ARd1RHc="},"lastRemoteEphemeralKey":"BRI/RIvWFkl9PU0Ui5AZofodW9spYBauakn7OFYlFqkT","previousCounter":0,"rootKey":"z6xtRL3FiMDfZVxGWXIPCjQDbn8AyPGG1mS3SaBI3MY="},"indexInfo":{"baseKey":"BXP5RTENVQaGjnDts2dtNCMQO208B+JGFMrFkzQkWG0V","baseKeyType":1,"closed":-1,"used":1746714539918,"created":1746714539918,"remoteIdentityKey":"BeoDstEhge+yR+9MPn4i0VygKCn7z+Td8XsrMx15N+ka"},"_chains":{"BUvI5bIdoO4i0pRcUthiXv4tKrCzTDx4YhuXlDmFoolY":{"chainKey":{"counter":0,"key":"CZCINdieE6G2dXeeuy30wTNAIQLHboV7DC7mS+SHh9Y="},"chainType":1,"messageKeys":{}}},"pendingPreKey":{"signedKeyId":3302349,"baseKey":"BXP5RTENVQaGjnDts2dtNCMQO208B+JGFMrFkzQkWG0V","preKeyId":409}}},"version":"v1"}