{"_sessions":{"BYewQqmfAzP+OF4y1pHckG0FAelBMZEbOf8awxXNihhB":{"registrationId":183801200,"currentRatchet":{"ephemeralKeyPair":{"pubKey":"Bc5XJyjDUTJjXfc0M3uGZNcprK4PtYmWu5dEb27qd3oa","privKey":"CCbjmWL1m67sLxKGB3NyNUuk1HM5ilcE1+Hkt7gQ7Vw="},"lastRemoteEphemeralKey":"BfEtPVpkPFWnE9n0EBMdefYADwKxofkE5cC19SC9q0AW","previousCounter":0,"rootKey":"5dksBvsxlWIf8ZD5R77N5wrP8zLvjGQAmxRLPT73LWk="},"indexInfo":{"baseKey":"BYewQqmfAzP+OF4y1pHckG0FAelBMZEbOf8awxXNihhB","baseKeyType":1,"closed":-1,"used":1746714536528,"created":1746714536528,"remoteIdentityKey":"BSn3yFygjlnAXvtXsKqpUQk/Clj/CjpjvWMGYtl9B2sm"},"_chains":{"Bc5XJyjDUTJjXfc0M3uGZNcprK4PtYmWu5dEb27qd3oa":{"chainKey":{"counter":0,"key":"/DbF7b5fezKiGEhTHKfAmF/KUUzyIUUXAlKP1u15sZ4="},"chainType":1,"messageKeys":{}}},"pendingPreKey":{"signedKeyId":1,"baseKey":"BYewQqmfAzP+OF4y1pHckG0FAelBMZEbOf8awxXNihhB","preKeyId":1075188}}},"version":"v1"}