{"_sessions":{"BY8djVKvClySVLaMUkRo2qnQV1bCGkv/qIke8QE/YQ1R":{"registrationId":1301298294,"currentRatchet":{"ephemeralKeyPair":{"pubKey":"BQ5tTAPfsrlMM0Bw5jK2CHovdLH4lSoRqf83yOkgYloo","privKey":"kNh6eLOtPcw+euAHehYhcvUxyPyTTAIDHrqRoo9ArFo="},"lastRemoteEphemeralKey":"BXlKR9zCjgX+xouqZFH/jGxhDhdwg8BwmtNwZHyzWf4H","previousCounter":0,"rootKey":"y0nWNbenQktJ5YGBfVCplWWPQWcxHgWHMNAGVSM06gA="},"indexInfo":{"baseKey":"BY8djVKvClySVLaMUkRo2qnQV1bCGkv/qIke8QE/YQ1R","baseKeyType":1,"closed":-1,"used":1746714536313,"created":1746714536313,"remoteIdentityKey":"BaQxEFsb0hktUq063Y3yRIYI6Eorg1iZxETu9sHyDod8"},"_chains":{"BQ5tTAPfsrlMM0Bw5jK2CHovdLH4lSoRqf83yOkgYloo":{"chainKey":{"counter":0,"key":"3M+60IEygYS6YAK8IGBvR1eaoFVVOH1HeJCFQkNMOJ4="},"chainType":1,"messageKeys":{}}},"pendingPreKey":{"signedKeyId":1,"baseKey":"BY8djVKvClySVLaMUkRo2qnQV1bCGkv/qIke8QE/YQ1R"}}},"version":"v1"}