{"_sessions":{"BQJHfrUrXueIPDAadwZy+wzUQj9tFEWRef8H+p8Rs5Yf":{"registrationId":1957826006,"currentRatchet":{"ephemeralKeyPair":{"pubKey":"BdJK0HS48gi3XlmpNoZe6MLM0SHpl1tXrQHrkrpaluID","privKey":"WOsYOz54vgzgVHg5Bmf/Fi5xBEaGSoUCltklqgruwVs="},"lastRemoteEphemeralKey":"BSKIDGiZt8e1QJ+3MfdL9m0PYuKEfD3sVfHROeL+xFQS","previousCounter":0,"rootKey":"qq62YvhnDEJCC0PtiLwXRMJjca25p4kqiJeQwck39I0="},"indexInfo":{"baseKey":"BQJHfrUrXueIPDAadwZy+wzUQj9tFEWRef8H+p8Rs5Yf","baseKeyType":1,"closed":-1,"used":1746714536364,"created":1746714536364,"remoteIdentityKey":"BQjBuJluCYpRp9SXt1rZakwLDi+r2vhuR4JvR7kbDk9n"},"_chains":{"BdJK0HS48gi3XlmpNoZe6MLM0SHpl1tXrQHrkrpaluID":{"chainKey":{"counter":0,"key":"IhXDhN1YzF5m5WxX9wlHybdqXgoJP/ODqCka8P73JlQ="},"chainType":1,"messageKeys":{}}},"pendingPreKey":{"signedKeyId":5,"baseKey":"BQJHfrUrXueIPDAadwZy+wzUQj9tFEWRef8H+p8Rs5Yf","preKeyId":10967700}}},"version":"v1"}