{"_sessions":{"BaOJVj3wLTAwjKmtaHaO4ppG3kZ8RI+LPfu8tUzxWm5g":{"registrationId":2038020769,"currentRatchet":{"ephemeralKeyPair":{"pubKey":"Bfq0UbDkp/jdU8Cm6q6pyZes502ROKTOfUoDkGWD2lkE","privKey":"aMHalui9rnqu/gna+XJS1L2LNQcIZDEgWBVxLDH3PUg="},"lastRemoteEphemeralKey":"BdzshXW9uLP2v0ZuN6+ZsrK51sjtYIcL9MwRKRQqgOpJ","previousCounter":0,"rootKey":"bxDXZaMi2ZmR5Z98QOWpr87wp4b4J3V9wYFh+E796lw="},"indexInfo":{"baseKey":"BaOJVj3wLTAwjKmtaHaO4ppG3kZ8RI+LPfu8tUzxWm5g","baseKeyType":1,"closed":-1,"used":1746714525878,"created":1746714525878,"remoteIdentityKey":"BduRQoRFILOP/cYOdfRseec5zy8SrGOKu2Rsdw6T/uAc"},"_chains":{"Bfq0UbDkp/jdU8Cm6q6pyZes502ROKTOfUoDkGWD2lkE":{"chainKey":{"counter":0,"key":"jwkfZW6f/KnHZ46Cavwoob7Y5TfFJIpuaRf3qvUQZAo="},"chainType":1,"messageKeys":{}}},"pendingPreKey":{"signedKeyId":3,"baseKey":"BaOJVj3wLTAwjKmtaHaO4ppG3kZ8RI+LPfu8tUzxWm5g"}}},"version":"v1"}