{"_sessions":{"BeMDQkrgtIeky2jvWUzni/SVCphRghViSx5re7VCqytO":{"registrationId":1360181646,"currentRatchet":{"ephemeralKeyPair":{"pubKey":"BaquNxnZES14ul8wBhp8DUjtG3sU0GsCSVLoJNw/q8cB","privKey":"2LKb8KysZYpoURQuN8z5+bh7tCy4vrtqL9/xmbz07GQ="},"lastRemoteEphemeralKey":"BStJfv82xd4Rnql5J30RjK9mdYBcqJmTZKO9ONCUsvZX","previousCounter":0,"rootKey":"Hv4aDcRiPjuHPyly83Grq0UrcIKeqjMAzhthOthZYIE="},"indexInfo":{"baseKey":"BeMDQkrgtIeky2jvWUzni/SVCphRghViSx5re7VCqytO","baseKeyType":1,"closed":-1,"used":1746714540217,"created":1746714540217,"remoteIdentityKey":"BWJVfCP8HIr9OHS3VCTZXvBGvauOsSd47FDa2OT17C8s"},"_chains":{"BaquNxnZES14ul8wBhp8DUjtG3sU0GsCSVLoJNw/q8cB":{"chainKey":{"counter":0,"key":"eMxUmfYtHEDme2GC7xBWxP/ZENLgqAvS4Zoc1m9Sh4Q="},"chainType":1,"messageKeys":{}}},"pendingPreKey":{"signedKeyId":4,"baseKey":"BeMDQkrgtIeky2jvWUzni/SVCphRghViSx5re7VCqytO","preKeyId":6345551}}},"version":"v1"}