{"_sessions":{"BZ80XiXz4ZkXf4c6Ri9Ov41Jsdy2p50HU8bzZK4jMu1M":{"registrationId":536484840,"currentRatchet":{"ephemeralKeyPair":{"pubKey":"BZBVOyoFwleUpxTyuaERNi6l+ewWkrebwkCWHFqj9lEn","privKey":"uAWFBVhvipbwqK2gmpA7/8HrbQBgLwfwoNN7ru9S/l4="},"lastRemoteEphemeralKey":"BZjCUSwvtpmiqPRwIB2N5/fXhfzF0XM8nOajOpJ42w5G","previousCounter":0,"rootKey":"qh7ZsN6xXl8Oj40xUdBgMco53c16U6GL4l84DVtH6nU="},"indexInfo":{"baseKey":"BZ80XiXz4ZkXf4c6Ri9Ov41Jsdy2p50HU8bzZK4jMu1M","baseKeyType":1,"closed":1746721111349,"used":1746721080198,"created":1746721080198,"remoteIdentityKey":"BZSWx40VKETkORpZE4mC62qt1ZCYbR+AKND56Rxw8XNP"},"_chains":{"BZBVOyoFwleUpxTyuaERNi6l+ewWkrebwkCWHFqj9lEn":{"chainKey":{"counter":0,"key":"pGWxfk6RLuZvGhxnQdFolh0QQ5MMYQ76CpykD/huCXw="},"chainType":1,"messageKeys":{}}},"pendingPreKey":{"signedKeyId":1,"baseKey":"BZ80XiXz4ZkXf4c6Ri9Ov41Jsdy2p50HU8bzZK4jMu1M","preKeyId":9945807}},"Bblrzln5OXN16fhZJYE28gSQ3AlYw7FaJxV9p77RqpYx":{"registrationId":536484840,"currentRatchet":{"ephemeralKeyPair":{"pubKey":"BVFzOkWPg0wAUn03rKb7W7UBDDcNJPDBaoZLCs78wDl1","privKey":"eMW0+xzuTdkWHd8WXO/A+oOFyRrUaLNaG8zhJpGTW3Q="},"lastRemoteEphemeralKey":"BZjCUSwvtpmiqPRwIB2N5/fXhfzF0XM8nOajOpJ42w5G","previousCounter":0,"rootKey":"lglZK8EsJAwfbFumUnIic28wEx9lQm5zotKzJHKq9oI="},"indexInfo":{"baseKey":"Bblrzln5OXN16fhZJYE28gSQ3AlYw7FaJxV9p77RqpYx","baseKeyType":1,"closed":-1,"used":1746721111132,"created":1746721111132,"remoteIdentityKey":"BZSWx40VKETkORpZE4mC62qt1ZCYbR+AKND56Rxw8XNP"},"_chains":{"BVFzOkWPg0wAUn03rKb7W7UBDDcNJPDBaoZLCs78wDl1":{"chainKey":{"counter":2,"key":"6luUj2viTGpHIb6qPUJ87yLWT3fnNqJxu3pk96xJ1z4="},"chainType":1,"messageKeys":{}}},"pendingPreKey":{"signedKeyId":1,"baseKey":"Bblrzln5OXN16fhZJYE28gSQ3AlYw7FaJxV9p77RqpYx","preKeyId":9946180}}},"version":"v1"}