{"_sessions":{"BUuzubVfWiVhvcWPouZfoDByNg7BiH60T97sqXbaHodh":{"registrationId":1555867330,"currentRatchet":{"ephemeralKeyPair":{"pubKey":"BelrsIdbU3qM2jS95CJ7fVRlUaV9a0InIk8bnLoZU45t","privKey":"WFmhVNpAK+BPbf1wo6/FTI4f741JNHTFgLD18pJ/Mn4="},"lastRemoteEphemeralKey":"Bf3UUGZrYoLYTtTYpDSofvkkF33+9gL9RT9X1JimA81U","previousCounter":0,"rootKey":"P7e7ckbEQQaaucVlFJyEctI11oQNsA1/TnHpMt6mFNw="},"indexInfo":{"baseKey":"BUuzubVfWiVhvcWPouZfoDByNg7BiH60T97sqXbaHodh","baseKeyType":1,"closed":-1,"used":1746714539909,"created":1746714539909,"remoteIdentityKey":"BcA1YXt0Vm05DK3ZMf/n8Hu8K/X2FHQkcTUDHDdRQAYL"},"_chains":{"BelrsIdbU3qM2jS95CJ7fVRlUaV9a0InIk8bnLoZU45t":{"chainKey":{"counter":0,"key":"5rcgnqteVduZf6lpsot0SnZ1lnAq8l3A4JPtcju1a6M="},"chainType":1,"messageKeys":{}}},"pendingPreKey":{"signedKeyId":6,"baseKey":"BUuzubVfWiVhvcWPouZfoDByNg7BiH60T97sqXbaHodh","preKeyId":14576905}}},"version":"v1"}