{"_sessions":{"BUiFUlDhRJrgQItqUFP4UaptkFjNocHrbXaWh7jxFVRa":{"registrationId":204420935,"currentRatchet":{"ephemeralKeyPair":{"pubKey":"BZYWnDG7AqkyyUbG8BZ9KrznXxnb9ynvVgxXTKokE9RV","privKey":"2L9J1V2yEdzXpqxVrpzcyhU3YwsBYqS+KadK9v9Y1mc="},"lastRemoteEphemeralKey":"BY1Fs4AXi2nsDb8ZW3AhbSfGmTwBZhItoCoJlsIYmdYh","previousCounter":0,"rootKey":"ems3ZpYx4lW53wPZGC2e/IAOefUE3NTMZ0+JMlpOkdE="},"indexInfo":{"baseKey":"BUiFUlDhRJrgQItqUFP4UaptkFjNocHrbXaWh7jxFVRa","baseKeyType":1,"closed":1746721104044,"used":1746721072733,"created":1746721072733,"remoteIdentityKey":"BbS4wksFFXjUxF/hdk37VLc2TWsZEXwClR2U0ZS6DHh5"},"_chains":{"BZYWnDG7AqkyyUbG8BZ9KrznXxnb9ynvVgxXTKokE9RV":{"chainKey":{"counter":0,"key":"vpbQOt6/QFkF2fFBZY1UA9YVJvfw70pB/zxhUvuiTV8="},"chainType":1,"messageKeys":{}}},"pendingPreKey":{"signedKeyId":1,"baseKey":"BUiFUlDhRJrgQItqUFP4UaptkFjNocHrbXaWh7jxFVRa","preKeyId":10365758}},"BXWRtsr4JT8uw4fLE1kin5+DoN/Ad2OSCcjy6ibzyi5M":{"registrationId":204420935,"currentRatchet":{"ephemeralKeyPair":{"pubKey":"BRotlBajcQN84c7QzB+przxz+C34975EkM6T3wUiiQ4Y","privKey":"OM0r0xfwez9NaraUz8TLtVwN2fHkvKCkrXJpkMu12GA="},"lastRemoteEphemeralKey":"BY1Fs4AXi2nsDb8ZW3AhbSfGmTwBZhItoCoJlsIYmdYh","previousCounter":0,"rootKey":"z+KMIZh6/cNFCEpLuq+hAXpGITNAM6fhq+2Za62LqJ0="},"indexInfo":{"baseKey":"BXWRtsr4JT8uw4fLE1kin5+DoN/Ad2OSCcjy6ibzyi5M","baseKeyType":1,"closed":-1,"used":1746721103567,"created":1746721103567,"remoteIdentityKey":"BbS4wksFFXjUxF/hdk37VLc2TWsZEXwClR2U0ZS6DHh5"},"_chains":{"BRotlBajcQN84c7QzB+przxz+C34975EkM6T3wUiiQ4Y":{"chainKey":{"counter":2,"key":"zr5FSOYv1R4nS7TvdqeeMBQmlbgAmEpCKAceWj8xgao="},"chainType":1,"messageKeys":{}}},"pendingPreKey":{"signedKeyId":1,"baseKey":"BXWRtsr4JT8uw4fLE1kin5+DoN/Ad2OSCcjy6ibzyi5M","preKeyId":10365401}}},"version":"v1"}