{"_sessions":{"BdBQmAMlNtDWTPbq1KkL5oXPQm7PRtYgjuYx7immBuMk":{"registrationId":298289223,"currentRatchet":{"ephemeralKeyPair":{"pubKey":"BSlYTySUylz0bny7nYAAZ8n8Bl/ImiV8zfnLj7InGOkS","privKey":"6C7/W6BolRNW8CIcy2+1CMemIpxadKknUZGsXvtV6Xk="},"lastRemoteEphemeralKey":"BdxVPgT+CIi1Rk0VbiKgm0EJSjAsWX3W9zwXMa2YtSw9","previousCounter":0,"rootKey":"xPNueTuKXzgkLfbPZzC6IIvv6/d84bnktFoKp51fbQs="},"indexInfo":{"baseKey":"BdBQmAMlNtDWTPbq1KkL5oXPQm7PRtYgjuYx7immBuMk","baseKeyType":1,"closed":1746721114822,"used":1746721083959,"created":1746721083959,"remoteIdentityKey":"BTd85YRZyC0xEA/HEur3W68aRDgU8Ef6OF5fChW0miMz"},"_chains":{"BSlYTySUylz0bny7nYAAZ8n8Bl/ImiV8zfnLj7InGOkS":{"chainKey":{"counter":0,"key":"q6FKqkH58GdF2KYysxbLwHFXKf281W8ue1aeTMfhzec="},"chainType":1,"messageKeys":{}}},"pendingPreKey":{"signedKeyId":905508,"baseKey":"BdBQmAMlNtDWTPbq1KkL5oXPQm7PRtYgjuYx7immBuMk","preKeyId":1111}},"BcGvMRhW7EqDayvZFmnWpmTuvUey6Pbg8KRyy7XOyYkP":{"registrationId":298289223,"currentRatchet":{"ephemeralKeyPair":{"pubKey":"BcDJ9Q79WG0NPzlZ9IOBzkAY2cU0w1ydqen4yUFAZ383","privKey":"cPUh7jdGM2bWdhDLIa23CRpn6olrbYD9k0PTqAxR3ng="},"lastRemoteEphemeralKey":"BdxVPgT+CIi1Rk0VbiKgm0EJSjAsWX3W9zwXMa2YtSw9","previousCounter":0,"rootKey":"HwLS0DUOjshqFxKeaHNzEYhsJRRwcKcxGqz3/3O62s0="},"indexInfo":{"baseKey":"BcGvMRhW7EqDayvZFmnWpmTuvUey6Pbg8KRyy7XOyYkP","baseKeyType":1,"closed":-1,"used":1746721114707,"created":1746721114707,"remoteIdentityKey":"BTd85YRZyC0xEA/HEur3W68aRDgU8Ef6OF5fChW0miMz"},"_chains":{"BcDJ9Q79WG0NPzlZ9IOBzkAY2cU0w1ydqen4yUFAZ383":{"chainKey":{"counter":2,"key":"+SEOUGATouAMLvzp/gn+bqR9LuLNk9iV1RgAVP869wE="},"chainType":1,"messageKeys":{}}},"pendingPreKey":{"signedKeyId":905508,"baseKey":"BcGvMRhW7EqDayvZFmnWpmTuvUey6Pbg8KRyy7XOyYkP","preKeyId":943}}},"version":"v1"}