{"_sessions":{"BUpvXX+Vfsls+JG86e3Ce1xfDnjRR+NgLYRzk5Qe5Qc0":{"registrationId":1761270358,"currentRatchet":{"ephemeralKeyPair":{"pubKey":"BbRpsK0f06g5+4sVRvmZ+uflAp58Q9fHW5KDXFe+UHkw","privKey":"+AAM/FrLEUBzugK2RZ5OrOQWWOWV4yzEBM5wwrQ8p0I="},"lastRemoteEphemeralKey":"BQ5oDPz5TRFw6InwvTXx2bQlp4pb+7Y0/uyFqeZ4xhVG","previousCounter":0,"rootKey":"c4X5fWZ7rJMRLMq8zQHtMLGZhV6BqtED7B0yFcJRDvo="},"indexInfo":{"baseKey":"BUpvXX+Vfsls+JG86e3Ce1xfDnjRR+NgLYRzk5Qe5Qc0","baseKeyType":1,"closed":-1,"used":1746714539972,"created":1746714539972,"remoteIdentityKey":"BY3QOmo4SbrZcEWn7IqZlFzB5udvH1VU6r3hpYTkqwsh"},"_chains":{"BbRpsK0f06g5+4sVRvmZ+uflAp58Q9fHW5KDXFe+UHkw":{"chainKey":{"counter":0,"key":"U+hEv6FOzhEEdjOfotWmKy9pX02fATIzV856fnTZzQ0="},"chainType":1,"messageKeys":{}}},"pendingPreKey":{"signedKeyId":6195434,"baseKey":"BUpvXX+Vfsls+JG86e3Ce1xfDnjRR+NgLYRzk5Qe5Qc0","preKeyId":9744}}},"version":"v1"}