{"_sessions":{"BdNT5d8i9P6TLtHPPQ+VHjDP7oZwS0Y5KvMYPkbJHqtr":{"registrationId":1307837849,"currentRatchet":{"ephemeralKeyPair":{"pubKey":"BeBnIlmYqe5bBn+jQIvaY/kLojIg0LLOb+vF8wVjyyJ4","privKey":"IJKfq/e6q0GvG9dw4KUJkqHYs3HEya2AakogVtD07UU="},"lastRemoteEphemeralKey":"Bdr6RlHMKMqwWJlEiyBjMqf7MXCN1MaXttuWASvM+PoO","previousCounter":0,"rootKey":"BZLhd1s0+rcm3duzFvCaGC7+BjiYpZSZRVVuVjP9ytQ="},"indexInfo":{"baseKey":"BdNT5d8i9P6TLtHPPQ+VHjDP7oZwS0Y5KvMYPkbJHqtr","baseKeyType":1,"closed":-1,"used":1746714525500,"created":1746714525500,"remoteIdentityKey":"BaW+AkX/J5GGHExNbmMobR9sYMBV6SDgWtcshrIlvSx6"},"_chains":{"BeBnIlmYqe5bBn+jQIvaY/kLojIg0LLOb+vF8wVjyyJ4":{"chainKey":{"counter":0,"key":"40haMObYUm495EpnMdOBEakm79Y0AinE8H461PFrDfA="},"chainType":1,"messageKeys":{}}},"pendingPreKey":{"signedKeyId":2,"baseKey":"BdNT5d8i9P6TLtHPPQ+VHjDP7oZwS0Y5KvMYPkbJHqtr","preKeyId":10660032}}},"version":"v1"}