{"_sessions":{"BZdMhtgNxgQh/8ltUYaXrNrUIpj0hWO+u4zuisbS+B0v":{"registrationId":418015755,"currentRatchet":{"ephemeralKeyPair":{"pubKey":"Bc+1SQAxio16B5kRgtRhZinq+MeQqy3PEH7Tyh8QpFVM","privKey":"4H9dVhidk2lVm5uYwXENw6MCsAFbAXMK/+90Dmq5dXE="},"lastRemoteEphemeralKey":"BboIFZUZuwop7AEb5+8Ri/ONng5JCriOe7UBKpDVyJ0M","previousCounter":0,"rootKey":"wMYlGtwohYPR/qtbNq48zXpTs6emm7smqT/+iL3Lce4="},"indexInfo":{"baseKey":"BZdMhtgNxgQh/8ltUYaXrNrUIpj0hWO+u4zuisbS+B0v","baseKeyType":1,"closed":-1,"used":1746714540001,"created":1746714540001,"remoteIdentityKey":"BQTI3QDFXSJrsjHylR5ZlKtTyQD0dK9z5juwkqPl62cQ"},"_chains":{"Bc+1SQAxio16B5kRgtRhZinq+MeQqy3PEH7Tyh8QpFVM":{"chainKey":{"counter":0,"key":"6sgrKOhzoSiizbyBfAJFI1FsEk+ex276rnCuNW9mutQ="},"chainType":1,"messageKeys":{}}},"pendingPreKey":{"signedKeyId":4,"baseKey":"BZdMhtgNxgQh/8ltUYaXrNrUIpj0hWO+u4zuisbS+B0v","preKeyId":1132263}}},"version":"v1"}