{"_sessions":{"BV8FMVfA42wc9hoZIcJoJAJQtKfcwFrj0XZ4K4e9Qacd":{"registrationId":115991395,"currentRatchet":{"ephemeralKeyPair":{"pubKey":"BaVHjYl5JYupgYJU0jbIcCaMk+838vY9qDXBLfTwMX4R","privKey":"gILXpEbOgVI6F43dwLX4ZPF6/rn9S1QMWgWapIvie2k="},"lastRemoteEphemeralKey":"BZEsgae1BHtLz/VV9fyCGwULr5WQkVY+8+Hu6wJy6YIO","previousCounter":0,"rootKey":"DZ/CxX90I2o5Z9v0/c8rbattAUiGzPyBJWF1XqUD68A="},"indexInfo":{"baseKey":"BV8FMVfA42wc9hoZIcJoJAJQtKfcwFrj0XZ4K4e9Qacd","baseKeyType":1,"closed":1746721111382,"used":1746721080384,"created":1746721080384,"remoteIdentityKey":"BcEmiKPkFCSpxE+wEHqUFwm1931sInNZeCyV6/pCr25v"},"_chains":{"BaVHjYl5JYupgYJU0jbIcCaMk+838vY9qDXBLfTwMX4R":{"chainKey":{"counter":0,"key":"/8MrUZ1UW0rLh4wb8mt0xgw1aVZcgE4tC24mC420J+I="},"chainType":1,"messageKeys":{}}},"pendingPreKey":{"signedKeyId":1,"baseKey":"BV8FMVfA42wc9hoZIcJoJAJQtKfcwFrj0XZ4K4e9Qacd","preKeyId":9220601}},"BbQVzIz+yXnx1Xbwg3xNE27qgEbLTpXYEyFR0J5xyuAV":{"registrationId":115991395,"currentRatchet":{"ephemeralKeyPair":{"pubKey":"BZw/zyjyeLNdC4TmaM5sD+iJgOAAgVD8+IuS69JXjtRI","privKey":"yLBTG7GGWln5eAW75TvEZwSO6Ts8SZGTWm8zeZ8dl1g="},"lastRemoteEphemeralKey":"BZEsgae1BHtLz/VV9fyCGwULr5WQkVY+8+Hu6wJy6YIO","previousCounter":0,"rootKey":"LsW+1MRN3Oh7DCWxYe0HpUEUYpBCpSl0Ew8hDdYfbxc="},"indexInfo":{"baseKey":"BbQVzIz+yXnx1Xbwg3xNE27qgEbLTpXYEyFR0J5xyuAV","baseKeyType":1,"closed":-1,"used":1746721111294,"created":1746721111294,"remoteIdentityKey":"BcEmiKPkFCSpxE+wEHqUFwm1931sInNZeCyV6/pCr25v"},"_chains":{"BZw/zyjyeLNdC4TmaM5sD+iJgOAAgVD8+IuS69JXjtRI":{"chainKey":{"counter":2,"key":"EMB19DO/5nxM8zmO1CAu6fbTEeeJZiz8T5+5uDtnTL8="},"chainType":1,"messageKeys":{}}},"pendingPreKey":{"signedKeyId":1,"baseKey":"BbQVzIz+yXnx1Xbwg3xNE27qgEbLTpXYEyFR0J5xyuAV","preKeyId":9220485}}},"version":"v1"}