{"_sessions":{"Bex5uNN4uTx70eojRxiF7DB151QEnfjFWTORIU3gsDQc":{"registrationId":1895861753,"currentRatchet":{"ephemeralKeyPair":{"pubKey":"BXvQvuAyKjBUTnKxBykkL388aYvNSJ5jru1RLvimN+oh","privKey":"8AlOj6MHSgM6URr8Dgavw+RLLpEX8rMWeu/5t9gr508="},"lastRemoteEphemeralKey":"BQjQ2wo5PYsrj463blOlV/XItl9fGVLrfqm5jV1sKvhp","previousCounter":0,"rootKey":"w29bXC337FnkJ62FFxx9JhVEZTmUWTDVuK7PlLdBZmY="},"indexInfo":{"baseKey":"Bex5uNN4uTx70eojRxiF7DB151QEnfjFWTORIU3gsDQc","baseKeyType":1,"closed":1746721099234,"used":1746721069032,"created":1746721069032,"remoteIdentityKey":"BUu1HjiWapic2gvYPhQx7+MsBI9KZaJfqJc1q5CmpK4Y"},"_chains":{"BXvQvuAyKjBUTnKxBykkL388aYvNSJ5jru1RLvimN+oh":{"chainKey":{"counter":0,"key":"s7RS9Mp4spZFSYr7532UhfV1EJtoJX96PxWSWlmnrRQ="},"chainType":1,"messageKeys":{}}},"pendingPreKey":{"signedKeyId":1,"baseKey":"Bex5uNN4uTx70eojRxiF7DB151QEnfjFWTORIU3gsDQc"}},"BYyCmDKlSMMwJwiv/T+K3woN0V5L5y3KdMetOrefkKkE":{"registrationId":1895861753,"currentRatchet":{"ephemeralKeyPair":{"pubKey":"BXnqJZphpkKnowpDgiJex0vmM40f0SOwCoJZn2ZC/Wge","privKey":"qNbPMLCiXb8jCvJl7kYuAxic9PI6RmXRm3Xnhc3LB34="},"lastRemoteEphemeralKey":"BQjQ2wo5PYsrj463blOlV/XItl9fGVLrfqm5jV1sKvhp","previousCounter":0,"rootKey":"sDrlyTPHzChjLJ/UlDZAV1aEDtG5RuWHTEQGtzkH6t0="},"indexInfo":{"baseKey":"BYyCmDKlSMMwJwiv/T+K3woN0V5L5y3KdMetOrefkKkE","baseKeyType":1,"closed":-1,"used":1746721098703,"created":1746721098703,"remoteIdentityKey":"BUu1HjiWapic2gvYPhQx7+MsBI9KZaJfqJc1q5CmpK4Y"},"_chains":{"BXnqJZphpkKnowpDgiJex0vmM40f0SOwCoJZn2ZC/Wge":{"chainKey":{"counter":2,"key":"yYekHlKoyzL6bhY+lBedDRJgTd94+zuelpJiu2g7wRM="},"chainType":1,"messageKeys":{}}},"pendingPreKey":{"signedKeyId":1,"baseKey":"BYyCmDKlSMMwJwiv/T+K3woN0V5L5y3KdMetOrefkKkE"}}},"version":"v1"}