{"_sessions":{"BYfRlMeiabb2nVUDAyuizHjgT24kY14WlM6c9SrkgC1o":{"registrationId":1064752890,"currentRatchet":{"ephemeralKeyPair":{"pubKey":"BS97lTsNFb63pHcd+Yszdf6rgscRURCMUaTR7+ZrlFwo","privKey":"UEIXSOBoR7i12BOGkE7a6Tfmn51kIVOK9g9+Hev5pUg="},"lastRemoteEphemeralKey":"BVHAiGQsaJIZIZ/9VCfWoDLAQwb4EW5zJNh1aUorLEw3","previousCounter":0,"rootKey":"YKUjUfJ3Zgeouk0LAhOEv3iMCfAB2AwHxFmTvSF17gw="},"indexInfo":{"baseKey":"BYfRlMeiabb2nVUDAyuizHjgT24kY14WlM6c9SrkgC1o","baseKeyType":1,"closed":1746721107787,"used":1746721075866,"created":1746721075866,"remoteIdentityKey":"BV8//jTdmMabEZ6u2mSa938H1fx2jfT+ZqjpfrkQ36YG"},"_chains":{"BS97lTsNFb63pHcd+Yszdf6rgscRURCMUaTR7+ZrlFwo":{"chainKey":{"counter":0,"key":"xKwYsKc8aeXUi1pKwb01Iv5P9BJ4ixVD8gx5QkXZvlA="},"chainType":1,"messageKeys":{}}},"pendingPreKey":{"signedKeyId":7,"baseKey":"BYfRlMeiabb2nVUDAyuizHjgT24kY14WlM6c9SrkgC1o","preKeyId":3385184}},"BUTe6eWEtS7TuoNV1cn7+YmLiaYiuVX/LqkHeE3wxJtG":{"registrationId":1064752890,"currentRatchet":{"ephemeralKeyPair":{"pubKey":"BQeMZRuwJCuDw+MSOvTZpQw4XZ4c2ZITgiOjeRM7QW5Y","privKey":"GIwrNVFjBvSPYtaWyj+lGWSzwkmeorPxOSrnqcekfUk="},"lastRemoteEphemeralKey":"BVHAiGQsaJIZIZ/9VCfWoDLAQwb4EW5zJNh1aUorLEw3","previousCounter":0,"rootKey":"J1GGpAg2y+m9yUVF9pEmi1hJAMl9/SuZ4xx5bDBf0Iw="},"indexInfo":{"baseKey":"BUTe6eWEtS7TuoNV1cn7+YmLiaYiuVX/LqkHeE3wxJtG","baseKeyType":1,"closed":-1,"used":1746721107431,"created":1746721107431,"remoteIdentityKey":"BV8//jTdmMabEZ6u2mSa938H1fx2jfT+ZqjpfrkQ36YG"},"_chains":{"BQeMZRuwJCuDw+MSOvTZpQw4XZ4c2ZITgiOjeRM7QW5Y":{"chainKey":{"counter":2,"key":"wpFdOezp/UoRyv3Op4/dll1uYrvNDOBkf5j3cBd/704="},"chainType":1,"messageKeys":{}}},"pendingPreKey":{"signedKeyId":7,"baseKey":"BUTe6eWEtS7TuoNV1cn7+YmLiaYiuVX/LqkHeE3wxJtG","preKeyId":3385282}}},"version":"v1"}