{"_sessions":{"BYnMonLAhM6PORG3vXWiP0/G9LRUZ3rPZV/82kH9HlY9":{"registrationId":969450062,"currentRatchet":{"ephemeralKeyPair":{"pubKey":"Ba1FauhsjrNBpFQlfkdZrb7O43p4/5K4Pq4zYdzgKPAY","privKey":"AD/XUOujgEQUHFW9y5hrAjY/0UK09xPdYLgeCMXJDXA="},"lastRemoteEphemeralKey":"BT0CIm+mNDD1U/1/jlZW4hmjxFxjH97mAqXz3q79abUL","previousCounter":0,"rootKey":"B+MCHeLuR7jj7BMjUTsz1DcgSbBfuNLuoKG2qrQnjLI="},"indexInfo":{"baseKey":"BYnMonLAhM6PORG3vXWiP0/G9LRUZ3rPZV/82kH9HlY9","baseKeyType":1,"closed":-1,"used":1746714533019,"created":1746714533019,"remoteIdentityKey":"BXfYsf3s0+1wkRrUA7SOXusJook97iobYJWz+QBzsed2"},"_chains":{"Ba1FauhsjrNBpFQlfkdZrb7O43p4/5K4Pq4zYdzgKPAY":{"chainKey":{"counter":0,"key":"7JrnWrHrY+ZIO61/ZLVYtNKdp0qEjVJofM1Km/6NPiE="},"chainType":1,"messageKeys":{}}},"pendingPreKey":{"signedKeyId":10,"baseKey":"BYnMonLAhM6PORG3vXWiP0/G9LRUZ3rPZV/82kH9HlY9","preKeyId":16687622}}},"version":"v1"}