{"_sessions":{"BQ0UKoyucTNSMpSDv7dE1VCHyqyoWdNKa5SK83oN82Vz":{"registrationId":1473479091,"currentRatchet":{"ephemeralKeyPair":{"pubKey":"BY5zHZB2sbjfIxP5waiw2EeEvdjptbeyIfo5fKxhHpQI","privKey":"MBruVScd4Ojlrt83ieesKbwyZfDjBpFQ9tVoifVO+XI="},"lastRemoteEphemeralKey":"BeYM87jzPDZEugjf2PqyHIKL/njR9uI/1gCziPARa7l0","previousCounter":0,"rootKey":"9ekYagAcFvPNdhKPDm/69na/9QHQJMJDT4h5bHj/EAM="},"indexInfo":{"baseKey":"BQ0UKoyucTNSMpSDv7dE1VCHyqyoWdNKa5SK83oN82Vz","baseKeyType":1,"closed":-1,"used":1746714525928,"created":1746714525928,"remoteIdentityKey":"BZ6Eg+IQ4AdcH5Ck59IYfUrZu6+dNLf2rO/9LDd5UpYa"},"_chains":{"BY5zHZB2sbjfIxP5waiw2EeEvdjptbeyIfo5fKxhHpQI":{"chainKey":{"counter":0,"key":"Ynoxg8Bdl4CMXy+zc7L9ljE+acAvXblpJKGE+8BK/48="},"chainType":1,"messageKeys":{}}},"pendingPreKey":{"signedKeyId":2,"baseKey":"BQ0UKoyucTNSMpSDv7dE1VCHyqyoWdNKa5SK83oN82Vz"}}},"version":"v1"}