{"_sessions":{"BTrn4//s97tqrO94FtlPnxCENStrqLJw0qyogEaVy/M1":{"registrationId":874829242,"currentRatchet":{"ephemeralKeyPair":{"pubKey":"Bdi4i6UTyN2paIJLHgPDVr8PEk+VfuRHa0YeyOd2NGAv","privKey":"0JIOsK0VQJHNluP4h9XOMJj0p3Q1Co0lojHIJmoEA2E="},"lastRemoteEphemeralKey":"Bc3Ok7ibpPVXxEoVAjqopF5xGuOPmcl9Jhuet7xHuZJI","previousCounter":0,"rootKey":"qwBmrAJIFG2R9DhXhZBpkuyGPT9AwJAMwucirfHeiKU="},"indexInfo":{"baseKey":"BTrn4//s97tqrO94FtlPnxCENStrqLJw0qyogEaVy/M1","baseKeyType":1,"closed":1746721104113,"used":1746721072961,"created":1746721072961,"remoteIdentityKey":"BYgKKZtia7w7yHHfqvEZSiWh0T1Gj0uzyPFdrHTGYbhi"},"_chains":{"Bdi4i6UTyN2paIJLHgPDVr8PEk+VfuRHa0YeyOd2NGAv":{"chainKey":{"counter":0,"key":"yNPeOu+vnL1L04Gfamx859MhLnbGjlEH+fd/MePL6vw="},"chainType":1,"messageKeys":{}}},"pendingPreKey":{"signedKeyId":2,"baseKey":"BTrn4//s97tqrO94FtlPnxCENStrqLJw0qyogEaVy/M1"}},"BT7l0NEXnC0dU9QZkK3BF3eyBVXAcMGPxskBJlSbRdla":{"registrationId":874829242,"currentRatchet":{"ephemeralKeyPair":{"pubKey":"BfG7zrClzScrvIn+C0j22nE2YYXaY+bGnZeaPWNxJHZy","privKey":"iKvnR2DBtMvra9LJBZqh1uQKYhGOxJMwhCWtUoBC/W8="},"lastRemoteEphemeralKey":"Bc3Ok7ibpPVXxEoVAjqopF5xGuOPmcl9Jhuet7xHuZJI","previousCounter":0,"rootKey":"v1RVoHm0/L9rGOENOQqyvZVCXztyLJc7b3N3yk7rBx8="},"indexInfo":{"baseKey":"BT7l0NEXnC0dU9QZkK3BF3eyBVXAcMGPxskBJlSbRdla","baseKeyType":1,"closed":-1,"used":1746721103877,"created":1746721103877,"remoteIdentityKey":"BYgKKZtia7w7yHHfqvEZSiWh0T1Gj0uzyPFdrHTGYbhi"},"_chains":{"BfG7zrClzScrvIn+C0j22nE2YYXaY+bGnZeaPWNxJHZy":{"chainKey":{"counter":2,"key":"zfJYvLbaHE1rUMqOLNOGz4q2SmUx4RoaQobH4wnFJu8="},"chainType":1,"messageKeys":{}}},"pendingPreKey":{"signedKeyId":2,"baseKey":"BT7l0NEXnC0dU9QZkK3BF3eyBVXAcMGPxskBJlSbRdla"}}},"version":"v1"}