{"_sessions":{"BXr5+FMhGTDbrwgNj89TAHby2sOFg5DOdjHiSKYvGk1u":{"registrationId":1678316135,"currentRatchet":{"ephemeralKeyPair":{"pubKey":"BY21NRvIcdNbTdv55E8JczDBT0C9K69EBTmrDmlJjz8S","privKey":"SIUvGSV6rKYEMnF/sVlylx3Ob9e3Kz+fx9h2lLBAcko="},"lastRemoteEphemeralKey":"BVf/fG1sCP/59M35UtaVdIZifw/G3nUJP0OoYRQe1UVR","previousCounter":0,"rootKey":"ruqp3gcjFy2ygBuPo+Uz1QCe0vsQrLxA9tsX7f1z6Ys="},"indexInfo":{"baseKey":"BXr5+FMhGTDbrwgNj89TAHby2sOFg5DOdjHiSKYvGk1u","baseKeyType":1,"closed":-1,"used":1746714525791,"created":1746714525791,"remoteIdentityKey":"BccpV6MdNyJYVsi+283bsk9a9gqOZl4TLt/hlo1wudlE"},"_chains":{"BY21NRvIcdNbTdv55E8JczDBT0C9K69EBTmrDmlJjz8S":{"chainKey":{"counter":0,"key":"FN5YP8HrC0SuQd2VhAVa/2w0oZvI3jjrkVPn1nUiQIk="},"chainType":1,"messageKeys":{}}},"pendingPreKey":{"signedKeyId":4,"baseKey":"BXr5+FMhGTDbrwgNj89TAHby2sOFg5DOdjHiSKYvGk1u","preKeyId":14853179}}},"version":"v1"}