{"_sessions":{"BUdNRunpHsiHtNlJy03mDl7Jq8kPKu8hqJyBUG5hhfxx":{"registrationId":2039157541,"currentRatchet":{"ephemeralKeyPair":{"pubKey":"BUeZklTeApnJ3U6HZ5lNq9459XW18wOYhx3gn/rAdgU1","privKey":"CERv3JQQ/J5/2+fZIj7gibL3QxxXw/TtwIsMraOfYUQ="},"lastRemoteEphemeralKey":"BSFLhdYsOleexkyILihF78X3uV8fL6vY7+uhZgfM/Jwz","previousCounter":0,"rootKey":"Z8zo2siGcjOM0xD4yOBpK8zyzvXrX/whq4ZWuhHQJPQ="},"indexInfo":{"baseKey":"BUdNRunpHsiHtNlJy03mDl7Jq8kPKu8hqJyBUG5hhfxx","baseKeyType":1,"closed":-1,"used":1746714543361,"created":1746714543361,"remoteIdentityKey":"Ba0EQVOdki4Nt/tAr2pD7sG711QGtTslkA7rbvJWn/JR"},"_chains":{"BUeZklTeApnJ3U6HZ5lNq9459XW18wOYhx3gn/rAdgU1":{"chainKey":{"counter":0,"key":"917kpNbNzxjooFgnAoXS5t1o+bayg3n+oIufGweYzYY="},"chainType":1,"messageKeys":{}}},"pendingPreKey":{"signedKeyId":2,"baseKey":"BUdNRunpHsiHtNlJy03mDl7Jq8kPKu8hqJyBUG5hhfxx","preKeyId":8915109}}},"version":"v1"}