{"_sessions":{"BdiMfjxIW+Hc2QdcGC3TPFCfqbpxm+6UKvdoYRRD03Am":{"registrationId":1456138452,"currentRatchet":{"ephemeralKeyPair":{"pubKey":"BdalraRuDj37DTn2HY86cpc4WJ6R2jLj+PeKqZlNb8Bf","privKey":"4LEUXXAwmWKllHI0mu43ylIU5Dlss1+by8ZX5Jzs408="},"lastRemoteEphemeralKey":"BQ/PnEbq+6XYIWfPmR7/xud0nNWaLb3vfT77wv+P99Jc","previousCounter":0,"rootKey":"Q1pN6xi/XN3Mj3+GwmVZS1Df/WkfrDWfW00pqcupqEE="},"indexInfo":{"baseKey":"BdiMfjxIW+Hc2QdcGC3TPFCfqbpxm+6UKvdoYRRD03Am","baseKeyType":1,"closed":1746721118481,"used":1746721087152,"created":1746721087152,"remoteIdentityKey":"BbXV0l8QtJQyyLNqGVKEJMtbjsLZ/+HugxAQT82S6okD"},"_chains":{"BdalraRuDj37DTn2HY86cpc4WJ6R2jLj+PeKqZlNb8Bf":{"chainKey":{"counter":0,"key":"zBEryzC45tZdT2YsXWxUJ9u3PgmTR9o3w8UbTRhVjBI="},"chainType":1,"messageKeys":{}}},"pendingPreKey":{"signedKeyId":4,"baseKey":"BdiMfjxIW+Hc2QdcGC3TPFCfqbpxm+6UKvdoYRRD03Am","preKeyId":8219133}},"BeAqnRxzV9Y0F4ZZMq2+m26Uye8hu6kOKUELXs9Qa58X":{"registrationId":1456138452,"currentRatchet":{"ephemeralKeyPair":{"pubKey":"BWtYpKTn1N5V6hIa0gnsbgPHmjqb7NUorhYaC43amuUo","privKey":"mEiOxIBIocVIr/i9CI58AOGkkvGbZe3J1awLuVpj1EI="},"lastRemoteEphemeralKey":"BQ/PnEbq+6XYIWfPmR7/xud0nNWaLb3vfT77wv+P99Jc","previousCounter":0,"rootKey":"tt/NYED/jg24xa+xTJMJ5W4djC5gmbGaozzD7oWbn7Y="},"indexInfo":{"baseKey":"BeAqnRxzV9Y0F4ZZMq2+m26Uye8hu6kOKUELXs9Qa58X","baseKeyType":1,"closed":-1,"used":1746721118144,"created":1746721118144,"remoteIdentityKey":"BbXV0l8QtJQyyLNqGVKEJMtbjsLZ/+HugxAQT82S6okD"},"_chains":{"BWtYpKTn1N5V6hIa0gnsbgPHmjqb7NUorhYaC43amuUo":{"chainKey":{"counter":2,"key":"orbJf3CfPiZ4/bLglXodnusabjTyv23GE01flzm6idI="},"chainType":1,"messageKeys":{}}},"pendingPreKey":{"signedKeyId":4,"baseKey":"BeAqnRxzV9Y0F4ZZMq2+m26Uye8hu6kOKUELXs9Qa58X","preKeyId":8219018}}},"version":"v1"}