{"_sessions":{"Be1D4wEBqAnCJt+otwFtiYdeJkzTZbfUH15NTQe4YDkK":{"registrationId":1505975293,"currentRatchet":{"ephemeralKeyPair":{"pubKey":"BZ8LLwlSrZtknF70tIKkPoVqMCqzam4gTlFvT7ZsmwsG","privKey":"4PhdPq96MYItBgw2JPHGwD3RdEykMn7UsKvP6cqi5FE="},"lastRemoteEphemeralKey":"Bc9PJX2F7BwQi88GzPDuQkblKVBajmo8KwxZqzJRsisM","previousCounter":0,"rootKey":"EjXGRxOldgxW24VrJ6MdlpABVObLJhpWahbcRQ2cdjM="},"indexInfo":{"baseKey":"Be1D4wEBqAnCJt+otwFtiYdeJkzTZbfUH15NTQe4YDkK","baseKeyType":1,"closed":1746721118442,"used":1746721087014,"created":1746721087014,"remoteIdentityKey":"BSG/wWKd2IWq3pD8rkDFYnOMOjcC4N80vtNCzKvx3UJb"},"_chains":{"BZ8LLwlSrZtknF70tIKkPoVqMCqzam4gTlFvT7ZsmwsG":{"chainKey":{"counter":0,"key":"JHV6MUR40/tNz2/Ku9zVzLFuZNmbMTLTnqRGHU7eiP4="},"chainType":1,"messageKeys":{}}},"pendingPreKey":{"signedKeyId":7,"baseKey":"Be1D4wEBqAnCJt+otwFtiYdeJkzTZbfUH15NTQe4YDkK","preKeyId":3930820}},"BU+MM5WG40INpR8DeDp1pVtD5PNy2K/3qJaq26RCxhIW":{"registrationId":1505975293,"currentRatchet":{"ephemeralKeyPair":{"pubKey":"BXd4KTpgK5pCOambHBlexctVeMN9cN5dG8c8RUc+ujds","privKey":"8FNJSI71XnIruhKfyJj1Pg7F85jXaSEDUWcz3ZdGC3I="},"lastRemoteEphemeralKey":"Bc9PJX2F7BwQi88GzPDuQkblKVBajmo8KwxZqzJRsisM","previousCounter":0,"rootKey":"K3v+FBL6KszW6xW5JPvWhSPSa2dCr5aoFqfRVtVq/hM="},"indexInfo":{"baseKey":"BU+MM5WG40INpR8DeDp1pVtD5PNy2K/3qJaq26RCxhIW","baseKeyType":1,"closed":-1,"used":1746721117975,"created":1746721117975,"remoteIdentityKey":"BSG/wWKd2IWq3pD8rkDFYnOMOjcC4N80vtNCzKvx3UJb"},"_chains":{"BXd4KTpgK5pCOambHBlexctVeMN9cN5dG8c8RUc+ujds":{"chainKey":{"counter":2,"key":"uP7il3Yj1K+hjsp2xnWxhc7/4SpDT/txr8vP9F0JCMc="},"chainType":1,"messageKeys":{}}},"pendingPreKey":{"signedKeyId":7,"baseKey":"BU+MM5WG40INpR8DeDp1pVtD5PNy2K/3qJaq26RCxhIW","preKeyId":3930300}}},"version":"v1"}