{"_sessions":{"BSAUI1tB6VBBkB8PV3qDrLepaSqkPQHXITuwTdpcFpkF":{"registrationId":1228619785,"currentRatchet":{"ephemeralKeyPair":{"pubKey":"BfmmM7gWDvJe2QGW+P26JkN8qL186DYSLuaPxqUAM0FW","privKey":"QF9bRhAlpUSH93ntTWNv9wUor30hebGo/RB5Yv4VpGY="},"lastRemoteEphemeralKey":"Bc9evPW9XGPkZedbervk4WdjS+oVq3hIuDERrY83lvtx","previousCounter":0,"rootKey":"efiFKpePPRtLfULewfg8uit/Iz5Wbrl60yvoecyn3uQ="},"indexInfo":{"baseKey":"BSAUI1tB6VBBkB8PV3qDrLepaSqkPQHXITuwTdpcFpkF","baseKeyType":1,"closed":-1,"used":1746714525545,"created":1746714525545,"remoteIdentityKey":"Bf5qgYIO0GhnjlH2hDZ1ron71dvkJPvUSJ/8sEmtC34B"},"_chains":{"BfmmM7gWDvJe2QGW+P26JkN8qL186DYSLuaPxqUAM0FW":{"chainKey":{"counter":0,"key":"hzF9JH6HHREBJK31TL+ZG6g7AB5M03pDpjw2XV9Pt0g="},"chainType":1,"messageKeys":{}}},"pendingPreKey":{"signedKeyId":4,"baseKey":"BSAUI1tB6VBBkB8PV3qDrLepaSqkPQHXITuwTdpcFpkF"}}},"version":"v1"}