{"_sessions":{"BcTi5Ra6nvl0fyCLwvIgAeGZl1JBNiJuTfeslyxCIRMr":{"registrationId":723281408,"currentRatchet":{"ephemeralKeyPair":{"pubKey":"BTuxra9pNQTipA84wQzNSEq+kZ0AmRAGbi7JZKXd1qpz","privKey":"aK5Sz2tQKwo6m3jiV55CLF+r3jtD/1y33kHbv26TslQ="},"lastRemoteEphemeralKey":"BS1CiFb4nLhSA6T56BhM/HsMdOOJ+p/nZPI2TRvniM4x","previousCounter":0,"rootKey":"YRQpKCq7ygc93hXADuS2fl52NilfvkR10rrRUVhNAkM="},"indexInfo":{"baseKey":"BcTi5Ra6nvl0fyCLwvIgAeGZl1JBNiJuTfeslyxCIRMr","baseKeyType":1,"closed":-1,"used":1746714543277,"created":1746714543277,"remoteIdentityKey":"Bey0WjK8C6mKZ6LuAS6ssrWzOPGaWf6/Y0Xu7rBkYhsP"},"_chains":{"BTuxra9pNQTipA84wQzNSEq+kZ0AmRAGbi7JZKXd1qpz":{"chainKey":{"counter":0,"key":"SZA9Op0I736ZDMHuDzCdhzDFcPJLOyq0NA3fB2SptzI="},"chainType":1,"messageKeys":{}}},"pendingPreKey":{"signedKeyId":840145,"baseKey":"BcTi5Ra6nvl0fyCLwvIgAeGZl1JBNiJuTfeslyxCIRMr","preKeyId":6177}}},"version":"v1"}