{"_sessions":{"BeXZy02tS0yq2hDH27o3zq0A1fPrDUqWKATSz1Cwd+EB":{"registrationId":5,"currentRatchet":{"ephemeralKeyPair":{"pubKey":"BZGG8iuxRJrYVpLMxLWYqSsn0UqMFPzQx9u1MgxJuE9R","privKey":"MJ7rTyadwOHPb2dxl6pLbn4imiYMQoGZAbY0WZXvkEQ="},"lastRemoteEphemeralKey":"BaxA0ztlR5kgHWXz51bkcGeYAopYwZhNQa2eGObNnMJi","previousCounter":0,"rootKey":"7Sr3Zuvx92SjPLiJQKTLZIPahkeXabzhzAk9xyA4ZTM="},"indexInfo":{"baseKey":"BeXZy02tS0yq2hDH27o3zq0A1fPrDUqWKATSz1Cwd+EB","baseKeyType":1,"closed":-1,"used":1746714522058,"created":1746714522058,"remoteIdentityKey":"BdcpnWZw7yCU8K/z/qo7Alov6HvvDkHBOnManufn2s16"},"_chains":{"BZGG8iuxRJrYVpLMxLWYqSsn0UqMFPzQx9u1MgxJuE9R":{"chainKey":{"counter":0,"key":"+WTwjjyY25biZDgvSTS/EnSmctfA/dPEqO2dH5qfoI8="},"chainType":1,"messageKeys":{}}},"pendingPreKey":{"signedKeyId":1,"baseKey":"BeXZy02tS0yq2hDH27o3zq0A1fPrDUqWKATSz1Cwd+EB","preKeyId":4295}}},"version":"v1"}