{"_sessions":{"BepdnHJ9pdB0LADMz32aTW29/ybzYK7N+gMHz0rvR3Jq":{"registrationId":9517,"currentRatchet":{"ephemeralKeyPair":{"pubKey":"BeQBeSQr/c7tbVVRHvO8hARSH+LU6fM5zeZCEYdOsI9N","privKey":"CMwNtP7T7I8HyZlo2vZHrQsS/mb5vPUjuMgayR8Et2E="},"lastRemoteEphemeralKey":"BWK6EL15SFziQ1JsrkdCm6/+14tMe8ymyst3jiVFNiZU","previousCounter":0,"rootKey":"WBoRCqqz3wpsJQrEB6K/AobBTclGeBjd0Blczg0kdIw="},"indexInfo":{"baseKey":"BepdnHJ9pdB0LADMz32aTW29/ybzYK7N+gMHz0rvR3Jq","baseKeyType":1,"closed":1746721099096,"used":1746721068800,"created":1746721068800,"remoteIdentityKey":"BWm5dZiWBzWwTWqQjRfzZ4fdSskvfuEdSTYzQL9BlVJ6"},"_chains":{"BeQBeSQr/c7tbVVRHvO8hARSH+LU6fM5zeZCEYdOsI9N":{"chainKey":{"counter":0,"key":"rnVfeJl5DeoDJZTz+D26buN4RqhYkqgCXtu9uqC51yM="},"chainType":1,"messageKeys":{}}},"pendingPreKey":{"signedKeyId":1,"baseKey":"BepdnHJ9pdB0LADMz32aTW29/ybzYK7N+gMHz0rvR3Jq"}},"BQ4x9s2X1pRCd/aSkf5kLuBqJWZVk85tEUXlaj6aCPs6":{"registrationId":9517,"currentRatchet":{"ephemeralKeyPair":{"pubKey":"BXSoon/rdjFlUrDVs8CQnES5Fdh/abJAolVH23clEIVW","privKey":"uKv5NW3RMwS+xL00NzzYSVU4yslD3eQY7YPmZzpnGnE="},"lastRemoteEphemeralKey":"BWK6EL15SFziQ1JsrkdCm6/+14tMe8ymyst3jiVFNiZU","previousCounter":0,"rootKey":"OcedN+BnXTaGQw5CE/rhCcl5v+qVVKgvBt0k16uqDmk="},"indexInfo":{"baseKey":"BQ4x9s2X1pRCd/aSkf5kLuBqJWZVk85tEUXlaj6aCPs6","baseKeyType":1,"closed":-1,"used":1746721098511,"created":1746721098511,"remoteIdentityKey":"BWm5dZiWBzWwTWqQjRfzZ4fdSskvfuEdSTYzQL9BlVJ6"},"_chains":{"BXSoon/rdjFlUrDVs8CQnES5Fdh/abJAolVH23clEIVW":{"chainKey":{"counter":2,"key":"Z5DpwXfKjvzumozXmPATG9VcZ/q9zVYa7atU2J1ayp4="},"chainType":1,"messageKeys":{}}},"pendingPreKey":{"signedKeyId":1,"baseKey":"BQ4x9s2X1pRCd/aSkf5kLuBqJWZVk85tEUXlaj6aCPs6"}}},"version":"v1"}