{"_sessions":{"BYCqRhVoF8tkyVnMEjvCu/wV38TqsrtxGoq1mIluiPkT":{"registrationId":2092362651,"currentRatchet":{"ephemeralKeyPair":{"pubKey":"BQG2R2QJCFx6XZUw1GZs7OLoXJ+ZkBHv3dECZc+hLtsz","privKey":"gG0ok9VjaDmMstlawFgjZ0aBqG5DZgQwn8ReSLPhQVg="},"lastRemoteEphemeralKey":"BXUjNk4UxejQlpwa2X7mmdvtaW0SPeo2ffAMxzXtnewm","previousCounter":0,"rootKey":"uq6kPFKltyDLplOvb9PKf1W7991XMldYB9hxGBnv7r4="},"indexInfo":{"baseKey":"BYCqRhVoF8tkyVnMEjvCu/wV38TqsrtxGoq1mIluiPkT","baseKeyType":1,"closed":-1,"used":1746714522277,"created":1746714522277,"remoteIdentityKey":"Ba0HnDP+siASGkAVXYQW5bHlt2DIih5Q6jihEbOTY6QS"},"_chains":{"BQG2R2QJCFx6XZUw1GZs7OLoXJ+ZkBHv3dECZc+hLtsz":{"chainKey":{"counter":0,"key":"1WPdXFenxV7Ku1TMEjIc22I635gejvV0vyEh/av2Tz8="},"chainType":1,"messageKeys":{}}},"pendingPreKey":{"signedKeyId":11216749,"baseKey":"BYCqRhVoF8tkyVnMEjvCu/wV38TqsrtxGoq1mIluiPkT","preKeyId":17540}}},"version":"v1"}