{"_sessions":{"BR2jiPIxAB12Pho/oilZFC7YsAcUhXeS6RDU0WH9n6kQ":{"registrationId":6741,"currentRatchet":{"ephemeralKeyPair":{"pubKey":"BaNh32eJXDwvBT7UX884ISsDarbmMmRkKDndgxUqW6wj","privKey":"uEJXNXih8r8AsQPh3LkYgguUrZu8JbuF7H+zjB22eX0="},"lastRemoteEphemeralKey":"BWtDYJJKQnP3xEHlvXEhHgUE/h/oIhNAJpGcqUXoUg8l","previousCounter":0,"rootKey":"JTemAf7AoWaXgvKpJl9wOP5vkv5dJ9lzhpozCzn0DwU="},"indexInfo":{"baseKey":"BR2jiPIxAB12Pho/oilZFC7YsAcUhXeS6RDU0WH9n6kQ","baseKeyType":1,"closed":1746721099201,"used":1746721068997,"created":1746721068997,"remoteIdentityKey":"BZuUwpKPYl+1ESi9nj79ODaJgpdIEUDS2+LsjISgH5MH"},"_chains":{"BaNh32eJXDwvBT7UX884ISsDarbmMmRkKDndgxUqW6wj":{"chainKey":{"counter":0,"key":"v8/gcjQfUiTg90+z7wTBBZ4pcdjFhx/TRNwC/37mVP8="},"chainType":1,"messageKeys":{}}},"pendingPreKey":{"signedKeyId":1,"baseKey":"BR2jiPIxAB12Pho/oilZFC7YsAcUhXeS6RDU0WH9n6kQ","preKeyId":2127}},"BYA5Eh1+KOXS1dCWg7CBCVfcPvkfgHppLpxDKxriAl4B":{"registrationId":6741,"currentRatchet":{"ephemeralKeyPair":{"pubKey":"BTKagQ8NpKTQniCbNXim41KZ1riL5Fpi7NKG741a7xlO","privKey":"OGYHRKl/dZ4/STFqez+uIOig+cy5Cl1pTPt3ryJWI0U="},"lastRemoteEphemeralKey":"BWtDYJJKQnP3xEHlvXEhHgUE/h/oIhNAJpGcqUXoUg8l","previousCounter":0,"rootKey":"XE28qVsBgyvI5NSgCHx78Zxm9VX+HsbsYQJKbMXfh2s="},"indexInfo":{"baseKey":"BYA5Eh1+KOXS1dCWg7CBCVfcPvkfgHppLpxDKxriAl4B","baseKeyType":1,"closed":-1,"used":1746721098674,"created":1746721098674,"remoteIdentityKey":"BZuUwpKPYl+1ESi9nj79ODaJgpdIEUDS2+LsjISgH5MH"},"_chains":{"BTKagQ8NpKTQniCbNXim41KZ1riL5Fpi7NKG741a7xlO":{"chainKey":{"counter":2,"key":"2dFlod9FxTyCT77w1axpBj7B3z3ZwwdV+XOJmy8YZ0w="},"chainType":1,"messageKeys":{}}},"pendingPreKey":{"signedKeyId":1,"baseKey":"BYA5Eh1+KOXS1dCWg7CBCVfcPvkfgHppLpxDKxriAl4B","preKeyId":2100}}},"version":"v1"}