{"_sessions":{"BcnvMrIoXdFR/2mYovZRrKpC4iaB6t/0y0ekn8pa8uBr":{"registrationId":1266650715,"currentRatchet":{"ephemeralKeyPair":{"pubKey":"BXsT1vV3WIMDuQQlSRO72xVIrc1ceGiEkwiHZ728Lk9F","privKey":"oINTy6OHixhYc5UDE6AoZAvfcZNAA2NaQveY7Dx7Qms="},"lastRemoteEphemeralKey":"BVqJy0VEWPSB3Axs9eqdG2sIxb/MnYeAe53wxfbFzTtg","previousCounter":0,"rootKey":"G9NvGpbvn/k7C1VUJuNKRPUh26XwZgeQh8zSjexjc60="},"indexInfo":{"baseKey":"BcnvMrIoXdFR/2mYovZRrKpC4iaB6t/0y0ekn8pa8uBr","baseKeyType":1,"closed":1746721111322,"used":1746721080035,"created":1746721080035,"remoteIdentityKey":"BbpBfbdJvW9VdBGPm3z/ZC0s0yi0+c93F28j6AttL3Yv"},"_chains":{"BXsT1vV3WIMDuQQlSRO72xVIrc1ceGiEkwiHZ728Lk9F":{"chainKey":{"counter":0,"key":"EH838fujWQjzxzRn/H/o4lcbB2DsquZtAnzayJQ3pJQ="},"chainType":1,"messageKeys":{}}},"pendingPreKey":{"signedKeyId":1,"baseKey":"BcnvMrIoXdFR/2mYovZRrKpC4iaB6t/0y0ekn8pa8uBr","preKeyId":16091980}},"BfrCk+8HDFstGkhvN23e1sCcx1z1vB89wLDISBnhVt0K":{"registrationId":1266650715,"currentRatchet":{"ephemeralKeyPair":{"pubKey":"BR1sIB+dzyQVx89yrZ4+AARVvQS/3AUggvtpweaSjlBS","privKey":"mD3g/z/b4IQHqcmphTD9/9Hz9m6m45tcLE90gns31kU="},"lastRemoteEphemeralKey":"BVqJy0VEWPSB3Axs9eqdG2sIxb/MnYeAe53wxfbFzTtg","previousCounter":0,"rootKey":"n/0CeL0aLT6yNa0ywY8BE/7GdOFC8sTmoC/vLkVNNIo="},"indexInfo":{"baseKey":"BfrCk+8HDFstGkhvN23e1sCcx1z1vB89wLDISBnhVt0K","baseKeyType":1,"closed":-1,"used":1746721110980,"created":1746721110980,"remoteIdentityKey":"BbpBfbdJvW9VdBGPm3z/ZC0s0yi0+c93F28j6AttL3Yv"},"_chains":{"BR1sIB+dzyQVx89yrZ4+AARVvQS/3AUggvtpweaSjlBS":{"chainKey":{"counter":2,"key":"Rz9I78VcqtlOcgXXFryu4BmUAiXKtaKuDN9Monadztc="},"chainType":1,"messageKeys":{}}},"pendingPreKey":{"signedKeyId":1,"baseKey":"BfrCk+8HDFstGkhvN23e1sCcx1z1vB89wLDISBnhVt0K","preKeyId":16091231}}},"version":"v1"}