{"_sessions":{"BS+GlzOWryKAqrAMvVnLpvyJj6mftebZj9DlpaCFURVC":{"registrationId":9109,"currentRatchet":{"ephemeralKeyPair":{"pubKey":"Bbc9Ke74WAjSyMZ78vW/Tn6tBi4JYlsRDzYGgN+3brgM","privKey":"8GEWMY22zB+RI+p71T0O4oE/NZ/nF2Ug0aqipRvqZ0c="},"lastRemoteEphemeralKey":"Bc0XVYPR2ZcCaWuyavAUliD0zOVVxb++6GszSLUsMqA4","previousCounter":0,"rootKey":"oo0fsi4a8UYNoqRtixzFKm5rdmb1CTLWkVjH+dWq/Q8="},"indexInfo":{"baseKey":"BS+GlzOWryKAqrAMvVnLpvyJj6mftebZj9DlpaCFURVC","baseKeyType":1,"closed":-1,"used":1746714522218,"created":1746714522218,"remoteIdentityKey":"Bc+JxZZHlOKFCGyM6S3w3iSu9AMfONuRzOJxH9JOhAhC"},"_chains":{"Bbc9Ke74WAjSyMZ78vW/Tn6tBi4JYlsRDzYGgN+3brgM":{"chainKey":{"counter":0,"key":"bt/z6ORlqSgWbneTLXmSUitAVQV+HXMtmZi6tnP1FCg="},"chainType":1,"messageKeys":{}}},"pendingPreKey":{"signedKeyId":1,"baseKey":"BS+GlzOWryKAqrAMvVnLpvyJj6mftebZj9DlpaCFURVC"}}},"version":"v1"}