{"_sessions":{"BQMfRBQchxmvFOZTddlJLlstknfT9jTc4wWsirTs3QE8":{"registrationId":1943631842,"currentRatchet":{"ephemeralKeyPair":{"pubKey":"BZ3w1qfYIqnRbU7DA3nRZ7NbqfZ3aB/aaYQYNGOdknNA","privKey":"KK0uzeB9S6BtgOYZBgpHqeISGdEWhw26j5BUYiqcz14="},"lastRemoteEphemeralKey":"BTiM45AtTSSAfqS3YxiMDStyzHxxprt/GPS35tisMCE1","previousCounter":0,"rootKey":"GZfepsbFGbL8rNkwHyp5eswD1kAWfz/AhDHyfcUH59Q="},"indexInfo":{"baseKey":"BQMfRBQchxmvFOZTddlJLlstknfT9jTc4wWsirTs3QE8","baseKeyType":1,"closed":1746721104088,"used":1746721072885,"created":1746721072885,"remoteIdentityKey":"BetWo+ZLCtJ9opRa9JQEKXJvwcskGBHcxAMNgDMpZL0D"},"_chains":{"BZ3w1qfYIqnRbU7DA3nRZ7NbqfZ3aB/aaYQYNGOdknNA":{"chainKey":{"counter":0,"key":"RrK6AVJxkU5Du6GcpUuwjYgET480GupaemgZ8oT4q4o="},"chainType":1,"messageKeys":{}}},"pendingPreKey":{"signedKeyId":5,"baseKey":"BQMfRBQchxmvFOZTddlJLlstknfT9jTc4wWsirTs3QE8","preKeyId":1950681}},"BT/gIkSOrF2drblzBfNVNnZ/sMrdrMRSCXTA0E2k/eY5":{"registrationId":1943631842,"currentRatchet":{"ephemeralKeyPair":{"pubKey":"BQiiUZlcRUJ6StzVfuBa2xJTjczm/oKbh73OaVV5SIdV","privKey":"QDnrKyo/C0PHAxCYSDgpg1w1y5hX1lYKjfieTZ8yN0s="},"lastRemoteEphemeralKey":"BTiM45AtTSSAfqS3YxiMDStyzHxxprt/GPS35tisMCE1","previousCounter":0,"rootKey":"2nnWvZT1hltL1ZIe+/XST8LPyK2t1A9Eq9WhL2+XpFU="},"indexInfo":{"baseKey":"BT/gIkSOrF2drblzBfNVNnZ/sMrdrMRSCXTA0E2k/eY5","baseKeyType":1,"closed":-1,"used":1746721103762,"created":1746721103762,"remoteIdentityKey":"BetWo+ZLCtJ9opRa9JQEKXJvwcskGBHcxAMNgDMpZL0D"},"_chains":{"BQiiUZlcRUJ6StzVfuBa2xJTjczm/oKbh73OaVV5SIdV":{"chainKey":{"counter":2,"key":"auTEpv5pgqBP2Xs88QBeqQxg/hCKpoF1bqw0UQAsgls="},"chainType":1,"messageKeys":{}}},"pendingPreKey":{"signedKeyId":5,"baseKey":"BT/gIkSOrF2drblzBfNVNnZ/sMrdrMRSCXTA0E2k/eY5","preKeyId":1949946}}},"version":"v1"}