{"_sessions":{"BUdxMMSWi54rkDxWoRaiaVOYKF5rWod3VYe07nRV4K9L":{"registrationId":1200334861,"currentRatchet":{"ephemeralKeyPair":{"pubKey":"BU5Juwptbm4J7lPqL4sExTvH6AdDiyQEHKyyMhfqyig0","privKey":"CAzkB7RjWst8yYqrdfA2cP+/BsOxjB4mqMLOm+/jUU8="},"lastRemoteEphemeralKey":"BcZgVQO60DnTsFG/qnDwCd+QrrXE1YfRZ0GPRnEYK4FN","previousCounter":0,"rootKey":"AqiIgShj9rvCq2r0qOzGRK7MWUuyz/G3t0hJJFzcPXg="},"indexInfo":{"baseKey":"BUdxMMSWi54rkDxWoRaiaVOYKF5rWod3VYe07nRV4K9L","baseKeyType":1,"closed":1746721099265,"used":1746721069066,"created":1746721069066,"remoteIdentityKey":"BU7zTCKC8ti8GFroV41wZe2V3jC6ggY1qS2jPXgZRi5f"},"_chains":{"BU5Juwptbm4J7lPqL4sExTvH6AdDiyQEHKyyMhfqyig0":{"chainKey":{"counter":0,"key":"hbmev2L4EO3/TpcZWkhWgZOGP02oNeeewzFbeY4HXns="},"chainType":1,"messageKeys":{}}},"pendingPreKey":{"signedKeyId":1,"baseKey":"BUdxMMSWi54rkDxWoRaiaVOYKF5rWod3VYe07nRV4K9L","preKeyId":3427334}},"BfL1cn9Z8Q6mpEUyhJuMiqi1v3g0QxaAGqmswIDTgPIe":{"registrationId":1200334861,"currentRatchet":{"ephemeralKeyPair":{"pubKey":"BfqJlnKN1wZ9+hFyD3V3P7tp+O/HX1UE6er0kBxFaaZi","privKey":"WLdHasg3rRb9/ZNfF4KDho4oy7qE/X8/8mK8kqSsNE0="},"lastRemoteEphemeralKey":"BcZgVQO60DnTsFG/qnDwCd+QrrXE1YfRZ0GPRnEYK4FN","previousCounter":0,"rootKey":"TiQIE9A1hSjeBk5b7IplR+j8mUlHdp2r8DcSHogFXI4="},"indexInfo":{"baseKey":"BfL1cn9Z8Q6mpEUyhJuMiqi1v3g0QxaAGqmswIDTgPIe","baseKeyType":1,"closed":-1,"used":1746721098735,"created":1746721098735,"remoteIdentityKey":"BU7zTCKC8ti8GFroV41wZe2V3jC6ggY1qS2jPXgZRi5f"},"_chains":{"BfqJlnKN1wZ9+hFyD3V3P7tp+O/HX1UE6er0kBxFaaZi":{"chainKey":{"counter":2,"key":"DgZl0i844SLEVghfKw4/rsk2VjFswzNgABezYPCJGVI="},"chainType":1,"messageKeys":{}}},"pendingPreKey":{"signedKeyId":1,"baseKey":"BfL1cn9Z8Q6mpEUyhJuMiqi1v3g0QxaAGqmswIDTgPIe","preKeyId":3427470}}},"version":"v1"}