{"_sessions":{"BVQei3S1pDHY19syPKt/gXFvd/KZg/fVml2aeVbQEAxD":{"registrationId":6614,"currentRatchet":{"ephemeralKeyPair":{"pubKey":"BUvYGWIbtl1w9Mmf2mf78dEv1ZEnncmKL2SiO2DTckAk","privKey":"cHwcjfYj68mSpWgxci1sRvx3N+6s5dtw4rcoQCS9lUw="},"lastRemoteEphemeralKey":"Be178jsQzC2f56hrNSN2JDea/7VhjOfCwL5wZG3uVgtM","previousCounter":0,"rootKey":"h6d48TdMS5KBPZkGVXATw3u5szyzTVLLHds+2gbJjxU="},"indexInfo":{"baseKey":"BVQei3S1pDHY19syPKt/gXFvd/KZg/fVml2aeVbQEAxD","baseKeyType":1,"closed":1746721099267,"used":1746721069071,"created":1746721069071,"remoteIdentityKey":"BSYcDGFY69E7EaKh8XDSn+9FXcAVHS1FvnOslCHsKnFx"},"_chains":{"BUvYGWIbtl1w9Mmf2mf78dEv1ZEnncmKL2SiO2DTckAk":{"chainKey":{"counter":0,"key":"TvXL6zQx7vg/6mEsjqqBAEixRXbvB79NOAhgfU+lsrw="},"chainType":1,"messageKeys":{}}},"pendingPreKey":{"signedKeyId":1,"baseKey":"BVQei3S1pDHY19syPKt/gXFvd/KZg/fVml2aeVbQEAxD"}},"BY+9M9m8Z4MSmZej/+2sgUoiPEqBlC9ytyLFhMgSswRI":{"registrationId":6614,"currentRatchet":{"ephemeralKeyPair":{"pubKey":"BdN5uA9wYuJNe/DtEQWIXrRq7EiVCQLqtgsYwAP6ualE","privKey":"mB1wQNcyqFijms4271jGmn5EG/EqDEdRTTsq6QtaKWU="},"lastRemoteEphemeralKey":"Be178jsQzC2f56hrNSN2JDea/7VhjOfCwL5wZG3uVgtM","previousCounter":0,"rootKey":"QZrWCk1XCD0dp2YVmbLPw1o3sESZrLl93mlY3NkuAWk="},"indexInfo":{"baseKey":"BY+9M9m8Z4MSmZej/+2sgUoiPEqBlC9ytyLFhMgSswRI","baseKeyType":1,"closed":-1,"used":1746721098739,"created":1746721098739,"remoteIdentityKey":"BSYcDGFY69E7EaKh8XDSn+9FXcAVHS1FvnOslCHsKnFx"},"_chains":{"BdN5uA9wYuJNe/DtEQWIXrRq7EiVCQLqtgsYwAP6ualE":{"chainKey":{"counter":2,"key":"lsnWt5YJVUTowMqf29tI+oqZPIx//kV5iYXUojgtZOQ="},"chainType":1,"messageKeys":{}}},"pendingPreKey":{"signedKeyId":1,"baseKey":"BY+9M9m8Z4MSmZej/+2sgUoiPEqBlC9ytyLFhMgSswRI"}}},"version":"v1"}