{"_sessions":{"BRfsk1UMEHg5NkCEMmoLyMWAl9ZnGUUkpoy8h4eYMVZA":{"registrationId":1933478158,"currentRatchet":{"ephemeralKeyPair":{"pubKey":"BRCUSynBExoKKdN/P9dNper/41OIkW808SsvUoHk6fQ7","privKey":"2N0qv0HjAqnK6jw3C/A1mP0oRSk7L/X2lCFmibernlU="},"lastRemoteEphemeralKey":"BUTq4Q/ZqA6sLpzxZSkK7d4GJLwXO1lVp3EAg2VLZSgM","previousCounter":0,"rootKey":"9tUqUQD0mr54hg4EDKkzTjHbRqIdAfflWpcXz3yWDnI="},"indexInfo":{"baseKey":"BRfsk1UMEHg5NkCEMmoLyMWAl9ZnGUUkpoy8h4eYMVZA","baseKeyType":1,"closed":1746721099402,"used":1746721069201,"created":1746721069201,"remoteIdentityKey":"BcdL6LjRuWHrT/5nk3vf+QtHSaViVi1khqtl2dp4WSsj"},"_chains":{"BRCUSynBExoKKdN/P9dNper/41OIkW808SsvUoHk6fQ7":{"chainKey":{"counter":0,"key":"40NxbFufLT7h8omD66rHR+gj112Snu2ZR79SOyYcnpk="},"chainType":1,"messageKeys":{}}},"pendingPreKey":{"signedKeyId":1,"baseKey":"BRfsk1UMEHg5NkCEMmoLyMWAl9ZnGUUkpoy8h4eYMVZA"}},"BVu6B2lgkbMDH7H/WYOHN3/sAkEPMs2UBR1srj6zPDgX":{"registrationId":1933478158,"currentRatchet":{"ephemeralKeyPair":{"pubKey":"Bd1x83OzD/5jaWzK4XZWE80KTMkvbnH1M6/0gniIOtBM","privKey":"4DsfpTP3jwKDa0KDPgGok4JMarHtUave1bv5aVb1bGw="},"lastRemoteEphemeralKey":"BUTq4Q/ZqA6sLpzxZSkK7d4GJLwXO1lVp3EAg2VLZSgM","previousCounter":0,"rootKey":"9D5DQDRWLizlnScoA27cPVzpNNCP5bv/HDh5qx+qd1s="},"indexInfo":{"baseKey":"BVu6B2lgkbMDH7H/WYOHN3/sAkEPMs2UBR1srj6zPDgX","baseKeyType":1,"closed":-1,"used":1746721098854,"created":1746721098854,"remoteIdentityKey":"BcdL6LjRuWHrT/5nk3vf+QtHSaViVi1khqtl2dp4WSsj"},"_chains":{"Bd1x83OzD/5jaWzK4XZWE80KTMkvbnH1M6/0gniIOtBM":{"chainKey":{"counter":2,"key":"UUKWH0soybGy1e44o6V3PSZGvnXvO6R6oIk2Z5RnhXk="},"chainType":1,"messageKeys":{}}},"pendingPreKey":{"signedKeyId":1,"baseKey":"BVu6B2lgkbMDH7H/WYOHN3/sAkEPMs2UBR1srj6zPDgX"}}},"version":"v1"}