{"_sessions":{"BQtVMzyFftCI7s0uLCpgaFMf259blkgoERaAJw0F7tcg":{"registrationId":1593105934,"currentRatchet":{"ephemeralKeyPair":{"pubKey":"BT1Srqw2rmUU3Kwhcsxiy20KbXJXcEQjsS6j/0vhVZgc","privKey":"sLvj/7h6hzdLRIYtjz0U2wNoSqebiKg4hlHYEPaDMVo="},"lastRemoteEphemeralKey":"BaDHBGoNvpTUXcU6miWFcTtRfSs+B2InRaI733t0qHxK","previousCounter":0,"rootKey":"0Y462yQgakmuyQmpGAl8SRjcIDC4TekiKzky5Z5jcZ0="},"indexInfo":{"baseKey":"BQtVMzyFftCI7s0uLCpgaFMf259blkgoERaAJw0F7tcg","baseKeyType":1,"closed":-1,"used":1746714532763,"created":1746714532763,"remoteIdentityKey":"BRmI6KGDyvuWMQ+PtoU4edAqh4LeBA+zt95z94W+J7p8"},"_chains":{"BT1Srqw2rmUU3Kwhcsxiy20KbXJXcEQjsS6j/0vhVZgc":{"chainKey":{"counter":0,"key":"FpqhduPf9bzCGzow6a1We6COundNVL1wP3tCML9GtqI="},"chainType":1,"messageKeys":{}}},"pendingPreKey":{"signedKeyId":4,"baseKey":"BQtVMzyFftCI7s0uLCpgaFMf259blkgoERaAJw0F7tcg"}}},"version":"v1"}