{"_sessions":{"BRYyWY0YmIgUWn8KKEkCUqTyaEhuvYqXQojZe+XAsXhh":{"registrationId":998413207,"currentRatchet":{"ephemeralKeyPair":{"pubKey":"BTaB+ZUmYCPYF7T9YGTNeZxG4ncF8z7H7mGmvr3IY3kV","privKey":"IO2fBYV19UDKEz9aF6w9X3Hij+/7nqkG8g7sLBcd+1c="},"lastRemoteEphemeralKey":"BaJKHGC8rv/Gqrb+DuFVuHS49L0pEy4WIYUK69qfq2QK","previousCounter":0,"rootKey":"j6FBPHlKpVhucPcU3t9ejXpYVmG4HrS8jncPZjwfdjY="},"indexInfo":{"baseKey":"BRYyWY0YmIgUWn8KKEkCUqTyaEhuvYqXQojZe+XAsXhh","baseKeyType":1,"closed":-1,"used":1746714536240,"created":1746714536240,"remoteIdentityKey":"BT7VXG4uvLjNP5v2dy8wiQusjUWPv3Bt6y7i7kMYo1N2"},"_chains":{"BTaB+ZUmYCPYF7T9YGTNeZxG4ncF8z7H7mGmvr3IY3kV":{"chainKey":{"counter":0,"key":"BYnpcFvT1bFKX5C3nPDmF3KPkzXYpSi7yosPGP/vcUM="},"chainType":1,"messageKeys":{}}},"pendingPreKey":{"signedKeyId":2,"baseKey":"BRYyWY0YmIgUWn8KKEkCUqTyaEhuvYqXQojZe+XAsXhh","preKeyId":1278236}}},"version":"v1"}