{"_sessions":{"BT7GdKEPkmSka3wjf5KjITBL03KDE6FTPmU8o7kwbHsF":{"registrationId":1198666925,"currentRatchet":{"ephemeralKeyPair":{"pubKey":"BSv0JZwj/eZWFx3ncdkakBzYvgZpwk0IsCyGiuRVDY9d","privKey":"AOBCPQDOtChpONKdLjvPi5Kf3Lop+PTWgnjliFuZM3s="},"lastRemoteEphemeralKey":"Be+DdhtH7RMLY+q6EJUZdhgW1YEiRqYz9KQ40e2wS5ZB","previousCounter":0,"rootKey":"fX7orMnwXXRiX4T6h2KxFIa6+aZnbE3NEZbhvdZbTd0="},"indexInfo":{"baseKey":"BT7GdKEPkmSka3wjf5KjITBL03KDE6FTPmU8o7kwbHsF","baseKeyType":1,"closed":-1,"used":1746714540140,"created":1746714540140,"remoteIdentityKey":"BfAoNQ/3zASqzKAY30jV0iAVNtvuslNKhPJFqUqKvPJR"},"_chains":{"BSv0JZwj/eZWFx3ncdkakBzYvgZpwk0IsCyGiuRVDY9d":{"chainKey":{"counter":0,"key":"2AR0T1WSNWasjiDARuYgHrPBzG0+SBtwSRZymC2VObw="},"chainType":1,"messageKeys":{}}},"pendingPreKey":{"signedKeyId":0,"baseKey":"BT7GdKEPkmSka3wjf5KjITBL03KDE6FTPmU8o7kwbHsF","preKeyId":9615664}}},"version":"v1"}