{"_sessions":{"Bfxk0lILqPT5rXiUkib3js8DFFVWLq1tbnVFKvhD+9dq":{"registrationId":1758781868,"currentRatchet":{"ephemeralKeyPair":{"pubKey":"BU6MxszseQWyZUlZpPN0zxSD3i1llYbVQHUwxuJJJ3x9","privKey":"OAkbTRJ+7L7CopTslU4FG9ic5VO98ZIJZi120UYBMmw="},"lastRemoteEphemeralKey":"Bb3V3gRdbwd4qwCWm8BenZ3cvK2tqv3yJZjiE0iu1Ul9","previousCounter":0,"rootKey":"kleVcM6M0O+OkDXEX6h1wmc+PklB9bBJLb02L88QwlI="},"indexInfo":{"baseKey":"Bfxk0lILqPT5rXiUkib3js8DFFVWLq1tbnVFKvhD+9dq","baseKeyType":1,"closed":1746721114820,"used":1746721083939,"created":1746721083939,"remoteIdentityKey":"BS1oH9IR66hL9zuCvQdlOAAzB6Uy/C0zrdHHEu0cpqQ3"},"_chains":{"BU6MxszseQWyZUlZpPN0zxSD3i1llYbVQHUwxuJJJ3x9":{"chainKey":{"counter":0,"key":"a6oc/g8TRzaSGGm+M8Z92OHrE2rQc7nZcJH4z7YpPLc="},"chainType":1,"messageKeys":{}}},"pendingPreKey":{"signedKeyId":9,"baseKey":"Bfxk0lILqPT5rXiUkib3js8DFFVWLq1tbnVFKvhD+9dq","preKeyId":988796}},"BdpUIJPJ1p7iw9s/x+VGcMqdZyTwIXrcA59wcC6f7u9l":{"registrationId":1758781868,"currentRatchet":{"ephemeralKeyPair":{"pubKey":"BZum22nAuB9yzvYO+kTwvkGqReakJFrf/+mHVPvgeWA7","privKey":"6MEYQI3hEbP8qG/aW2omJ3kU0rWEkHP2LsvOxhLEwmI="},"lastRemoteEphemeralKey":"Bb3V3gRdbwd4qwCWm8BenZ3cvK2tqv3yJZjiE0iu1Ul9","previousCounter":0,"rootKey":"YQXE3XJK6eMQXJmdUdFkdj5AYTPus8OSUsN18gdUBF0="},"indexInfo":{"baseKey":"BdpUIJPJ1p7iw9s/x+VGcMqdZyTwIXrcA59wcC6f7u9l","baseKeyType":1,"closed":-1,"used":1746721114695,"created":1746721114695,"remoteIdentityKey":"BS1oH9IR66hL9zuCvQdlOAAzB6Uy/C0zrdHHEu0cpqQ3"},"_chains":{"BZum22nAuB9yzvYO+kTwvkGqReakJFrf/+mHVPvgeWA7":{"chainKey":{"counter":2,"key":"VHOOwIkLFmedLUE7gv9YAz+jSF/8QPTsUyKCmvwXiks="},"chainType":1,"messageKeys":{}}},"pendingPreKey":{"signedKeyId":9,"baseKey":"BdpUIJPJ1p7iw9s/x+VGcMqdZyTwIXrcA59wcC6f7u9l","preKeyId":988842}}},"version":"v1"}