{"_sessions":{"BYlIgAQ7EB0g5r6xzhuCjWYIoj0/mCu9BgVVCvUOnu1e":{"registrationId":727952544,"currentRatchet":{"ephemeralKeyPair":{"pubKey":"BZT/mIr6U78YTx+Gul7ec7ncujQXKlWWhfW702aw0Ngj","privKey":"iDpwdHnYuU3H2YWWBkFqInoobZORBPQRFdVx1HVsKl4="},"lastRemoteEphemeralKey":"BU29KALihKzwvfxnPkPvvSQ6+lNaMNSmH0J2dpo+wAQk","previousCounter":0,"rootKey":"tEFuUPDFgamvijBYpb+1cOaGIG7bGWboPN+KD6U5Yi8="},"indexInfo":{"baseKey":"BYlIgAQ7EB0g5r6xzhuCjWYIoj0/mCu9BgVVCvUOnu1e","baseKeyType":1,"closed":1746721118455,"used":1746721087053,"created":1746721087053,"remoteIdentityKey":"BchkDcUgL3eI0R3BLtnbFcP6G7/dt0INZVT+35NRa8Zm"},"_chains":{"BZT/mIr6U78YTx+Gul7ec7ncujQXKlWWhfW702aw0Ngj":{"chainKey":{"counter":0,"key":"I3Yu9Ikbf/kWY0jKNj5yF4ocy7Dxp75HcWQMzwYtKZs="},"chainType":1,"messageKeys":{}}},"pendingPreKey":{"signedKeyId":55,"baseKey":"BYlIgAQ7EB0g5r6xzhuCjWYIoj0/mCu9BgVVCvUOnu1e"}},"BSqOJy8+dmgDLSgXbehZf6EAqsWNlwRalSUC2frQTep3":{"registrationId":727952544,"currentRatchet":{"ephemeralKeyPair":{"pubKey":"BfzRNM3RExHg3KBuhAsl6BF4nm+4DSUXvB+okg3EJg8J","privKey":"WLwG/JkQdIjwPKy7S0DXNKMAbOqtI/8JSWBX2+8OS2g="},"lastRemoteEphemeralKey":"BU29KALihKzwvfxnPkPvvSQ6+lNaMNSmH0J2dpo+wAQk","previousCounter":0,"rootKey":"ztixvVVFAdrYLB5E0DKDUk/1Ba7bHMzfiiv6ns5JoFs="},"indexInfo":{"baseKey":"BSqOJy8+dmgDLSgXbehZf6EAqsWNlwRalSUC2frQTep3","baseKeyType":1,"closed":-1,"used":1746721118022,"created":1746721118022,"remoteIdentityKey":"BchkDcUgL3eI0R3BLtnbFcP6G7/dt0INZVT+35NRa8Zm"},"_chains":{"BfzRNM3RExHg3KBuhAsl6BF4nm+4DSUXvB+okg3EJg8J":{"chainKey":{"counter":2,"key":"iRWmbvinuogLKXvUXXa3M8I/dcGMkzuAYuOhD/v9kN0="},"chainType":1,"messageKeys":{}}},"pendingPreKey":{"signedKeyId":55,"baseKey":"BSqOJy8+dmgDLSgXbehZf6EAqsWNlwRalSUC2frQTep3"}}},"version":"v1"}