{"_sessions":{"BXwCOtP5UkknSqqdugKop3e6T+UYtBqIEAtawuozWW4J":{"registrationId":381437046,"currentRatchet":{"ephemeralKeyPair":{"pubKey":"Bf3v/06B/bg3C1K72RvQpYjISS5jiRuEo43o4YHebbsf","privKey":"oACEi2WQbw+6EZPJbOHedWYTKeqo5JkQflRu0q1h5WA="},"lastRemoteEphemeralKey":"BQ8cSzoG/wHp61i/ULuFyi9aJO4UqsS4TT84XsLGLNxL","previousCounter":0,"rootKey":"P+j849s3kHc5iUm6WUcMVVi1VM9BYF+embPJ9lJ5wic="},"indexInfo":{"baseKey":"BXwCOtP5UkknSqqdugKop3e6T+UYtBqIEAtawuozWW4J","baseKeyType":1,"closed":-1,"used":1746714522161,"created":1746714522161,"remoteIdentityKey":"BQlAuWCA4XcHK8v0cP6pvj7w/NKjpUp86jEgGQmy5eZq"},"_chains":{"Bf3v/06B/bg3C1K72RvQpYjISS5jiRuEo43o4YHebbsf":{"chainKey":{"counter":0,"key":"FFpXbAsYhFDSbSfI5Ea9bxZ2nErhvoB7V/WxI2nZ80g="},"chainType":1,"messageKeys":{}}},"pendingPreKey":{"signedKeyId":1,"baseKey":"BXwCOtP5UkknSqqdugKop3e6T+UYtBqIEAtawuozWW4J"}}},"version":"v1"}