{"_sessions":{"BZaMpYDVHJG09WOTBDsWE0F4LirIvy7DlHFmXQeUyo0D":{"registrationId":167211829,"currentRatchet":{"ephemeralKeyPair":{"pubKey":"BTV0bbA2y0LXrD0ZWeCEl7zjJkDUfQXTKXEUNYpTWYsN","privKey":"0H6qTg7gJZ1LxBrTcdGl37JXszUMpYAFfx/NOuF9N00="},"lastRemoteEphemeralKey":"BVQn8Zno8haNoVtwpl491EpA22OEH+Pgx2R50JqcjGsm","previousCounter":0,"rootKey":"iSB3bSmgdXsA/Tr+lGLFTULpThf45nCoexiaOJ01270="},"indexInfo":{"baseKey":"BZaMpYDVHJG09WOTBDsWE0F4LirIvy7DlHFmXQeUyo0D","baseKeyType":1,"closed":-1,"used":1746714529393,"created":1746714529393,"remoteIdentityKey":"BbGYKp3bfCi/quRmIykJ0s4c6HBjGF7NHCEe1yLMHoZh"},"_chains":{"BTV0bbA2y0LXrD0ZWeCEl7zjJkDUfQXTKXEUNYpTWYsN":{"chainKey":{"counter":0,"key":"S2DbfPh/qHeE1WXpYGQOU9/kE2uaIUoy8ltezEECzH0="},"chainType":1,"messageKeys":{}}},"pendingPreKey":{"signedKeyId":4,"baseKey":"BZaMpYDVHJG09WOTBDsWE0F4LirIvy7DlHFmXQeUyo0D","preKeyId":5726322}}},"version":"v1"}