{"_sessions":{"BYOw+WkVXmzUYgIYnm56DwwqRCWnwp0ipbfCg0ZU9Ns8":{"registrationId":809837792,"currentRatchet":{"ephemeralKeyPair":{"pubKey":"BXMwoUDf5RBJAbmU6ZlsmeJ2bD8xbo4rcQmzr2UbC615","privKey":"MMzcg6nmLT4h3WdmmtsrUNZsZmzLbCDbb5djEl4tqGA="},"lastRemoteEphemeralKey":"Bd9clLgxEWm/gaoDknbjYX7BAGQ0Q5wwVvwxD+RdES85","previousCounter":0,"rootKey":"oryjgdPZqXLreg4SQ7z4ZiFsV/vyyz92v3/K3pG/f9s="},"indexInfo":{"baseKey":"BYOw+WkVXmzUYgIYnm56DwwqRCWnwp0ipbfCg0ZU9Ns8","baseKeyType":1,"closed":1746721107861,"used":1746721076155,"created":1746721076155,"remoteIdentityKey":"BZT3JY06lkwi3CkjYp5xPwrVHqHDda9P8Qkkz/HfCkY0"},"_chains":{"BXMwoUDf5RBJAbmU6ZlsmeJ2bD8xbo4rcQmzr2UbC615":{"chainKey":{"counter":0,"key":"8iL13IgcRnmr77X7cBTZ1deKYh5WrgW+7bOZEtniVCU="},"chainType":1,"messageKeys":{}}},"pendingPreKey":{"signedKeyId":3,"baseKey":"BYOw+WkVXmzUYgIYnm56DwwqRCWnwp0ipbfCg0ZU9Ns8","preKeyId":11285548}},"BaYhSJdwU17QDzj5v3XhP/Ly8OW7ldI9cTRrq8vyP1U2":{"registrationId":809837792,"currentRatchet":{"ephemeralKeyPair":{"pubKey":"BXVjuyLzLhUSgWzg7J7hfmWAJhDd0VAJWFFAfkmm484r","privKey":"OD3/Oe+Xvx/v7djD1HfPI0TTO4bubwCaQ8na0In09GA="},"lastRemoteEphemeralKey":"Bd9clLgxEWm/gaoDknbjYX7BAGQ0Q5wwVvwxD+RdES85","previousCounter":0,"rootKey":"o7dKps6leXs1F2lllPFPo1KFQW4BvNJuMZsuplhoVIs="},"indexInfo":{"baseKey":"BaYhSJdwU17QDzj5v3XhP/Ly8OW7ldI9cTRrq8vyP1U2","baseKeyType":1,"closed":-1,"used":1746721107675,"created":1746721107675,"remoteIdentityKey":"BZT3JY06lkwi3CkjYp5xPwrVHqHDda9P8Qkkz/HfCkY0"},"_chains":{"BXVjuyLzLhUSgWzg7J7hfmWAJhDd0VAJWFFAfkmm484r":{"chainKey":{"counter":2,"key":"CAsdXq9WkaFkrJBtwJyjdh01IVl3hlQltyETCpiycHU="},"chainType":1,"messageKeys":{}}},"pendingPreKey":{"signedKeyId":3,"baseKey":"BaYhSJdwU17QDzj5v3XhP/Ly8OW7ldI9cTRrq8vyP1U2","preKeyId":11285652}}},"version":"v1"}