{"_sessions":{"BYY0vGDLyhwOvIG/8m1kyJU4Ob4fYSDTd6/fotTwRRsY":{"registrationId":297475006,"currentRatchet":{"ephemeralKeyPair":{"pubKey":"BcfwdgZRoDKGw4QNErut/a0Quy0rQeTtYRfW4BrRJ9Yh","privKey":"AHqdZ2DuUaMOxUh/i9M2dzWz7wgFrfcta48fYKyFkEs="},"lastRemoteEphemeralKey":"BWtG2XT3cIhs3+6TsrsygvPB5PjFuMLj0azpcoI2d3R1","previousCounter":0,"rootKey":"33X+A1HtXDp39SMsjx9QwUdY5W5gkD9PGn8nXL8rnhw="},"indexInfo":{"baseKey":"BYY0vGDLyhwOvIG/8m1kyJU4Ob4fYSDTd6/fotTwRRsY","baseKeyType":1,"closed":1746721104004,"used":1746721072616,"created":1746721072616,"remoteIdentityKey":"BfuyJ3bSVS5oIzrDYSZXmkhmvY+wssoaqjTueb3dAj1a"},"_chains":{"BcfwdgZRoDKGw4QNErut/a0Quy0rQeTtYRfW4BrRJ9Yh":{"chainKey":{"counter":0,"key":"agEp3UzCVGKIsgRjv5pYabztKaF3u7Jpe1Nc4qpZZwk="},"chainType":1,"messageKeys":{}}},"pendingPreKey":{"signedKeyId":7099649,"baseKey":"BYY0vGDLyhwOvIG/8m1kyJU4Ob4fYSDTd6/fotTwRRsY","preKeyId":18211}},"BUTLgAb3Py8QZewvyOJt+GWBD+PsFpACsqE+Dmg7ChB7":{"registrationId":297475006,"currentRatchet":{"ephemeralKeyPair":{"pubKey":"BQBxmJjicUiDrI0bHno+i6nHu0V1utSiI5mamgFL5Ypy","privKey":"eDjtzlhCFFuc0iJtLb2FJw8UbiYrGHL7I5+P/xj7CX8="},"lastRemoteEphemeralKey":"BWtG2XT3cIhs3+6TsrsygvPB5PjFuMLj0azpcoI2d3R1","previousCounter":0,"rootKey":"fNgEq/uDrW8sImeKdcJqsICm6bOC0PKb6ta+OMQOCDs="},"indexInfo":{"baseKey":"BUTLgAb3Py8QZewvyOJt+GWBD+PsFpACsqE+Dmg7ChB7","baseKeyType":1,"closed":-1,"used":1746721103445,"created":1746721103445,"remoteIdentityKey":"BfuyJ3bSVS5oIzrDYSZXmkhmvY+wssoaqjTueb3dAj1a"},"_chains":{"BQBxmJjicUiDrI0bHno+i6nHu0V1utSiI5mamgFL5Ypy":{"chainKey":{"counter":2,"key":"fc22qOSqqydJM9ARKWErzfr6kOOlhjsCvKtx37TEQSs="},"chainType":1,"messageKeys":{}}},"pendingPreKey":{"signedKeyId":7099649,"baseKey":"BUTLgAb3Py8QZewvyOJt+GWBD+PsFpACsqE+Dmg7ChB7","preKeyId":18313}}},"version":"v1"}