{"_sessions":{"BYljNHZ4uU2Lp6TO6X4zLpVSYQABDfJNsp2OBDPn8jdK":{"registrationId":2107063484,"currentRatchet":{"ephemeralKeyPair":{"pubKey":"BTzjm1tf30I3GF7iKOn+Q1BUA8CRBsuN1F9MzbPdr4sZ","privKey":"mCykeVt0anqVh5Wj/B6srH4lv5MXzk1pkoPEJderPEg="},"lastRemoteEphemeralKey":"BQ1s8KDjqWUcarkpAOst0WG5RH0L93sXb4Gqo1qtyhNs","previousCounter":0,"rootKey":"h9axIF7GW8PuJMhiVioh8mH6l8fg/VaSnRDGOI72rFc="},"indexInfo":{"baseKey":"BYljNHZ4uU2Lp6TO6X4zLpVSYQABDfJNsp2OBDPn8jdK","baseKeyType":1,"closed":-1,"used":1746714522119,"created":1746714522119,"remoteIdentityKey":"BURVIzrnTTQ3yNiI9sc5s7zzNwi5YIZ4zWJERK1Jry1J"},"_chains":{"BTzjm1tf30I3GF7iKOn+Q1BUA8CRBsuN1F9MzbPdr4sZ":{"chainKey":{"counter":0,"key":"bmx2Tr0yQhPPFjUikWpLYAbsfZ62zQusMjJ8gpJ+/xg="},"chainType":1,"messageKeys":{}}},"pendingPreKey":{"signedKeyId":3,"baseKey":"BYljNHZ4uU2Lp6TO6X4zLpVSYQABDfJNsp2OBDPn8jdK","preKeyId":8717}}},"version":"v1"}