{"_sessions":{"BWrISj2CH8Tqa80Z0lEuWUgN9JWv7r1JQF/51Svf79sp":{"registrationId":1824033455,"currentRatchet":{"ephemeralKeyPair":{"pubKey":"BQbzWsZl9R6hy54S535Lu2CzqmEUeABrwANXvhFQtTs9","privKey":"GMTwcDKfAh/W8056aRKJsVBnjchaXOiNyr49pk6Xpk4="},"lastRemoteEphemeralKey":"BUipwMh0HhdbFx0fJrik2LCNGOxAxgrSPGoiyfu8+eto","previousCounter":0,"rootKey":"HQttwlkenqU+scf2GTREqFPQ2hu7YT57MMBW6C3nqSM="},"indexInfo":{"baseKey":"BWrISj2CH8Tqa80Z0lEuWUgN9JWv7r1JQF/51Svf79sp","baseKeyType":1,"closed":1746721103949,"used":1746721072547,"created":1746721072547,"remoteIdentityKey":"BdTgKf1NVitD0do/k75iSh2rPMfW9IbKFOVMWZnmju8z"},"_chains":{"BQbzWsZl9R6hy54S535Lu2CzqmEUeABrwANXvhFQtTs9":{"chainKey":{"counter":0,"key":"uV6EOLfwnU29iYEiqhKgmVjxDld0s8D8VZE9Om779vk="},"chainType":1,"messageKeys":{}}},"pendingPreKey":{"signedKeyId":3,"baseKey":"BWrISj2CH8Tqa80Z0lEuWUgN9JWv7r1JQF/51Svf79sp","preKeyId":12899482}},"BbStohGvLHTLq1NAneQWcLzdp16/Fnh+sQtZRk8TlvZJ":{"registrationId":1824033455,"currentRatchet":{"ephemeralKeyPair":{"pubKey":"BbtoDMQiPfVIxuMZw6kMCgFgQ6sRrf90folwzkGpbWUw","privKey":"cJMPspBsmHPipekj1S0N27TYH3PYbNesn/yRuN/KtFQ="},"lastRemoteEphemeralKey":"BUipwMh0HhdbFx0fJrik2LCNGOxAxgrSPGoiyfu8+eto","previousCounter":0,"rootKey":"t9Q4VkA8wg7RlFMEeeNKnUJz2iElS05W4Ud7NWOfP18="},"indexInfo":{"baseKey":"BbStohGvLHTLq1NAneQWcLzdp16/Fnh+sQtZRk8TlvZJ","baseKeyType":1,"closed":-1,"used":1746721103381,"created":1746721103381,"remoteIdentityKey":"BdTgKf1NVitD0do/k75iSh2rPMfW9IbKFOVMWZnmju8z"},"_chains":{"BbtoDMQiPfVIxuMZw6kMCgFgQ6sRrf90folwzkGpbWUw":{"chainKey":{"counter":2,"key":"b1erzNGqIdbDTRLXA2wu0wYPJixJR49gUlhM1VSp7LQ="},"chainType":1,"messageKeys":{}}},"pendingPreKey":{"signedKeyId":3,"baseKey":"BbStohGvLHTLq1NAneQWcLzdp16/Fnh+sQtZRk8TlvZJ","preKeyId":12898776}}},"version":"v1"}