{"_sessions":{"BQQHSWTtpNTqmSXQu+x2o2LHb0CJSJi5qYOLqf1A1qoh":{"registrationId":306137618,"currentRatchet":{"ephemeralKeyPair":{"pubKey":"BWLDbkQrTEMCo1NinORbvhXQUkxXb2E2ioSZTTQtNNcC","privKey":"4Km77WhJAKTjV5EoLad1JubzVSSXsomWpYf9MGYN620="},"lastRemoteEphemeralKey":"BVu4axCLqyGPAXBvZVshXTuGKfxn64o71ObKjrVv8KtA","previousCounter":0,"rootKey":"hxtnjkERWiDoKQrRsX4S70FesBzLTUywfrNrvhViLGU="},"indexInfo":{"baseKey":"BQQHSWTtpNTqmSXQu+x2o2LHb0CJSJi5qYOLqf1A1qoh","baseKeyType":1,"closed":1746721107864,"used":1746721076161,"created":1746721076161,"remoteIdentityKey":"BZwkqca75KXzC2AsoLMfKWPa/2bNhzVihKOft6+X4Uh+"},"_chains":{"BWLDbkQrTEMCo1NinORbvhXQUkxXb2E2ioSZTTQtNNcC":{"chainKey":{"counter":0,"key":"Jh0qWz4QM6ACsHQ8HuQxCuJWavGmnRNS4XHDVNwXLJQ="},"chainType":1,"messageKeys":{}}},"pendingPreKey":{"signedKeyId":0,"baseKey":"BQQHSWTtpNTqmSXQu+x2o2LHb0CJSJi5qYOLqf1A1qoh"}},"BZE9LFIKjatz+3fSO8Y7/Vk8KvfALRKKMx/Aq1Sb9VIm":{"registrationId":306137618,"currentRatchet":{"ephemeralKeyPair":{"pubKey":"BYd04uJCe4ROKk8hqba8ZAcAfTvI0t/BJGWIifPwQN4q","privKey":"AEn/RPIeTMW0Woe9b2rWIF3jI1EkDsIOnYawqWCNiX8="},"lastRemoteEphemeralKey":"BVu4axCLqyGPAXBvZVshXTuGKfxn64o71ObKjrVv8KtA","previousCounter":0,"rootKey":"40nwexZylinnKQC/ORwJNaXONxldJURg0d772HRD6+4="},"indexInfo":{"baseKey":"BZE9LFIKjatz+3fSO8Y7/Vk8KvfALRKKMx/Aq1Sb9VIm","baseKeyType":1,"closed":-1,"used":1746721107679,"created":1746721107679,"remoteIdentityKey":"BZwkqca75KXzC2AsoLMfKWPa/2bNhzVihKOft6+X4Uh+"},"_chains":{"BYd04uJCe4ROKk8hqba8ZAcAfTvI0t/BJGWIifPwQN4q":{"chainKey":{"counter":2,"key":"AfUuaMCT+aV/MxEpFGWNKWqWEb11MIaRFQvyT10Es8A="},"chainType":1,"messageKeys":{}}},"pendingPreKey":{"signedKeyId":0,"baseKey":"BZE9LFIKjatz+3fSO8Y7/Vk8KvfALRKKMx/Aq1Sb9VIm"}}},"version":"v1"}