{"_sessions":{"BXi97GpNftpKJtNdABvaqaJPdGONfPu0W/T5cxq1yBAb":{"registrationId":402271412,"currentRatchet":{"ephemeralKeyPair":{"pubKey":"Bc19b4s3YoaDauzUdg1SDlfLv3YCmODkzN3pg6UCQzEl","privKey":"kBGIEyuy3oOUn7L96Ak5uyh+Y2F9M/gA44UZAVMtHHs="},"lastRemoteEphemeralKey":"BXCgslk4NTMArYnAH5Hgj+Rrxj2zc57GxDHFWUAY+zYw","previousCounter":0,"rootKey":"b4KUDO+juXkPn+ypUMlSVHgbIL/X4c9OfZj18SpZ7/c="},"indexInfo":{"baseKey":"BXi97GpNftpKJtNdABvaqaJPdGONfPu0W/T5cxq1yBAb","baseKeyType":1,"closed":1746721122183,"used":1746721090326,"created":1746721090326,"remoteIdentityKey":"BVdEUWAN7Yu8hTpqKIOeVlq2JXoQiG+X7erxgfXg4ts2"},"_chains":{"Bc19b4s3YoaDauzUdg1SDlfLv3YCmODkzN3pg6UCQzEl":{"chainKey":{"counter":0,"key":"uLFgVRBJX1M3w3tGNhvwyc2UlL6NH94pDB45lRalML8="},"chainType":1,"messageKeys":{}}},"pendingPreKey":{"signedKeyId":0,"baseKey":"BXi97GpNftpKJtNdABvaqaJPdGONfPu0W/T5cxq1yBAb","preKeyId":1801124}},"BUbgwchcH0aQMlO5z+eRoES+B9JoknuO9xCEkIv5PXRY":{"registrationId":402271412,"currentRatchet":{"ephemeralKeyPair":{"pubKey":"BQN1xn2oBuetkV1vyfQvaTyunX6XFRPT44Jig6yvNUBJ","privKey":"OH0lV3SQXYcXMI82pgNdg1sEfZiicH3TAS9CW2OmvmY="},"lastRemoteEphemeralKey":"BXCgslk4NTMArYnAH5Hgj+Rrxj2zc57GxDHFWUAY+zYw","previousCounter":0,"rootKey":"YlXezun1fJIl9piTRAEbO751yYP3AU+ZwGHIOrKvcBk="},"indexInfo":{"baseKey":"BUbgwchcH0aQMlO5z+eRoES+B9JoknuO9xCEkIv5PXRY","baseKeyType":1,"closed":-1,"used":1746721121638,"created":1746721121638,"remoteIdentityKey":"BVdEUWAN7Yu8hTpqKIOeVlq2JXoQiG+X7erxgfXg4ts2"},"_chains":{"BQN1xn2oBuetkV1vyfQvaTyunX6XFRPT44Jig6yvNUBJ":{"chainKey":{"counter":2,"key":"M030GzjX4TmWqhYvO8AmEVysHciQIpTqCNE3pI/4Hko="},"chainType":1,"messageKeys":{}}},"pendingPreKey":{"signedKeyId":0,"baseKey":"BUbgwchcH0aQMlO5z+eRoES+B9JoknuO9xCEkIv5PXRY","preKeyId":1801048}}},"version":"v1"}