{"_sessions":{"BYICE/LffLGP0hO+aIxUm9CQB8juiLQUlo6+/TWrn1dw":{"registrationId":413541952,"currentRatchet":{"ephemeralKeyPair":{"pubKey":"Bb512hFGWnGdehcDapBjElJ7o+bdTkBANra4dk1IdWJf","privKey":"qJxjn/ALI/OcQhl9+cQo40c4GYdrb+Mwi65TDlozo3I="},"lastRemoteEphemeralKey":"BUM792FKX/uqiBrR/F/J6cItQXRLuB3LlVF9vMC0Od8i","previousCounter":0,"rootKey":"rEn0IjHRrf8oWUQF1enyPswaedmJ2eKVwCRpW8rIrcU="},"indexInfo":{"baseKey":"BYICE/LffLGP0hO+aIxUm9CQB8juiLQUlo6+/TWrn1dw","baseKeyType":1,"closed":1746721099111,"used":1746721068838,"created":1746721068838,"remoteIdentityKey":"BQ24INEoxPb4S2fqDJBcnEMr2zLhloTA2+cF/RVdTFAC"},"_chains":{"Bb512hFGWnGdehcDapBjElJ7o+bdTkBANra4dk1IdWJf":{"chainKey":{"counter":0,"key":"nAiUlUXdG0/tNPDUgEPmUlNPWmE8CRtvlYon+X/180k="},"chainType":1,"messageKeys":{}}},"pendingPreKey":{"signedKeyId":1,"baseKey":"BYICE/LffLGP0hO+aIxUm9CQB8juiLQUlo6+/TWrn1dw"}},"BQRSp2bobBfzAu3igit8nWmstlEFrKHQ3L2PVRW3/Ho+":{"registrationId":413541952,"currentRatchet":{"ephemeralKeyPair":{"pubKey":"BZVunreGPWsgZ5lMkvN8feONmxqNpfE/PKm4eezdGnc6","privKey":"MP4OjNJGYex03nV3YJQSS8tEcI0MZ4fIY1J2mJ946F4="},"lastRemoteEphemeralKey":"BUM792FKX/uqiBrR/F/J6cItQXRLuB3LlVF9vMC0Od8i","previousCounter":0,"rootKey":"JRZFWYHtRjxCheNLSVR9v3U5l6bxt/GFeLq06OjWTzQ="},"indexInfo":{"baseKey":"BQRSp2bobBfzAu3igit8nWmstlEFrKHQ3L2PVRW3/Ho+","baseKeyType":1,"closed":-1,"used":1746721098543,"created":1746721098543,"remoteIdentityKey":"BQ24INEoxPb4S2fqDJBcnEMr2zLhloTA2+cF/RVdTFAC"},"_chains":{"BZVunreGPWsgZ5lMkvN8feONmxqNpfE/PKm4eezdGnc6":{"chainKey":{"counter":2,"key":"7S2qNYprjz6AxiACg43q2ImP5JBaBPgyFNaYnvtvAog="},"chainType":1,"messageKeys":{}}},"pendingPreKey":{"signedKeyId":1,"baseKey":"BQRSp2bobBfzAu3igit8nWmstlEFrKHQ3L2PVRW3/Ho+"}}},"version":"v1"}