{"_sessions":{"BbAq8AU4eMmcWXgyXRflh1fPkF9u1XrUcsZQgIu6OrZt":{"registrationId":1269541776,"currentRatchet":{"ephemeralKeyPair":{"pubKey":"BS1U+jq327UppfMVt3Q5LELM17WtC5+VAfajDHsoWmAt","privKey":"gJ5MYJV75y1UTGYlCuVSm3/MBdEXfFOBcOAZwe+yPH0="},"lastRemoteEphemeralKey":"BaEYVXL4wHMaWHmE3lv8DTgLua30J2igO9ybJQNSB7Mv","previousCounter":0,"rootKey":"DIJzGkNcToQh2ZruF23NF01J2A3Ha2vsvNU6Jh6rH+c="},"indexInfo":{"baseKey":"BbAq8AU4eMmcWXgyXRflh1fPkF9u1XrUcsZQgIu6OrZt","baseKeyType":1,"closed":-1,"used":1746714525796,"created":1746714525796,"remoteIdentityKey":"BUrO3OdA9VS6qKiDnutJuc0RdeqWJbATpEUjtMJJLW4R"},"_chains":{"BS1U+jq327UppfMVt3Q5LELM17WtC5+VAfajDHsoWmAt":{"chainKey":{"counter":0,"key":"URVncYPfB9YuA57nAsxumt8vq3NpfsI9PjdUGwGiU9g="},"chainType":1,"messageKeys":{}}},"pendingPreKey":{"signedKeyId":2,"baseKey":"BbAq8AU4eMmcWXgyXRflh1fPkF9u1XrUcsZQgIu6OrZt","preKeyId":16338560}}},"version":"v1"}