{"_sessions":{"BZYLNDp8NnHl5Zs3HxKtvDUgWCaW5qyhNkLiN3TQKxJG":{"registrationId":1303163803,"currentRatchet":{"ephemeralKeyPair":{"pubKey":"BUxdfybrS2OEOc9d54CeMntSLFlAsybTA7Aj9+5lgG1u","privKey":"iF3l7aFtqRAVjtVFWW+IcwYqY1TGK2ypEiuF1j4+e14="},"lastRemoteEphemeralKey":"BRcQNhPuSVvWk9PAcwnuWyGI9uG4l9MZ978YPbJmvRYo","previousCounter":0,"rootKey":"O4fT6vTjhRhKCEl+LxSwI9gh0+vy6bMBamL3lWQHjvE="},"indexInfo":{"baseKey":"BZYLNDp8NnHl5Zs3HxKtvDUgWCaW5qyhNkLiN3TQKxJG","baseKeyType":1,"closed":1746721111313,"used":1746721079974,"created":1746721079974,"remoteIdentityKey":"BW82nRI5p0ayGNh99gbRakrXgffnfUzpoQ513SCtXSJy"},"_chains":{"BUxdfybrS2OEOc9d54CeMntSLFlAsybTA7Aj9+5lgG1u":{"chainKey":{"counter":0,"key":"R4h0gVQuzsXF8c8Vbxya7JFLe4ZHIdkx2qt6zhSV258="},"chainType":1,"messageKeys":{}}},"pendingPreKey":{"signedKeyId":16,"baseKey":"BZYLNDp8NnHl5Zs3HxKtvDUgWCaW5qyhNkLiN3TQKxJG","preKeyId":10962635}},"Bb7+xBgccWry3y6Z370XLIc9wsvJU/DiYqrX24DNoy4L":{"registrationId":1303163803,"currentRatchet":{"ephemeralKeyPair":{"pubKey":"BUeunECTUFTzSM1OOpHsMmVtkuomIcK6mxVCKju3kbNW","privKey":"6FNYG+5UU5+LNM77wfsLeOntIFfMTyIVPVD8uAAMQmQ="},"lastRemoteEphemeralKey":"BRcQNhPuSVvWk9PAcwnuWyGI9uG4l9MZ978YPbJmvRYo","previousCounter":0,"rootKey":"5fl8DYicYUONuS1NB4vO3GvYvmqtpnXIgFgsgbaOpnI="},"indexInfo":{"baseKey":"Bb7+xBgccWry3y6Z370XLIc9wsvJU/DiYqrX24DNoy4L","baseKeyType":1,"closed":-1,"used":1746721110932,"created":1746721110932,"remoteIdentityKey":"BW82nRI5p0ayGNh99gbRakrXgffnfUzpoQ513SCtXSJy"},"_chains":{"BUeunECTUFTzSM1OOpHsMmVtkuomIcK6mxVCKju3kbNW":{"chainKey":{"counter":2,"key":"dKoz4V5hxqoD66yD/u+HIknN4GGFtCLGZVg9fmHMfE0="},"chainType":1,"messageKeys":{}}},"pendingPreKey":{"signedKeyId":16,"baseKey":"Bb7+xBgccWry3y6Z370XLIc9wsvJU/DiYqrX24DNoy4L","preKeyId":10962682}}},"version":"v1"}