{"_sessions":{"BWYEH0tlOPfo8LFAcK8NsmUW7Rs+C864nzUfTdUCkptS":{"registrationId":991232730,"currentRatchet":{"ephemeralKeyPair":{"pubKey":"BZWRFDbVdvblh5OHkEP/qmfPdT0hT7ObnfJELhwDG1t1","privKey":"OCxspI/pGacCam1ypecTl9PwB14xubh7Hqo4mMTYM2w="},"lastRemoteEphemeralKey":"BUVIgMRZsQ0fR/Opsn97VIUf4EReyDNUbVXK4asQSzlY","previousCounter":0,"rootKey":"wsKJ1kJ3snpBcY6njndkjc2VULdDQFoP0BNH5skIpZE="},"indexInfo":{"baseKey":"BWYEH0tlOPfo8LFAcK8NsmUW7Rs+C864nzUfTdUCkptS","baseKeyType":1,"closed":-1,"used":1746714532954,"created":1746714532953,"remoteIdentityKey":"BV/C+E2Hi6b3ctiApMrKbZEGLI27RV+bGZhNunjxQpFO"},"_chains":{"BZWRFDbVdvblh5OHkEP/qmfPdT0hT7ObnfJELhwDG1t1":{"chainKey":{"counter":0,"key":"u/52AiDKlwwwqfzHNhVhx3qhbO6HhaifhyCsncAyDGE="},"chainType":1,"messageKeys":{}}},"pendingPreKey":{"signedKeyId":1,"baseKey":"BWYEH0tlOPfo8LFAcK8NsmUW7Rs+C864nzUfTdUCkptS","preKeyId":12847817}}},"version":"v1"}