{"_sessions":{"BSZr8cc0lq+W99iakAbQZlRdH/rwwnUXJdtHRO5VngAi":{"registrationId":341397094,"currentRatchet":{"ephemeralKeyPair":{"pubKey":"BSq8QxyHHEo3WR2Pk9ilOqd9TZ+gr0vnrebH8jL6UQ81","privKey":"GBicUlUe0Q/0b+VrNY91MX16B6NcPYNTVxUgnA+O+2M="},"lastRemoteEphemeralKey":"BW160T4EAE5j6TqUxHUtMz+61Vur4deKaSGPyLGhac0q","previousCounter":0,"rootKey":"UxwEXjGSbioJrZJc7dHs2HENaxwHMa1PMyafOlv4bro="},"indexInfo":{"baseKey":"BSZr8cc0lq+W99iakAbQZlRdH/rwwnUXJdtHRO5VngAi","baseKeyType":1,"closed":1746721118460,"used":1746721087070,"created":1746721087070,"remoteIdentityKey":"BXmANvcmW/uNoDHuU74CTydbJBpxrp4YKompLSjIN4VI"},"_chains":{"BSq8QxyHHEo3WR2Pk9ilOqd9TZ+gr0vnrebH8jL6UQ81":{"chainKey":{"counter":0,"key":"9Z3WzB3ByE+53iafl62fitPpmGggXif/K4KwfFcNMDU="},"chainType":1,"messageKeys":{}}},"pendingPreKey":{"signedKeyId":0,"baseKey":"BSZr8cc0lq+W99iakAbQZlRdH/rwwnUXJdtHRO5VngAi","preKeyId":16535058}},"BXp0Kvsa1yg/mM6T87dPS5TJedgiO9sFA2fjYJodsxpr":{"registrationId":341397094,"currentRatchet":{"ephemeralKeyPair":{"pubKey":"Bc/thxaNOwIdV7m5NMs+p6RVKvLTMYYLxxSEaxWiUs00","privKey":"oIfeaP8+5hljcwJnJdNFKHKzcAy7YBtPsA+ukFywMG8="},"lastRemoteEphemeralKey":"BW160T4EAE5j6TqUxHUtMz+61Vur4deKaSGPyLGhac0q","previousCounter":0,"rootKey":"pi23XlXns+mtkQCtrv/1z2KftcVAuXpZG59hS2+guCA="},"indexInfo":{"baseKey":"BXp0Kvsa1yg/mM6T87dPS5TJedgiO9sFA2fjYJodsxpr","baseKeyType":1,"closed":-1,"used":1746721118042,"created":1746721118042,"remoteIdentityKey":"BXmANvcmW/uNoDHuU74CTydbJBpxrp4YKompLSjIN4VI"},"_chains":{"Bc/thxaNOwIdV7m5NMs+p6RVKvLTMYYLxxSEaxWiUs00":{"chainKey":{"counter":2,"key":"rmZPY1WAH3V5VjCgrZuNQwLCrGvhcA5ZchHodA5jDEk="},"chainType":1,"messageKeys":{}}},"pendingPreKey":{"signedKeyId":0,"baseKey":"BXp0Kvsa1yg/mM6T87dPS5TJedgiO9sFA2fjYJodsxpr","preKeyId":16535201}}},"version":"v1"}