{"_sessions":{"BSV32a0fH3exR9t5+h598/K6AG5XcAkMlAevxiPLoGgk":{"registrationId":1941189829,"currentRatchet":{"ephemeralKeyPair":{"pubKey":"BV7OQAwEnLrSceuWFojIl7IMWBlBmSfMZHtUQ27tktx7","privKey":"kFOIlUyqHFhm1jkkrNV1XSLzmacVtSzamaQ40vE/kH8="},"lastRemoteEphemeralKey":"BcKoGOD5IFYM8+vmoo7yrW/tyo6W3YGCymR1qOFnJPF/","previousCounter":0,"rootKey":"SKYhZnxeecBlO2a38b1BiE52vPVSxALJSXlDTy5k+8s="},"indexInfo":{"baseKey":"BSV32a0fH3exR9t5+h598/K6AG5XcAkMlAevxiPLoGgk","baseKeyType":1,"closed":1746721111340,"used":1746721080138,"created":1746721080138,"remoteIdentityKey":"BavdizS+GUj0uKHr3Q8heGScAbtz2AIO6/4uy8dkQC9K"},"_chains":{"BV7OQAwEnLrSceuWFojIl7IMWBlBmSfMZHtUQ27tktx7":{"chainKey":{"counter":0,"key":"UTsDjMC6ysx7tCfjELIYNkoJGe1rBGtOVl+tQpwcLWo="},"chainType":1,"messageKeys":{}}},"pendingPreKey":{"signedKeyId":5556275,"baseKey":"BSV32a0fH3exR9t5+h598/K6AG5XcAkMlAevxiPLoGgk","preKeyId":13695}},"BZBfP5Y0NZMAJtw5L1tuy2Mg1E088sd2peVB6kNl34dl":{"registrationId":1941189829,"currentRatchet":{"ephemeralKeyPair":{"pubKey":"BVyogzCeta9Nq8whTLM82G+cSUFsodD9tmg9DZvTsq5r","privKey":"KHdYgxykptpNa0H4GgssfdxoGdnQTB02fa+meoKPCXg="},"lastRemoteEphemeralKey":"BcKoGOD5IFYM8+vmoo7yrW/tyo6W3YGCymR1qOFnJPF/","previousCounter":0,"rootKey":"tOaIRwWhwUmcjCxWQmteYsilt0lsj7NNUaRqmqEwkTs="},"indexInfo":{"baseKey":"BZBfP5Y0NZMAJtw5L1tuy2Mg1E088sd2peVB6kNl34dl","baseKeyType":1,"closed":-1,"used":1746721111077,"created":1746721111077,"remoteIdentityKey":"BavdizS+GUj0uKHr3Q8heGScAbtz2AIO6/4uy8dkQC9K"},"_chains":{"BVyogzCeta9Nq8whTLM82G+cSUFsodD9tmg9DZvTsq5r":{"chainKey":{"counter":2,"key":"cSyhsBNQPU52Sijr7dY2ZMzqg3fI23Uj4gRcRrLB6oo="},"chainType":1,"messageKeys":{}}},"pendingPreKey":{"signedKeyId":5556275,"baseKey":"BZBfP5Y0NZMAJtw5L1tuy2Mg1E088sd2peVB6kNl34dl","preKeyId":13014}}},"version":"v1"}