{"_sessions":{"BRVtw8rnwHjtTM+v33dHbWzWJZ46ubeUGVsNojFOVTgx":{"registrationId":2109423849,"currentRatchet":{"ephemeralKeyPair":{"pubKey":"BaFHkdl/MnW6G9ybatG2D4tUWl3o+Xg4U6VhtDnF3VkK","privKey":"wNqvCRih118njjzokqvaR7ygdZBijCV2toCSeey8wWM="},"lastRemoteEphemeralKey":"BZLGAHAn9Sah5bmiipGS48sTnfc2ZnxAYXwtW0iXXBk5","previousCounter":0,"rootKey":"DNeGxoCkOkNliz9c2HRSGAWu2gtJjFHBWFFswjTuqFc="},"indexInfo":{"baseKey":"BRVtw8rnwHjtTM+v33dHbWzWJZ46ubeUGVsNojFOVTgx","baseKeyType":1,"closed":-1,"used":1746714522281,"created":1746714522281,"remoteIdentityKey":"BY3/NEI24QxpQO+mv8rWtRhJpSzfYEHluyl33ajoAiYG"},"_chains":{"BaFHkdl/MnW6G9ybatG2D4tUWl3o+Xg4U6VhtDnF3VkK":{"chainKey":{"counter":0,"key":"MTP0xaPjITXZVkkRDKH4VL7ym8h1v63EepU5ssY81Zo="},"chainType":1,"messageKeys":{}}},"pendingPreKey":{"signedKeyId":0,"baseKey":"BRVtw8rnwHjtTM+v33dHbWzWJZ46ubeUGVsNojFOVTgx","preKeyId":10807543}}},"version":"v1"}