{"_sessions":{"BdPWzED/zg8dOVN6xsW041OIiegA0JE5xWGJ8BXeZKQx":{"registrationId":1714651025,"currentRatchet":{"ephemeralKeyPair":{"pubKey":"BbZSghwXatsJP0I0n5DeRf97pZl0+Ds2vXEp2cU4TyoW","privKey":"+KWerWCHIpdPEYI3kVUZs6FgxNQP7TtOH/b4iOZY5W8="},"lastRemoteEphemeralKey":"BTBW1D/3AREzZhLIbumwkd/5wdPU3e6wm++nDhXOHcpt","previousCounter":0,"rootKey":"+5ZcGC6YugbQ3dAQmn9kSoIa4S9ycOLM0zRnkl/+DEA="},"indexInfo":{"baseKey":"BdPWzED/zg8dOVN6xsW041OIiegA0JE5xWGJ8BXeZKQx","baseKeyType":1,"closed":-1,"used":1746714525902,"created":1746714525902,"remoteIdentityKey":"BQVbdOrIkNaU4r1JfenXLHaJI8M1RSc8mEWU6z+49G0C"},"_chains":{"BbZSghwXatsJP0I0n5DeRf97pZl0+Ds2vXEp2cU4TyoW":{"chainKey":{"counter":0,"key":"atlzaGoR/isSBKk1Q9kYkfewR5JgXW6+Xr3kfbUnu/M="},"chainType":1,"messageKeys":{}}},"pendingPreKey":{"signedKeyId":7,"baseKey":"BdPWzED/zg8dOVN6xsW041OIiegA0JE5xWGJ8BXeZKQx","preKeyId":2571339}}},"version":"v1"}