{"_sessions":{"BX3Xxsm6wHuqYzQiihtDxBP8HOdOvBwVV7z3JZwg9So7":{"registrationId":1463399541,"currentRatchet":{"ephemeralKeyPair":{"pubKey":"BRJyCgh3/HJ4wFnpxq0tmVlsaFagK3QRTGci2JEf8kgs","privKey":"GOBWZ+8oIXy8pM/5w48Q9BUaCk/+yHN2Gd02kSjMFks="},"lastRemoteEphemeralKey":"Bfrgfo8ofWlTRLYhd4vp1dtfBBHr+dKt3k1/3MQ9Kbss","previousCounter":0,"rootKey":"xxH24b61oMGMMMIpV8dtjYKR1vJTmv+ect3Vz6iyRL4="},"indexInfo":{"baseKey":"BX3Xxsm6wHuqYzQiihtDxBP8HOdOvBwVV7z3JZwg9So7","baseKeyType":1,"closed":-1,"used":1746714532833,"created":1746714532833,"remoteIdentityKey":"BbvyjY+P85V1ZrV8VabmVIipIxF1t7S4en2KQqzcPv52"},"_chains":{"BRJyCgh3/HJ4wFnpxq0tmVlsaFagK3QRTGci2JEf8kgs":{"chainKey":{"counter":0,"key":"Ic5Ooz5vYxUaPZNVyJv4SOEaMhu+SXr0qGFAbe0TdIE="},"chainType":1,"messageKeys":{}}},"pendingPreKey":{"signedKeyId":3,"baseKey":"BX3Xxsm6wHuqYzQiihtDxBP8HOdOvBwVV7z3JZwg9So7","preKeyId":3464114}}},"version":"v1"}