{"_sessions":{"BTjGzzyFUfyxYjFP1G/brjnVMXKcaty6+ew0+p+gE8Fx":{"registrationId":1473479091,"currentRatchet":{"ephemeralKeyPair":{"pubKey":"BWXE1YDmRqULKcFHoHOABNV1nY5OQi5dCe4gu32PSLtW","privKey":"4A1NIaht+p4vKpP2mgp4PYy+6P+v9ruOR3sO0yyuWEo="},"lastRemoteEphemeralKey":"BeYM87jzPDZEugjf2PqyHIKL/njR9uI/1gCziPARa7l0","previousCounter":0,"rootKey":"zwN0/Q+ORqG6lHBPsDpSo+0Df9YBUbMl8Q8zPRYvDBg="},"indexInfo":{"baseKey":"BTjGzzyFUfyxYjFP1G/brjnVMXKcaty6+ew0+p+gE8Fx","baseKeyType":1,"closed":1746721104111,"used":1746721072957,"created":1746721072957,"remoteIdentityKey":"BZ6Eg+IQ4AdcH5Ck59IYfUrZu6+dNLf2rO/9LDd5UpYa"},"_chains":{"BWXE1YDmRqULKcFHoHOABNV1nY5OQi5dCe4gu32PSLtW":{"chainKey":{"counter":0,"key":"J7ChmPAdm/2fqhsZCcTzVgbtcyrz2JRdpb3IU7aNTIA="},"chainType":1,"messageKeys":{}}},"pendingPreKey":{"signedKeyId":2,"baseKey":"BTjGzzyFUfyxYjFP1G/brjnVMXKcaty6+ew0+p+gE8Fx"}},"BattNBi88EnXmSd6advJybLsluFzapCogfmOKYfTI4J2":{"registrationId":1473479091,"currentRatchet":{"ephemeralKeyPair":{"pubKey":"BYumqGwZflLBMyC2RCd6uH0KtYuxdgY2UEquTqrAs95R","privKey":"WC6V2qsbB3eUp42Jd9vveFjwzrnjhmC3DQG88yoK6U4="},"lastRemoteEphemeralKey":"BeYM87jzPDZEugjf2PqyHIKL/njR9uI/1gCziPARa7l0","previousCounter":0,"rootKey":"Dvk5z5MA6M5XL0bszkgoQ4vPV9K3GerijNWzutbfcPA="},"indexInfo":{"baseKey":"BattNBi88EnXmSd6advJybLsluFzapCogfmOKYfTI4J2","baseKeyType":1,"closed":-1,"used":1746721103872,"created":1746721103872,"remoteIdentityKey":"BZ6Eg+IQ4AdcH5Ck59IYfUrZu6+dNLf2rO/9LDd5UpYa"},"_chains":{"BYumqGwZflLBMyC2RCd6uH0KtYuxdgY2UEquTqrAs95R":{"chainKey":{"counter":2,"key":"S/LiNrMXTW3xSIug0ARjYzQX9mevY/TkfzaHW2DxGdw="},"chainType":1,"messageKeys":{}}},"pendingPreKey":{"signedKeyId":2,"baseKey":"BattNBi88EnXmSd6advJybLsluFzapCogfmOKYfTI4J2"}}},"version":"v1"}