{"_sessions":{"BT4wkG3u7MxR1LMdOCBim+7zPcNqcPlJ3dl8hd3dfV44":{"registrationId":998413207,"currentRatchet":{"ephemeralKeyPair":{"pubKey":"BR+Jp1Kh7xMOF6ySZYd6e9LWfev8rE4zT9zNrHMxektX","privKey":"0ELk968BNzKYS/51v/2iGMuetgGXvk9hQ0j4ZYO+JUc="},"lastRemoteEphemeralKey":"BaJKHGC8rv/Gqrb+DuFVuHS49L0pEy4WIYUK69qfq2QK","previousCounter":0,"rootKey":"HPpiS8MYXEu+5NQgjSI8WDE745kfyrclCFToPSyP8No="},"indexInfo":{"baseKey":"BT4wkG3u7MxR1LMdOCBim+7zPcNqcPlJ3dl8hd3dfV44","baseKeyType":1,"closed":1746721114748,"used":1746721083626,"created":1746721083626,"remoteIdentityKey":"BT7VXG4uvLjNP5v2dy8wiQusjUWPv3Bt6y7i7kMYo1N2"},"_chains":{"BR+Jp1Kh7xMOF6ySZYd6e9LWfev8rE4zT9zNrHMxektX":{"chainKey":{"counter":0,"key":"xLEnxKUcTWYWIPH/qAfK2uZj2ssWIKj7zDVPb0ncemY="},"chainType":1,"messageKeys":{}}},"pendingPreKey":{"signedKeyId":2,"baseKey":"BT4wkG3u7MxR1LMdOCBim+7zPcNqcPlJ3dl8hd3dfV44","preKeyId":1278163}},"Bd+rn2hMU+HmyJpg4yc3fW8+gEP7ebhCw+Al+ZOjvMpU":{"registrationId":998413207,"currentRatchet":{"ephemeralKeyPair":{"pubKey":"BdFvCxz33YYD8b8ccPYfRDvEwp/W5Ic6p8Ks8FuipQZr","privKey":"4KXF84bP4so6r1SE2vMvLMAF9m05SB5LfoBf+JkHwWU="},"lastRemoteEphemeralKey":"BaJKHGC8rv/Gqrb+DuFVuHS49L0pEy4WIYUK69qfq2QK","previousCounter":0,"rootKey":"7YViYyfXEDfrViMbGOuMzBqE78qViIft7veKp5wsOUE="},"indexInfo":{"baseKey":"Bd+rn2hMU+HmyJpg4yc3fW8+gEP7ebhCw+Al+ZOjvMpU","baseKeyType":1,"closed":-1,"used":1746721114413,"created":1746721114413,"remoteIdentityKey":"BT7VXG4uvLjNP5v2dy8wiQusjUWPv3Bt6y7i7kMYo1N2"},"_chains":{"BdFvCxz33YYD8b8ccPYfRDvEwp/W5Ic6p8Ks8FuipQZr":{"chainKey":{"counter":2,"key":"8Zl0cc5hoU9l4bWNW7lReCle9dErYWR2G3L6REnmTTM="},"chainType":1,"messageKeys":{}}},"pendingPreKey":{"signedKeyId":2,"baseKey":"Bd+rn2hMU+HmyJpg4yc3fW8+gEP7ebhCw+Al+ZOjvMpU","preKeyId":1278022}}},"version":"v1"}