{"_sessions":{"BRXP4zki+Q9nY8RdhpRgoKYaKvmufco52jW20bAPciYd":{"registrationId":1607530467,"currentRatchet":{"ephemeralKeyPair":{"pubKey":"BYFvJnINAwEqwM3HY1LfZnlOu4mOE7iVxsJnIlxzIkot","privKey":"2FRHuUtj2pzDmYMi0bvHt7HQVj+0ft3hMCgYbc7GnX4="},"lastRemoteEphemeralKey":"BagQ6zGMGjlaxmKxHKlxR0PZ2AtUmDLB0XXLO7Qbqrd8","previousCounter":0,"rootKey":"oQn7P6ThG4theDPszSR4Q+ojgDBjgAxhogJVm3SLL3Q="},"indexInfo":{"baseKey":"BRXP4zki+Q9nY8RdhpRgoKYaKvmufco52jW20bAPciYd","baseKeyType":1,"closed":-1,"used":1746714532996,"created":1746714532996,"remoteIdentityKey":"BQlR40ShgVYDo0F346FCXJFi7IepNBde5K7aozXljnIx"},"_chains":{"BYFvJnINAwEqwM3HY1LfZnlOu4mOE7iVxsJnIlxzIkot":{"chainKey":{"counter":0,"key":"BtPwJVMcXqerja0cHBnn/WDQT6unBNUdTHviBK2cDLk="},"chainType":1,"messageKeys":{}}},"pendingPreKey":{"signedKeyId":6,"baseKey":"BRXP4zki+Q9nY8RdhpRgoKYaKvmufco52jW20bAPciYd","preKeyId":6224518}}},"version":"v1"}