{"_sessions":{"BUKw/17pWA9LB/Dk5F0wLAgv79WsSu2tqXEmNB7+RWhX":{"registrationId":349538258,"currentRatchet":{"ephemeralKeyPair":{"pubKey":"BW0tr/MlHVTSepFq+cKSra5hoycvAw+ph7fZU8mv2s58","privKey":"gEPGtD+FKh+2hpPxQumEFBouFkyVKPAkyiE/bA4u5UI="},"lastRemoteEphemeralKey":"BVyhlUgHa8YenN8EQIUvkyDa5MNaqtB8Nh9eE60R+ppU","previousCounter":0,"rootKey":"glngrrhWXAQc/gd6mHGD/VRGF7QRvBKn5IeykRU1Zmo="},"indexInfo":{"baseKey":"BUKw/17pWA9LB/Dk5F0wLAgv79WsSu2tqXEmNB7+RWhX","baseKeyType":1,"closed":-1,"used":1746714529284,"created":1746714529284,"remoteIdentityKey":"Bfmv5oQB4ExDdGfdcpGDrB5hYEHle/qVpXKmvHA++AFi"},"_chains":{"BW0tr/MlHVTSepFq+cKSra5hoycvAw+ph7fZU8mv2s58":{"chainKey":{"counter":0,"key":"GNL3D5CvHqPmX2x8JqFXCEwrNldAMsO9pmRi1nFM3I0="},"chainType":1,"messageKeys":{}}},"pendingPreKey":{"signedKeyId":2,"baseKey":"BUKw/17pWA9LB/Dk5F0wLAgv79WsSu2tqXEmNB7+RWhX","preKeyId":1342398}}},"version":"v1"}