{"_sessions":{"BQQvmGv7sCckVWgXLK4jpcGa9JdckxeNnATC1vqzJMwn":{"registrationId":1304923910,"currentRatchet":{"ephemeralKeyPair":{"pubKey":"BSao82j/D7JAAa3j90+hU2ZWTxRl7/O05FK0b3ODEh1o","privKey":"IIIOsbTPCRaD5QZl9LAPtu4VwE//U0X3jrt3QAcSKkQ="},"lastRemoteEphemeralKey":"BSJlpUs3Z2QK7ssazewYmuKRtXZgXY0SoY0RosjpBO5p","previousCounter":0,"rootKey":"JMJKSpassb+SYl7UdS4OuRNZuKSUhTj5skr+QxNVBsA="},"indexInfo":{"baseKey":"BQQvmGv7sCckVWgXLK4jpcGa9JdckxeNnATC1vqzJMwn","baseKeyType":1,"closed":-1,"used":1746714536411,"created":1746714536411,"remoteIdentityKey":"BTTNF06Iqku0Ogu6Kwy7z2pHS3W6N7N0eZngkRTMvEcp"},"_chains":{"BSao82j/D7JAAa3j90+hU2ZWTxRl7/O05FK0b3ODEh1o":{"chainKey":{"counter":0,"key":"0BeI6TW+MUQafE+cXcKyESJD9SAGr+5a0rw/zH69gss="},"chainType":1,"messageKeys":{}}},"pendingPreKey":{"signedKeyId":2,"baseKey":"BQQvmGv7sCckVWgXLK4jpcGa9JdckxeNnATC1vqzJMwn","preKeyId":4057919}}},"version":"v1"}