{"_sessions":{"BYTuzqVdTVdtFAQYahdA6o5DEk9IkMuCKQojrWFCjsFe":{"registrationId":1838508386,"currentRatchet":{"ephemeralKeyPair":{"pubKey":"BcpKuhU9eIAObTwnE0++ZqGrXoZoYG6SU6KuojjsAvca","privKey":"wKI26wj+b1eVZaVN5wmqWtwlAjrQjA3dza7cX+E4V2Y="},"lastRemoteEphemeralKey":"BQZU/AA/sw5IHtQIYy6JzItgOhLSE7HsLyx1iJBILkpB","previousCounter":0,"rootKey":"UpLN8H7vHz+uMQy+rgM5fDRJa++B4ENDE9wz8bWcpek="},"indexInfo":{"baseKey":"BYTuzqVdTVdtFAQYahdA6o5DEk9IkMuCKQojrWFCjsFe","baseKeyType":1,"closed":1746721111366,"used":1746721080307,"created":1746721080307,"remoteIdentityKey":"BXC6qKA3NOOxFlRLAJxSQaLJRopMdDc9w8q1Eowwrh0K"},"_chains":{"BcpKuhU9eIAObTwnE0++ZqGrXoZoYG6SU6KuojjsAvca":{"chainKey":{"counter":0,"key":"JqmO9o8rSV+W/9g1wvA7O+t099l1RoAiZ2m+2njUUzw="},"chainType":1,"messageKeys":{}}},"pendingPreKey":{"signedKeyId":4,"baseKey":"BYTuzqVdTVdtFAQYahdA6o5DEk9IkMuCKQojrWFCjsFe","preKeyId":13543151}},"BVlWirfGAhgIE81RV7JJzpDgO3VyaqvPfLXdhBw9/aNQ":{"registrationId":1838508386,"currentRatchet":{"ephemeralKeyPair":{"pubKey":"BYTvu1eHDCz8AOFcn5CkZsg9eeUiB6T7kwNv3MB5/4xw","privKey":"GNepnk+LooIZVzIYJUuBihGrsJgc0nWqjl4Vf8gdWUY="},"lastRemoteEphemeralKey":"BQZU/AA/sw5IHtQIYy6JzItgOhLSE7HsLyx1iJBILkpB","previousCounter":0,"rootKey":"Qq77GojkH0Xz1Rw5MnyHj9pJ/PyAc29dGkJxwBn0iwY="},"indexInfo":{"baseKey":"BVlWirfGAhgIE81RV7JJzpDgO3VyaqvPfLXdhBw9/aNQ","baseKeyType":1,"closed":-1,"used":1746721111224,"created":1746721111223,"remoteIdentityKey":"BXC6qKA3NOOxFlRLAJxSQaLJRopMdDc9w8q1Eowwrh0K"},"_chains":{"BYTvu1eHDCz8AOFcn5CkZsg9eeUiB6T7kwNv3MB5/4xw":{"chainKey":{"counter":2,"key":"+XUAMpFYUqf3dKYSNl/pbmOJRMfPIVTDM57crt/IG8w="},"chainType":1,"messageKeys":{}}},"pendingPreKey":{"signedKeyId":4,"baseKey":"BVlWirfGAhgIE81RV7JJzpDgO3VyaqvPfLXdhBw9/aNQ","preKeyId":13543605}}},"version":"v1"}