{"_sessions":{"BeuehCnAr2Iuzw/nGNccIk/9r4MXKcFoAVhPaQEIneRe":{"registrationId":10269917,"currentRatchet":{"ephemeralKeyPair":{"pubKey":"BTL/1bV2oC9HyNS3qtrfsokXYBgL8RPQK5ph6jqgDPdo","privKey":"WEGrVxZk6Zw4okEeFqmzSbW1dYAlzHVzsKse3b2on2Q="},"lastRemoteEphemeralKey":"BWaVdpHfOLf4QpFOd4xu1fnxdafYmJ7mOhRMTXuPSBJl","previousCounter":0,"rootKey":"lxsFNHORWGgSqDKSzmi6g6S1Y83oJmGWYwZDbEIUauo="},"indexInfo":{"baseKey":"BeuehCnAr2Iuzw/nGNccIk/9r4MXKcFoAVhPaQEIneRe","baseKeyType":1,"closed":-1,"used":1746714525732,"created":1746714525732,"remoteIdentityKey":"BX9fiQFsA9+NinWmXYOv8ljpVcXkQtDD10YsAJzsNmYw"},"_chains":{"BTL/1bV2oC9HyNS3qtrfsokXYBgL8RPQK5ph6jqgDPdo":{"chainKey":{"counter":0,"key":"l8Xro6pYRk17wP1KZYiLrd9vnU37ew6piSpHrUeSkV8="},"chainType":1,"messageKeys":{}}},"pendingPreKey":{"signedKeyId":5851240,"baseKey":"BeuehCnAr2Iuzw/nGNccIk/9r4MXKcFoAVhPaQEIneRe","preKeyId":5931}}},"version":"v1"}