{"_sessions":{"BTQkaLkPG+KtuEFD20QvQ8v4Vxfc0yifegvrbtio4uEK":{"registrationId":1174480233,"currentRatchet":{"ephemeralKeyPair":{"pubKey":"BYt7ReEzrLoZSWxJopMhnOJKPJti4chwqi8BJ3ggC7pk","privKey":"uKT4n8aFVDiTwiuzQEBtJ728+wQabFY4Zzu1jnw3hWc="},"lastRemoteEphemeralKey":"BcxWnssb1aSwlKsP4ZeUvgbreSSnGgnNxQkUG9Js+egI","previousCounter":0,"rootKey":"6CjM8sR3KVVvP+uJ7PK52zO8UIWiujNgXl8YbzxArvQ="},"indexInfo":{"baseKey":"BTQkaLkPG+KtuEFD20QvQ8v4Vxfc0yifegvrbtio4uEK","baseKeyType":1,"closed":-1,"used":1746714522308,"created":1746714522308,"remoteIdentityKey":"BUbE94IAW7zJg6hMAb92I2FR6PsR+COVXDwkMqslckRj"},"_chains":{"BYt7ReEzrLoZSWxJopMhnOJKPJti4chwqi8BJ3ggC7pk":{"chainKey":{"counter":0,"key":"M3fthn2N+7vSD9khVKnC+TsRdq+uydt6ZpWvGYB21jM="},"chainType":1,"messageKeys":{}}},"pendingPreKey":{"signedKeyId":8091467,"baseKey":"BTQkaLkPG+KtuEFD20QvQ8v4Vxfc0yifegvrbtio4uEK","preKeyId":27404}}},"version":"v1"}