{"_sessions":{"BeSFX1siKQ4sIMK+YJygXEeiFB6/TdJGBzBtsTfRo+94":{"registrationId":1176230919,"currentRatchet":{"ephemeralKeyPair":{"pubKey":"BSACtma0fGVGDHD3vKtLdSYCN3WsLKhVYBZUallWHKtP","privKey":"WNWZE9dnfQ/8auqynd9q8CGoUHPUSaIcFj/SbgI9gHM="},"lastRemoteEphemeralKey":"BdiGZ1K72m334tIzxX8BHMZTO/qZNWArdPdQfIosYC9N","previousCounter":0,"rootKey":"oZ2cvbTdeGYivHRvAo9Oo/nrsAWoVQPgSj5bVq6rIas="},"indexInfo":{"baseKey":"BeSFX1siKQ4sIMK+YJygXEeiFB6/TdJGBzBtsTfRo+94","baseKeyType":1,"closed":1746721111381,"used":1746721080380,"created":1746721080380,"remoteIdentityKey":"BcKEX8aOid2EWR50X7e/CFrxnA8aaeIXcS0wgaI3QcoK"},"_chains":{"BSACtma0fGVGDHD3vKtLdSYCN3WsLKhVYBZUallWHKtP":{"chainKey":{"counter":0,"key":"VPXRGAIdKgKijkKAZ+aFTjtKrsa1O3hago9cCqwmwiY="},"chainType":1,"messageKeys":{}}},"pendingPreKey":{"signedKeyId":17,"baseKey":"BeSFX1siKQ4sIMK+YJygXEeiFB6/TdJGBzBtsTfRo+94","preKeyId":12365119}},"BZH8GtCGFtkbfV1WTAobQFeaBAUTsz0BoZJEj4pZl9U5":{"registrationId":1176230919,"currentRatchet":{"ephemeralKeyPair":{"pubKey":"BYGQYLS7wRt6sP8G/D+CMtG4t7e7GN3Wb2+hbi2EjHYp","privKey":"wF/OsoCwDt+5lJNtuUDrNFQ9EPWqffud3100cpEFvHM="},"lastRemoteEphemeralKey":"BdiGZ1K72m334tIzxX8BHMZTO/qZNWArdPdQfIosYC9N","previousCounter":0,"rootKey":"yCue0JfThMeGAxeo24t2U6Epx8GEl4h21kg9sVtaMuQ="},"indexInfo":{"baseKey":"BZH8GtCGFtkbfV1WTAobQFeaBAUTsz0BoZJEj4pZl9U5","baseKeyType":1,"closed":-1,"used":1746721111290,"created":1746721111290,"remoteIdentityKey":"BcKEX8aOid2EWR50X7e/CFrxnA8aaeIXcS0wgaI3QcoK"},"_chains":{"BYGQYLS7wRt6sP8G/D+CMtG4t7e7GN3Wb2+hbi2EjHYp":{"chainKey":{"counter":2,"key":"bVpN5fa+xFdtO+pSt9utM9oUOad8N2iBT4biy+deqr0="},"chainType":1,"messageKeys":{}}},"pendingPreKey":{"signedKeyId":17,"baseKey":"BZH8GtCGFtkbfV1WTAobQFeaBAUTsz0BoZJEj4pZl9U5","preKeyId":12364899}}},"version":"v1"}