{"_sessions":{"BWj3E6h0/7DYlbOH2ySFYC8b97Mv4GrDmFaeOPxdvv9C":{"registrationId":1515270993,"currentRatchet":{"ephemeralKeyPair":{"pubKey":"BUNFEqH+3TlpVeshgK5443qfviyZZq5gNOJ1fmXZzfQK","privKey":"IExOhsNeEvT2duosaukRUBEjSrRWgutZXmYn+fGR5EQ="},"lastRemoteEphemeralKey":"BeZcpCkEZc5pHaan3puAetbNvP04tFlmPR0w312r8UBg","previousCounter":0,"rootKey":"jSEeQC5r2D4jmImfulTDpf/FusIqf316u+RVBnbRD2A="},"indexInfo":{"baseKey":"BWj3E6h0/7DYlbOH2ySFYC8b97Mv4GrDmFaeOPxdvv9C","baseKeyType":1,"closed":1746721114785,"used":1746721083818,"created":1746721083818,"remoteIdentityKey":"BY5SDoKq1eR4g9NLVtEg4ehmvy7iq9U/8WHDaum7X3ZO"},"_chains":{"BUNFEqH+3TlpVeshgK5443qfviyZZq5gNOJ1fmXZzfQK":{"chainKey":{"counter":0,"key":"wUzHZCRkBI+VeyLyshQ8AtJA5+RfH0LE8lsbwZ1LzYQ="},"chainType":1,"messageKeys":{}}},"pendingPreKey":{"signedKeyId":0,"baseKey":"BWj3E6h0/7DYlbOH2ySFYC8b97Mv4GrDmFaeOPxdvv9C"}},"BUZvTvjd78E/n+NiNpdLZ7DcXY9UBZ4W07YXuAx6jtFo":{"registrationId":1515270993,"currentRatchet":{"ephemeralKeyPair":{"pubKey":"BYpN1dsjgP99s4/YRCLRHsolgfthCTyW2QVq6HfYg1p6","privKey":"sDxRNsCxy+Qu9FkVoUKwFBeJPde3fMsqUDR69jP7GmQ="},"lastRemoteEphemeralKey":"BeZcpCkEZc5pHaan3puAetbNvP04tFlmPR0w312r8UBg","previousCounter":0,"rootKey":"TQIXznleRuGVyvcbQGmjdYH3hes/B1MVyuM1FGQHfTE="},"indexInfo":{"baseKey":"BUZvTvjd78E/n+NiNpdLZ7DcXY9UBZ4W07YXuAx6jtFo","baseKeyType":1,"closed":-1,"used":1746721114582,"created":1746721114582,"remoteIdentityKey":"BY5SDoKq1eR4g9NLVtEg4ehmvy7iq9U/8WHDaum7X3ZO"},"_chains":{"BYpN1dsjgP99s4/YRCLRHsolgfthCTyW2QVq6HfYg1p6":{"chainKey":{"counter":2,"key":"oy+E+cIQfiIdDIjFaKswpYQyJOfWSAY0sGIDZSKEvGs="},"chainType":1,"messageKeys":{}}},"pendingPreKey":{"signedKeyId":0,"baseKey":"BUZvTvjd78E/n+NiNpdLZ7DcXY9UBZ4W07YXuAx6jtFo"}}},"version":"v1"}