{"_sessions":{"BTQGzeqltvIV3y3RE2PEvWa1G43WoDtfpIDLWb4YEIM2":{"registrationId":1295816082,"currentRatchet":{"ephemeralKeyPair":{"pubKey":"BUMorowRxEQFeFoXGYg7QDes+Lm0bI10dBEsRBrR20UV","privKey":"qM2FPbnHoeWorAexBmmiCOtF0o5cDyKgltpWLyRJiHo="},"lastRemoteEphemeralKey":"BaQ9A+O5LEr815X9v25L/HWFgWiPpdqdOkmA28Eia/NG","previousCounter":0,"rootKey":"quS5XmbopvYJi74u0HDPSc8RcSYmU5mUbBtMEyt4XIQ="},"indexInfo":{"baseKey":"BTQGzeqltvIV3y3RE2PEvWa1G43WoDtfpIDLWb4YEIM2","baseKeyType":1,"closed":1746721104058,"used":1746721072782,"created":1746721072782,"remoteIdentityKey":"BYZOeWRHV2WD9iv+P34CWJ3VJypDPOzPII4xFVL0Fpl4"},"_chains":{"BUMorowRxEQFeFoXGYg7QDes+Lm0bI10dBEsRBrR20UV":{"chainKey":{"counter":0,"key":"PVANMqUpIVR9CCM82GfVnPLECJMXRYtJt/AhtfDw+JM="},"chainType":1,"messageKeys":{}}},"pendingPreKey":{"signedKeyId":0,"baseKey":"BTQGzeqltvIV3y3RE2PEvWa1G43WoDtfpIDLWb4YEIM2"}},"BcldxB4vNktjtFKXlDS5rytWYzYsOfrzfKbQ7Y82FUwH":{"registrationId":1295816082,"currentRatchet":{"ephemeralKeyPair":{"pubKey":"Bb1G2I806qX+HO+G9ON/M7R+5Xlfhedsb1MFvVIiar8i","privKey":"SLbh2cs41jvsckWNC8UH1Fgf43RlL5a4U+XNqOAHXG4="},"lastRemoteEphemeralKey":"BaQ9A+O5LEr815X9v25L/HWFgWiPpdqdOkmA28Eia/NG","previousCounter":0,"rootKey":"fyQGonkMm5x7FQ9Dx8hZ/QLUr2pEBayKS6mHAZl4dtE="},"indexInfo":{"baseKey":"BcldxB4vNktjtFKXlDS5rytWYzYsOfrzfKbQ7Y82FUwH","baseKeyType":1,"closed":-1,"used":1746721103624,"created":1746721103624,"remoteIdentityKey":"BYZOeWRHV2WD9iv+P34CWJ3VJypDPOzPII4xFVL0Fpl4"},"_chains":{"Bb1G2I806qX+HO+G9ON/M7R+5Xlfhedsb1MFvVIiar8i":{"chainKey":{"counter":2,"key":"+DMGkjyrExgmFUu24yIQ12agqjdG76FEV2mVuQ9A2do="},"chainType":1,"messageKeys":{}}},"pendingPreKey":{"signedKeyId":0,"baseKey":"BcldxB4vNktjtFKXlDS5rytWYzYsOfrzfKbQ7Y82FUwH"}}},"version":"v1"}