{"_sessions":{"BWfILWxJTLDGYZVdMXWDB6wh4L6h7cwtiC3OCCGRXL0h":{"registrationId":1032038037,"currentRatchet":{"ephemeralKeyPair":{"pubKey":"BQlX7No/k3CuK/2nXnSF5SMwXY1AmLjjaArORuJ/rBVS","privKey":"IJ+CpSElXCvmYGDoOT2+f9CsVtDAzZged7yms2/pQ10="},"lastRemoteEphemeralKey":"BTowwRsoArFcYb+f0d0o+7EDb10wFmGemW5u4tduAd9m","previousCounter":0,"rootKey":"yOD1nT7a2QJ6cKSq9oM3qxnZejeDWE7cTZdAPKcIoIY="},"indexInfo":{"baseKey":"BWfILWxJTLDGYZVdMXWDB6wh4L6h7cwtiC3OCCGRXL0h","baseKeyType":1,"closed":1746721107834,"used":1746721076056,"created":1746721076056,"remoteIdentityKey":"BZ+F4oWD+v3KWIu43r4gXyCHwZm28gRjXS18RNa+nn5Z"},"_chains":{"BQlX7No/k3CuK/2nXnSF5SMwXY1AmLjjaArORuJ/rBVS":{"chainKey":{"counter":0,"key":"vSPZrBjyAzrINaZnSptinj5MMuvrfrEgrbuGIHIkXYM="},"chainType":1,"messageKeys":{}}},"pendingPreKey":{"signedKeyId":3,"baseKey":"BWfILWxJTLDGYZVdMXWDB6wh4L6h7cwtiC3OCCGRXL0h","preKeyId":16285439}},"Bcc5/w1cv3OrvvP3VyezKO4yxOnFt7j+iISFjq0Z9DZq":{"registrationId":1032038037,"currentRatchet":{"ephemeralKeyPair":{"pubKey":"BXoPgCYJ1wh5VFPHt2cYtGOE+NUosQkVODJ+MvnVAywM","privKey":"mAGy7sbAJ7awbCQvIClZhcOpFTpev3hQVNb8pV9i0Gc="},"lastRemoteEphemeralKey":"BTowwRsoArFcYb+f0d0o+7EDb10wFmGemW5u4tduAd9m","previousCounter":0,"rootKey":"D1YdjrMFQyTy/8xUbW0uu0kO/cz1hZRMk59TjyFFdeA="},"indexInfo":{"baseKey":"Bcc5/w1cv3OrvvP3VyezKO4yxOnFt7j+iISFjq0Z9DZq","baseKeyType":1,"closed":-1,"used":1746721107595,"created":1746721107595,"remoteIdentityKey":"BZ+F4oWD+v3KWIu43r4gXyCHwZm28gRjXS18RNa+nn5Z"},"_chains":{"BXoPgCYJ1wh5VFPHt2cYtGOE+NUosQkVODJ+MvnVAywM":{"chainKey":{"counter":2,"key":"N9WboqbKcBxa+czAXcSylGviH3HnVygNUq9dS7bKZuU="},"chainType":1,"messageKeys":{}}},"pendingPreKey":{"signedKeyId":3,"baseKey":"Bcc5/w1cv3OrvvP3VyezKO4yxOnFt7j+iISFjq0Z9DZq","preKeyId":16285691}}},"version":"v1"}