{"_sessions":{"BeH1PmAelbEZ8yAJwsK77vbZcwu9S2YqMAEehS/zIY8E":{"registrationId":1813363898,"currentRatchet":{"ephemeralKeyPair":{"pubKey":"Ba7BFDM26GaPFCe3dS321o7ZU6rp2vUe4mWlyMWjOwRt","privKey":"CJ1EkLN0llyZSHVKMMVqGSjOVfGluv7s/N3OAqVC62I="},"lastRemoteEphemeralKey":"BVcnLDOVwk+zfUU6m2BLzjZplQ9uHbFdW9r+pqdqn2Bg","previousCounter":0,"rootKey":"JsDLP2j+9PHX8HUmDyzxEd24QoijP31pv7vxivs+AAc="},"indexInfo":{"baseKey":"BeH1PmAelbEZ8yAJwsK77vbZcwu9S2YqMAEehS/zIY8E","baseKeyType":1,"closed":1746721107816,"used":1746721075981,"created":1746721075981,"remoteIdentityKey":"BbX62SPSzBMZX91xl+gE07P1dG8tO30N4OcEveFWcDRi"},"_chains":{"Ba7BFDM26GaPFCe3dS321o7ZU6rp2vUe4mWlyMWjOwRt":{"chainKey":{"counter":0,"key":"gKIWBStskAP64gTNgYawVvJz7wtMZsuA5UowQUMBlko="},"chainType":1,"messageKeys":{}}},"pendingPreKey":{"signedKeyId":3,"baseKey":"BeH1PmAelbEZ8yAJwsK77vbZcwu9S2YqMAEehS/zIY8E","preKeyId":6609393}},"BV8f4dZTY2MLKrbXaKodbzpq6qQ/89wY1+ShMjHKGPtp":{"registrationId":1813363898,"currentRatchet":{"ephemeralKeyPair":{"pubKey":"BW04OLtmW7O21rAWRi9CKsD8uF1dwrnjhAFSifG+AOwZ","privKey":"KLp287MlElrm/P+9sjVjTxjSQYS9GBycnJxyMae3Bmw="},"lastRemoteEphemeralKey":"BVcnLDOVwk+zfUU6m2BLzjZplQ9uHbFdW9r+pqdqn2Bg","previousCounter":0,"rootKey":"FImkXAyFQOVIpBqZylrsMmaeYnB3cG91zwNcnCeL1NY="},"indexInfo":{"baseKey":"BV8f4dZTY2MLKrbXaKodbzpq6qQ/89wY1+ShMjHKGPtp","baseKeyType":1,"closed":-1,"used":1746721107534,"created":1746721107534,"remoteIdentityKey":"BbX62SPSzBMZX91xl+gE07P1dG8tO30N4OcEveFWcDRi"},"_chains":{"BW04OLtmW7O21rAWRi9CKsD8uF1dwrnjhAFSifG+AOwZ":{"chainKey":{"counter":2,"key":"vp2KfjJMct/tSsghyWBWLSjIE7/Ej8CPy/4M9xRAwB4="},"chainType":1,"messageKeys":{}}},"pendingPreKey":{"signedKeyId":3,"baseKey":"BV8f4dZTY2MLKrbXaKodbzpq6qQ/89wY1+ShMjHKGPtp","preKeyId":6609496}}},"version":"v1"}