{"_sessions":{"BduGbvWuDRwZMv67dMyy7vigQX+4OG03xEFJDvFrJYZo":{"registrationId":150196940,"currentRatchet":{"ephemeralKeyPair":{"pubKey":"BR8tgUSCQOgHYkgUIsLx7usp/TY0ZDZTcJ2z9fxGvN1g","privKey":"2JxTbb+3/vCFUKC3IYFS3oriTuwvXW4zS3GHxlJx8lg="},"lastRemoteEphemeralKey":"BYJlOVG6ClHGkf7Rgt18LEpGHsvC68vCpIQ8o4L84tYm","previousCounter":0,"rootKey":"19tfHhOnu9wSs7JbfjQjACxUrd7T4vqbVmS0HpWCP08="},"indexInfo":{"baseKey":"BduGbvWuDRwZMv67dMyy7vigQX+4OG03xEFJDvFrJYZo","baseKeyType":1,"closed":-1,"used":1746714539885,"created":1746714539885,"remoteIdentityKey":"Be/KI0TNigbBM4QvSwhHj+cGfpjsRG0gn1pv2ZYyIMku"},"_chains":{"BR8tgUSCQOgHYkgUIsLx7usp/TY0ZDZTcJ2z9fxGvN1g":{"chainKey":{"counter":0,"key":"nIQBJF9tBhUvKwZBdFVrLN/wqIbvwkTTac+e7QGItZE="},"chainType":1,"messageKeys":{}}},"pendingPreKey":{"signedKeyId":3,"baseKey":"BduGbvWuDRwZMv67dMyy7vigQX+4OG03xEFJDvFrJYZo"}}},"version":"v1"}