{"_sessions":{"BbA8u6dIZ4OZY6/cJA7CoJEK7W+zKbg4B58C2Enlr1Rg":{"registrationId":2048751192,"currentRatchet":{"ephemeralKeyPair":{"pubKey":"BSUCxB8q6FdoK2yBGKmcPEq9D4r199eldfwrqVlRCXYn","privKey":"CNB45vgdcVa71WT263m9jpcvVo6hrDOGeO7JSNyl7Uo="},"lastRemoteEphemeralKey":"BUr2OsjAwpx0kI1wD6rBEZPkWLCBDFtsLINokYHVoYY9","previousCounter":0,"rootKey":"DNZ8aKnKQnQRIfCJBsMVYGPj/mQ8ouyHCD+fnqwEkpU="},"indexInfo":{"baseKey":"BbA8u6dIZ4OZY6/cJA7CoJEK7W+zKbg4B58C2Enlr1Rg","baseKeyType":1,"closed":-1,"used":1746714532629,"created":1746714532629,"remoteIdentityKey":"BYjKNxQJdaNthAPbsrzgKTQMxK2KQ6WhaQvsFXLosGFw"},"_chains":{"BSUCxB8q6FdoK2yBGKmcPEq9D4r199eldfwrqVlRCXYn":{"chainKey":{"counter":0,"key":"DZRTgbrZewQkBxV1lZWz0Eg98W6vEpapyPQSOW4C8Oo="},"chainType":1,"messageKeys":{}}},"pendingPreKey":{"signedKeyId":2,"baseKey":"BbA8u6dIZ4OZY6/cJA7CoJEK7W+zKbg4B58C2Enlr1Rg","preKeyId":3534588}}},"version":"v1"}