{"_sessions":{"BcIbJFCm8fgkNCRZr3ifsZn5QcqVaUKCbgW72wg7sk46":{"registrationId":418015755,"currentRatchet":{"ephemeralKeyPair":{"pubKey":"BaqtqUuzUBeMIntVRuynqvtBWu0ZXvNedwszwXJsu6QG","privKey":"kHvA02/y1jawXjDYGeL/xW6/4H9SUueSd9+fhFae7k8="},"lastRemoteEphemeralKey":"BboIFZUZuwop7AEb5+8Ri/ONng5JCriOe7UBKpDVyJ0M","previousCounter":0,"rootKey":"o7520FgGyeIGv0pu2ir2RzzvvAtJm2DqSn4lyXeQoxs="},"indexInfo":{"baseKey":"BcIbJFCm8fgkNCRZr3ifsZn5QcqVaUKCbgW72wg7sk46","baseKeyType":1,"closed":1746721118475,"used":1746721087128,"created":1746721087128,"remoteIdentityKey":"BQTI3QDFXSJrsjHylR5ZlKtTyQD0dK9z5juwkqPl62cQ"},"_chains":{"BaqtqUuzUBeMIntVRuynqvtBWu0ZXvNedwszwXJsu6QG":{"chainKey":{"counter":0,"key":"8eLwz6CCOCXGQV9BZSdN8csU0y6pJgqDyhXCPM68Wf0="},"chainType":1,"messageKeys":{}}},"pendingPreKey":{"signedKeyId":4,"baseKey":"BcIbJFCm8fgkNCRZr3ifsZn5QcqVaUKCbgW72wg7sk46","preKeyId":1132041}},"BV4zkUzobpRbob8JFAo7uUbSkRZiYJKFvLPjZ0u5ySxo":{"registrationId":418015755,"currentRatchet":{"ephemeralKeyPair":{"pubKey":"BcS4x809GDChUbkj8OKIPnh5r5bKycBl/QZVkHAnzowq","privKey":"wGLmCAnKmhr959mLKobj7A6Y1+cxs/auwkhHi+ldjmQ="},"lastRemoteEphemeralKey":"BboIFZUZuwop7AEb5+8Ri/ONng5JCriOe7UBKpDVyJ0M","previousCounter":0,"rootKey":"WwiKpiWrMAUwzpYSW28tz5mjyg+0mVPEyVo6SwY4jYU="},"indexInfo":{"baseKey":"BV4zkUzobpRbob8JFAo7uUbSkRZiYJKFvLPjZ0u5ySxo","baseKeyType":1,"closed":-1,"used":1746721118116,"created":1746721118116,"remoteIdentityKey":"BQTI3QDFXSJrsjHylR5ZlKtTyQD0dK9z5juwkqPl62cQ"},"_chains":{"BcS4x809GDChUbkj8OKIPnh5r5bKycBl/QZVkHAnzowq":{"chainKey":{"counter":2,"key":"hNC/CevwR8+BHx0opnFi2eH3dYteUXHVFV6a4rAGlug="},"chainType":1,"messageKeys":{}}},"pendingPreKey":{"signedKeyId":4,"baseKey":"BV4zkUzobpRbob8JFAo7uUbSkRZiYJKFvLPjZ0u5ySxo","preKeyId":1132259}}},"version":"v1"}