{"_sessions":{"BQaaAjdjtW/5JJMJD9gMJUr1fPApt6A6iiDPcSpP4nhH":{"registrationId":227209331,"currentRatchet":{"ephemeralKeyPair":{"pubKey":"Ba7EF2dFcKPPCyy9MWVGHk/9wAeBjEweiRMIZz2LPURk","privKey":"WH0xL8ielLi+Z+aeHCem9R0HPW4iFBoyFihhR1qAO1w="},"lastRemoteEphemeralKey":"BdHDzJXYLs8t08nubvJ+xLxd3gugFTigiXQ9sJ6n/Los","previousCounter":0,"rootKey":"7jMrczp6IdKHw+/NgcSqvr6r/8R4EcCh6p5OmA5SurA="},"indexInfo":{"baseKey":"BQaaAjdjtW/5JJMJD9gMJUr1fPApt6A6iiDPcSpP4nhH","baseKeyType":1,"closed":-1,"used":1746714522263,"created":1746714522263,"remoteIdentityKey":"BTKy1x3ku3bvuOi8suLfBED2H7PQmxlWQsFu0N63b2l8"},"_chains":{"Ba7EF2dFcKPPCyy9MWVGHk/9wAeBjEweiRMIZz2LPURk":{"chainKey":{"counter":0,"key":"Uw0s+9x3UF7qXztbpD00mw+gyVy2dF7+6iMNLRakepc="},"chainType":1,"messageKeys":{}}},"pendingPreKey":{"signedKeyId":1,"baseKey":"BQaaAjdjtW/5JJMJD9gMJUr1fPApt6A6iiDPcSpP4nhH","preKeyId":13472}}},"version":"v1"}