{"_sessions":{"BRFhB3W4hQVI9azn6gBIpipUu/pwMQ8UvAUy7mVIMFQe":{"registrationId":2055482206,"currentRatchet":{"ephemeralKeyPair":{"pubKey":"BR/b0Xm1B6ZFa0kIPVM6puGw/tb8nJ39qUHXdkF3Jl57","privKey":"qN3vw9T8PeqZLpeE/YBfs7gCbKSONxNsm8joaRMQ8GY="},"lastRemoteEphemeralKey":"BVRo5qRF9bis/ELN27k8Sn9eoo+ymmpIgSR1YrJahdQo","previousCounter":0,"rootKey":"ZU4PzGruB8oXBBqMilOM3l1jmtk82sXVlf3DiHlvsY4="},"indexInfo":{"baseKey":"BRFhB3W4hQVI9azn6gBIpipUu/pwMQ8UvAUy7mVIMFQe","baseKeyType":1,"closed":1746721107831,"used":1746721076041,"created":1746721076041,"remoteIdentityKey":"BQvJt3vI3LrVjwl6nhsGhdvjpAqugkDYwnjBXvOK25g9"},"_chains":{"BR/b0Xm1B6ZFa0kIPVM6puGw/tb8nJ39qUHXdkF3Jl57":{"chainKey":{"counter":0,"key":"IKxmdTt0OX3j6NZS3G/jMrRcJYG8UGlunc5YSn46jW4="},"chainType":1,"messageKeys":{}}},"pendingPreKey":{"signedKeyId":1,"baseKey":"BRFhB3W4hQVI9azn6gBIpipUu/pwMQ8UvAUy7mVIMFQe"}},"BWTBIhWZ7+sld5jrfVqskil6d8jlIlSY1UqAViOnQps/":{"registrationId":2055482206,"currentRatchet":{"ephemeralKeyPair":{"pubKey":"BfuWsLQcaODJ4Rs7gzauXTGx+8CZ5pIPn+c4mdQxXe4j","privKey":"0M2FzoZcuJS2I//5v82M0mgz+ATRvVsCP6Ie8ZTTBWk="},"lastRemoteEphemeralKey":"BVRo5qRF9bis/ELN27k8Sn9eoo+ymmpIgSR1YrJahdQo","previousCounter":0,"rootKey":"vwXhsK/zCL77QJLce4id4cIB/qV1/lefXWKuMVgetBo="},"indexInfo":{"baseKey":"BWTBIhWZ7+sld5jrfVqskil6d8jlIlSY1UqAViOnQps/","baseKeyType":1,"closed":-1,"used":1746721107582,"created":1746721107582,"remoteIdentityKey":"BQvJt3vI3LrVjwl6nhsGhdvjpAqugkDYwnjBXvOK25g9"},"_chains":{"BfuWsLQcaODJ4Rs7gzauXTGx+8CZ5pIPn+c4mdQxXe4j":{"chainKey":{"counter":2,"key":"+JAgT84W8t45Ej5rUNFzyb0GWY/ctMPh+vZBbpaTY8o="},"chainType":1,"messageKeys":{}}},"pendingPreKey":{"signedKeyId":1,"baseKey":"BWTBIhWZ7+sld5jrfVqskil6d8jlIlSY1UqAViOnQps/"}}},"version":"v1"}