{"_sessions":{"BWqYtgXt/DoJ4GlTxgawOz2S0po1MzJLLcxlpkeHO0pt":{"registrationId":1298258616,"currentRatchet":{"ephemeralKeyPair":{"pubKey":"BQzReg1N1hBzrhldl/NEg+AopCELoztZEY536aJujyB7","privKey":"0M+K7y/SPHQZPe7CrwWp55oqgkPyuWsXBRmVKVd2xWo="},"lastRemoteEphemeralKey":"BVPOi0sT6y9CVBN2AtY1q+VetMLio4QYfJhV3z2CYOAJ","previousCounter":0,"rootKey":"NNMxiF6ZeOGUbHxwhV62410mWq99OZnrEtnUZkEvqhs="},"indexInfo":{"baseKey":"BWqYtgXt/DoJ4GlTxgawOz2S0po1MzJLLcxlpkeHO0pt","baseKeyType":1,"closed":1746721114736,"used":1746721083559,"created":1746721083559,"remoteIdentityKey":"BWxu3eixCNBtNrWZXftxVRQhy6lNed6vxvnbjcXh4tFQ"},"_chains":{"BQzReg1N1hBzrhldl/NEg+AopCELoztZEY536aJujyB7":{"chainKey":{"counter":0,"key":"Z/YBl88qIW03qTaTbIdJYRH1EdJQvao7V/ehjNSzF/g="},"chainType":1,"messageKeys":{}}},"pendingPreKey":{"signedKeyId":7,"baseKey":"BWqYtgXt/DoJ4GlTxgawOz2S0po1MzJLLcxlpkeHO0pt","preKeyId":15649882}},"BfAFNuig70zTSsGMXC8pFQc83+AAHa6t0ZCIoxo/vCRg":{"registrationId":1298258616,"currentRatchet":{"ephemeralKeyPair":{"pubKey":"BYn/6nS9XBBPoprxaASiD1krF2GcA1pkp6YdV/2UvXEm","privKey":"uNQPKLzreY9b6atWhJ7QLU2mwWREiZP5e4ryGfkI3m0="},"lastRemoteEphemeralKey":"BVPOi0sT6y9CVBN2AtY1q+VetMLio4QYfJhV3z2CYOAJ","previousCounter":0,"rootKey":"NxxhuT2fAcuSTTnOziadS7zqZs7G2HJSiuWBQbwkNIs="},"indexInfo":{"baseKey":"BfAFNuig70zTSsGMXC8pFQc83+AAHa6t0ZCIoxo/vCRg","baseKeyType":1,"closed":-1,"used":1746721114350,"created":1746721114350,"remoteIdentityKey":"BWxu3eixCNBtNrWZXftxVRQhy6lNed6vxvnbjcXh4tFQ"},"_chains":{"BYn/6nS9XBBPoprxaASiD1krF2GcA1pkp6YdV/2UvXEm":{"chainKey":{"counter":2,"key":"PgbG2wYq8IhzZlFRUWLZZAoFfLBXyuJoO2w3nJNjiAU="},"chainType":1,"messageKeys":{}}},"pendingPreKey":{"signedKeyId":7,"baseKey":"BfAFNuig70zTSsGMXC8pFQc83+AAHa6t0ZCIoxo/vCRg","preKeyId":15649325}}},"version":"v1"}