{"_sessions":{"BQcOYEJUiML6bxQ3sH0Ud9CLnjwI4Fhv+myVVYzm73tc":{"registrationId":210,"currentRatchet":{"ephemeralKeyPair":{"pubKey":"BevMkKED7kcjaxrzgBSXjEujngxUCXUT/HIhYIbqsFg0","privKey":"mC2nfTTCeBU+QrRr8ipxbucZPpbEVwGZREss51/85E0="},"lastRemoteEphemeralKey":"BaUyZsLhraMXLIHUhnlPCGZ3EnigPsB+gPrNwPdX3vdv","previousCounter":0,"rootKey":"P5NJh2ddNjcGowa3CAnIAY1wGJ07kpsJEjhsH/e/VB8="},"indexInfo":{"baseKey":"BQcOYEJUiML6bxQ3sH0Ud9CLnjwI4Fhv+myVVYzm73tc","baseKeyType":1,"closed":1746721099118,"used":1746721068862,"created":1746721068862,"remoteIdentityKey":"BQ8VleL1UI9PhFYzG6yeljiqWsCDmMcYHt9M2NWoXkVY"},"_chains":{"BevMkKED7kcjaxrzgBSXjEujngxUCXUT/HIhYIbqsFg0":{"chainKey":{"counter":0,"key":"GVnCx+F58m5YLES9V3TZzqR1TGcrIhpPOTH9V6ILoCI="},"chainType":1,"messageKeys":{}}},"pendingPreKey":{"signedKeyId":1,"baseKey":"BQcOYEJUiML6bxQ3sH0Ud9CLnjwI4Fhv+myVVYzm73tc"}},"BUSPtLAEXTDQxgYWb4k+9AWDa2GfbZwFOnmYfHayG3pW":{"registrationId":210,"currentRatchet":{"ephemeralKeyPair":{"pubKey":"BbpEQoArIutZrmsafBjbtz0qiFVRxkg2v1Z7/bui1B9O","privKey":"eK+aAgVqz/1xmVhrs8V9o1njO82MlWflI9ly7W6V6Uw="},"lastRemoteEphemeralKey":"BaUyZsLhraMXLIHUhnlPCGZ3EnigPsB+gPrNwPdX3vdv","previousCounter":0,"rootKey":"h2fQMkOLkuX28XUGeaEvYCcmfh0dZmagY4xc1ZTtXW4="},"indexInfo":{"baseKey":"BUSPtLAEXTDQxgYWb4k+9AWDa2GfbZwFOnmYfHayG3pW","baseKeyType":1,"closed":-1,"used":1746721098563,"created":1746721098563,"remoteIdentityKey":"BQ8VleL1UI9PhFYzG6yeljiqWsCDmMcYHt9M2NWoXkVY"},"_chains":{"BbpEQoArIutZrmsafBjbtz0qiFVRxkg2v1Z7/bui1B9O":{"chainKey":{"counter":2,"key":"LHjx+LJOn5/OWNiapZHDw/3XsAEgjaSUIWIka+Ocis0="},"chainType":1,"messageKeys":{}}},"pendingPreKey":{"signedKeyId":1,"baseKey":"BUSPtLAEXTDQxgYWb4k+9AWDa2GfbZwFOnmYfHayG3pW"}}},"version":"v1"}