{"_sessions":{"Bd2xWrbQzWhmI8yM5pmVaQNUO/2v3gi6ztUOYc4sVYhg":{"registrationId":1103402013,"currentRatchet":{"ephemeralKeyPair":{"pubKey":"BUxj/42omREcU17OBxjs6yKiWWONN8BstTFwBxZtJ19d","privKey":"2Bcf/ohwj5Zu+IDmR40AF81ARUmHNSDhXzjDgM1ZsGQ="},"lastRemoteEphemeralKey":"BRvLcQQCW0PvVBGw+O2LR77s/teh8K1izF8+HAdnv2kh","previousCounter":0,"rootKey":"/UF/Io0ix+/5KATiEEENDK7GN3yBGEh+HZj8svTjHnk="},"indexInfo":{"baseKey":"Bd2xWrbQzWhmI8yM5pmVaQNUO/2v3gi6ztUOYc4sVYhg","baseKeyType":1,"closed":-1,"used":1746714532600,"created":1746714532600,"remoteIdentityKey":"BVANQY18jWqnjgLEI8Y0+fgRT8srd0bH2gKUfYNMYPgu"},"_chains":{"BUxj/42omREcU17OBxjs6yKiWWONN8BstTFwBxZtJ19d":{"chainKey":{"counter":0,"key":"x4LBgo34/9nQ/vQhbjDLABiCgHz878/Bnw6xBvOyf7Y="},"chainType":1,"messageKeys":{}}},"pendingPreKey":{"signedKeyId":0,"baseKey":"Bd2xWrbQzWhmI8yM5pmVaQNUO/2v3gi6ztUOYc4sVYhg","preKeyId":768840}}},"version":"v1"}