{"_sessions":{"BZ6J0R1vkM0buLTeHPzVl9eYZ1e55pgpLe0KNHIaaKpj":{"registrationId":1200547489,"currentRatchet":{"ephemeralKeyPair":{"pubKey":"BREemiJfIOfd2+VF6r3AMzRRGs8EonKrkn77JuhKMRJu","privKey":"iM91UczS9FoB05Jy3idU/JcdoIV2CS4b+mZNUwBe6kc="},"lastRemoteEphemeralKey":"BUaNLs8QjVwhrao197H2VAI2Prw/zOkLkGY0g/Zl804S","previousCounter":0,"rootKey":"c87sQn8+EX1ZmvMIjuZUqeb8UZR7KyxGpwIuxLF9BEw="},"indexInfo":{"baseKey":"BZ6J0R1vkM0buLTeHPzVl9eYZ1e55pgpLe0KNHIaaKpj","baseKeyType":1,"closed":-1,"used":1746714539987,"created":1746714539987,"remoteIdentityKey":"Bc3t26OgcS1+QsJmwUrHLUrYuetdkhaq7Xt9sSD6vYVe"},"_chains":{"BREemiJfIOfd2+VF6r3AMzRRGs8EonKrkn77JuhKMRJu":{"chainKey":{"counter":0,"key":"9LsMPB/pR5Rs5yzxo4tWp5q6VgiJvq7dgrFVvidabdg="},"chainType":1,"messageKeys":{}}},"pendingPreKey":{"signedKeyId":7526301,"baseKey":"BZ6J0R1vkM0buLTeHPzVl9eYZ1e55pgpLe0KNHIaaKpj","preKeyId":7125}}},"version":"v1"}