{"_sessions":{"Bf+EOqoTGCLLHnDZrwYNTk8KkUA6BYzXIin3Ru0iiI4R":{"registrationId":71,"currentRatchet":{"ephemeralKeyPair":{"pubKey":"Bfxjpu8wLXg5YqubN545mfC8niAGTQn/5CAYespRpHcu","privKey":"mC2YcN0hNzy28Svh7plcC5p2jZYGswAZ12zE7fjWi2g="},"lastRemoteEphemeralKey":"BUryZeZ3/ri8oU2LlTQ0NfgMr+2TiDFYT2jZ6zagX0Jc","previousCounter":0,"rootKey":"Ve3NGL+0+mHUdMrp1HZslibfCamPdZhr0cVQmgJHWl0="},"indexInfo":{"baseKey":"Bf+EOqoTGCLLHnDZrwYNTk8KkUA6BYzXIin3Ru0iiI4R","baseKeyType":1,"closed":1746721099121,"used":1746721068873,"created":1746721068873,"remoteIdentityKey":"BbNEBEtiQVvplpzwQOswku9/fArlaJUMGIfuae1AEFY2"},"_chains":{"Bfxjpu8wLXg5YqubN545mfC8niAGTQn/5CAYespRpHcu":{"chainKey":{"counter":0,"key":"hy2DfwEkA5ScZhM/HK8mI3qTMk2Htg1F5jAiVudKMpA="},"chainType":1,"messageKeys":{}}},"pendingPreKey":{"signedKeyId":1,"baseKey":"Bf+EOqoTGCLLHnDZrwYNTk8KkUA6BYzXIin3Ru0iiI4R"}},"BYqAmC147RKUcpaa4AZWLn8auVwliHm51hhvoAoQVG9y":{"registrationId":71,"currentRatchet":{"ephemeralKeyPair":{"pubKey":"BSc3ZaDnNp2wiyURyKJeF2duBfKjMyC/a39bcP5jFPV+","privKey":"yKZOz+SboElF8j3m8uIb4POd4iS+NmYhw7gllzpHxFw="},"lastRemoteEphemeralKey":"BUryZeZ3/ri8oU2LlTQ0NfgMr+2TiDFYT2jZ6zagX0Jc","previousCounter":0,"rootKey":"HVusZbzpcVUnpoNxmRrM1nqoAtK9H2PfdTXZrT26Ux0="},"indexInfo":{"baseKey":"BYqAmC147RKUcpaa4AZWLn8auVwliHm51hhvoAoQVG9y","baseKeyType":1,"closed":-1,"used":1746721098573,"created":1746721098573,"remoteIdentityKey":"BbNEBEtiQVvplpzwQOswku9/fArlaJUMGIfuae1AEFY2"},"_chains":{"BSc3ZaDnNp2wiyURyKJeF2duBfKjMyC/a39bcP5jFPV+":{"chainKey":{"counter":2,"key":"GKgKKp9OJ7xzWxj/N4W9NZqPGenJhp6Z9gFXU3K66jM="},"chainType":1,"messageKeys":{}}},"pendingPreKey":{"signedKeyId":1,"baseKey":"BYqAmC147RKUcpaa4AZWLn8auVwliHm51hhvoAoQVG9y"}}},"version":"v1"}