{"_sessions":{"BZPy6XON9F7La2OAcKRt/ZQZ3cC9vsHHGD7v/A7u4SYQ":{"registrationId":1292933482,"currentRatchet":{"ephemeralKeyPair":{"pubKey":"BRzC+bGcwIfa5Qrsi6etFRiJZpyXsulcFDXdxe59O2N9","privKey":"0INBkeAHvJ8/7dPHnuGQLeiDqQdKOI5WcQ7L/mVwPVY="},"lastRemoteEphemeralKey":"BXzFAQOWaX4fJZ7xwV12UbzUipmn5MXlooUOXaR1s6kz","previousCounter":0,"rootKey":"WLay1W1sqGSaCssAMLeXhlySRDUwxt7j5wkGkEfAUnA="},"indexInfo":{"baseKey":"BZPy6XON9F7La2OAcKRt/ZQZ3cC9vsHHGD7v/A7u4SYQ","baseKeyType":1,"closed":-1,"used":1746714522348,"created":1746714522348,"remoteIdentityKey":"BZbnDpelT/tm1hxOXW3eU85i0m7YIk3Tsu0e8bxcYrcE"},"_chains":{"BRzC+bGcwIfa5Qrsi6etFRiJZpyXsulcFDXdxe59O2N9":{"chainKey":{"counter":0,"key":"eKrKajhJ8gRv18k/F3Oy6h1i4jGCJjST0LHqkwX3zB4="},"chainType":1,"messageKeys":{}}},"pendingPreKey":{"signedKeyId":4,"baseKey":"BZPy6XON9F7La2OAcKRt/ZQZ3cC9vsHHGD7v/A7u4SYQ","preKeyId":4130627}}},"version":"v1"}