{"_sessions":{"BTOenGS7hWnzodSSlQPcIOXskq58yjuZpv/8/xgdBLti":{"registrationId":149,"currentRatchet":{"ephemeralKeyPair":{"pubKey":"BXPgDJeCY7cNWPBtGoZKQMWCK9bwUuV+oP1a6RqjaJ9d","privKey":"OCmHiKHb/uN2vL2Mo/LrS68nis8+X2lCGoq/UgzzAmU="},"lastRemoteEphemeralKey":"BZIPADKpQD939bfukUE9GfR1Oxpp5Cb0sh+m6zNeAmwF","previousCounter":0,"rootKey":"dFkZ5X6lCp2jRpGV9IZbtQRoU+bbG1dOQagkJs17Kb4="},"indexInfo":{"baseKey":"BTOenGS7hWnzodSSlQPcIOXskq58yjuZpv/8/xgdBLti","baseKeyType":1,"closed":-1,"used":1746714522134,"created":1746714522134,"remoteIdentityKey":"BZLqbXnN1lPt8+Lve57M550P3qXfXsN6cJe6rX3Qfqd2"},"_chains":{"BXPgDJeCY7cNWPBtGoZKQMWCK9bwUuV+oP1a6RqjaJ9d":{"chainKey":{"counter":0,"key":"Iuf4QB60bRnvfKk2+wNht1FFB/ZUdR0Fs7wyDYz5w2o="},"chainType":1,"messageKeys":{}}},"pendingPreKey":{"signedKeyId":1,"baseKey":"BTOenGS7hWnzodSSlQPcIOXskq58yjuZpv/8/xgdBLti"}}},"version":"v1"}