{"_sessions":{"BQAmPSek+ylcMCMj9AvKmRBurfY7TKS4bTR9zRSD4TkR":{"registrationId":1249811857,"currentRatchet":{"ephemeralKeyPair":{"pubKey":"BXJWJ3oIMTESFSBiViqndGaI4EV5SkI5NWdlN/MN2Ddr","privKey":"GJ5vW3QxGht9dl0JNUeFk1FnGp6Ztpq0sFJuLPJlI20="},"lastRemoteEphemeralKey":"BcPDf2ei7e5bArBVHApw7bmC0gM8qYiPDJO+rW46CAFd","previousCounter":0,"rootKey":"FepZG6X213OXtgpk05G1uODgSEWcZoQUaVeM+U/5WN0="},"indexInfo":{"baseKey":"BQAmPSek+ylcMCMj9AvKmRBurfY7TKS4bTR9zRSD4TkR","baseKeyType":1,"closed":-1,"used":1746714540066,"created":1746714540066,"remoteIdentityKey":"BT5NjIGFXATmypBH8O2aDLNLvs/Dgw9fcXkUGF0vHLA+"},"_chains":{"BXJWJ3oIMTESFSBiViqndGaI4EV5SkI5NWdlN/MN2Ddr":{"chainKey":{"counter":0,"key":"aZPe7oR0/OOr2CH3hsfpIc8aV6qpvAsDUIW4TbRGC1I="},"chainType":1,"messageKeys":{}}},"pendingPreKey":{"signedKeyId":7,"baseKey":"BQAmPSek+ylcMCMj9AvKmRBurfY7TKS4bTR9zRSD4TkR","preKeyId":5804478}}},"version":"v1"}