{"_sessions":{"BSb6v2gBCMfHW7h/gqRKCTBrSt3tdhnYujNZ2bBILEdF":{"registrationId":1770415952,"currentRatchet":{"ephemeralKeyPair":{"pubKey":"BTQXr3mZ9Hgbhq9bY4sG4Sygrd5BqifRn9639Pv2l6Fr","privKey":"yA62Pg9paEfK89lat6+TCiwVzS2wPT8FQLJwLFJg1mQ="},"lastRemoteEphemeralKey":"BY8q38PjK1wV3hJa5NHdULJFmdn1JNoixJ2pj6BnP0ZT","previousCounter":0,"rootKey":"p1yff3u6vmh6FgHzPflpjdyATPfMNGjR5riX7f+48P4="},"indexInfo":{"baseKey":"BSb6v2gBCMfHW7h/gqRKCTBrSt3tdhnYujNZ2bBILEdF","baseKeyType":1,"closed":1746721122236,"used":1746721090455,"created":1746721090455,"remoteIdentityKey":"BZJSaSAqjN+HSuygXSlR+tu+2zC45yfXtQQZzef0y3o2"},"_chains":{"BTQXr3mZ9Hgbhq9bY4sG4Sygrd5BqifRn9639Pv2l6Fr":{"chainKey":{"counter":0,"key":"VrLQwlD38+n44812xVbJP3JR+w08w4Saa/7eiZ5x3ng="},"chainType":1,"messageKeys":{}}},"pendingPreKey":{"signedKeyId":26,"baseKey":"BSb6v2gBCMfHW7h/gqRKCTBrSt3tdhnYujNZ2bBILEdF","preKeyId":15702893}},"BQ8knjSJZU3L303FirExtnaWygwET3dbb64YfqAcOacB":{"registrationId":1770415952,"currentRatchet":{"ephemeralKeyPair":{"pubKey":"BdLVaP68cJ1tN1Xwh1HqpEqh7fJS/qa0i2E6fSO/WhVb","privKey":"yHWRw3zqzjIAHls36IfjhDKXY+QBq2zmWYQ5Otext3E="},"lastRemoteEphemeralKey":"BY8q38PjK1wV3hJa5NHdULJFmdn1JNoixJ2pj6BnP0ZT","previousCounter":0,"rootKey":"5w8NL46a+OKEUtAY7gYeld/2FgRGdogN32UUG/jvbgg="},"indexInfo":{"baseKey":"BQ8knjSJZU3L303FirExtnaWygwET3dbb64YfqAcOacB","baseKeyType":1,"closed":-1,"used":1746721121836,"created":1746721121836,"remoteIdentityKey":"BZJSaSAqjN+HSuygXSlR+tu+2zC45yfXtQQZzef0y3o2"},"_chains":{"BdLVaP68cJ1tN1Xwh1HqpEqh7fJS/qa0i2E6fSO/WhVb":{"chainKey":{"counter":2,"key":"zAm/sqPeP3+13HMdLhHEgxvSDJd83IsEX3k7q4SHYdc="},"chainType":1,"messageKeys":{}}},"pendingPreKey":{"signedKeyId":26,"baseKey":"BQ8knjSJZU3L303FirExtnaWygwET3dbb64YfqAcOacB","preKeyId":15702977}}},"version":"v1"}