{"_sessions":{"Bdb+I9SPlepVVBFEz1LlCM78sOtDOVtCwwl6isne2CFT":{"registrationId":1683209609,"currentRatchet":{"ephemeralKeyPair":{"pubKey":"BTf1hlfVuQuPKTRzCdbtu13+y7g9/qzJ+1Pk5oE50G4U","privKey":"cExTeU+gCfzHufe8c+sTBGRGFfc7WB1C4ID162fYNnE="},"lastRemoteEphemeralKey":"Bfj37HwNu1NLrAeeD16oJ9PRktcMUVHjbnvtGE3pUK8a","previousCounter":0,"rootKey":"p4AxdAXFYFnJeOHF2B6glNszQPb2MqZgDFPToNQti+4="},"indexInfo":{"baseKey":"Bdb+I9SPlepVVBFEz1LlCM78sOtDOVtCwwl6isne2CFT","baseKeyType":1,"closed":1746721114754,"used":1746721083659,"created":1746721083659,"remoteIdentityKey":"BToZT4AePnM48WSx7dksEo1TwMwI2ulNUfM0uBSRf3MM"},"_chains":{"BTf1hlfVuQuPKTRzCdbtu13+y7g9/qzJ+1Pk5oE50G4U":{"chainKey":{"counter":0,"key":"Gk0BRMP/K3p21C9UREliQnBu2KtfLGyaOFHreRGDs2g="},"chainType":1,"messageKeys":{}}},"pendingPreKey":{"signedKeyId":0,"baseKey":"Bdb+I9SPlepVVBFEz1LlCM78sOtDOVtCwwl6isne2CFT"}},"BekeSnXXiJD1LtwzsiLeGVpRxwTGfWlnXpZTDoX86BM6":{"registrationId":1683209609,"currentRatchet":{"ephemeralKeyPair":{"pubKey":"BSY21pQ5rBRhc1p9l5F8IOKQqh7qCxlUURzMc23SOk9a","privKey":"0CA2OALVKLYQkrYIMiXV3SfnbNx+/KpiuxurFzeg7k8="},"lastRemoteEphemeralKey":"Bfj37HwNu1NLrAeeD16oJ9PRktcMUVHjbnvtGE3pUK8a","previousCounter":0,"rootKey":"NgHxkSPyF6stpLk2knMP334pCY33SQIykWIsOv9E/+E="},"indexInfo":{"baseKey":"BekeSnXXiJD1LtwzsiLeGVpRxwTGfWlnXpZTDoX86BM6","baseKeyType":1,"closed":-1,"used":1746721114445,"created":1746721114445,"remoteIdentityKey":"BToZT4AePnM48WSx7dksEo1TwMwI2ulNUfM0uBSRf3MM"},"_chains":{"BSY21pQ5rBRhc1p9l5F8IOKQqh7qCxlUURzMc23SOk9a":{"chainKey":{"counter":2,"key":"1KBg6yyCg0vG8ohpcF385VCGN7PQ0KFK2ZmOefSrQp0="},"chainType":1,"messageKeys":{}}},"pendingPreKey":{"signedKeyId":0,"baseKey":"BekeSnXXiJD1LtwzsiLeGVpRxwTGfWlnXpZTDoX86BM6"}}},"version":"v1"}