{"_sessions":{"BcDl8f/Y8zvxyrazRZbP4tC/wxW9mdZOPhF/5eP0kCI2":{"registrationId":1212847456,"currentRatchet":{"ephemeralKeyPair":{"pubKey":"BRXybq5ASFAl0es0wAp0s6Vh9ewPYDqx4AAATsuLRmZm","privKey":"IJtBUrAl9ncKdb7voqkcnGrydNaGT8aXzSCMPMtGKVo="},"lastRemoteEphemeralKey":"BZ5cQq6KuulMatlncCXjR12QdhmyziberDJFVIjpOaUD","previousCounter":0,"rootKey":"vBh4H01j5iMBM9McpGOMANI1szcRjOViMQkQQ8Xj+Uk="},"indexInfo":{"baseKey":"BcDl8f/Y8zvxyrazRZbP4tC/wxW9mdZOPhF/5eP0kCI2","baseKeyType":1,"closed":-1,"used":1746714529339,"created":1746714529339,"remoteIdentityKey":"BZFBg5qcKVAUd0L+1eUonIDl9y8U/2pyjScPPuuvhf4b"},"_chains":{"BRXybq5ASFAl0es0wAp0s6Vh9ewPYDqx4AAATsuLRmZm":{"chainKey":{"counter":0,"key":"RToVz1ke6Cp+GpGqHPbSQ51eKcdxp89IJWqsNOnSpyk="},"chainType":1,"messageKeys":{}}},"pendingPreKey":{"signedKeyId":7,"baseKey":"BcDl8f/Y8zvxyrazRZbP4tC/wxW9mdZOPhF/5eP0kCI2","preKeyId":10294411}}},"version":"v1"}