{"_sessions":{"BS2UdpKTnu/VwOpRxQ42eDZLrEWycEWvwwIaaD28ItBs":{"registrationId":2106325825,"currentRatchet":{"ephemeralKeyPair":{"pubKey":"BWnhmJwP9pLChPe0+0ypAW6u7qmhndGnh5igwLP6EB5Y","privKey":"6NJiG/ZcX/ni1IxRoYerTivEHc+NEeDekJLkEtCyokA="},"lastRemoteEphemeralKey":"BZ7va/8wUnAZM3id/+idkUJPv6wUy2bMyrxHT/LZkIQp","previousCounter":0,"rootKey":"Y6WJ/9AGj8TIRUaZ/4lKHlUUXYl4T4G5CB+/iQL8m+0="},"indexInfo":{"baseKey":"BS2UdpKTnu/VwOpRxQ42eDZLrEWycEWvwwIaaD28ItBs","baseKeyType":1,"closed":1746721111353,"used":1746721080228,"created":1746721080228,"remoteIdentityKey":"BWuoapXZ8YTgxOjsR5BFDk9MEN60NIGJkMfxi+s8XyRS"},"_chains":{"BWnhmJwP9pLChPe0+0ypAW6u7qmhndGnh5igwLP6EB5Y":{"chainKey":{"counter":0,"key":"W24SSVrMgDbWCV40qt0kjcA+ar2HVAoU92+e+nyw9/A="},"chainType":1,"messageKeys":{}}},"pendingPreKey":{"signedKeyId":0,"baseKey":"BS2UdpKTnu/VwOpRxQ42eDZLrEWycEWvwwIaaD28ItBs","preKeyId":8434907}},"BTZIjcYhKRB+txQeK8hbOrIaI5r+XyALkbLI+cAZGRAH":{"registrationId":2106325825,"currentRatchet":{"ephemeralKeyPair":{"pubKey":"Bd6L/1aLy15I6utTRY3y6acf43GQGPFvTE4jjJAVXMo1","privKey":"WNt0ZJjcooBm1qGtOFEzkNu0InHhK/wyjtWqkJZBN2o="},"lastRemoteEphemeralKey":"BZ7va/8wUnAZM3id/+idkUJPv6wUy2bMyrxHT/LZkIQp","previousCounter":0,"rootKey":"to7UjEW/dQL15NoS/X9F3Q0MBk1zhXcfBB+3jMjr20g="},"indexInfo":{"baseKey":"BTZIjcYhKRB+txQeK8hbOrIaI5r+XyALkbLI+cAZGRAH","baseKeyType":1,"closed":-1,"used":1746721111155,"created":1746721111155,"remoteIdentityKey":"BWuoapXZ8YTgxOjsR5BFDk9MEN60NIGJkMfxi+s8XyRS"},"_chains":{"Bd6L/1aLy15I6utTRY3y6acf43GQGPFvTE4jjJAVXMo1":{"chainKey":{"counter":2,"key":"3OO4RtjH9257yfQL748gCPPVSBjThIDtLlIy3ZtIM4k="},"chainType":1,"messageKeys":{}}},"pendingPreKey":{"signedKeyId":0,"baseKey":"BTZIjcYhKRB+txQeK8hbOrIaI5r+XyALkbLI+cAZGRAH","preKeyId":8435515}}},"version":"v1"}