{"_sessions":{"BfxMfq2Hmk/UcDdZ70RLybObKOli4WessNXEx8Yd1FJI":{"registrationId":1447145339,"currentRatchet":{"ephemeralKeyPair":{"pubKey":"BWO4ye82S6zFmUrqXf/DfObf48qdi+HIEk4p4IgQZyBU","privKey":"yE7ODKWgV1qB9h5Nn3XjrOECKFA7Gy+aBVVs6e0udlM="},"lastRemoteEphemeralKey":"BWaiHN3x794mu/MXK/NgU0zr7+d0BIL4Y2o/Lp8qLV8c","previousCounter":0,"rootKey":"D2+BJt8PJV8/8ro3VGzb1Io+UI5YcDtU3vH3fhbaHrs="},"indexInfo":{"baseKey":"BfxMfq2Hmk/UcDdZ70RLybObKOli4WessNXEx8Yd1FJI","baseKeyType":1,"closed":1746721111359,"used":1746721080260,"created":1746721080260,"remoteIdentityKey":"BY8rId88O2mBvbiak6B4xK1Tm+FGJH6hvNRNovMmD8V6"},"_chains":{"BWO4ye82S6zFmUrqXf/DfObf48qdi+HIEk4p4IgQZyBU":{"chainKey":{"counter":0,"key":"eKQ4ZLvk7hgX5uQrVOp2FYCq8T/OFo7fczfrcTTh78U="},"chainType":1,"messageKeys":{}}},"pendingPreKey":{"signedKeyId":7,"baseKey":"BfxMfq2Hmk/UcDdZ70RLybObKOli4WessNXEx8Yd1FJI","preKeyId":11103328}},"BZ295lHs5tQNkUyjGl9fhprExo4XHtVHhSQHYmF+DTgF":{"registrationId":1447145339,"currentRatchet":{"ephemeralKeyPair":{"pubKey":"BZVk+fLP4vxNP4XiNDbVHDwjAa+6/jnaIKFSY/zOJBRs","privKey":"YNgaUpvi6Gg00FY78EMjci2yRG+TvU7FNcuOnJuSing="},"lastRemoteEphemeralKey":"BWaiHN3x794mu/MXK/NgU0zr7+d0BIL4Y2o/Lp8qLV8c","previousCounter":0,"rootKey":"sIN2AKGBaQOHm8viD4YCtDCzUysQElx4x1McluDck8E="},"indexInfo":{"baseKey":"BZ295lHs5tQNkUyjGl9fhprExo4XHtVHhSQHYmF+DTgF","baseKeyType":1,"closed":-1,"used":1746721111183,"created":1746721111183,"remoteIdentityKey":"BY8rId88O2mBvbiak6B4xK1Tm+FGJH6hvNRNovMmD8V6"},"_chains":{"BZVk+fLP4vxNP4XiNDbVHDwjAa+6/jnaIKFSY/zOJBRs":{"chainKey":{"counter":2,"key":"0VPJ2fdUmrDMbfcScI2ao+VB2GU6q+UxpuM+fzFadoM="},"chainType":1,"messageKeys":{}}},"pendingPreKey":{"signedKeyId":7,"baseKey":"BZ295lHs5tQNkUyjGl9fhprExo4XHtVHhSQHYmF+DTgF","preKeyId":11102995}}},"version":"v1"}