{"_sessions":{"BV5yQqkSUEATdHmaaZI41LpaPHtdrWUzru93EeChS3Ud":{"registrationId":1805374410,"currentRatchet":{"ephemeralKeyPair":{"pubKey":"BYi++OsBA/564RlM9RI9QBrHaDqW9UawNPh+KbAdfy1T","privKey":"GALJVWo5QkzpIfcNrxWYsahNQh2W6u82ZV/jAl5AhVw="},"lastRemoteEphemeralKey":"BeX5X3jpyUo4uIlkeXRkp4Yfl6XfiwTpsIt4ELK7yyY2","previousCounter":0,"rootKey":"syIpqyaesEPY70892BpmJLU9AX/YbCANs0Bwl8P8W+E="},"indexInfo":{"baseKey":"BV5yQqkSUEATdHmaaZI41LpaPHtdrWUzru93EeChS3Ud","baseKeyType":1,"closed":1746721118461,"used":1746721087074,"created":1746721087074,"remoteIdentityKey":"BXzPubyVBbiadMoa6XfIhA1JeiYAgk9PCOiBarREnIpU"},"_chains":{"BYi++OsBA/564RlM9RI9QBrHaDqW9UawNPh+KbAdfy1T":{"chainKey":{"counter":0,"key":"r157UdppYKNp+hJtBAuLSR5/7My9nUh1L/uYvTsdNH4="},"chainType":1,"messageKeys":{}}},"pendingPreKey":{"signedKeyId":1,"baseKey":"BV5yQqkSUEATdHmaaZI41LpaPHtdrWUzru93EeChS3Ud","preKeyId":8976302}},"BWCmIN/8eAGvvFlFxE4Kb1EYavWzOUNfCKc6sgKlZIQK":{"registrationId":1805374410,"currentRatchet":{"ephemeralKeyPair":{"pubKey":"Be3NhENY0v/Gmq5CN7sIO5hT8RT3bIQYGav4jIXq/D92","privKey":"gCETAXjveAtOdMIfsYyA0Ie7iTMz23Dikv+SC+0nWn0="},"lastRemoteEphemeralKey":"BeX5X3jpyUo4uIlkeXRkp4Yfl6XfiwTpsIt4ELK7yyY2","previousCounter":0,"rootKey":"WDZVu3iu79x4y+g6U+8cwS9Iyv+MQc3sqOP3k+Ogi4M="},"indexInfo":{"baseKey":"BWCmIN/8eAGvvFlFxE4Kb1EYavWzOUNfCKc6sgKlZIQK","baseKeyType":1,"closed":-1,"used":1746721118048,"created":1746721118048,"remoteIdentityKey":"BXzPubyVBbiadMoa6XfIhA1JeiYAgk9PCOiBarREnIpU"},"_chains":{"Be3NhENY0v/Gmq5CN7sIO5hT8RT3bIQYGav4jIXq/D92":{"chainKey":{"counter":2,"key":"IkmLcNt2nW7uVRJ/xYaAmjxTIdGA8CwKYPWSlfESykE="},"chainType":1,"messageKeys":{}}},"pendingPreKey":{"signedKeyId":1,"baseKey":"BWCmIN/8eAGvvFlFxE4Kb1EYavWzOUNfCKc6sgKlZIQK","preKeyId":8975825}}},"version":"v1"}