{"_sessions":{"BQud/iFSzupSfpSuOGnoQJHxULPrTznaeGz8qauB2IR7":{"registrationId":1246478827,"currentRatchet":{"ephemeralKeyPair":{"pubKey":"BXEPHsyJqoV84tuD5hRgBBEVCtOz/wkiLYhk1atq+iok","privKey":"wEs2uTRScYr4XauZZilUNIv8SofEd8mhsesOPe0Cw0U="},"lastRemoteEphemeralKey":"Babz4lD/dUW16KMThOcX6v6BPooyB9KP7EkzN4r9vos+","previousCounter":0,"rootKey":"T/ZuN9Beeq+4af+wOhEnK7XOH00vs/+R4sBygB8gmHY="},"indexInfo":{"baseKey":"BQud/iFSzupSfpSuOGnoQJHxULPrTznaeGz8qauB2IR7","baseKeyType":1,"closed":1746721107773,"used":1746721075821,"created":1746721075821,"remoteIdentityKey":"BYzkhLimx2csyROv6QUxzC/H44LcM1XlPO9UuUwdhcZt"},"_chains":{"BXEPHsyJqoV84tuD5hRgBBEVCtOz/wkiLYhk1atq+iok":{"chainKey":{"counter":0,"key":"w/I+3/pad9wR5M2csg04F8yjZgcBTy1vraiQlPaz7bI="},"chainType":1,"messageKeys":{}}},"pendingPreKey":{"signedKeyId":3,"baseKey":"BQud/iFSzupSfpSuOGnoQJHxULPrTznaeGz8qauB2IR7","preKeyId":11476529}},"Bd/HEFJ7furfaiq00cy3GuP20fX7K5CQl3IiLm7SSJA2":{"registrationId":1246478827,"currentRatchet":{"ephemeralKeyPair":{"pubKey":"BRvKfBGhwwZW+sZWKutNWVw6UQM1sU9OiaBjqRDN5KQN","privKey":"4HQ2z8VffpomQsgK/3jJpJ6UD7VVlKY6J9rftsPke04="},"lastRemoteEphemeralKey":"Babz4lD/dUW16KMThOcX6v6BPooyB9KP7EkzN4r9vos+","previousCounter":0,"rootKey":"ixEJUMGlJ8tC1pJ4q5Da7wbKOqBvByJBgQ+b0rLY3v4="},"indexInfo":{"baseKey":"Bd/HEFJ7furfaiq00cy3GuP20fX7K5CQl3IiLm7SSJA2","baseKeyType":1,"closed":-1,"used":1746721107386,"created":1746721107386,"remoteIdentityKey":"BYzkhLimx2csyROv6QUxzC/H44LcM1XlPO9UuUwdhcZt"},"_chains":{"BRvKfBGhwwZW+sZWKutNWVw6UQM1sU9OiaBjqRDN5KQN":{"chainKey":{"counter":2,"key":"7/SLafVzBnI+5EKRdMnFQezeBC5H+OgpjxfWMfNKD8Q="},"chainType":1,"messageKeys":{}}},"pendingPreKey":{"signedKeyId":3,"baseKey":"Bd/HEFJ7furfaiq00cy3GuP20fX7K5CQl3IiLm7SSJA2","preKeyId":11477230}}},"version":"v1"}