{"_sessions":{"BWaZ4kXC6fu0+S+yiEN/kMN4YRclamK5UUuPJ9KokBgV":{"registrationId":809837792,"currentRatchet":{"ephemeralKeyPair":{"pubKey":"BYRa9G/ApiXmPmE5nIWsqROw4xfXQ2UXVxPQIcMJ2nlu","privKey":"gGK5de3nIuO/NVwgZGcv8xVsq2scbPQ9HFHbBsdOh20="},"lastRemoteEphemeralKey":"Bd9clLgxEWm/gaoDknbjYX7BAGQ0Q5wwVvwxD+RdES85","previousCounter":0,"rootKey":"TZwj2z3Fq8K6zDiGt+yXdCz2WGVkKyO7UlbfPYw/+9o="},"indexInfo":{"baseKey":"BWaZ4kXC6fu0+S+yiEN/kMN4YRclamK5UUuPJ9KokBgV","baseKeyType":1,"closed":-1,"used":1746714529504,"created":1746714529504,"remoteIdentityKey":"BZT3JY06lkwi3CkjYp5xPwrVHqHDda9P8Qkkz/HfCkY0"},"_chains":{"BYRa9G/ApiXmPmE5nIWsqROw4xfXQ2UXVxPQIcMJ2nlu":{"chainKey":{"counter":0,"key":"ql/mMXKxDkRRJ/6CGFpCCwTbUjZfT2tbDcH1oDF6CHE="},"chainType":1,"messageKeys":{}}},"pendingPreKey":{"signedKeyId":3,"baseKey":"BWaZ4kXC6fu0+S+yiEN/kMN4YRclamK5UUuPJ9KokBgV","preKeyId":11286200}}},"version":"v1"}