{"_sessions":{"BfdX0oIEDzEhvMphOH4dG4EeNDPgom2kSv4XslyVnJRI":{"registrationId":681007780,"currentRatchet":{"ephemeralKeyPair":{"pubKey":"BQcMTHoCNUsFkLjBxFGu8Np5TXEsMs7parIiLB2QBb8O","privKey":"gNtmEf/QcNiv0jh0sQLn6odOCJls7XyabCNrscYgwHk="},"lastRemoteEphemeralKey":"BehJszKkTqcy8uJF5hPpS6NYRFjXYR1n+BkJAjlINike","previousCounter":0,"rootKey":"AkPsoG+O1EUmF8caevO/Pgu7/585p9E/aFNqlZbCYTs="},"indexInfo":{"baseKey":"BfdX0oIEDzEhvMphOH4dG4EeNDPgom2kSv4XslyVnJRI","baseKeyType":1,"closed":1746721104084,"used":1746721072874,"created":1746721072874,"remoteIdentityKey":"BTcSWB+lgTkKtAVQaE0kau/uo39cz1GbJJYemS677qVn"},"_chains":{"BQcMTHoCNUsFkLjBxFGu8Np5TXEsMs7parIiLB2QBb8O":{"chainKey":{"counter":0,"key":"IulyVjIERkYeuvshjyc+gHE8ud/NYysYh0kDeoGbrmk="},"chainType":1,"messageKeys":{}}},"pendingPreKey":{"signedKeyId":1,"baseKey":"BfdX0oIEDzEhvMphOH4dG4EeNDPgom2kSv4XslyVnJRI","preKeyId":10092888}},"BSKgoe7JJ50vYNd/dqiWAHPGGqm51dKK1bzDs25dKH8x":{"registrationId":681007780,"currentRatchet":{"ephemeralKeyPair":{"pubKey":"BU/NEfjyZoUW1pQkLOn3tgNwXjrQYqhXH7sdnNb4TiIT","privKey":"WCJry8JbIzYNnoXa1WGRHof18JiXaWVVCrvfge6ltWg="},"lastRemoteEphemeralKey":"BehJszKkTqcy8uJF5hPpS6NYRFjXYR1n+BkJAjlINike","previousCounter":0,"rootKey":"IomXGG2SfVzJBusKz9oF9s4X3kA7RM+fWrKI8uxyLqU="},"indexInfo":{"baseKey":"BSKgoe7JJ50vYNd/dqiWAHPGGqm51dKK1bzDs25dKH8x","baseKeyType":1,"closed":-1,"used":1746721103744,"created":1746721103744,"remoteIdentityKey":"BTcSWB+lgTkKtAVQaE0kau/uo39cz1GbJJYemS677qVn"},"_chains":{"BU/NEfjyZoUW1pQkLOn3tgNwXjrQYqhXH7sdnNb4TiIT":{"chainKey":{"counter":2,"key":"ap0uU2tu/L+nGLYm+Gcbrh+bMADHznt7pHgHnib4DU4="},"chainType":1,"messageKeys":{}}},"pendingPreKey":{"signedKeyId":1,"baseKey":"BSKgoe7JJ50vYNd/dqiWAHPGGqm51dKK1bzDs25dKH8x","preKeyId":10093156}}},"version":"v1"}