{"_sessions":{"BVPfmiNlXuDwP/Cd/hXpZMAkQkJHL5eVGLp9793AFAUV":{"registrationId":1295816082,"currentRatchet":{"ephemeralKeyPair":{"pubKey":"BREETFnxFqj67gUZfI8j46svG5QIKr2c7uqpRpq9jRB0","privKey":"WGoeJxOkoxlH6oQMWRy0oZSzeCp3jw2fn2esHevAO2w="},"lastRemoteEphemeralKey":"BaQ9A+O5LEr815X9v25L/HWFgWiPpdqdOkmA28Eia/NG","previousCounter":0,"rootKey":"j2rwKzVHHelhCrS7Bure/ZAznAIMzC46eNes0mB1cmM="},"indexInfo":{"baseKey":"BVPfmiNlXuDwP/Cd/hXpZMAkQkJHL5eVGLp9793AFAUV","baseKeyType":1,"closed":-1,"used":1746714525752,"created":1746714525752,"remoteIdentityKey":"BYZOeWRHV2WD9iv+P34CWJ3VJypDPOzPII4xFVL0Fpl4"},"_chains":{"BREETFnxFqj67gUZfI8j46svG5QIKr2c7uqpRpq9jRB0":{"chainKey":{"counter":0,"key":"cexmvUtxbEZ6j0g67wu2D6tzm7KfiQlMTGIu2yMELvE="},"chainType":1,"messageKeys":{}}},"pendingPreKey":{"signedKeyId":0,"baseKey":"BVPfmiNlXuDwP/Cd/hXpZMAkQkJHL5eVGLp9793AFAUV"}}},"version":"v1"}