{"_sessions":{"BeW+fUdtt1VL9aPCZosq7kZPMHLk3QkcmLxDtX1R8bUi":{"registrationId":1301298294,"currentRatchet":{"ephemeralKeyPair":{"pubKey":"BdOA14z3freFLADoAOMgqir17a7YRIdj7QId/FxAYvEl","privKey":"KN8Yg6oiaMM1hMX5211t3O+yOUOUT/lr+pKTYs3cWFs="},"lastRemoteEphemeralKey":"BXlKR9zCjgX+xouqZFH/jGxhDhdwg8BwmtNwZHyzWf4H","previousCounter":0,"rootKey":"NIHJ0Uzw+8VyVqhOlwdXTff87pUXVqwY3gWOeQX4eN0="},"indexInfo":{"baseKey":"BeW+fUdtt1VL9aPCZosq7kZPMHLk3QkcmLxDtX1R8bUi","baseKeyType":1,"closed":1746721114761,"used":1746721083695,"created":1746721083695,"remoteIdentityKey":"BaQxEFsb0hktUq063Y3yRIYI6Eorg1iZxETu9sHyDod8"},"_chains":{"BdOA14z3freFLADoAOMgqir17a7YRIdj7QId/FxAYvEl":{"chainKey":{"counter":0,"key":"EMXVoPNaqI9JokEUGPaUINGBf8QK8n60xx50Brjou1E="},"chainType":1,"messageKeys":{}}},"pendingPreKey":{"signedKeyId":1,"baseKey":"BeW+fUdtt1VL9aPCZosq7kZPMHLk3QkcmLxDtX1R8bUi"}},"BUK9HSmJhI5iPj/VPpQQ8YhPO1JnNzybv4g5R1d4GLdD":{"registrationId":1301298294,"currentRatchet":{"ephemeralKeyPair":{"pubKey":"BU9+HgeOObS1l52RYaksy8wchnHthP9IIAGC/wFcbH0y","privKey":"aOJwztj/bE1k9SWZYW+SGZo3AWTC4kFB5XqiOwHmY1w="},"lastRemoteEphemeralKey":"BXlKR9zCjgX+xouqZFH/jGxhDhdwg8BwmtNwZHyzWf4H","previousCounter":0,"rootKey":"Fet6x/7Vw+kP/S6RZMrdKze5pqclsCDH/rMTa/X3VSw="},"indexInfo":{"baseKey":"BUK9HSmJhI5iPj/VPpQQ8YhPO1JnNzybv4g5R1d4GLdD","baseKeyType":1,"closed":-1,"used":1746721114479,"created":1746721114479,"remoteIdentityKey":"BaQxEFsb0hktUq063Y3yRIYI6Eorg1iZxETu9sHyDod8"},"_chains":{"BU9+HgeOObS1l52RYaksy8wchnHthP9IIAGC/wFcbH0y":{"chainKey":{"counter":2,"key":"e9W2ot99/WAwftxUiLajIZuNhCgYaXxMkbQ5st4thjM="},"chainType":1,"messageKeys":{}}},"pendingPreKey":{"signedKeyId":1,"baseKey":"BUK9HSmJhI5iPj/VPpQQ8YhPO1JnNzybv4g5R1d4GLdD"}}},"version":"v1"}