{"_sessions":{"BW08QWtg1OXV+fUJM2JudzxD/E2QoTGpM2OCVcqU4Mst":{"registrationId":1094582581,"currentRatchet":{"ephemeralKeyPair":{"pubKey":"BbkUVe0Ht7SeXOwyJ6pyLC0y0PzMsuyRUffeQy4bcLFn","privKey":"0NYLXbnH6z2FjSor+EXNli0qJIReSC3CYcjyim2Ah2Y="},"lastRemoteEphemeralKey":"BRWYTYVQYS+vay/+hkZ64dv8ZiVqY0efZxG4Ki9wiNNE","previousCounter":0,"rootKey":"6g3ZEYGjstGKfkas0P/JP/ZO7pixOZOSvBdKMryIpp4="},"indexInfo":{"baseKey":"BW08QWtg1OXV+fUJM2JudzxD/E2QoTGpM2OCVcqU4Mst","baseKeyType":1,"closed":-1,"used":1746714525509,"created":1746714525509,"remoteIdentityKey":"BUV08bHeFF9ej8gU7gMthtSCsKdzia+tvW1DzkKquKt0"},"_chains":{"BbkUVe0Ht7SeXOwyJ6pyLC0y0PzMsuyRUffeQy4bcLFn":{"chainKey":{"counter":0,"key":"Xn3C0A0S61nysheTnMGZ2ddgOdeH7sWHdtjb6P4w40o="},"chainType":1,"messageKeys":{}}},"pendingPreKey":{"signedKeyId":5,"baseKey":"BW08QWtg1OXV+fUJM2JudzxD/E2QoTGpM2OCVcqU4Mst","preKeyId":9625828}}},"version":"v1"}