{"_sessions":{"BeZsXSLWN/QF+F8iH13sskbqN/WYlPRnnjSoQzeGCm1Q":{"registrationId":931167885,"currentRatchet":{"ephemeralKeyPair":{"pubKey":"BRZeCD1Jom3GRjBslqROT3zTgzXoPU786jZnB+qv4iER","privKey":"oBFIb1i5bjf6Sfl0I5eXQWjvD82XUwcEZq24GBAi61E="},"lastRemoteEphemeralKey":"BUOjYLpKuXREItgqm90z2/9I8sN65e+FlriUw9DkhUZd","previousCounter":0,"rootKey":"6Nq4HztJUeqMQW30wpfXEWpSNqbTzOi3kM9fnanGpf4="},"indexInfo":{"baseKey":"BeZsXSLWN/QF+F8iH13sskbqN/WYlPRnnjSoQzeGCm1Q","baseKeyType":1,"closed":1746721111319,"used":1746721080014,"created":1746721080014,"remoteIdentityKey":"BTBbJhlvYLnFF8UkLzyIkoMMxDZVH+SC+TvYDhWcWkwn"},"_chains":{"BRZeCD1Jom3GRjBslqROT3zTgzXoPU786jZnB+qv4iER":{"chainKey":{"counter":0,"key":"fNYxSIK8XhcFMxekYNnM3nt4JZelHvy4qw09vMYtSpI="},"chainType":1,"messageKeys":{}}},"pendingPreKey":{"signedKeyId":1,"baseKey":"BeZsXSLWN/QF+F8iH13sskbqN/WYlPRnnjSoQzeGCm1Q","preKeyId":15484971}},"BZSYaRtJR8eKawDIYbdhEtyru1kkGtbXkVKwhA9IJSNF":{"registrationId":931167885,"currentRatchet":{"ephemeralKeyPair":{"pubKey":"BbYXX61Fw+WjWwaADSkRs3X15MHrwUk08xEpnk7xjzYU","privKey":"AMWEqGKWfiqT1lxY0xnWImfOzNsSCkjmZ5ikLnAleFc="},"lastRemoteEphemeralKey":"BUOjYLpKuXREItgqm90z2/9I8sN65e+FlriUw9DkhUZd","previousCounter":0,"rootKey":"0TFz2FeIsPtX69ADYhJmSp1Q7zBXo9WvX/IPA8oJpdw="},"indexInfo":{"baseKey":"BZSYaRtJR8eKawDIYbdhEtyru1kkGtbXkVKwhA9IJSNF","baseKeyType":1,"closed":-1,"used":1746721110963,"created":1746721110963,"remoteIdentityKey":"BTBbJhlvYLnFF8UkLzyIkoMMxDZVH+SC+TvYDhWcWkwn"},"_chains":{"BbYXX61Fw+WjWwaADSkRs3X15MHrwUk08xEpnk7xjzYU":{"chainKey":{"counter":2,"key":"rqDzmKN5TFz3EYKz/wCbqSPrGyhydsKVlHaXugQSuUs="},"chainType":1,"messageKeys":{}}},"pendingPreKey":{"signedKeyId":1,"baseKey":"BZSYaRtJR8eKawDIYbdhEtyru1kkGtbXkVKwhA9IJSNF","preKeyId":15484835}}},"version":"v1"}