{"_sessions":{"Bfg/6gkFj/1Xvn2GHttvrCunCZit5eUHY+TZgXo1z6Q6":{"registrationId":491830646,"currentRatchet":{"ephemeralKeyPair":{"pubKey":"BesvOg1TMhMZNqY2wgG3tZfGr5hUHg3yRBZAQnAdr54t","privKey":"gDuw9Kzk1+4k/+vBRtJzFyvqVcFk8SSFk8EFE0bU21c="},"lastRemoteEphemeralKey":"BZKbrS+c1PjWBKcn0g8g0dBRPHgAvfznb4gQmQN21HtO","previousCounter":0,"rootKey":"bsIst+FhPvGwSe0+ON0n2FmzebAOEl0MDPWzGhdCN8I="},"indexInfo":{"baseKey":"Bfg/6gkFj/1Xvn2GHttvrCunCZit5eUHY+TZgXo1z6Q6","baseKeyType":1,"closed":1746721114770,"used":1746721083722,"created":1746721083722,"remoteIdentityKey":"BW8MdLZYKcV1WoY2DUpKTbe9bBiPXnVUtbMN5emiwTNE"},"_chains":{"BesvOg1TMhMZNqY2wgG3tZfGr5hUHg3yRBZAQnAdr54t":{"chainKey":{"counter":0,"key":"36a3RkOnWRSj6ZtebKRCmDX/X1E7oU76DJtgpA+7ajA="},"chainType":1,"messageKeys":{}}},"pendingPreKey":{"signedKeyId":0,"baseKey":"Bfg/6gkFj/1Xvn2GHttvrCunCZit5eUHY+TZgXo1z6Q6","preKeyId":1579651}},"BRE3GSdfQCjsRZFvdGEtVBkIXEtBqTPrkTRgIl3qfGl+":{"registrationId":491830646,"currentRatchet":{"ephemeralKeyPair":{"pubKey":"BZxRsUQ3VyY4fVkCA/1bTimAqkfOdrX5aUigTsWnAy9W","privKey":"2AgZl57ELbvPeVBf6JyhBhm18Afl+tEoUETGrknPy0s="},"lastRemoteEphemeralKey":"BZKbrS+c1PjWBKcn0g8g0dBRPHgAvfznb4gQmQN21HtO","previousCounter":0,"rootKey":"nmn2nUAgyFv8A+ldOG9ydobWO8qpt4M1Q+v8HSQd9wk="},"indexInfo":{"baseKey":"BRE3GSdfQCjsRZFvdGEtVBkIXEtBqTPrkTRgIl3qfGl+","baseKeyType":1,"closed":-1,"used":1746721114506,"created":1746721114506,"remoteIdentityKey":"BW8MdLZYKcV1WoY2DUpKTbe9bBiPXnVUtbMN5emiwTNE"},"_chains":{"BZxRsUQ3VyY4fVkCA/1bTimAqkfOdrX5aUigTsWnAy9W":{"chainKey":{"counter":2,"key":"ZJGwSWpEmkuw0V08noanEfrfKppDgroQCmnQk2JnHyQ="},"chainType":1,"messageKeys":{}}},"pendingPreKey":{"signedKeyId":0,"baseKey":"BRE3GSdfQCjsRZFvdGEtVBkIXEtBqTPrkTRgIl3qfGl+","preKeyId":1580130}}},"version":"v1"}