{"_sessions":{"BSaGj1r5Be5y9Lvrj7f+YTy/P4urnGBrwKByFob9aOch":{"registrationId":1479762302,"currentRatchet":{"ephemeralKeyPair":{"pubKey":"BdRLvLOOGuS77FgJLC6dixZtiO9RDd2cyyAE5p0OWctZ","privKey":"AFdVUxl8f7EpKhRMuytiVQnyR3628f3yInf5ZfgLYEE="},"lastRemoteEphemeralKey":"BQaK4R0MkQEo36qQWO+ymyHOHEmS6UmN91W2l1omVk9Q","previousCounter":0,"rootKey":"BwaRMijFvS8SV5S1UcABr6v3wEsGe1NvTLo05CyeONE="},"indexInfo":{"baseKey":"BSaGj1r5Be5y9Lvrj7f+YTy/P4urnGBrwKByFob9aOch","baseKeyType":1,"closed":1746721107828,"used":1746721076025,"created":1746721076025,"remoteIdentityKey":"BW6OuB4nVTTfnY2uArZDHQf73HL3V0CTMZjxewn+vqNp"},"_chains":{"BdRLvLOOGuS77FgJLC6dixZtiO9RDd2cyyAE5p0OWctZ":{"chainKey":{"counter":0,"key":"XmqzdA0SPZPXVviAK7FaFSUSNUshz6m+xLCtfWoKLlg="},"chainType":1,"messageKeys":{}}},"pendingPreKey":{"signedKeyId":1,"baseKey":"BSaGj1r5Be5y9Lvrj7f+YTy/P4urnGBrwKByFob9aOch"}},"BZ4d5yw3DWS46fMaQU4y6FmhIFU4bE1ihS4Y/m+JX8g2":{"registrationId":1479762302,"currentRatchet":{"ephemeralKeyPair":{"pubKey":"Be+k6oySBJUWY5fBE972aH2jgySNUJ4Z5Qkh/dD6q25R","privKey":"CAckDxLL28dHXVixw2MQ4NC1xyTkLBjwu8nE03pdtmU="},"lastRemoteEphemeralKey":"BQaK4R0MkQEo36qQWO+ymyHOHEmS6UmN91W2l1omVk9Q","previousCounter":0,"rootKey":"X4bAmR2NdnTwtR40Ob6bp8bOHMMm0lYlkQzSIg/Pl6M="},"indexInfo":{"baseKey":"BZ4d5yw3DWS46fMaQU4y6FmhIFU4bE1ihS4Y/m+JX8g2","baseKeyType":1,"closed":-1,"used":1746721107570,"created":1746721107570,"remoteIdentityKey":"BW6OuB4nVTTfnY2uArZDHQf73HL3V0CTMZjxewn+vqNp"},"_chains":{"Be+k6oySBJUWY5fBE972aH2jgySNUJ4Z5Qkh/dD6q25R":{"chainKey":{"counter":2,"key":"GhK1aOxRQQIzBaGdNHbQ1rdYz1de3e0v2Zck8ZPfkys="},"chainType":1,"messageKeys":{}}},"pendingPreKey":{"signedKeyId":1,"baseKey":"BZ4d5yw3DWS46fMaQU4y6FmhIFU4bE1ihS4Y/m+JX8g2"}}},"version":"v1"}