{"_sessions":{"BT9WUf4ZFhE8XLDjvtbkpCuLex4y1oNYYdtaQvuB00Ut":{"registrationId":47446806,"currentRatchet":{"ephemeralKeyPair":{"pubKey":"Bd0x91HTTOTB7iqWdXSLS8iqde3B7CEu+Zkd457AcSN4","privKey":"4KT4vz1m2NTb827q0M+geKSWcSBcVkzaE6UnO/RpmV0="},"lastRemoteEphemeralKey":"BYdE+UPFhBCYJvpAP+zGffkFvXKAtHTpiFd0MijDIlsn","previousCounter":0,"rootKey":"KE7OeWhmAwjPfMNZlfI+RDx8xi1UErEaUneViNyLuts="},"indexInfo":{"baseKey":"BT9WUf4ZFhE8XLDjvtbkpCuLex4y1oNYYdtaQvuB00Ut","baseKeyType":1,"closed":-1,"used":1746714529196,"created":1746714529196,"remoteIdentityKey":"BdZzaYAZDfZxu5CpnMNF0XqE8UEmCyUbKLWPAWKqB+wQ"},"_chains":{"Bd0x91HTTOTB7iqWdXSLS8iqde3B7CEu+Zkd457AcSN4":{"chainKey":{"counter":0,"key":"A56Yg91lc1mldNoCPUx+o1b0AU8Nq7y1aS525E1pDwU="},"chainType":1,"messageKeys":{}}},"pendingPreKey":{"signedKeyId":1,"baseKey":"BT9WUf4ZFhE8XLDjvtbkpCuLex4y1oNYYdtaQvuB00Ut"}}},"version":"v1"}