{"_sessions":{"BWA4+wopSaGGJt6/HNqffA1rZCTUifpkqMX9Sbbd7HIX":{"registrationId":1741421071,"currentRatchet":{"ephemeralKeyPair":{"pubKey":"BfXnW6K2lhiMmz5ZAXFs9vrZ3efIPJJqskxUqYXKqt9A","privKey":"CEwgsyj14V70NDauCTkUVqyA7rwAJXbzEGdBl2UyI1w="},"lastRemoteEphemeralKey":"BXkJsjb7SAtBeZhwiDQGIBxt/L6Cxnb7zaRh4OdkneYx","previousCounter":0,"rootKey":"+yh6unLIPbdjWrh2hMNR561E3gZsfRUNPv1sDixJmWw="},"indexInfo":{"baseKey":"BWA4+wopSaGGJt6/HNqffA1rZCTUifpkqMX9Sbbd7HIX","baseKeyType":1,"closed":1746721118531,"used":1746721087322,"created":1746721087322,"remoteIdentityKey":"BaaMRWl6sdisWrxfZJveYFiSyTK4lL2WX5im8qHpdDVb"},"_chains":{"BfXnW6K2lhiMmz5ZAXFs9vrZ3efIPJJqskxUqYXKqt9A":{"chainKey":{"counter":0,"key":"A8iGZG3Li39UOKjFkN2x7egPzkEXISo9SmtTA9D8WKg="},"chainType":1,"messageKeys":{}}},"pendingPreKey":{"signedKeyId":0,"baseKey":"BWA4+wopSaGGJt6/HNqffA1rZCTUifpkqMX9Sbbd7HIX"}},"BUv2H/fDb8+U7ah3gEZ7UWxggia8D9BV779BZSX21Epk":{"registrationId":1741421071,"currentRatchet":{"ephemeralKeyPair":{"pubKey":"BaE/cSh4PkabQmCBj7ewthntjKb/lf4n/Ouh9fxMooxN","privKey":"AI9iwJZeIzstdi0GgFMpxQN4XBosfhQ/sRev9fC5HnI="},"lastRemoteEphemeralKey":"BXkJsjb7SAtBeZhwiDQGIBxt/L6Cxnb7zaRh4OdkneYx","previousCounter":0,"rootKey":"olPZEUNilJo2L5rXmevqv4Vd4FvAbaX8x/65EWLsy3o="},"indexInfo":{"baseKey":"BUv2H/fDb8+U7ah3gEZ7UWxggia8D9BV779BZSX21Epk","baseKeyType":1,"closed":-1,"used":1746721118361,"created":1746721118361,"remoteIdentityKey":"BaaMRWl6sdisWrxfZJveYFiSyTK4lL2WX5im8qHpdDVb"},"_chains":{"BaE/cSh4PkabQmCBj7ewthntjKb/lf4n/Ouh9fxMooxN":{"chainKey":{"counter":2,"key":"fiT0QXQ7pCOVORczd9h2epH/0zss7skxaJ0Za+SJmg8="},"chainType":1,"messageKeys":{}}},"pendingPreKey":{"signedKeyId":0,"baseKey":"BUv2H/fDb8+U7ah3gEZ7UWxggia8D9BV779BZSX21Epk"}}},"version":"v1"}