{"_sessions":{"BapA4wGOKsGoFoGC6RFVprscRXtVOL5hS4LQGYzP2FJW":{"registrationId":1249811857,"currentRatchet":{"ephemeralKeyPair":{"pubKey":"BQX9MU6NrHO1lCRhcbzD7LWei05yBdyctUUFJLqVJNlw","privKey":"iFftdeR5hQkGdushOQyEVg+tl+TEdW+1dYEEnv2EZkY="},"lastRemoteEphemeralKey":"BcPDf2ei7e5bArBVHApw7bmC0gM8qYiPDJO+rW46CAFd","previousCounter":0,"rootKey":"71L+O5Wx1aKbNzp+hmmBSdC+DfCGtqYs+PDVXcq3HWU="},"indexInfo":{"baseKey":"BapA4wGOKsGoFoGC6RFVprscRXtVOL5hS4LQGYzP2FJW","baseKeyType":1,"closed":1746721118492,"used":1746721087181,"created":1746721087181,"remoteIdentityKey":"BT5NjIGFXATmypBH8O2aDLNLvs/Dgw9fcXkUGF0vHLA+"},"_chains":{"BQX9MU6NrHO1lCRhcbzD7LWei05yBdyctUUFJLqVJNlw":{"chainKey":{"counter":0,"key":"wXBOebYxjDONpIL8xFwacBgaumqxT/hwcsYr4uc1kz4="},"chainType":1,"messageKeys":{}}},"pendingPreKey":{"signedKeyId":7,"baseKey":"BapA4wGOKsGoFoGC6RFVprscRXtVOL5hS4LQGYzP2FJW","preKeyId":5803944}},"BUl815imfiJiaHUvMcUAqWlakt6b34VvN7AxB4dbPswu":{"registrationId":1249811857,"currentRatchet":{"ephemeralKeyPair":{"pubKey":"BedSKofNvqfiFMgPFkYLtRTbVSiydK1BLZIjK7XQNTZs","privKey":"sMUlDiv8b3PwPIYUuImfFDDbyh7Xma9CtCEYtBUqlVc="},"lastRemoteEphemeralKey":"BcPDf2ei7e5bArBVHApw7bmC0gM8qYiPDJO+rW46CAFd","previousCounter":0,"rootKey":"1BwxhMHKxCZETk3PxLaO5AF8b8rX4tNBzFhI7ztKH/M="},"indexInfo":{"baseKey":"BUl815imfiJiaHUvMcUAqWlakt6b34VvN7AxB4dbPswu","baseKeyType":1,"closed":-1,"used":1746721118179,"created":1746721118179,"remoteIdentityKey":"BT5NjIGFXATmypBH8O2aDLNLvs/Dgw9fcXkUGF0vHLA+"},"_chains":{"BedSKofNvqfiFMgPFkYLtRTbVSiydK1BLZIjK7XQNTZs":{"chainKey":{"counter":2,"key":"9sxTvLD55T0RXXLS5Wr2hlhrOanLZkeNoBmECfAvpi4="},"chainType":1,"messageKeys":{}}},"pendingPreKey":{"signedKeyId":7,"baseKey":"BUl815imfiJiaHUvMcUAqWlakt6b34VvN7AxB4dbPswu","preKeyId":5804186}}},"version":"v1"}