{"_sessions":{"BTcN+3jac5QntsfWXphPUSoedE57bBROzDOtWoCChpVL":{"registrationId":766200665,"currentRatchet":{"ephemeralKeyPair":{"pubKey":"BTtoSaOSkKI2IICfUKpfxu748In5vvYhxYqi2nMjRwFV","privKey":"mMykJsEvxx27fWAMfoXTSteL/5ynEyhJf1ZTGGrIoV4="},"lastRemoteEphemeralKey":"Bd/nCrwUAQseUPOvM7V3toETPhEEh/lDuxLFOSI04GVh","previousCounter":0,"rootKey":"/6RuzTZEokF/2/KFljSQ3JxiV3C84N9o4vu8wqi31Ag="},"indexInfo":{"baseKey":"BTcN+3jac5QntsfWXphPUSoedE57bBROzDOtWoCChpVL","baseKeyType":1,"closed":1746721118440,"used":1746721087006,"created":1746721087006,"remoteIdentityKey":"BQ48uX/5xT1P7Dx4zObKMmaMy/INiT3ER9HNRpJBTd44"},"_chains":{"BTtoSaOSkKI2IICfUKpfxu748In5vvYhxYqi2nMjRwFV":{"chainKey":{"counter":0,"key":"FaWA6vsSbljHphRzO37lYOvSfo9rP1aD7/5i0pGQV1g="},"chainType":1,"messageKeys":{}}},"pendingPreKey":{"signedKeyId":15924864,"baseKey":"BTcN+3jac5QntsfWXphPUSoedE57bBROzDOtWoCChpVL"}},"BZefjIVhoJO8TF6FKViExFCQGQYxJ5oqpdFCCIjnBPFH":{"registrationId":766200665,"currentRatchet":{"ephemeralKeyPair":{"pubKey":"BRKqMOcYuWnyews+VaBMhZZy0jy4Pz5TGWJ39KpbM0dj","privKey":"cO/3qfNJF8wYzODrXd0ZVZRV6IsYqJZj1S6ur8l/1nQ="},"lastRemoteEphemeralKey":"Bd/nCrwUAQseUPOvM7V3toETPhEEh/lDuxLFOSI04GVh","previousCounter":0,"rootKey":"5e1rdVe4iwWRjq/i6Eo0lnVeQlO8hgRj4kK8mORei4k="},"indexInfo":{"baseKey":"BZefjIVhoJO8TF6FKViExFCQGQYxJ5oqpdFCCIjnBPFH","baseKeyType":1,"closed":-1,"used":1746721117966,"created":1746721117966,"remoteIdentityKey":"BQ48uX/5xT1P7Dx4zObKMmaMy/INiT3ER9HNRpJBTd44"},"_chains":{"BRKqMOcYuWnyews+VaBMhZZy0jy4Pz5TGWJ39KpbM0dj":{"chainKey":{"counter":2,"key":"7uOQoHJsbntO9K56J/LwP/n8jovX+NrrdvaTcdEWC40="},"chainType":1,"messageKeys":{}}},"pendingPreKey":{"signedKeyId":15924864,"baseKey":"BZefjIVhoJO8TF6FKViExFCQGQYxJ5oqpdFCCIjnBPFH"}}},"version":"v1"}