{"_sessions":{"BapnDQIthtz9SIwoXZI7mgZ4ltO/fwB2bRkzDcm5myZk":{"registrationId":1087726592,"currentRatchet":{"ephemeralKeyPair":{"pubKey":"BX6TsT0xiFPsUpiHAE87jaQ3ClRLbQm+tlnpDldhhP1N","privKey":"cFei02x4UfI68uEoEXDs00LIxRaYKmixiJYB99cXiV0="},"lastRemoteEphemeralKey":"BSPbRibpGE58UVAISRxux3kwr4iAJkxg+qp8Q4r00tUC","previousCounter":0,"rootKey":"pvrRtAtPHJFY8xk0CPkqV0JPMP0f5bLzz2vsC0SdWoc="},"indexInfo":{"baseKey":"BapnDQIthtz9SIwoXZI7mgZ4ltO/fwB2bRkzDcm5myZk","baseKeyType":1,"closed":1746721099563,"used":1746721069314,"created":1746721069314,"remoteIdentityKey":"Bar/MXXimyKuxBcXoSV6f5sDJT4jWVk8z4kXKvD3MKt5"},"_chains":{"BX6TsT0xiFPsUpiHAE87jaQ3ClRLbQm+tlnpDldhhP1N":{"chainKey":{"counter":0,"key":"9XJycuSKjuZT+LxO/cL5pgOoj9Ojmx/UbTPeIzxcQMc="},"chainType":1,"messageKeys":{}}},"pendingPreKey":{"signedKeyId":1,"baseKey":"BapnDQIthtz9SIwoXZI7mgZ4ltO/fwB2bRkzDcm5myZk","preKeyId":8174133}},"BeOrXVSJ8vWEF92fhDCrmn5P+Y1KV1CLzmO2MiaTH9Q0":{"registrationId":1087726592,"currentRatchet":{"ephemeralKeyPair":{"pubKey":"Bfiy4T0b8VmkahZfATFBAAVNOEs6r1kj70LfArBVkfdG","privKey":"8BC+gqkb4iXr8MKAFqfP/Nw9hPSo1gEWFTc7ZjpSzXc="},"lastRemoteEphemeralKey":"BSPbRibpGE58UVAISRxux3kwr4iAJkxg+qp8Q4r00tUC","previousCounter":0,"rootKey":"kW1sAoKFxcxbQFg+q3IiYmCGjpBYl/lDY0DN1O6IGUc="},"indexInfo":{"baseKey":"BeOrXVSJ8vWEF92fhDCrmn5P+Y1KV1CLzmO2MiaTH9Q0","baseKeyType":1,"closed":-1,"used":1746721098964,"created":1746721098964,"remoteIdentityKey":"Bar/MXXimyKuxBcXoSV6f5sDJT4jWVk8z4kXKvD3MKt5"},"_chains":{"Bfiy4T0b8VmkahZfATFBAAVNOEs6r1kj70LfArBVkfdG":{"chainKey":{"counter":2,"key":"MfZFJHZ7kfhhEl7QLjT1sQLlGjmfrhfQhkkME5icUwo="},"chainType":1,"messageKeys":{}}},"pendingPreKey":{"signedKeyId":1,"baseKey":"BeOrXVSJ8vWEF92fhDCrmn5P+Y1KV1CLzmO2MiaTH9Q0","preKeyId":8174464}}},"version":"v1"}