{"_sessions":{"BZOR3ZBaVDaTzq0GwqcQ7So7Z3XCrmalDtr+s92Zo69N":{"registrationId":1452621844,"currentRatchet":{"ephemeralKeyPair":{"pubKey":"BSl4rlwuE7Hzht7hAfs98KGzgFP1a34waORclixd+94o","privKey":"KF00HSwc9LL2oqEN12rxkVb+we/JNYF9/t2JWOKon3E="},"lastRemoteEphemeralKey":"Bd0iq3gpHxZpVv9TxD4cz6NPjJQ6icskt4Ey90o5rrY+","previousCounter":0,"rootKey":"KTOLc4AUPa3EOVVJfDV8FHLqGod7TfYgKt8X/FWcLDs="},"indexInfo":{"baseKey":"BZOR3ZBaVDaTzq0GwqcQ7So7Z3XCrmalDtr+s92Zo69N","baseKeyType":1,"closed":1746721111348,"used":1746721080189,"created":1746721080189,"remoteIdentityKey":"BZ2PgJf/7cBfXvsOPNQp88wXNxXZ9x2XRqomV81tMQFx"},"_chains":{"BSl4rlwuE7Hzht7hAfs98KGzgFP1a34waORclixd+94o":{"chainKey":{"counter":0,"key":"e0ur9rlkoO9FidrTXsrmi0tdR5ptmyxvgswKhgNDYSk="},"chainType":1,"messageKeys":{}}},"pendingPreKey":{"signedKeyId":1,"baseKey":"BZOR3ZBaVDaTzq0GwqcQ7So7Z3XCrmalDtr+s92Zo69N"}},"BW9QCpHTSkTlzi4hPiTIx9Q4NK+g5sWNfiM5MGU2HjEh":{"registrationId":1452621844,"currentRatchet":{"ephemeralKeyPair":{"pubKey":"BcjJ+FXhStRYEuwxy23yvwGtXMjces1ed26K8jDClr0H","privKey":"GNluJDsGbMzWDJWi+iKrAJfIui3MfjB7a5MEyOUqhF8="},"lastRemoteEphemeralKey":"Bd0iq3gpHxZpVv9TxD4cz6NPjJQ6icskt4Ey90o5rrY+","previousCounter":0,"rootKey":"Eo4haJ2dSDpCIWs4WOMBuHORieCqm9X+bCjOW9/MaIc="},"indexInfo":{"baseKey":"BW9QCpHTSkTlzi4hPiTIx9Q4NK+g5sWNfiM5MGU2HjEh","baseKeyType":1,"closed":-1,"used":1746721111124,"created":1746721111124,"remoteIdentityKey":"BZ2PgJf/7cBfXvsOPNQp88wXNxXZ9x2XRqomV81tMQFx"},"_chains":{"BcjJ+FXhStRYEuwxy23yvwGtXMjces1ed26K8jDClr0H":{"chainKey":{"counter":2,"key":"xwkY4WN3jHqm1j8BTg6Rgg7GpVzoRpQEuFKhqPoVHkg="},"chainType":1,"messageKeys":{}}},"pendingPreKey":{"signedKeyId":1,"baseKey":"BW9QCpHTSkTlzi4hPiTIx9Q4NK+g5sWNfiM5MGU2HjEh"}}},"version":"v1"}