{"_sessions":{"BbVPtGgHQeSJxxFAHiiQpeDkpny15P0aoaXMPJFtNd5e":{"registrationId":1490209189,"currentRatchet":{"ephemeralKeyPair":{"pubKey":"BUb+AkfzL2qRlAgoQQ5TLSJQrKRtF4i7Xz1lRaYO66ka","privKey":"CO8EKfpSA7O0nm/GMwBRoEP3T5wllgtKfobSyQDvnWw="},"lastRemoteEphemeralKey":"BWtIaAWbV2vDKRqypzeNH6oz+yU29cPIqU6hZhh5xXkB","previousCounter":0,"rootKey":"XhLVqZCQSrTSyktIV4GuVJTsP6G2o6MTGtm/4NlTd+w="},"indexInfo":{"baseKey":"BbVPtGgHQeSJxxFAHiiQpeDkpny15P0aoaXMPJFtNd5e","baseKeyType":1,"closed":1746721104101,"used":1746721072919,"created":1746721072919,"remoteIdentityKey":"BXrhWq5aaeTUbfYH3WWIR75mo6dnfvBwnReW1nD+86J5"},"_chains":{"BUb+AkfzL2qRlAgoQQ5TLSJQrKRtF4i7Xz1lRaYO66ka":{"chainKey":{"counter":0,"key":"tWNO5KY+VluPEQmqtdwngt9KEvuFhnQY2L2tQEC3gDw="},"chainType":1,"messageKeys":{}}},"pendingPreKey":{"signedKeyId":21,"baseKey":"BbVPtGgHQeSJxxFAHiiQpeDkpny15P0aoaXMPJFtNd5e"}},"BasjgfwJz3lcDfseLrOb62gE/oswOFpLBVN43CcUaiV+":{"registrationId":1490209189,"currentRatchet":{"ephemeralKeyPair":{"pubKey":"BUOVr9Ia1z49G3VcqbFjlnS9bbrUc5y9avpYuAidnkJq","privKey":"eB/taoXCOs6hzM9nwG9WaZ0oHy+hHpiioCfYPU1hRnI="},"lastRemoteEphemeralKey":"BWtIaAWbV2vDKRqypzeNH6oz+yU29cPIqU6hZhh5xXkB","previousCounter":0,"rootKey":"xa+0mrd1oN6Mk1+58eZS7eSnzmGKE8IpscN1fdogTuc="},"indexInfo":{"baseKey":"BasjgfwJz3lcDfseLrOb62gE/oswOFpLBVN43CcUaiV+","baseKeyType":1,"closed":-1,"used":1746721103830,"created":1746721103830,"remoteIdentityKey":"BXrhWq5aaeTUbfYH3WWIR75mo6dnfvBwnReW1nD+86J5"},"_chains":{"BUOVr9Ia1z49G3VcqbFjlnS9bbrUc5y9avpYuAidnkJq":{"chainKey":{"counter":2,"key":"PpmvkdTL8h19CIAITXPGWF6oc5os3uOz0Ex+0juvCh0="},"chainType":1,"messageKeys":{}}},"pendingPreKey":{"signedKeyId":21,"baseKey":"BasjgfwJz3lcDfseLrOb62gE/oswOFpLBVN43CcUaiV+"}}},"version":"v1"}