{"_sessions":{"BXmVN42CMUpo46YNwxcD1cF9ESvG6VSi3aEirN7P5Vg6":{"registrationId":99226871,"currentRatchet":{"ephemeralKeyPair":{"pubKey":"Bbi3Zqx4NvyURL9pZIVkB1GB+ihik/DF2vjGIA0kYHpi","privKey":"oD5TSCn0MT61a7P4gydkhGKCug1YrIWTPkuM2UiylFA="},"lastRemoteEphemeralKey":"BZjQ80DwPCGiwfaZue/2aDr4VrbEqOBBk9EF/wADKk48","previousCounter":0,"rootKey":"oAEWp890Ju2+1XvDDTNttIyX0fEsf/QK2RK4ozbQjGU="},"indexInfo":{"baseKey":"BXmVN42CMUpo46YNwxcD1cF9ESvG6VSi3aEirN7P5Vg6","baseKeyType":1,"closed":1746721114753,"used":1746721083651,"created":1746721083651,"remoteIdentityKey":"BQZo84NPKy/QTBg8Zb2jBu94UAbCUZIhDByBaubqmX9v"},"_chains":{"Bbi3Zqx4NvyURL9pZIVkB1GB+ihik/DF2vjGIA0kYHpi":{"chainKey":{"counter":0,"key":"zxUJRXaZKZEnkJDb9uHX+1N41WAEXz8qH3oSDRPulAI="},"chainType":1,"messageKeys":{}}},"pendingPreKey":{"signedKeyId":4,"baseKey":"BXmVN42CMUpo46YNwxcD1cF9ESvG6VSi3aEirN7P5Vg6"}},"BXwE6n7qqaNC86WrRObGZNKXIkpPFjFPGOO6OeqlgZhM":{"registrationId":99226871,"currentRatchet":{"ephemeralKeyPair":{"pubKey":"BYwCspEa/2tuTHDUhwGU9WQdKA5VoeO/FszAxNLw588V","privKey":"UKYzP7dHQYzt3X9TfMLJ+d0aQIEBRsd2oq9K6k4iw1Q="},"lastRemoteEphemeralKey":"BZjQ80DwPCGiwfaZue/2aDr4VrbEqOBBk9EF/wADKk48","previousCounter":0,"rootKey":"nyzX+yQ0FebiL+xup770xY30hHK6B7ccNtOJUJeFUHQ="},"indexInfo":{"baseKey":"BXwE6n7qqaNC86WrRObGZNKXIkpPFjFPGOO6OeqlgZhM","baseKeyType":1,"closed":-1,"used":1746721114437,"created":1746721114437,"remoteIdentityKey":"BQZo84NPKy/QTBg8Zb2jBu94UAbCUZIhDByBaubqmX9v"},"_chains":{"BYwCspEa/2tuTHDUhwGU9WQdKA5VoeO/FszAxNLw588V":{"chainKey":{"counter":2,"key":"mW+q0PTEMIJgAzLAMu8xID/xY7Y2x9QDcibS1pZlnlc="},"chainType":1,"messageKeys":{}}},"pendingPreKey":{"signedKeyId":4,"baseKey":"BXwE6n7qqaNC86WrRObGZNKXIkpPFjFPGOO6OeqlgZhM"}}},"version":"v1"}