{"_sessions":{"BUpoz+60WoDMdUjNldu4mjIMBd7C18sQIzrsq3tNMsZF":{"registrationId":11576,"currentRatchet":{"ephemeralKeyPair":{"pubKey":"BUl3YdvT4O8tyntyUTmg+k2wmLQez1+IYyI7GvUW7QFi","privKey":"CMMGMjXSEF6lwELt64SWxea+XKKdnfIj4LXu/Pcxc2A="},"lastRemoteEphemeralKey":"BZSwYuwAbZpOEAOsOZTsh8KwdfiHk0FR+DT7b+2I1vJM","previousCounter":0,"rootKey":"WSdfPP1ED0122GNbqj1C/8/eo0zmS7/xsQxrn+fXMB4="},"indexInfo":{"baseKey":"BUpoz+60WoDMdUjNldu4mjIMBd7C18sQIzrsq3tNMsZF","baseKeyType":1,"closed":1746721099176,"used":1746721068971,"created":1746721068971,"remoteIdentityKey":"Ba5+5mQEe90/E3QImi8eQ9FeDUEamv6q1Gc47JO5Qi5V"},"_chains":{"BUl3YdvT4O8tyntyUTmg+k2wmLQez1+IYyI7GvUW7QFi":{"chainKey":{"counter":0,"key":"iGmjyeF4YOpX49/tY8ezJhaFjAvdlXY+g3VDoJIg3/0="},"chainType":1,"messageKeys":{}}},"pendingPreKey":{"signedKeyId":5,"baseKey":"BUpoz+60WoDMdUjNldu4mjIMBd7C18sQIzrsq3tNMsZF"}},"BavB5zYdV1MSEXOJ1sxG9aJCumPenuCj/cD9OFECyPws":{"registrationId":11576,"currentRatchet":{"ephemeralKeyPair":{"pubKey":"Bd4fIxQJPOUEni5LR5jaWIYbHPK2Ln76Y0VMXs1An+xw","privKey":"iKXBWHQQzuMV3GFX/rz42E8qQFVrSjDEe5CxjPIkn0k="},"lastRemoteEphemeralKey":"BZSwYuwAbZpOEAOsOZTsh8KwdfiHk0FR+DT7b+2I1vJM","previousCounter":0,"rootKey":"nVx02xnnE0xOVsDyvLxtpDZxQ5ju0y36D80W+clBk7o="},"indexInfo":{"baseKey":"BavB5zYdV1MSEXOJ1sxG9aJCumPenuCj/cD9OFECyPws","baseKeyType":1,"closed":-1,"used":1746721098652,"created":1746721098652,"remoteIdentityKey":"Ba5+5mQEe90/E3QImi8eQ9FeDUEamv6q1Gc47JO5Qi5V"},"_chains":{"Bd4fIxQJPOUEni5LR5jaWIYbHPK2Ln76Y0VMXs1An+xw":{"chainKey":{"counter":2,"key":"YdwPjyNW/WpU1RbSqirl1u2irZHqf22wfaqJ+2dg+Vg="},"chainType":1,"messageKeys":{}}},"pendingPreKey":{"signedKeyId":5,"baseKey":"BavB5zYdV1MSEXOJ1sxG9aJCumPenuCj/cD9OFECyPws"}}},"version":"v1"}