{"_sessions":{"BQ3XovwowiMhb3LlEcorpa+Rx51VtM3SQQGQwQxiXVE0":{"registrationId":85,"currentRatchet":{"ephemeralKeyPair":{"pubKey":"BSEKVdkzU7q1OqBDCsBxHiu8jnDqtQpT/cCnHPvVawcb","privKey":"wO+xHzC3/j0gbj4ocDxD15GjEoGsC1k1Od+XrxcfE04="},"lastRemoteEphemeralKey":"BbM1gboQde/NVJ2t4XTMWa57gHCiwnfiMZ/eOyDyuL1o","previousCounter":0,"rootKey":"9K6GIry8k+pzQU8Qw8llI34cTqRBxk8JC6o0MMM6AWg="},"indexInfo":{"baseKey":"BQ3XovwowiMhb3LlEcorpa+Rx51VtM3SQQGQwQxiXVE0","baseKeyType":1,"closed":-1,"used":1746714522138,"created":1746714522138,"remoteIdentityKey":"BeHOTMaqUDKqtQCWb7NTMCrj8VE8wIMHKLcYqzyfA/0I"},"_chains":{"BSEKVdkzU7q1OqBDCsBxHiu8jnDqtQpT/cCnHPvVawcb":{"chainKey":{"counter":0,"key":"q9y7XQOEPmX6jQdwSM1pAgIEechTlwp3oCWobKT+YNw="},"chainType":1,"messageKeys":{}}},"pendingPreKey":{"signedKeyId":1,"baseKey":"BQ3XovwowiMhb3LlEcorpa+Rx51VtM3SQQGQwQxiXVE0"}}},"version":"v1"}