{"_sessions":{"BekXzP0Fx4t/4hxImumw8ScA9ppbiYB1wl1QZExCkXAj":{"registrationId":407178149,"currentRatchet":{"ephemeralKeyPair":{"pubKey":"Bay9qvHnXtLxWFLSfXdOBthPtkxCTvAjI7scmdMqVC5U","privKey":"uLzPWxMfmBj3b32lxdU6003Z0noSCK8ODhoaQauRMFo="},"lastRemoteEphemeralKey":"BQ5Dfd8vcnFFQo3UD6JOSdkM7N+zoPzLwS3kF+oaiqoR","previousCounter":0,"rootKey":"reLxM3FvFDVRyrUeZM41odyWd+k5lr51U3UtDI2cuFw="},"indexInfo":{"baseKey":"BekXzP0Fx4t/4hxImumw8ScA9ppbiYB1wl1QZExCkXAj","baseKeyType":1,"closed":1746721099495,"used":1746721069281,"created":1746721069281,"remoteIdentityKey":"BS9zUzbFDIB+b26ppViIrnbuDLXwijqZIrnaJTzXYsMb"},"_chains":{"Bay9qvHnXtLxWFLSfXdOBthPtkxCTvAjI7scmdMqVC5U":{"chainKey":{"counter":0,"key":"EFwb6FeyOkUeTmf+zWSHN0de1yT/3YeC3dAnFRvqvlM="},"chainType":1,"messageKeys":{}}},"pendingPreKey":{"signedKeyId":9,"baseKey":"BekXzP0Fx4t/4hxImumw8ScA9ppbiYB1wl1QZExCkXAj","preKeyId":16193077}},"BbUOscg32QhTVQS3QXA+ynQq/X+p1Knv3Csny8o99IVF":{"registrationId":407178149,"currentRatchet":{"ephemeralKeyPair":{"pubKey":"Ba9/avjXUnXLg/hEE7QnW07+80Y8JC3MLJVe4L43GoYD","privKey":"ENth14rEiShh7ltWUHht+bQ+0sCxpRP1OY9KrVITvXI="},"lastRemoteEphemeralKey":"BQ5Dfd8vcnFFQo3UD6JOSdkM7N+zoPzLwS3kF+oaiqoR","previousCounter":0,"rootKey":"UlCvUcVNYe4pLIO5sRc/0fIROrWY81FcHibDyynriKM="},"indexInfo":{"baseKey":"BbUOscg32QhTVQS3QXA+ynQq/X+p1Knv3Csny8o99IVF","baseKeyType":1,"closed":-1,"used":1746721098931,"created":1746721098931,"remoteIdentityKey":"BS9zUzbFDIB+b26ppViIrnbuDLXwijqZIrnaJTzXYsMb"},"_chains":{"Ba9/avjXUnXLg/hEE7QnW07+80Y8JC3MLJVe4L43GoYD":{"chainKey":{"counter":2,"key":"VM80HTAsHp+7JfzHVOWT63AmSdbafGQJPbNO7PrfjkM="},"chainType":1,"messageKeys":{}}},"pendingPreKey":{"signedKeyId":9,"baseKey":"BbUOscg32QhTVQS3QXA+ynQq/X+p1Knv3Csny8o99IVF","preKeyId":16192966}}},"version":"v1"}