{"_sessions":{"BR7samTATHeAoUqaZDEVUfbD5dko6GeU5409M4ubZUtf":{"registrationId":1409264099,"currentRatchet":{"ephemeralKeyPair":{"pubKey":"Bf8q6OY76Yg6rTigzr9Hxg9VDp8tou7P8uHBTSyHRlB3","privKey":"wPgHn2mryNZncIS7r1EIKdT2eWaEe8UXV0m1CxUtw3U="},"lastRemoteEphemeralKey":"BYyz8/LK+KysgfyQfPFeZ+Rfxi7KcIUNDpuQ7RLDrRU3","previousCounter":0,"rootKey":"b8qSb/CojxveOGE1nQA7OXW+gqqucudOT3C/mhq3E6s="},"indexInfo":{"baseKey":"BR7samTATHeAoUqaZDEVUfbD5dko6GeU5409M4ubZUtf","baseKeyType":1,"closed":1746721099174,"used":1746721068966,"created":1746721068966,"remoteIdentityKey":"BXYZKCN/+9q3vMypL/yYaLIhn88qe1sbs48qLWtOqls/"},"_chains":{"Bf8q6OY76Yg6rTigzr9Hxg9VDp8tou7P8uHBTSyHRlB3":{"chainKey":{"counter":0,"key":"vZdySzCDsec7u7eGdjYcMBr9PE0297EqtOmCwfqI/AU="},"chainType":1,"messageKeys":{}}},"pendingPreKey":{"signedKeyId":0,"baseKey":"BR7samTATHeAoUqaZDEVUfbD5dko6GeU5409M4ubZUtf"}},"BU1aJiP3NPzcHS3Lc67C1+kKpFAB0zgFooeWpowwQRFK":{"registrationId":1409264099,"currentRatchet":{"ephemeralKeyPair":{"pubKey":"BaasJs2TEHKvT3iCHGvTOGcqBRBwIKjtQU94evkU0MQD","privKey":"kJ2IudKJQoZ9q43JXcb4wYVtQRKaM5SjRv4siuS+Q04="},"lastRemoteEphemeralKey":"BYyz8/LK+KysgfyQfPFeZ+Rfxi7KcIUNDpuQ7RLDrRU3","previousCounter":0,"rootKey":"cxIz9PuA549y75jYLLQsjDIi7cAeGoOj75UQmPilh3k="},"indexInfo":{"baseKey":"BU1aJiP3NPzcHS3Lc67C1+kKpFAB0zgFooeWpowwQRFK","baseKeyType":1,"closed":-1,"used":1746721098647,"created":1746721098647,"remoteIdentityKey":"BXYZKCN/+9q3vMypL/yYaLIhn88qe1sbs48qLWtOqls/"},"_chains":{"BaasJs2TEHKvT3iCHGvTOGcqBRBwIKjtQU94evkU0MQD":{"chainKey":{"counter":2,"key":"MN8h7QVmdl8Y80OtJ6bt1dnQplnVvWxQcLHdum2/N9g="},"chainType":1,"messageKeys":{}}},"pendingPreKey":{"signedKeyId":0,"baseKey":"BU1aJiP3NPzcHS3Lc67C1+kKpFAB0zgFooeWpowwQRFK"}}},"version":"v1"}