{"_sessions":{"BQ/JIA2sL7IIZNoFkTOMmVNMrou2ngFdAr3AFYm6rcgf":{"registrationId":451923110,"currentRatchet":{"ephemeralKeyPair":{"pubKey":"BSa1HlnM+YFQmxwJWcBe7WKbz30BNytGM2pA3LuF4XR9","privKey":"gLI+wlbYkpRsDeBA39r0p3TUDc6mlyMiHc2N6wP2lmM="},"lastRemoteEphemeralKey":"BU1dd0egy9WlKZAg7vXn1/AZ0yg0/LVHHVUAYbkuXFN7","previousCounter":0,"rootKey":"e51rR8bE+WCEnlcqavLyxwTKUBiMNftvitePismi5B8="},"indexInfo":{"baseKey":"BQ/JIA2sL7IIZNoFkTOMmVNMrou2ngFdAr3AFYm6rcgf","baseKeyType":1,"closed":-1,"used":1746714522048,"created":1746714522048,"remoteIdentityKey":"Bd7C5bTpHaJ+8S/TtvusIPf+vOd28Bzhxf3MRIHULkIE"},"_chains":{"BSa1HlnM+YFQmxwJWcBe7WKbz30BNytGM2pA3LuF4XR9":{"chainKey":{"counter":0,"key":"jR5Wjvd166rcE77qsw8hizKrMJVU1rqujuxICIFVNX0="},"chainType":1,"messageKeys":{}}},"pendingPreKey":{"signedKeyId":1,"baseKey":"BQ/JIA2sL7IIZNoFkTOMmVNMrou2ngFdAr3AFYm6rcgf"}}},"version":"v1"}