{"_sessions":{"BSoEyL0OjZfB1YNwCmdN/eRdsCDqpD/eoqo5gE3I0gl4":{"registrationId":2057317213,"currentRatchet":{"ephemeralKeyPair":{"pubKey":"BbdZqaoOhRuWfxPloA1UUq9jbbuGImoILdtOt4zw6SYE","privKey":"SGCMeFpSNZsGqH75NIv2mX0nTGPmDMkj0DuGHPjoGHY="},"lastRemoteEphemeralKey":"BYYZ9kQFINT0hRgPvOn/3FjWrjlVni3tnGWe+tLh5OBN","previousCounter":0,"rootKey":"hxdH3P5MPZ+aSAvjKIFjrexgPzVBBPiRD2gzo4qhVOQ="},"indexInfo":{"baseKey":"BSoEyL0OjZfB1YNwCmdN/eRdsCDqpD/eoqo5gE3I0gl4","baseKeyType":1,"closed":-1,"used":1746714536293,"created":1746714536293,"remoteIdentityKey":"BewakrLl3C9U+dQcF5AqQPjAUkJysCJ7PUGqQa+TKxou"},"_chains":{"BbdZqaoOhRuWfxPloA1UUq9jbbuGImoILdtOt4zw6SYE":{"chainKey":{"counter":0,"key":"PkCSIh+aDbNfTCp6j6vIaUHG8d6/YuJ9e8JIsw2vrz4="},"chainType":1,"messageKeys":{}}},"pendingPreKey":{"signedKeyId":1,"baseKey":"BSoEyL0OjZfB1YNwCmdN/eRdsCDqpD/eoqo5gE3I0gl4"}}},"version":"v1"}