{"_sessions":{"BcbQCObH7p7LoVyVMeunA+JDKmt8kdayUiNMzhUefoEN":{"registrationId":1555867330,"currentRatchet":{"ephemeralKeyPair":{"pubKey":"BXmxWFVz/qynpp//NJ1NlvwokN7aCCaAn7saZ6gG/FVx","privKey":"sJXKrDhRWFaCeatutInK7VWWNLt+zefJEt4/FISwPXA="},"lastRemoteEphemeralKey":"Bf3UUGZrYoLYTtTYpDSofvkkF33+9gL9RT9X1JimA81U","previousCounter":0,"rootKey":"BqAS3A4M1OW2jVFVVtgp3fUUmmgo9pxgb2aVxEOqkw0="},"indexInfo":{"baseKey":"BcbQCObH7p7LoVyVMeunA+JDKmt8kdayUiNMzhUefoEN","baseKeyType":1,"closed":1746721118454,"used":1746721087049,"created":1746721087049,"remoteIdentityKey":"BcA1YXt0Vm05DK3ZMf/n8Hu8K/X2FHQkcTUDHDdRQAYL"},"_chains":{"BXmxWFVz/qynpp//NJ1NlvwokN7aCCaAn7saZ6gG/FVx":{"chainKey":{"counter":0,"key":"wnr+l9OMlLn6v29GVPYN2P8Qav8Vk5NZC+fnsg8kKOA="},"chainType":1,"messageKeys":{}}},"pendingPreKey":{"signedKeyId":6,"baseKey":"BcbQCObH7p7LoVyVMeunA+JDKmt8kdayUiNMzhUefoEN","preKeyId":14576924}},"BbWannpBTfpDckiRHgXL0yOO8m2wJwlhm8ivUZA1hV5i":{"registrationId":1555867330,"currentRatchet":{"ephemeralKeyPair":{"pubKey":"BaB4OfZNms9GbpyXPNrDPltA5FyrdoslBQcT8WsndCkj","privKey":"kMJtGARGcCqeMyX5ZYP9vJeGN3pmRVT9ptu1xckHyEQ="},"lastRemoteEphemeralKey":"Bf3UUGZrYoLYTtTYpDSofvkkF33+9gL9RT9X1JimA81U","previousCounter":0,"rootKey":"kA7sykZikbm4piFsZQaN2W68R34UR/SEzfIHwCcsOkY="},"indexInfo":{"baseKey":"BbWannpBTfpDckiRHgXL0yOO8m2wJwlhm8ivUZA1hV5i","baseKeyType":1,"closed":-1,"used":1746721118018,"created":1746721118018,"remoteIdentityKey":"BcA1YXt0Vm05DK3ZMf/n8Hu8K/X2FHQkcTUDHDdRQAYL"},"_chains":{"BaB4OfZNms9GbpyXPNrDPltA5FyrdoslBQcT8WsndCkj":{"chainKey":{"counter":2,"key":"SeyY8AVOixF9Wd2XHPiRZVYpe2pBaGE5NbWsU/WmgSM="},"chainType":1,"messageKeys":{}}},"pendingPreKey":{"signedKeyId":6,"baseKey":"BbWannpBTfpDckiRHgXL0yOO8m2wJwlhm8ivUZA1hV5i","preKeyId":14576917}}},"version":"v1"}