{"_sessions":{"BQ77Q8VQ+mNY944VkR4mor3Jx5Jx+OvSjMd8hzcnnK5W":{"registrationId":797700922,"currentRatchet":{"ephemeralKeyPair":{"pubKey":"BXPnDw5FhjW6La/CcjTpXx7iGdsX6w5cDt9kAOlRqOdU","privKey":"kBB5Lcfw/JSEgE5s/OHSltsuUsKHXjsjRn1ZbMZbd2E="},"lastRemoteEphemeralKey":"Bekojch+ctU9MsYgxJgZ1suC70pVrRPdoXJ6pK2jvsNH","previousCounter":0,"rootKey":"t7iJ/rROKyPmjnmnzuzUWXcYgQoo9/lrQT2/hVMHi90="},"indexInfo":{"baseKey":"BQ77Q8VQ+mNY944VkR4mor3Jx5Jx+OvSjMd8hzcnnK5W","baseKeyType":1,"closed":1746721103935,"used":1746721072485,"created":1746721072485,"remoteIdentityKey":"Baz+YHWwUuzFjfDHLpmBQUJEpzUnQlJDG+i7YsHTiVJt"},"_chains":{"BXPnDw5FhjW6La/CcjTpXx7iGdsX6w5cDt9kAOlRqOdU":{"chainKey":{"counter":0,"key":"QRdmNFTr+juTW8Y6NHv7i2A4OPH7KDU0MTnPz4XYC1w="},"chainType":1,"messageKeys":{}}},"pendingPreKey":{"signedKeyId":7,"baseKey":"BQ77Q8VQ+mNY944VkR4mor3Jx5Jx+OvSjMd8hzcnnK5W","preKeyId":16020230}},"BUdfKS46SlhoY1VOLcEavWRL7GwPkzHqirQqXAdlrRIM":{"registrationId":797700922,"currentRatchet":{"ephemeralKeyPair":{"pubKey":"BXpONWRyErvdRd8hXkUKPOAEHXmrOpY4gSTtjEy++olC","privKey":"KOsURMwoONL2ts7yFrCvSMW8BlGQr/6+MsZ0845N60g="},"lastRemoteEphemeralKey":"Bekojch+ctU9MsYgxJgZ1suC70pVrRPdoXJ6pK2jvsNH","previousCounter":0,"rootKey":"MCL7zViNaMwdOUTXD1IfE2TuRoVBXWRQZCxgDHdDVpM="},"indexInfo":{"baseKey":"BUdfKS46SlhoY1VOLcEavWRL7GwPkzHqirQqXAdlrRIM","baseKeyType":1,"closed":-1,"used":1746721103327,"created":1746721103327,"remoteIdentityKey":"Baz+YHWwUuzFjfDHLpmBQUJEpzUnQlJDG+i7YsHTiVJt"},"_chains":{"BXpONWRyErvdRd8hXkUKPOAEHXmrOpY4gSTtjEy++olC":{"chainKey":{"counter":2,"key":"xIYhLaaoXj9tm9nnQmE7fuP2xKycGDbocj1cJ5rU+68="},"chainType":1,"messageKeys":{}}},"pendingPreKey":{"signedKeyId":7,"baseKey":"BUdfKS46SlhoY1VOLcEavWRL7GwPkzHqirQqXAdlrRIM","preKeyId":16020481}}},"version":"v1"}