{"_sessions":{"BRm9pONwBmXo4mLxxKWcLiPkcvVyTQNxjCc6fhzxobsl":{"registrationId":987894464,"currentRatchet":{"ephemeralKeyPair":{"pubKey":"BYEyajQ5AoikjBdIsQvPaqqchiZRuCO8tX3MrFEQpwZw","privKey":"oFNjnwRL8ija0aNFBs06+C2ZRol2d+J+zpMG/dk+CE8="},"lastRemoteEphemeralKey":"Bb+guQ7B0uxLsRU6jEfn9XHhKmVu1bR/pfi4sJLVt9xq","previousCounter":0,"rootKey":"uulBD/dy9ya9OZgmuTEzT4yw6bHLTrKT/OWXXfh9Iec="},"indexInfo":{"baseKey":"BRm9pONwBmXo4mLxxKWcLiPkcvVyTQNxjCc6fhzxobsl","baseKeyType":1,"closed":-1,"used":1746714532846,"created":1746714532846,"remoteIdentityKey":"BWYj3WegqWZuYyQsiDeqODEPkicg7S68cLHcNOS5pmc/"},"_chains":{"BYEyajQ5AoikjBdIsQvPaqqchiZRuCO8tX3MrFEQpwZw":{"chainKey":{"counter":0,"key":"JGIAHc91h/qZvsZRduXjOz3FhWcpojS6jo00wnc3FAU="},"chainType":1,"messageKeys":{}}},"pendingPreKey":{"signedKeyId":1095723,"baseKey":"BRm9pONwBmXo4mLxxKWcLiPkcvVyTQNxjCc6fhzxobsl"}}},"version":"v1"}