{"_sessions":{"BXqKUqvhaa9pQ1scxChbrOQ3RYCYJPLyG0GL3X4cKYAY":{"registrationId":2073322170,"currentRatchet":{"ephemeralKeyPair":{"pubKey":"BcPhiSUDGuF2SakMKYKjY573eQGIkNa4ZgiyAFTApQQJ","privKey":"CNm8VIAZxfACQLoC/Y/CdnpJKQo2xzGn6HY6Y5Vv53M="},"lastRemoteEphemeralKey":"BewK3MRaD6Xd/bc/pBrukZNIKpsWwDm9cD/AJQiIQr0C","previousCounter":0,"rootKey":"vybKZVgpWiv7hkngzN2BiBsrLkVIY7iEMoKs5v3owGU="},"indexInfo":{"baseKey":"BXqKUqvhaa9pQ1scxChbrOQ3RYCYJPLyG0GL3X4cKYAY","baseKeyType":1,"closed":-1,"used":1746714529329,"created":1746714529329,"remoteIdentityKey":"BYEnUfeDZdFqg3CDH0EkhP6yVDGuLiliHy9t7oZLj8oq"},"_chains":{"BcPhiSUDGuF2SakMKYKjY573eQGIkNa4ZgiyAFTApQQJ":{"chainKey":{"counter":0,"key":"cQQEWczMcQFl3OkIh7gT78ixYfVlO0v06XJMCNLtJQo="},"chainType":1,"messageKeys":{}}},"pendingPreKey":{"signedKeyId":2,"baseKey":"BXqKUqvhaa9pQ1scxChbrOQ3RYCYJPLyG0GL3X4cKYAY"}}},"version":"v1"}