{"_sessions":{"BekBcJIWsBRhXnR21PR+TENn/Isw100otWmtyRCRpuZp":{"registrationId":1665536563,"currentRatchet":{"ephemeralKeyPair":{"pubKey":"Bdd3Yop6NKqMPJYyJZRa4qJ4dtMzmFgMFMDS+GrCps4a","privKey":"GBH3KwrgEWCviUBEjM4QpIrhbn6vN5UUhxSEUHRTY3o="},"lastRemoteEphemeralKey":"BRZB3apgWk4ZeNSVtgnDZjCXy38+qD23p/N4e8S936dr","previousCounter":0,"rootKey":"CRAK79nqwnanPXvY+OkI/a4vgeBzxjVikYrRu6czTLU="},"indexInfo":{"baseKey":"BekBcJIWsBRhXnR21PR+TENn/Isw100otWmtyRCRpuZp","baseKeyType":1,"closed":-1,"used":1746714543418,"created":1746714543418,"remoteIdentityKey":"BQvLjmJlfZSPT9+SuNN83QIQGneTnqqyldbpqp4ik4M4"},"_chains":{"Bdd3Yop6NKqMPJYyJZRa4qJ4dtMzmFgMFMDS+GrCps4a":{"chainKey":{"counter":0,"key":"3Cjmd0EYuXJaKUYBWGCwBj5AxLz55L8jKL+fv8l+h1I="},"chainType":1,"messageKeys":{}}},"pendingPreKey":{"signedKeyId":6880421,"baseKey":"BekBcJIWsBRhXnR21PR+TENn/Isw100otWmtyRCRpuZp","preKeyId":2069}}},"version":"v1"}