{"_sessions":{"BZYO83KAEfMIY5mqUDWhBEXq8hwcj2Q6j40nq5LCbXgp":{"registrationId":831183724,"currentRatchet":{"ephemeralKeyPair":{"pubKey":"Ba+Re+v5hoKTGZmF2noSUhL80DN+ftnzH0MZXtzbIfJZ","privKey":"kNCv7UH+IpZp3n5JHgL18HwLCm7GkRg241FpcpEw43o="},"lastRemoteEphemeralKey":"BWgWeKBPl4uxgwOgKv9Gh5e/pK34uNF/z4Y71I2Cm0QN","previousCounter":0,"rootKey":"PhKd8nCfGn18TPeyrkYsVXlKCVLOWsrw0Vxho/RbadQ="},"indexInfo":{"baseKey":"BZYO83KAEfMIY5mqUDWhBEXq8hwcj2Q6j40nq5LCbXgp","baseKeyType":1,"closed":-1,"used":1746714539781,"created":1746714539781,"remoteIdentityKey":"BWbp0nGbZclt8zTWAL+gpbVsMVlNApybq1pEIerqm3Nb"},"_chains":{"Ba+Re+v5hoKTGZmF2noSUhL80DN+ftnzH0MZXtzbIfJZ":{"chainKey":{"counter":0,"key":"LaUZsgz5NWUnBv3sZYUQqxYRievQbjLY3JWCY5HLnpQ="},"chainType":1,"messageKeys":{}}},"pendingPreKey":{"signedKeyId":12112628,"baseKey":"BZYO83KAEfMIY5mqUDWhBEXq8hwcj2Q6j40nq5LCbXgp","preKeyId":39758}}},"version":"v1"}