{"_sessions":{"BRrK32eT4lX74iDimS5pyaiDbKEF1TP7SrkIElr7Yg0J":{"registrationId":219637229,"currentRatchet":{"ephemeralKeyPair":{"pubKey":"BTnX8OsPzEVJIhhylEoMMTgqlBFh2S27L4t5jm0Vsuo1","privKey":"AMtzxfCc7BJMo43Gkp0qVTK8xsxNK5QkY1130HNh2FI="},"lastRemoteEphemeralKey":"BUqiITzwnh46ekoALuUTkpzWpeIBc5+sxbf8VtgxKAwo","previousCounter":0,"rootKey":"fEJ1rQ2M6Ap2uAfKnGPGwE4yihtnGo3ebzPeTDbPjaQ="},"indexInfo":{"baseKey":"BRrK32eT4lX74iDimS5pyaiDbKEF1TP7SrkIElr7Yg0J","baseKeyType":1,"closed":-1,"used":1746714539978,"created":1746714539978,"remoteIdentityKey":"BX0V6ryqvrvp4zhDUkXcVBKJ7eyh+IB4slGwpgPcRaF9"},"_chains":{"BTnX8OsPzEVJIhhylEoMMTgqlBFh2S27L4t5jm0Vsuo1":{"chainKey":{"counter":0,"key":"ziTKH42yst557VrIJX63AZMlu02vtQbGBKS6WzDyqgA="},"chainType":1,"messageKeys":{}}},"pendingPreKey":{"signedKeyId":0,"baseKey":"BRrK32eT4lX74iDimS5pyaiDbKEF1TP7SrkIElr7Yg0J","preKeyId":11151031}}},"version":"v1"}