{"_sessions":{"BfJH7y+917BizG7TmrX4DazCmpZyE70wMncgYci57Yh/":{"registrationId":880795544,"currentRatchet":{"ephemeralKeyPair":{"pubKey":"BWPTKTDHFRgIffxpOpjBVUW+BCchb+OcLLM99C/1AyhJ","privKey":"gAYW2kcWd3YemT4NmU3ZJtQBE5rERbraWMoMyR91Gko="},"lastRemoteEphemeralKey":"BWUKEpGSeakxUlUJH/ZQ+Qr3Qv758lKBfr7bZ1gQnNsl","previousCounter":0,"rootKey":"mYWRYbzy4Wx9/6LxIAggVOwdeIc70+2/h6RU2cYRgyI="},"indexInfo":{"baseKey":"BfJH7y+917BizG7TmrX4DazCmpZyE70wMncgYci57Yh/","baseKeyType":1,"closed":1746721107758,"used":1746721075766,"created":1746721075766,"remoteIdentityKey":"BV/I+OeA9xBJEhCZMN9XuchsuivjrvI0hukKUnlETVFs"},"_chains":{"BWPTKTDHFRgIffxpOpjBVUW+BCchb+OcLLM99C/1AyhJ":{"chainKey":{"counter":0,"key":"l0dkaunsoYXg3aIw/JhrRh4211zUqsod5nBTvkePmNU="},"chainType":1,"messageKeys":{}}},"pendingPreKey":{"signedKeyId":6,"baseKey":"BfJH7y+917BizG7TmrX4DazCmpZyE70wMncgYci57Yh/","preKeyId":7055775}},"BSI2ag0eKZRddm4UNL5aSRGh4OxzoYmB32UxyFboKf5o":{"registrationId":880795544,"currentRatchet":{"ephemeralKeyPair":{"pubKey":"BXliIcR57TmRtNz+3KGixvM1ZhWzXYPOikyTCNeOvqoO","privKey":"GDV2A6/J1yYEw9NoRkKmLeW5ApdB1QzXJTHbJUlw/l8="},"lastRemoteEphemeralKey":"BWUKEpGSeakxUlUJH/ZQ+Qr3Qv758lKBfr7bZ1gQnNsl","previousCounter":0,"rootKey":"rzVrAh0JHa2v1l6qEBGlgPyxBr0QVwaBaIdI6mtMyqw="},"indexInfo":{"baseKey":"BSI2ag0eKZRddm4UNL5aSRGh4OxzoYmB32UxyFboKf5o","baseKeyType":1,"closed":-1,"used":1746721107341,"created":1746721107341,"remoteIdentityKey":"BV/I+OeA9xBJEhCZMN9XuchsuivjrvI0hukKUnlETVFs"},"_chains":{"BXliIcR57TmRtNz+3KGixvM1ZhWzXYPOikyTCNeOvqoO":{"chainKey":{"counter":2,"key":"CZr/9oms59EETn4zaw2EaBoSwsACgGZhTZEqQ7OFngQ="},"chainType":1,"messageKeys":{}}},"pendingPreKey":{"signedKeyId":6,"baseKey":"BSI2ag0eKZRddm4UNL5aSRGh4OxzoYmB32UxyFboKf5o","preKeyId":7056545}}},"version":"v1"}