{"_sessions":{"BXoC8N+h0mV+KmwZD03B5hL9cj6FfIrY9kzAVAAGELBU":{"registrationId":864538671,"currentRatchet":{"ephemeralKeyPair":{"pubKey":"BbZGxk/5rJPENxbfh3NV8PAgzPK9lSB732oqL/Wsz8gl","privKey":"GI+niNStzaT0yOdN/hAXKCMR/H/Gr5zXBdKN7sxKgmA="},"lastRemoteEphemeralKey":"BdeqLKlWfoeAeflIsbzcFeXR06XWFBbWTFGQTt2YIydS","previousCounter":0,"rootKey":"jh4A0irgoaesEfiDKn6AWGqprjLhdEqBfl23OYqC3IU="},"indexInfo":{"baseKey":"BXoC8N+h0mV+KmwZD03B5hL9cj6FfIrY9kzAVAAGELBU","baseKeyType":1,"closed":-1,"used":1746714525649,"created":1746714525649,"remoteIdentityKey":"BWb3iV2H9V6+p7euvA82Qd/Yawz4FZ4KpDS7R9wDzdAh"},"_chains":{"BbZGxk/5rJPENxbfh3NV8PAgzPK9lSB732oqL/Wsz8gl":{"chainKey":{"counter":0,"key":"2XB/jumBIBjaha0sfNqsJxDVwakvwY4oQaNTWmiJkrI="},"chainType":1,"messageKeys":{}}},"pendingPreKey":{"signedKeyId":4,"baseKey":"BXoC8N+h0mV+KmwZD03B5hL9cj6FfIrY9kzAVAAGELBU","preKeyId":3070569}}},"version":"v1"}