{"_sessions":{"BfHwoebqc9//3N5xSpAy1PEYegmLg08RvjpaIYDjPF9Q":{"registrationId":1062438242,"currentRatchet":{"ephemeralKeyPair":{"pubKey":"BQPb2eAN3TLm7R8sdrvETvnVctIeYWbPibnGeCejM44S","privKey":"AMw+IuJ7uoHovayZmhTXQXwUVrQoiEtk8bgrVsT/hU4="},"lastRemoteEphemeralKey":"BeDEg3RF71akwj9AaOSHf2G9/GAqOkLULJ/RFXZuhy0v","previousCounter":0,"rootKey":"+6gFwXNmPBMwszROQx3qv3ahSowGbUAU6zD1Rvr3iCQ="},"indexInfo":{"baseKey":"BfHwoebqc9//3N5xSpAy1PEYegmLg08RvjpaIYDjPF9Q","baseKeyType":1,"closed":-1,"used":1746714522016,"created":1746714522016,"remoteIdentityKey":"Be/P09rPyQokNg3OOoMZywTwYDjSKrB04Nj2lGAbwFVQ"},"_chains":{"BQPb2eAN3TLm7R8sdrvETvnVctIeYWbPibnGeCejM44S":{"chainKey":{"counter":0,"key":"tr+WrGiGGvMURzLM+0hO5ptfMNiiGspVPNu5Z88Ged8="},"chainType":1,"messageKeys":{}}},"pendingPreKey":{"signedKeyId":1,"baseKey":"BfHwoebqc9//3N5xSpAy1PEYegmLg08RvjpaIYDjPF9Q"}}},"version":"v1"}