{"_sessions":{"BcwPqG1V9DvY/Hh4ToHO3aaVG87ZFYGIPsNaavfwQll5":{"registrationId":774737169,"currentRatchet":{"ephemeralKeyPair":{"pubKey":"BQmWgP1BnEkgQzBOc+SmZBTgXJmENCKeBfqutwonRsZh","privKey":"CM4Pl2O8NtduGmu6hO2J6j9q6K/FeDa0FPWCOecrHF8="},"lastRemoteEphemeralKey":"BRRPFnugRTD+veixC6kFaeDDpFRLC4pbFj1JElpVICYs","previousCounter":0,"rootKey":"mw1m/HzfUCO+/K9DPjW6Zmj9aebszbJENJiFA9VcDSc="},"indexInfo":{"baseKey":"BcwPqG1V9DvY/Hh4ToHO3aaVG87ZFYGIPsNaavfwQll5","baseKeyType":1,"closed":-1,"used":1746714529479,"created":1746714529479,"remoteIdentityKey":"BauVTQURwk5D8hpRURqV0FxKPNcM24WwasRKPVn4/2o0"},"_chains":{"BQmWgP1BnEkgQzBOc+SmZBTgXJmENCKeBfqutwonRsZh":{"chainKey":{"counter":0,"key":"Yv93HptwS3O6SzBeKTVrCaSL3YwgWSwZnldAm8H0Fsg="},"chainType":1,"messageKeys":{}}},"pendingPreKey":{"signedKeyId":0,"baseKey":"BcwPqG1V9DvY/Hh4ToHO3aaVG87ZFYGIPsNaavfwQll5"}}},"version":"v1"}