{"_sessions":{"BfwnT0OI7m2hqFB7yqvXLHWl/Utx/8K7A36iQYocYkwq":{"registrationId":17868161,"currentRatchet":{"ephemeralKeyPair":{"pubKey":"BT2I/FffHDgpZ3ha7Zq8uTrRrIKwi+U4ya/ACE84MscI","privKey":"sJBxmIc0qu8VmbCkBl+hGjJ3CIQ2bBMSf3aQ+/Ft0kU="},"lastRemoteEphemeralKey":"BWMa9ewp1FhsBO9UsEWxIbJ1h0tY2l/4SBLDfRpdxc5P","previousCounter":0,"rootKey":"G6spQU1w64kGLsatPhApWTPOPD0bTTlb1qqbwX1ElAY="},"indexInfo":{"baseKey":"BfwnT0OI7m2hqFB7yqvXLHWl/Utx/8K7A36iQYocYkwq","baseKeyType":1,"closed":1746721114741,"used":1746721083589,"created":1746721083589,"remoteIdentityKey":"BXt8bV4N32fmwEs1vGeV3VtSzJxGqhr1vbpn871TSCcX"},"_chains":{"BT2I/FffHDgpZ3ha7Zq8uTrRrIKwi+U4ya/ACE84MscI":{"chainKey":{"counter":0,"key":"W8sxtW2FHiPtmesMxq+2IFoqBM2UXh/FRBdtyTWCtzE="},"chainType":1,"messageKeys":{}}},"pendingPreKey":{"signedKeyId":12,"baseKey":"BfwnT0OI7m2hqFB7yqvXLHWl/Utx/8K7A36iQYocYkwq","preKeyId":9696240}},"Bdh8LbRJsLSxPfl5oA4l8RXrexyu75U9clhVUTeJsIBV":{"registrationId":17868161,"currentRatchet":{"ephemeralKeyPair":{"pubKey":"BVncVLm981MN4F+d4ncxwtniq7g/b/dWUUS/TaTlUwA0","privKey":"8HkoT7muyrjXrc3OWPcWC2vlAGcn5zXIxGg7x4SMO1k="},"lastRemoteEphemeralKey":"BWMa9ewp1FhsBO9UsEWxIbJ1h0tY2l/4SBLDfRpdxc5P","previousCounter":0,"rootKey":"AbJ5Bf0CXch1IAdO9RWFDkAk8CJHhw//sW/vSYYt5zY="},"indexInfo":{"baseKey":"Bdh8LbRJsLSxPfl5oA4l8RXrexyu75U9clhVUTeJsIBV","baseKeyType":1,"closed":-1,"used":1746721114378,"created":1746721114378,"remoteIdentityKey":"BXt8bV4N32fmwEs1vGeV3VtSzJxGqhr1vbpn871TSCcX"},"_chains":{"BVncVLm981MN4F+d4ncxwtniq7g/b/dWUUS/TaTlUwA0":{"chainKey":{"counter":2,"key":"IwioNDwYussKJE2Sc/nZ8HLhN9k/tcU794SibI7T3m4="},"chainType":1,"messageKeys":{}}},"pendingPreKey":{"signedKeyId":12,"baseKey":"Bdh8LbRJsLSxPfl5oA4l8RXrexyu75U9clhVUTeJsIBV","preKeyId":9696673}}},"version":"v1"}