{"_sessions":{"BVJaflaeesRAL4EryO2isUhdshvOgQujyhyYKtDN5cAW":{"registrationId":1612184239,"currentRatchet":{"ephemeralKeyPair":{"pubKey":"BeUGRMnqffOdO1E3nRU60rhOY/88/Cdc1iKOMpOKd9Zp","privKey":"YJ1GXHMllNF39ebY3/ILyFOeoucw4txZouiOUgwN8Ho="},"lastRemoteEphemeralKey":"BShsLoz5gnupH5ONOKXPCUXii/XT9LYKku4pXMSwkWQf","previousCounter":0,"rootKey":"orZp+vCVHqkCEc/tusXhn67IxBgwRRMDAVk/ff3R1I4="},"indexInfo":{"baseKey":"BVJaflaeesRAL4EryO2isUhdshvOgQujyhyYKtDN5cAW","baseKeyType":1,"closed":1746721107768,"used":1746721075802,"created":1746721075802,"remoteIdentityKey":"BUQpaos5MgpFaJbNBkGf09PhI1yzCGrk93vGJ7T0m3Mx"},"_chains":{"BeUGRMnqffOdO1E3nRU60rhOY/88/Cdc1iKOMpOKd9Zp":{"chainKey":{"counter":0,"key":"cXoUzkTjaEgp2elGXQXTuXitI/FtWK2yRLXF9TyT/XU="},"chainType":1,"messageKeys":{}}},"pendingPreKey":{"signedKeyId":11998172,"baseKey":"BVJaflaeesRAL4EryO2isUhdshvOgQujyhyYKtDN5cAW","preKeyId":1040}},"BcZRLRn+hd+Klqkrk8w0/UFYM4MMQezHUQKoZvGu9dpd":{"registrationId":1612184239,"currentRatchet":{"ephemeralKeyPair":{"pubKey":"Bbvy4pyYvDSPHpAz8DzdJ7DTwl0HjSwaQIHpJHmS6UIC","privKey":"IF5jrl3nlb8aimkHkub+0UzgOPykFY2CJrx4JKvcyEc="},"lastRemoteEphemeralKey":"BShsLoz5gnupH5ONOKXPCUXii/XT9LYKku4pXMSwkWQf","previousCounter":0,"rootKey":"ihdOWIBiquEY/2V6ld79FBtmNrABK1caqLb0P8Ok2yY="},"indexInfo":{"baseKey":"BcZRLRn+hd+Klqkrk8w0/UFYM4MMQezHUQKoZvGu9dpd","baseKeyType":1,"closed":-1,"used":1746721107370,"created":1746721107370,"remoteIdentityKey":"BUQpaos5MgpFaJbNBkGf09PhI1yzCGrk93vGJ7T0m3Mx"},"_chains":{"Bbvy4pyYvDSPHpAz8DzdJ7DTwl0HjSwaQIHpJHmS6UIC":{"chainKey":{"counter":2,"key":"53XV3JRk3hvQMPavGhmmd/aPPKOiwnaFmXVBA8I02f8="},"chainType":1,"messageKeys":{}}},"pendingPreKey":{"signedKeyId":11998172,"baseKey":"BcZRLRn+hd+Klqkrk8w0/UFYM4MMQezHUQKoZvGu9dpd","preKeyId":1077}}},"version":"v1"}