{"_sessions":{"BYlc7DzWsxdNkDdSF3960Gk7Ex8OxraBHGbhqD3d81wm":{"registrationId":85,"currentRatchet":{"ephemeralKeyPair":{"pubKey":"BfJvC/Y8vGaHd/zJ6PEi2ul2wprHFOj3StOhmHi2WkMd","privKey":"iDl1SEmqDSXEIyfdQ3cSH4ZtrlGVbOtnNC0/wAAL4WA="},"lastRemoteEphemeralKey":"BbM1gboQde/NVJ2t4XTMWa57gHCiwnfiMZ/eOyDyuL1o","previousCounter":0,"rootKey":"qraQu56myZV6Kf4k5uaSuG6ss8CXxcWEHeXp63MA5p4="},"indexInfo":{"baseKey":"BYlc7DzWsxdNkDdSF3960Gk7Ex8OxraBHGbhqD3d81wm","baseKeyType":1,"closed":1746721099148,"used":1746721068927,"created":1746721068927,"remoteIdentityKey":"BeHOTMaqUDKqtQCWb7NTMCrj8VE8wIMHKLcYqzyfA/0I"},"_chains":{"BfJvC/Y8vGaHd/zJ6PEi2ul2wprHFOj3StOhmHi2WkMd":{"chainKey":{"counter":0,"key":"l5hT1nD7i1nt/fc0bSnlbLdJN478QENKdBIFUoKg/sc="},"chainType":1,"messageKeys":{}}},"pendingPreKey":{"signedKeyId":1,"baseKey":"BYlc7DzWsxdNkDdSF3960Gk7Ex8OxraBHGbhqD3d81wm"}},"BX4rFZOPdFLnaE+0xuNduC9xHJygUWoYCxG/kvvqZTN4":{"registrationId":85,"currentRatchet":{"ephemeralKeyPair":{"pubKey":"BZciqa8QNoy3zPXqLndaAdz2nFoXFhH8HNYWpx0/w1pK","privKey":"aNfYb3W4s7kHX2uRrwGUar2FQVfGq5Vzv7hMNd+2unw="},"lastRemoteEphemeralKey":"BbM1gboQde/NVJ2t4XTMWa57gHCiwnfiMZ/eOyDyuL1o","previousCounter":0,"rootKey":"p7dKTdEGl4LgRxzVhshy5ivRH7EjNqX482fImAKUIOg="},"indexInfo":{"baseKey":"BX4rFZOPdFLnaE+0xuNduC9xHJygUWoYCxG/kvvqZTN4","baseKeyType":1,"closed":-1,"used":1746721098616,"created":1746721098616,"remoteIdentityKey":"BeHOTMaqUDKqtQCWb7NTMCrj8VE8wIMHKLcYqzyfA/0I"},"_chains":{"BZciqa8QNoy3zPXqLndaAdz2nFoXFhH8HNYWpx0/w1pK":{"chainKey":{"counter":2,"key":"gW55zAIF9PBHGOD5iPEVwFhT4mtH4tNsatuxwiFNAe0="},"chainType":1,"messageKeys":{}}},"pendingPreKey":{"signedKeyId":1,"baseKey":"BX4rFZOPdFLnaE+0xuNduC9xHJygUWoYCxG/kvvqZTN4"}}},"version":"v1"}