{"_sessions":{"BehmJf0R6Q993vh6RBSHWj7xn9j/F4J5BPi7eiE02gZ2":{"registrationId":15990,"currentRatchet":{"ephemeralKeyPair":{"pubKey":"BdK3Ycs4ND474/hu9d4EgTXue7LHSvuk0DR8IcJx/SI8","privKey":"OEArY7V/NmzUWlATmXd1b4t6qa2NmycKDffipGUbDE8="},"lastRemoteEphemeralKey":"BWuxawOcLc1uQDHEb7rXLXTor79T1uHjeOvrlwVobDxJ","previousCounter":0,"rootKey":"rM5vuKprgdbgu3O3hMsdM3EZldIVY/Mwix0yP054WNc="},"indexInfo":{"baseKey":"BehmJf0R6Q993vh6RBSHWj7xn9j/F4J5BPi7eiE02gZ2","baseKeyType":1,"closed":-1,"used":1746714522101,"created":1746714522101,"remoteIdentityKey":"BboVSbHi5yVsCKg2FbpgAX85GrXv7yMN0yFfk9YPbW9f"},"_chains":{"BdK3Ycs4ND474/hu9d4EgTXue7LHSvuk0DR8IcJx/SI8":{"chainKey":{"counter":0,"key":"D4FtAtwecVj2Q+cwBYar9LnrvG/KbrvU4P9I4VH8dPY="},"chainType":1,"messageKeys":{}}},"pendingPreKey":{"signedKeyId":2,"baseKey":"BehmJf0R6Q993vh6RBSHWj7xn9j/F4J5BPi7eiE02gZ2","preKeyId":1857}}},"version":"v1"}