{"_sessions":{"BYxXd0MbqCzKgp8ZwD4U5Jpk9AgWQEN/wKXoHqmIIdU9":{"registrationId":1590525750,"currentRatchet":{"ephemeralKeyPair":{"pubKey":"Bf1ithX0irm4zxMy3OqZOHtWR1NSAG/95aNSPPnOjqAH","privKey":"qEqUDo4Qd2jD/qHBadP+OK+ZSfcobzeIF90Fztz/NlU="},"lastRemoteEphemeralKey":"Bf6GAE7oSEYnj+/7GhK2BlQ2kDCpolToQt36g+EJ5MgY","previousCounter":0,"rootKey":"SShQkKIYGYWALzMwf2q5YBfMibQqUz3qBmOz240o53A="},"indexInfo":{"baseKey":"BYxXd0MbqCzKgp8ZwD4U5Jpk9AgWQEN/wKXoHqmIIdU9","baseKeyType":1,"closed":1746721111355,"used":1746721080239,"created":1746721080239,"remoteIdentityKey":"BZBrTOb4GYFe7uxFHKZLb40m/DBGcoat2Ttnub3GOzpU"},"_chains":{"Bf1ithX0irm4zxMy3OqZOHtWR1NSAG/95aNSPPnOjqAH":{"chainKey":{"counter":0,"key":"4OepWYPTKT0gk9K/Rk6UhbtC4OyPtZYnxO0Qdl1N0Tk="},"chainType":1,"messageKeys":{}}},"pendingPreKey":{"signedKeyId":0,"baseKey":"BYxXd0MbqCzKgp8ZwD4U5Jpk9AgWQEN/wKXoHqmIIdU9","preKeyId":5145044}},"BXufBYsD0q2A69Foa41qoFg3FTnnEywSLk1rlmEUx3I4":{"registrationId":1590525750,"currentRatchet":{"ephemeralKeyPair":{"pubKey":"BTwq9h2E+NT4Xun6wqfeZM2wZqfLEd9gd0T+NM6SRsIh","privKey":"aOAKJvPOUQzvJ1XWYy8sKyDA48lxd5Y/1CjgvGRlmV8="},"lastRemoteEphemeralKey":"Bf6GAE7oSEYnj+/7GhK2BlQ2kDCpolToQt36g+EJ5MgY","previousCounter":0,"rootKey":"yHTOLy0qSzw9JKHiFwWFIyxc8uCg2jlXrX/aZwprcXg="},"indexInfo":{"baseKey":"BXufBYsD0q2A69Foa41qoFg3FTnnEywSLk1rlmEUx3I4","baseKeyType":1,"closed":-1,"used":1746721111163,"created":1746721111163,"remoteIdentityKey":"BZBrTOb4GYFe7uxFHKZLb40m/DBGcoat2Ttnub3GOzpU"},"_chains":{"BTwq9h2E+NT4Xun6wqfeZM2wZqfLEd9gd0T+NM6SRsIh":{"chainKey":{"counter":2,"key":"5zf5+sxvzpt6/CMv5IaFSblOMDgzVo9T1ECJQhKDIPU="},"chainType":1,"messageKeys":{}}},"pendingPreKey":{"signedKeyId":0,"baseKey":"BXufBYsD0q2A69Foa41qoFg3FTnnEywSLk1rlmEUx3I4","preKeyId":5145011}}},"version":"v1"}