{"_sessions":{"BbSyKSJ5NecRYTm3ctAm3KIGufqxeK6fs/F2LpmsUW4A":{"registrationId":1078051436,"currentRatchet":{"ephemeralKeyPair":{"pubKey":"BTQgXigWG/L0VaXqXGTxALVFYPzauYvEc7onknLVLFlm","privKey":"6HALqZ6SoE2LA6YNjkS+NWSecf8EQdtKh6SX2C6uJnI="},"lastRemoteEphemeralKey":"BfPb9/3Tzekn7ssAyp9P+iMTkT3qvf29rfb9KYL1rZ1Y","previousCounter":0,"rootKey":"9gMKb+upQeQ3Vv6v1hA1lf60K5uNMnCAYdbbABjpPdA="},"indexInfo":{"baseKey":"BbSyKSJ5NecRYTm3ctAm3KIGufqxeK6fs/F2LpmsUW4A","baseKeyType":1,"closed":1746721099150,"used":1746721068934,"created":1746721068934,"remoteIdentityKey":"BU6wCi0yz+1i6fr7ICMv2C5D+WL8yeyLlDcmyz+Q3esE"},"_chains":{"BTQgXigWG/L0VaXqXGTxALVFYPzauYvEc7onknLVLFlm":{"chainKey":{"counter":0,"key":"94OjGCCjUpJI5MMCrM7ZqzHYGiqNsnZ/NZwPF9IRAiY="},"chainType":1,"messageKeys":{}}},"pendingPreKey":{"signedKeyId":1,"baseKey":"BbSyKSJ5NecRYTm3ctAm3KIGufqxeK6fs/F2LpmsUW4A","preKeyId":2476}},"BWKYcIPzoieRm4DB3iOXFB4ml0C1JwKbXqcD9iTtSzNW":{"registrationId":1078051436,"currentRatchet":{"ephemeralKeyPair":{"pubKey":"BdGRBGHq+n0qS6IgvKhlnj5wsJRHxafLNP6cWZmOvSpv","privKey":"4L67lZvK8KR3ytOq/6HEhGRBpmcsJiv9/V8Lt5Im9VQ="},"lastRemoteEphemeralKey":"BfPb9/3Tzekn7ssAyp9P+iMTkT3qvf29rfb9KYL1rZ1Y","previousCounter":0,"rootKey":"0Swv80wLdnC2ED2sSfxoEJYqHSPhvUJK+aa46n0Vj3k="},"indexInfo":{"baseKey":"BWKYcIPzoieRm4DB3iOXFB4ml0C1JwKbXqcD9iTtSzNW","baseKeyType":1,"closed":-1,"used":1746721098620,"created":1746721098620,"remoteIdentityKey":"BU6wCi0yz+1i6fr7ICMv2C5D+WL8yeyLlDcmyz+Q3esE"},"_chains":{"BdGRBGHq+n0qS6IgvKhlnj5wsJRHxafLNP6cWZmOvSpv":{"chainKey":{"counter":2,"key":"4FlYyJ1E3fjIiNjW0Gta4BpZEvsq2q+AZnkcPcB4snc="},"chainType":1,"messageKeys":{}}},"pendingPreKey":{"signedKeyId":1,"baseKey":"BWKYcIPzoieRm4DB3iOXFB4ml0C1JwKbXqcD9iTtSzNW","preKeyId":1705}}},"version":"v1"}