{"_sessions":{"BUS0LVUdHlkKU722m5YA7nrdfqdov5DsaBY4pgYrBSJr":{"registrationId":856814826,"currentRatchet":{"ephemeralKeyPair":{"pubKey":"BYtXo3jTrz9x5xY9kQNuwYxfLoAIR+Gh9c1hNbzfrT5C","privKey":"OB0wC6qK8eX+ovIKWyEnCNtsGkonTwXne8uhYHuop0M="},"lastRemoteEphemeralKey":"Bf3jC+h+8Ea7aqQ+2IP1c5Kd0hoEBcZzhxvkEsSn+9YT","previousCounter":0,"rootKey":"WzO6o8+uBNcSSWash2mVmpk9x79gXap2Gw5MYjuJiv8="},"indexInfo":{"baseKey":"BUS0LVUdHlkKU722m5YA7nrdfqdov5DsaBY4pgYrBSJr","baseKeyType":1,"closed":1746721111316,"used":1746721079992,"created":1746721079992,"remoteIdentityKey":"Beg9O0j7o4IkboTYemyAZIMA9qUWQglZFo6vWKvYBxZ2"},"_chains":{"BYtXo3jTrz9x5xY9kQNuwYxfLoAIR+Gh9c1hNbzfrT5C":{"chainKey":{"counter":0,"key":"z+le+fxkKW9vgP50Ajfje2E6A/iM0vUb2t9w6ZYU63E="},"chainType":1,"messageKeys":{}}},"pendingPreKey":{"signedKeyId":6,"baseKey":"BUS0LVUdHlkKU722m5YA7nrdfqdov5DsaBY4pgYrBSJr"}},"BWNJtJDpPYTx7BR8hHqZefU7CMJW66QK4rG0WdMm8FZ/":{"registrationId":856814826,"currentRatchet":{"ephemeralKeyPair":{"pubKey":"BermaP5D006TP4Fv3MresREkGIb7MKLXzHlPkWxbzfV3","privKey":"ECZVcOlP4sXZPX9Jo7r7rNpWnWVcxxm05oLecV082Ew="},"lastRemoteEphemeralKey":"Bf3jC+h+8Ea7aqQ+2IP1c5Kd0hoEBcZzhxvkEsSn+9YT","previousCounter":0,"rootKey":"/8kgNek9UfR07S0CuLxMPzwmsXofMu/xCLuR+pXRCBU="},"indexInfo":{"baseKey":"BWNJtJDpPYTx7BR8hHqZefU7CMJW66QK4rG0WdMm8FZ/","baseKeyType":1,"closed":-1,"used":1746721110947,"created":1746721110947,"remoteIdentityKey":"Beg9O0j7o4IkboTYemyAZIMA9qUWQglZFo6vWKvYBxZ2"},"_chains":{"BermaP5D006TP4Fv3MresREkGIb7MKLXzHlPkWxbzfV3":{"chainKey":{"counter":2,"key":"rj+dfU4tHYbVxf3+YwsMvGOtwlmjXvKT4OyyR1CiLQM="},"chainType":1,"messageKeys":{}}},"pendingPreKey":{"signedKeyId":6,"baseKey":"BWNJtJDpPYTx7BR8hHqZefU7CMJW66QK4rG0WdMm8FZ/"}}},"version":"v1"}