{"_sessions":{"BSgw8udGBMyisJRXFFzV3vG2RYCjPGtcmyAyLFuXjGAF":{"registrationId":351969053,"currentRatchet":{"ephemeralKeyPair":{"pubKey":"BbdocdrrkSNHgDbe5AoJluq9CLfoFr7IYf8s7VobPGZe","privKey":"iJ19O+pGzxpipVyEcClNC0R7sLjffaOwXC8P304J0Eg="},"lastRemoteEphemeralKey":"BQstvNuvPZ0ygEINSpHMQJKak/oUrAdwudJ+9ElzCDhp","previousCounter":0,"rootKey":"jAjbE+wCyxU3hOupX6/gUcu9tUMNGFzfdYzNmFcmcQ8="},"indexInfo":{"baseKey":"BSgw8udGBMyisJRXFFzV3vG2RYCjPGtcmyAyLFuXjGAF","baseKeyType":1,"closed":1746721122179,"used":1746721090317,"created":1746721090317,"remoteIdentityKey":"Ba0db9a8boSxj+6xMzawXtUylUGEF7RvOLvmII4Z1JpF"},"_chains":{"BbdocdrrkSNHgDbe5AoJluq9CLfoFr7IYf8s7VobPGZe":{"chainKey":{"counter":0,"key":"r4cHz8lAF2SzzMCaJbcoTyjr1iY/VYgK/NTZFXajMew="},"chainType":1,"messageKeys":{}}},"pendingPreKey":{"signedKeyId":4,"baseKey":"BSgw8udGBMyisJRXFFzV3vG2RYCjPGtcmyAyLFuXjGAF","preKeyId":9721911}},"BaHxB1IBualuHU2OOzGWOIKELFzie3qE09lve6baHytB":{"registrationId":351969053,"currentRatchet":{"ephemeralKeyPair":{"pubKey":"BV/dyphE7+Obm+KE8BwYkE/lcJY8cv7kW4O4jFU6+3JB","privKey":"yDwqzTeILgBTuCCjFHJ28bOznXD+Z9C5jMGNzeWBQXo="},"lastRemoteEphemeralKey":"BQstvNuvPZ0ygEINSpHMQJKak/oUrAdwudJ+9ElzCDhp","previousCounter":0,"rootKey":"lInTsNQXBcsQ4z/Gz/rhe1XewEzRAE9dSDyOeGgw/Q4="},"indexInfo":{"baseKey":"BaHxB1IBualuHU2OOzGWOIKELFzie3qE09lve6baHytB","baseKeyType":1,"closed":-1,"used":1746721121626,"created":1746721121626,"remoteIdentityKey":"Ba0db9a8boSxj+6xMzawXtUylUGEF7RvOLvmII4Z1JpF"},"_chains":{"BV/dyphE7+Obm+KE8BwYkE/lcJY8cv7kW4O4jFU6+3JB":{"chainKey":{"counter":2,"key":"RSBi9ftQR9xOcAknH6ukWOT0Zylzgu0GEroB3rANHSM="},"chainType":1,"messageKeys":{}}},"pendingPreKey":{"signedKeyId":4,"baseKey":"BaHxB1IBualuHU2OOzGWOIKELFzie3qE09lve6baHytB","preKeyId":9721833}}},"version":"v1"}