{"_sessions":{"BQtxcfHQ2kVBJ6eIrla59O0XdsuutEBp/bk7gYgO2CVf":{"registrationId":534218986,"currentRatchet":{"ephemeralKeyPair":{"pubKey":"BcAQUeD6udcrIyYel57jW8NRtN6Uk1fj4MrwIJiyCHly","privKey":"WFV+KyhZPoi7JgBcNKXJxBVNEnqFtct4BphsZ+26glI="},"lastRemoteEphemeralKey":"BfaHkSjrVhqvwk7FwepvX9SE5AhmLWiAhnq1swyrvh8C","previousCounter":0,"rootKey":"Vbp5voPFTr5idVVsgqmbMbUc4PiPKZeqeu/FInuzHIE="},"indexInfo":{"baseKey":"BQtxcfHQ2kVBJ6eIrla59O0XdsuutEBp/bk7gYgO2CVf","baseKeyType":1,"closed":1746721111383,"used":1746721080389,"created":1746721080389,"remoteIdentityKey":"BYXrmWwYko2177JIUNvnYgWwkb4rdXcqlwOdR/V/TqI1"},"_chains":{"BcAQUeD6udcrIyYel57jW8NRtN6Uk1fj4MrwIJiyCHly":{"chainKey":{"counter":0,"key":"3BmPfM992zbiIKUEa88pIYqi8a5CTwcJLRzdxhK4gcM="},"chainType":1,"messageKeys":{}}},"pendingPreKey":{"signedKeyId":5,"baseKey":"BQtxcfHQ2kVBJ6eIrla59O0XdsuutEBp/bk7gYgO2CVf","preKeyId":12305302}},"BUQpaTlKDE17t2JzU3qWPMShsUnGzOiDnxGBg7ALmGUe":{"registrationId":534218986,"currentRatchet":{"ephemeralKeyPair":{"pubKey":"Bd/B4h5jG8+M1nMB7OJk9nRb+UK8Df4K7xVGpmK2dsQ0","privKey":"sOcn4ui6DuOd/JJkAjjwdwqzkVTrj+kyKEBpvd/MslE="},"lastRemoteEphemeralKey":"BfaHkSjrVhqvwk7FwepvX9SE5AhmLWiAhnq1swyrvh8C","previousCounter":0,"rootKey":"8CcIv9o+LqloBcFlDG1uQizEvAu33ATrkpc0nqDAZAY="},"indexInfo":{"baseKey":"BUQpaTlKDE17t2JzU3qWPMShsUnGzOiDnxGBg7ALmGUe","baseKeyType":1,"closed":-1,"used":1746721111298,"created":1746721111298,"remoteIdentityKey":"BYXrmWwYko2177JIUNvnYgWwkb4rdXcqlwOdR/V/TqI1"},"_chains":{"Bd/B4h5jG8+M1nMB7OJk9nRb+UK8Df4K7xVGpmK2dsQ0":{"chainKey":{"counter":2,"key":"uCjgxqX6iB9gOqB63qXIu1SGDRFF9evnI+ATWj+auqw="},"chainType":1,"messageKeys":{}}},"pendingPreKey":{"signedKeyId":5,"baseKey":"BUQpaTlKDE17t2JzU3qWPMShsUnGzOiDnxGBg7ALmGUe","preKeyId":12305135}}},"version":"v1"}