{"_sessions":{"BWH9DezkI15G+v3h407K7uNxsN9cY2OQNWB2cGaUezUa":{"registrationId":191672864,"currentRatchet":{"ephemeralKeyPair":{"pubKey":"BVeAgu2TaKeX+PDT2XDyDR6VUVUghdKikJUNpFDveGhj","privKey":"wLdHmbzvgA54HApLIGKLBVXsiv576CxJF4Tx9oW4mWU="},"lastRemoteEphemeralKey":"Bc05LmCV9mHJUnBUlKxtLBz49nNgbHM/yCJsID4btbV3","previousCounter":0,"rootKey":"b9fR5RfWBQxYThrBzADGguw83AiVuKEJhgH0Yr9t/Yc="},"indexInfo":{"baseKey":"BWH9DezkI15G+v3h407K7uNxsN9cY2OQNWB2cGaUezUa","baseKeyType":1,"closed":-1,"used":1746714532672,"created":1746714532672,"remoteIdentityKey":"BdCkGycgmUJPyerpCZWjLvQvuxnFsnMoZlwDccciNEcV"},"_chains":{"BVeAgu2TaKeX+PDT2XDyDR6VUVUghdKikJUNpFDveGhj":{"chainKey":{"counter":0,"key":"eGVaSywTlfTXGYdq37fyIctFNb4oyddzXtNRn9WWFw8="},"chainType":1,"messageKeys":{}}},"pendingPreKey":{"signedKeyId":0,"baseKey":"BWH9DezkI15G+v3h407K7uNxsN9cY2OQNWB2cGaUezUa","preKeyId":16031382}}},"version":"v1"}