{"_sessions":{"BbIWVu0DbCSK/7DZcHh53ZKd6QSxRilMGDOROI6VVMcN":{"registrationId":47446806,"currentRatchet":{"ephemeralKeyPair":{"pubKey":"BfZPnkrMTMLjslrXWm4LpJzmAHINuipLEQO7fJ0/Dudp","privKey":"qBXN6b6yp2TR4W9yYThlWq7C/4iemy/OWu4Xe5H5tGY="},"lastRemoteEphemeralKey":"BYdE+UPFhBCYJvpAP+zGffkFvXKAtHTpiFd0MijDIlsn","previousCounter":0,"rootKey":"xG25GlCY8t8mSoHgL9MyqiDRZebKi6SfURC/xh3ujQc="},"indexInfo":{"baseKey":"BbIWVu0DbCSK/7DZcHh53ZKd6QSxRilMGDOROI6VVMcN","baseKeyType":1,"closed":1746721107779,"used":1746721075837,"created":1746721075837,"remoteIdentityKey":"BdZzaYAZDfZxu5CpnMNF0XqE8UEmCyUbKLWPAWKqB+wQ"},"_chains":{"BfZPnkrMTMLjslrXWm4LpJzmAHINuipLEQO7fJ0/Dudp":{"chainKey":{"counter":0,"key":"2q0ozEGPwRxceupjr3Q2wSFwNgK/NCPffbfLawo/Fz8="},"chainType":1,"messageKeys":{}}},"pendingPreKey":{"signedKeyId":1,"baseKey":"BbIWVu0DbCSK/7DZcHh53ZKd6QSxRilMGDOROI6VVMcN"}},"Bd+hAWEojET/zBqCwexZZwMoPgMO46Ec5XWMHPmHFUlx":{"registrationId":47446806,"currentRatchet":{"ephemeralKeyPair":{"pubKey":"BUQuJ0tIHXFEnBXvVezh5yj0XTXVFqiNEK/T3Voww+QE","privKey":"eMet8alqocPJTkH2nQ1DmAR6JIKeOgtJSkZiAFNXu0A="},"lastRemoteEphemeralKey":"BYdE+UPFhBCYJvpAP+zGffkFvXKAtHTpiFd0MijDIlsn","previousCounter":0,"rootKey":"cmM7Z5RsqXf5uLTu0dViJANdZDxzK2Gif2TOasOFoT0="},"indexInfo":{"baseKey":"Bd+hAWEojET/zBqCwexZZwMoPgMO46Ec5XWMHPmHFUlx","baseKeyType":1,"closed":-1,"used":1746721107402,"created":1746721107402,"remoteIdentityKey":"BdZzaYAZDfZxu5CpnMNF0XqE8UEmCyUbKLWPAWKqB+wQ"},"_chains":{"BUQuJ0tIHXFEnBXvVezh5yj0XTXVFqiNEK/T3Voww+QE":{"chainKey":{"counter":2,"key":"NKa5YvJZSr8KbzYEcvQcxOMOOAYFuRKty4bh8Tv5cEI="},"chainType":1,"messageKeys":{}}},"pendingPreKey":{"signedKeyId":1,"baseKey":"Bd+hAWEojET/zBqCwexZZwMoPgMO46Ec5XWMHPmHFUlx"}}},"version":"v1"}