{"_sessions":{"BVvhQfxFFX0IfYInXX2saoFcvGnbMP63yo+me5EFhZpo":{"registrationId":1037362972,"currentRatchet":{"ephemeralKeyPair":{"pubKey":"BQAOUtUxEJ8igNxLfgqewmrm3VY4wAS8JyCe+UraTrFA","privKey":"EGnvqGiHV8k+yxOWhi6fc5AyQSF/jApqLXTsLcOaUEY="},"lastRemoteEphemeralKey":"BbqWF3x2Ulf0f08rYsWgXov8V9SBAfG/9xdCPV3wi9ML","previousCounter":0,"rootKey":"HH9I/zB/2YMKTgARTRPs3nZ4g0Dawdhu3h+h50+RyOE="},"indexInfo":{"baseKey":"BVvhQfxFFX0IfYInXX2saoFcvGnbMP63yo+me5EFhZpo","baseKeyType":1,"closed":-1,"used":1746714536322,"created":1746714536322,"remoteIdentityKey":"BX5VlByWsGNRULC4uvrcfiIaFxjfBZnEf4lw0zOqvgMJ"},"_chains":{"BQAOUtUxEJ8igNxLfgqewmrm3VY4wAS8JyCe+UraTrFA":{"chainKey":{"counter":0,"key":"uu2wmo4hoksVaLAV3CqfHff5OqaMi/tHJ5t1rKhC7/M="},"chainType":1,"messageKeys":{}}},"pendingPreKey":{"signedKeyId":0,"baseKey":"BVvhQfxFFX0IfYInXX2saoFcvGnbMP63yo+me5EFhZpo","preKeyId":5467640}}},"version":"v1"}