{"_sessions":{"BZ140ObOEaOvoBwT/wrSbsuEUzFXe4Lk5Gr6W+CJ+EQ0":{"registrationId":2831333064,"currentRatchet":{"ephemeralKeyPair":{"pubKey":"BTDgQfvqB/fGjgxvQK2JkHy0VLmmUYaOueUhMQskiJsY","privKey":"mHVMHHuf8gE/N2745Q21resBiflZi89LbLGm3IpWOWc="},"lastRemoteEphemeralKey":"BR91UwiLyKVp72M8Ib+FhhZjgFWDNUfuiT6bll25v7gv","previousCounter":0,"rootKey":"YzEa58qm5+Ll4h+wQEMR5KmCA5gkzkFsCVwp70P1zxA="},"indexInfo":{"baseKey":"BZ140ObOEaOvoBwT/wrSbsuEUzFXe4Lk5Gr6W+CJ+EQ0","baseKeyType":1,"closed":1746721099085,"used":1746721068780,"created":1746721068780,"remoteIdentityKey":"BYlDSmYBD4lw+fkY7G1GvjA4mCHXCYAiEVVM/areiIJ1"},"_chains":{"BTDgQfvqB/fGjgxvQK2JkHy0VLmmUYaOueUhMQskiJsY":{"chainKey":{"counter":0,"key":"UwVu0feyuYY7a0yz651o2QAAH6eXUALqgHm+gBuIKdY="},"chainType":1,"messageKeys":{}}},"pendingPreKey":{"signedKeyId":1,"baseKey":"BZ140ObOEaOvoBwT/wrSbsuEUzFXe4Lk5Gr6W+CJ+EQ0","preKeyId":5029}},"BRwVr1vGo2LnRsswvOlRm9XLFET0WmILuq9qAteR3I4j":{"registrationId":2831333064,"currentRatchet":{"ephemeralKeyPair":{"pubKey":"BajmolAanWErG9jWaobRd9agW9i2M1fs0kSOHYV1eJs0","privKey":"MD9BL8gwhuWaOSHNaLHNgoA8Q5nJK2n2iXXUtmMI5Xo="},"lastRemoteEphemeralKey":"BR91UwiLyKVp72M8Ib+FhhZjgFWDNUfuiT6bll25v7gv","previousCounter":0,"rootKey":"ZYbhW9MkDuUFqDtAd0ej1FUO3LQ94wq0Eb2WMJVedUY="},"indexInfo":{"baseKey":"BRwVr1vGo2LnRsswvOlRm9XLFET0WmILuq9qAteR3I4j","baseKeyType":1,"closed":1746721260089,"used":1746721098490,"created":1746721098490,"remoteIdentityKey":"BYlDSmYBD4lw+fkY7G1GvjA4mCHXCYAiEVVM/areiIJ1"},"_chains":{"BajmolAanWErG9jWaobRd9agW9i2M1fs0kSOHYV1eJs0":{"chainKey":{"counter":0,"key":"8pneIzKGdPbA9PQHcqOiW+ge4q9xFSSLJ11/viNNqjw="},"chainType":1,"messageKeys":{}}},"pendingPreKey":{"signedKeyId":1,"baseKey":"BRwVr1vGo2LnRsswvOlRm9XLFET0WmILuq9qAteR3I4j","preKeyId":5010}},"BRco9E3xhw6tC//P5ldcR6EeUf+1plPUPZqMjp9N+xMK":{"registrationId":2831333064,"currentRatchet":{"ephemeralKeyPair":{"pubKey":"BcBEQc095vBt3AqnNFxyV2KbtdMjdoSZ0VejInlLE9Ei","privKey":"uF0q3fQcqn411bG9ZkZjWmvUeHWJld57KTVJR7xQLUk="},"lastRemoteEphemeralKey":"BR91UwiLyKVp72M8Ib+FhhZjgFWDNUfuiT6bll25v7gv","previousCounter":0,"rootKey":"kN5i0DFeWZe84lI+SGzpr8vQqfhjD43wPHkWXMfP98M="},"indexInfo":{"baseKey":"BRco9E3xhw6tC//P5ldcR6EeUf+1plPUPZqMjp9N+xMK","baseKeyType":1,"closed":-1,"used":1746721259427,"created":1746721259427,"remoteIdentityKey":"BYlDSmYBD4lw+fkY7G1GvjA4mCHXCYAiEVVM/areiIJ1"},"_chains":{"BcBEQc095vBt3AqnNFxyV2KbtdMjdoSZ0VejInlLE9Ei":{"chainKey":{"counter":1,"key":"kHisVrpEbSaVYju65WQOGiw+a1SqOVTBEWoCtVsOLM8="},"chainType":1,"messageKeys":{}}},"pendingPreKey":{"signedKeyId":1,"baseKey":"BRco9E3xhw6tC//P5ldcR6EeUf+1plPUPZqMjp9N+xMK","preKeyId":5000}}},"version":"v1"}