{"_sessions":{"BUvXduILvSjS8J3Peeout1p/QnFaxO+czoE0dG/ZlDoH":{"registrationId":1993078389,"currentRatchet":{"ephemeralKeyPair":{"pubKey":"BdVILSAhNKBQ0Ib/IW73wsE40SOqGf7gXgh5vObY0b8W","privKey":"oPdRIQMwmFIoWl+LApocEjzesyoyZXT2H+hvEl7m/nQ="},"lastRemoteEphemeralKey":"BcrOpNbPJTOIdKBBJDHtiuqxc/GNrYdJrcYHjw1oPCJu","previousCounter":0,"rootKey":"LM0ApCOx3UqbGr+tpAr0NXBGrxhPv/3JxoTXkgMQ3e0="},"indexInfo":{"baseKey":"BUvXduILvSjS8J3Peeout1p/QnFaxO+czoE0dG/ZlDoH","baseKeyType":1,"closed":-1,"used":1746714525914,"created":1746714525914,"remoteIdentityKey":"BeVoeTNJmwJFWvt5JL828j9+QwLpy7mkiPzoC0fJtlga"},"_chains":{"BdVILSAhNKBQ0Ib/IW73wsE40SOqGf7gXgh5vObY0b8W":{"chainKey":{"counter":0,"key":"lBXzGdeaS6M68hK9MG/+tpmewdA7bUrdYrReZln98OI="},"chainType":1,"messageKeys":{}}},"pendingPreKey":{"signedKeyId":1,"baseKey":"BUvXduILvSjS8J3Peeout1p/QnFaxO+czoE0dG/ZlDoH"}}},"version":"v1"}