{"_sessions":{"BQqr5C5C1D6Mkgvbk7euqpI6Nh+7T2Dfi6HonrpxxsRk":{"registrationId":1365257837,"currentRatchet":{"ephemeralKeyPair":{"pubKey":"BSjsWz2LMF75FiG3S4fU5lueWhp5460hgMT/ARzP3ypC","privKey":"WCsUfAPPjb7+z2tZOur+qxXXWDEnTNmNWKkhrV//4mU="},"lastRemoteEphemeralKey":"BYL+SNFKCeSjxToheL6aCNd/qTDKJLiOreniUi8mddxx","previousCounter":0,"rootKey":"IymDjynu/9Wt22mQiHiMTfkV9KyD99mHhqSL3PtzCCg="},"indexInfo":{"baseKey":"BQqr5C5C1D6Mkgvbk7euqpI6Nh+7T2Dfi6HonrpxxsRk","baseKeyType":1,"closed":-1,"used":1746714522148,"created":1746714522148,"remoteIdentityKey":"BXk9PlmYmfN3i5fyzPQGblTLqSoYHtBOZpcwm1iArNJk"},"_chains":{"BSjsWz2LMF75FiG3S4fU5lueWhp5460hgMT/ARzP3ypC":{"chainKey":{"counter":0,"key":"HyuO5GCpljlQXu7gzMx9OJRZlZIaws4TVB0kHMsHjrI="},"chainType":1,"messageKeys":{}}},"pendingPreKey":{"signedKeyId":3167132,"baseKey":"BQqr5C5C1D6Mkgvbk7euqpI6Nh+7T2Dfi6HonrpxxsRk","preKeyId":7252}}},"version":"v1"}