{"_sessions":{"BTDxJVQfh3IUnZ/WEh9c1NB4HVi5FSA63twsv+thHN5h":{"registrationId":1825553367,"currentRatchet":{"ephemeralKeyPair":{"pubKey":"Bc9M94hHuXaxERhoft2j9BqszAncR4O30HheMMG9WSwM","privKey":"GNuVytQNkr+5Z7eeUQBILNQt7inUHO//r5/mvx7tsms="},"lastRemoteEphemeralKey":"Ba24Ub9v8wFv98Mz7pfASPlzvxE7ZTpZGnsltSTbLgUj","previousCounter":0,"rootKey":"UhUTqLXKWVO7DUYShwd+s4IzKzZo3wncmny7lNXw/+I="},"indexInfo":{"baseKey":"BTDxJVQfh3IUnZ/WEh9c1NB4HVi5FSA63twsv+thHN5h","baseKeyType":1,"closed":1746721107790,"used":1746721075879,"created":1746721075879,"remoteIdentityKey":"Bd5S+UDAGffxVJ0wwCapCdNgw5vZXEjC+pRiXl4VtgFh"},"_chains":{"Bc9M94hHuXaxERhoft2j9BqszAncR4O30HheMMG9WSwM":{"chainKey":{"counter":0,"key":"iu1P7t631nXJ3E6RQYO7samivzcJinv8RQiRsI321QE="},"chainType":1,"messageKeys":{}}},"pendingPreKey":{"signedKeyId":3,"baseKey":"BTDxJVQfh3IUnZ/WEh9c1NB4HVi5FSA63twsv+thHN5h","preKeyId":11423641}},"BcjVpcblQZA1dK+vGenofNKMh5Pze6IvKNeZFKbnUYF0":{"registrationId":1825553367,"currentRatchet":{"ephemeralKeyPair":{"pubKey":"BZzY/pcxA7CTYwPqY8dDwilzHJPI2VH3PNuva7HTsNFy","privKey":"WLiHYewMio/uJMYeCG3iQbtnSdvqPicfkI6DdvkqIlM="},"lastRemoteEphemeralKey":"Ba24Ub9v8wFv98Mz7pfASPlzvxE7ZTpZGnsltSTbLgUj","previousCounter":0,"rootKey":"aoofEURRDMk57xgSUqV27YIMGV6glDyEdHQgHrrk8ME="},"indexInfo":{"baseKey":"BcjVpcblQZA1dK+vGenofNKMh5Pze6IvKNeZFKbnUYF0","baseKeyType":1,"closed":-1,"used":1746721107443,"created":1746721107443,"remoteIdentityKey":"Bd5S+UDAGffxVJ0wwCapCdNgw5vZXEjC+pRiXl4VtgFh"},"_chains":{"BZzY/pcxA7CTYwPqY8dDwilzHJPI2VH3PNuva7HTsNFy":{"chainKey":{"counter":2,"key":"0WxCL5dLXPjciTkeEGTMD721MdgB6PQtRONRpxKBszM="},"chainType":1,"messageKeys":{}}},"pendingPreKey":{"signedKeyId":3,"baseKey":"BcjVpcblQZA1dK+vGenofNKMh5Pze6IvKNeZFKbnUYF0","preKeyId":11423839}}},"version":"v1"}