{"_sessions":{"Bei+8owThdU1IRmgOAzs4TIk0pnnPVe9DSYnOmND2fcP":{"registrationId":9712,"currentRatchet":{"ephemeralKeyPair":{"pubKey":"BQSp/PaVibWLRkvNK3kE1wcPdWWiO3/Yh1asG7X40aBU","privKey":"sBPZJ+ihNW+YkOd15n4Do+xEN+hdxdOJ81itgX3GA3Q="},"lastRemoteEphemeralKey":"BR5rf/FKC7pu+oEba1UAq34VB9a0k0OtyTtAdYYRlmUB","previousCounter":0,"rootKey":"0XjmfnWJtFi23hJ0EbztVZyXJBUpEZuZsLaFXlbdI/4="},"indexInfo":{"baseKey":"Bei+8owThdU1IRmgOAzs4TIk0pnnPVe9DSYnOmND2fcP","baseKeyType":1,"closed":1746721099240,"used":1746721069049,"created":1746721069049,"remoteIdentityKey":"BXvCfGNBE33/yBYuaSc082DtDeP+Zo1r7D+vjyxNeOtj"},"_chains":{"BQSp/PaVibWLRkvNK3kE1wcPdWWiO3/Yh1asG7X40aBU":{"chainKey":{"counter":0,"key":"1sxUjwwKPtWFNYaA4UrOYCWCIbp2ozsXXUIeWJNynsI="},"chainType":1,"messageKeys":{}}},"pendingPreKey":{"signedKeyId":1,"baseKey":"Bei+8owThdU1IRmgOAzs4TIk0pnnPVe9DSYnOmND2fcP","preKeyId":1175}},"BWwJjAaF1w0re6uztUR1PLgYfRtMc7oQryqO11MM5mAB":{"registrationId":9712,"currentRatchet":{"ephemeralKeyPair":{"pubKey":"BSdZr4yMX1tfd0Srre5yINgqSI/QFaDkZzKemI48DGYQ","privKey":"qP8s1snYHy1WYHyhNu+YESJn0VVyaxqwTrAWdD/Vv1Y="},"lastRemoteEphemeralKey":"BR5rf/FKC7pu+oEba1UAq34VB9a0k0OtyTtAdYYRlmUB","previousCounter":0,"rootKey":"tC19r/3oKuoyDGsIgKdpg+G+DHvCpNLsPbBL3l8l1pI="},"indexInfo":{"baseKey":"BWwJjAaF1w0re6uztUR1PLgYfRtMc7oQryqO11MM5mAB","baseKeyType":1,"closed":-1,"used":1746721098719,"created":1746721098719,"remoteIdentityKey":"BXvCfGNBE33/yBYuaSc082DtDeP+Zo1r7D+vjyxNeOtj"},"_chains":{"BSdZr4yMX1tfd0Srre5yINgqSI/QFaDkZzKemI48DGYQ":{"chainKey":{"counter":2,"key":"FKpuqNQiBYFL3oSs2jhJttEcEpkakKxGLnIwjBhDzeA="},"chainType":1,"messageKeys":{}}},"pendingPreKey":{"signedKeyId":1,"baseKey":"BWwJjAaF1w0re6uztUR1PLgYfRtMc7oQryqO11MM5mAB","preKeyId":971}}},"version":"v1"}