{"_sessions":{"BXHD8FODx4gCP0z7jmDQwCPs9sIuHYiUEDEzIk4SbTB/":{"registrationId":1359489882,"currentRatchet":{"ephemeralKeyPair":{"pubKey":"Bd4GfrFkcNK2Lc+f7iV1mKjd22lar4o/AGudx1RoDdIc","privKey":"iCj9BU6ZcB0gbDILCTDwBKpV2VBnRPTOhnlmrY1ig20="},"lastRemoteEphemeralKey":"BRM7noX8YupPodZjwdEYf2IQR9Bf14D1A5u1NAphnGh+","previousCounter":0,"rootKey":"zQMe+BZ/hGZoitfKzkoOr+f5ada0klBsIlw8Zx3wh/o="},"indexInfo":{"baseKey":"BXHD8FODx4gCP0z7jmDQwCPs9sIuHYiUEDEzIk4SbTB/","baseKeyType":1,"closed":1746721111339,"used":1746721080134,"created":1746721080134,"remoteIdentityKey":"BQA4ysbWJr79VZeUYzVpQfhJIDUARXyMybFl/RFZD/sW"},"_chains":{"Bd4GfrFkcNK2Lc+f7iV1mKjd22lar4o/AGudx1RoDdIc":{"chainKey":{"counter":0,"key":"eLCmT9yL7Mt3dIzblTX+ZcQw6aHM4uVStKiIOqFbDBc="},"chainType":1,"messageKeys":{}}},"pendingPreKey":{"signedKeyId":1,"baseKey":"BXHD8FODx4gCP0z7jmDQwCPs9sIuHYiUEDEzIk4SbTB/"}},"Bfk1HJIqZ2TJ4zr5+tXjtyWygN/sXeS0Adc7cuBoiFpw":{"registrationId":1359489882,"currentRatchet":{"ephemeralKeyPair":{"pubKey":"BSKQnzZdjCV9DrrcS+nAnm26uo1WIr4dBuyXT4Tdd3Yr","privKey":"sP5mRvos8f+bahlOMs3PSM0t+fP+60ETDnMpvcMjp1Y="},"lastRemoteEphemeralKey":"BRM7noX8YupPodZjwdEYf2IQR9Bf14D1A5u1NAphnGh+","previousCounter":0,"rootKey":"8O9NfO8ohHmlPQp2v0+ECkk4bJXSs41arEjD1pKGw34="},"indexInfo":{"baseKey":"Bfk1HJIqZ2TJ4zr5+tXjtyWygN/sXeS0Adc7cuBoiFpw","baseKeyType":1,"closed":-1,"used":1746721111073,"created":1746721111073,"remoteIdentityKey":"BQA4ysbWJr79VZeUYzVpQfhJIDUARXyMybFl/RFZD/sW"},"_chains":{"BSKQnzZdjCV9DrrcS+nAnm26uo1WIr4dBuyXT4Tdd3Yr":{"chainKey":{"counter":2,"key":"NNhzKzRgTa4CCvWOPS5ST131sQg+XKL19pu2rV/d3rY="},"chainType":1,"messageKeys":{}}},"pendingPreKey":{"signedKeyId":1,"baseKey":"Bfk1HJIqZ2TJ4zr5+tXjtyWygN/sXeS0Adc7cuBoiFpw"}}},"version":"v1"}