{"_sessions":{"BYyZ5LcL8DykcF5LjIYgOEP7vzNIGfCVtKlDrjz4lQc1":{"registrationId":1632247153,"currentRatchet":{"ephemeralKeyPair":{"pubKey":"BUoCFhhFjW5zZvvA8bRI2NIQBm+QFiCyzx4/rGEyFE9v","privKey":"yMbUeQPqtk3WbMpv+GHn9anxg8cGhESg9+i7i3wE3nI="},"lastRemoteEphemeralKey":"BeuxVdcfaQMPj0COPndqejAvGJDnGfWpHtQhBuZ3m69y","previousCounter":0,"rootKey":"WhtGbhsZ1ivT6AWlSYkb4c4fsOdZSIAWXt9DQ1b2WaE="},"indexInfo":{"baseKey":"BYyZ5LcL8DykcF5LjIYgOEP7vzNIGfCVtKlDrjz4lQc1","baseKeyType":1,"closed":1746721114756,"used":1746721083667,"created":1746721083667,"remoteIdentityKey":"BUmuLJd8aAgn3rgPFRNY57/58qmXCao0wAh3l6EVJq8A"},"_chains":{"BUoCFhhFjW5zZvvA8bRI2NIQBm+QFiCyzx4/rGEyFE9v":{"chainKey":{"counter":0,"key":"/CetfOaKjYC9geqP2TNYleZIEzZLX32r7BpNnLTrjB0="},"chainType":1,"messageKeys":{}}},"pendingPreKey":{"signedKeyId":9,"baseKey":"BYyZ5LcL8DykcF5LjIYgOEP7vzNIGfCVtKlDrjz4lQc1","preKeyId":13972135}},"Be3xHuNYXu9AUA1Vb14dcJE+mBMCE/dFgxNdwu3L85cq":{"registrationId":1632247153,"currentRatchet":{"ephemeralKeyPair":{"pubKey":"BW0ZIqnBg3DUmwGk9L8RzOeTWRCE/sUSB+AVXqX361sT","privKey":"6IWzrqOf81q8rdSPM2z6XqBfwNToxZFvTRRjQRKJhXI="},"lastRemoteEphemeralKey":"BeuxVdcfaQMPj0COPndqejAvGJDnGfWpHtQhBuZ3m69y","previousCounter":0,"rootKey":"MsqhBS5r4FwZoguVKoATK6sgp3aRGjbA/LkI4C9aBlI="},"indexInfo":{"baseKey":"Be3xHuNYXu9AUA1Vb14dcJE+mBMCE/dFgxNdwu3L85cq","baseKeyType":1,"closed":-1,"used":1746721114452,"created":1746721114452,"remoteIdentityKey":"BUmuLJd8aAgn3rgPFRNY57/58qmXCao0wAh3l6EVJq8A"},"_chains":{"BW0ZIqnBg3DUmwGk9L8RzOeTWRCE/sUSB+AVXqX361sT":{"chainKey":{"counter":2,"key":"Y2LNVjtyFCJijOlpg3qG9DSc/xhE6twqVawAsOCjo44="},"chainType":1,"messageKeys":{}}},"pendingPreKey":{"signedKeyId":9,"baseKey":"Be3xHuNYXu9AUA1Vb14dcJE+mBMCE/dFgxNdwu3L85cq","preKeyId":13971791}}},"version":"v1"}