{"_sessions":{"BcWfp0HCcTdLBHZci4eRJ3Clo7uJF9QptC229qd6oVk+":{"registrationId":72896622,"currentRatchet":{"ephemeralKeyPair":{"pubKey":"Bazr2nnqGwTwozUZyPbYkAJ7bIrm+3XxHuGgyUSuavll","privKey":"IEc0XpgiCpJ0NVwwRd6983QYekXM8wi7EW85U0gusXs="},"lastRemoteEphemeralKey":"Bb9/3RxgiO/yLZXT8GeMRhAAGQrBhdjSR4UkXiugRnET","previousCounter":0,"rootKey":"qj7IaVm0eBSQ7XgLugUjmU50+JIruo4OpuBM/SDBQ90="},"indexInfo":{"baseKey":"BcWfp0HCcTdLBHZci4eRJ3Clo7uJF9QptC229qd6oVk+","baseKeyType":1,"closed":1746721111318,"used":1746721080008,"created":1746721080008,"remoteIdentityKey":"Bb69D1vEUPB8q1vBvGEXcoj1CFFWIqSzwuDyGuqnVEIZ"},"_chains":{"Bazr2nnqGwTwozUZyPbYkAJ7bIrm+3XxHuGgyUSuavll":{"chainKey":{"counter":0,"key":"nfI4bDTYHZucBcWH5r9W0FZ0Nmhsbr6UIkYIJ8oEjjs="},"chainType":1,"messageKeys":{}}},"pendingPreKey":{"signedKeyId":9357850,"baseKey":"BcWfp0HCcTdLBHZci4eRJ3Clo7uJF9QptC229qd6oVk+","preKeyId":969}},"BbZTRvrjkbXTX0asIWg5bULabaQtXfQOFZ0dfdXVYhlH":{"registrationId":72896622,"currentRatchet":{"ephemeralKeyPair":{"pubKey":"BZw1+cYRr7mpvIC/OGBab3E7/b+k9uf2AE/XhLkyyu9L","privKey":"GAyh25EXXV5CDLN9I/Kh7KQfoNmZXK0Y+FMj+Egaxm4="},"lastRemoteEphemeralKey":"Bb9/3RxgiO/yLZXT8GeMRhAAGQrBhdjSR4UkXiugRnET","previousCounter":0,"rootKey":"9lCoCKboR/6y7Lx7P2LpKeEwIgYyLc58Uz2hOdmQY74="},"indexInfo":{"baseKey":"BbZTRvrjkbXTX0asIWg5bULabaQtXfQOFZ0dfdXVYhlH","baseKeyType":1,"closed":-1,"used":1746721110959,"created":1746721110959,"remoteIdentityKey":"Bb69D1vEUPB8q1vBvGEXcoj1CFFWIqSzwuDyGuqnVEIZ"},"_chains":{"BZw1+cYRr7mpvIC/OGBab3E7/b+k9uf2AE/XhLkyyu9L":{"chainKey":{"counter":2,"key":"fI3+791g9GdADrWVTeohPZK9ArZ3VpBbOTBP0vNK3I4="},"chainType":1,"messageKeys":{}}},"pendingPreKey":{"signedKeyId":9357850,"baseKey":"BbZTRvrjkbXTX0asIWg5bULabaQtXfQOFZ0dfdXVYhlH","preKeyId":1342}}},"version":"v1"}