{"_sessions":{"Bc92t/ZYnQEV1aGjxjEOL3arb51dh44hiNWhHId8gcEV":{"registrationId":1447145339,"currentRatchet":{"ephemeralKeyPair":{"pubKey":"Bffbl1095X8e/MjH65cRc43x3J047YqnV/jPTwAGXvN9","privKey":"qHPTDrzqRu1dm3/yB4vwU8DTJWN7A7rliEzDs5VPVWs="},"lastRemoteEphemeralKey":"BWaiHN3x794mu/MXK/NgU0zr7+d0BIL4Y2o/Lp8qLV8c","previousCounter":0,"rootKey":"Ck60H2Z2gQGy0+zlw7/z0f9GYcZHczhxaKr1yedFeO0="},"indexInfo":{"baseKey":"Bc92t/ZYnQEV1aGjxjEOL3arb51dh44hiNWhHId8gcEV","baseKeyType":1,"closed":-1,"used":1746714532889,"created":1746714532889,"remoteIdentityKey":"BY8rId88O2mBvbiak6B4xK1Tm+FGJH6hvNRNovMmD8V6"},"_chains":{"Bffbl1095X8e/MjH65cRc43x3J047YqnV/jPTwAGXvN9":{"chainKey":{"counter":0,"key":"xuGcepnVrVeJZsx4afJa2wICLqecZqyznBq8Q6W9osg="},"chainType":1,"messageKeys":{}}},"pendingPreKey":{"signedKeyId":7,"baseKey":"Bc92t/ZYnQEV1aGjxjEOL3arb51dh44hiNWhHId8gcEV","preKeyId":11103223}}},"version":"v1"}