{"_sessions":{"BZbcsqpmSfyGRWwGuRLmqeJk0dZd5vXw24Ovj6tVwdRI":{"registrationId":573854228,"currentRatchet":{"ephemeralKeyPair":{"pubKey":"BYVgJIZNORuoPuvodEqPuJioL+oHDqtqY0WtB9Q6R6M5","privKey":"uNDZOsm1OkF7OqgFO5kDstiQB5+Hu9sJNPND2fuHgFw="},"lastRemoteEphemeralKey":"Bf4ZAcxBGKuquf/dSm982bWaYQeI6Bpc7wmHQyl7TwYl","previousCounter":0,"rootKey":"E4uR0/gwD7XfudDSNmx63egWnU4P0unbmuDySC56otA="},"indexInfo":{"baseKey":"BZbcsqpmSfyGRWwGuRLmqeJk0dZd5vXw24Ovj6tVwdRI","baseKeyType":1,"closed":1746721104063,"used":1746721072798,"created":1746721072798,"remoteIdentityKey":"BaWHFEwNLlsoh2/s9eTM8N9fGAWggyij07EwZA7ua19J"},"_chains":{"BYVgJIZNORuoPuvodEqPuJioL+oHDqtqY0WtB9Q6R6M5":{"chainKey":{"counter":0,"key":"hkVmERy7z4HPnFPETzHnUohhMRx9hOd9ny8wHma2ZP8="},"chainType":1,"messageKeys":{}}},"pendingPreKey":{"signedKeyId":9093583,"baseKey":"BZbcsqpmSfyGRWwGuRLmqeJk0dZd5vXw24Ovj6tVwdRI","preKeyId":15743}},"BSfNnqksSB8lD8kjVEeVioNwtjhK28OsGgP354T83ZUM":{"registrationId":573854228,"currentRatchet":{"ephemeralKeyPair":{"pubKey":"BXAHaSXTvpSbPYsq9cQLWVVe+ca6uBG8alXhyCmoXs1R","privKey":"yD0ZyNGdCtrCIavPFZx+FtxCzbOrsVr25hPlgJWJxUo="},"lastRemoteEphemeralKey":"Bf4ZAcxBGKuquf/dSm982bWaYQeI6Bpc7wmHQyl7TwYl","previousCounter":0,"rootKey":"O2yktoU02EeDv+wGVq5eYuayAAg7OeT56AROcYykS4E="},"indexInfo":{"baseKey":"BSfNnqksSB8lD8kjVEeVioNwtjhK28OsGgP354T83ZUM","baseKeyType":1,"closed":-1,"used":1746721103643,"created":1746721103643,"remoteIdentityKey":"BaWHFEwNLlsoh2/s9eTM8N9fGAWggyij07EwZA7ua19J"},"_chains":{"BXAHaSXTvpSbPYsq9cQLWVVe+ca6uBG8alXhyCmoXs1R":{"chainKey":{"counter":2,"key":"0r1MRQNp7SsT+WdEZ+6Qn7tVD57wHSer630OQk5gf0k="},"chainType":1,"messageKeys":{}}},"pendingPreKey":{"signedKeyId":9093583,"baseKey":"BSfNnqksSB8lD8kjVEeVioNwtjhK28OsGgP354T83ZUM","preKeyId":16160}}},"version":"v1"}