{"_sessions":{"BRgEyofgtMZO1PVpPoq7kJ9s/5syKqHIy/7Nb+FWL6lK":{"registrationId":1879950925,"currentRatchet":{"ephemeralKeyPair":{"pubKey":"BZ1CKUDwLQ9xWcfHnoK7BQIByHbBT9a9XsQ7wcjFoJ8g","privKey":"0AHGP1sKa1uhXq7hcFAgNAoweiMHOeuQ6XDZX3/aKHk="},"lastRemoteEphemeralKey":"BdqzdUd3Jru3vGP5zSq4SOAbCrtyblrHZnlAOSBb/aQO","previousCounter":0,"rootKey":"eS3YJKU3xrAvorf7BRezjp99g5kvJ0fTqLoZWKa0+MU="},"indexInfo":{"baseKey":"BRgEyofgtMZO1PVpPoq7kJ9s/5syKqHIy/7Nb+FWL6lK","baseKeyType":1,"closed":1746721107834,"used":1746721076061,"created":1746721076061,"remoteIdentityKey":"BUPqobsWnd9TrcwAGV9pQPbzIF2aOkL2K9kSfT2++YVz"},"_chains":{"BZ1CKUDwLQ9xWcfHnoK7BQIByHbBT9a9XsQ7wcjFoJ8g":{"chainKey":{"counter":0,"key":"WL42daUgmV+5jpogG+pFTeyjGGgjkYF1pXcTGv6TVj0="},"chainType":1,"messageKeys":{}}},"pendingPreKey":{"signedKeyId":2,"baseKey":"BRgEyofgtMZO1PVpPoq7kJ9s/5syKqHIy/7Nb+FWL6lK","preKeyId":943710}},"BemMRNSiZ2GDk7XI1pq8cod/sHyb0FCS36F61SjctqtQ":{"registrationId":1879950925,"currentRatchet":{"ephemeralKeyPair":{"pubKey":"BeQFUdAk+P8E61ZOryXISEZNSC1vhqFBXs07Mp/yirw0","privKey":"qP8r5BkNQJAxY4WLnFEKjzwo4GzcG0dawJvBqH3MZ3U="},"lastRemoteEphemeralKey":"BdqzdUd3Jru3vGP5zSq4SOAbCrtyblrHZnlAOSBb/aQO","previousCounter":0,"rootKey":"vK4qEEQDSr0cz5M4xhnPvJJAl0G4OlZGQgCTvCdDVnw="},"indexInfo":{"baseKey":"BemMRNSiZ2GDk7XI1pq8cod/sHyb0FCS36F61SjctqtQ","baseKeyType":1,"closed":-1,"used":1746721107601,"created":1746721107601,"remoteIdentityKey":"BUPqobsWnd9TrcwAGV9pQPbzIF2aOkL2K9kSfT2++YVz"},"_chains":{"BeQFUdAk+P8E61ZOryXISEZNSC1vhqFBXs07Mp/yirw0":{"chainKey":{"counter":2,"key":"Xro0+p0qYtiVtOmUrZSlKHSc8yPIsovEQruGqsIzwQo="},"chainType":1,"messageKeys":{}}},"pendingPreKey":{"signedKeyId":2,"baseKey":"BemMRNSiZ2GDk7XI1pq8cod/sHyb0FCS36F61SjctqtQ","preKeyId":943974}}},"version":"v1"}