{"_sessions":{"BQAjbhBLUcewlfHTKnbE7me1jFbMLvwtb95VwdKqHZ9e":{"registrationId":1617746803,"currentRatchet":{"ephemeralKeyPair":{"pubKey":"BWdgetDPf1vfJ5OKVJT5wLomBqDVveUCnKB0R2H6+v4w","privKey":"uNcIk0ZinpoYgwknhMtLfn9u+Me0Mhfd21MCpo3/20I="},"lastRemoteEphemeralKey":"BY1o7FPfp59qpeeCswlwNx15MSekW/Clv/GPXR1AN6wY","previousCounter":0,"rootKey":"i5E0a6jOFbNa8hXuxt7VTIB0rs2S1qo2y8f4hO1lpCA="},"indexInfo":{"baseKey":"BQAjbhBLUcewlfHTKnbE7me1jFbMLvwtb95VwdKqHZ9e","baseKeyType":1,"closed":-1,"used":1746714529366,"created":1746714529366,"remoteIdentityKey":"BV2O2Xatk3tBbbKSXqKbnMeCPS3/rQsy3UkngajmcZh+"},"_chains":{"BWdgetDPf1vfJ5OKVJT5wLomBqDVveUCnKB0R2H6+v4w":{"chainKey":{"counter":0,"key":"TsXXZ0dUpzmbTy0JkwswQV+2/6PwJtx4of6AVCUQZhA="},"chainType":1,"messageKeys":{}}},"pendingPreKey":{"signedKeyId":1,"baseKey":"BQAjbhBLUcewlfHTKnbE7me1jFbMLvwtb95VwdKqHZ9e","preKeyId":15181864}}},"version":"v1"}