{"_sessions":{"BU8d1GVyBi1FhVn4sOFKZIr3BgybRliaa8O/+VVrkVk4":{"registrationId":723520434,"currentRatchet":{"ephemeralKeyPair":{"pubKey":"BTWVkITS5gd4dl57czOsMnGF5Xe6ArEaEc4cakJAKcNm","privKey":"OBlIZk1EgQmo6vQEhf1wutpq0sLhNnGmrhfbCBJnQGg="},"lastRemoteEphemeralKey":"BUYsp0WUBxlYQMVFtJL0d//O4WkKegFYJ1h9mSChJ/pz","previousCounter":0,"rootKey":"My7azgJ4BRoj5+irMXhnfPJTpJWsV5FPqXhr+KUCtKE="},"indexInfo":{"baseKey":"BU8d1GVyBi1FhVn4sOFKZIr3BgybRliaa8O/+VVrkVk4","baseKeyType":1,"closed":-1,"used":1746714522190,"created":1746714522190,"remoteIdentityKey":"BYJRhhmwjVNoWD7rJc+wdv/Mdo2er0qYMEdbh6nl7o5n"},"_chains":{"BTWVkITS5gd4dl57czOsMnGF5Xe6ArEaEc4cakJAKcNm":{"chainKey":{"counter":0,"key":"peNtxemieCjVA459hl6SH6yYq57AFd0mgmFh2NEP9b4="},"chainType":1,"messageKeys":{}}},"pendingPreKey":{"signedKeyId":1,"baseKey":"BU8d1GVyBi1FhVn4sOFKZIr3BgybRliaa8O/+VVrkVk4"}}},"version":"v1"}