{"_sessions":{"Bd6SRA0vvRswUljFLJpfH+ehLNTey5i2vRrlpR6lzDFx":{"registrationId":1564943749,"currentRatchet":{"ephemeralKeyPair":{"pubKey":"BZwIUQUUi3CIBe9EBSVZ798Qh+61/FHen0RJS1OCbVYH","privKey":"OJ5UR9zMlSzIA4WH/dsX21BBWz4asncUUhvTk6G9aUQ="},"lastRemoteEphemeralKey":"BZAW02eU2/wcGRDXRmIrB8WGX0zXTBpzsYZvWJ0ZYB9o","previousCounter":0,"rootKey":"0Y06F/pHpSaOXZq1KqV6ODS7lVwx2uZfPAkOg1pLyk4="},"indexInfo":{"baseKey":"Bd6SRA0vvRswUljFLJpfH+ehLNTey5i2vRrlpR6lzDFx","baseKeyType":1,"closed":1746721118471,"used":1746721087111,"created":1746721087111,"remoteIdentityKey":"BToJ5WjMSixrmGB7c9pLSp0gRLYcRBPyVJsYwnj/ogJY"},"_chains":{"BZwIUQUUi3CIBe9EBSVZ798Qh+61/FHen0RJS1OCbVYH":{"chainKey":{"counter":0,"key":"sEvlvtRERseE3kCGOu4miGakCTEtBQkzjXWQC56+CUs="},"chainType":1,"messageKeys":{}}},"pendingPreKey":{"signedKeyId":17,"baseKey":"Bd6SRA0vvRswUljFLJpfH+ehLNTey5i2vRrlpR6lzDFx","preKeyId":7684153}},"BeizdVSBcWaOt+XPDKkALz5gGXBzLB+/pGegwxdwozYs":{"registrationId":1564943749,"currentRatchet":{"ephemeralKeyPair":{"pubKey":"BQ/D3NXxSrnVfCghojA0MMxTmUmtrT9mP1ITh6AM7NYP","privKey":"WMjCWi1Y4lpmNuHx0p5sW9k6Y0nBMUnQIkO8LGwm2l8="},"lastRemoteEphemeralKey":"BZAW02eU2/wcGRDXRmIrB8WGX0zXTBpzsYZvWJ0ZYB9o","previousCounter":0,"rootKey":"9fEIK6T2iYw1Hv9K8Ps0rwYNEfKRKJEibdQ0pjrjvJU="},"indexInfo":{"baseKey":"BeizdVSBcWaOt+XPDKkALz5gGXBzLB+/pGegwxdwozYs","baseKeyType":1,"closed":-1,"used":1746721118093,"created":1746721118093,"remoteIdentityKey":"BToJ5WjMSixrmGB7c9pLSp0gRLYcRBPyVJsYwnj/ogJY"},"_chains":{"BQ/D3NXxSrnVfCghojA0MMxTmUmtrT9mP1ITh6AM7NYP":{"chainKey":{"counter":2,"key":"brE/B1HhEuXwTVWj2A065pOcAmtO7zU3T9G8hxjw8u8="},"chainType":1,"messageKeys":{}}},"pendingPreKey":{"signedKeyId":17,"baseKey":"BeizdVSBcWaOt+XPDKkALz5gGXBzLB+/pGegwxdwozYs","preKeyId":7683964}}},"version":"v1"}