{"_sessions":{"Bc5G4gAPVlQNLYwoOjQNV4sLwzlpZFQU9Di0ij0Q205I":{"registrationId":476592144,"currentRatchet":{"ephemeralKeyPair":{"pubKey":"BRiYZVicEzwSx4VeVjvwiX+gTKrbr1R+qtNO1vPFVWdk","privKey":"SJKqP9om971rmeSJxXWeCnS8L/7ajbj6Cg22norXM3U="},"lastRemoteEphemeralKey":"BRq0e/wyWwv4elyrmz9XsnU93MrSOyFq7rNnUXGwHicj","previousCounter":0,"rootKey":"JVopCwpnKOhriht2+KgHoTlsEOYiCg2vJACshpy6wMw="},"indexInfo":{"baseKey":"Bc5G4gAPVlQNLYwoOjQNV4sLwzlpZFQU9Di0ij0Q205I","baseKeyType":1,"closed":-1,"used":1746714525644,"created":1746714525644,"remoteIdentityKey":"BYUhcsqEMJm1bUpjWhlgGfAzs3fsGNH1Z8YQO1AnOR49"},"_chains":{"BRiYZVicEzwSx4VeVjvwiX+gTKrbr1R+qtNO1vPFVWdk":{"chainKey":{"counter":0,"key":"mYORI4exsMiBlxg7OiLMUeZY3wUaOkhhksJ6PNjQfYo="},"chainType":1,"messageKeys":{}}},"pendingPreKey":{"signedKeyId":769409,"baseKey":"Bc5G4gAPVlQNLYwoOjQNV4sLwzlpZFQU9Di0ij0Q205I","preKeyId":2835}}},"version":"v1"}