{"_sessions":{"BVRW3wiYhdXH2rOpGHWafOe9XMookdebjQrJ6sKQeSQb":{"registrationId":1805432712,"currentRatchet":{"ephemeralKeyPair":{"pubKey":"Bc1fIhLdsbW49BJQooByMZovCpov00yNGqWODhfKRzFN","privKey":"UK9kWn1Agxv/KXb5xuE7l0inm3DCKF6JjQmIJG8zAXY="},"lastRemoteEphemeralKey":"BZtDr0HTK8HIx0MyIEl2L2NJRKBmgAMm7nGPRTMImHgW","previousCounter":0,"rootKey":"g9XFpI6vV023xajxkTsc7kEvX2GXP95e80uzaoJZyTY="},"indexInfo":{"baseKey":"BVRW3wiYhdXH2rOpGHWafOe9XMookdebjQrJ6sKQeSQb","baseKeyType":1,"closed":-1,"used":1746714536210,"created":1746714536210,"remoteIdentityKey":"BWz3qf+mAp14ps25gcUm4LgllwlkVdV4VoKmx4SiXzYT"},"_chains":{"Bc1fIhLdsbW49BJQooByMZovCpov00yNGqWODhfKRzFN":{"chainKey":{"counter":0,"key":"doVwq/YV7bFrgro+ZJRCvpNi2dbz0UHkLddGhV1Bdws="},"chainType":1,"messageKeys":{}}},"pendingPreKey":{"signedKeyId":44,"baseKey":"BVRW3wiYhdXH2rOpGHWafOe9XMookdebjQrJ6sKQeSQb","preKeyId":8151621}}},"version":"v1"}