{"_sessions":{"BV3ZVJ2EueUV7Tf/AGzYvDAE1WH6Ay2r1NnZJM+XAycw":{"registrationId":98,"currentRatchet":{"ephemeralKeyPair":{"pubKey":"BWOF9iD70OBARGqywp/pq35q4tgtRuo68XGl/UkHHHoq","privKey":"4GAE8TV2OL+I5dlRnh5W2oqHGhRBhP4/onrpMvDomkw="},"lastRemoteEphemeralKey":"BcIwMCC9Zx5N8DlmpbdtECBX26pWX0vMng0vXh/PoOlr","previousCounter":0,"rootKey":"egPtR7IhJRNDYcpdKkQPmFL/gdFRUWCZPB+y2TfRzT0="},"indexInfo":{"baseKey":"BV3ZVJ2EueUV7Tf/AGzYvDAE1WH6Ay2r1NnZJM+XAycw","baseKeyType":1,"closed":-1,"used":1746714522214,"created":1746714522214,"remoteIdentityKey":"Bf/MTyq5sAKTsyH2nEhAKQEQuBkjv16GizMw/a4F2cYX"},"_chains":{"BWOF9iD70OBARGqywp/pq35q4tgtRuo68XGl/UkHHHoq":{"chainKey":{"counter":0,"key":"pvCR/DAUi4pjxZ8iKmjdh2gVhNYhDLRWIOHuJjjrP6w="},"chainType":1,"messageKeys":{}}},"pendingPreKey":{"signedKeyId":1,"baseKey":"BV3ZVJ2EueUV7Tf/AGzYvDAE1WH6Ay2r1NnZJM+XAycw"}}},"version":"v1"}