{"_sessions":{"BfV3/iv/L4BPBjgtlrW3ihEx5mogy1T1mFm+Pr/YbVFH":{"registrationId":1176230919,"currentRatchet":{"ephemeralKeyPair":{"pubKey":"Bdk/YJV+c415CYEqIsTc5I//P9UfSy39OPcEAxFzW44u","privKey":"aJYhPhA34wHhTmGTmbGQLwNj4Yh3LylqasorAsHimmA="},"lastRemoteEphemeralKey":"BdiGZ1K72m334tIzxX8BHMZTO/qZNWArdPdQfIosYC9N","previousCounter":0,"rootKey":"+xEgxuVSV86qUt/usV7ZYJABM0V3qeS82EN6A7v6Umw="},"indexInfo":{"baseKey":"BfV3/iv/L4BPBjgtlrW3ihEx5mogy1T1mFm+Pr/YbVFH","baseKeyType":1,"closed":-1,"used":1746714533040,"created":1746714533040,"remoteIdentityKey":"BcKEX8aOid2EWR50X7e/CFrxnA8aaeIXcS0wgaI3QcoK"},"_chains":{"Bdk/YJV+c415CYEqIsTc5I//P9UfSy39OPcEAxFzW44u":{"chainKey":{"counter":0,"key":"GQ0mUjbCp3W+wTU3XF5I7DXsndb4lL1uCIqkJjOrkjM="},"chainType":1,"messageKeys":{}}},"pendingPreKey":{"signedKeyId":17,"baseKey":"BfV3/iv/L4BPBjgtlrW3ihEx5mogy1T1mFm+Pr/YbVFH","preKeyId":12364744}}},"version":"v1"}