{"_sessions":{"Be1Z/KpZutpltZGxmQQ+0pANSsBXyCU4969pm8DL7Xhw":{"registrationId":1650739689,"currentRatchet":{"ephemeralKeyPair":{"pubKey":"BdB2Wc6pef9GHgVy5ObzYpJEItwJrlMoa3gJc4Rz+goH","privKey":"aH/IT6KOR/eO8JTlrYQKNG7Eidwnnmc9IeqghjtsC1o="},"lastRemoteEphemeralKey":"BdbjuY8YpoKsK0QlwlKHJ1NPX4+AwwHRRHRfjAofLB0Q","previousCounter":0,"rootKey":"jkgEs43SoMBKxGwXkj3qbLzoprHKityTcGOjOeRj7/M="},"indexInfo":{"baseKey":"Be1Z/KpZutpltZGxmQQ+0pANSsBXyCU4969pm8DL7Xhw","baseKeyType":1,"closed":1746721104118,"used":1746721072979,"created":1746721072979,"remoteIdentityKey":"BYZhCBbG3Z8Om3co1k4iBDMyC30/JkFR9nraT99Iach/"},"_chains":{"BdB2Wc6pef9GHgVy5ObzYpJEItwJrlMoa3gJc4Rz+goH":{"chainKey":{"counter":0,"key":"YmUM38Bp19N6Wdndg9m9y1gpCDsdmOMQ+qAW46HPjA0="},"chainType":1,"messageKeys":{}}},"pendingPreKey":{"signedKeyId":10,"baseKey":"Be1Z/KpZutpltZGxmQQ+0pANSsBXyCU4969pm8DL7Xhw","preKeyId":4003972}},"BdUUtmlmJyaooXHi+d2OFqUztf5p2HvGWi9xRxLT3b9a":{"registrationId":1650739689,"currentRatchet":{"ephemeralKeyPair":{"pubKey":"BaLX2odShbVM9DP7avTRzSZnAzlIjgWDsJ4J5kLiA4to","privKey":"2FCRqrODMtrm+T1exX5IISqXWusTOKJRHckGejV/JHs="},"lastRemoteEphemeralKey":"BdbjuY8YpoKsK0QlwlKHJ1NPX4+AwwHRRHRfjAofLB0Q","previousCounter":0,"rootKey":"CmtOVi/Q5MRFc/PO9NmCbzA25oXyngRUny2E6+bXEy0="},"indexInfo":{"baseKey":"BdUUtmlmJyaooXHi+d2OFqUztf5p2HvGWi9xRxLT3b9a","baseKeyType":1,"closed":-1,"used":1746721103903,"created":1746721103903,"remoteIdentityKey":"BYZhCBbG3Z8Om3co1k4iBDMyC30/JkFR9nraT99Iach/"},"_chains":{"BaLX2odShbVM9DP7avTRzSZnAzlIjgWDsJ4J5kLiA4to":{"chainKey":{"counter":2,"key":"nRfmFeu1vYpcKO/v6WzK0jBP48ZBrRJo9D05u9mENVA="},"chainType":1,"messageKeys":{}}},"pendingPreKey":{"signedKeyId":10,"baseKey":"BdUUtmlmJyaooXHi+d2OFqUztf5p2HvGWi9xRxLT3b9a","preKeyId":4003318}}},"version":"v1"}