{"_sessions":{"BXwXhGrdQZUuBaOBmyHoXLQ/5mcGLYR3g0sL63kjAHMw":{"registrationId":1463399541,"currentRatchet":{"ephemeralKeyPair":{"pubKey":"BVk02Duz/baWkXW8t0Xclfm9eJpOFr09oH9NbHf9twQC","privKey":"AJWPE1mPiIVxMv0Kic6DWtrzOtVo7Wn+MTGstPqfLkQ="},"lastRemoteEphemeralKey":"Bfrgfo8ofWlTRLYhd4vp1dtfBBHr+dKt3k1/3MQ9Kbss","previousCounter":0,"rootKey":"J7dBSlIv2tlmiQF0bKzjdpL7VK9o86bx4+ztVZ5ZmPU="},"indexInfo":{"baseKey":"BXwXhGrdQZUuBaOBmyHoXLQ/5mcGLYR3g0sL63kjAHMw","baseKeyType":1,"closed":1746721111350,"used":1746721080203,"created":1746721080203,"remoteIdentityKey":"BbvyjY+P85V1ZrV8VabmVIipIxF1t7S4en2KQqzcPv52"},"_chains":{"BVk02Duz/baWkXW8t0Xclfm9eJpOFr09oH9NbHf9twQC":{"chainKey":{"counter":0,"key":"oGSHDLE+j6ishDpkGwGXUxr7BNPvjG9RUwU2ZUqSuFY="},"chainType":1,"messageKeys":{}}},"pendingPreKey":{"signedKeyId":3,"baseKey":"BXwXhGrdQZUuBaOBmyHoXLQ/5mcGLYR3g0sL63kjAHMw","preKeyId":3463659}},"BYK4DWJWCLXDg57iJ1lgVV3h3SPPhpyw2FCAVR61kdt2":{"registrationId":1463399541,"currentRatchet":{"ephemeralKeyPair":{"pubKey":"BauNiXU+M07vVeryNhepAuCgCekL2s/9SAr3+TW2ZVB4","privKey":"wFUikvtvo1Y/Yt3pE7cKM9udYHMUYNmv/KHyE39AhWI="},"lastRemoteEphemeralKey":"Bfrgfo8ofWlTRLYhd4vp1dtfBBHr+dKt3k1/3MQ9Kbss","previousCounter":0,"rootKey":"7wRbF6nJLEZTr0RzWd7YQrYFLnjiQWpwGPfLGZsab7A="},"indexInfo":{"baseKey":"BYK4DWJWCLXDg57iJ1lgVV3h3SPPhpyw2FCAVR61kdt2","baseKeyType":1,"closed":-1,"used":1746721111136,"created":1746721111136,"remoteIdentityKey":"BbvyjY+P85V1ZrV8VabmVIipIxF1t7S4en2KQqzcPv52"},"_chains":{"BauNiXU+M07vVeryNhepAuCgCekL2s/9SAr3+TW2ZVB4":{"chainKey":{"counter":2,"key":"6aQNBNwOUi5R+GJTU0J9vqjrICKaARe59Ie7X3pmyT4="},"chainType":1,"messageKeys":{}}},"pendingPreKey":{"signedKeyId":3,"baseKey":"BYK4DWJWCLXDg57iJ1lgVV3h3SPPhpyw2FCAVR61kdt2","preKeyId":3464043}}},"version":"v1"}