{"_sessions":{"BfyflZE2Zu+uAW+vX8diojjYrXeu4Kh03shZPsWlx55i":{"registrationId":1710508367,"currentRatchet":{"ephemeralKeyPair":{"pubKey":"BbrRJmHIAul5k5G6I3aXgxREU0+ptUEXelg0ZdGXnl43","privKey":"0CFfJNO60fmwhe/JZu7Ykw1RwtQzdzP2VeBvh6Lkw0s="},"lastRemoteEphemeralKey":"BZgU1Q3p54tcP6MB+iRfZAs96EzHqm8H7/fDwS6lsdFq","previousCounter":0,"rootKey":"7VrCrYx2jjrw5vQsek855oMsAK0+jAh1KC5RXCARqFA="},"indexInfo":{"baseKey":"BfyflZE2Zu+uAW+vX8diojjYrXeu4Kh03shZPsWlx55i","baseKeyType":1,"closed":-1,"used":1746714529293,"created":1746714529293,"remoteIdentityKey":"BRzWWXlNrJjo9HH2Y0NlQMyM593cwzpbFXSW1l8Q78JX"},"_chains":{"BbrRJmHIAul5k5G6I3aXgxREU0+ptUEXelg0ZdGXnl43":{"chainKey":{"counter":0,"key":"a8rCHd/PtfmqrN+PKNvg9xbSjSlsMX3JenI8nwWFa64="},"chainType":1,"messageKeys":{}}},"pendingPreKey":{"signedKeyId":1,"baseKey":"BfyflZE2Zu+uAW+vX8diojjYrXeu4Kh03shZPsWlx55i","preKeyId":6986264}}},"version":"v1"}