{"_sessions":{"BYlaWaTOdWKxjgs9v2xGsv3oVOcmtGPM10oL8UJknedh":{"registrationId":1399614357,"currentRatchet":{"ephemeralKeyPair":{"pubKey":"BVwJD4jpVgttZt4HauTOJjyhR+Lkd03TC+Oy97pWiXQH","privKey":"SBJeYYr6I39yKYSaxEfV1nLt0rOn2kuLPC2QJwWJ41k="},"lastRemoteEphemeralKey":"BW3jSy3KRvmskiWqjpDsRy2ah4+hNu7kBq0cM1SXm6YT","previousCounter":0,"rootKey":"llbLlp9sk9Daa/z765ncTmPC0SHvNOcxKV0lhYRFhNA="},"indexInfo":{"baseKey":"BYlaWaTOdWKxjgs9v2xGsv3oVOcmtGPM10oL8UJknedh","baseKeyType":1,"closed":1746721107807,"used":1746721075952,"created":1746721075952,"remoteIdentityKey":"BQJWuzpkH7zFJ9RW2H8DLutVNKELrg/7ssogpqp2g9BW"},"_chains":{"BVwJD4jpVgttZt4HauTOJjyhR+Lkd03TC+Oy97pWiXQH":{"chainKey":{"counter":0,"key":"5l/E0iwgGFSygB2CDO0qJ4mlw7b4G2pHYvkDJe2vhcU="},"chainType":1,"messageKeys":{}}},"pendingPreKey":{"signedKeyId":9,"baseKey":"BYlaWaTOdWKxjgs9v2xGsv3oVOcmtGPM10oL8UJknedh","preKeyId":1658887}},"BfA27PBuHen/MQGpsKH5fnWFdxTkDPWqOlpSL5u+Jogq":{"registrationId":1399614357,"currentRatchet":{"ephemeralKeyPair":{"pubKey":"BdLvHBi1r1oo4bgB1WEI+t2n8iKVpH219aMCkj5SfeVp","privKey":"qHfcy0vSfUmUsJcsUoMyglPdiohtJL52BB7NxdneGkQ="},"lastRemoteEphemeralKey":"BW3jSy3KRvmskiWqjpDsRy2ah4+hNu7kBq0cM1SXm6YT","previousCounter":0,"rootKey":"Zv7pEFVkqRVKRlzf3AuFxMpFGDkV6wSvwme0tkhlleE="},"indexInfo":{"baseKey":"BfA27PBuHen/MQGpsKH5fnWFdxTkDPWqOlpSL5u+Jogq","baseKeyType":1,"closed":-1,"used":1746721107510,"created":1746721107510,"remoteIdentityKey":"BQJWuzpkH7zFJ9RW2H8DLutVNKELrg/7ssogpqp2g9BW"},"_chains":{"BdLvHBi1r1oo4bgB1WEI+t2n8iKVpH219aMCkj5SfeVp":{"chainKey":{"counter":2,"key":"fMzvEa1RzGK8qXLYoa45PRNIQCNGy1v2Sy+bTs28ohM="},"chainType":1,"messageKeys":{}}},"pendingPreKey":{"signedKeyId":9,"baseKey":"BfA27PBuHen/MQGpsKH5fnWFdxTkDPWqOlpSL5u+Jogq","preKeyId":1658860}}},"version":"v1"}