{"_sessions":{"BWSmJ0f79C55fF5NpBZlEJww/Ohd1x+QkBEfZ3LWH/RH":{"registrationId":4058203764,"currentRatchet":{"ephemeralKeyPair":{"pubKey":"BUoM+Zy8E/tzoJb7PAPGzhrdAVnxFHscZPnHpmupm1dH","privKey":"eDGk82aY1QVuPcidJ/UPrRvSPSthlon3Jhggzqp0tXM="},"lastRemoteEphemeralKey":"BZ1t8Wkzan/Hxs9js+Pb7s0/jfoMbab0wdqVp7hifvBD","previousCounter":0,"rootKey":"6keAQEdGGg5VCFKvC4FbnZd6+G3t59QzOKA+pfFu3+0="},"indexInfo":{"baseKey":"BWSmJ0f79C55fF5NpBZlEJww/Ohd1x+QkBEfZ3LWH/RH","baseKeyType":1,"closed":1746721099135,"used":1746721068917,"created":1746721068917,"remoteIdentityKey":"BeLlP/a/hyGPOlaTa1OZPOn0TJGU8GiZ1lCsej3VRSQF"},"_chains":{"BUoM+Zy8E/tzoJb7PAPGzhrdAVnxFHscZPnHpmupm1dH":{"chainKey":{"counter":0,"key":"qyQYKfTEpBMIqiyviejMUfyHyEcdqXFMuOAqEO1M15k="},"chainType":1,"messageKeys":{}}},"pendingPreKey":{"signedKeyId":1,"baseKey":"BWSmJ0f79C55fF5NpBZlEJww/Ohd1x+QkBEfZ3LWH/RH"}},"BRD1giax2YctTHI8VR8pTpv8nOGvh428wglACNulDAoX":{"registrationId":4058203764,"currentRatchet":{"ephemeralKeyPair":{"pubKey":"BTUq9LgAq1MCXIi4A43Y0aq0F7qZ/1NfDHYbFYxn5wp7","privKey":"cMYXoe13S924JH8D9e7bvpqtgFFkWtTEoC76SQl2glM="},"lastRemoteEphemeralKey":"BZ1t8Wkzan/Hxs9js+Pb7s0/jfoMbab0wdqVp7hifvBD","previousCounter":0,"rootKey":"2CpQSsE0VAOnM5/+kH7pMUti5OYeiUNk0GDzp/7HT9Q="},"indexInfo":{"baseKey":"BRD1giax2YctTHI8VR8pTpv8nOGvh428wglACNulDAoX","baseKeyType":1,"closed":1746721258230,"used":1746721098608,"created":1746721098608,"remoteIdentityKey":"BeLlP/a/hyGPOlaTa1OZPOn0TJGU8GiZ1lCsej3VRSQF"},"_chains":{"BTUq9LgAq1MCXIi4A43Y0aq0F7qZ/1NfDHYbFYxn5wp7":{"chainKey":{"counter":0,"key":"eK7YdQMc21PsiJKZIQWHLxe44U4NWViSF76DbBelo5Y="},"chainType":1,"messageKeys":{}}},"pendingPreKey":{"signedKeyId":1,"baseKey":"BRD1giax2YctTHI8VR8pTpv8nOGvh428wglACNulDAoX"}},"BQcEft5v3cXZOJlci+sHlm4j2fnVY7w4ik7XyppgTb5t":{"registrationId":4058203764,"currentRatchet":{"ephemeralKeyPair":{"pubKey":"BbeWBiaOjPp6jTHB59PMLAsypngW5XZ5MlGq1Rzvj20e","privKey":"UAyG+IPo7r3T4y8vHrrBiegWGpYGXbKXoB6YXo9Vonw="},"lastRemoteEphemeralKey":"BZ1t8Wkzan/Hxs9js+Pb7s0/jfoMbab0wdqVp7hifvBD","previousCounter":0,"rootKey":"TYxAcXcAS28mwBFUMdvfYUP30wLryFDXNDo1QypV+Z4="},"indexInfo":{"baseKey":"BQcEft5v3cXZOJlci+sHlm4j2fnVY7w4ik7XyppgTb5t","baseKeyType":1,"closed":-1,"used":1746721258222,"created":1746721258222,"remoteIdentityKey":"BeLlP/a/hyGPOlaTa1OZPOn0TJGU8GiZ1lCsej3VRSQF"},"_chains":{"BbeWBiaOjPp6jTHB59PMLAsypngW5XZ5MlGq1Rzvj20e":{"chainKey":{"counter":1,"key":"ADf+SQo0j3R3fn09EbEQeq3060eOvQAGNPSMW1OoyAQ="},"chainType":1,"messageKeys":{}}},"pendingPreKey":{"signedKeyId":1,"baseKey":"BQcEft5v3cXZOJlci+sHlm4j2fnVY7w4ik7XyppgTb5t"}}},"version":"v1"}