{"_sessions":{"BQwM0mUb6LCZHwEK+iFpP+2bXcwOPeNWr/yWfjzetuIW":{"registrationId":7569,"currentRatchet":{"ephemeralKeyPair":{"pubKey":"BXi7W6u+ESSOvgBKwu0jYfy95zInYzcaI8bM6rOkO6oj","privKey":"OOwEC0Lrh/FII+aHuO7lRzF+RNheMZF6MTwLx5R2Pm8="},"lastRemoteEphemeralKey":"BQA7Elid/EDDGMeZhLzfwxKeu5Hun3/mKhrtqZt3Mgon","previousCounter":0,"rootKey":"N2R+vryrttMb5eALskbQwkO5aZDJFEikCWpDKOgFcRc="},"indexInfo":{"baseKey":"BQwM0mUb6LCZHwEK+iFpP+2bXcwOPeNWr/yWfjzetuIW","baseKeyType":1,"closed":1746721099208,"used":1746721069014,"created":1746721069014,"remoteIdentityKey":"BRitNRmCds/IsYYwuAe9sAl9IrMzVhT2Ur83JcUgPQxR"},"_chains":{"BXi7W6u+ESSOvgBKwu0jYfy95zInYzcaI8bM6rOkO6oj":{"chainKey":{"counter":0,"key":"UoXloowEvjWdL/g9VEmvW9aXE/xGiJvrJTsYDkyF5hM="},"chainType":1,"messageKeys":{}}},"pendingPreKey":{"signedKeyId":1,"baseKey":"BQwM0mUb6LCZHwEK+iFpP+2bXcwOPeNWr/yWfjzetuIW"}},"BUGC4X5IMtS5iPEKwyzYqwnI4iMLme/3avKL4HrFUX81":{"registrationId":7569,"currentRatchet":{"ephemeralKeyPair":{"pubKey":"BSVK6Qq+uA/fQXGq4Z9C3YVhzhbu7/YMl/OdpqDRpkkA","privKey":"MIrjcA1LBXt+4vZEjiYFk+dFbDXKUW44SEslilFBwWk="},"lastRemoteEphemeralKey":"BQA7Elid/EDDGMeZhLzfwxKeu5Hun3/mKhrtqZt3Mgon","previousCounter":0,"rootKey":"1Y4ACiUPoACF+GsW58O0k+ObXg/MZkp0tynxjbMPVs0="},"indexInfo":{"baseKey":"BUGC4X5IMtS5iPEKwyzYqwnI4iMLme/3avKL4HrFUX81","baseKeyType":1,"closed":-1,"used":1746721098687,"created":1746721098687,"remoteIdentityKey":"BRitNRmCds/IsYYwuAe9sAl9IrMzVhT2Ur83JcUgPQxR"},"_chains":{"BSVK6Qq+uA/fQXGq4Z9C3YVhzhbu7/YMl/OdpqDRpkkA":{"chainKey":{"counter":2,"key":"hRnx6h+vLGsqXuN2LfQncHpNajGDofbEaJxQIYRvsGE="},"chainType":1,"messageKeys":{}}},"pendingPreKey":{"signedKeyId":1,"baseKey":"BUGC4X5IMtS5iPEKwyzYqwnI4iMLme/3avKL4HrFUX81"}}},"version":"v1"}