{"_sessions":{"BVp1GLT0CxANmkDYp7DYXWa/cJw8LQcnCxTsc3mgoyEi":{"registrationId":1796858401,"currentRatchet":{"ephemeralKeyPair":{"pubKey":"BWHQkTM7Zd5WcATI8CUtBtH9OoIg4Bv/bd8BceRJqgw1","privKey":"YCQ7pkXLUb1GoI8Fg5WCaa++xUpCHF0VfUwCzyy3dmY="},"lastRemoteEphemeralKey":"BX+ZZqrijvEhNxgcAwsh4aJMo2cU2oxr3RQr61pAc9Y/","previousCounter":0,"rootKey":"oIQewNyLc6yOZCvKKzYCZvGa1AQE+N0vvjFCpV9+yZ8="},"indexInfo":{"baseKey":"BVp1GLT0CxANmkDYp7DYXWa/cJw8LQcnCxTsc3mgoyEi","baseKeyType":1,"closed":-1,"used":1746714529213,"created":1746714529213,"remoteIdentityKey":"BduJxjGZAZ94yvFbMb7/TxtwdyRAeEN4ZX7a/rCCF8lq"},"_chains":{"BWHQkTM7Zd5WcATI8CUtBtH9OoIg4Bv/bd8BceRJqgw1":{"chainKey":{"counter":0,"key":"zz2HdQGbGYBjynL/6+1cuHJaAFuR009Q8VHsI09QbCI="},"chainType":1,"messageKeys":{}}},"pendingPreKey":{"signedKeyId":10170598,"baseKey":"BVp1GLT0CxANmkDYp7DYXWa/cJw8LQcnCxTsc3mgoyEi"}}},"version":"v1"}