{"_sessions":{"BQxdR1T0tjc3dFWQBO9lcRSLkvvohOe7+xqw+cJwii8j":{"registrationId":2073949239,"currentRatchet":{"ephemeralKeyPair":{"pubKey":"BbNMGvq0Je7Yzhqhol4+WYl9+VrHWrIVYK/yz8sGupga","privKey":"WGU84KMMPI1WN78U1ZKLx+ZhTBtgwXvYUiJIt3pwxXw="},"lastRemoteEphemeralKey":"BXHzSLRLWi8a0Yq5Dj4eUEuh9xC9hdR36i+sr1cyWktS","previousCounter":0,"rootKey":"dZXWtLVUPiiwzNd9ZRaKhLvce/gh2bdcb2o3insUcTk="},"indexInfo":{"baseKey":"BQxdR1T0tjc3dFWQBO9lcRSLkvvohOe7+xqw+cJwii8j","baseKeyType":1,"closed":1746721111347,"used":1746721080181,"created":1746721080181,"remoteIdentityKey":"Ba5bgIGXvM3snLiYIivt/6RZD69vgxaSD9H0NO4pbU18"},"_chains":{"BbNMGvq0Je7Yzhqhol4+WYl9+VrHWrIVYK/yz8sGupga":{"chainKey":{"counter":0,"key":"N/EdH4e3OZ0H4ivSoNbvSWi92CfJ6okMYnVWiXio+WA="},"chainType":1,"messageKeys":{}}},"pendingPreKey":{"signedKeyId":5,"baseKey":"BQxdR1T0tjc3dFWQBO9lcRSLkvvohOe7+xqw+cJwii8j","preKeyId":15410085}},"BTSCvuJeThygq3uVCDpuQTGv4POkTQj4GJml4dLBMk08":{"registrationId":2073949239,"currentRatchet":{"ephemeralKeyPair":{"pubKey":"BTJJ22hN3kuUjP9BgduhEYSpQ8YvhRAGoUwZTeIeNwdK","privKey":"uEYnQxfr+556Twznc48tWcqHSSj41/Em3yRwnClPA04="},"lastRemoteEphemeralKey":"BXHzSLRLWi8a0Yq5Dj4eUEuh9xC9hdR36i+sr1cyWktS","previousCounter":0,"rootKey":"723j4J7M9wnx1vGje43xqZBx6xw8BZDQOr6zD86++EY="},"indexInfo":{"baseKey":"BTSCvuJeThygq3uVCDpuQTGv4POkTQj4GJml4dLBMk08","baseKeyType":1,"closed":-1,"used":1746721111116,"created":1746721111116,"remoteIdentityKey":"Ba5bgIGXvM3snLiYIivt/6RZD69vgxaSD9H0NO4pbU18"},"_chains":{"BTJJ22hN3kuUjP9BgduhEYSpQ8YvhRAGoUwZTeIeNwdK":{"chainKey":{"counter":2,"key":"rMyobfzan2gOdDSynTiE+ysCkLoAUt5UCIFmKRi16T8="},"chainType":1,"messageKeys":{}}},"pendingPreKey":{"signedKeyId":5,"baseKey":"BTSCvuJeThygq3uVCDpuQTGv4POkTQj4GJml4dLBMk08","preKeyId":15410477}}},"version":"v1"}