{"_sessions":{"BbxcX91MEBuOQWqWrCsx74QaveF3Uw655n/IYGLclIVJ":{"registrationId":399782190,"currentRatchet":{"ephemeralKeyPair":{"pubKey":"Bb8LxwEsKFHt1JyFB9tOfhJR84Qpb6DPGCKBbHfoxXFk","privKey":"KJRQZdlrKe1kPQgYvX2XVmUbybzwso9x0WXhaErgPm4="},"lastRemoteEphemeralKey":"BR0hi/M1bE0//uMIyGsujRPFaXyjwFwUQKOisSU25atM","previousCounter":0,"rootKey":"u4YDdI+MwlpsDQ1wztp5wDce0T6uki3G6PNoURBCn5c="},"indexInfo":{"baseKey":"BbxcX91MEBuOQWqWrCsx74QaveF3Uw655n/IYGLclIVJ","baseKeyType":1,"closed":1746721099075,"used":1746721068765,"created":1746721068765,"remoteIdentityKey":"BQQJ4F4SAl/wIUG49fM3/lYQnX+wRcKiSZGFaPdDi1c6"},"_chains":{"Bb8LxwEsKFHt1JyFB9tOfhJR84Qpb6DPGCKBbHfoxXFk":{"chainKey":{"counter":0,"key":"IpoGkusEbxwPNf25DWhBY6v8fYgeFjKVA2OLGrSbrTM="},"chainType":1,"messageKeys":{}}},"pendingPreKey":{"signedKeyId":1,"baseKey":"BbxcX91MEBuOQWqWrCsx74QaveF3Uw655n/IYGLclIVJ","preKeyId":1438}},"BbxTQXMxURdbsH/A3yDishk0accLwxZ50qt44JvKxiRB":{"registrationId":399782190,"currentRatchet":{"ephemeralKeyPair":{"pubKey":"BYhr9Om862Rfl6U30ns/LQjBvRYhOxL1gHgJz/eugKhC","privKey":"YJPDmQ2bmIRGaHxKovBXHxnhVccQ2hu2cTRznkA+wl8="},"lastRemoteEphemeralKey":"BR0hi/M1bE0//uMIyGsujRPFaXyjwFwUQKOisSU25atM","previousCounter":0,"rootKey":"XDm1co6YSfYMI0/mPgLH5m220B5P755AY183Vz+lqRw="},"indexInfo":{"baseKey":"BbxTQXMxURdbsH/A3yDishk0accLwxZ50qt44JvKxiRB","baseKeyType":1,"closed":-1,"used":1746721098472,"created":1746721098472,"remoteIdentityKey":"BQQJ4F4SAl/wIUG49fM3/lYQnX+wRcKiSZGFaPdDi1c6"},"_chains":{"BYhr9Om862Rfl6U30ns/LQjBvRYhOxL1gHgJz/eugKhC":{"chainKey":{"counter":2,"key":"X7Ravu4wVk9dQqq1ul/Lz6ZZ95YvY32YPtbEiFzBs/g="},"chainType":1,"messageKeys":{}}},"pendingPreKey":{"signedKeyId":1,"baseKey":"BbxTQXMxURdbsH/A3yDishk0accLwxZ50qt44JvKxiRB","preKeyId":1112}}},"version":"v1"}