{"_sessions":{"BfXD6WaonvuBe2LKpZbayGE9k0fxzbpmrXGBGyKYUzx+":{"registrationId":1861809113,"currentRatchet":{"ephemeralKeyPair":{"pubKey":"BQGNeewa1ph2lkRZOg+Fqbik76cZohiDCmdavU3Pvag7","privKey":"2Mrtx7hwdtUqEM9VGHAw2a4EH2j7ydH9HGKk8QMrTlo="},"lastRemoteEphemeralKey":"BdmUE+PFD9aOo3EAFFo/XlhjaoNf/eDAN6G85l/cpG5d","previousCounter":0,"rootKey":"foWFAMpoGoGa3jQ1zvh52CSCbCtaAbgQPsqWYqH9q4w="},"indexInfo":{"baseKey":"BfXD6WaonvuBe2LKpZbayGE9k0fxzbpmrXGBGyKYUzx+","baseKeyType":1,"closed":1746721107754,"used":1746721075749,"created":1746721075749,"remoteIdentityKey":"BS5vvBQeGdIAEEiQW99yQpQVtD126RhGDfn+uWIHE6Vl"},"_chains":{"BQGNeewa1ph2lkRZOg+Fqbik76cZohiDCmdavU3Pvag7":{"chainKey":{"counter":0,"key":"PULY1f1GE5tXKIpyp7mQRepu5UKFok768y+nZ2eSUPk="},"chainType":1,"messageKeys":{}}},"pendingPreKey":{"signedKeyId":5,"baseKey":"BfXD6WaonvuBe2LKpZbayGE9k0fxzbpmrXGBGyKYUzx+","preKeyId":9997383}},"BeWreQjhOvSdpv/dFAsSI3QA85iPLLc3agxZgd6SQbxj":{"registrationId":1861809113,"currentRatchet":{"ephemeralKeyPair":{"pubKey":"BZt9BwkygjGilBkOykjIUZt3UCIUffS3r9UgFNoPc1U5","privKey":"gMfdrGTVKJOL6Wzuk5zSCZS20UlvhMWAFrrjiFsH3ko="},"lastRemoteEphemeralKey":"BdmUE+PFD9aOo3EAFFo/XlhjaoNf/eDAN6G85l/cpG5d","previousCounter":0,"rootKey":"qtu1412W6nZTreTgemdpy/QZ4ySfcNLAcJXw4fckuh4="},"indexInfo":{"baseKey":"BeWreQjhOvSdpv/dFAsSI3QA85iPLLc3agxZgd6SQbxj","baseKeyType":1,"closed":-1,"used":1746721107328,"created":1746721107328,"remoteIdentityKey":"BS5vvBQeGdIAEEiQW99yQpQVtD126RhGDfn+uWIHE6Vl"},"_chains":{"BZt9BwkygjGilBkOykjIUZt3UCIUffS3r9UgFNoPc1U5":{"chainKey":{"counter":2,"key":"TBTMhYBavupxCVmusSYkgli/fAm+32gmgt7zXZSZyIw="},"chainType":1,"messageKeys":{}}},"pendingPreKey":{"signedKeyId":5,"baseKey":"BeWreQjhOvSdpv/dFAsSI3QA85iPLLc3agxZgd6SQbxj","preKeyId":9997533}}},"version":"v1"}