{"_sessions":{"BcTUQ1myxPi3Pe9XxHxfZe5NGju7cMVsTQGmhCuIrR5D":{"registrationId":593728541,"currentRatchet":{"ephemeralKeyPair":{"pubKey":"BbGrbNAZNriYmYXiZCZlxBzEKyysCvGOJ+g2naT1Kxpu","privKey":"GFeNSJ5fNIrMvj4vAAkXsKuMM/hxiTG4KAM9nXJyiHY="},"lastRemoteEphemeralKey":"BesRQJBqF0pZzN5gOXFTgEdEGIVj0PHr5X6AH25jiKo2","previousCounter":0,"rootKey":"EWXnZ76BrUnRSTA7aBt7qHRHiVIjqE1NElxAv6stlds="},"indexInfo":{"baseKey":"BcTUQ1myxPi3Pe9XxHxfZe5NGju7cMVsTQGmhCuIrR5D","baseKeyType":1,"closed":1746721118480,"used":1746721087148,"created":1746721087148,"remoteIdentityKey":"BX9rEdnBLgftqR3xL4kNjcst+lXJ1RYbHPLfNkrMTLco"},"_chains":{"BbGrbNAZNriYmYXiZCZlxBzEKyysCvGOJ+g2naT1Kxpu":{"chainKey":{"counter":0,"key":"51visAI+jG7FzlhF0vrGS9u5tcCv6GIo1IFMOXo9K0s="},"chainType":1,"messageKeys":{}}},"pendingPreKey":{"signedKeyId":3,"baseKey":"BcTUQ1myxPi3Pe9XxHxfZe5NGju7cMVsTQGmhCuIrR5D","preKeyId":10006952}},"Be3mGvCBCoKyua6gc4dkjZUEfMIA+RPDY1tGvcLXFjNJ":{"registrationId":593728541,"currentRatchet":{"ephemeralKeyPair":{"pubKey":"Bf9O/njI0Pu8ZtrBxz82GHVlUySInQBDpMdDWwVfg1la","privKey":"KAHPEvL6JuK7PpYpvUefFAV0kic/9AaiiKVVohK3h1s="},"lastRemoteEphemeralKey":"BesRQJBqF0pZzN5gOXFTgEdEGIVj0PHr5X6AH25jiKo2","previousCounter":0,"rootKey":"YR0Yi74s7s5nzMRMUlywW+LdrlFFmWa2uZKd8TXyGsY="},"indexInfo":{"baseKey":"Be3mGvCBCoKyua6gc4dkjZUEfMIA+RPDY1tGvcLXFjNJ","baseKeyType":1,"closed":-1,"used":1746721118139,"created":1746721118139,"remoteIdentityKey":"BX9rEdnBLgftqR3xL4kNjcst+lXJ1RYbHPLfNkrMTLco"},"_chains":{"Bf9O/njI0Pu8ZtrBxz82GHVlUySInQBDpMdDWwVfg1la":{"chainKey":{"counter":2,"key":"/ZEOGMooYWIrpBWLcRjSYi9mm8xyFo7U0y4a0zTpX+I="},"chainType":1,"messageKeys":{}}},"pendingPreKey":{"signedKeyId":3,"baseKey":"Be3mGvCBCoKyua6gc4dkjZUEfMIA+RPDY1tGvcLXFjNJ","preKeyId":10007108}}},"version":"v1"}