{"_sessions":{"BWtiU2S5G4lWU59GPTlY9LBYlcbJw18y0OqQmlUtH2s2":{"registrationId":143,"currentRatchet":{"ephemeralKeyPair":{"pubKey":"BUFK4lILwlVHAqa4vrx4dgqIOz9ZOFCy3PMnSoRkzx8x","privKey":"IDucfpLcZvL78PURCMiTHG9y7I218B4snUtYMyCNvkM="},"lastRemoteEphemeralKey":"BZxN46ExuMZ0V7B8TrSYKbfsO8/iu0HRknsaxdP7sIp5","previousCounter":0,"rootKey":"JcVlMOFQi26mypwVdmvXi7PnU4/XBUEVHVDC0kuw6kI="},"indexInfo":{"baseKey":"BWtiU2S5G4lWU59GPTlY9LBYlcbJw18y0OqQmlUtH2s2","baseKeyType":1,"closed":1746721099295,"used":1746721069092,"created":1746721069092,"remoteIdentityKey":"BXRfGIpLU1c0++NpWVXx8IhKyFPq47w05rDGifmyAsoD"},"_chains":{"BUFK4lILwlVHAqa4vrx4dgqIOz9ZOFCy3PMnSoRkzx8x":{"chainKey":{"counter":0,"key":"+VsIZ0zalVhnjm4U4pJEiz50QlOfAzMoFmriwWXNgiM="},"chainType":1,"messageKeys":{}}},"pendingPreKey":{"signedKeyId":1,"baseKey":"BWtiU2S5G4lWU59GPTlY9LBYlcbJw18y0OqQmlUtH2s2"}},"BX5kfbUTynHp2tleA6BBG5NT6J+fyQcqBDItSBuXqn1U":{"registrationId":143,"currentRatchet":{"ephemeralKeyPair":{"pubKey":"BSMlpzbBZVtvz5ROJpx9v7L0CZQZKRGiyf+gOol3Tppz","privKey":"+PjqRnjIglGyWecST/VBDRrb1ouOLRVRlocbwMfF32Y="},"lastRemoteEphemeralKey":"BTgfRiL5h5MmyxMZYMFUqByOCrHbXShgTNJI6vSnZvMu","previousCounter":1,"rootKey":"QV5s1XwiGmddUixfo7x0/x0GjD3N2JI99n3nO06xWjY="},"indexInfo":{"baseKey":"BX5kfbUTynHp2tleA6BBG5NT6J+fyQcqBDItSBuXqn1U","baseKeyType":1,"closed":1746721279749,"used":1746721281065,"created":1746721098753,"remoteIdentityKey":"BXRfGIpLU1c0++NpWVXx8IhKyFPq47w05rDGifmyAsoD"},"_chains":{"BTgfRiL5h5MmyxMZYMFUqByOCrHbXShgTNJI6vSnZvMu":{"chainKey":{"counter":0,"key":"rp2QQkTGQhc+vcvm83jBduGWTfHIYI4stWUoqQUeBig="},"chainType":2,"messageKeys":{}},"BSMlpzbBZVtvz5ROJpx9v7L0CZQZKRGiyf+gOol3Tppz":{"chainKey":{"counter":-1,"key":"y46BTfDyPrMksYG5xRgWlnzxISdegOPkZXlF0/weWV8="},"chainType":1,"messageKeys":{}}}},"BTr2VgcCpi6eCeZp/pLeYdJO0Wosib7O+BUOXRXDqkUv":{"registrationId":143,"currentRatchet":{"ephemeralKeyPair":{"pubKey":"BSaJnAKshjjE7rote4jugSdHjLKjObjS034SgTqbphoE","privKey":"+LhftaRGtvb/EjTQZvIAAG7OIvOShL8uk3WEtKJAQ1E="},"lastRemoteEphemeralKey":"BTgfRiL5h5MmyxMZYMFUqByOCrHbXShgTNJI6vSnZvMu","previousCounter":-1,"rootKey":"lc0cARmr5VL3+7bu+xdsFB31LFQwE98oJMgx68Crees="},"indexInfo":{"baseKey":"BTr2VgcCpi6eCeZp/pLeYdJO0Wosib7O+BUOXRXDqkUv","baseKeyType":1,"closed":1746721282940,"used":1746721279741,"created":1746721279741,"remoteIdentityKey":"BXRfGIpLU1c0++NpWVXx8IhKyFPq47w05rDGifmyAsoD"},"_chains":{"BTgfRiL5h5MmyxMZYMFUqByOCrHbXShgTNJI6vSnZvMu":{"chainKey":{"counter":0,"key":"QefWDRU+//JO6I10cxcjcW8z4jJM5bmfxv15Q+ZGUS0="},"chainType":2,"messageKeys":{}},"BSaJnAKshjjE7rote4jugSdHjLKjObjS034SgTqbphoE":{"chainKey":{"counter":-1,"key":"+4ES5kMIOdq2eVOu26MVFI328KpieTdTv2cXOlnyTqU="},"chainType":1,"messageKeys":{}}},"pendingPreKey":{"signedKeyId":1,"baseKey":"BTr2VgcCpi6eCeZp/pLeYdJO0Wosib7O+BUOXRXDqkUv"}},"BThQDhecAvqfl0iW3fvPoTOR/qSCMl18pFDYR68rhNhL":{"registrationId":143,"currentRatchet":{"ephemeralKeyPair":{"pubKey":"BciyRU2P2QMZ1rebuBeNXeh5tqQ3EwffB2ZIoXAwu1g3","privKey":"0Gz+UMjM05UqlJ3mv37q4DtShi7Vv05zuEk9LtI3Wmg="},"lastRemoteEphemeralKey":"BZxN46ExuMZ0V7B8TrSYKbfsO8/iu0HRknsaxdP7sIp5","previousCounter":0,"rootKey":"2kF3oKVIh+WCMOO74ZntcE27+6yQJALM8DOPX2GNnEQ="},"indexInfo":{"baseKey":"BThQDhecAvqfl0iW3fvPoTOR/qSCMl18pFDYR68rhNhL","baseKeyType":1,"closed":-1,"used":1746721282898,"created":1746721282898,"remoteIdentityKey":"BXRfGIpLU1c0++NpWVXx8IhKyFPq47w05rDGifmyAsoD"},"_chains":{"BciyRU2P2QMZ1rebuBeNXeh5tqQ3EwffB2ZIoXAwu1g3":{"chainKey":{"counter":0,"key":"IZsKmvlw8gasIBnQdNpmlhiabFeQiokpk+vJLxodYgQ="},"chainType":1,"messageKeys":{}}},"pendingPreKey":{"signedKeyId":1,"baseKey":"BThQDhecAvqfl0iW3fvPoTOR/qSCMl18pFDYR68rhNhL"}}},"version":"v1"}