{"_sessions":{"BTBdrHG8NMdgOrUmSpY2w/WBhO6btIuLOQz5L2JINkAA":{"registrationId":1037362972,"currentRatchet":{"ephemeralKeyPair":{"pubKey":"BWt1YMp3b8P80kAa5CT/aa21S3CaOc6pfMEemE4LpCNF","privKey":"sIiwrN8wv5KNmCT3YAUPpQm28X3tKy/A7j975JL5I3M="},"lastRemoteEphemeralKey":"BbqWF3x2Ulf0f08rYsWgXov8V9SBAfG/9xdCPV3wi9ML","previousCounter":0,"rootKey":"Ue5fTEzyQNM8bWemvYHVZBml4z7ZaT3iBYbObuBzrLw="},"indexInfo":{"baseKey":"BTBdrHG8NMdgOrUmSpY2w/WBhO6btIuLOQz5L2JINkAA","baseKeyType":1,"closed":1746721114763,"used":1746721083702,"created":1746721083702,"remoteIdentityKey":"BX5VlByWsGNRULC4uvrcfiIaFxjfBZnEf4lw0zOqvgMJ"},"_chains":{"BWt1YMp3b8P80kAa5CT/aa21S3CaOc6pfMEemE4LpCNF":{"chainKey":{"counter":0,"key":"6IloNzZSfcZVIEiI8DTK0r6wfhuTXAZ8NAUXPv7g6gA="},"chainType":1,"messageKeys":{}}},"pendingPreKey":{"signedKeyId":0,"baseKey":"BTBdrHG8NMdgOrUmSpY2w/WBhO6btIuLOQz5L2JINkAA"}},"BVFxDTk7lezj21AwruZ3zKl+CC/ul7qN96AT2tVQOpY7":{"registrationId":1037362972,"currentRatchet":{"ephemeralKeyPair":{"pubKey":"BS0QQT768YBnH4/EwCTUFOgBl/L7jBOUOMOxEw6an1o1","privKey":"kGahMZS6jCxeWWFVdc8fHDA8AXIhV1g/eCn1uavWllI="},"lastRemoteEphemeralKey":"BbqWF3x2Ulf0f08rYsWgXov8V9SBAfG/9xdCPV3wi9ML","previousCounter":0,"rootKey":"C/Oe0rc3tg1kJ3b/JUHSpO+/pmzJjcvp9gQ9DEFqgU8="},"indexInfo":{"baseKey":"BVFxDTk7lezj21AwruZ3zKl+CC/ul7qN96AT2tVQOpY7","baseKeyType":1,"closed":-1,"used":1746721114486,"created":1746721114486,"remoteIdentityKey":"BX5VlByWsGNRULC4uvrcfiIaFxjfBZnEf4lw0zOqvgMJ"},"_chains":{"BS0QQT768YBnH4/EwCTUFOgBl/L7jBOUOMOxEw6an1o1":{"chainKey":{"counter":2,"key":"FxekYoqdj+ICCq1dsWTek75c7uWuYSUjkSg07vp848g="},"chainType":1,"messageKeys":{}}},"pendingPreKey":{"signedKeyId":0,"baseKey":"BVFxDTk7lezj21AwruZ3zKl+CC/ul7qN96AT2tVQOpY7"}}},"version":"v1"}