{"_sessions":{"BSap6UD9lTpGxuu00ULNSOSQfhxqnDTiGPFsW+hqn9NQ":{"registrationId":839712127,"currentRatchet":{"ephemeralKeyPair":{"pubKey":"BaY55OUffAcMPyMx7apGOYuFi3EKmMBHcYGwMHUcBu5D","privKey":"QL4cG2tjUxG3hodPSg7Jn/BM6SomeD8t9Oj0MC365HY="},"lastRemoteEphemeralKey":"BSgkdHBAISqh0r/Rq7BZqPlHpxiCQ/N2cjVugZpaNhhB","previousCounter":0,"rootKey":"sw66ro4bypmjjOmKwDxM8SrnXbCCMm43BdfHz4/uEQ0="},"indexInfo":{"baseKey":"BSap6UD9lTpGxuu00ULNSOSQfhxqnDTiGPFsW+hqn9NQ","baseKeyType":1,"closed":-1,"used":1746714525664,"created":1746714525664,"remoteIdentityKey":"BahgXFfR+cHbtUMSWbkq1Ddygc2gpHv2S+r78zMcS+Jk"},"_chains":{"BaY55OUffAcMPyMx7apGOYuFi3EKmMBHcYGwMHUcBu5D":{"chainKey":{"counter":0,"key":"ycGtJC04/pr8cvLtkay+SOXe51I53KmD1nK45A0e3jA="},"chainType":1,"messageKeys":{}}},"pendingPreKey":{"signedKeyId":2,"baseKey":"BSap6UD9lTpGxuu00ULNSOSQfhxqnDTiGPFsW+hqn9NQ","preKeyId":11590211}}},"version":"v1"}