{"_sessions":{"BaE/sYDp4MfTTXsVHSyKZrc8qM3xbpnpVJ9dhzyAFIY6":{"registrationId":240358831,"currentRatchet":{"ephemeralKeyPair":{"pubKey":"BXfueLMplzhCY6kOQIDpIEKnkeVF3Vp4g2eRjyJZKqJo","privKey":"YLYkJZP1TIPh6xRoWRbTdXXphnJiddNB8EWj8XJeF3Q="},"lastRemoteEphemeralKey":"BdUlPENAzTTesGZWKEKImqe0UJn+WtpwkvP7JB6njssB","previousCounter":0,"rootKey":"r6Mc9nsy5IO6DLXfDve6klHHsPa+zXF2J/kdKy5Lb8U="},"indexInfo":{"baseKey":"BaE/sYDp4MfTTXsVHSyKZrc8qM3xbpnpVJ9dhzyAFIY6","baseKeyType":1,"closed":1746721107786,"used":1746721075862,"created":1746721075862,"remoteIdentityKey":"BQSlhqs+HnpaLARv6oySc1msHZk9P3oM8+MQNKRKJ2xn"},"_chains":{"BXfueLMplzhCY6kOQIDpIEKnkeVF3Vp4g2eRjyJZKqJo":{"chainKey":{"counter":0,"key":"TOIeFD/Yb7wrrxAjx/larSyBWIxojpaTSw0bYtPHDp0="},"chainType":1,"messageKeys":{}}},"pendingPreKey":{"signedKeyId":5,"baseKey":"BaE/sYDp4MfTTXsVHSyKZrc8qM3xbpnpVJ9dhzyAFIY6","preKeyId":10218436}},"BYmc3F2rOzaR06VQyHZ68XMuv7Jw9Z8x+xRP0udmooIb":{"registrationId":240358831,"currentRatchet":{"ephemeralKeyPair":{"pubKey":"Be+mRBG+fgdXhDnZ4d0MGVAy5wmlvqA/7xBFegs2w7o8","privKey":"6K1PRtvo9Y6HXtclvh+KgBxhtug+pso009rkIO/MaHw="},"lastRemoteEphemeralKey":"BdUlPENAzTTesGZWKEKImqe0UJn+WtpwkvP7JB6njssB","previousCounter":0,"rootKey":"41WSPOyMAKmrIMdqrXNToMGgJatMMnwCrvfOU50TOdA="},"indexInfo":{"baseKey":"BYmc3F2rOzaR06VQyHZ68XMuv7Jw9Z8x+xRP0udmooIb","baseKeyType":1,"closed":-1,"used":1746721107427,"created":1746721107427,"remoteIdentityKey":"BQSlhqs+HnpaLARv6oySc1msHZk9P3oM8+MQNKRKJ2xn"},"_chains":{"Be+mRBG+fgdXhDnZ4d0MGVAy5wmlvqA/7xBFegs2w7o8":{"chainKey":{"counter":2,"key":"XwrlhhbmwHtJdeQf/4EcQehgN+nGNzPUNUWBfbD1Z+U="},"chainType":1,"messageKeys":{}}},"pendingPreKey":{"signedKeyId":5,"baseKey":"BYmc3F2rOzaR06VQyHZ68XMuv7Jw9Z8x+xRP0udmooIb","preKeyId":10219137}}},"version":"v1"}