{"_sessions":{"BaLEv55H0QYeZ2d/TRGoSB9YAqgv3DBS1p3CCg+jbJZE":{"registrationId":1927903638,"currentRatchet":{"ephemeralKeyPair":{"pubKey":"BRA0Y96Phf3oMV87G1uBHvRBsJElluzNWaZ9QOAeeg5Y","privKey":"GDs9t+PxrvXWpXQvy6F5uODdkEStu8Idvva0dOJteko="},"lastRemoteEphemeralKey":"BUBH6QgM/aQJc8NCehK9nm/j79ffMjzrjPKnmZpCY/ds","previousCounter":0,"rootKey":"ugJwyibKJj78izwlPzAmNi9LM7U93blV4/49mL5a+Lk="},"indexInfo":{"baseKey":"BaLEv55H0QYeZ2d/TRGoSB9YAqgv3DBS1p3CCg+jbJZE","baseKeyType":1,"closed":1746721111347,"used":1746721080185,"created":1746721080185,"remoteIdentityKey":"BfUNVp5ZouHW8QHOLckPp/sBmBrADR488W7cqHeYVppE"},"_chains":{"BRA0Y96Phf3oMV87G1uBHvRBsJElluzNWaZ9QOAeeg5Y":{"chainKey":{"counter":0,"key":"NHMPyz+UAMM7qPoUifzRUA6hhgoeO2cyalb+s9c9BUg="},"chainType":1,"messageKeys":{}}},"pendingPreKey":{"signedKeyId":2,"baseKey":"BaLEv55H0QYeZ2d/TRGoSB9YAqgv3DBS1p3CCg+jbJZE","preKeyId":7230509}},"BVmd+Gffb5jnu/kBZSqK7gvFwIDZ8MZNwmwtP5Ae/Dot":{"registrationId":1927903638,"currentRatchet":{"ephemeralKeyPair":{"pubKey":"BYmdv0vTOBPELROPCh31CxdVaFcomHpBLjGwtOhyagxJ","privKey":"0CGJY2fz8KPag6fq2DyNnKIxqCnUQbbOxv93UXwfLU0="},"lastRemoteEphemeralKey":"BUBH6QgM/aQJc8NCehK9nm/j79ffMjzrjPKnmZpCY/ds","previousCounter":0,"rootKey":"9aZo62W59PQEsP7xrnvsdhibUfKzYSYTXvPD6ANMO4M="},"indexInfo":{"baseKey":"BVmd+Gffb5jnu/kBZSqK7gvFwIDZ8MZNwmwtP5Ae/Dot","baseKeyType":1,"closed":-1,"used":1746721111120,"created":1746721111120,"remoteIdentityKey":"BfUNVp5ZouHW8QHOLckPp/sBmBrADR488W7cqHeYVppE"},"_chains":{"BYmdv0vTOBPELROPCh31CxdVaFcomHpBLjGwtOhyagxJ":{"chainKey":{"counter":2,"key":"qibA3zhgIdMAsHAVsvV29snhOlv8sRefi0cdjAJzFqM="},"chainType":1,"messageKeys":{}}},"pendingPreKey":{"signedKeyId":2,"baseKey":"BVmd+Gffb5jnu/kBZSqK7gvFwIDZ8MZNwmwtP5Ae/Dot","preKeyId":7230473}}},"version":"v1"}