{"_sessions":{"BSxOsAmbxrFxcBGBZ0x9Ko+MRIHqtEZKKZCcd8fRH3Ni":{"registrationId":2100580479,"currentRatchet":{"ephemeralKeyPair":{"pubKey":"BWN8GL+gZgxFPHiutJIviCmTrecZkei97bOao5/t+U49","privKey":"aFVFVzwYlDcM8hc5g3lchwgRI7orZUW0/257Sj21Ckw="},"lastRemoteEphemeralKey":"BXg+45a2qaENzFWRm6AzdXNd/KSwbcv9OqtcefFTXyxb","previousCounter":0,"rootKey":"hMWMDo3tPcSM3cR4Zgmx7FOMk7keJhkgzcWuJf9vk4A="},"indexInfo":{"baseKey":"BSxOsAmbxrFxcBGBZ0x9Ko+MRIHqtEZKKZCcd8fRH3Ni","baseKeyType":1,"closed":1746721107867,"used":1746721076168,"created":1746721076168,"remoteIdentityKey":"BVhlLEdFIHVER+d0oqL2LfGlehNLQJWjx1+jZGPzyQkk"},"_chains":{"BWN8GL+gZgxFPHiutJIviCmTrecZkei97bOao5/t+U49":{"chainKey":{"counter":0,"key":"vUs5tU38SfmnReRr2bDFfeOhwe+7fA2OTVBpsMGN2ME="},"chainType":1,"messageKeys":{}}},"pendingPreKey":{"signedKeyId":1,"baseKey":"BSxOsAmbxrFxcBGBZ0x9Ko+MRIHqtEZKKZCcd8fRH3Ni","preKeyId":11692690}},"BRygICzHgIuIkmRuy+MN8vedTBlpCgw2I3uZwBdvib54":{"registrationId":2100580479,"currentRatchet":{"ephemeralKeyPair":{"pubKey":"BUYQlIj1eWERyL3YvbytvBqTOQbpCJ8TvLZg0LB6nSwO","privKey":"QOCYe9tjkfS9aoa3MeBg/qG85nY7SegcAv098jdYBXE="},"lastRemoteEphemeralKey":"BXg+45a2qaENzFWRm6AzdXNd/KSwbcv9OqtcefFTXyxb","previousCounter":0,"rootKey":"SJiZpHflonZodCbg3OTYglTL/3JUPqlVDM6D7xnbGMo="},"indexInfo":{"baseKey":"BRygICzHgIuIkmRuy+MN8vedTBlpCgw2I3uZwBdvib54","baseKeyType":1,"closed":-1,"used":1746721107684,"created":1746721107684,"remoteIdentityKey":"BVhlLEdFIHVER+d0oqL2LfGlehNLQJWjx1+jZGPzyQkk"},"_chains":{"BUYQlIj1eWERyL3YvbytvBqTOQbpCJ8TvLZg0LB6nSwO":{"chainKey":{"counter":2,"key":"NWo4agdME54K1KNz5EC7pU5Cte9yox7CGpwy9w0h5kw="},"chainType":1,"messageKeys":{}}},"pendingPreKey":{"signedKeyId":1,"baseKey":"BRygICzHgIuIkmRuy+MN8vedTBlpCgw2I3uZwBdvib54","preKeyId":11692699}}},"version":"v1"}