{"_sessions":{"BaWgQXmSWulDvT2ZUOr+YqyC45XeQyjv6WOIWvycsh8Z":{"registrationId":582334411,"currentRatchet":{"ephemeralKeyPair":{"pubKey":"BeAceKuEm7GbLoNlOGZ6PDf0vxQpV3NOvOVb39HASTFI","privKey":"uM0lv6VRPBzQKaq1KM3ac9gm8VhmJeqJ+7/MeB5VvGM="},"lastRemoteEphemeralKey":"BQBwoKzC1POL5YfNxScQdkZIYvpSGwX5vPBcDBobUmMT","previousCounter":0,"rootKey":"+M2wE1Yl4SsWI/VmeFUpY0GIuRK4RnUfHBQih2U57xY="},"indexInfo":{"baseKey":"BaWgQXmSWulDvT2ZUOr+YqyC45XeQyjv6WOIWvycsh8Z","baseKeyType":1,"closed":-1,"used":1746714522392,"created":1746714522392,"remoteIdentityKey":"BZLii0cYb721z7Vz7UiU/bl2tH99tQEOKJhgkGu9qiZu"},"_chains":{"BeAceKuEm7GbLoNlOGZ6PDf0vxQpV3NOvOVb39HASTFI":{"chainKey":{"counter":0,"key":"0xLhMcBLkYKAX1Rk9cwHdFXSsRp6z8/E+XRyO+9DsC0="},"chainType":1,"messageKeys":{}}},"pendingPreKey":{"signedKeyId":7,"baseKey":"BaWgQXmSWulDvT2ZUOr+YqyC45XeQyjv6WOIWvycsh8Z","preKeyId":11871895}}},"version":"v1"}