{"_sessions":{"BVTh+Ags1L/EZqrsbDhrFiPD8hgDxGyTCwwdbG+Ytatg":{"registrationId":97147964,"currentRatchet":{"ephemeralKeyPair":{"pubKey":"BUfBBDUehlYuJLE46K8MyIrAHD8yRhWVGRFTFA5txXwI","privKey":"wCeUKa8Pyi9EDv6UfuIbLw3oVMG4e9c7NfZZuLnhTGY="},"lastRemoteEphemeralKey":"Ba6DS28H5i9hKQ5Zy1nTvNp/0E8vgtd84Y8uxvQJtcg/","previousCounter":0,"rootKey":"G18PtJgZGsVrzTZ3WuYmmivhB9mgvZpa6vSXJyb+xGU="},"indexInfo":{"baseKey":"BVTh+Ags1L/EZqrsbDhrFiPD8hgDxGyTCwwdbG+Ytatg","baseKeyType":1,"closed":-1,"used":1746714525779,"created":1746714525779,"remoteIdentityKey":"BVZLo33ewE+3UDJ0j6vmrvBF/Ni9Q8fCe31dadAI3LEN"},"_chains":{"BUfBBDUehlYuJLE46K8MyIrAHD8yRhWVGRFTFA5txXwI":{"chainKey":{"counter":0,"key":"1FoFKxHE5vkUqYBqAeKSFRzJfppzFvWCu8x8JaIJne0="},"chainType":1,"messageKeys":{}}},"pendingPreKey":{"signedKeyId":1,"baseKey":"BVTh+Ags1L/EZqrsbDhrFiPD8hgDxGyTCwwdbG+Ytatg","preKeyId":4811633}}},"version":"v1"}