{"_sessions":{"BXgfl7JH2fxJPW6SH59gWtTK4PBESvt5CsdbCE4Z98tF":{"registrationId":306137618,"currentRatchet":{"ephemeralKeyPair":{"pubKey":"BVQecNwm5B3HPbRU3E2wpLHIMZN5FzUUtSGqAHHugop7","privKey":"QPSWU3FAU4BTgC9bUiojjRDXZvDlU9VgNEJTwZZ9WFE="},"lastRemoteEphemeralKey":"BVu4axCLqyGPAXBvZVshXTuGKfxn64o71ObKjrVv8KtA","previousCounter":0,"rootKey":"f2YP4m3FpPkjxcCRvoe3o+4jEVIcBeQFZPeTC+6CHTw="},"indexInfo":{"baseKey":"BXgfl7JH2fxJPW6SH59gWtTK4PBESvt5CsdbCE4Z98tF","baseKeyType":1,"closed":-1,"used":1746714529508,"created":1746714529508,"remoteIdentityKey":"BZwkqca75KXzC2AsoLMfKWPa/2bNhzVihKOft6+X4Uh+"},"_chains":{"BVQecNwm5B3HPbRU3E2wpLHIMZN5FzUUtSGqAHHugop7":{"chainKey":{"counter":0,"key":"ZM0ijyl6m8egAZ/3+bxMQYhgXVbTmD8UvFurRWKje0I="},"chainType":1,"messageKeys":{}}},"pendingPreKey":{"signedKeyId":0,"baseKey":"BXgfl7JH2fxJPW6SH59gWtTK4PBESvt5CsdbCE4Z98tF"}}},"version":"v1"}