{"_sessions":{"BUpIKDYqnHzPxm0/FS9gbeROmbkvmvmz8R0tr6V98ANL":{"registrationId":139032503,"currentRatchet":{"ephemeralKeyPair":{"pubKey":"Bc7BzWriULNinhl2GVMHWxFl4QXtGaqvMT/fuEcdertU","privKey":"8KWXA6DVgM3Top555VN50802kLQ4YPy2qyHrccEUo2U="},"lastRemoteEphemeralKey":"BXvbf2DnbZ3gZ9WR99WGP2YPEyAYYyX86CfllKJZumYj","previousCounter":0,"rootKey":"qBYBVKBoTnOAMvvKO9/W7kKB5/g/YJri9YEehkLJUKI="},"indexInfo":{"baseKey":"BUpIKDYqnHzPxm0/FS9gbeROmbkvmvmz8R0tr6V98ANL","baseKeyType":1,"closed":1746721111364,"used":1746721080299,"created":1746721080299,"remoteIdentityKey":"BTTNqUoV7GNrnBS9WHPEdZPpGJal3SDBcI/Lq4P1rVQY"},"_chains":{"Bc7BzWriULNinhl2GVMHWxFl4QXtGaqvMT/fuEcdertU":{"chainKey":{"counter":0,"key":"/J8YV1Ef2RvXU5Txgzhf+MODp6CwfLGfKhezHqwOWBQ="},"chainType":1,"messageKeys":{}}},"pendingPreKey":{"signedKeyId":127861,"baseKey":"BUpIKDYqnHzPxm0/FS9gbeROmbkvmvmz8R0tr6V98ANL","preKeyId":2925}},"BYCOZtPayYBEuGG/gIhfWmWe+pwssEjxCmlviAVgMV1S":{"registrationId":139032503,"currentRatchet":{"ephemeralKeyPair":{"pubKey":"Bfsf8qxCRQ/oI9AEGcBdv7USEXvnyxKPkAqh6JkJnScm","privKey":"GJ4ejlxeq6XnlGrv5QfE1G8KV+3s0Y5p+Qajqk6/S2A="},"lastRemoteEphemeralKey":"BXvbf2DnbZ3gZ9WR99WGP2YPEyAYYyX86CfllKJZumYj","previousCounter":0,"rootKey":"CewqVdr5ZgCQuPfQamFei69PZNmcDeteDSD8ywvgzwo="},"indexInfo":{"baseKey":"BYCOZtPayYBEuGG/gIhfWmWe+pwssEjxCmlviAVgMV1S","baseKeyType":1,"closed":-1,"used":1746721111215,"created":1746721111215,"remoteIdentityKey":"BTTNqUoV7GNrnBS9WHPEdZPpGJal3SDBcI/Lq4P1rVQY"},"_chains":{"Bfsf8qxCRQ/oI9AEGcBdv7USEXvnyxKPkAqh6JkJnScm":{"chainKey":{"counter":2,"key":"rGGlGoSGb8PID0Q6mdzG4vQAihyGiQBTFnPrHQJ/elo="},"chainType":1,"messageKeys":{}}},"pendingPreKey":{"signedKeyId":127861,"baseKey":"BYCOZtPayYBEuGG/gIhfWmWe+pwssEjxCmlviAVgMV1S","preKeyId":2974}}},"version":"v1"}