{"_sessions":{"BfHjBA/r+5AVy0vMJn35BrdwArINSJPOL7BCALbW56tY":{"registrationId":727952544,"currentRatchet":{"ephemeralKeyPair":{"pubKey":"BZp1odT/6elJMyKINqTnFyqWVugnnnqrWx02ZOK5pS8l","privKey":"6HGL5AmkGNW8BLBFsxjZD9JZyMSuItIvC1CHUNuwfHM="},"lastRemoteEphemeralKey":"BU29KALihKzwvfxnPkPvvSQ6+lNaMNSmH0J2dpo+wAQk","previousCounter":0,"rootKey":"5MTqgoiR5hcPhQZDiBqsWvyXhj+XjUXsJXao24y4XxY="},"indexInfo":{"baseKey":"BfHjBA/r+5AVy0vMJn35BrdwArINSJPOL7BCALbW56tY","baseKeyType":1,"closed":-1,"used":1746714539914,"created":1746714539913,"remoteIdentityKey":"BchkDcUgL3eI0R3BLtnbFcP6G7/dt0INZVT+35NRa8Zm"},"_chains":{"BZp1odT/6elJMyKINqTnFyqWVugnnnqrWx02ZOK5pS8l":{"chainKey":{"counter":0,"key":"vLxk+qt8tIj5yGw9/u7lA8Mq4qxSaiLPqOtZW+yktMI="},"chainType":1,"messageKeys":{}}},"pendingPreKey":{"signedKeyId":55,"baseKey":"BfHjBA/r+5AVy0vMJn35BrdwArINSJPOL7BCALbW56tY"}}},"version":"v1"}