{"_sessions":{"BaAoca4nx2F7zF/xK63xEDFwRJl+XZt7ZS5nKD5krJUI":{"registrationId":2073322170,"currentRatchet":{"ephemeralKeyPair":{"pubKey":"BRoo+E1JEDtX+BLB3KNR7gRkLY+HSv9CsNLeNTT2ygpK","privKey":"AHlErX+S+2WmZRGbsq6Ebx469LeWFzI5caHfsV2oLUQ="},"lastRemoteEphemeralKey":"BewK3MRaD6Xd/bc/pBrukZNIKpsWwDm9cD/AJQiIQr0C","previousCounter":0,"rootKey":"AwYXHSQDvTzR25aj+kJ9DxMfv4SJLIH6M8JEeXoLcds="},"indexInfo":{"baseKey":"BaAoca4nx2F7zF/xK63xEDFwRJl+XZt7ZS5nKD5krJUI","baseKeyType":1,"closed":1746721107809,"used":1746721075961,"created":1746721075961,"remoteIdentityKey":"BYEnUfeDZdFqg3CDH0EkhP6yVDGuLiliHy9t7oZLj8oq"},"_chains":{"BRoo+E1JEDtX+BLB3KNR7gRkLY+HSv9CsNLeNTT2ygpK":{"chainKey":{"counter":0,"key":"qCmK/kbQ+vkrvpBgQYnklmrCfNq1xx1GHIJ66mXUGLQ="},"chainType":1,"messageKeys":{}}},"pendingPreKey":{"signedKeyId":2,"baseKey":"BaAoca4nx2F7zF/xK63xEDFwRJl+XZt7ZS5nKD5krJUI"}},"Bd3Z5HwwYnWS57c0qZMnt93C5srblqDGnF6NpEvD+Qop":{"registrationId":2073322170,"currentRatchet":{"ephemeralKeyPair":{"pubKey":"BUfaNisRJDreojiTD8FJxNO+mZtnwYYm1e78WGBYIfsX","privKey":"eJ+9RiTT3pezxtGKr1+sHa5FI/cnUsBClIRFKqupFUs="},"lastRemoteEphemeralKey":"BewK3MRaD6Xd/bc/pBrukZNIKpsWwDm9cD/AJQiIQr0C","previousCounter":0,"rootKey":"PJydODQBmc9wvEvFG3UmKrBE4t1D4x8UeFhhCEnaR1w="},"indexInfo":{"baseKey":"Bd3Z5HwwYnWS57c0qZMnt93C5srblqDGnF6NpEvD+Qop","baseKeyType":1,"closed":-1,"used":1746721107517,"created":1746721107517,"remoteIdentityKey":"BYEnUfeDZdFqg3CDH0EkhP6yVDGuLiliHy9t7oZLj8oq"},"_chains":{"BUfaNisRJDreojiTD8FJxNO+mZtnwYYm1e78WGBYIfsX":{"chainKey":{"counter":2,"key":"yomG7DdDjGdZeVzE7isD35O3wXVyaOIGKd29XWPgi6o="},"chainType":1,"messageKeys":{}}},"pendingPreKey":{"signedKeyId":2,"baseKey":"Bd3Z5HwwYnWS57c0qZMnt93C5srblqDGnF6NpEvD+Qop"}}},"version":"v1"}