{"_sessions":{"BcFHsyfUfIz9MBSyZZtpUK6CmjxVi6DKwSLFdQ1DkAId":{"registrationId":362175022,"currentRatchet":{"ephemeralKeyPair":{"pubKey":"Ba4wbE9+ZRnvhgaFIeZKjDApjeNKinsuABq2MBG1vjN3","privKey":"EEIA2xqJPdpwCX0Dlrf0ystu9iY9ZRkn5MX4I9OA+X0="},"lastRemoteEphemeralKey":"BXw6cF3VQzlFR2sWqIzOgP5w1i3TiO1Ro9uLueugQBtS","previousCounter":0,"rootKey":"V8sR+v1NXcvtS8Lv1nZtn/vYHpEkwLwV62KhuaAWVFM="},"indexInfo":{"baseKey":"BcFHsyfUfIz9MBSyZZtpUK6CmjxVi6DKwSLFdQ1DkAId","baseKeyType":1,"closed":-1,"used":1746714539943,"created":1746714539943,"remoteIdentityKey":"BSIRic0Gm8iHPLDhVRCenEnJA6WUC61DoeX+d18UzZh9"},"_chains":{"Ba4wbE9+ZRnvhgaFIeZKjDApjeNKinsuABq2MBG1vjN3":{"chainKey":{"counter":0,"key":"WBltkHhTZMyy9D4Aa2SDQ382AWLV05m8LOS4UdMF9XE="},"chainType":1,"messageKeys":{}}},"pendingPreKey":{"signedKeyId":12,"baseKey":"BcFHsyfUfIz9MBSyZZtpUK6CmjxVi6DKwSLFdQ1DkAId","preKeyId":3162886}}},"version":"v1"}