{"_sessions":{"BfRfIRNbq9BQnWoa+sDPSliAZRZO0x/w+RNZ1vqfh5lZ":{"registrationId":1041828243,"currentRatchet":{"ephemeralKeyPair":{"pubKey":"BWJSq3eI9HBV1E6JTypTEX8eJjRaXiHg0384KVAiXVNc","privKey":"8HyjRmTB5BXQNB2mH2MtyViTvvWlHQF3fl+yqTj2emE="},"lastRemoteEphemeralKey":"BW7wY6r8M93XBCkkMpuYDqb2d/0iO5CwNtm37OzbyM53","previousCounter":0,"rootKey":"algAy3nx9wDd7ydSwHPDgaenqvSEMk0djXPHDbBjxgQ="},"indexInfo":{"baseKey":"BfRfIRNbq9BQnWoa+sDPSliAZRZO0x/w+RNZ1vqfh5lZ","baseKeyType":1,"closed":-1,"used":1746714539819,"created":1746714539819,"remoteIdentityKey":"BbbW3ACg80YD7SshJn3DG76qVpo668wuOE11fs0Vd1kU"},"_chains":{"BWJSq3eI9HBV1E6JTypTEX8eJjRaXiHg0384KVAiXVNc":{"chainKey":{"counter":0,"key":"asjIRbJf8cYAQ0XzuAxaXXlLloqaZNlLQ9+Dlm9kLus="},"chainType":1,"messageKeys":{}}},"pendingPreKey":{"signedKeyId":1,"baseKey":"BfRfIRNbq9BQnWoa+sDPSliAZRZO0x/w+RNZ1vqfh5lZ","preKeyId":5568403}}},"version":"v1"}