{"_sessions":{"BbMiNxSdS7mV9u6jiQhclcdSBoqNIeIhzdSPvET6lxNE":{"registrationId":1519697127,"currentRatchet":{"ephemeralKeyPair":{"pubKey":"BXXdTZPIGL5Lia8UqJlAbobMXNLudlcxlUigI7vo1PxS","privKey":"EJnbyB53s3fTrLHh+Zz44Y5oGkqw4kzqy/xyJ+L0H0k="},"lastRemoteEphemeralKey":"BVE7gf2tLh8id2dgyUCVX4bDz6Hk0uXbjvO2TUvZZuV9","previousCounter":0,"rootKey":"X+z20BzWPpuF7Nxr+ZLYHVszIN0iaRCgJKJ6edfPhXA="},"indexInfo":{"baseKey":"BbMiNxSdS7mV9u6jiQhclcdSBoqNIeIhzdSPvET6lxNE","baseKeyType":1,"closed":-1,"used":1746714529146,"created":1746714529146,"remoteIdentityKey":"BRsT4nJHWQgQxqRg79iD0fDONb5wUOLIzRezznAbhQNl"},"_chains":{"BXXdTZPIGL5Lia8UqJlAbobMXNLudlcxlUigI7vo1PxS":{"chainKey":{"counter":0,"key":"ftXAxJq7b5uc4Nv4VmMGH0GE9THoanxgj24moq1mdSo="},"chainType":1,"messageKeys":{}}},"pendingPreKey":{"signedKeyId":8,"baseKey":"BbMiNxSdS7mV9u6jiQhclcdSBoqNIeIhzdSPvET6lxNE","preKeyId":5148736}}},"version":"v1"}