{"_sessions":{"BTJoEr/y0MSDmTlmVf0WbZ5VhMwr/eqqcXZMAWzoXYUT":{"registrationId":835297046,"currentRatchet":{"ephemeralKeyPair":{"pubKey":"BeMonogo/BT4GKs7S7f/nJUIWuMbKb+R6PaVZHDi2E5o","privKey":"WJ4oUHfBe+HL2fn4m5mxuDZw3hGPyjSuLcuy8t+gjXE="},"lastRemoteEphemeralKey":"BS2UMpZ2+UWNY8NjkuTqIfQYaAVAP8GNLps6bt6K8I9W","previousCounter":0,"rootKey":"QoO0lCmba2stFYLg6j0vDGfbbYaQz+15cd2YrzhfI3Y="},"indexInfo":{"baseKey":"BTJoEr/y0MSDmTlmVf0WbZ5VhMwr/eqqcXZMAWzoXYUT","baseKeyType":1,"closed":1746721118499,"used":1746721087218,"created":1746721087218,"remoteIdentityKey":"Bc9U0GKrCH0DQRjVS2CX6YKaWJaMoxAk6Y6dm5erg/0+"},"_chains":{"BeMonogo/BT4GKs7S7f/nJUIWuMbKb+R6PaVZHDi2E5o":{"chainKey":{"counter":0,"key":"Wm7+Knrq6AiSpRlV0YOYv73VVCPQgG7QzqnZ9YmS36w="},"chainType":1,"messageKeys":{}}},"pendingPreKey":{"signedKeyId":1,"baseKey":"BTJoEr/y0MSDmTlmVf0WbZ5VhMwr/eqqcXZMAWzoXYUT","preKeyId":8606742}},"BWmrXW4FA4NPP9WRmXD8R7IOGkaWuIqpBf0oFCWE9gRS":{"registrationId":835297046,"currentRatchet":{"ephemeralKeyPair":{"pubKey":"BctPMjDUe97ADnSR8c6i/hsPPeCK0EZVQ2gaDeLSmL4Q","privKey":"CBDhipml8YprG21Ltn/1fQ6uhzjddsfSytyVIOAdiHU="},"lastRemoteEphemeralKey":"BS2UMpZ2+UWNY8NjkuTqIfQYaAVAP8GNLps6bt6K8I9W","previousCounter":0,"rootKey":"v9bAgVhAE3ttTyWUUIWMY1d3ktIpUZS3NiafSeA+tYQ="},"indexInfo":{"baseKey":"BWmrXW4FA4NPP9WRmXD8R7IOGkaWuIqpBf0oFCWE9gRS","baseKeyType":1,"closed":-1,"used":1746721118224,"created":1746721118224,"remoteIdentityKey":"Bc9U0GKrCH0DQRjVS2CX6YKaWJaMoxAk6Y6dm5erg/0+"},"_chains":{"BctPMjDUe97ADnSR8c6i/hsPPeCK0EZVQ2gaDeLSmL4Q":{"chainKey":{"counter":2,"key":"UrwnLi8VKPLQ0OSq8U2mcKasP/2zwN8uQCt11feEytI="},"chainType":1,"messageKeys":{}}},"pendingPreKey":{"signedKeyId":1,"baseKey":"BWmrXW4FA4NPP9WRmXD8R7IOGkaWuIqpBf0oFCWE9gRS","preKeyId":8607637}}},"version":"v1"}