{"_sessions":{"Bbzf3neYM2OhxeKChEhdIUYh3so1EIBVGML7JekpTUZ+":{"registrationId":2055710039,"currentRatchet":{"ephemeralKeyPair":{"pubKey":"BUx+4sbSDekW3+1IBF+yKvW7rJu21IkgrA00yogQGkwI","privKey":"2Fgs8wY1gl7AovIhV6a091AjSqHaB826pwAAxjWahWg="},"lastRemoteEphemeralKey":"BRZ8jnKkfh5evuIqqdql2tvufgBLA/hvWOz3WF1vZoFg","previousCounter":0,"rootKey":"GbkVylrizYwfsNlhQso0KNqX26Lw5lM10gnjHEkhYw8="},"indexInfo":{"baseKey":"Bbzf3neYM2OhxeKChEhdIUYh3so1EIBVGML7JekpTUZ+","baseKeyType":1,"closed":-1,"used":1746714525582,"created":1746714525582,"remoteIdentityKey":"BeZCgsDZcnDVdUP3J40IshBFBUPnCPaj7PIMl8nxHFIU"},"_chains":{"BUx+4sbSDekW3+1IBF+yKvW7rJu21IkgrA00yogQGkwI":{"chainKey":{"counter":0,"key":"bzCpu+tUePyC30yLe1TJCTVjZxrrP2CzQp68KgGEWZU="},"chainType":1,"messageKeys":{}}},"pendingPreKey":{"signedKeyId":13,"baseKey":"Bbzf3neYM2OhxeKChEhdIUYh3so1EIBVGML7JekpTUZ+","preKeyId":4444300}}},"version":"v1"}