{"_sessions":{"BRqtBCKHvv3pTnwBiCNe83vWy0g/ydjSyFP4TyIp+Ktc":{"registrationId":1729030565,"currentRatchet":{"ephemeralKeyPair":{"pubKey":"Bel5xxqWSvg0VMgg+aOY/cttSpxId1Z0vFujZKaZhWMF","privKey":"uBUR0KxucF8OhU8mHz5ltgQoJ491v7TVG/8vtMDQ5HU="},"lastRemoteEphemeralKey":"BdOwQ0w3NCwcNE+kHN+fZP12fgDZfwa79cfNbRqJT9gC","previousCounter":0,"rootKey":"XsC60Dy/MXOX/sB+kjBoSLFT8T4YwstFC81vY9PUxQw="},"indexInfo":{"baseKey":"BRqtBCKHvv3pTnwBiCNe83vWy0g/ydjSyFP4TyIp+Ktc","baseKeyType":1,"closed":-1,"used":1746714525523,"created":1746714525523,"remoteIdentityKey":"BYxclgHxEQfmcDlvcj8HpkYvfSIQ7sRUIYYwODHE3Zwf"},"_chains":{"Bel5xxqWSvg0VMgg+aOY/cttSpxId1Z0vFujZKaZhWMF":{"chainKey":{"counter":0,"key":"Tz2VQahVXQIJI058wzGWh5ilRhym8xZG8fCOnlBkp3g="},"chainType":1,"messageKeys":{}}},"pendingPreKey":{"signedKeyId":1,"baseKey":"BRqtBCKHvv3pTnwBiCNe83vWy0g/ydjSyFP4TyIp+Ktc","preKeyId":1270754}}},"version":"v1"}