{"_sessions":{"Baeq4SPT/sh4UMtVwGxIt8Hs5vWpnOx9TkdiCPMgU4EJ":{"registrationId":139928321,"currentRatchet":{"ephemeralKeyPair":{"pubKey":"BV2k0vTd2iSg+vTveEsfa5d7h8sW5v+ba1P3rwPaz7wO","privKey":"mKpcNmNA/pcc4T8CxsfRNNSf0DxKTd7u9fVOaufMTXc="},"lastRemoteEphemeralKey":"Bdz+9RF9cJ8aj5wj7LuQGkR0F3p84BZmOldgLPFjl1AW","previousCounter":0,"rootKey":"zAOy3x9vrH+izsYcqCbqTyY7F2OKZKK4sgeLlUbB9B0="},"indexInfo":{"baseKey":"Baeq4SPT/sh4UMtVwGxIt8Hs5vWpnOx9TkdiCPMgU4EJ","baseKeyType":1,"closed":1746721099435,"used":1746721069230,"created":1746721069230,"remoteIdentityKey":"BVHPvlux6O1vfaNgqOF5TbISLKDc5IxNyQ6RmmPTCqZ+"},"_chains":{"BV2k0vTd2iSg+vTveEsfa5d7h8sW5v+ba1P3rwPaz7wO":{"chainKey":{"counter":0,"key":"/LKeZbm7yNc8JPEq4hBdEqL8XbXN8Ivg8MYfvnodi0c="},"chainType":1,"messageKeys":{}}},"pendingPreKey":{"signedKeyId":8,"baseKey":"Baeq4SPT/sh4UMtVwGxIt8Hs5vWpnOx9TkdiCPMgU4EJ","preKeyId":7828327}},"BWCx6oBSzidBm7oy+NMtM+tAnLZfhRh/5jBvTsnxmbcz":{"registrationId":139928321,"currentRatchet":{"ephemeralKeyPair":{"pubKey":"BQHC7Ed8p3lyniNOjz6k0q4MuZtOULutKjv8uZ1fPwcE","privKey":"cOOyqbtUvjAgzPIJqFz85nKgJn/dbn8FkrX65i/2zlg="},"lastRemoteEphemeralKey":"Bdz+9RF9cJ8aj5wj7LuQGkR0F3p84BZmOldgLPFjl1AW","previousCounter":0,"rootKey":"jaZCV4D1ZEVtJZSaPobfMgf2oO6leRgxbim0T6JPRRc="},"indexInfo":{"baseKey":"BWCx6oBSzidBm7oy+NMtM+tAnLZfhRh/5jBvTsnxmbcz","baseKeyType":1,"closed":-1,"used":1746721098882,"created":1746721098882,"remoteIdentityKey":"BVHPvlux6O1vfaNgqOF5TbISLKDc5IxNyQ6RmmPTCqZ+"},"_chains":{"BQHC7Ed8p3lyniNOjz6k0q4MuZtOULutKjv8uZ1fPwcE":{"chainKey":{"counter":2,"key":"H62ZtucE8RLYXf+N00AW2mbxRbBYKiknfx078jp/TR4="},"chainType":1,"messageKeys":{}}},"pendingPreKey":{"signedKeyId":8,"baseKey":"BWCx6oBSzidBm7oy+NMtM+tAnLZfhRh/5jBvTsnxmbcz","preKeyId":7819131}}},"version":"v1"}