{"_sessions":{"BYUDRrtJIi3qcGPX9Yh/eCDh/iKenKNuPf7UvGhKWSk8":{"registrationId":362175022,"currentRatchet":{"ephemeralKeyPair":{"pubKey":"BfE8qu3xLlQywIm2bWwvK/yGUDGJ0UZ5/hlHStVOQdps","privKey":"OMcnBGfWyNNY8dxvLlyiLB9FBrGa/Vv4kwZscmeX70s="},"lastRemoteEphemeralKey":"BXw6cF3VQzlFR2sWqIzOgP5w1i3TiO1Ro9uLueugQBtS","previousCounter":0,"rootKey":"YT8WxDGt3GQui/IaoB6Psex8Qb+VyvkgVBszZ1frfQ8="},"indexInfo":{"baseKey":"BYUDRrtJIi3qcGPX9Yh/eCDh/iKenKNuPf7UvGhKWSk8","baseKeyType":1,"closed":1746721118462,"used":1746721087078,"created":1746721087078,"remoteIdentityKey":"BSIRic0Gm8iHPLDhVRCenEnJA6WUC61DoeX+d18UzZh9"},"_chains":{"BfE8qu3xLlQywIm2bWwvK/yGUDGJ0UZ5/hlHStVOQdps":{"chainKey":{"counter":0,"key":"wIX+63FolD4geXCAuYVtSubC6mtFDxyj2YXtLnziByw="},"chainType":1,"messageKeys":{}}},"pendingPreKey":{"signedKeyId":12,"baseKey":"BYUDRrtJIi3qcGPX9Yh/eCDh/iKenKNuPf7UvGhKWSk8","preKeyId":3162917}},"BZZe8B2an6Sus/WQWL+YjR+dsTC2hNDJ338ISkoI0YNn":{"registrationId":362175022,"currentRatchet":{"ephemeralKeyPair":{"pubKey":"BcSWO93+1ZlqoIBCKkGKtSk+kp4cfgBKcZa6TUD5m+Ry","privKey":"IHik0dcNPpjoIXu+Fg+SOw8bGeUQW5ANRVQb0PWE3UM="},"lastRemoteEphemeralKey":"BXw6cF3VQzlFR2sWqIzOgP5w1i3TiO1Ro9uLueugQBtS","previousCounter":0,"rootKey":"8nxVxA/IE2lNT+AJHjkoR5PBthfWPjhKNjZMb+4SQVY="},"indexInfo":{"baseKey":"BZZe8B2an6Sus/WQWL+YjR+dsTC2hNDJ338ISkoI0YNn","baseKeyType":1,"closed":-1,"used":1746721118053,"created":1746721118053,"remoteIdentityKey":"BSIRic0Gm8iHPLDhVRCenEnJA6WUC61DoeX+d18UzZh9"},"_chains":{"BcSWO93+1ZlqoIBCKkGKtSk+kp4cfgBKcZa6TUD5m+Ry":{"chainKey":{"counter":2,"key":"MmWRLuwBhSwvNFOiZxAqJL3hDI0ydUO0GLnoFRnD8OA="},"chainType":1,"messageKeys":{}}},"pendingPreKey":{"signedKeyId":12,"baseKey":"BZZe8B2an6Sus/WQWL+YjR+dsTC2hNDJ338ISkoI0YNn","preKeyId":3162646}}},"version":"v1"}