{"_sessions":{"BcPWKROJvFP/b887kcMd9S/7edrlrtssx6UFQ0e4FM9d":{"registrationId":1159843270,"currentRatchet":{"ephemeralKeyPair":{"pubKey":"BU4AgHiP4nJ/Mur6g21MWeeBYH+sR4+axNfmFe3XLoQR","privKey":"2CC7p77MPOZpwOKnDlLN9skofOVY/hsRnF4PINsJHEo="},"lastRemoteEphemeralKey":"BZCL5YZ5W05uPIAYDFWxridW7FumL0cLSQ/ydTBWtC5T","previousCounter":0,"rootKey":"FI+P93yFw/0/IA5n6H5cJsglJXT6VYLuE4S50gwRcJM="},"indexInfo":{"baseKey":"BcPWKROJvFP/b887kcMd9S/7edrlrtssx6UFQ0e4FM9d","baseKeyType":1,"closed":1746721114755,"used":1746721083663,"created":1746721083663,"remoteIdentityKey":"BbtcWgE8P30cppp5aLsrnQFeHR+KlNYYPVWzJIl5L8wt"},"_chains":{"BU4AgHiP4nJ/Mur6g21MWeeBYH+sR4+axNfmFe3XLoQR":{"chainKey":{"counter":0,"key":"szM8kCcSZl54VicwnlGnRZLVB7axRhhiHmTEvQvMz5U="},"chainType":1,"messageKeys":{}}},"pendingPreKey":{"signedKeyId":6953212,"baseKey":"BcPWKROJvFP/b887kcMd9S/7edrlrtssx6UFQ0e4FM9d"}},"BcFc9oIs+JNrnbA5DGA164te7D5vrhrFR6ysXdilxpVh":{"registrationId":1159843270,"currentRatchet":{"ephemeralKeyPair":{"pubKey":"BVxxyENWzhfI0LDiv87Ivocx/AlOn+PghZgWs3V7sCsb","privKey":"4CXt1kzRO1Uj2cTdqenwB2K11VbeT1ahQQxilOC4OUc="},"lastRemoteEphemeralKey":"BZCL5YZ5W05uPIAYDFWxridW7FumL0cLSQ/ydTBWtC5T","previousCounter":0,"rootKey":"Yocyme4Aft7LSojU81TAUksvOiOYOYxqRtVz+BbuULA="},"indexInfo":{"baseKey":"BcFc9oIs+JNrnbA5DGA164te7D5vrhrFR6ysXdilxpVh","baseKeyType":1,"closed":-1,"used":1746721114448,"created":1746721114448,"remoteIdentityKey":"BbtcWgE8P30cppp5aLsrnQFeHR+KlNYYPVWzJIl5L8wt"},"_chains":{"BVxxyENWzhfI0LDiv87Ivocx/AlOn+PghZgWs3V7sCsb":{"chainKey":{"counter":2,"key":"aho9At4G7/86oSh7wu6wxxpxQPurOWGWaXeF5E5rfQI="},"chainType":1,"messageKeys":{}}},"pendingPreKey":{"signedKeyId":6953212,"baseKey":"BcFc9oIs+JNrnbA5DGA164te7D5vrhrFR6ysXdilxpVh"}}},"version":"v1"}