{"_sessions":{"BUpLj48jZvFCojOL5br9YNz6CxDOo9uGPUyOxnkSIzc3":{"registrationId":50772081,"currentRatchet":{"ephemeralKeyPair":{"pubKey":"BTdfWoBnn5qt9u/fiuMNJPimB/K4JSgn3FGYRv9Vxl1X","privKey":"GGRSCYCzGGxi9trrl9TUPxsXH9SFDXB9pzx8ewGfvUg="},"lastRemoteEphemeralKey":"BYRr1s24+mrLsIFuP7/XysvYpK2W39SLSQUbXE3E+/c1","previousCounter":0,"rootKey":"L4tQcQqcI2RiXW1fMpppcgyC7d0KCyCtzWt+1n7U7dI="},"indexInfo":{"baseKey":"BUpLj48jZvFCojOL5br9YNz6CxDOo9uGPUyOxnkSIzc3","baseKeyType":1,"closed":-1,"used":1746714529516,"created":1746714529516,"remoteIdentityKey":"BQ4rKmpjjFIunHUqHDTx2CNvCVUlOLnNDZSkh/D10U9N"},"_chains":{"BTdfWoBnn5qt9u/fiuMNJPimB/K4JSgn3FGYRv9Vxl1X":{"chainKey":{"counter":0,"key":"vWsx/A+6zEvAIY00/xTWvth46/8xCGid7BCZfnPZ2z8="},"chainType":1,"messageKeys":{}}},"pendingPreKey":{"signedKeyId":2,"baseKey":"BUpLj48jZvFCojOL5br9YNz6CxDOo9uGPUyOxnkSIzc3"}}},"version":"v1"}