{"_sessions":{"BXaf7m8rMc6WqmRgHV03ijFhvmHHRGGjHnbLhLJpGCN4":{"registrationId":218,"currentRatchet":{"ephemeralKeyPair":{"pubKey":"BTEw6eNgJMe6ky4fZaqiItQT9wftAKmVHqmcKFpWU2NZ","privKey":"uJcuSS/c4bC/ltSNQMX4mD/zoMWQ81XUxu5fis2j3Fg="},"lastRemoteEphemeralKey":"BaHjNLmSyowkAgkZohhYFIWAbIZHW3Vi89GwzyynrndG","previousCounter":0,"rootKey":"95J4Prd2qva73v+YBhW0v7jLoDpmQxNxgYfm2NyKAcA="},"indexInfo":{"baseKey":"BXaf7m8rMc6WqmRgHV03ijFhvmHHRGGjHnbLhLJpGCN4","baseKeyType":1,"closed":-1,"used":1746714522158,"created":1746714522158,"remoteIdentityKey":"BTg33dwhJckTUUpTr5q8tHjN8HMyywWPSOLyrc6MDAAZ"},"_chains":{"BTEw6eNgJMe6ky4fZaqiItQT9wftAKmVHqmcKFpWU2NZ":{"chainKey":{"counter":0,"key":"sI4Ll/GLmgLSoqxrprtkAMYlbFS2QdO8eCaKV6O2rAI="},"chainType":1,"messageKeys":{}}},"pendingPreKey":{"signedKeyId":1,"baseKey":"BXaf7m8rMc6WqmRgHV03ijFhvmHHRGGjHnbLhLJpGCN4","preKeyId":729}}},"version":"v1"}