{"_sessions":{"BYYYSOyFjUZAzHgYsxUZEmmzP6oFBJK1BoQ95EciXvVM":{"registrationId":4058203764,"currentRatchet":{"ephemeralKeyPair":{"pubKey":"Be0rgyo+/GVjouVzR4TYf7pvFz4wjG9Eq9BONVBnwUVz","privKey":"kFOGGGILx8ahnlkUJlDlE/0eqQ6+IY0ugb2eSpiw0Xg="},"lastRemoteEphemeralKey":"BZ1t8Wkzan/Hxs9js+Pb7s0/jfoMbab0wdqVp7hifvBD","previousCounter":0,"rootKey":"h9pzLpYJRpiCATxI81ey3WqAMyMNhAwHeXIoRNmesl4="},"indexInfo":{"baseKey":"BYYYSOyFjUZAzHgYsxUZEmmzP6oFBJK1BoQ95EciXvVM","baseKeyType":1,"closed":-1,"used":1746714522130,"created":1746714522130,"remoteIdentityKey":"BeLlP/a/hyGPOlaTa1OZPOn0TJGU8GiZ1lCsej3VRSQF"},"_chains":{"Be0rgyo+/GVjouVzR4TYf7pvFz4wjG9Eq9BONVBnwUVz":{"chainKey":{"counter":0,"key":"qH/C8lC2A7sX+ZglvSdoQdhhvnbvI4agIMl21Auon5I="},"chainType":1,"messageKeys":{}}},"pendingPreKey":{"signedKeyId":1,"baseKey":"BYYYSOyFjUZAzHgYsxUZEmmzP6oFBJK1BoQ95EciXvVM"}}},"version":"v1"}