{"_sessions":{"BQzS6oBp5t3FHB/FmcDbwy+GI157PrDqOuzOJLqvBId7":{"registrationId":616682891,"currentRatchet":{"ephemeralKeyPair":{"pubKey":"BQjjQ04s1iqf8yDPa3Acq0GzgrO2u9hIat0qipFXaOs0","privKey":"qBFFaUxECIEUiudcdTN1kFgEihesGa4KjbN6zitSunw="},"lastRemoteEphemeralKey":"BZIKErQIPe7MI4Yv4a4LLzC3YQQBJ1noSq2xFbyBu+k+","previousCounter":0,"rootKey":"dGi9yNc4Rl7ojeE/5IzdQTL6LmlaIdQfZx/j+s4z5lQ="},"indexInfo":{"baseKey":"BQzS6oBp5t3FHB/FmcDbwy+GI157PrDqOuzOJLqvBId7","baseKeyType":1,"closed":1746721104015,"used":1746721072629,"created":1746721072629,"remoteIdentityKey":"BQ11/LC1KPiU0tuTCRyOOzNcVyPRGG8bpSE2mQRUmqEc"},"_chains":{"BQjjQ04s1iqf8yDPa3Acq0GzgrO2u9hIat0qipFXaOs0":{"chainKey":{"counter":0,"key":"ro561zBKmvI4p6d5QA8fjMaG4Y0qepSWxcxS71pjUD8="},"chainType":1,"messageKeys":{}}},"pendingPreKey":{"signedKeyId":34,"baseKey":"BQzS6oBp5t3FHB/FmcDbwy+GI157PrDqOuzOJLqvBId7","preKeyId":6571795}},"Bbf3qoBG74wZeWqH7BZUoL/7qeMaV9xVae7lDviC7kh/":{"registrationId":616682891,"currentRatchet":{"ephemeralKeyPair":{"pubKey":"BQ6003kWICz/bCaDfV6RrWMVjs8ULoVy8OTP1KubUFVz","privKey":"uL7bXV5Lph9eq+B4JThIuDC5HFH6+0fEol81xPXgZWE="},"lastRemoteEphemeralKey":"BZIKErQIPe7MI4Yv4a4LLzC3YQQBJ1noSq2xFbyBu+k+","previousCounter":0,"rootKey":"6e+6qhW5w6uGAs+UviPXsz3fB05opaZOeOIPOK9kP0I="},"indexInfo":{"baseKey":"Bbf3qoBG74wZeWqH7BZUoL/7qeMaV9xVae7lDviC7kh/","baseKeyType":1,"closed":-1,"used":1746721103458,"created":1746721103458,"remoteIdentityKey":"BQ11/LC1KPiU0tuTCRyOOzNcVyPRGG8bpSE2mQRUmqEc"},"_chains":{"BQ6003kWICz/bCaDfV6RrWMVjs8ULoVy8OTP1KubUFVz":{"chainKey":{"counter":2,"key":"WNT315nHvZz2LqoC/HJriAK3szwu5Dg1eBT9n9nIxwM="},"chainType":1,"messageKeys":{}}},"pendingPreKey":{"signedKeyId":34,"baseKey":"Bbf3qoBG74wZeWqH7BZUoL/7qeMaV9xVae7lDviC7kh/","preKeyId":6571207}}},"version":"v1"}