{"_sessions":{"BR4Q+s5rFztA5nRA+c1NeVIvlIfzQ/WLGscOjuIrvJIS":{"registrationId":719006384,"currentRatchet":{"ephemeralKeyPair":{"pubKey":"BQ6rXXo4dtDIXr0qnwbQjKQYN+qvQS8zoQ666kqpIJYg","privKey":"gI54irXcyet6HVZ2CM5GCX2tefkf5YBKQKlsijZVdVA="},"lastRemoteEphemeralKey":"BZ3nZKOUFc0bPUSfgeeMPS+q6pm2z61SqJvdXjSeJZxc","previousCounter":0,"rootKey":"HVnZX+w4vBm9jNVEduU0waoShCEfbsiyBWTEq/joJbA="},"indexInfo":{"baseKey":"BR4Q+s5rFztA5nRA+c1NeVIvlIfzQ/WLGscOjuIrvJIS","baseKeyType":1,"closed":1746721111343,"used":1746721080159,"created":1746721080159,"remoteIdentityKey":"BRsEuHRQVCw618NqatdOck2hhchDob9NRqtAsFyCYqYl"},"_chains":{"BQ6rXXo4dtDIXr0qnwbQjKQYN+qvQS8zoQ666kqpIJYg":{"chainKey":{"counter":0,"key":"ugMbbtlRN76HP5zVmkoWX0JNvc1+4BMTDvuv96gZHWg="},"chainType":1,"messageKeys":{}}},"pendingPreKey":{"signedKeyId":3,"baseKey":"BR4Q+s5rFztA5nRA+c1NeVIvlIfzQ/WLGscOjuIrvJIS","preKeyId":3521463}},"Bab8S6RPxgSSWXwb63bZFKT5auRUTvx24TnTf8ghkYJP":{"registrationId":719006384,"currentRatchet":{"ephemeralKeyPair":{"pubKey":"BZwCYsjxAalklhNlw0ISsaDoV6vT7Pctx9UUHt1OCYde","privKey":"OABa73FSsqiVW9C5/zWthMJfn8r+q8qZaVGyjXCLA1s="},"lastRemoteEphemeralKey":"BZ3nZKOUFc0bPUSfgeeMPS+q6pm2z61SqJvdXjSeJZxc","previousCounter":0,"rootKey":"2yN3z+IWoEA1k4gOSSibIKcayWijxwTpMwx8N9kcCcQ="},"indexInfo":{"baseKey":"Bab8S6RPxgSSWXwb63bZFKT5auRUTvx24TnTf8ghkYJP","baseKeyType":1,"closed":-1,"used":1746721111096,"created":1746721111096,"remoteIdentityKey":"BRsEuHRQVCw618NqatdOck2hhchDob9NRqtAsFyCYqYl"},"_chains":{"BZwCYsjxAalklhNlw0ISsaDoV6vT7Pctx9UUHt1OCYde":{"chainKey":{"counter":2,"key":"PN450kFQ2KOVL8zxWVllyTm5CYpnHYbfjxNvyBmGcDw="},"chainType":1,"messageKeys":{}}},"pendingPreKey":{"signedKeyId":3,"baseKey":"Bab8S6RPxgSSWXwb63bZFKT5auRUTvx24TnTf8ghkYJP","preKeyId":3521602}}},"version":"v1"}