{"_sessions":{"BWPB7ZGXOQhYg5QkPZdZ6rn3OszAW5GRsRIemX0kNnMv":{"registrationId":29062881,"currentRatchet":{"ephemeralKeyPair":{"pubKey":"BYXr/flpctx/rX+MLTZMwTYxBsk2YhnejoUB8q22bEEi","privKey":"uMVHbbngLA1isAuOAerX2pvH4pqQG3LPKFTjMfkITkM="},"lastRemoteEphemeralKey":"BUko07siXpOJw6IKvKr76AqFoa9URwbBcSfoHL3JK59T","previousCounter":0,"rootKey":"DiO31v+G8fqXzHG9V3QxqZjNrBsaxQCHF+V8JXtMWnc="},"indexInfo":{"baseKey":"BWPB7ZGXOQhYg5QkPZdZ6rn3OszAW5GRsRIemX0kNnMv","baseKeyType":1,"closed":1746721107817,"used":1746721075986,"created":1746721075986,"remoteIdentityKey":"BS24P9afcV/7l/XJ6NgOUpenZ8jMAGkDwed6MDFeECEl"},"_chains":{"BYXr/flpctx/rX+MLTZMwTYxBsk2YhnejoUB8q22bEEi":{"chainKey":{"counter":0,"key":"V3gwI4p1VhptYQe21YYIJrQOlsPIz9b3mGUrS/FSl+o="},"chainType":1,"messageKeys":{}}},"pendingPreKey":{"signedKeyId":1,"baseKey":"BWPB7ZGXOQhYg5QkPZdZ6rn3OszAW5GRsRIemX0kNnMv","preKeyId":3173667}},"BXkl766iYFWfkVU2lbxVffMk6XdNUl2ZlSsHw4M+Ii8M":{"registrationId":29062881,"currentRatchet":{"ephemeralKeyPair":{"pubKey":"BQXx83wpe63Cxpq5ujOLV99o1gOCNJ2Q2N9/KiWgqIEu","privKey":"iDLRArRIX5dqh0vnCW68u/lY6Nm9YtD6c/Jjd9R7TEM="},"lastRemoteEphemeralKey":"BUko07siXpOJw6IKvKr76AqFoa9URwbBcSfoHL3JK59T","previousCounter":0,"rootKey":"kXjw+a6Q3rHAdNXzYiPuu/2gOTC4KSlrUaheErx76Nw="},"indexInfo":{"baseKey":"BXkl766iYFWfkVU2lbxVffMk6XdNUl2ZlSsHw4M+Ii8M","baseKeyType":1,"closed":-1,"used":1746721107538,"created":1746721107538,"remoteIdentityKey":"BS24P9afcV/7l/XJ6NgOUpenZ8jMAGkDwed6MDFeECEl"},"_chains":{"BQXx83wpe63Cxpq5ujOLV99o1gOCNJ2Q2N9/KiWgqIEu":{"chainKey":{"counter":2,"key":"n/tqgdjqMaElLWj+IBLhN1+QjXqE2coiSo/Ub01N+p8="},"chainType":1,"messageKeys":{}}},"pendingPreKey":{"signedKeyId":1,"baseKey":"BXkl766iYFWfkVU2lbxVffMk6XdNUl2ZlSsHw4M+Ii8M","preKeyId":3173551}}},"version":"v1"}