{"_sessions":{"BdvWQZJaPL6hYgUREVdU54Okz9mIRWtKFZuQPokxAuA/":{"registrationId":1996495689,"currentRatchet":{"ephemeralKeyPair":{"pubKey":"Bacf4wke7HY26wScgrozMKxIiKJcuNHIcqt8RRESPAYs","privKey":"ADCkIgA+xaXxGe91vxB/YI5FfU7II5XpurvgoYRE53o="},"lastRemoteEphemeralKey":"BRWy4g84z1Zlmpo8ITxKLNwvQKbrInui9l5yIDTc+Yl3","previousCounter":0,"rootKey":"J6Vkka+KEH385zdHwEJ5uNERQqGrOs1yc7sLXDXqIVg="},"indexInfo":{"baseKey":"BdvWQZJaPL6hYgUREVdU54Okz9mIRWtKFZuQPokxAuA/","baseKeyType":1,"closed":-1,"used":1746714525590,"created":1746714525590,"remoteIdentityKey":"Ba32tVZTFblkvtl902+7SJIVPgv2KAswcGslO+tJt1kq"},"_chains":{"Bacf4wke7HY26wScgrozMKxIiKJcuNHIcqt8RRESPAYs":{"chainKey":{"counter":0,"key":"G/ULpf9U0HLnDMHFGGvB21DCSFKP9S3BG+CPh1pKLiE="},"chainType":1,"messageKeys":{}}},"pendingPreKey":{"signedKeyId":5,"baseKey":"BdvWQZJaPL6hYgUREVdU54Okz9mIRWtKFZuQPokxAuA/","preKeyId":11574308}}},"version":"v1"}