{"_sessions":{"BbHjw5tLAdKWt6frNeGQebILXYuUNiBAF9UTsKlPTp4W":{"registrationId":766200665,"currentRatchet":{"ephemeralKeyPair":{"pubKey":"BSdBJw9potYGUVbFg77z5/ZlbavBu9a0nEasd14ZhvA0","privKey":"wIMX/W5qBdoUQ6ujW2oHwwz9WRRLJwmvYLQqc8qOIXQ="},"lastRemoteEphemeralKey":"Bd/nCrwUAQseUPOvM7V3toETPhEEh/lDuxLFOSI04GVh","previousCounter":0,"rootKey":"1FHY46HQY42saHRfnNy5s9myLEVTJ02ZlZN9lfFwYgA="},"indexInfo":{"baseKey":"BbHjw5tLAdKWt6frNeGQebILXYuUNiBAF9UTsKlPTp4W","baseKeyType":1,"closed":-1,"used":1746714539857,"created":1746714539856,"remoteIdentityKey":"BQ48uX/5xT1P7Dx4zObKMmaMy/INiT3ER9HNRpJBTd44"},"_chains":{"BSdBJw9potYGUVbFg77z5/ZlbavBu9a0nEasd14ZhvA0":{"chainKey":{"counter":0,"key":"RuH071oVnv2QCNU2NOxtx/a1nfXCbnlW09CYM1jtaqo="},"chainType":1,"messageKeys":{}}},"pendingPreKey":{"signedKeyId":15924864,"baseKey":"BbHjw5tLAdKWt6frNeGQebILXYuUNiBAF9UTsKlPTp4W"}}},"version":"v1"}