{"_sessions":{"BWPrbZKnHImqEY5Xj9bDixpvPOtF3xOg5tUOqsuyGlJ6":{"registrationId":119,"currentRatchet":{"ephemeralKeyPair":{"pubKey":"BYsQT/+Blr52TvBxkonjVSN0p9ylYy2ETr98Tj7LYwIH","privKey":"sBI+kcxRyx1RDxsPn2+4cubagkpIgMBII2dwbHEw0EA="},"lastRemoteEphemeralKey":"Be9XWhgGCtglpk+G6zJtvcBMt14ezyIfeSGkgrO8QlAd","previousCounter":0,"rootKey":"7aauMznZSZY7aegogMSBodqbcpsdkfZkF82h504zGCg="},"indexInfo":{"baseKey":"BWPrbZKnHImqEY5Xj9bDixpvPOtF3xOg5tUOqsuyGlJ6","baseKeyType":1,"closed":-1,"used":1746714522251,"created":1746714522251,"remoteIdentityKey":"Be6HsB7TeUZHN+P5uLDGuyAr3VFG/LV2dglsqQrva6NY"},"_chains":{"BYsQT/+Blr52TvBxkonjVSN0p9ylYy2ETr98Tj7LYwIH":{"chainKey":{"counter":0,"key":"hr+5HbJbv7q7jJ29WxZ/8JXJYRpjka5th1J/Y9tlCkw="},"chainType":1,"messageKeys":{}}},"pendingPreKey":{"signedKeyId":1,"baseKey":"BWPrbZKnHImqEY5Xj9bDixpvPOtF3xOg5tUOqsuyGlJ6"}}},"version":"v1"}