{"_sessions":{"BRIeltoFukVrd+lX3N/iTKtlZxAWoZHNCFAJgrTZ1EZv":{"registrationId":766227388,"currentRatchet":{"ephemeralKeyPair":{"pubKey":"BaBDctZYRwsTOX/0JtA/FUPdBlMZQWyo9CDgJsUS3wxR","privKey":"IAIY7JcfVV5H8m+GkmdkW62fP9alQApliT7eSAC9z2Y="},"lastRemoteEphemeralKey":"BTvZllUnNUAp15oa568uiS2ehmhgwav5zmf5VpZq+4A5","previousCounter":0,"rootKey":"dTH4VcOM+9Fq8kl93L1juftLEbNFAn0R9KiqXa92A8o="},"indexInfo":{"baseKey":"BRIeltoFukVrd+lX3N/iTKtlZxAWoZHNCFAJgrTZ1EZv","baseKeyType":1,"closed":-1,"used":1746714522091,"created":1746714522091,"remoteIdentityKey":"BfMUcG7Zs6+iK1cnal9xHgw86PDB3Tv7Gj9///9YgQhy"},"_chains":{"BaBDctZYRwsTOX/0JtA/FUPdBlMZQWyo9CDgJsUS3wxR":{"chainKey":{"counter":0,"key":"YMdGmjnPPfjL97GHVAIeZ9s6lCaxrH33LNsc58Moxb4="},"chainType":1,"messageKeys":{}}},"pendingPreKey":{"signedKeyId":0,"baseKey":"BRIeltoFukVrd+lX3N/iTKtlZxAWoZHNCFAJgrTZ1EZv"}}},"version":"v1"}