{"_sessions":{"BQHtVcXF7F1+HswE5HZ6f0190lywxtCbPxNZvc0mcy4A":{"registrationId":425901524,"currentRatchet":{"ephemeralKeyPair":{"pubKey":"BQRzrYpzyAgiCd6y1ZGDSEjW4R9hTFE1Mq6aXHZ1y6Z2","privKey":"MIR1EF9zgWdeHs+RAHZvLKPbY4TtC/l6PaJ9x7qa/FI="},"lastRemoteEphemeralKey":"BTqmyK2eBkTmNa++QHqFEgz2MF+ZSeMn7d0FgEIzCBQK","previousCounter":0,"rootKey":"Ck3Eb/S5BUkZp+oxGovDO6SmoSfYAFF/1NwYqM9n+OM="},"indexInfo":{"baseKey":"BQHtVcXF7F1+HswE5HZ6f0190lywxtCbPxNZvc0mcy4A","baseKeyType":1,"closed":1746721107780,"used":1746721075841,"created":1746721075841,"remoteIdentityKey":"Bd/ZRYgYyUeL37/z0n/Nt3wJValeRuMK3ttcCKbynecu"},"_chains":{"BQRzrYpzyAgiCd6y1ZGDSEjW4R9hTFE1Mq6aXHZ1y6Z2":{"chainKey":{"counter":0,"key":"KTc2LYPl92fjio/d+l+7mm/cAraD2nF8v+ky5+ypdU4="},"chainType":1,"messageKeys":{}}},"pendingPreKey":{"signedKeyId":37,"baseKey":"BQHtVcXF7F1+HswE5HZ6f0190lywxtCbPxNZvc0mcy4A","preKeyId":12914402}},"BdwohWCbTfVO2KlwC760nLJOnPtKV2Hr9CIBMzJ9OppB":{"registrationId":425901524,"currentRatchet":{"ephemeralKeyPair":{"pubKey":"BTVgmV5JIhD8peJlHX/KlzbEsAgJvX6XRwlaFsZV/icF","privKey":"QDIhWg2PAArgTRhpGGtgznUM30FmXevD9C9LrJQDi0o="},"lastRemoteEphemeralKey":"BTqmyK2eBkTmNa++QHqFEgz2MF+ZSeMn7d0FgEIzCBQK","previousCounter":0,"rootKey":"JaIHZIATbMMxavxVt5aBny/JFEhpIDuPKCYmTLadJFw="},"indexInfo":{"baseKey":"BdwohWCbTfVO2KlwC760nLJOnPtKV2Hr9CIBMzJ9OppB","baseKeyType":1,"closed":-1,"used":1746721107407,"created":1746721107407,"remoteIdentityKey":"Bd/ZRYgYyUeL37/z0n/Nt3wJValeRuMK3ttcCKbynecu"},"_chains":{"BTVgmV5JIhD8peJlHX/KlzbEsAgJvX6XRwlaFsZV/icF":{"chainKey":{"counter":2,"key":"e7JEm8xi3/qZQZ34sAoFGWcf9SvEdHcwBlvsHLvz7zQ="},"chainType":1,"messageKeys":{}}},"pendingPreKey":{"signedKeyId":37,"baseKey":"BdwohWCbTfVO2KlwC760nLJOnPtKV2Hr9CIBMzJ9OppB","preKeyId":12914216}}},"version":"v1"}