{"_sessions":{"BcvfktHIdzAJH/jtTdxAGWWR0+9MIWd2o8MXWr3uTW1M":{"registrationId":481486795,"currentRatchet":{"ephemeralKeyPair":{"pubKey":"BRwVuk907fZJJf+HyWOtHW4/xhS2lOHdXSjsSr/tftxv","privKey":"YGSWfgjSZvU+KMuWbGH1ZO3wi4ga7dVGy/X2MOxTI1I="},"lastRemoteEphemeralKey":"BRWfI7VHtc9Qgom/EfeX9kI3VGFXNLzKuvfKYdks/F4B","previousCounter":0,"rootKey":"Vs31hekwl2ADHoRj39xoo0g16QPY5pj5Lku3oERWpyI="},"indexInfo":{"baseKey":"BcvfktHIdzAJH/jtTdxAGWWR0+9MIWd2o8MXWr3uTW1M","baseKeyType":1,"closed":1746721107789,"used":1746721075875,"created":1746721075875,"remoteIdentityKey":"BduZEsRAxZT0q7CIpqfcGlNEew0hcpVu1LQj+J6ez8lz"},"_chains":{"BRwVuk907fZJJf+HyWOtHW4/xhS2lOHdXSjsSr/tftxv":{"chainKey":{"counter":0,"key":"NpXuN/6Ztwdqfkfc3DqvO2TImuU/Cbjwmef7kKxWxBU="},"chainType":1,"messageKeys":{}}},"pendingPreKey":{"signedKeyId":14759345,"baseKey":"BcvfktHIdzAJH/jtTdxAGWWR0+9MIWd2o8MXWr3uTW1M","preKeyId":14937}},"BVj2GTf6Mzt03CcB/LsRwI7tX8Kin8bd0PuPYT+WlbQV":{"registrationId":481486795,"currentRatchet":{"ephemeralKeyPair":{"pubKey":"BWREb4Ml7XHg0SBOtTaXE0VsuE/mdDPtz1q0rJ7Z4mMs","privKey":"cOxY8Q8MlHC1BXlNfXH+0cp9uMk5HHVrB7x9r991Bn0="},"lastRemoteEphemeralKey":"BRWfI7VHtc9Qgom/EfeX9kI3VGFXNLzKuvfKYdks/F4B","previousCounter":0,"rootKey":"63/eZlewNywhBMBth4FA6dlpvvL5sRG6R2Ry/drgY9I="},"indexInfo":{"baseKey":"BVj2GTf6Mzt03CcB/LsRwI7tX8Kin8bd0PuPYT+WlbQV","baseKeyType":1,"closed":-1,"used":1746721107439,"created":1746721107439,"remoteIdentityKey":"BduZEsRAxZT0q7CIpqfcGlNEew0hcpVu1LQj+J6ez8lz"},"_chains":{"BWREb4Ml7XHg0SBOtTaXE0VsuE/mdDPtz1q0rJ7Z4mMs":{"chainKey":{"counter":2,"key":"oCRdUhP0uREuvBRc+f4woFS3U90JIPwe6tWj5uJYvHI="},"chainType":1,"messageKeys":{}}},"pendingPreKey":{"signedKeyId":14759345,"baseKey":"BVj2GTf6Mzt03CcB/LsRwI7tX8Kin8bd0PuPYT+WlbQV","preKeyId":14867}}},"version":"v1"}