{"_sessions":{"BcmsKvFVkNi5k+GkOaBFaZXljg57Geuuvi/u86clLeAW":{"registrationId":2045084983,"currentRatchet":{"ephemeralKeyPair":{"pubKey":"Bd6OeKPL5GH2Tc0KMLxsHH5fMyuKY7UgTqAYFxiZszoU","privKey":"6FkbKgYKwY/xm51UNzdQLZJoYZJWtNHBkcJtKExgM0M="},"lastRemoteEphemeralKey":"BfWKL13gpH1SOX5Jt51Dz0zKAPmN/1ce8g/y7iE6O69g","previousCounter":0,"rootKey":"K5j4xJmgzr3N/+69G26FL7ekEBQM/7YCiCnxPXqSfb4="},"indexInfo":{"baseKey":"BcmsKvFVkNi5k+GkOaBFaZXljg57Geuuvi/u86clLeAW","baseKeyType":1,"closed":-1,"used":1746714525839,"created":1746714525839,"remoteIdentityKey":"BdQoEp8SaAg0Bbgk/jjn5j5YWzICb9eH/5JSNwc6Eb9E"},"_chains":{"Bd6OeKPL5GH2Tc0KMLxsHH5fMyuKY7UgTqAYFxiZszoU":{"chainKey":{"counter":0,"key":"CxSNvwm+jf20eVad+NPPxIjPFgUz842pFQ79mjEV0dU="},"chainType":1,"messageKeys":{}}},"pendingPreKey":{"signedKeyId":0,"baseKey":"BcmsKvFVkNi5k+GkOaBFaZXljg57Geuuvi/u86clLeAW"}}},"version":"v1"}