{"_sessions":{"Bb/pkjQaqto4hXnSDBDvtz34OKKjuStrbzmWCVl0wy5t":{"registrationId":1766939106,"currentRatchet":{"ephemeralKeyPair":{"pubKey":"BSurCwYcMI6Ji1GoCOaWOXnPHYGsjyKTRLFl71HOoYwL","privKey":"ABnrXI3OqX9/cja3LP3sfZ3EPZPxyGjtX9CaKUqkYFE="},"lastRemoteEphemeralKey":"BQem9Sj/iltzWQBczuh/k9ab8T8KN2+6zeT2O+kWBMVj","previousCounter":0,"rootKey":"tNP6+lMhWsppXhy2jwgvhM4BnbyYqkYsxlvag2A1QOw="},"indexInfo":{"baseKey":"Bb/pkjQaqto4hXnSDBDvtz34OKKjuStrbzmWCVl0wy5t","baseKeyType":1,"closed":-1,"used":1746714525924,"created":1746714525924,"remoteIdentityKey":"BbtX73E02myEr001ZAzFA7XzDbf/bAiLGr6npSgWKxpe"},"_chains":{"BSurCwYcMI6Ji1GoCOaWOXnPHYGsjyKTRLFl71HOoYwL":{"chainKey":{"counter":0,"key":"QiHlB/xAs3hvCYnLx81vUdSl+q5FYAXBYziQAlYHhKc="},"chainType":1,"messageKeys":{}}},"pendingPreKey":{"signedKeyId":14098617,"baseKey":"Bb/pkjQaqto4hXnSDBDvtz34OKKjuStrbzmWCVl0wy5t","preKeyId":4907}}},"version":"v1"}