{"_sessions":{"BbsvmCdfq0ixI+rKKVm1JjSBNDrd8n+Xs8SUuNsvpQxC":{"registrationId":933799586,"currentRatchet":{"ephemeralKeyPair":{"pubKey":"Bf1hu8C6TjWld1I9Qc2KZpELJ+Lc8pLKslNCFDXBZkpx","privKey":"oL4i3yk9VTYd/HNI8/jPJfWYi2gSMgXDFo01JxDSNU8="},"lastRemoteEphemeralKey":"BX3kKHnbifT/0jvwks6QC5+lia77y1SIvtR9RJmugCU7","previousCounter":0,"rootKey":"axoohc2XUNYlgX0AhszqlfcMYG1H+AvOm18hEg7k4oU="},"indexInfo":{"baseKey":"BbsvmCdfq0ixI+rKKVm1JjSBNDrd8n+Xs8SUuNsvpQxC","baseKeyType":1,"closed":-1,"used":1746714522411,"created":1746714522411,"remoteIdentityKey":"BX76XP9Ux/6SJyE1ocRuFphvYwXpEsI9l1kGpytCjxQt"},"_chains":{"Bf1hu8C6TjWld1I9Qc2KZpELJ+Lc8pLKslNCFDXBZkpx":{"chainKey":{"counter":0,"key":"KW0ddm1fCq28RfDWrbG/iGssjNgfrevrDvG0XM5+A6k="},"chainType":1,"messageKeys":{}}},"pendingPreKey":{"signedKeyId":6,"baseKey":"BbsvmCdfq0ixI+rKKVm1JjSBNDrd8n+Xs8SUuNsvpQxC","preKeyId":3143220}}},"version":"v1"}