{"_sessions":{"BRsgNbnXD9nuwezMrtL4Eq3GxXQ+dBIgXaqP4CyNSwRL":{"registrationId":399003660,"currentRatchet":{"ephemeralKeyPair":{"pubKey":"BT/9AoP8FaXQ8e0BjyWIeQoALJtaIE6FWc58AsmkORtl","privKey":"8DlZxiZFSCYprv0Vw/UVfIvGXBLAYrI9p4XrL4rQQ0o="},"lastRemoteEphemeralKey":"BeUv+MCfJ/TtT1/W9xxjnK83RhgDX/ZFRHRO5snq4dYg","previousCounter":0,"rootKey":"49NZgU6IFSqMSwABMbYeceWX9AvQAYpRkdI67JQ5UtE="},"indexInfo":{"baseKey":"BRsgNbnXD9nuwezMrtL4Eq3GxXQ+dBIgXaqP4CyNSwRL","baseKeyType":1,"closed":1746721111335,"used":1746721080109,"created":1746721080109,"remoteIdentityKey":"BVD6UBqEdMHez32l7VoxoMJqio9dYJgPkwx4rCxUldVp"},"_chains":{"BT/9AoP8FaXQ8e0BjyWIeQoALJtaIE6FWc58AsmkORtl":{"chainKey":{"counter":0,"key":"nzL8pXbd7Bu8LC9yknnCjpB7Jx9y8VtBe7n3olXhxnU="},"chainType":1,"messageKeys":{}}},"pendingPreKey":{"signedKeyId":1,"baseKey":"BRsgNbnXD9nuwezMrtL4Eq3GxXQ+dBIgXaqP4CyNSwRL"}},"BTYJfxWG/pXJJXwFm92PaARzEL9+EoBwoXV+tqWAI9kU":{"registrationId":399003660,"currentRatchet":{"ephemeralKeyPair":{"pubKey":"BfPJpGYgvLQLcn0pIDBCmeq1PrpdoGVo+VyC8qWHIMJx","privKey":"AJ9baILeBwFVqGuaEbPsjRYgtCc5WBZEkQ824B0FDGs="},"lastRemoteEphemeralKey":"BeUv+MCfJ/TtT1/W9xxjnK83RhgDX/ZFRHRO5snq4dYg","previousCounter":0,"rootKey":"zFZAIwZbw1OMeTHGkviXUOVZJ/pKgU2I9Y+rSsnmomA="},"indexInfo":{"baseKey":"BTYJfxWG/pXJJXwFm92PaARzEL9+EoBwoXV+tqWAI9kU","baseKeyType":1,"closed":-1,"used":1746721111050,"created":1746721111050,"remoteIdentityKey":"BVD6UBqEdMHez32l7VoxoMJqio9dYJgPkwx4rCxUldVp"},"_chains":{"BfPJpGYgvLQLcn0pIDBCmeq1PrpdoGVo+VyC8qWHIMJx":{"chainKey":{"counter":2,"key":"VE7/beAz93B2ZOAjZjubyku6ZJzh8++tL/jAmoO3HaQ="},"chainType":1,"messageKeys":{}}},"pendingPreKey":{"signedKeyId":1,"baseKey":"BTYJfxWG/pXJJXwFm92PaARzEL9+EoBwoXV+tqWAI9kU"}}},"version":"v1"}