{"_sessions":{"BfsQMKiFXOvHEEkIx598BQIbJRFwCzT7KFBzji7JIGEc":{"registrationId":2078243724,"currentRatchet":{"ephemeralKeyPair":{"pubKey":"Ba3nFHAPx8PbMW9pe2SWNyIbJHiAOXOhtyAGpTAWxnUH","privKey":"CAnGVmMB4fO0HOCbIsXEsZ7dBnQc7xPV/JlBRazfzns="},"lastRemoteEphemeralKey":"BSM8x1OLcd4WdjUHymYdmGAVSBKZhUNjc01LF5jHYnkP","previousCounter":0,"rootKey":"CA/ZLUneOQ93faLJqPBV/gq727bQ5A4qN/iIeSdV5dA="},"indexInfo":{"baseKey":"BfsQMKiFXOvHEEkIx598BQIbJRFwCzT7KFBzji7JIGEc","baseKeyType":1,"closed":-1,"used":1746714525949,"created":1746714525949,"remoteIdentityKey":"BZClkk/otX3oqYt4bmh8XrsqBcq41Vjgt7l5+AVom/Eb"},"_chains":{"Ba3nFHAPx8PbMW9pe2SWNyIbJHiAOXOhtyAGpTAWxnUH":{"chainKey":{"counter":0,"key":"HQBJ4KDqZQeRwBNbk4gczFjnU1YvIDvhZ7lARgoxdTI="},"chainType":1,"messageKeys":{}}},"pendingPreKey":{"signedKeyId":11,"baseKey":"BfsQMKiFXOvHEEkIx598BQIbJRFwCzT7KFBzji7JIGEc","preKeyId":6358845}}},"version":"v1"}