{"_sessions":{"BeghsB663KdxWZW8Ea9GIBYMvJ7N5xT3EzpLGU80TLw4":{"registrationId":1626653634,"currentRatchet":{"ephemeralKeyPair":{"pubKey":"BYuVqysGyNbhd/5KFWiQ12LqbpoSTcZ4Pa9iZ9y3R4AU","privKey":"GEMKB3vTEk0JxH3N3GLhtd75zEo3UBfNWHWz3/3HyFE="},"lastRemoteEphemeralKey":"Be0WGRKEixN5LA/+YtTqB3+Yqckq8hOspdslpVl4c3lO","previousCounter":0,"rootKey":"+6D08UL5rQqlwQIDVZ7DiRT38N249KuBYtLi9SoN35A="},"indexInfo":{"baseKey":"BeghsB663KdxWZW8Ea9GIBYMvJ7N5xT3EzpLGU80TLw4","baseKeyType":1,"closed":-1,"used":1746714525882,"created":1746714525882,"remoteIdentityKey":"BRC53b4z0bgfpV0C7tUuRJYHx4JQ9RYZGdQcNwaVp1UM"},"_chains":{"BYuVqysGyNbhd/5KFWiQ12LqbpoSTcZ4Pa9iZ9y3R4AU":{"chainKey":{"counter":0,"key":"rhd9ggWTO+APH/Lq1Grh1dIlwr4NElTVxmzqq1W4tVA="},"chainType":1,"messageKeys":{}}},"pendingPreKey":{"signedKeyId":4,"baseKey":"BeghsB663KdxWZW8Ea9GIBYMvJ7N5xT3EzpLGU80TLw4","preKeyId":12152905}}},"version":"v1"}