{"_sessions":{"BXjo9GK/Fj+Fb0lIswr3QuUGd9LSZ/vu94lqg9gSzBFh":{"registrationId":1901840587,"currentRatchet":{"ephemeralKeyPair":{"pubKey":"BSgED/tyyWo6nvSC8ohd/sLnL1gP4GDVTKjnb3gYZdMA","privKey":"+KDK0u2PRj7DeRwPuctdbskVKoXyjLRXb7x5gXWv/l4="},"lastRemoteEphemeralKey":"BV79sqKxKOzzwypoPP6rfIZd5MSrWOUHSZd08/M1E0dB","previousCounter":0,"rootKey":"5Lx48cqoGAFgUkRXyTcxpOYEyg8t+kT9+FLO8NhMteo="},"indexInfo":{"baseKey":"BXjo9GK/Fj+Fb0lIswr3QuUGd9LSZ/vu94lqg9gSzBFh","baseKeyType":1,"closed":1746721114776,"used":1746721083749,"created":1746721083749,"remoteIdentityKey":"BStb6y/BNbJbRB8U8SXkaAKDACE3OOCCcjGKVLpKVSQc"},"_chains":{"BSgED/tyyWo6nvSC8ohd/sLnL1gP4GDVTKjnb3gYZdMA":{"chainKey":{"counter":0,"key":"gX82+pnSwc6TFuUZM01fyj2AxRHXKeuy+xpRiSCGh5Q="},"chainType":1,"messageKeys":{}}},"pendingPreKey":{"signedKeyId":5,"baseKey":"BXjo9GK/Fj+Fb0lIswr3QuUGd9LSZ/vu94lqg9gSzBFh","preKeyId":16206722}},"BWPKfTGE16WjfaiN7dwGutzSVh9vJ0tr4rCD4EU8SvpG":{"registrationId":1901840587,"currentRatchet":{"ephemeralKeyPair":{"pubKey":"BUVjK6PvPWDkUwo+JQRsb6trfGss8LRWEwK6+y99iC0Y","privKey":"wDE50F6OXA11rGkCDlKx5Pe6YXhNVzbTnLkzo/mAOH0="},"lastRemoteEphemeralKey":"BV79sqKxKOzzwypoPP6rfIZd5MSrWOUHSZd08/M1E0dB","previousCounter":0,"rootKey":"xzcdvUOaP1n/bZU7Mtm1hQRQi3N+59KdalM2MuA9Sak="},"indexInfo":{"baseKey":"BWPKfTGE16WjfaiN7dwGutzSVh9vJ0tr4rCD4EU8SvpG","baseKeyType":1,"closed":-1,"used":1746721114530,"created":1746721114530,"remoteIdentityKey":"BStb6y/BNbJbRB8U8SXkaAKDACE3OOCCcjGKVLpKVSQc"},"_chains":{"BUVjK6PvPWDkUwo+JQRsb6trfGss8LRWEwK6+y99iC0Y":{"chainKey":{"counter":2,"key":"zEwtmJxgqUJ9cYJ4Ha9xGv3FrHRZWHO0cM7BbfxWZz0="},"chainType":1,"messageKeys":{}}},"pendingPreKey":{"signedKeyId":5,"baseKey":"BWPKfTGE16WjfaiN7dwGutzSVh9vJ0tr4rCD4EU8SvpG","preKeyId":16206475}}},"version":"v1"}