{"_sessions":{"BW/LKk8M/z35oxyv/zrbR+kGMaO6nnLu3MoPPrfzCLpq":{"registrationId":763959493,"currentRatchet":{"ephemeralKeyPair":{"pubKey":"BSJ/VZ+c/GOJXZ7hzRQr+vxAgKqcHgwhruYV5SVM6RF2","privKey":"sJNV7lI5xt/O0OO7ybZgwL5Uim5ITwp7slQ9HlPa428="},"lastRemoteEphemeralKey":"BRh5sDTlHFwGCUYIl1nL/kUa3Z63UCUfywvcdajPK4Rg","previousCounter":0,"rootKey":"cZ5EO0OrJuy7fWSohmpenCciCTK6S0khX5p1lYRMncM="},"indexInfo":{"baseKey":"BW/LKk8M/z35oxyv/zrbR+kGMaO6nnLu3MoPPrfzCLpq","baseKeyType":1,"closed":1746721111359,"used":1746721080265,"created":1746721080265,"remoteIdentityKey":"BZkgphCuf95g0S/q/bFOdjjNQWWLvFW9rjKTaMpxw39e"},"_chains":{"BSJ/VZ+c/GOJXZ7hzRQr+vxAgKqcHgwhruYV5SVM6RF2":{"chainKey":{"counter":0,"key":"3ztAnHmOvxmBNmACOXPiGDDh9Kpsex/yHt3u7SM13TE="},"chainType":1,"messageKeys":{}}},"pendingPreKey":{"signedKeyId":1,"baseKey":"BW/LKk8M/z35oxyv/zrbR+kGMaO6nnLu3MoPPrfzCLpq","preKeyId":13761114}},"BTH17Mr4a2/x4SX/+RqLaPoFb0ysFX54rNVqfVcSqqgS":{"registrationId":763959493,"currentRatchet":{"ephemeralKeyPair":{"pubKey":"BQnpM+UQ7XuL+6ZQZouOipe31YEAnqxYHHVm8itccXYL","privKey":"MIH2TLYJiyjwxc4nF5foHa9iTCvtwnAqcomU7Gzxrk0="},"lastRemoteEphemeralKey":"BRh5sDTlHFwGCUYIl1nL/kUa3Z63UCUfywvcdajPK4Rg","previousCounter":0,"rootKey":"TuGgxO0XVnpO8X0pCwIwaL8/rdPzRrm8RF7xMFYm0Mc="},"indexInfo":{"baseKey":"BTH17Mr4a2/x4SX/+RqLaPoFb0ysFX54rNVqfVcSqqgS","baseKeyType":1,"closed":-1,"used":1746721111187,"created":1746721111187,"remoteIdentityKey":"BZkgphCuf95g0S/q/bFOdjjNQWWLvFW9rjKTaMpxw39e"},"_chains":{"BQnpM+UQ7XuL+6ZQZouOipe31YEAnqxYHHVm8itccXYL":{"chainKey":{"counter":2,"key":"HZyhMjbygEjgNBXbHfwML/kk5036GeEKFdUfr11q8ys="},"chainType":1,"messageKeys":{}}},"pendingPreKey":{"signedKeyId":1,"baseKey":"BTH17Mr4a2/x4SX/+RqLaPoFb0ysFX54rNVqfVcSqqgS","preKeyId":13761128}}},"version":"v1"}