{"_sessions":{"Beii+cF/OZ8JIFcyPGZvt2wRMEu4BevKLH5NOTUZ2Y48":{"registrationId":561807139,"currentRatchet":{"ephemeralKeyPair":{"pubKey":"BYGVHrvsYPZO9N6UoNjrQkKGi5hNp6wif+ONcSAjUmsT","privKey":"AAWcp1xY2u3A8yfoYL25+OcRzrpui1KbH5SKDeLrJUs="},"lastRemoteEphemeralKey":"BcYxpL9iTxWBBvt883Fq7EF89RFwxoBoJGYa6BNoonQM","previousCounter":0,"rootKey":"cX14/FXqjDxbiNcZwtM3mUBTEyJ/s7Daz12+xKlA+Qo="},"indexInfo":{"baseKey":"Beii+cF/OZ8JIFcyPGZvt2wRMEu4BevKLH5NOTUZ2Y48","baseKeyType":1,"closed":-1,"used":1746714525563,"created":1746714525563,"remoteIdentityKey":"BcfeXhDhGpF177DBF8mfpo8vQNtXObChq464xhQbKLlC"},"_chains":{"BYGVHrvsYPZO9N6UoNjrQkKGi5hNp6wif+ONcSAjUmsT":{"chainKey":{"counter":0,"key":"cGylyd/HVZ25OimDJz4rXfcrXevrsdd9QoDK60if+G8="},"chainType":1,"messageKeys":{}}},"pendingPreKey":{"signedKeyId":8,"baseKey":"Beii+cF/OZ8JIFcyPGZvt2wRMEu4BevKLH5NOTUZ2Y48","preKeyId":13332996}}},"version":"v1"}