{"_sessions":{"BermxzTB9KT3u5mEzwiEJqTa5sd1ZyBCdZIcD4TBTbMW":{"registrationId":7269686,"currentRatchet":{"ephemeralKeyPair":{"pubKey":"BcW5PbOYvGabio0PiMfQeSl6dlqr87At9OnOyQWJyQou","privKey":"WINxIleOPUBsOb9evaGLtOnXuk+T7lX1Mzh3d3sC32k="},"lastRemoteEphemeralKey":"BSdI4CKZw/bL0JuUt0LEXmhqqftaPSQ9FtuG5YtTv3UM","previousCounter":0,"rootKey":"lV7J2J3sNYxRsWkeKCLIsYDNw0dIW14yno8Cahp5QNE="},"indexInfo":{"baseKey":"BermxzTB9KT3u5mEzwiEJqTa5sd1ZyBCdZIcD4TBTbMW","baseKeyType":1,"closed":-1,"used":1746714529494,"created":1746714529494,"remoteIdentityKey":"BZ42SwawyUMyPrLe4e31Z0sws1rX3c6n3cQK3MANZkE1"},"_chains":{"BcW5PbOYvGabio0PiMfQeSl6dlqr87At9OnOyQWJyQou":{"chainKey":{"counter":0,"key":"3XgQQGbDMamSkb3ePhDNYamDZrzGSfBCmJr/ebnH1M8="},"chainType":1,"messageKeys":{}}},"pendingPreKey":{"signedKeyId":14,"baseKey":"BermxzTB9KT3u5mEzwiEJqTa5sd1ZyBCdZIcD4TBTbMW","preKeyId":390131}}},"version":"v1"}