{"_sessions":{"BW0vkG4hGy3bjJtA5/tot4GQw0r/OfR39SWiWBT13T4K":{"registrationId":618154745,"currentRatchet":{"ephemeralKeyPair":{"pubKey":"BdyxSxu5VPCzo0W/DIDVRupvu5kcYgBafANvqNSdXkBK","privKey":"IJkaPRbqtPsGjIh5MGDyjvIHbjhdPR14LXPDWYj+Z0M="},"lastRemoteEphemeralKey":"BWcJJ554o1AWHCaRYjm0wrTyVvn7Chk0GV2Vj4F8LmgX","previousCounter":0,"rootKey":"UH03e+0r+T/WoM7jcK8xawC4q4PW3lumafK7TecrJ3w="},"indexInfo":{"baseKey":"BW0vkG4hGy3bjJtA5/tot4GQw0r/OfR39SWiWBT13T4K","baseKeyType":1,"closed":1746721104095,"used":1746721072902,"created":1746721072902,"remoteIdentityKey":"BQNESaWiyojaRVrEw2LsZANy+KSB6H6AvPym0OQwOTJV"},"_chains":{"BdyxSxu5VPCzo0W/DIDVRupvu5kcYgBafANvqNSdXkBK":{"chainKey":{"counter":0,"key":"fIQyqoZMIavKxeiDeIMnFwrNqRbwhzofKF0D0Qhbhzk="},"chainType":1,"messageKeys":{}}},"pendingPreKey":{"signedKeyId":16,"baseKey":"BW0vkG4hGy3bjJtA5/tot4GQw0r/OfR39SWiWBT13T4K","preKeyId":13419131}},"BQ9vcSthSdg+77gC2W5X84V8yAU0jV0ycyBElF0wXN9C":{"registrationId":618154745,"currentRatchet":{"ephemeralKeyPair":{"pubKey":"BXwxr6DR3/4owGHh6wJbU2J432B9Tj7tI81LFN55ufsL","privKey":"0OM3NedxW7BdEkxB3ycK1nyvUeD6gbOZZf7KLd4FJ30="},"lastRemoteEphemeralKey":"BWcJJ554o1AWHCaRYjm0wrTyVvn7Chk0GV2Vj4F8LmgX","previousCounter":0,"rootKey":"W75+fwX6N8Wm6oYIBRSA3nTShXOkKapsreBMur+rZoA="},"indexInfo":{"baseKey":"BQ9vcSthSdg+77gC2W5X84V8yAU0jV0ycyBElF0wXN9C","baseKeyType":1,"closed":-1,"used":1746721103795,"created":1746721103794,"remoteIdentityKey":"BQNESaWiyojaRVrEw2LsZANy+KSB6H6AvPym0OQwOTJV"},"_chains":{"BXwxr6DR3/4owGHh6wJbU2J432B9Tj7tI81LFN55ufsL":{"chainKey":{"counter":2,"key":"DscugHPfbipqmwqID8MtBQBF7XwaQlp11R4s7No1h6o="},"chainType":1,"messageKeys":{}}},"pendingPreKey":{"signedKeyId":16,"baseKey":"BQ9vcSthSdg+77gC2W5X84V8yAU0jV0ycyBElF0wXN9C","preKeyId":13420010}}},"version":"v1"}