{"_sessions":{"BRQ0gC5J69xRem1LWPDpRJHL2Ra/zvuVTPm65zdaWGZ3":{"registrationId":1816515881,"currentRatchet":{"ephemeralKeyPair":{"pubKey":"BfcKyEHDIhVqIpeFwxOlsAAIwAq7C80PWLQ5uGyNbBMF","privKey":"4HYOexX9DQ1PXjvNdXsLSV7I2/unsYD+kREVktga80I="},"lastRemoteEphemeralKey":"BXllwijQuE4mzNa2nC34nk6BjJArCAsQfXDjfZVPCrBy","previousCounter":0,"rootKey":"xC1jijjGXUgju6vIm5uHCxl0D0yY0zEdvz1vXDDO/jI="},"indexInfo":{"baseKey":"BRQ0gC5J69xRem1LWPDpRJHL2Ra/zvuVTPm65zdaWGZ3","baseKeyType":1,"closed":-1,"used":1746714532991,"created":1746714532991,"remoteIdentityKey":"BbJwNnYfqNBuSiMXQNnM7/kKNh+SznhJFD+Ef095A8xm"},"_chains":{"BfcKyEHDIhVqIpeFwxOlsAAIwAq7C80PWLQ5uGyNbBMF":{"chainKey":{"counter":0,"key":"uGAa8TPH4pC6OkKiMJ2goi0rMwbIlY0jOIy8gZOojwQ="},"chainType":1,"messageKeys":{}}},"pendingPreKey":{"signedKeyId":7,"baseKey":"BRQ0gC5J69xRem1LWPDpRJHL2Ra/zvuVTPm65zdaWGZ3","preKeyId":641775}}},"version":"v1"}