{"_sessions":{"BbPdaBz+E+TSoEgjBmwlVkvkCq/Px1HZ9kbHYHVxI1sa":{"registrationId":1261678609,"currentRatchet":{"ephemeralKeyPair":{"pubKey":"BXT+FtJQKHou3Hf8vqkfdObUwJ3aryoPUc7UDrjDAYoZ","privKey":"aBdmWJTlum2GEBFJdXIv43UdmeoPfHNiOIShjoqh7X8="},"lastRemoteEphemeralKey":"BQ2wGp1W1EaW5yA6OrVd/EACK4cw7xAuOspszne5Ht8A","previousCounter":0,"rootKey":"TfrihL4jz59W6oHBlq6d8bLGKUa0xfSn9iYFquOY5uE="},"indexInfo":{"baseKey":"BbPdaBz+E+TSoEgjBmwlVkvkCq/Px1HZ9kbHYHVxI1sa","baseKeyType":1,"closed":-1,"used":1746714525897,"created":1746714525897,"remoteIdentityKey":"Bbi9kh0FM1iLeQtPNcBtD5kIi6FAx8gnjWyWsHzNjrYT"},"_chains":{"BXT+FtJQKHou3Hf8vqkfdObUwJ3aryoPUc7UDrjDAYoZ":{"chainKey":{"counter":0,"key":"QFQwiWKE3Ti25EtaLuxy7BtIvqx7aEWDflX4hmmP/Z4="},"chainType":1,"messageKeys":{}}},"pendingPreKey":{"signedKeyId":9,"baseKey":"BbPdaBz+E+TSoEgjBmwlVkvkCq/Px1HZ9kbHYHVxI1sa","preKeyId":8726658}}},"version":"v1"}