{"_sessions":{"BeKrK40S5ZlPDjEQI18i+RKXD1Swo1t13iVzbXhtlU1G":{"registrationId":674514405,"currentRatchet":{"ephemeralKeyPair":{"pubKey":"BaGscT2agx4Rz5fjgFsRhjhEruQo1L7Jya2wtmRDMKsY","privKey":"YKmQvG/+F8FSNALSw5pR50qF9qSlvtwWjy3m10ZrglE="},"lastRemoteEphemeralKey":"BcI2uqA3pR9Dha+RVyqrgdhlmhnKKZZpzHCcll8YcoMa","previousCounter":0,"rootKey":"/pn2KCMN3Y9lH4DRhhHAdClQf7FYLOcdMRpY1Rug2qs="},"indexInfo":{"baseKey":"BeKrK40S5ZlPDjEQI18i+RKXD1Swo1t13iVzbXhtlU1G","baseKeyType":1,"closed":-1,"used":1746714532733,"created":1746714532733,"remoteIdentityKey":"BbuhiJBNq4lL2xuPj1V7fs9uGl/gP00ZUlipb72C2xBO"},"_chains":{"BaGscT2agx4Rz5fjgFsRhjhEruQo1L7Jya2wtmRDMKsY":{"chainKey":{"counter":0,"key":"82mNRf+UJJw3C3irFqHAcXbcLIVuHqyWHYA99/bh7ZA="},"chainType":1,"messageKeys":{}}},"pendingPreKey":{"signedKeyId":6,"baseKey":"BeKrK40S5ZlPDjEQI18i+RKXD1Swo1t13iVzbXhtlU1G"}}},"version":"v1"}