{"_sessions":{"BaQc5Lt8OZNsSRp6+GMlfCB115rhojHrBr3+YUUYk9AZ":{"registrationId":2107063484,"currentRatchet":{"ephemeralKeyPair":{"pubKey":"BQPEPaXKbRVP4cXSSK3x07l7I8TvhLVJ3ie1eFtdu1dC","privKey":"IOu9s2To2yoGKQ+AF2AACwhsJj+b2HL/dnor8a0BCWU="},"lastRemoteEphemeralKey":"BQ1s8KDjqWUcarkpAOst0WG5RH0L93sXb4Gqo1qtyhNs","previousCounter":0,"rootKey":"3on2v0XyFo5E61idTg/ltckhEF89S/+qIehr2NgRVZo="},"indexInfo":{"baseKey":"BaQc5Lt8OZNsSRp6+GMlfCB115rhojHrBr3+YUUYk9AZ","baseKeyType":1,"closed":1746721099131,"used":1746721068905,"created":1746721068905,"remoteIdentityKey":"BURVIzrnTTQ3yNiI9sc5s7zzNwi5YIZ4zWJERK1Jry1J"},"_chains":{"BQPEPaXKbRVP4cXSSK3x07l7I8TvhLVJ3ie1eFtdu1dC":{"chainKey":{"counter":0,"key":"ApZNHKZR7uVdjr00H2NBUfazd5L4v4abBXu1l9og6tg="},"chainType":1,"messageKeys":{}}},"pendingPreKey":{"signedKeyId":3,"baseKey":"BaQc5Lt8OZNsSRp6+GMlfCB115rhojHrBr3+YUUYk9AZ","preKeyId":9229}},"Be2gTAIJ+Ue7XmF8LV/Nxnfa8Ki4pnzOnYzwz4pWzIkF":{"registrationId":2107063484,"currentRatchet":{"ephemeralKeyPair":{"pubKey":"BS0/l/0X0IrHsbSxpyiw05YwCcS+ofJ0tV/llGm4HrNK","privKey":"yAPNrbun82rfGZ9FdqiHVFNFt0i9hVxjkPMHSNcg5nM="},"lastRemoteEphemeralKey":"BQ1s8KDjqWUcarkpAOst0WG5RH0L93sXb4Gqo1qtyhNs","previousCounter":0,"rootKey":"SnXW/9R9LBwo35wUvL+aQY+i9lUdw/XmOW80kVD3guM="},"indexInfo":{"baseKey":"Be2gTAIJ+Ue7XmF8LV/Nxnfa8Ki4pnzOnYzwz4pWzIkF","baseKeyType":1,"closed":-1,"used":1746721098601,"created":1746721098601,"remoteIdentityKey":"BURVIzrnTTQ3yNiI9sc5s7zzNwi5YIZ4zWJERK1Jry1J"},"_chains":{"BS0/l/0X0IrHsbSxpyiw05YwCcS+ofJ0tV/llGm4HrNK":{"chainKey":{"counter":2,"key":"/lC8TYW+g8gvQq1+rmBgI+5QqPS6qh7YtPDYDIGzZes="},"chainType":1,"messageKeys":{}}},"pendingPreKey":{"signedKeyId":3,"baseKey":"Be2gTAIJ+Ue7XmF8LV/Nxnfa8Ki4pnzOnYzwz4pWzIkF","preKeyId":8622}}},"version":"v1"}