{"_sessions":{"BS6KcU3dODNXyKB7cLr6MEQZhMQqSF10J+QhTGpx4DJV":{"registrationId":916980861,"currentRatchet":{"ephemeralKeyPair":{"pubKey":"BdTOIuCbeY2/vm9LmP+wz0TBrm43uVNd3r5w4iBsYJpt","privKey":"MCC3ltpxxLgwNoRmYgJTBw+QKWD0/aG+zIUfNe1ptGg="},"lastRemoteEphemeralKey":"BUlBC+u8xrjyxCH8vcX0fxdIex5HlaoBra2gK8Ah3tMO","previousCounter":0,"rootKey":"6hg749wGdH47raytAQawP45SkQf7V3hvBT/j4Bqt5s8="},"indexInfo":{"baseKey":"BS6KcU3dODNXyKB7cLr6MEQZhMQqSF10J+QhTGpx4DJV","baseKeyType":1,"closed":-1,"used":1746714540012,"created":1746714540012,"remoteIdentityKey":"BX1FzSDizec9MGK+lW9MNipBrGBLU3IgWrWg9/gjDzUD"},"_chains":{"BdTOIuCbeY2/vm9LmP+wz0TBrm43uVNd3r5w4iBsYJpt":{"chainKey":{"counter":0,"key":"FAH0MB62hZ2442e5lIYWCigt45lPq/Oi91p+q16VqCk="},"chainType":1,"messageKeys":{}}},"pendingPreKey":{"signedKeyId":1,"baseKey":"BS6KcU3dODNXyKB7cLr6MEQZhMQqSF10J+QhTGpx4DJV","preKeyId":14896515}}},"version":"v1"}