{"_sessions":{"BTfkONkDOxtOo0MApRzaJw2YnbnvI+DfT5cPUj+0JXRR":{"registrationId":1816515881,"currentRatchet":{"ephemeralKeyPair":{"pubKey":"BVpOdtbPRoYZOVvJ0qSlsIYvCCXK3rRGPGH9i5VODbQO","privKey":"QBSr9B8GryaWuyD5yeAYncVskICkSKQNq585RVMCxX0="},"lastRemoteEphemeralKey":"BXllwijQuE4mzNa2nC34nk6BjJArCAsQfXDjfZVPCrBy","previousCounter":0,"rootKey":"gb72ZQ/XZOCPq6q47NLTx2JfTNPPZOk3WFc5x1af5GQ="},"indexInfo":{"baseKey":"BTfkONkDOxtOo0MApRzaJw2YnbnvI+DfT5cPUj+0JXRR","baseKeyType":1,"closed":1746721111372,"used":1746721080342,"created":1746721080342,"remoteIdentityKey":"BbJwNnYfqNBuSiMXQNnM7/kKNh+SznhJFD+Ef095A8xm"},"_chains":{"BVpOdtbPRoYZOVvJ0qSlsIYvCCXK3rRGPGH9i5VODbQO":{"chainKey":{"counter":0,"key":"hKd1yiK5+7dxecB5CeXABX0uUzZv6FD5I1BOKu0W/aU="},"chainType":1,"messageKeys":{}}},"pendingPreKey":{"signedKeyId":7,"baseKey":"BTfkONkDOxtOo0MApRzaJw2YnbnvI+DfT5cPUj+0JXRR","preKeyId":641937}},"BQnwx/KxUjT2gCd7UefL6g+aOgb3dvAx4bR8o8mtMv1J":{"registrationId":1816515881,"currentRatchet":{"ephemeralKeyPair":{"pubKey":"BbP+DBN3nKnVCWS8ffO7H37Odscq7xUc79OKsB4hKFlc","privKey":"oAJMHv/s0Gy/lk/URY/l09znv+kks/4fP82KDhm3FEM="},"lastRemoteEphemeralKey":"BXllwijQuE4mzNa2nC34nk6BjJArCAsQfXDjfZVPCrBy","previousCounter":0,"rootKey":"FpisffpLoBuisdHr8segpcahUbAuGC8QlRlAweASjno="},"indexInfo":{"baseKey":"BQnwx/KxUjT2gCd7UefL6g+aOgb3dvAx4bR8o8mtMv1J","baseKeyType":1,"closed":-1,"used":1746721111255,"created":1746721111255,"remoteIdentityKey":"BbJwNnYfqNBuSiMXQNnM7/kKNh+SznhJFD+Ef095A8xm"},"_chains":{"BbP+DBN3nKnVCWS8ffO7H37Odscq7xUc79OKsB4hKFlc":{"chainKey":{"counter":2,"key":"iUCyQfjL401JQ59Kt+6TkssahF1V8X4PCkwu5jWKLUw="},"chainType":1,"messageKeys":{}}},"pendingPreKey":{"signedKeyId":7,"baseKey":"BQnwx/KxUjT2gCd7UefL6g+aOgb3dvAx4bR8o8mtMv1J","preKeyId":641930}}},"version":"v1"}