{"_sessions":{"BQ614HxXIq63DAUZvXfx+2hpl+6gdl3Siybn5EisijAe":{"registrationId":627140643,"currentRatchet":{"ephemeralKeyPair":{"pubKey":"BVKLsTnovWaQM8zVX7EPLCwKCJW6KsLrU7BC9W9sMjI3","privKey":"0N/6bITR8jPA5p9xJRECVmQ0w5GtkQYiBDXnnzDKVHw="},"lastRemoteEphemeralKey":"BW5LXkE24TOp3VeotbAQE9HNZJhUIed7S/+ZmwgBTPR1","previousCounter":0,"rootKey":"DS2arReMJr2X3QzlZLKNpsPzFO04PBxZrS1UFq+Wp4I="},"indexInfo":{"baseKey":"BQ614HxXIq63DAUZvXfx+2hpl+6gdl3Siybn5EisijAe","baseKeyType":1,"closed":1746721111364,"used":1746721080295,"created":1746721080295,"remoteIdentityKey":"BcK1+dWuqiQa9deeV22/99d50bg+ZAKRJGZ9FrTt9x8e"},"_chains":{"BVKLsTnovWaQM8zVX7EPLCwKCJW6KsLrU7BC9W9sMjI3":{"chainKey":{"counter":0,"key":"zT3V8qbeerYZPKgrpdWYX4R/7+hWcagwSVAEb73fO8A="},"chainType":1,"messageKeys":{}}},"pendingPreKey":{"signedKeyId":3,"baseKey":"BQ614HxXIq63DAUZvXfx+2hpl+6gdl3Siybn5EisijAe","preKeyId":12876832}},"BfEQxeuJ790gvDOdvY5kypcnEL7r4Nut7ciaZtivFjJk":{"registrationId":627140643,"currentRatchet":{"ephemeralKeyPair":{"pubKey":"BfcDSPeT5CzXZ/4VQFCdi8c0zzUqlEy0cJF6bP0ucn10","privKey":"aPAdwK8QoMZlrLbeKWsk3hbiPxvzp3h3mqvSeM+PbFY="},"lastRemoteEphemeralKey":"BW5LXkE24TOp3VeotbAQE9HNZJhUIed7S/+ZmwgBTPR1","previousCounter":0,"rootKey":"IoXPw3Pls5zbKl2MtpfYkYAjBAryUS9+18XO8qeg+Jo="},"indexInfo":{"baseKey":"BfEQxeuJ790gvDOdvY5kypcnEL7r4Nut7ciaZtivFjJk","baseKeyType":1,"closed":-1,"used":1746721111211,"created":1746721111211,"remoteIdentityKey":"BcK1+dWuqiQa9deeV22/99d50bg+ZAKRJGZ9FrTt9x8e"},"_chains":{"BfcDSPeT5CzXZ/4VQFCdi8c0zzUqlEy0cJF6bP0ucn10":{"chainKey":{"counter":2,"key":"kb91bKF3+QUooMPxYohTAX9iA0DORmzntqfFXijnZqs="},"chainType":1,"messageKeys":{}}},"pendingPreKey":{"signedKeyId":3,"baseKey":"BfEQxeuJ790gvDOdvY5kypcnEL7r4Nut7ciaZtivFjJk","preKeyId":12876816}}},"version":"v1"}