{"_sessions":{"BdMo5JtA7kKXDk6yy1J/qLuN5T+DcZKUCBffsf8Paq9g":{"registrationId":2055482206,"currentRatchet":{"ephemeralKeyPair":{"pubKey":"BUwL4Jm2Du9gRr3LgpT/kH4ghwK2v55D/WPI8E+KJNBH","privKey":"0CK4X0ep0YyavYAexW12Vl6Ymyylf+StmTPi2brMwXo="},"lastRemoteEphemeralKey":"BVRo5qRF9bis/ELN27k8Sn9eoo+ymmpIgSR1YrJahdQo","previousCounter":0,"rootKey":"RqFFv01pLYlCnAzykDm/nBV8BbUQjwsmfSGw42EZhzk="},"indexInfo":{"baseKey":"BdMo5JtA7kKXDk6yy1J/qLuN5T+DcZKUCBffsf8Paq9g","baseKeyType":1,"closed":-1,"used":1746714529412,"created":1746714529412,"remoteIdentityKey":"BQvJt3vI3LrVjwl6nhsGhdvjpAqugkDYwnjBXvOK25g9"},"_chains":{"BUwL4Jm2Du9gRr3LgpT/kH4ghwK2v55D/WPI8E+KJNBH":{"chainKey":{"counter":0,"key":"3Yhs7edj53TNKGhejevABL+JyOiYdhQtJLxvK4F8Ibc="},"chainType":1,"messageKeys":{}}},"pendingPreKey":{"signedKeyId":1,"baseKey":"BdMo5JtA7kKXDk6yy1J/qLuN5T+DcZKUCBffsf8Paq9g"}}},"version":"v1"}