{"_sessions":{"BUQZsFwne2PFE4JYnF4FRH5w57WM73RhPX1TFAIyfU5J":{"registrationId":1863763802,"currentRatchet":{"ephemeralKeyPair":{"pubKey":"BT6Cu6NEdWRyRDOmj200Vt3zfmbYPxkNsya/sTMeS3JL","privKey":"wH9OHi3VhSNCI+weOQz5AsGUmL1ILsnDT9iZKu6VZE4="},"lastRemoteEphemeralKey":"Bfaq/yO4VVOzmW11jBJlyw21SQlKa3+Ixc8BFN087/ZO","previousCounter":0,"rootKey":"bQjYef1iWR0cfg91/EwEnTXFIpHIqiE6yJsTcCyfNCg="},"indexInfo":{"baseKey":"BUQZsFwne2PFE4JYnF4FRH5w57WM73RhPX1TFAIyfU5J","baseKeyType":1,"closed":1746721099205,"used":1746721069008,"created":1746721069008,"remoteIdentityKey":"BZGvMjTMaUvBnAqNnw6pR9WCmtn1gExOqvu4unPDPawu"},"_chains":{"BT6Cu6NEdWRyRDOmj200Vt3zfmbYPxkNsya/sTMeS3JL":{"chainKey":{"counter":0,"key":"HkrZDeEdg4chZq8FtWlYk7B0NB3BLFcBusGNoOH2/O4="},"chainType":1,"messageKeys":{}}},"pendingPreKey":{"signedKeyId":1,"baseKey":"BUQZsFwne2PFE4JYnF4FRH5w57WM73RhPX1TFAIyfU5J","preKeyId":401}},"BXIRRukDf0GvqdSZnX1Sso2p9WTITC562V+7sVE1ia13":{"registrationId":1863763802,"currentRatchet":{"ephemeralKeyPair":{"pubKey":"BQsDrYvBtBe+DRl2MnS6AwmDCywxntA/r4KWddSyyAZQ","privKey":"qNPVaKLxRUc9iGFJrE4GRRopjMISuBpNuRxRJa0QYHg="},"lastRemoteEphemeralKey":"Bfaq/yO4VVOzmW11jBJlyw21SQlKa3+Ixc8BFN087/ZO","previousCounter":0,"rootKey":"hxLKBFqwGtlOSOe+WG3dIiGMmBOoKAikA1oK1DF0AzU="},"indexInfo":{"baseKey":"BXIRRukDf0GvqdSZnX1Sso2p9WTITC562V+7sVE1ia13","baseKeyType":1,"closed":-1,"used":1746721098682,"created":1746721098682,"remoteIdentityKey":"BZGvMjTMaUvBnAqNnw6pR9WCmtn1gExOqvu4unPDPawu"},"_chains":{"BQsDrYvBtBe+DRl2MnS6AwmDCywxntA/r4KWddSyyAZQ":{"chainKey":{"counter":2,"key":"6qTf7W627VuljnuzEKkz7DpY4G4/y4pT8weYmrR27sw="},"chainType":1,"messageKeys":{}}},"pendingPreKey":{"signedKeyId":1,"baseKey":"BXIRRukDf0GvqdSZnX1Sso2p9WTITC562V+7sVE1ia13","preKeyId":413}}},"version":"v1"}