{"_sessions":{"Bdna3kCH4AvPgb+dNPcKqcvh9RclLWt+rhy4JCeI4aID":{"registrationId":1399614357,"currentRatchet":{"ephemeralKeyPair":{"pubKey":"Bd4KkhkuTJ7DACsU0ulY4kv6zqeiUfrTZaWNxKXs/IYK","privKey":"ADZdfHP247f5/Z8WZVhGZaeaQ1t+HoyTwegiOoPqHEE="},"lastRemoteEphemeralKey":"BW3jSy3KRvmskiWqjpDsRy2ah4+hNu7kBq0cM1SXm6YT","previousCounter":0,"rootKey":"fdBdclEJoMT96kL7hdmjwWBOhWN4FRUzhrHBZuAX1bU="},"indexInfo":{"baseKey":"Bdna3kCH4AvPgb+dNPcKqcvh9RclLWt+rhy4JCeI4aID","baseKeyType":1,"closed":-1,"used":1746714529319,"created":1746714529319,"remoteIdentityKey":"BQJWuzpkH7zFJ9RW2H8DLutVNKELrg/7ssogpqp2g9BW"},"_chains":{"Bd4KkhkuTJ7DACsU0ulY4kv6zqeiUfrTZaWNxKXs/IYK":{"chainKey":{"counter":0,"key":"EzpYrY7Uq0ILgJVBew9prrbAFss5MTStAzLXP1SqY1o="},"chainType":1,"messageKeys":{}}},"pendingPreKey":{"signedKeyId":9,"baseKey":"Bdna3kCH4AvPgb+dNPcKqcvh9RclLWt+rhy4JCeI4aID","preKeyId":1658873}}},"version":"v1"}