{"_sessions":{"BQ4/TGzaaO75lVMvShapWbobab4QXgxwvTAlEP+DTalA":{"registrationId":348719940,"currentRatchet":{"ephemeralKeyPair":{"pubKey":"BZixussVD3MRt61S57cxu6KYp9RVpcG//0oIrhuuzd9s","privKey":"0HpqezaQNlM8amjuvjLOXRfJ5IMLs4KpSnKIMSkBYmE="},"lastRemoteEphemeralKey":"Bdsi4vsNvuxZd2dYK+RfaeiUFSRp51E32zBWFWtn7upx","previousCounter":0,"rootKey":"47BDFON9J3LyZrmDOPH487m5gaHiAPgFaVIyZD2/Xl0="},"indexInfo":{"baseKey":"BQ4/TGzaaO75lVMvShapWbobab4QXgxwvTAlEP+DTalA","baseKeyType":1,"closed":1746721111309,"used":1746721079954,"created":1746721079954,"remoteIdentityKey":"BbgdsLJhCliCg88KjbLUIfRHvCyPQPOganArqz8URrJn"},"_chains":{"BZixussVD3MRt61S57cxu6KYp9RVpcG//0oIrhuuzd9s":{"chainKey":{"counter":0,"key":"RNu5+I2gloMlQa/JkL2U62R2jXn3rdKfopB9MlHnEsA="},"chainType":1,"messageKeys":{}}},"pendingPreKey":{"signedKeyId":2,"baseKey":"BQ4/TGzaaO75lVMvShapWbobab4QXgxwvTAlEP+DTalA","preKeyId":16681402}},"BYGP16/pDTrscRB/W5TFUioBkDiP2/EaFD69CLr7qi14":{"registrationId":348719940,"currentRatchet":{"ephemeralKeyPair":{"pubKey":"BRkqz8Ml4TrnheVMMSLkTLIwohSJolhx9I39D6lSHqMd","privKey":"0OR5GSvmXOvdbRWP2t9vZB+n6LvUvf4a7rmXpvrvaG0="},"lastRemoteEphemeralKey":"Bdsi4vsNvuxZd2dYK+RfaeiUFSRp51E32zBWFWtn7upx","previousCounter":0,"rootKey":"ZSdV3002q8ZdU/68Ax2UgZdETPlihyuz11vUvfOOOyo="},"indexInfo":{"baseKey":"BYGP16/pDTrscRB/W5TFUioBkDiP2/EaFD69CLr7qi14","baseKeyType":1,"closed":-1,"used":1746721110910,"created":1746721110910,"remoteIdentityKey":"BbgdsLJhCliCg88KjbLUIfRHvCyPQPOganArqz8URrJn"},"_chains":{"BRkqz8Ml4TrnheVMMSLkTLIwohSJolhx9I39D6lSHqMd":{"chainKey":{"counter":2,"key":"XUqE0jb8u1KQtufoPndgskrANR/7JKMy5ZewTonqgF8="},"chainType":1,"messageKeys":{}}},"pendingPreKey":{"signedKeyId":2,"baseKey":"BYGP16/pDTrscRB/W5TFUioBkDiP2/EaFD69CLr7qi14","preKeyId":16681492}}},"version":"v1"}