{"_sessions":{"BWAXggXDi0ECiXX/85AafBtMmqehWR9xzmEFl8eCy8pu":{"registrationId":916980861,"currentRatchet":{"ephemeralKeyPair":{"pubKey":"BWVwSZSUpCAYZ02h0cV8/DRUMgnouRvyzLFrIPkKRIcS","privKey":"6A6cfWJ4sx+ECNy/lg+qXZT26Ct5VzENR9loXDp0fVg="},"lastRemoteEphemeralKey":"BUlBC+u8xrjyxCH8vcX0fxdIex5HlaoBra2gK8Ah3tMO","previousCounter":0,"rootKey":"9UCojZ8Zl3GU1ks+keAJzp575XEU82ILilL3I2h8Pww="},"indexInfo":{"baseKey":"BWAXggXDi0ECiXX/85AafBtMmqehWR9xzmEFl8eCy8pu","baseKeyType":1,"closed":1746721118477,"used":1746721087136,"created":1746721087136,"remoteIdentityKey":"BX1FzSDizec9MGK+lW9MNipBrGBLU3IgWrWg9/gjDzUD"},"_chains":{"BWVwSZSUpCAYZ02h0cV8/DRUMgnouRvyzLFrIPkKRIcS":{"chainKey":{"counter":0,"key":"+n7HrL6h444rfRRFl6moA8Xxa4x9XYebGk41ZD+a6wU="},"chainType":1,"messageKeys":{}}},"pendingPreKey":{"signedKeyId":1,"baseKey":"BWAXggXDi0ECiXX/85AafBtMmqehWR9xzmEFl8eCy8pu","preKeyId":14896492}},"BeRY4ktnLK59zhFbH3foUdQ+ioF3d1hvDfevPyEk53UL":{"registrationId":916980861,"currentRatchet":{"ephemeralKeyPair":{"pubKey":"BcUo1qlGsO0oTpNscfFgxC/ZfVX9ApXkGSr/ymE+yUwR","privKey":"WDAshVhOkTiploW34x+F/H6tm/eIzkdj34s0uZce0mw="},"lastRemoteEphemeralKey":"BUlBC+u8xrjyxCH8vcX0fxdIex5HlaoBra2gK8Ah3tMO","previousCounter":0,"rootKey":"JQ2jwjo5TZapZrQlLBM2TmD/GlhsL+AAh2lggzmJU7E="},"indexInfo":{"baseKey":"BeRY4ktnLK59zhFbH3foUdQ+ioF3d1hvDfevPyEk53UL","baseKeyType":1,"closed":-1,"used":1746721118126,"created":1746721118126,"remoteIdentityKey":"BX1FzSDizec9MGK+lW9MNipBrGBLU3IgWrWg9/gjDzUD"},"_chains":{"BcUo1qlGsO0oTpNscfFgxC/ZfVX9ApXkGSr/ymE+yUwR":{"chainKey":{"counter":2,"key":"A2Qoqf0G2f7OK6RoDkil/AsYJrpMoZLQ2us76+Tb1eU="},"chainType":1,"messageKeys":{}}},"pendingPreKey":{"signedKeyId":1,"baseKey":"BeRY4ktnLK59zhFbH3foUdQ+ioF3d1hvDfevPyEk53UL","preKeyId":14896166}}},"version":"v1"}