{"_sessions":{"BT5u/QBQZIoG7INAGUkVBU4ReGxEWjruxdt015sCrywI":{"registrationId":869916753,"currentRatchet":{"ephemeralKeyPair":{"pubKey":"BUuJ+vRCAnofjwtS3e7rTbcQ9oen+AUwZSyixRzTCE5+","privKey":"AITZfj22QFFiZmqSpGDJ3RIRNC7brirGKSCiY9rXnEw="},"lastRemoteEphemeralKey":"Bdokb6MrrQpKDW8kFdaMVH2HjSsmhsVjUwn6UozZEBgr","previousCounter":0,"rootKey":"F1hKJCihU41QNkPmO31lwaJRIGpfQYhlp/Og0LyVgYA="},"indexInfo":{"baseKey":"BT5u/QBQZIoG7INAGUkVBU4ReGxEWjruxdt015sCrywI","baseKeyType":1,"closed":1746721107762,"used":1746721075777,"created":1746721075777,"remoteIdentityKey":"BehpDSfZaXByk6++A0jg1USjTJcgI421vIpRAm7dxex4"},"_chains":{"BUuJ+vRCAnofjwtS3e7rTbcQ9oen+AUwZSyixRzTCE5+":{"chainKey":{"counter":0,"key":"sKQjGN/Ly6RGQmomtPMmE2IoTjYaM/tkBiWCyNq3H1M="},"chainType":1,"messageKeys":{}}},"pendingPreKey":{"signedKeyId":3,"baseKey":"BT5u/QBQZIoG7INAGUkVBU4ReGxEWjruxdt015sCrywI","preKeyId":2283584}},"BTCmNVZX4HMOrxFCpiXdt1WyO9E8OAp6YRuBBDLvKeYM":{"registrationId":869916753,"currentRatchet":{"ephemeralKeyPair":{"pubKey":"BdPJwKDV8c5KbxfWDi+49O3/TG9jDcfNSBlWYcKbncwk","privKey":"6GaJ+Yz9nwx6CguMuxqWj/tGNRs4xu73OawSNoFpOUc="},"lastRemoteEphemeralKey":"Bdokb6MrrQpKDW8kFdaMVH2HjSsmhsVjUwn6UozZEBgr","previousCounter":0,"rootKey":"XjPkvZfhdRrnADlWzNFx0VanZp/v80CHfBYlQZOC6uk="},"indexInfo":{"baseKey":"BTCmNVZX4HMOrxFCpiXdt1WyO9E8OAp6YRuBBDLvKeYM","baseKeyType":1,"closed":-1,"used":1746721107349,"created":1746721107349,"remoteIdentityKey":"BehpDSfZaXByk6++A0jg1USjTJcgI421vIpRAm7dxex4"},"_chains":{"BdPJwKDV8c5KbxfWDi+49O3/TG9jDcfNSBlWYcKbncwk":{"chainKey":{"counter":2,"key":"Q6OAd4AZjx04lYZy/r/Tt/BZcayFnYApsD4itY2bNXg="},"chainType":1,"messageKeys":{}}},"pendingPreKey":{"signedKeyId":3,"baseKey":"BTCmNVZX4HMOrxFCpiXdt1WyO9E8OAp6YRuBBDLvKeYM","preKeyId":2283519}}},"version":"v1"}