{"_sessions":{"BZorcShPkgwvcRQWrtncJvYJcovtVm5PcCPufcJCJNta":{"registrationId":749815335,"currentRatchet":{"ephemeralKeyPair":{"pubKey":"BUdM7F5N6MJiJA4UsfLjYJJ6dGKqAX5PJNEpvsZF01Fl","privKey":"0HRFqhkaIEYluCHQnlB0Pn+UfUVQ6IvRvzF6ZEn//XY="},"lastRemoteEphemeralKey":"BcbPDZuCm/ZLL5qc1xRs4oL1p9e8fOfdPHU/IFWHH+Rq","previousCounter":0,"rootKey":"j2Lz+p1+twqufJEDWTxPvgdy2LUGftflhIxQalU/B5o="},"indexInfo":{"baseKey":"BZorcShPkgwvcRQWrtncJvYJcovtVm5PcCPufcJCJNta","baseKeyType":1,"closed":1746721114745,"used":1746721083605,"created":1746721083605,"remoteIdentityKey":"BeHnGVwfXgcpXociEZFBnql4MP7LIeLb/Oa4/TMd+boh"},"_chains":{"BUdM7F5N6MJiJA4UsfLjYJJ6dGKqAX5PJNEpvsZF01Fl":{"chainKey":{"counter":0,"key":"1K9gU0c1Eg42T8Jt1si9uLGT92Q1L0nKvs5K4imajmc="},"chainType":1,"messageKeys":{}}},"pendingPreKey":{"signedKeyId":1,"baseKey":"BZorcShPkgwvcRQWrtncJvYJcovtVm5PcCPufcJCJNta","preKeyId":5142891}},"BQtojhOTZ2JaNvA5I3aCR2sOjOdG6on5qS9Au4nbFr1E":{"registrationId":749815335,"currentRatchet":{"ephemeralKeyPair":{"pubKey":"BSOIWS0bdlJCQe44ORR24O8lCXrPdUG3rRKCDcbaic9U","privKey":"qAsSryn53qBivj45BY8GkY1soGFnX1Iw+ICMc48IdEc="},"lastRemoteEphemeralKey":"BcbPDZuCm/ZLL5qc1xRs4oL1p9e8fOfdPHU/IFWHH+Rq","previousCounter":0,"rootKey":"g7joW4MDsFFxdMlomu0aQUeHX2a+s3L1PskwuT70pGs="},"indexInfo":{"baseKey":"BQtojhOTZ2JaNvA5I3aCR2sOjOdG6on5qS9Au4nbFr1E","baseKeyType":1,"closed":-1,"used":1746721114394,"created":1746721114394,"remoteIdentityKey":"BeHnGVwfXgcpXociEZFBnql4MP7LIeLb/Oa4/TMd+boh"},"_chains":{"BSOIWS0bdlJCQe44ORR24O8lCXrPdUG3rRKCDcbaic9U":{"chainKey":{"counter":2,"key":"PEl6KAGKIZl+QURl/veYQXTIY51Rp1znSidgaBXV7z8="},"chainType":1,"messageKeys":{}}},"pendingPreKey":{"signedKeyId":1,"baseKey":"BQtojhOTZ2JaNvA5I3aCR2sOjOdG6on5qS9Au4nbFr1E","preKeyId":5143620}}},"version":"v1"}