{"_sessions":{"BXlMjoxxECFPBGfPK/DVTbTBD6IhLySkSQ1FAzOtga0J":{"registrationId":1412798980,"currentRatchet":{"ephemeralKeyPair":{"pubKey":"BQiNIm6SwMOWSZNulPclrTHrAmtMNiujXedHEt8jmJNI","privKey":"8Dq04xGW8RFJB1CDsXC6BgMmomdiMVogMr13HJ8kSmw="},"lastRemoteEphemeralKey":"BShqR+4afivnE1LmyCxMP8kdd/8NuhOJ1wuvxfnrTpZ3","previousCounter":0,"rootKey":"V+Zx33CnykYTQNpEmw1wumqAyuupMEfYkejgmCAnefI="},"indexInfo":{"baseKey":"BXlMjoxxECFPBGfPK/DVTbTBD6IhLySkSQ1FAzOtga0J","baseKeyType":1,"closed":-1,"used":1746714532969,"created":1746714532969,"remoteIdentityKey":"BfCsOwLbax+YqJzxvNmN7chZ77/jpXzLaXg6CLbWO7M5"},"_chains":{"BQiNIm6SwMOWSZNulPclrTHrAmtMNiujXedHEt8jmJNI":{"chainKey":{"counter":0,"key":"Z596VFPctFfKVp/RDDP5UCMUGPIXa3ek1nLTu7+xavw="},"chainType":1,"messageKeys":{}}},"pendingPreKey":{"signedKeyId":6,"baseKey":"BXlMjoxxECFPBGfPK/DVTbTBD6IhLySkSQ1FAzOtga0J","preKeyId":11870302}}},"version":"v1"}