{"_sessions":{"Ba0BmLoVWMQF/fEssaEzxwY6GKAfWm2A8FEfS7H1Fk02":{"registrationId":995852609,"currentRatchet":{"ephemeralKeyPair":{"pubKey":"BeY+wbFX8afd7tqzf0gJo7PYkSLeB1kZIJTW6xd7Y9Jj","privKey":"0IxXfsSeSU8WbJ5lXITEhc5S51OJ2FPjcPfHp+axyWs="},"lastRemoteEphemeralKey":"BT2bzRyblF2IKeRdWXJXmUphAfe79QnyqdQJGA8v43oj","previousCounter":0,"rootKey":"/aq7un+koY4zEzYuBHkpsphUfq5lHs4Iv16CTdWgR1k="},"indexInfo":{"baseKey":"Ba0BmLoVWMQF/fEssaEzxwY6GKAfWm2A8FEfS7H1Fk02","baseKeyType":1,"closed":1746721107829,"used":1746721076030,"created":1746721076030,"remoteIdentityKey":"BYFhdpafNG4gmiMrdIRCXVvkTVBFC4CSPsrqeBjS+bAz"},"_chains":{"BeY+wbFX8afd7tqzf0gJo7PYkSLeB1kZIJTW6xd7Y9Jj":{"chainKey":{"counter":0,"key":"Ddl9twlrLmQjuoWDuuVT5lHHbUR1LRI5AckBSNz4S4c="},"chainType":1,"messageKeys":{}}},"pendingPreKey":{"signedKeyId":2,"baseKey":"Ba0BmLoVWMQF/fEssaEzxwY6GKAfWm2A8FEfS7H1Fk02","preKeyId":8115768}},"BWsUZIeP5rWfmwx/HCts4tttUQE53r78odH9Rtj/PREk":{"registrationId":995852609,"currentRatchet":{"ephemeralKeyPair":{"pubKey":"BZTsMLk/d6f6YLmN9weTBST/eHobKmzwacmHdRgobpty","privKey":"8GTqcmJdlWAZQrKD3qcfhZZvwdqebKznwNhget8STUY="},"lastRemoteEphemeralKey":"BT2bzRyblF2IKeRdWXJXmUphAfe79QnyqdQJGA8v43oj","previousCounter":0,"rootKey":"sNKNoY0wUxqoEs46hGyUsGx5xmXNN2IJveqJYBI89Ys="},"indexInfo":{"baseKey":"BWsUZIeP5rWfmwx/HCts4tttUQE53r78odH9Rtj/PREk","baseKeyType":1,"closed":-1,"used":1746721107574,"created":1746721107574,"remoteIdentityKey":"BYFhdpafNG4gmiMrdIRCXVvkTVBFC4CSPsrqeBjS+bAz"},"_chains":{"BZTsMLk/d6f6YLmN9weTBST/eHobKmzwacmHdRgobpty":{"chainKey":{"counter":2,"key":"BTQU2i/HVeqkhKXWlsiUcyk3FN1+b+3gJ24YLp7nwyY="},"chainType":1,"messageKeys":{}}},"pendingPreKey":{"signedKeyId":2,"baseKey":"BWsUZIeP5rWfmwx/HCts4tttUQE53r78odH9Rtj/PREk","preKeyId":8115799}}},"version":"v1"}