{"_sessions":{"BUKJcUn82AIgYylaN4P4Zx51FDD9gqwRNEsGzVP/ZGQU":{"registrationId":638995211,"currentRatchet":{"ephemeralKeyPair":{"pubKey":"BaVGZP1uCB3V9CYRVzmNSiC8UOZt4gRSuzlShAC39Z8o","privKey":"2JKyEZmdmxnb0tkwbPG0Z6+PuC38eCU8jhdbej5rTl4="},"lastRemoteEphemeralKey":"BWkqprC0EppIDIWDq2KbcMA/c0sfZHINYGoXj40BEjgv","previousCounter":0,"rootKey":"uzk+EFYwkUGp3j5mmFg6FRfpW07liPWah/pi06l/LfM="},"indexInfo":{"baseKey":"BUKJcUn82AIgYylaN4P4Zx51FDD9gqwRNEsGzVP/ZGQU","baseKeyType":1,"closed":1746721107796,"used":1746721075909,"created":1746721075909,"remoteIdentityKey":"BWp8MQtzrXXulg2bwj05inFRL51zOBvcC5wED5SAV8AF"},"_chains":{"BaVGZP1uCB3V9CYRVzmNSiC8UOZt4gRSuzlShAC39Z8o":{"chainKey":{"counter":0,"key":"ACObfK94lnsaIZT7FO9C2XJuZo0o1I9ox5igcQLxGh8="},"chainType":1,"messageKeys":{}}},"pendingPreKey":{"signedKeyId":5,"baseKey":"BUKJcUn82AIgYylaN4P4Zx51FDD9gqwRNEsGzVP/ZGQU","preKeyId":10992133}},"Bb4LjAzqvd6xlyNH6t3Y5/Qm5LdHHfLqcdDy0FxUapoV":{"registrationId":638995211,"currentRatchet":{"ephemeralKeyPair":{"pubKey":"BYHhrfmjllQK881FD/zCLJxyklCQt9Vt+IoBWuvOGYVj","privKey":"QMNPXbeg9lAhmmMnepw9mCWntxa2nyC8NY0jQ/LvKWU="},"lastRemoteEphemeralKey":"BWkqprC0EppIDIWDq2KbcMA/c0sfZHINYGoXj40BEjgv","previousCounter":0,"rootKey":"YCxiBMv4iKFp/n9QCBCBHvlQr1a7WZ+2wFJ1p/9ahSI="},"indexInfo":{"baseKey":"Bb4LjAzqvd6xlyNH6t3Y5/Qm5LdHHfLqcdDy0FxUapoV","baseKeyType":1,"closed":-1,"used":1746721107471,"created":1746721107471,"remoteIdentityKey":"BWp8MQtzrXXulg2bwj05inFRL51zOBvcC5wED5SAV8AF"},"_chains":{"BYHhrfmjllQK881FD/zCLJxyklCQt9Vt+IoBWuvOGYVj":{"chainKey":{"counter":2,"key":"1wX/npIRlblbsbuH3Z0K0NH5r/+esSi6GfHl1yvQvCA="},"chainType":1,"messageKeys":{}}},"pendingPreKey":{"signedKeyId":5,"baseKey":"Bb4LjAzqvd6xlyNH6t3Y5/Qm5LdHHfLqcdDy0FxUapoV","preKeyId":10991707}}},"version":"v1"}