{"_sessions":{"BReDSenGcZpuAppgQuGFJFHatJ06/oKf3WswQiXpzIlL":{"registrationId":1859789331,"currentRatchet":{"ephemeralKeyPair":{"pubKey":"BaMWG376VoEs+njNFVRFaBQSSZ+mx1+aBvo8swu+ZxtH","privKey":"CGoK237SfG914N5BlxMTwSF1XgOn7Dk/KxjQ+maAxGw="},"lastRemoteEphemeralKey":"BT8JCdQVwzX8xal0wh4M5ncQVEpdd8ELjbBqMRwEzO1W","previousCounter":0,"rootKey":"vrSTJDZKqtRstVY2WrRBN9K5waRaG5R2lB15UkwESyw="},"indexInfo":{"baseKey":"BReDSenGcZpuAppgQuGFJFHatJ06/oKf3WswQiXpzIlL","baseKeyType":1,"closed":1746721103933,"used":1746721072479,"created":1746721072479,"remoteIdentityKey":"BbC1SJ5+KBDa5p+j2FM7fl3bSqhZekfylI8J1aBC2zhw"},"_chains":{"BaMWG376VoEs+njNFVRFaBQSSZ+mx1+aBvo8swu+ZxtH":{"chainKey":{"counter":0,"key":"LVVvMH+GvCkvgxHDxVBWSPJy8O8eID1B1+PWISntqio="},"chainType":1,"messageKeys":{}}},"pendingPreKey":{"signedKeyId":0,"baseKey":"BReDSenGcZpuAppgQuGFJFHatJ06/oKf3WswQiXpzIlL","preKeyId":13129790}},"BQWm6w1rumk4lqlfKM+uIOLsGfwJeSveL9MBqGpmZJtt":{"registrationId":1859789331,"currentRatchet":{"ephemeralKeyPair":{"pubKey":"BZatezZLBanNpQD2bN1I+8tRH1UtEfY7hj502vV3JlZS","privKey":"SG89H+cmKulmg1JZyQYZvABy/Lr24ZYc3ui9R5Qkg0U="},"lastRemoteEphemeralKey":"BT8JCdQVwzX8xal0wh4M5ncQVEpdd8ELjbBqMRwEzO1W","previousCounter":0,"rootKey":"eCZ67P4HWdVRh3LxWV3juRvLHMVg9HLPPydSH5n/BvI="},"indexInfo":{"baseKey":"BQWm6w1rumk4lqlfKM+uIOLsGfwJeSveL9MBqGpmZJtt","baseKeyType":1,"closed":-1,"used":1746721103322,"created":1746721103322,"remoteIdentityKey":"BbC1SJ5+KBDa5p+j2FM7fl3bSqhZekfylI8J1aBC2zhw"},"_chains":{"BZatezZLBanNpQD2bN1I+8tRH1UtEfY7hj502vV3JlZS":{"chainKey":{"counter":2,"key":"lN414Ra12eflvO7qjiXFwH/J0jWRM06G8ITYWBbJizQ="},"chainType":1,"messageKeys":{}}},"pendingPreKey":{"signedKeyId":0,"baseKey":"BQWm6w1rumk4lqlfKM+uIOLsGfwJeSveL9MBqGpmZJtt","preKeyId":13130509}}},"version":"v1"}