{"_sessions":{"BdHnRf06obdMcIR3pBSf7GqMo+r9CrOK7om4aSSKpaVz":{"registrationId":1841714414,"currentRatchet":{"ephemeralKeyPair":{"pubKey":"BUXwNNvv0xOAPkr80RDRZt1VJneHrO3aPZ4i6Xgiw4Nt","privKey":"8Pk6Yc8KJOsdl6ls8tySe8rdFQxcMPx5g6FZm8Ca0VY="},"lastRemoteEphemeralKey":"Ba4xYK3NLZNcvrVCylGIhWslZJQBqFVQss04jbNqLFsP","previousCounter":0,"rootKey":"Zd5HbIVTPYXaiYt85XyK1IGMBgMP6Kn5/lfYlnSsj/0="},"indexInfo":{"baseKey":"BdHnRf06obdMcIR3pBSf7GqMo+r9CrOK7om4aSSKpaVz","baseKeyType":1,"closed":1746721107876,"used":1746721076201,"created":1746721076201,"remoteIdentityKey":"BVw2V5Nj2iXcxuFeHV6nHOkGCV/1ZVX+bI8SwVc9KQtQ"},"_chains":{"BUXwNNvv0xOAPkr80RDRZt1VJneHrO3aPZ4i6Xgiw4Nt":{"chainKey":{"counter":0,"key":"458qeez5DbbIfZKZLKKoQ6P80cVya4q55SLmApU2l4I="},"chainType":1,"messageKeys":{}}},"pendingPreKey":{"signedKeyId":11122769,"baseKey":"BdHnRf06obdMcIR3pBSf7GqMo+r9CrOK7om4aSSKpaVz"}},"BQ/aLnvFoTuEBtQvLgEdQlxqmtA7b9aYqTF7gCBSZJsP":{"registrationId":1841714414,"currentRatchet":{"ephemeralKeyPair":{"pubKey":"BYS8O1/IqKZivnTUYZhUwVRv2pQYW0GXwRYvLzPsLRAu","privKey":"GCRlrtBYPbpKifBeGwBSac+g47beZfIYImxKxxP3lm0="},"lastRemoteEphemeralKey":"Ba4xYK3NLZNcvrVCylGIhWslZJQBqFVQss04jbNqLFsP","previousCounter":0,"rootKey":"wFzPuhT/rtKtpAwzxL91S95scMfZPNMopS6EA1JHENE="},"indexInfo":{"baseKey":"BQ/aLnvFoTuEBtQvLgEdQlxqmtA7b9aYqTF7gCBSZJsP","baseKeyType":1,"closed":-1,"used":1746721107707,"created":1746721107707,"remoteIdentityKey":"BVw2V5Nj2iXcxuFeHV6nHOkGCV/1ZVX+bI8SwVc9KQtQ"},"_chains":{"BYS8O1/IqKZivnTUYZhUwVRv2pQYW0GXwRYvLzPsLRAu":{"chainKey":{"counter":2,"key":"3+U69yXjmCNUDQGKY0sSdO9ixbUSTXDMgasVqDZcwuI="},"chainType":1,"messageKeys":{}}},"pendingPreKey":{"signedKeyId":11122769,"baseKey":"BQ/aLnvFoTuEBtQvLgEdQlxqmtA7b9aYqTF7gCBSZJsP"}}},"version":"v1"}