{"_sessions":{"BRkbDcRBYkSc9Jdm6/UUYUrwD5Y+OM5DSdrWIaF5jPMS":{"registrationId":208110138,"currentRatchet":{"ephemeralKeyPair":{"pubKey":"BVq6BCu7XUHyYsNqfa/KZbpW1+0WtzOhCYClKgf+seAI","privKey":"AF1RSWSsTUwMW5SV5U62Zo0ZI7eDKMQjxZqDl/vaEnU="},"lastRemoteEphemeralKey":"BeNJegcn8ePv60J3KE+ayPM+6NWoL1+iUa/I1VrA9RMO","previousCounter":0,"rootKey":"kYX5MWjAL6RwSQc/WjXxrbt7ylxViHySc2pm16L/14o="},"indexInfo":{"baseKey":"BRkbDcRBYkSc9Jdm6/UUYUrwD5Y+OM5DSdrWIaF5jPMS","baseKeyType":1,"closed":-1,"used":1746714536519,"created":1746714536519,"remoteIdentityKey":"Bd1LGkzg0b8xTHnrzmy387Pe24gVJ24QrRKnGh0E9ooB"},"_chains":{"BVq6BCu7XUHyYsNqfa/KZbpW1+0WtzOhCYClKgf+seAI":{"chainKey":{"counter":0,"key":"6k3fxjl6LkzxucatNQeBbs0g1VOiXJ9t6XjFpNLUyow="},"chainType":1,"messageKeys":{}}},"pendingPreKey":{"signedKeyId":13,"baseKey":"BRkbDcRBYkSc9Jdm6/UUYUrwD5Y+OM5DSdrWIaF5jPMS","preKeyId":8489210}}},"version":"v1"}