{"_sessions":{"BWAEvNfKdQAoJJ/zdiZlPXbmhUyytJ1HJF/drDVX43Mp":{"registrationId":956257309,"currentRatchet":{"ephemeralKeyPair":{"pubKey":"BVylOwDq16+XRdIX0L5NNevLgqPMkH3tzh9+7qua1ad1","privKey":"kM3ajMpl4WvwjzZWKfTXs5U3zZop3Sh4X7g5GsFUY38="},"lastRemoteEphemeralKey":"BUuqUHA/vlu22x2ykPa7cFDkC/i1xLo+qqC0rGMhbCg+","previousCounter":0,"rootKey":"NnqCsdWq1LK5kJolPmV8xgyfCiGQxZgMVbbX4lv50/Y="},"indexInfo":{"baseKey":"BWAEvNfKdQAoJJ/zdiZlPXbmhUyytJ1HJF/drDVX43Mp","baseKeyType":1,"closed":1746721099401,"used":1746721069197,"created":1746721069197,"remoteIdentityKey":"BV1FDSh9/7kh44Us4uLVXGV95E296fveM5Ng+De0uK42"},"_chains":{"BVylOwDq16+XRdIX0L5NNevLgqPMkH3tzh9+7qua1ad1":{"chainKey":{"counter":0,"key":"9pCDGdOZbOLTJqHOQuHWRTckrr6KzfUMcTbRWYpMPXo="},"chainType":1,"messageKeys":{}}},"pendingPreKey":{"signedKeyId":15,"baseKey":"BWAEvNfKdQAoJJ/zdiZlPXbmhUyytJ1HJF/drDVX43Mp","preKeyId":14882930}},"BeNC6AgbSpeL3Z2O8X5wB67B1wswTfQN0L/7YE9+qR4k":{"registrationId":956257309,"currentRatchet":{"ephemeralKeyPair":{"pubKey":"BSifWuTEye0Zz2rcQTxXQkoA5kWYsFtvzubVYVSqa9Yb","privKey":"CK9pPNIkjRSA+7hXSAn+vYLRcW2kXBKExuVSSZqXHVQ="},"lastRemoteEphemeralKey":"BUuqUHA/vlu22x2ykPa7cFDkC/i1xLo+qqC0rGMhbCg+","previousCounter":0,"rootKey":"gfThdcA7l6fM0n43vfDSoTMvoJoxiysaDpDbJH6823I="},"indexInfo":{"baseKey":"BeNC6AgbSpeL3Z2O8X5wB67B1wswTfQN0L/7YE9+qR4k","baseKeyType":1,"closed":-1,"used":1746721098850,"created":1746721098850,"remoteIdentityKey":"BV1FDSh9/7kh44Us4uLVXGV95E296fveM5Ng+De0uK42"},"_chains":{"BSifWuTEye0Zz2rcQTxXQkoA5kWYsFtvzubVYVSqa9Yb":{"chainKey":{"counter":2,"key":"iG2HeZ4V/AVYVmWrAbrIJgdCPLbso17/RckOVahUhHg="},"chainType":1,"messageKeys":{}}},"pendingPreKey":{"signedKeyId":15,"baseKey":"BeNC6AgbSpeL3Z2O8X5wB67B1wswTfQN0L/7YE9+qR4k","preKeyId":14883027}}},"version":"v1"}