{"_sessions":{"BdFpIzuNKqcdyAC1+0mHNvTejlB9QX7sdOebPpNQXW9o":{"registrationId":2011691388,"currentRatchet":{"ephemeralKeyPair":{"pubKey":"BfDajdCIN/lTI6xcyQzBOINihUmF0zha6jIpztO5F1Qo","privKey":"iKVmTFWKl5D8I512uoG9xKyW5a/+eX/YCLneV15VelQ="},"lastRemoteEphemeralKey":"BThn79d64SqgrOYlgP53upsT+OKj20cdlTLXrFjOQFwz","previousCounter":0,"rootKey":"I2WZnpY/S8eGJNiE8sipfUMuPpxd+7LXLs3EYIw6phM="},"indexInfo":{"baseKey":"BdFpIzuNKqcdyAC1+0mHNvTejlB9QX7sdOebPpNQXW9o","baseKeyType":1,"closed":1746721107824,"used":1746721076005,"created":1746721076005,"remoteIdentityKey":"BQmXTFpUex1KXgLtxWbzItSpnlI6vDjIoaYlO/a3DEMu"},"_chains":{"BfDajdCIN/lTI6xcyQzBOINihUmF0zha6jIpztO5F1Qo":{"chainKey":{"counter":0,"key":"8g4nHNHidRBQPsIwnchnmlUDuq7vsBBjEQEdaFEAuGE="},"chainType":1,"messageKeys":{}}},"pendingPreKey":{"signedKeyId":3,"baseKey":"BdFpIzuNKqcdyAC1+0mHNvTejlB9QX7sdOebPpNQXW9o","preKeyId":9876440}},"BenIYRq1hEhU3ZgruQZI3NKkqSFQhSsSrmjGdV78WnVg":{"registrationId":2011691388,"currentRatchet":{"ephemeralKeyPair":{"pubKey":"BYeotOtcU9Vlk10ijMUxqDQjtnIAyFWXO6TFUAr2SLxG","privKey":"eCSKX8QI+g4MXCxMRMwU5pLOFhCGOd3TMrjBZ5nHe0w="},"lastRemoteEphemeralKey":"BThn79d64SqgrOYlgP53upsT+OKj20cdlTLXrFjOQFwz","previousCounter":0,"rootKey":"+bFl8FGj+nVN4PjKzCOe447MIUq5i3ggXr2rFasYK6g="},"indexInfo":{"baseKey":"BenIYRq1hEhU3ZgruQZI3NKkqSFQhSsSrmjGdV78WnVg","baseKeyType":1,"closed":-1,"used":1746721107554,"created":1746721107554,"remoteIdentityKey":"BQmXTFpUex1KXgLtxWbzItSpnlI6vDjIoaYlO/a3DEMu"},"_chains":{"BYeotOtcU9Vlk10ijMUxqDQjtnIAyFWXO6TFUAr2SLxG":{"chainKey":{"counter":2,"key":"4SW/OA4i1FHbORpKp59xQI+dErc2FBE4ZYHOr0cHDDQ="},"chainType":1,"messageKeys":{}}},"pendingPreKey":{"signedKeyId":3,"baseKey":"BenIYRq1hEhU3ZgruQZI3NKkqSFQhSsSrmjGdV78WnVg","preKeyId":9876544}}},"version":"v1"}