{"_sessions":{"BUBhr6sS1xNvi+yLKBRUObq5mqg/Tvibypi3c48sEKBe":{"registrationId":1521826006,"currentRatchet":{"ephemeralKeyPair":{"pubKey":"BQWETYFPAEgKHJPec0o6zlxw3roJM1/TWjdHmC3R2FEV","privKey":"EE6zJR4Hq+qpTkfPQYGLPnqg6I3GIQr7aYeGysaQRFk="},"lastRemoteEphemeralKey":"BeH1/UDJJ6P7Ul1yLtv+T5V2EZTGJGhrfpjb4jtn/TJh","previousCounter":0,"rootKey":"O/9ayPM6f7ZGhFsXZcW03vXEOnOmekJuOb0trL8wXVI="},"indexInfo":{"baseKey":"BUBhr6sS1xNvi+yLKBRUObq5mqg/Tvibypi3c48sEKBe","baseKeyType":1,"closed":1746721104003,"used":1746721072610,"created":1746721072610,"remoteIdentityKey":"BRCqgDtxby6H9jwRZugjwVInyFJRLeDJ5pUk3G5wgVwU"},"_chains":{"BQWETYFPAEgKHJPec0o6zlxw3roJM1/TWjdHmC3R2FEV":{"chainKey":{"counter":0,"key":"ez4GsuI5H9SGu1GOvY4+EHaq6l4CFiOLYCCmo/EgOnM="},"chainType":1,"messageKeys":{}}},"pendingPreKey":{"signedKeyId":0,"baseKey":"BUBhr6sS1xNvi+yLKBRUObq5mqg/Tvibypi3c48sEKBe"}},"BQwFdXn97pKkesyBSA8TJbprEVA5gIWhfxXZV1Bx8zFb":{"registrationId":1521826006,"currentRatchet":{"ephemeralKeyPair":{"pubKey":"BRi/0g5yAd65mPzCHGAJBqprKiWnCct9E0Z/RJrmGgJO","privKey":"4Ct7z33V3JbYq1XxvCeXBogbvXMEyal9CUXoTtS1elo="},"lastRemoteEphemeralKey":"BeH1/UDJJ6P7Ul1yLtv+T5V2EZTGJGhrfpjb4jtn/TJh","previousCounter":0,"rootKey":"N2CjLSfrbF2HApIZ4Pm0NdO2XB2EnAbzPopz0mdG4TY="},"indexInfo":{"baseKey":"BQwFdXn97pKkesyBSA8TJbprEVA5gIWhfxXZV1Bx8zFb","baseKeyType":1,"closed":-1,"used":1746721103439,"created":1746721103439,"remoteIdentityKey":"BRCqgDtxby6H9jwRZugjwVInyFJRLeDJ5pUk3G5wgVwU"},"_chains":{"BRi/0g5yAd65mPzCHGAJBqprKiWnCct9E0Z/RJrmGgJO":{"chainKey":{"counter":2,"key":"x3L/vZrVGvNpToxcb6TFNqx2IdBRtdTvku4e/g70v/k="},"chainType":1,"messageKeys":{}}},"pendingPreKey":{"signedKeyId":0,"baseKey":"BQwFdXn97pKkesyBSA8TJbprEVA5gIWhfxXZV1Bx8zFb"}}},"version":"v1"}