{"_sessions":{"Bd6eX/ykf7s8kFCKQXYXeOv9x7wdZey7fHEkxClkxkJd":{"registrationId":1858845034,"currentRatchet":{"ephemeralKeyPair":{"pubKey":"BY70qEjqI7Oi0Y5ROwKb1Lvdvoin/cyP1wCD4Hc37cQZ","privKey":"yH9G78ysBonJWAerzBiTXDVDOsPhFTFpETP4j3see2M="},"lastRemoteEphemeralKey":"BcUn4/2L7iGeRHmqkh9bD42wDqSCJ+OVeIViWqPSYkM7","previousCounter":0,"rootKey":"RPLhPNy4bJ3CZcFQORWXBnMIORthMb5r3sFWyGUpmfA="},"indexInfo":{"baseKey":"Bd6eX/ykf7s8kFCKQXYXeOv9x7wdZey7fHEkxClkxkJd","baseKeyType":1,"closed":-1,"used":1746714540172,"created":1746714540172,"remoteIdentityKey":"BbIyEJXUt28eXdmPj5SuROzuXOm2Plif1GWTNxGzHNdV"},"_chains":{"BY70qEjqI7Oi0Y5ROwKb1Lvdvoin/cyP1wCD4Hc37cQZ":{"chainKey":{"counter":0,"key":"ud9n41Y7xpsAFV1pvIARjbfJCmtWJcezxo84f2IBC7o="},"chainType":1,"messageKeys":{}}},"pendingPreKey":{"signedKeyId":3,"baseKey":"Bd6eX/ykf7s8kFCKQXYXeOv9x7wdZey7fHEkxClkxkJd","preKeyId":1252021}}},"version":"v1"}