{"_sessions":{"BVSryWFNnD3fJPHSgUySP4h5H4EjfgrSIfXm7tey3hM8":{"registrationId":491032396,"currentRatchet":{"ephemeralKeyPair":{"pubKey":"BQLk2+03fvylP2qqMrye0se1Lhtli1mAKf6CONqtXI9/","privKey":"mMDJqLG1edxz/zd/V4NR+KLeYpSV/B1jx+JDPW3T31Q="},"lastRemoteEphemeralKey":"BeRjuawxxlBaqoufjhQDBY13TZ8Bd5DHMZr9gcdpv5QF","previousCounter":0,"rootKey":"pzD2lzpVjcv24flDxjFgSB97ktV4j24uuGSI1YZiyFM="},"indexInfo":{"baseKey":"BVSryWFNnD3fJPHSgUySP4h5H4EjfgrSIfXm7tey3hM8","baseKeyType":1,"closed":-1,"used":1746714540089,"created":1746714540089,"remoteIdentityKey":"BZfOd2sRo8xdCF8gsXuNhAHDQe2emBKGGGhmJEB/3FlM"},"_chains":{"BQLk2+03fvylP2qqMrye0se1Lhtli1mAKf6CONqtXI9/":{"chainKey":{"counter":0,"key":"Sy4c4izr8FrcbXh3+qZJKuvmCB8jL9N/Eu1Lpp33S8c="},"chainType":1,"messageKeys":{}}},"pendingPreKey":{"signedKeyId":8496536,"baseKey":"BVSryWFNnD3fJPHSgUySP4h5H4EjfgrSIfXm7tey3hM8","preKeyId":2913}}},"version":"v1"}