{"_sessions":{"BfKSg1wInLG1ieEfE3pBT9CjUWcYtU39DwpdI+LYMUZI":{"registrationId":449756967,"currentRatchet":{"ephemeralKeyPair":{"pubKey":"BZDtuZ1JPnvw1X1ckf+6z7k5L7dvVmUJLbRkN/TrfZQM","privKey":"oKgdkSyzujJPsfwLxNux+ndhjFp7oz4hJjzNGuFVV3M="},"lastRemoteEphemeralKey":"BcGOziUnOe+UAl2uYJ506E1c6kbtu9AE9lM6jEagvJQn","previousCounter":0,"rootKey":"TYVtEWNo0UNvcLC6JGYG3vrL3uJWbNZQW/yt3p5JC38="},"indexInfo":{"baseKey":"BfKSg1wInLG1ieEfE3pBT9CjUWcYtU39DwpdI+LYMUZI","baseKeyType":1,"closed":-1,"used":1746714522080,"created":1746714522080,"remoteIdentityKey":"BSoaUzjp2lr84PF9TX4fBXJ7JLNqDcNRqM7Hj8+4GTAf"},"_chains":{"BZDtuZ1JPnvw1X1ckf+6z7k5L7dvVmUJLbRkN/TrfZQM":{"chainKey":{"counter":0,"key":"swng4x/V3tWQmhc//Jqw9wIpRcmqH+MW8thvfUjjDXE="},"chainType":1,"messageKeys":{}}},"pendingPreKey":{"signedKeyId":1,"baseKey":"BfKSg1wInLG1ieEfE3pBT9CjUWcYtU39DwpdI+LYMUZI"}}},"version":"v1"}