{"_sessions":{"BXwm8OR1da+qCJdCKfVK/tb6Bk9mcmsq6USxMdJBPCN0":{"registrationId":1222652369,"currentRatchet":{"ephemeralKeyPair":{"pubKey":"BUf2BIqF0HI0Jrs2UHt5dd0clyuVpZKpD2tCyNCASvtE","privKey":"oEISaGE7IEO65BaRVVdbhasjoF9SZCJvi6YXXQ917Hc="},"lastRemoteEphemeralKey":"BeXeyxvQjO7Y8b9wPl/JILmn1TK45adGodvTE8YBc/8x","previousCounter":0,"rootKey":"zM99DwJa+T0pnOL9IXDU5I8AxK3z8Cpjr38xzOzhcXY="},"indexInfo":{"baseKey":"BXwm8OR1da+qCJdCKfVK/tb6Bk9mcmsq6USxMdJBPCN0","baseKeyType":1,"closed":-1,"used":1746714536306,"created":1746714536306,"remoteIdentityKey":"Be97xU92dT5y6eVwzl6tIGiSNm1nzCp6spySHWQtpy1c"},"_chains":{"BUf2BIqF0HI0Jrs2UHt5dd0clyuVpZKpD2tCyNCASvtE":{"chainKey":{"counter":0,"key":"pL0GGkDS07VwskDLmyZMxAXIK3KOXFMPIt85eh4fyJM="},"chainType":1,"messageKeys":{}}},"pendingPreKey":{"signedKeyId":0,"baseKey":"BXwm8OR1da+qCJdCKfVK/tb6Bk9mcmsq6USxMdJBPCN0","preKeyId":7454443}}},"version":"v1"}