{"_sessions":{"BbHL1QH7wKK98Bg0+GcvfSXcBvoi3KGyJT0LZ6QRF+Rj":{"registrationId":91065811,"currentRatchet":{"ephemeralKeyPair":{"pubKey":"BRnuzqORrprIJZ5WGceN3Bz7Bb5sjRIml/lsMRimAF4G","privKey":"iC6Rkv/cE9KvgWrtKUF3U40EzXgvuq/pafm2ITEevEw="},"lastRemoteEphemeralKey":"BeKENotoMWTLJND13JmH1ihfw92EgwHuKO2kAQ7hfq1O","previousCounter":0,"rootKey":"mG9bDUxorpGbhOYe5M+FhLpfos5CBGjjcIA5TzkOwv0="},"indexInfo":{"baseKey":"BbHL1QH7wKK98Bg0+GcvfSXcBvoi3KGyJT0LZ6QRF+Rj","baseKeyType":1,"closed":1746721104070,"used":1746721072823,"created":1746721072823,"remoteIdentityKey":"BT+6dDCyHwNiDfRd8pV1pHga1utbI9RqNtnfIrgFWIM4"},"_chains":{"BRnuzqORrprIJZ5WGceN3Bz7Bb5sjRIml/lsMRimAF4G":{"chainKey":{"counter":0,"key":"101JT4pJ4F3lbZJnsP6WXjFvoPWigzyCbVQyyooV8tc="},"chainType":1,"messageKeys":{}}},"pendingPreKey":{"signedKeyId":10,"baseKey":"BbHL1QH7wKK98Bg0+GcvfSXcBvoi3KGyJT0LZ6QRF+Rj","preKeyId":7724558}},"BT6YsrOTR8Ium1bXgGyP0/hF9v7MCja0j0dZzd5kXCk6":{"registrationId":91065811,"currentRatchet":{"ephemeralKeyPair":{"pubKey":"BXHQfB2mXIrRALA/CrLto/KQMPZoD9sP4laHaIQMiMoj","privKey":"8EQhhFqKW8tNFicFeMxHhI5rwjr4ocB32Ua/mUJyQHA="},"lastRemoteEphemeralKey":"BeKENotoMWTLJND13JmH1ihfw92EgwHuKO2kAQ7hfq1O","previousCounter":0,"rootKey":"ZJCFtzDkBjldNm2sRtNE3/BwcghSigAPdXg8FPj5Svk="},"indexInfo":{"baseKey":"BT6YsrOTR8Ium1bXgGyP0/hF9v7MCja0j0dZzd5kXCk6","baseKeyType":1,"closed":-1,"used":1746721103675,"created":1746721103675,"remoteIdentityKey":"BT+6dDCyHwNiDfRd8pV1pHga1utbI9RqNtnfIrgFWIM4"},"_chains":{"BXHQfB2mXIrRALA/CrLto/KQMPZoD9sP4laHaIQMiMoj":{"chainKey":{"counter":2,"key":"6u9MygJpZsCDM5ZJANyTMGI2Q6ZOacekDd1/5Vbqz1I="},"chainType":1,"messageKeys":{}}},"pendingPreKey":{"signedKeyId":10,"baseKey":"BT6YsrOTR8Ium1bXgGyP0/hF9v7MCja0j0dZzd5kXCk6","preKeyId":7724487}}},"version":"v1"}