{"_sessions":{"BV27+UpFjBAM6w4ZIvKh+GvprIGP82taJiIFG8MEFD50":{"registrationId":1572631109,"currentRatchet":{"ephemeralKeyPair":{"pubKey":"BYtSK66LI7H8+UXn8lXI1CyTjGrJ1ERmE9xOvftkDI92","privKey":"mMyKPuvwspSvxINLoLlNuJhcuxOQ5n6yteobQfqKPXM="},"lastRemoteEphemeralKey":"BbJ33CiW5haMhsULGuxvgZnvk1vvRMmkHGHLLbmGJhZs","previousCounter":0,"rootKey":"OD33H0rkRrUGNDXKygz12vYEKWCfVqmM4Nl+xbEs9PI="},"indexInfo":{"baseKey":"BV27+UpFjBAM6w4ZIvKh+GvprIGP82taJiIFG8MEFD50","baseKeyType":1,"closed":1746721104080,"used":1746721072859,"created":1746721072859,"remoteIdentityKey":"BUNs0H2CF4q1UzJVQeZ0HT0EHslkDEUDPhnHgGs5Eck4"},"_chains":{"BYtSK66LI7H8+UXn8lXI1CyTjGrJ1ERmE9xOvftkDI92":{"chainKey":{"counter":0,"key":"JJed5how1nJmi9fw4j5Vpu0iugUkJLgTn0ixDoMvxhA="},"chainType":1,"messageKeys":{}}},"pendingPreKey":{"signedKeyId":1,"baseKey":"BV27+UpFjBAM6w4ZIvKh+GvprIGP82taJiIFG8MEFD50","preKeyId":3287778}},"BfvRb2ubP0rtXSwm5RQMjx59xz+/BkKZn1gwZQWw+wpk":{"registrationId":1572631109,"currentRatchet":{"ephemeralKeyPair":{"pubKey":"BfbekRqIRMWGQaShABMgYRGEzzDxOq1oLFzEPuCmQzw4","privKey":"CHGpz0sUj2R6k1CB8dFOFuisPsh7VYaMv2GXchoK7FY="},"lastRemoteEphemeralKey":"BbJ33CiW5haMhsULGuxvgZnvk1vvRMmkHGHLLbmGJhZs","previousCounter":0,"rootKey":"drkD6snuFBWs7/76abCKu8jiKMoPjckYWNXqlUglAvo="},"indexInfo":{"baseKey":"BfvRb2ubP0rtXSwm5RQMjx59xz+/BkKZn1gwZQWw+wpk","baseKeyType":1,"closed":-1,"used":1746721103724,"created":1746721103724,"remoteIdentityKey":"BUNs0H2CF4q1UzJVQeZ0HT0EHslkDEUDPhnHgGs5Eck4"},"_chains":{"BfbekRqIRMWGQaShABMgYRGEzzDxOq1oLFzEPuCmQzw4":{"chainKey":{"counter":2,"key":"LR7OHk58Dt5aw/SeRXBRkZUZcFGV++wVzLxEbOwnYCA="},"chainType":1,"messageKeys":{}}},"pendingPreKey":{"signedKeyId":1,"baseKey":"BfvRb2ubP0rtXSwm5RQMjx59xz+/BkKZn1gwZQWw+wpk","preKeyId":3287858}}},"version":"v1"}