{"_sessions":{"BYd5I/02YghVyJvLpNehwDeOEmWcLPYDzQeK5xd4Eg1F":{"registrationId":1076120478,"currentRatchet":{"ephemeralKeyPair":{"pubKey":"BYLJV3UMyOVt1yhb3A542ijYcqkH8xM/wFOvDnzcJ5s7","privKey":"uA2VvhYKIVtDxjKdKt9kKWTL3ei6BzR3NSGgL/g3RGw="},"lastRemoteEphemeralKey":"Bet/OIkASvX9lx0G7oKzSXT648PtQDLHFHdQmsQS9a1N","previousCounter":0,"rootKey":"Ta/mQcTp+5V8Tmjga91cxUlblJNZmYPaJgkMjp3VNzA="},"indexInfo":{"baseKey":"BYd5I/02YghVyJvLpNehwDeOEmWcLPYDzQeK5xd4Eg1F","baseKeyType":1,"closed":1746721099369,"used":1746721069180,"created":1746721069180,"remoteIdentityKey":"BSabccnqnMPA0NnP4idswutQZ1ZVQIL3vi/8s8oM57BV"},"_chains":{"BYLJV3UMyOVt1yhb3A542ijYcqkH8xM/wFOvDnzcJ5s7":{"chainKey":{"counter":0,"key":"Ar7017zI0ydWBKpNAwbWCo3lNXJ6ydi11sqE3QUal9Y="},"chainType":1,"messageKeys":{}}},"pendingPreKey":{"signedKeyId":0,"baseKey":"BYd5I/02YghVyJvLpNehwDeOEmWcLPYDzQeK5xd4Eg1F","preKeyId":12530413}},"BdcfXR04V1srq3pOmKtWxNe2Sd22prxrFh0b329jKlNt":{"registrationId":1076120478,"currentRatchet":{"ephemeralKeyPair":{"pubKey":"BbVfnwF0BikUHfnNr8/teqCSR0+7KtqZ/RzDmi3HlJ1L","privKey":"QJ3jUNBcKpz0mH1U5vPZQ/r4qMZ4Ojt0hWqYo+HM4n0="},"lastRemoteEphemeralKey":"Bet/OIkASvX9lx0G7oKzSXT648PtQDLHFHdQmsQS9a1N","previousCounter":0,"rootKey":"h8dXXJsF4jjHHlMZXqb5d1QjYUfbaIYLnlqn4jHOnV0="},"indexInfo":{"baseKey":"BdcfXR04V1srq3pOmKtWxNe2Sd22prxrFh0b329jKlNt","baseKeyType":1,"closed":-1,"used":1746721098832,"created":1746721098832,"remoteIdentityKey":"BSabccnqnMPA0NnP4idswutQZ1ZVQIL3vi/8s8oM57BV"},"_chains":{"BbVfnwF0BikUHfnNr8/teqCSR0+7KtqZ/RzDmi3HlJ1L":{"chainKey":{"counter":2,"key":"UZjENdKroTpThEYeGwV/CXxoMBgrSWmYyLHCN3BDcSo="},"chainType":1,"messageKeys":{}}},"pendingPreKey":{"signedKeyId":0,"baseKey":"BdcfXR04V1srq3pOmKtWxNe2Sd22prxrFh0b329jKlNt","preKeyId":12530418}}},"version":"v1"}