{"_sessions":{"BUB3LxDI+Zegsd1GwaYFs5TaN4vNHzpgHDx8i5veowpg":{"registrationId":223725753,"currentRatchet":{"ephemeralKeyPair":{"pubKey":"BQDfXkE64fFdQCNYxJsJ179W8gh8Zu89vFNw0xYaITJe","privKey":"aGdmjsLXNvB9OpTJdSwdF8+gc65mSR6cr+zTyW7INGs="},"lastRemoteEphemeralKey":"BQJPmNHMi30WyOZ+BeZxBZXlskIqS47tz9UI2cxpS4su","previousCounter":0,"rootKey":"4/d8isdU1VzGKEmzojWm7VDeuVWOJdJZMtkQMBhyYW8="},"indexInfo":{"baseKey":"BUB3LxDI+Zegsd1GwaYFs5TaN4vNHzpgHDx8i5veowpg","baseKeyType":1,"closed":1746721107770,"used":1746721075808,"created":1746721075808,"remoteIdentityKey":"BVJe029mxFBJ902rb3Gr9pDkmiOv6QMgNjrJi/lMczUU"},"_chains":{"BQDfXkE64fFdQCNYxJsJ179W8gh8Zu89vFNw0xYaITJe":{"chainKey":{"counter":0,"key":"SCpP0PUNDGJozTzYGGQtD1NX1x7snNd4R3NzSDsXB7w="},"chainType":1,"messageKeys":{}}},"pendingPreKey":{"signedKeyId":1,"baseKey":"BUB3LxDI+Zegsd1GwaYFs5TaN4vNHzpgHDx8i5veowpg","preKeyId":1096902}},"BbpFOcVifA4FcJVHZk4TnhBKSbeyaWu96oO1OTNOvT5U":{"registrationId":223725753,"currentRatchet":{"ephemeralKeyPair":{"pubKey":"BXx/52gb6F0HFLr0bpklIbRex4/BrR4Drohx2TGnqTBT","privKey":"UNgjvx4BfZtScAiXv6GpUybQSW2d2FSkPfFSqo8pI1I="},"lastRemoteEphemeralKey":"BQJPmNHMi30WyOZ+BeZxBZXlskIqS47tz9UI2cxpS4su","previousCounter":0,"rootKey":"GW6oEmRI9DJicvODhBSJxB0nUE/GDSPWv1Fvgz6YP9k="},"indexInfo":{"baseKey":"BbpFOcVifA4FcJVHZk4TnhBKSbeyaWu96oO1OTNOvT5U","baseKeyType":1,"closed":-1,"used":1746721107374,"created":1746721107374,"remoteIdentityKey":"BVJe029mxFBJ902rb3Gr9pDkmiOv6QMgNjrJi/lMczUU"},"_chains":{"BXx/52gb6F0HFLr0bpklIbRex4/BrR4Drohx2TGnqTBT":{"chainKey":{"counter":2,"key":"43HGlAlxJHids96dPheMkwi1OgspuTBmIJcM5fqSNfY="},"chainType":1,"messageKeys":{}}},"pendingPreKey":{"signedKeyId":1,"baseKey":"BbpFOcVifA4FcJVHZk4TnhBKSbeyaWu96oO1OTNOvT5U","preKeyId":1096955}}},"version":"v1"}