{"_sessions":{"BQ1x9C6/ZJbBJ7DyQQUol980D/ORl+w7AQ4r3CdVwKUs":{"registrationId":1023376582,"currentRatchet":{"ephemeralKeyPair":{"pubKey":"BYL0anS4EjeVzPvNukpB4WAmPNWPD4Vi9yGAD3XDh98S","privKey":"sFdCtSJ91dZpj/Txa5Q4FhSOHGpqwzkmGMTO/6p4MEc="},"lastRemoteEphemeralKey":"BRfXu1YjlEoueTZm4lmHR/u4m5vzJI7hPn9VkYFQBWtJ","previousCounter":0,"rootKey":"7ywME+fzp284bi0HDlb8ZTizZUgC3eBNCqYeJe1ojGY="},"indexInfo":{"baseKey":"BQ1x9C6/ZJbBJ7DyQQUol980D/ORl+w7AQ4r3CdVwKUs","baseKeyType":1,"closed":1746721107806,"used":1746721075947,"created":1746721075947,"remoteIdentityKey":"BXppDxrnRBCuNXHkaYJDpcPy4/lfA7oPH8rBJTdL2cY1"},"_chains":{"BYL0anS4EjeVzPvNukpB4WAmPNWPD4Vi9yGAD3XDh98S":{"chainKey":{"counter":0,"key":"86YPkuBIS0Vl2FlIrz3KErXId/ZGrpDjTvmTVPeP3R8="},"chainType":1,"messageKeys":{}}},"pendingPreKey":{"signedKeyId":1,"baseKey":"BQ1x9C6/ZJbBJ7DyQQUol980D/ORl+w7AQ4r3CdVwKUs"}},"BSW0jAR751IE01ZMR804wPq/S+ahkPO2trBuIveR9HA0":{"registrationId":1023376582,"currentRatchet":{"ephemeralKeyPair":{"pubKey":"Bd3l7Q2PDkSDDjLuJ+PX07sZOquzyH/YRNYcCHIUgedA","privKey":"aAqLhQ1uzLb+4WVbi7Q5HCsSGF9BAWJDqB8a99Es20g="},"lastRemoteEphemeralKey":"BRfXu1YjlEoueTZm4lmHR/u4m5vzJI7hPn9VkYFQBWtJ","previousCounter":0,"rootKey":"GHNAvS8W249r4PDo3HM8Hgcx9i2g1eUNfXpDdPHx0fE="},"indexInfo":{"baseKey":"BSW0jAR751IE01ZMR804wPq/S+ahkPO2trBuIveR9HA0","baseKeyType":1,"closed":-1,"used":1746721107506,"created":1746721107506,"remoteIdentityKey":"BXppDxrnRBCuNXHkaYJDpcPy4/lfA7oPH8rBJTdL2cY1"},"_chains":{"Bd3l7Q2PDkSDDjLuJ+PX07sZOquzyH/YRNYcCHIUgedA":{"chainKey":{"counter":2,"key":"aE4tGC2yyakhyuQRFgU7Ctp4Bhay/77DJdDrrcRNvsk="},"chainType":1,"messageKeys":{}}},"pendingPreKey":{"signedKeyId":1,"baseKey":"BSW0jAR751IE01ZMR804wPq/S+ahkPO2trBuIveR9HA0"}}},"version":"v1"}