{"_sessions":{"BeirPfH/3KRPqvfdPtAH6AIWqZJzqSI0VP+uDSs3altl":{"registrationId":1042314634,"currentRatchet":{"ephemeralKeyPair":{"pubKey":"BY6ANk2b+LlBjvsYFnOa4pXn0r80Yoa15qk+E4PbpxcA","privKey":"6OBaqSjoYlmKTfCAE1/TMo+x8G/UEktqtXhP3pr28VE="},"lastRemoteEphemeralKey":"BSiMxqF+tyIOSAYoYfkzHyMRmaiUnmA69NF7ZXgIAQ0y","previousCounter":0,"rootKey":"g3Gy52rNER3vWU1xN9CNp25jdWiC5xnUVYjvIwiKjJw="},"indexInfo":{"baseKey":"BeirPfH/3KRPqvfdPtAH6AIWqZJzqSI0VP+uDSs3altl","baseKeyType":1,"closed":-1,"used":1746714539962,"created":1746714539962,"remoteIdentityKey":"BQHx6NhFTaQgbtxVf3QkGCkVm773hGgK3pSPF482aQ8G"},"_chains":{"BY6ANk2b+LlBjvsYFnOa4pXn0r80Yoa15qk+E4PbpxcA":{"chainKey":{"counter":0,"key":"lcUCVoqchvREpXI915mFgSoRgxsjjQezrb93J31MKY4="},"chainType":1,"messageKeys":{}}},"pendingPreKey":{"signedKeyId":1,"baseKey":"BeirPfH/3KRPqvfdPtAH6AIWqZJzqSI0VP+uDSs3altl","preKeyId":1009930}}},"version":"v1"}