{"_sessions":{"BQYEtfnCRIpx5HW2lwSGEvExmXf/U34qQp5w8R+Trn1x":{"registrationId":1424729085,"currentRatchet":{"ephemeralKeyPair":{"pubKey":"BSr7RJgCZrVW33c6o0SzMyMdf2wmXcJNNRj8Yp+OqFdV","privKey":"iCREYSOLyGAk2XTXQ/50R4x1l2q1BwcGSn20RZib/WE="},"lastRemoteEphemeralKey":"Bd0XcLAwPlukJeYQb9pSbQlY7Dk5CBabkxZg6TCt+5sj","previousCounter":0,"rootKey":"BKHamLQNAXQ+9hBeURBD23Tta/vrJBXMA14B4y/HsOU="},"indexInfo":{"baseKey":"BQYEtfnCRIpx5HW2lwSGEvExmXf/U34qQp5w8R+Trn1x","baseKeyType":1,"closed":1746721099107,"used":1746721068826,"created":1746721068826,"remoteIdentityKey":"BXoKFECwgow/pnWVoko0LAxSsIv0bRRt6rtFmZALOu0B"},"_chains":{"BSr7RJgCZrVW33c6o0SzMyMdf2wmXcJNNRj8Yp+OqFdV":{"chainKey":{"counter":0,"key":"1e1tBFwyG46lPkWwlrssZFUwNNXeTGCkH4CFaCCHfxA="},"chainType":1,"messageKeys":{}}},"pendingPreKey":{"signedKeyId":1,"baseKey":"BQYEtfnCRIpx5HW2lwSGEvExmXf/U34qQp5w8R+Trn1x","preKeyId":10786943}},"BT6KXF2wvxOv6ToofFAWZ95vytbNP3yGgWo/wD5kgHJ4":{"registrationId":1424729085,"currentRatchet":{"ephemeralKeyPair":{"pubKey":"BQBoUCZxsAyWBBNjfZtOhWeFnxg1EABnoEsxTbJri0tI","privKey":"oHwDDoiKevRkQCIVJAHmtvH2An/OJwaXhbjSnEDSwXA="},"lastRemoteEphemeralKey":"Bd0XcLAwPlukJeYQb9pSbQlY7Dk5CBabkxZg6TCt+5sj","previousCounter":0,"rootKey":"OSFmLP44+nKckmmpZzuUOi1cL6UExe+vhtzLpyb5alc="},"indexInfo":{"baseKey":"BT6KXF2wvxOv6ToofFAWZ95vytbNP3yGgWo/wD5kgHJ4","baseKeyType":1,"closed":-1,"used":1746721098534,"created":1746721098534,"remoteIdentityKey":"BXoKFECwgow/pnWVoko0LAxSsIv0bRRt6rtFmZALOu0B"},"_chains":{"BQBoUCZxsAyWBBNjfZtOhWeFnxg1EABnoEsxTbJri0tI":{"chainKey":{"counter":2,"key":"SOLFtMImc+eQHittzqLPWpMqGbB5oh+CDT/RTXM13nA="},"chainType":1,"messageKeys":{}}},"pendingPreKey":{"signedKeyId":1,"baseKey":"BT6KXF2wvxOv6ToofFAWZ95vytbNP3yGgWo/wD5kgHJ4","preKeyId":10787680}}},"version":"v1"}