{"_sessions":{"BewPjgbptjTvKp93suPvZbkwnUi5Jm7D4cBjEjTO9I8E":{"registrationId":1303163803,"currentRatchet":{"ephemeralKeyPair":{"pubKey":"BYCMfXsjX2+X7EO343ga/ax+fm4GjZkGESl9bS9bBXpo","privKey":"8LSTP/hB1EncsyybDvS8UPanD/pu65c3crlfSyUbw0c="},"lastRemoteEphemeralKey":"BRcQNhPuSVvWk9PAcwnuWyGI9uG4l9MZ978YPbJmvRYo","previousCounter":0,"rootKey":"zgXOHjC0mTohxVAIE5E6g0MWgvZWKtJ+O05Ufdq7Xfk="},"indexInfo":{"baseKey":"BewPjgbptjTvKp93suPvZbkwnUi5Jm7D4cBjEjTO9I8E","baseKeyType":1,"closed":-1,"used":1746714532567,"created":1746714532567,"remoteIdentityKey":"BW82nRI5p0ayGNh99gbRakrXgffnfUzpoQ513SCtXSJy"},"_chains":{"BYCMfXsjX2+X7EO343ga/ax+fm4GjZkGESl9bS9bBXpo":{"chainKey":{"counter":0,"key":"69t5dOe0CULw7nFlKQpOMkdlv3JVEh+ZatDtf+WU2cI="},"chainType":1,"messageKeys":{}}},"pendingPreKey":{"signedKeyId":16,"baseKey":"BewPjgbptjTvKp93suPvZbkwnUi5Jm7D4cBjEjTO9I8E","preKeyId":10962636}}},"version":"v1"}