{"_sessions":{"BWfuiI0jJVta5mTGHRtXuS/snla6mgOzvxxPo2GJOExD":{"registrationId":1694688726,"currentRatchet":{"ephemeralKeyPair":{"pubKey":"BbxpfGREOHG6T5ZMGE4SOiXUuDrJsP+TYl7mX7VbIrBD","privKey":"WL3O3sauNkxcWc5pqxe0I1xPQeH1dPKl10Jd8G2VN1U="},"lastRemoteEphemeralKey":"BfvvF2dRZ7miA9mhsZxzzHBR69+BBkM8HjkjkYHZCBtB","previousCounter":0,"rootKey":"ZobMdFqZ/4OLJwSMOVPWIYoAhX3dg/J/as3ZTN08y1g="},"indexInfo":{"baseKey":"BWfuiI0jJVta5mTGHRtXuS/snla6mgOzvxxPo2GJOExD","baseKeyType":1,"closed":1746721099468,"used":1746721069264,"created":1746721069264,"remoteIdentityKey":"BeX8fxwpwKuchm7tMCJp80lc6bGM1/jL8/ENFBm6o/d4"},"_chains":{"BbxpfGREOHG6T5ZMGE4SOiXUuDrJsP+TYl7mX7VbIrBD":{"chainKey":{"counter":0,"key":"iYyFEIhO9heRRpo0s476UUBbRSPVGpr/WK8PsIn1MXQ="},"chainType":1,"messageKeys":{}}},"pendingPreKey":{"signedKeyId":27,"baseKey":"BWfuiI0jJVta5mTGHRtXuS/snla6mgOzvxxPo2GJOExD","preKeyId":3100309}},"BR1hdKVPxvo8HUmUZd6Y3GJCOqit0WpBu1dZHREWt7Qf":{"registrationId":1694688726,"currentRatchet":{"ephemeralKeyPair":{"pubKey":"BdG9OFzba3p8oqw9z3/5gmHRsGquMBN5pIis254FO2ps","privKey":"qJxH8ESACe1WDrhXjNQk35+566rxR0ef4l2buKA5VFk="},"lastRemoteEphemeralKey":"BfvvF2dRZ7miA9mhsZxzzHBR69+BBkM8HjkjkYHZCBtB","previousCounter":0,"rootKey":"yXhSmBh/URcZHThMRFV3JHfkakDSDr6d6GI7WE65Z0M="},"indexInfo":{"baseKey":"BR1hdKVPxvo8HUmUZd6Y3GJCOqit0WpBu1dZHREWt7Qf","baseKeyType":1,"closed":-1,"used":1746721098917,"created":1746721098917,"remoteIdentityKey":"BeX8fxwpwKuchm7tMCJp80lc6bGM1/jL8/ENFBm6o/d4"},"_chains":{"BdG9OFzba3p8oqw9z3/5gmHRsGquMBN5pIis254FO2ps":{"chainKey":{"counter":2,"key":"2BPGDqKK6UV6nG04h99D26FrsaU+Fd3RluxAAQnCviE="},"chainType":1,"messageKeys":{}}},"pendingPreKey":{"signedKeyId":27,"baseKey":"BR1hdKVPxvo8HUmUZd6Y3GJCOqit0WpBu1dZHREWt7Qf","preKeyId":3100510}}},"version":"v1"}