{"_sessions":{"BaQFsFuat3Dew8JuBH7//HHnRyEuYJViB0VDlZQXdhAi":{"registrationId":1247615519,"currentRatchet":{"ephemeralKeyPair":{"pubKey":"BfrABHtZSZPhwFIxjKESXhwxP9uriD2/flX2jZo4JLMM","privKey":"mE4G91mBsiJD9YKDhGjSnfJGfRH9lpreX2mNtZDcqm4="},"lastRemoteEphemeralKey":"BecRLNWv1K9xzcWAgXTrqXDFm9Uxt3jfkabdyLXeTT1O","previousCounter":0,"rootKey":"/ZWER82tKgZ5Wtg+IByRxJ4c6UF1uYW37atw01D7IA0="},"indexInfo":{"baseKey":"BaQFsFuat3Dew8JuBH7//HHnRyEuYJViB0VDlZQXdhAi","baseKeyType":1,"closed":-1,"used":1746714525823,"created":1746714525823,"remoteIdentityKey":"Bchl/J6oFgfbGlwJwm4qFVX+/e0bZDKqpv6wrcHujg8M"},"_chains":{"BfrABHtZSZPhwFIxjKESXhwxP9uriD2/flX2jZo4JLMM":{"chainKey":{"counter":0,"key":"O6fXwXeeCff7/Hp3nce23b+WqfC7wEnxTEpndd0lhv8="},"chainType":1,"messageKeys":{}}},"pendingPreKey":{"signedKeyId":5,"baseKey":"BaQFsFuat3Dew8JuBH7//HHnRyEuYJViB0VDlZQXdhAi","preKeyId":9695019}}},"version":"v1"}