{"_sessions":{"BQMkVSxlaVfvmZs1fc338K+MFxR6/RohMrydeUohkvoo":{"registrationId":1392882826,"currentRatchet":{"ephemeralKeyPair":{"pubKey":"BT5cnrJX+p0K9rwnvjnD5okVv1qxYhh0zqLbPrUU+PYL","privKey":"0DMwY6qXnq2TJ2wsCB4wyxIzksgeT8kVVpwxOCM4jms="},"lastRemoteEphemeralKey":"BdhLubivpB4SwoxZJnyaUSCIAiZIRIED/SW5U3vtqg80","previousCounter":0,"rootKey":"5EliDdACPkhkr+I2cfGJCaXtGl5GwpCW8CmL+ptiQzI="},"indexInfo":{"baseKey":"BQMkVSxlaVfvmZs1fc338K+MFxR6/RohMrydeUohkvoo","baseKeyType":1,"closed":1746721107882,"used":1746721076235,"created":1746721076235,"remoteIdentityKey":"BVKb3nxGVYxTCswqYoK0KjM+bRP+kRmFRSzU5e+IOcxA"},"_chains":{"BT5cnrJX+p0K9rwnvjnD5okVv1qxYhh0zqLbPrUU+PYL":{"chainKey":{"counter":0,"key":"Rwm67zMosyAnTrvpjSkgKXy+COol925lfI2CM06u94M="},"chainType":1,"messageKeys":{}}},"pendingPreKey":{"signedKeyId":1,"baseKey":"BQMkVSxlaVfvmZs1fc338K+MFxR6/RohMrydeUohkvoo","preKeyId":7301426}},"BVXzmkP4k9Es0WjJPY1Ao847opk5viY2D3NnEvwamvdh":{"registrationId":1392882826,"currentRatchet":{"ephemeralKeyPair":{"pubKey":"BZF0CDVjxICeKiXwgmmJTFqursZEWbLNTIv9UXMFXf0y","privKey":"oL76GLp+ZfMlI37zRUo+jh+NMC8/Q5JYhcF7XuF+71o="},"lastRemoteEphemeralKey":"BdhLubivpB4SwoxZJnyaUSCIAiZIRIED/SW5U3vtqg80","previousCounter":0,"rootKey":"SdyDzAj+MvONEV3L3XK2vSnvM99zkXA4c4giqrzGKTs="},"indexInfo":{"baseKey":"BVXzmkP4k9Es0WjJPY1Ao847opk5viY2D3NnEvwamvdh","baseKeyType":1,"closed":-1,"used":1746721107730,"created":1746721107730,"remoteIdentityKey":"BVKb3nxGVYxTCswqYoK0KjM+bRP+kRmFRSzU5e+IOcxA"},"_chains":{"BZF0CDVjxICeKiXwgmmJTFqursZEWbLNTIv9UXMFXf0y":{"chainKey":{"counter":2,"key":"X4b1cx6ugiW4igbVt8JQdJ1nM4Hyk84zVdRJcV/Qfv8="},"chainType":1,"messageKeys":{}}},"pendingPreKey":{"signedKeyId":1,"baseKey":"BVXzmkP4k9Es0WjJPY1Ao847opk5viY2D3NnEvwamvdh","preKeyId":7301103}}},"version":"v1"}