{"_sessions":{"BdUQgThwrYENnZLupKMdKo4yhurQU83gTSd9WXUxvx9v":{"registrationId":194228541,"currentRatchet":{"ephemeralKeyPair":{"pubKey":"BRAsR8n4qR4zhN8NdIPohzr5TaqIfS9ZX67Tbpsez98O","privKey":"wIF312HZA06tAXnNfsnyfvxQ+mycwcOV+Xrq2Z9rYGc="},"lastRemoteEphemeralKey":"BVhCN61wSqAKZfzFuO0OgV9srMH39+Dvq6P6H2Uh7YwK","previousCounter":0,"rootKey":"UUTKowI6mPVcY7LnYd1Xr3F8MV778wXxXLftheSi4kY="},"indexInfo":{"baseKey":"BdUQgThwrYENnZLupKMdKo4yhurQU83gTSd9WXUxvx9v","baseKeyType":1,"closed":-1,"used":1746714525604,"created":1746714525604,"remoteIdentityKey":"Ba2xRMTLLJ+5nNS/HK9tYoxNvNyq+3oNReDVUVyWcpNF"},"_chains":{"BRAsR8n4qR4zhN8NdIPohzr5TaqIfS9ZX67Tbpsez98O":{"chainKey":{"counter":0,"key":"tMNXfzptrSt6KgGltOjCXAUKuyA2IwEkOskE7DTecIo="},"chainType":1,"messageKeys":{}}},"pendingPreKey":{"signedKeyId":0,"baseKey":"BdUQgThwrYENnZLupKMdKo4yhurQU83gTSd9WXUxvx9v","preKeyId":13593702}}},"version":"v1"}