{"_sessions":{"BUbvhBfdDZkd9yguuOiwYI4d7CkZJsnMTtGod0SzuOsd":{"registrationId":17127405,"currentRatchet":{"ephemeralKeyPair":{"pubKey":"BStpjQEcTOJnMWkspOG6LN8OCmD/7lUb/WIZDeG28+xd","privKey":"QEcNJr60Pt7WbD+8+L7FHl/8iuXvoUZyCyDzBs0TY3g="},"lastRemoteEphemeralKey":"BectxwB2zl0UHsB8LETcr2HrZsqti0usEXkanLmN+7Ah","previousCounter":0,"rootKey":"7nqTZndnoE9s149w7u3dRT39QoILojStD38SageKdzc="},"indexInfo":{"baseKey":"BUbvhBfdDZkd9yguuOiwYI4d7CkZJsnMTtGod0SzuOsd","baseKeyType":1,"closed":-1,"used":1746714525736,"created":1746714525736,"remoteIdentityKey":"Bbg8zOpUtECXp+M+tjtdcMF6JXvUhr1yMp5Qt5Uipnco"},"_chains":{"BStpjQEcTOJnMWkspOG6LN8OCmD/7lUb/WIZDeG28+xd":{"chainKey":{"counter":0,"key":"r70RTPqomeJZjgizYYm7apX0yIVuw48jGtQkGelMdhM="},"chainType":1,"messageKeys":{}}},"pendingPreKey":{"signedKeyId":6,"baseKey":"BUbvhBfdDZkd9yguuOiwYI4d7CkZJsnMTtGod0SzuOsd","preKeyId":10546417}}},"version":"v1"}