{"_sessions":{"BYWsg2LttsKGxyW7I4Dnf3yBbXK/33ZjHdvaVC/3bgJ5":{"registrationId":223725753,"currentRatchet":{"ephemeralKeyPair":{"pubKey":"BZvgfcCzzkH1SYRe9IKko0mImKU9Ee/AgnOiFil8y9dE","privKey":"4JM8RCZNz4c/DYFHxYjL3mRm9sxf+ZIv499s/fcU9V4="},"lastRemoteEphemeralKey":"BQJPmNHMi30WyOZ+BeZxBZXlskIqS47tz9UI2cxpS4su","previousCounter":0,"rootKey":"B2RA/xyN0g0m9zvXlFuvQkV+k+r5Rvo4RqdIS7E+OBw="},"indexInfo":{"baseKey":"BYWsg2LttsKGxyW7I4Dnf3yBbXK/33ZjHdvaVC/3bgJ5","baseKeyType":1,"closed":-1,"used":1746714529167,"created":1746714529167,"remoteIdentityKey":"BVJe029mxFBJ902rb3Gr9pDkmiOv6QMgNjrJi/lMczUU"},"_chains":{"BZvgfcCzzkH1SYRe9IKko0mImKU9Ee/AgnOiFil8y9dE":{"chainKey":{"counter":0,"key":"ieypIMkdo3+OIb9Xc4u5c2UR967FhL4nfjH6aL2Dkeg="},"chainType":1,"messageKeys":{}}},"pendingPreKey":{"signedKeyId":1,"baseKey":"BYWsg2LttsKGxyW7I4Dnf3yBbXK/33ZjHdvaVC/3bgJ5","preKeyId":1096801}}},"version":"v1"}