{"_sessions":{"BZuuxDhMvsk7we6cNx6UoLR47j6dNV5Cam/ffh+0w9lo":{"registrationId":1553693540,"currentRatchet":{"ephemeralKeyPair":{"pubKey":"BZSyA2w39rwlrHle1ZBhFo+l7RqikvLx8lSzRZJb2yUP","privKey":"OODTALOR8azKRTttJsW1IQjnp3aCEynIABc7A2DHUE4="},"lastRemoteEphemeralKey":"BWeHqLPx1aS2cxY3aKLvsm+MYcq4Qfr0dqAzhGa+GMRC","previousCounter":0,"rootKey":"Uo7t2XMDOY1srXpIwxJN9ZWIvn/FfjQNyaln2sPINVU="},"indexInfo":{"baseKey":"BZuuxDhMvsk7we6cNx6UoLR47j6dNV5Cam/ffh+0w9lo","baseKeyType":1,"closed":1746721099367,"used":1746721069173,"created":1746721069173,"remoteIdentityKey":"Be8HqVIKbXud1oep3XVYEyF8l83RqGzbT8Nqpwb20kZu"},"_chains":{"BZSyA2w39rwlrHle1ZBhFo+l7RqikvLx8lSzRZJb2yUP":{"chainKey":{"counter":0,"key":"nGKf/hA5chHKyG+bsM1nkFB7B8rrlYGaReN8/wgYMBc="},"chainType":1,"messageKeys":{}}},"pendingPreKey":{"signedKeyId":1,"baseKey":"BZuuxDhMvsk7we6cNx6UoLR47j6dNV5Cam/ffh+0w9lo"}},"BSgv7RI5KIMXC9rSJQx/YKeQrkkGB6tYVFeppWRB9zEF":{"registrationId":1553693540,"currentRatchet":{"ephemeralKeyPair":{"pubKey":"BX+/5AvIi02NJHgzJwm9Y3QVYgtdb/hgCG86jwNKygBs","privKey":"qF9z7LLRQfEe8Fdx0MaPi9tfEvv990M+f/gLS+6kk1Y="},"lastRemoteEphemeralKey":"BWeHqLPx1aS2cxY3aKLvsm+MYcq4Qfr0dqAzhGa+GMRC","previousCounter":0,"rootKey":"af6PK1+zOEoFkqcUXYPj6ByRyrWdq2xewnNDFii6SjQ="},"indexInfo":{"baseKey":"BSgv7RI5KIMXC9rSJQx/YKeQrkkGB6tYVFeppWRB9zEF","baseKeyType":1,"closed":-1,"used":1746721098826,"created":1746721098826,"remoteIdentityKey":"Be8HqVIKbXud1oep3XVYEyF8l83RqGzbT8Nqpwb20kZu"},"_chains":{"BX+/5AvIi02NJHgzJwm9Y3QVYgtdb/hgCG86jwNKygBs":{"chainKey":{"counter":2,"key":"ykQzjSP3gr+ZT3EbPOBBhY3lTWdZCzoo+crZ4ONTWzo="},"chainType":1,"messageKeys":{}}},"pendingPreKey":{"signedKeyId":1,"baseKey":"BSgv7RI5KIMXC9rSJQx/YKeQrkkGB6tYVFeppWRB9zEF"}}},"version":"v1"}