{"_sessions":{"BUWOq/N8DUfx5HVlNnSktwLAeZKqfgXsF4ARaG0FQYhz":{"registrationId":1943631842,"currentRatchet":{"ephemeralKeyPair":{"pubKey":"BakSe66M/FGoluTNwI6Oubz0ugNOppk0klN7iM8bkYN7","privKey":"CMQuPq8xeBGWx5GPLIIA7f4+DWsUiP6K1rZ7sNrqnV0="},"lastRemoteEphemeralKey":"BTiM45AtTSSAfqS3YxiMDStyzHxxprt/GPS35tisMCE1","previousCounter":0,"rootKey":"thGyP2UEh3qYVS13+VwQ0KlpEC9lSR56FIOqkCI0PzQ="},"indexInfo":{"baseKey":"BUWOq/N8DUfx5HVlNnSktwLAeZKqfgXsF4ARaG0FQYhz","baseKeyType":1,"closed":-1,"used":1746714525850,"created":1746714525850,"remoteIdentityKey":"BetWo+ZLCtJ9opRa9JQEKXJvwcskGBHcxAMNgDMpZL0D"},"_chains":{"BakSe66M/FGoluTNwI6Oubz0ugNOppk0klN7iM8bkYN7":{"chainKey":{"counter":0,"key":"ALwc9CCJOs53ST4VqugUyFYNHxMwqD9IFEOte3hz1M0="},"chainType":1,"messageKeys":{}}},"pendingPreKey":{"signedKeyId":5,"baseKey":"BUWOq/N8DUfx5HVlNnSktwLAeZKqfgXsF4ARaG0FQYhz","preKeyId":1949956}}},"version":"v1"}