{"_sessions":{"BbXa32oO39tkOX+I9MSWvE5EaCOdeKZqqwQfW7jkKMAG":{"registrationId":99226871,"currentRatchet":{"ephemeralKeyPair":{"pubKey":"BbKc+4tbD0UX8WxNtRCGnyvK8NECcBQJvDneD5L7ZFB9","privKey":"YMK5Xr2tvvCdFqgZocN2k2QJCjlqNJVVxxl+B6GMAVM="},"lastRemoteEphemeralKey":"BZjQ80DwPCGiwfaZue/2aDr4VrbEqOBBk9EF/wADKk48","previousCounter":0,"rootKey":"GGhHWWxAbUUFVwMCeEIKxb6hhf1eOuwVASN28RCOmeo="},"indexInfo":{"baseKey":"BbXa32oO39tkOX+I9MSWvE5EaCOdeKZqqwQfW7jkKMAG","baseKeyType":1,"closed":-1,"used":1746714536265,"created":1746714536265,"remoteIdentityKey":"BQZo84NPKy/QTBg8Zb2jBu94UAbCUZIhDByBaubqmX9v"},"_chains":{"BbKc+4tbD0UX8WxNtRCGnyvK8NECcBQJvDneD5L7ZFB9":{"chainKey":{"counter":0,"key":"xplivFjv+7ALzi1T3RxETDTlQnUgKJEthJW8kAQGvXk="},"chainType":1,"messageKeys":{}}},"pendingPreKey":{"signedKeyId":4,"baseKey":"BbXa32oO39tkOX+I9MSWvE5EaCOdeKZqqwQfW7jkKMAG"}}},"version":"v1"}