{"_sessions":{"Bdbw4zj9YI6CHh5Wu9Z3qAM9bMxEf/6XK/7nyoRTy0EA":{"registrationId":1718912838,"currentRatchet":{"ephemeralKeyPair":{"pubKey":"BTyC6rNS0rCAwpJLkUDLwGpXsYSZLnST4alS2eHRkTUF","privKey":"gOtx1jCDP+WdfHsWWwNZjVHqhXmo1ViEXtGoxvSzj0w="},"lastRemoteEphemeralKey":"BYd18/Gq0pUkKAwI3/EQVwJAsTXSSsLdjLD1eMPQTb8v","previousCounter":0,"rootKey":"pzA0ToIY6CAvGBw2cSd2t1yYUbET6eZ9rsnkb2WTz3Y="},"indexInfo":{"baseKey":"Bdbw4zj9YI6CHh5Wu9Z3qAM9bMxEf/6XK/7nyoRTy0EA","baseKeyType":1,"closed":-1,"used":1746714522006,"created":1746714522006,"remoteIdentityKey":"BcRVrTOdLEloepeS9Vdo36B7A4qW/dNx+GSUcdFcelR7"},"_chains":{"BTyC6rNS0rCAwpJLkUDLwGpXsYSZLnST4alS2eHRkTUF":{"chainKey":{"counter":0,"key":"LDgrh1s5BER8bdeGpjNPYyqTc8BEtUx+Rlbqfynlxyg="},"chainType":1,"messageKeys":{}}},"pendingPreKey":{"signedKeyId":1,"baseKey":"Bdbw4zj9YI6CHh5Wu9Z3qAM9bMxEf/6XK/7nyoRTy0EA"}}},"version":"v1"}