{"_sessions":{"BXv8hJzlG70cuoGFuxTad3KpogzQ58KHlt5TbN0TnXl6":{"registrationId":1960718431,"currentRatchet":{"ephemeralKeyPair":{"pubKey":"BfblFe+H4s35zY795VkEeX75/Y/utHuZ4pbBe334rPoy","privKey":"IEgzD0WdkEl1g7x+vAymtL4aVFK5bf+j2tywjmPMK0w="},"lastRemoteEphemeralKey":"BWjeJUvHL1Rn6bkpWW+1mfTA7r20h5YsCcFP714Js1w5","previousCounter":0,"rootKey":"zDvEx+xsq2BwODwK9p4u+ljW57lLWYkZWzpsq+bQjG8="},"indexInfo":{"baseKey":"BXv8hJzlG70cuoGFuxTad3KpogzQ58KHlt5TbN0TnXl6","baseKeyType":1,"closed":1746721107832,"used":1746721076047,"created":1746721076047,"remoteIdentityKey":"BTSWbjcH5+jC08LRgj+3PERt9PHCFv804+PkjFnUsfRN"},"_chains":{"BfblFe+H4s35zY795VkEeX75/Y/utHuZ4pbBe334rPoy":{"chainKey":{"counter":0,"key":"QFEcoR7roFcVnFjaNbxGVoQBDb2Iw5K7glGbw5oCnUs="},"chainType":1,"messageKeys":{}}},"pendingPreKey":{"signedKeyId":9,"baseKey":"BXv8hJzlG70cuoGFuxTad3KpogzQ58KHlt5TbN0TnXl6","preKeyId":7413374}},"BV0LQO6PqDM6fsLrQImX7h7qJATcKu0nw9jnUUoChYtD":{"registrationId":1960718431,"currentRatchet":{"ephemeralKeyPair":{"pubKey":"BXALuqgtOqLrulxtiv1HarZsc+iiJ+Qnjmjm2SmGjApd","privKey":"8OpstIvRk4jZB0jQGGCO4ZGiaSZlmm+GgTUL3T912Uw="},"lastRemoteEphemeralKey":"BWjeJUvHL1Rn6bkpWW+1mfTA7r20h5YsCcFP714Js1w5","previousCounter":0,"rootKey":"zNkYjkDFzW5qoY3G7u6OUzk+4oG/Q7KnbDYz9/9VKnc="},"indexInfo":{"baseKey":"BV0LQO6PqDM6fsLrQImX7h7qJATcKu0nw9jnUUoChYtD","baseKeyType":1,"closed":-1,"used":1746721107586,"created":1746721107586,"remoteIdentityKey":"BTSWbjcH5+jC08LRgj+3PERt9PHCFv804+PkjFnUsfRN"},"_chains":{"BXALuqgtOqLrulxtiv1HarZsc+iiJ+Qnjmjm2SmGjApd":{"chainKey":{"counter":2,"key":"/UaXv2DT8sOwppa5Y7l53gaDdm1sFwBQJ53/LRkrKlg="},"chainType":1,"messageKeys":{}}},"pendingPreKey":{"signedKeyId":9,"baseKey":"BV0LQO6PqDM6fsLrQImX7h7qJATcKu0nw9jnUUoChYtD","preKeyId":7412741}}},"version":"v1"}