{"_sessions":{"BdZ3ab9B/GtB47FJs/XxzpjrOf0+lvzrsBfFrf6LN1c0":{"registrationId":50772081,"currentRatchet":{"ephemeralKeyPair":{"pubKey":"BRprIpptyb/9RuY63KEPOCyxzK0TuylaPUuhgHPicT8k","privKey":"oGICE80HhjqmgYtL4pwUEwVKjFQbBKzo7ck1t1OztV8="},"lastRemoteEphemeralKey":"BYRr1s24+mrLsIFuP7/XysvYpK2W39SLSQUbXE3E+/c1","previousCounter":0,"rootKey":"omYN0kF5ju6FGC0R/7IcaWdDpPvGB35O95g5H8KgJf0="},"indexInfo":{"baseKey":"BdZ3ab9B/GtB47FJs/XxzpjrOf0+lvzrsBfFrf6LN1c0","baseKeyType":1,"closed":1746721107869,"used":1746721076173,"created":1746721076173,"remoteIdentityKey":"BQ4rKmpjjFIunHUqHDTx2CNvCVUlOLnNDZSkh/D10U9N"},"_chains":{"BRprIpptyb/9RuY63KEPOCyxzK0TuylaPUuhgHPicT8k":{"chainKey":{"counter":0,"key":"H2PKF3UJfZQWpYAJRl0fThWC2lP2/NqrYs7TVgHiy/U="},"chainType":1,"messageKeys":{}}},"pendingPreKey":{"signedKeyId":2,"baseKey":"BdZ3ab9B/GtB47FJs/XxzpjrOf0+lvzrsBfFrf6LN1c0"}},"BWf0Tht8avhFrBDUVTE45/+EO7nZTB7Nqbs4K5W+Ej4h":{"registrationId":50772081,"currentRatchet":{"ephemeralKeyPair":{"pubKey":"BUYxm/YF6Ojg0hmHOkVTUntW12trFVYgUbLaO+JgXqg1","privKey":"KCm3bLvm4Uy6NY8kN2rEaOxJtsavchh3hxof4eoE8ms="},"lastRemoteEphemeralKey":"BYRr1s24+mrLsIFuP7/XysvYpK2W39SLSQUbXE3E+/c1","previousCounter":0,"rootKey":"9E30TNj4OOxTO7BMf4dBwyKwjXWZW2aQnGKKQqimGBw="},"indexInfo":{"baseKey":"BWf0Tht8avhFrBDUVTE45/+EO7nZTB7Nqbs4K5W+Ej4h","baseKeyType":1,"closed":-1,"used":1746721107688,"created":1746721107688,"remoteIdentityKey":"BQ4rKmpjjFIunHUqHDTx2CNvCVUlOLnNDZSkh/D10U9N"},"_chains":{"BUYxm/YF6Ojg0hmHOkVTUntW12trFVYgUbLaO+JgXqg1":{"chainKey":{"counter":2,"key":"hnNKX/D5Rp2Z8Ejt9fPCml85J5DPNg/xBxO4KUwI2Ao="},"chainType":1,"messageKeys":{}}},"pendingPreKey":{"signedKeyId":2,"baseKey":"BWf0Tht8avhFrBDUVTE45/+EO7nZTB7Nqbs4K5W+Ej4h"}}},"version":"v1"}