{"_sessions":{"BRmfh9OIVhkq/vMbKqDuXGJtfO+eOUn4pNCEIKk85sx8":{"registrationId":1131235418,"currentRatchet":{"ephemeralKeyPair":{"pubKey":"BbIGhDTB4a9b/PoFXr5E1w/NmxDm9IYv0XQjkx0CERob","privKey":"AEqMKkQOpscDgZYC1LJkAgbfNNFRMsO5UDyTLJF8yWU="},"lastRemoteEphemeralKey":"BY8/yXbHc7yrPCbzG2lLkNDxmtzvjuXUYPDe9PUrAb43","previousCounter":0,"rootKey":"w6apbnf9ExciVoLMpyTTueYkI1gzlxggnTNhuaN3tgo="},"indexInfo":{"baseKey":"BRmfh9OIVhkq/vMbKqDuXGJtfO+eOUn4pNCEIKk85sx8","baseKeyType":1,"closed":-1,"used":1746714529124,"created":1746714529124,"remoteIdentityKey":"BT2pi489T0HvX1k2hFKwhey1zDrVhEEg0pK9Bn62Td0G"},"_chains":{"BbIGhDTB4a9b/PoFXr5E1w/NmxDm9IYv0XQjkx0CERob":{"chainKey":{"counter":0,"key":"0vK2Cz/TCaV7K2KK0ayvU7WlcxuwjCYVDjzCwRzi+qQ="},"chainType":1,"messageKeys":{}}},"pendingPreKey":{"signedKeyId":7,"baseKey":"BRmfh9OIVhkq/vMbKqDuXGJtfO+eOUn4pNCEIKk85sx8","preKeyId":8115940}}},"version":"v1"}