{"_sessions":{"BTpJPkvteqP3lv0zKA3ojnVEtO6nllORsMaR9uM/YaJH":{"registrationId":1859473308,"currentRatchet":{"ephemeralKeyPair":{"pubKey":"BWmYH842tcB0uqOemEgJydY1P4JryohvRt3XFbuFojEP","privKey":"aNU6RLlLQZAf/Zzlq/uc4aMP+2OREVL9937TtV6+Pnw="},"lastRemoteEphemeralKey":"BQRIY2ed1vBzmBTAJ29pWqUkghJH7nDY7MMV3i3Fr1kG","previousCounter":0,"rootKey":"webUNq+zjT35TvjouCds5GfRihkT19MA2FWVyI+uBMQ="},"indexInfo":{"baseKey":"BTpJPkvteqP3lv0zKA3ojnVEtO6nllORsMaR9uM/YaJH","baseKeyType":1,"closed":1746721107776,"used":1746721075829,"created":1746721075829,"remoteIdentityKey":"BWgjnYaBnENa75imZtOjBK2WX0PSDuklG/jRDlfA4Cg+"},"_chains":{"BWmYH842tcB0uqOemEgJydY1P4JryohvRt3XFbuFojEP":{"chainKey":{"counter":0,"key":"PBoZ6k+dIDmLuULOUAFevvCfyo5LxMn5Xd9EKeTPP6s="},"chainType":1,"messageKeys":{}}},"pendingPreKey":{"signedKeyId":1,"baseKey":"BTpJPkvteqP3lv0zKA3ojnVEtO6nllORsMaR9uM/YaJH","preKeyId":14364286}},"BesMJYu+ki48ZnfJsxUsAh/FSegWs4xcIXq2sMPjinFD":{"registrationId":1859473308,"currentRatchet":{"ephemeralKeyPair":{"pubKey":"BbZio2//ye1CrMiL84D/SW6XyFDnmbYzzWQJn7YOpgYi","privKey":"EHEMLrwxRLE/NhqGHpukG06yAzi78kGC2Nj+RwDc604="},"lastRemoteEphemeralKey":"BQRIY2ed1vBzmBTAJ29pWqUkghJH7nDY7MMV3i3Fr1kG","previousCounter":0,"rootKey":"P3urjmMDZ9zlu4x63PsOEntRrgR5nywmI7u5VW1S5SE="},"indexInfo":{"baseKey":"BesMJYu+ki48ZnfJsxUsAh/FSegWs4xcIXq2sMPjinFD","baseKeyType":1,"closed":-1,"used":1746721107395,"created":1746721107395,"remoteIdentityKey":"BWgjnYaBnENa75imZtOjBK2WX0PSDuklG/jRDlfA4Cg+"},"_chains":{"BbZio2//ye1CrMiL84D/SW6XyFDnmbYzzWQJn7YOpgYi":{"chainKey":{"counter":2,"key":"eM2WpBddrFDVcJSLTyeKJwVGmudro+FAgFurAKmcrOk="},"chainType":1,"messageKeys":{}}},"pendingPreKey":{"signedKeyId":1,"baseKey":"BesMJYu+ki48ZnfJsxUsAh/FSegWs4xcIXq2sMPjinFD","preKeyId":14364463}}},"version":"v1"}