{"_sessions":{"BW0vQVKLT/F/XBhBVcwIsNYKrPecunVwuGQ6oS5o0ek+":{"registrationId":1283691529,"currentRatchet":{"ephemeralKeyPair":{"pubKey":"BSwpLqlUzCedoJAbsAa+LCvhFtr5y6odNFT9l8yQdAAf","privKey":"eB89kpC0SyYQCrVpq0RdrpBHQEY8OnnxAQUDz5Vm3k4="},"lastRemoteEphemeralKey":"BScnmrDpO1y8qn7+YiMDC1+O6jFXvtwB/LBZGaUneeF3","previousCounter":0,"rootKey":"2n2dGgx/TsfoQqFm++tYOEJ0D579LXuIqy4WT/mN69c="},"indexInfo":{"baseKey":"BW0vQVKLT/F/XBhBVcwIsNYKrPecunVwuGQ6oS5o0ek+","baseKeyType":1,"closed":1746721111320,"used":1746721080019,"created":1746721080019,"remoteIdentityKey":"BULFMUBg2jIns/91sQg3ZGvc6OADu553ofqNMtlnx/1t"},"_chains":{"BSwpLqlUzCedoJAbsAa+LCvhFtr5y6odNFT9l8yQdAAf":{"chainKey":{"counter":0,"key":"PGG/twDoUrODRC+yR3foWjQbymeXxnJP1rqRULE/GJk="},"chainType":1,"messageKeys":{}}},"pendingPreKey":{"signedKeyId":4,"baseKey":"BW0vQVKLT/F/XBhBVcwIsNYKrPecunVwuGQ6oS5o0ek+","preKeyId":9334043}},"Bfxuw/xlkhEwxxtrWv2kE8pCK9mhJ1NioV1RfJHVYjEB":{"registrationId":1283691529,"currentRatchet":{"ephemeralKeyPair":{"pubKey":"BaU9vxw8uE4G/ncQ5+v1Ix9kjZxP/gShSEZxRndROcMp","privKey":"iKE9Ef1shXvryzkuM+Of/4/y0yFE7V+KavJ95Zcjmnw="},"lastRemoteEphemeralKey":"BScnmrDpO1y8qn7+YiMDC1+O6jFXvtwB/LBZGaUneeF3","previousCounter":0,"rootKey":"037gUW8HVT6hIlonDhLaFnnLbbEMQcyM3/IcVJvap8Y="},"indexInfo":{"baseKey":"Bfxuw/xlkhEwxxtrWv2kE8pCK9mhJ1NioV1RfJHVYjEB","baseKeyType":1,"closed":-1,"used":1746721110967,"created":1746721110967,"remoteIdentityKey":"BULFMUBg2jIns/91sQg3ZGvc6OADu553ofqNMtlnx/1t"},"_chains":{"BaU9vxw8uE4G/ncQ5+v1Ix9kjZxP/gShSEZxRndROcMp":{"chainKey":{"counter":2,"key":"II3LhNhphFThzY3pzV8QQLhVTMd3kpXtY8uXhBsEMQg="},"chainType":1,"messageKeys":{}}},"pendingPreKey":{"signedKeyId":4,"baseKey":"Bfxuw/xlkhEwxxtrWv2kE8pCK9mhJ1NioV1RfJHVYjEB","preKeyId":9334032}}},"version":"v1"}