{"_sessions":{"Bc9JCMgnX9I7lLgZSNXeTcfsRVoLGgtshAqLIxpb5x1R":{"registrationId":919818460,"currentRatchet":{"ephemeralKeyPair":{"pubKey":"BWXjDslXueqiIG5SbWoOutCl6RXuUlhBe0T7Fy79sHIe","privKey":"eNE66TC2faCvuGlw7vFmQc7kaVQYadQreqU059GB5Es="},"lastRemoteEphemeralKey":"BXAnQF1J8iAfuBcoZiK23+AJHmuzl8PaNjNHLQzzuvdb","previousCounter":0,"rootKey":"PeAi0lWYOfbdtjWVgHE9Uc1q+Dujgs3+PkgnJ1lR+us="},"indexInfo":{"baseKey":"Bc9JCMgnX9I7lLgZSNXeTcfsRVoLGgtshAqLIxpb5x1R","baseKeyType":1,"closed":-1,"used":1746714525568,"created":1746714525568,"remoteIdentityKey":"BcAsMiLB9AcYkv0kiSb/cN4HUsVHY/zdmqFK1w0yYJFF"},"_chains":{"BWXjDslXueqiIG5SbWoOutCl6RXuUlhBe0T7Fy79sHIe":{"chainKey":{"counter":0,"key":"7jHhWgGQPdK2Hb34o7MjwBcTgXp5G/P3OrEkEO2DJaI="},"chainType":1,"messageKeys":{}}},"pendingPreKey":{"signedKeyId":1399501,"baseKey":"Bc9JCMgnX9I7lLgZSNXeTcfsRVoLGgtshAqLIxpb5x1R","preKeyId":2693}}},"version":"v1"}