{"_sessions":{"BYNT/LNeNpWf53f+s/nDioQyuJSjqFHNhYxvpQcwzIYy":{"registrationId":1508482780,"currentRatchet":{"ephemeralKeyPair":{"pubKey":"BWtSztpLjd2ST1Ga3Gn7yfq6uWb0efmQlwr/zPYppDMG","privKey":"aGhpoKcrqoY6H1Bb3eP0gpG5/39qLGWaQmaJha8maHE="},"lastRemoteEphemeralKey":"Baw78BVEqj/WbAcBmqOKnfVSQ9v80/FSKFK6OyI4T20J","previousCounter":0,"rootKey":"KI8B+3U8wE7baUbrlrzlOMH+7mRHk0bFbwAlafqviL0="},"indexInfo":{"baseKey":"BYNT/LNeNpWf53f+s/nDioQyuJSjqFHNhYxvpQcwzIYy","baseKeyType":1,"closed":-1,"used":1746714539806,"created":1746714539806,"remoteIdentityKey":"BTikuDaBwwgAjwZry0u3Abc48LZlq5iUesDeJt601CAQ"},"_chains":{"BWtSztpLjd2ST1Ga3Gn7yfq6uWb0efmQlwr/zPYppDMG":{"chainKey":{"counter":0,"key":"EfzfFAdBuq20D+dwnkjzkYtDgC8Lbyp6OwYUxluLL5U="},"chainType":1,"messageKeys":{}}},"pendingPreKey":{"signedKeyId":1,"baseKey":"BYNT/LNeNpWf53f+s/nDioQyuJSjqFHNhYxvpQcwzIYy","preKeyId":1341219}}},"version":"v1"}