{"_sessions":{"BU7aXv2PtZMdNc2MGhbI1NXA5EoAd5mSmrEIK3tB1Mh4":{"registrationId":97053375,"currentRatchet":{"ephemeralKeyPair":{"pubKey":"BUuqd8dG3t9YjSVjxHouWlK5e2v13ooATJ/mtxpS4ztO","privKey":"ePFGpYR8tP/nbQ75HoSI3tSd3aESaT45pgeWG9HZLEM="},"lastRemoteEphemeralKey":"BRclCSp5ASNqyTzdJlZ9YMRR5qi/r/pdIPHTJNbWnJoq","previousCounter":0,"rootKey":"89R1dd2EiWQWjAKfSoDxV79d8Lv778WD3EqofEWMdRc="},"indexInfo":{"baseKey":"BU7aXv2PtZMdNc2MGhbI1NXA5EoAd5mSmrEIK3tB1Mh4","baseKeyType":1,"closed":1746721111357,"used":1746721080247,"created":1746721080247,"remoteIdentityKey":"BcN73iILiLf2yeN5zti5L+RZAaeII7jsFjPrLEqtAiBm"},"_chains":{"BUuqd8dG3t9YjSVjxHouWlK5e2v13ooATJ/mtxpS4ztO":{"chainKey":{"counter":0,"key":"aDJW7RbPkX7KPRigkQEQQDkCIOP0iT4zS2K0WnVemEE="},"chainType":1,"messageKeys":{}}},"pendingPreKey":{"signedKeyId":25,"baseKey":"BU7aXv2PtZMdNc2MGhbI1NXA5EoAd5mSmrEIK3tB1Mh4","preKeyId":7572020}},"BaxHn/3oDFaNwl/rfROGvFg8iXPtuOtSJQW2RxaUnGxE":{"registrationId":97053375,"currentRatchet":{"ephemeralKeyPair":{"pubKey":"BTPVfzU9q7L84K1J1eGzakUFsNj/ejMNoAzhZRrtbP4D","privKey":"4GSNhTOAKZ/gsbUlcdNBgzixajxeiMmUqlrMKhnddFs="},"lastRemoteEphemeralKey":"BRclCSp5ASNqyTzdJlZ9YMRR5qi/r/pdIPHTJNbWnJoq","previousCounter":0,"rootKey":"srah53v8RogZUNqRBzcsg/JCONYC0epzF6kWMkoaQq0="},"indexInfo":{"baseKey":"BaxHn/3oDFaNwl/rfROGvFg8iXPtuOtSJQW2RxaUnGxE","baseKeyType":1,"closed":-1,"used":1746721111171,"created":1746721111171,"remoteIdentityKey":"BcN73iILiLf2yeN5zti5L+RZAaeII7jsFjPrLEqtAiBm"},"_chains":{"BTPVfzU9q7L84K1J1eGzakUFsNj/ejMNoAzhZRrtbP4D":{"chainKey":{"counter":2,"key":"GUQcHX52+wrtyA7c7lSXgJe+3AVJ8XRyZJjUDWCFOzQ="},"chainType":1,"messageKeys":{}}},"pendingPreKey":{"signedKeyId":25,"baseKey":"BaxHn/3oDFaNwl/rfROGvFg8iXPtuOtSJQW2RxaUnGxE","preKeyId":7571271}}},"version":"v1"}