{"_sessions":{"BXs9VASeDkVKuGhlh6sRrOt16BgPsvxLHyrhdLKatLBW":{"registrationId":116726189,"currentRatchet":{"ephemeralKeyPair":{"pubKey":"BaBRLiFTurvEWBIgTGOiigMS0Tq+Ls0b6ESIA9pI9jN/","privKey":"gFu2EQ/1WCwnKCOsW5jINscUVqIfxn3zSNcIZi6W1lo="},"lastRemoteEphemeralKey":"BVpgZNMFfwyuG6zVroQW5B86d4vdKyKiBwMr8a13XQ9S","previousCounter":0,"rootKey":"Tkcaj3Tjbkgt8hw5Enf2s7/q2f8A6V4yWWu3YB0hKPw="},"indexInfo":{"baseKey":"BXs9VASeDkVKuGhlh6sRrOt16BgPsvxLHyrhdLKatLBW","baseKeyType":1,"closed":1746721099197,"used":1746721068984,"created":1746721068984,"remoteIdentityKey":"BeYU7k+cA1andTZ0axLxvr7QvTz4Ohjz9mLRtLw6I9x0"},"_chains":{"BaBRLiFTurvEWBIgTGOiigMS0Tq+Ls0b6ESIA9pI9jN/":{"chainKey":{"counter":0,"key":"q6pu+arPy6fGq0YTqAJskW5t9i9YL/EIYFvZmgJ2dDk="},"chainType":1,"messageKeys":{}}},"pendingPreKey":{"signedKeyId":1,"baseKey":"BXs9VASeDkVKuGhlh6sRrOt16BgPsvxLHyrhdLKatLBW","preKeyId":213}},"BZG1ELnvzVFmX1DvOmNmK8xDhJi6ahX12ItzueQkuskA":{"registrationId":116726189,"currentRatchet":{"ephemeralKeyPair":{"pubKey":"BVkZUOWQNhOJ3uVcO11Z3xuNBV0TQXQqbGpohHnXm6UE","privKey":"OLHRxX1wxEMvJjbGWZzkXLDbMmT0A64ZusbSgXPzr0w="},"lastRemoteEphemeralKey":"BVpgZNMFfwyuG6zVroQW5B86d4vdKyKiBwMr8a13XQ9S","previousCounter":0,"rootKey":"qVArdgWjuZdvsNTfi6cNGOxrGf+92Hc2zeh5oK242ok="},"indexInfo":{"baseKey":"BZG1ELnvzVFmX1DvOmNmK8xDhJi6ahX12ItzueQkuskA","baseKeyType":1,"closed":-1,"used":1746721098663,"created":1746721098663,"remoteIdentityKey":"BeYU7k+cA1andTZ0axLxvr7QvTz4Ohjz9mLRtLw6I9x0"},"_chains":{"BVkZUOWQNhOJ3uVcO11Z3xuNBV0TQXQqbGpohHnXm6UE":{"chainKey":{"counter":2,"key":"iZ5Yf6+TtVygdZum6Mk2KRWhK+UKKaI4mVRchz0X96s="},"chainType":1,"messageKeys":{}}},"pendingPreKey":{"signedKeyId":1,"baseKey":"BZG1ELnvzVFmX1DvOmNmK8xDhJi6ahX12ItzueQkuskA","preKeyId":134}}},"version":"v1"}