{"_sessions":{"Bcc07LCfW+2G7GRuFSg6MP3sjsPrkv2BFi+9wAC8oxdn":{"registrationId":1625897875,"currentRatchet":{"ephemeralKeyPair":{"pubKey":"BR8UOiJae+TA98YlaSLuX5o29C5jcgcjwiRDb+i9ByoE","privKey":"MDNnm9j824Efc6bxWd2llSFcbUWBiVbfYROCvabaOXU="},"lastRemoteEphemeralKey":"BT+l2VdKAaUBkhJspIQTHQerhvEfOnP6ac6eJCwSs6F+","previousCounter":0,"rootKey":"tZyZ6sOmJYJQzw8JkXP5pFCDI7IutoiT1W7qBrWSZk0="},"indexInfo":{"baseKey":"Bcc07LCfW+2G7GRuFSg6MP3sjsPrkv2BFi+9wAC8oxdn","baseKeyType":1,"closed":-1,"used":1746714522115,"created":1746714522115,"remoteIdentityKey":"BdkkaCQ3kCIMMFLmPX4vGT/GrYX0sMP+L879ohbIKa0e"},"_chains":{"BR8UOiJae+TA98YlaSLuX5o29C5jcgcjwiRDb+i9ByoE":{"chainKey":{"counter":0,"key":"fFKJI93ASKHNNaVerk9W8ShIRf3oN2VB1HDE8QYpP+A="},"chainType":1,"messageKeys":{}}},"pendingPreKey":{"signedKeyId":3972416,"baseKey":"Bcc07LCfW+2G7GRuFSg6MP3sjsPrkv2BFi+9wAC8oxdn"}}},"version":"v1"}