{"_sessions":{"BZxgExMAy1sqwdG2uyETA2om/xTJIKDJdk573uO8JUoG":{"registrationId":1371493294,"currentRatchet":{"ephemeralKeyPair":{"pubKey":"BSwpp6FFcib2zxWXDTgm848oRGMg9On8T7R1ADWnZlMh","privKey":"KPROkcgpjJtR3X3+iQqPmjUk0nReXXh9qA+N25V0bVU="},"lastRemoteEphemeralKey":"BQkd7fpZA3LWNyQuvMg34Iihx0OBeHDPDmy6xAAZ6HV0","previousCounter":0,"rootKey":"5kaXAVoM3c2BjPoWbhoCHUwFSuXVTZ1Y7TpqLSXZ/08="},"indexInfo":{"baseKey":"BZxgExMAy1sqwdG2uyETA2om/xTJIKDJdk573uO8JUoG","baseKeyType":1,"closed":-1,"used":1746714525640,"created":1746714525640,"remoteIdentityKey":"BcAz1nJhIvuWbbTFwwwIozJd6lAL2aUrUrp2ZFre5G08"},"_chains":{"BSwpp6FFcib2zxWXDTgm848oRGMg9On8T7R1ADWnZlMh":{"chainKey":{"counter":0,"key":"ncbFjHLfZPGo2xjEqU1V2xpGR9SOKMGJyxK7DfFYm8Q="},"chainType":1,"messageKeys":{}}},"pendingPreKey":{"signedKeyId":3,"baseKey":"BZxgExMAy1sqwdG2uyETA2om/xTJIKDJdk573uO8JUoG","preKeyId":5479025}}},"version":"v1"}