{"_sessions":{"BU1z3SPKy/Po/JXIcOBkz+8PBt042wxnHXIdHoqG8Z8A":{"registrationId":1298258616,"currentRatchet":{"ephemeralKeyPair":{"pubKey":"BQg4cgQzZlLW2W7OirFDNzoLXba1XT3PyzIkIte1SbwW","privKey":"GIr0Yl03WDSTFQ2f0JPIs3SDA/MZSZcJ827DfN70Z3M="},"lastRemoteEphemeralKey":"BVPOi0sT6y9CVBN2AtY1q+VetMLio4QYfJhV3z2CYOAJ","previousCounter":0,"rootKey":"RVlTNDNr7EHHRJ/hgsxWUgLDoiNe7agUId/tPdPmC3E="},"indexInfo":{"baseKey":"BU1z3SPKy/Po/JXIcOBkz+8PBt042wxnHXIdHoqG8Z8A","baseKeyType":1,"closed":-1,"used":1746714536166,"created":1746714536166,"remoteIdentityKey":"BWxu3eixCNBtNrWZXftxVRQhy6lNed6vxvnbjcXh4tFQ"},"_chains":{"BQg4cgQzZlLW2W7OirFDNzoLXba1XT3PyzIkIte1SbwW":{"chainKey":{"counter":0,"key":"7W9DYWBDrrt+iRgoitmJRVXjuTuHfOu5LgMTw8cxPdY="},"chainType":1,"messageKeys":{}}},"pendingPreKey":{"signedKeyId":7,"baseKey":"BU1z3SPKy/Po/JXIcOBkz+8PBt042wxnHXIdHoqG8Z8A","preKeyId":15649272}}},"version":"v1"}