{"_sessions":{"BXQiqlYbHK7EAqKkY9NDYYmSyUNcOZkqhPGDPzTTwl0X":{"registrationId":931167885,"currentRatchet":{"ephemeralKeyPair":{"pubKey":"Baya7AyP98Ric8xkpYmqh70IRr7YMuPn+/YsseDrEUwp","privKey":"iFvuTWL1UM3C/WlRFF6oyiqQXzJk16Q4Hu9zNsd8DVY="},"lastRemoteEphemeralKey":"BUOjYLpKuXREItgqm90z2/9I8sN65e+FlriUw9DkhUZd","previousCounter":0,"rootKey":"N/dDOe0lNkD3ad/DgAyNpcGHrmhSF8qApDvaUkD4F5A="},"indexInfo":{"baseKey":"BXQiqlYbHK7EAqKkY9NDYYmSyUNcOZkqhPGDPzTTwl0X","baseKeyType":1,"closed":-1,"used":1746714532612,"created":1746714532612,"remoteIdentityKey":"BTBbJhlvYLnFF8UkLzyIkoMMxDZVH+SC+TvYDhWcWkwn"},"_chains":{"Baya7AyP98Ric8xkpYmqh70IRr7YMuPn+/YsseDrEUwp":{"chainKey":{"counter":0,"key":"AXYcHk6ypw0Zks9dJUu16EnAO3hYZu8uYr52jN4KdmI="},"chainType":1,"messageKeys":{}}},"pendingPreKey":{"signedKeyId":1,"baseKey":"BXQiqlYbHK7EAqKkY9NDYYmSyUNcOZkqhPGDPzTTwl0X","preKeyId":15484841}}},"version":"v1"}