{"_sessions":{"Bf+XgC51meJ5LHSZWnWzm/DsSxHYlt0TEoaQi8TiW5ga":{"registrationId":29062881,"currentRatchet":{"ephemeralKeyPair":{"pubKey":"BfuaA8PE+DACrnM+y+JSPMUG6j4I35KiUnKJEUazosB7","privKey":"0Mo8cVelThFRojctNHOA4KFt2eqhdowRm/hSlAlJBHQ="},"lastRemoteEphemeralKey":"BUko07siXpOJw6IKvKr76AqFoa9URwbBcSfoHL3JK59T","previousCounter":0,"rootKey":"fAydzEqQSoHt/KXRzy8ZVJ0nX7ebLFoyFIP22JTmEO4="},"indexInfo":{"baseKey":"Bf+XgC51meJ5LHSZWnWzm/DsSxHYlt0TEoaQi8TiW5ga","baseKeyType":1,"closed":-1,"used":1746714529355,"created":1746714529355,"remoteIdentityKey":"BS24P9afcV/7l/XJ6NgOUpenZ8jMAGkDwed6MDFeECEl"},"_chains":{"BfuaA8PE+DACrnM+y+JSPMUG6j4I35KiUnKJEUazosB7":{"chainKey":{"counter":0,"key":"vKBopoa41j2sTXXW3O8MhWn1s23eqgPYoal6luS4X1Y="},"chainType":1,"messageKeys":{}}},"pendingPreKey":{"signedKeyId":1,"baseKey":"Bf+XgC51meJ5LHSZWnWzm/DsSxHYlt0TEoaQi8TiW5ga","preKeyId":3173511}}},"version":"v1"}