{"_sessions":{"BYq9VQIFSvmyKQIHP+393cGqOzaWsHPeONgO7/hVu0lH":{"registrationId":1610774873,"currentRatchet":{"ephemeralKeyPair":{"pubKey":"BV5MmPuAvzUATwkHmacSStB4SXBtSwP5kwQUsKjBfFJ0","privKey":"8Ne8IC5rPSlkLI28m6MZXurWMbZldJqa4Of58UvnfGM="},"lastRemoteEphemeralKey":"BVVCpjujBKSgEjRPzMR8hVrJ0+O5uNz3kxRcFhbc2Q4x","previousCounter":0,"rootKey":"NCOrMj/hlRxikPL6aDdq/nZdoC6SerwalNH/KHE3TRI="},"indexInfo":{"baseKey":"BYq9VQIFSvmyKQIHP+393cGqOzaWsHPeONgO7/hVu0lH","baseKeyType":1,"closed":1746721099497,"used":1746721069286,"created":1746721069286,"remoteIdentityKey":"BZgr1Vq/jZMbNXuB3eAv51nD30Ai71Ymq9LCpIBpTlsK"},"_chains":{"BV5MmPuAvzUATwkHmacSStB4SXBtSwP5kwQUsKjBfFJ0":{"chainKey":{"counter":0,"key":"Dy4zTg834xucFXK9oE2ZBu9+NrXSn8NhD2ZRxOzvHJU="},"chainType":1,"messageKeys":{}}},"pendingPreKey":{"signedKeyId":1,"baseKey":"BYq9VQIFSvmyKQIHP+393cGqOzaWsHPeONgO7/hVu0lH","preKeyId":1696749}},"BYz1rZ/m9ceZsxYhgLnrAwOfd8l48/XGs+VCl0WuYRUR":{"registrationId":1610774873,"currentRatchet":{"ephemeralKeyPair":{"pubKey":"BeGOA75qFrcCi2TQmmNyPdviXtR5mmhrDOoTgyyDgtha","privKey":"6FW1cRVC9RiSIRgeOoHayfq6bWMwHjxlU6utcjk1Y3s="},"lastRemoteEphemeralKey":"BVVCpjujBKSgEjRPzMR8hVrJ0+O5uNz3kxRcFhbc2Q4x","previousCounter":0,"rootKey":"YB6gs4HwJhYRGW3ZgSsnN/v7KW162h7jREMwJMgt8xE="},"indexInfo":{"baseKey":"BYz1rZ/m9ceZsxYhgLnrAwOfd8l48/XGs+VCl0WuYRUR","baseKeyType":1,"closed":-1,"used":1746721098936,"created":1746721098936,"remoteIdentityKey":"BZgr1Vq/jZMbNXuB3eAv51nD30Ai71Ymq9LCpIBpTlsK"},"_chains":{"BeGOA75qFrcCi2TQmmNyPdviXtR5mmhrDOoTgyyDgtha":{"chainKey":{"counter":2,"key":"6zjl1QaFy2j0ZBjjERIvlSV2wVKcufkawQweg35gsiE="},"chainType":1,"messageKeys":{}}},"pendingPreKey":{"signedKeyId":1,"baseKey":"BYz1rZ/m9ceZsxYhgLnrAwOfd8l48/XGs+VCl0WuYRUR","preKeyId":1697092}}},"version":"v1"}