{"_sessions":{"BQSeGHqSJwTQfUdSxm4/WG9tL1vdU94mIwAZRJrWr/4K":{"registrationId":1512147387,"currentRatchet":{"ephemeralKeyPair":{"pubKey":"Ba9o91Kpk8GYA17ds4w1t+Vpcx3q68fLITXtLBj9p981","privKey":"6JG8J9rjRVJ6oB6v0o9Wqd4hMv9Pxq9eEe/fOThwDl4="},"lastRemoteEphemeralKey":"Ba3YncMbMbBDo5IxGACPf4JspSgc8AqRD1/YqfFfbdcq","previousCounter":0,"rootKey":"aLHo5Cyag10lQQaIcZBxuWo7iWwx1nEb9PrPKbayPtU="},"indexInfo":{"baseKey":"BQSeGHqSJwTQfUdSxm4/WG9tL1vdU94mIwAZRJrWr/4K","baseKeyType":1,"closed":-1,"used":1746714522227,"created":1746714522227,"remoteIdentityKey":"BRk14qgx+WOECC4jwbxU9hIIleHi7dJ+f5uiSXYJac9X"},"_chains":{"Ba9o91Kpk8GYA17ds4w1t+Vpcx3q68fLITXtLBj9p981":{"chainKey":{"counter":0,"key":"Az96ogSNuzmS7ixbL/N0wa+BE9JFvfwLNsYIWz1EfYY="},"chainType":1,"messageKeys":{}}},"pendingPreKey":{"signedKeyId":3,"baseKey":"BQSeGHqSJwTQfUdSxm4/WG9tL1vdU94mIwAZRJrWr/4K"}}},"version":"v1"}