{"_sessions":{"BXBUdJeG5A2IlbIM4Zqh0GGFWi6wJWWI66mn0wmB1ONh":{"registrationId":749815335,"currentRatchet":{"ephemeralKeyPair":{"pubKey":"BZT6f6FQ4WY9hvSTikn1Rytkb4pk6/s8VHSkCnqd08FH","privKey":"yJOe8h738YeX8zzthoeN/7TkG8SIV2Lu1/32IKzehUk="},"lastRemoteEphemeralKey":"BcbPDZuCm/ZLL5qc1xRs4oL1p9e8fOfdPHU/IFWHH+Rq","previousCounter":0,"rootKey":"c9XrjpGLldts0IPCOBDTi3EmjsAcGJ0HWmLLhL4gAzc="},"indexInfo":{"baseKey":"BXBUdJeG5A2IlbIM4Zqh0GGFWi6wJWWI66mn0wmB1ONh","baseKeyType":1,"closed":-1,"used":1746714536219,"created":1746714536219,"remoteIdentityKey":"BeHnGVwfXgcpXociEZFBnql4MP7LIeLb/Oa4/TMd+boh"},"_chains":{"BZT6f6FQ4WY9hvSTikn1Rytkb4pk6/s8VHSkCnqd08FH":{"chainKey":{"counter":0,"key":"W4QH7L6FXGfrCCOlCV9n6Nnlq10rmUqvCgZM6y8XOx0="},"chainType":1,"messageKeys":{}}},"pendingPreKey":{"signedKeyId":1,"baseKey":"BXBUdJeG5A2IlbIM4Zqh0GGFWi6wJWWI66mn0wmB1ONh","preKeyId":5142924}}},"version":"v1"}