{"_sessions":{"BfjIkRrGTiOZGV5rSzM3AgvoacoqS87l45RTqJdfJ+Z5":{"registrationId":311923782,"currentRatchet":{"ephemeralKeyPair":{"pubKey":"BdXnFGFIs8LLByWfT+c2B0fboZLBjoR1CUP5TRkcf/AK","privKey":"UPAVslrjsDvTtG7nKiTGqDe7uoWnV/c3x/yyZ/lSKEI="},"lastRemoteEphemeralKey":"BevxDbpBcQehU0fi1k9PJi1PNXdBbkC5JVGLDD9sWMwj","previousCounter":0,"rootKey":"tLbJpssy4lV74sdUiNDfzf89/huNjJNVPP/ndUznbMY="},"indexInfo":{"baseKey":"BfjIkRrGTiOZGV5rSzM3AgvoacoqS87l45RTqJdfJ+Z5","baseKeyType":1,"closed":1746721104116,"used":1746721072970,"created":1746721072970,"remoteIdentityKey":"BTNl2T2Mg8BbTsRpK7NCWUe/jyljpenfyM/xdgTGgnwD"},"_chains":{"BdXnFGFIs8LLByWfT+c2B0fboZLBjoR1CUP5TRkcf/AK":{"chainKey":{"counter":0,"key":"PRn0s529iTzPAHqnDjwWM/8UUQy/kLPpPVOnDMkoCM8="},"chainType":1,"messageKeys":{}}},"pendingPreKey":{"signedKeyId":13,"baseKey":"BfjIkRrGTiOZGV5rSzM3AgvoacoqS87l45RTqJdfJ+Z5","preKeyId":10352126}},"BRve3XANrJ8mr2egW6g3hQ7fdDczKeadA1pBwidxQeUM":{"registrationId":311923782,"currentRatchet":{"ephemeralKeyPair":{"pubKey":"BVcx8StpfjEg4sYkR5JVxiv8xVJ3FxYt41Gl1GhMViUs","privKey":"cPpmOXxj/MlZlYI1IObZ1Fx8OSOKfuJAW34cvT0ep2U="},"lastRemoteEphemeralKey":"BevxDbpBcQehU0fi1k9PJi1PNXdBbkC5JVGLDD9sWMwj","previousCounter":0,"rootKey":"tdjlcsCUnP4+CN/NvcavHPoPmEcIHynC6E+IJjiAyFI="},"indexInfo":{"baseKey":"BRve3XANrJ8mr2egW6g3hQ7fdDczKeadA1pBwidxQeUM","baseKeyType":1,"closed":-1,"used":1746721103890,"created":1746721103890,"remoteIdentityKey":"BTNl2T2Mg8BbTsRpK7NCWUe/jyljpenfyM/xdgTGgnwD"},"_chains":{"BVcx8StpfjEg4sYkR5JVxiv8xVJ3FxYt41Gl1GhMViUs":{"chainKey":{"counter":2,"key":"MOt23KZTVueOzAMuqSy+yDBdqkNXfCCOZ/MrDw9P66M="},"chainType":1,"messageKeys":{}}},"pendingPreKey":{"signedKeyId":13,"baseKey":"BRve3XANrJ8mr2egW6g3hQ7fdDczKeadA1pBwidxQeUM","preKeyId":10352051}}},"version":"v1"}