{"_sessions":{"BYMtyph4qA32PAmvIbvoNUuE3b/6cVe0vgJiEDdv4y0h":{"registrationId":275067149,"currentRatchet":{"ephemeralKeyPair":{"pubKey":"BZokysrV3KAdlRsqS2I6luDM+zJnwl5McsmIRckywklj","privKey":"ANQPnUoTcG0hKdQJVnIPvYl8iY4Afl7wWRLGii4y0kA="},"lastRemoteEphemeralKey":"BYdewtWrL20vFaKkd4hirNcIAdqBWicztFwOrAYuMM5a","previousCounter":0,"rootKey":"Y76yFKMLka8PllKtjoxxYKmi58L/Y02wJ9HZH8SuC5U="},"indexInfo":{"baseKey":"BYMtyph4qA32PAmvIbvoNUuE3b/6cVe0vgJiEDdv4y0h","baseKeyType":1,"closed":1746721107822,"used":1746721076000,"created":1746721076000,"remoteIdentityKey":"Bf1I+skNcOZgsE5HltM5CvW5xuwKujrhbLwvKeL/+3c7"},"_chains":{"BZokysrV3KAdlRsqS2I6luDM+zJnwl5McsmIRckywklj":{"chainKey":{"counter":0,"key":"1ICvILyRE7D0X3nqKOt3RYNI3ss1p6G7/NO1sBZCls8="},"chainType":1,"messageKeys":{}}},"pendingPreKey":{"signedKeyId":3,"baseKey":"BYMtyph4qA32PAmvIbvoNUuE3b/6cVe0vgJiEDdv4y0h"}},"BVcWkWRZZ4QWQtRqKJr371WRVV1exmJX1GxgPtVazdkZ":{"registrationId":275067149,"currentRatchet":{"ephemeralKeyPair":{"pubKey":"BYNKnWK60Ydovv2DtFbuBeifnxC3gaqHOznqnh4LNAte","privKey":"EJl7CGzjg+FS4HJwpXj8mBbApFVgLrORF5sD56cJT3U="},"lastRemoteEphemeralKey":"BYdewtWrL20vFaKkd4hirNcIAdqBWicztFwOrAYuMM5a","previousCounter":0,"rootKey":"eIrk3YjPxYFmcd5GkS5kEdIxynGS1UgqJ6Y1OfsP4Rc="},"indexInfo":{"baseKey":"BVcWkWRZZ4QWQtRqKJr371WRVV1exmJX1GxgPtVazdkZ","baseKeyType":1,"closed":-1,"used":1746721107550,"created":1746721107550,"remoteIdentityKey":"Bf1I+skNcOZgsE5HltM5CvW5xuwKujrhbLwvKeL/+3c7"},"_chains":{"BYNKnWK60Ydovv2DtFbuBeifnxC3gaqHOznqnh4LNAte":{"chainKey":{"counter":2,"key":"e8+XC2y32jkd2+biBgSBf1f8WJ7JrAg2/KeqhjlYcf4="},"chainType":1,"messageKeys":{}}},"pendingPreKey":{"signedKeyId":3,"baseKey":"BVcWkWRZZ4QWQtRqKJr371WRVV1exmJX1GxgPtVazdkZ"}}},"version":"v1"}