{"_sessions":{"BRly42rt8J05VsiGtgy90k2AQxom9TDkZkGKPNS7p7EX":{"registrationId":1998137281,"currentRatchet":{"ephemeralKeyPair":{"pubKey":"BWTxM40jpkpC7V48iQEwRTzke+IAjv52HuE8N+EFrvFO","privKey":"2C7okTovju63cl/7PJMBFPIgOpo88VtBE6XnnSos5VE="},"lastRemoteEphemeralKey":"BYuhXTyO3zo6DPrWhRhXIeZ/xq83QCNmynYeFSU+zR4r","previousCounter":0,"rootKey":"4C7cZ2tP7gqNsS5sbvDRM78s5i/TwQF18f47dG/fjf4="},"indexInfo":{"baseKey":"BRly42rt8J05VsiGtgy90k2AQxom9TDkZkGKPNS7p7EX","baseKeyType":1,"closed":-1,"used":1746714522203,"created":1746714522203,"remoteIdentityKey":"Bc0pBaX0tpadgnC3G6U1eaTsyeGzRY8YnE4mYJCHHXYp"},"_chains":{"BWTxM40jpkpC7V48iQEwRTzke+IAjv52HuE8N+EFrvFO":{"chainKey":{"counter":0,"key":"xZkaK4UezXTGEbLP/iW94U8/RkLcuFfvEq9gUjbH91I="},"chainType":1,"messageKeys":{}}},"pendingPreKey":{"signedKeyId":1,"baseKey":"BRly42rt8J05VsiGtgy90k2AQxom9TDkZkGKPNS7p7EX"}}},"version":"v1"}