{"_sessions":{"BRWvbteW2W2SlZTI8ijyq2WpzK5+yS7Ktw7R76SPY3kB":{"registrationId":1308355544,"currentRatchet":{"ephemeralKeyPair":{"pubKey":"BXW4tB6YoU/1gVWSS6mnyuNvNsw7xyF9D2gQrDPcLYkg","privKey":"WJifxiDMOckaMxbu+VvEvsImPrT5X03B6oSFuipEtHk="},"lastRemoteEphemeralKey":"BWyJix9LzLmKtGJdHuf9kSI7WxqQ54vG9sDSO2yh1F4+","previousCounter":0,"rootKey":"adhxvfOmMDd4ojyz9JsdwMZ+Xk1u1CmiqtTpP2n2/c4="},"indexInfo":{"baseKey":"BRWvbteW2W2SlZTI8ijyq2WpzK5+yS7Ktw7R76SPY3kB","baseKeyType":1,"closed":-1,"used":1746714532837,"created":1746714532837,"remoteIdentityKey":"BelLkzWTtG179Oswrg17Gq6VLHE+ki4+cFX4Y08SI3AS"},"_chains":{"BXW4tB6YoU/1gVWSS6mnyuNvNsw7xyF9D2gQrDPcLYkg":{"chainKey":{"counter":0,"key":"vIajAeoY02ucoh0BGnDGojhQdyUlR0seehpvwoEbcho="},"chainType":1,"messageKeys":{}}},"pendingPreKey":{"signedKeyId":13,"baseKey":"BRWvbteW2W2SlZTI8ijyq2WpzK5+yS7Ktw7R76SPY3kB"}}},"version":"v1"}