{"_sessions":{"BbvL/l1jK/EdrnrBttClgYXz6ROXQUK7lsBjIEJ694IO":{"registrationId":1947196228,"currentRatchet":{"ephemeralKeyPair":{"pubKey":"BW2VKnsD2IRNKwlGLpS3YoP6uTrde5BUfVx+6aaWpOJL","privKey":"wI0qb2O4hJ0JpyexVqUrGu25UeTuu8xRuZtvf7vcNlQ="},"lastRemoteEphemeralKey":"BSJTpzlk3fU3AetuLouUHbgQgaN4DqujKWOWuorB+R8L","previousCounter":0,"rootKey":"lKMOxomN/hykRGisa5CVz8F60pUDiI2mUMpMkE+MZZs="},"indexInfo":{"baseKey":"BbvL/l1jK/EdrnrBttClgYXz6ROXQUK7lsBjIEJ694IO","baseKeyType":1,"closed":-1,"used":1746714522406,"created":1746714522406,"remoteIdentityKey":"BXfTlJiTRAmT0MjQ+goJxqn23O34efS2ZM1rxrpG5qxD"},"_chains":{"BW2VKnsD2IRNKwlGLpS3YoP6uTrde5BUfVx+6aaWpOJL":{"chainKey":{"counter":0,"key":"X18F1ZHek7njvS7Lrof5jDqCJPxMWEVDiNUleoBH1Hc="},"chainType":1,"messageKeys":{}}},"pendingPreKey":{"signedKeyId":2,"baseKey":"BbvL/l1jK/EdrnrBttClgYXz6ROXQUK7lsBjIEJ694IO","preKeyId":12088333}}},"version":"v1"}