{"_sessions":{"BavPlDnPQkTlEgLJT7+JCoDERibG/DJK9Q02naRu6SNW":{"registrationId":1486115000,"currentRatchet":{"ephemeralKeyPair":{"pubKey":"BS94EAQWz1vm+CQ/FHkW0b+diuVjYAQ3PcocgDx8xV0X","privKey":"6EnuS6ZHXJQPRX9sOAheED0/IsfnyfmdJqLefcKBOkA="},"lastRemoteEphemeralKey":"BV31FIV1DJwUBo8tUZe0xtZoKZYmcq1Otbc/KHKiLQ1P","previousCounter":0,"rootKey":"WPEgEN7WGSTGvyTLWXTkmzKkzeucmiPn1eljjZXhX1w="},"indexInfo":{"baseKey":"BavPlDnPQkTlEgLJT7+JCoDERibG/DJK9Q02naRu6SNW","baseKeyType":1,"closed":-1,"used":1746714525518,"created":1746714525518,"remoteIdentityKey":"BY/Mo8wXieo4VMJasvWCJjsW1iIXbz7vTuOhYHjQcYFa"},"_chains":{"BS94EAQWz1vm+CQ/FHkW0b+diuVjYAQ3PcocgDx8xV0X":{"chainKey":{"counter":0,"key":"CLvXput2wCERUVT8hz/hXQt5jYjjI51qKLsicAoBZmA="},"chainType":1,"messageKeys":{}}},"pendingPreKey":{"signedKeyId":10,"baseKey":"BavPlDnPQkTlEgLJT7+JCoDERibG/DJK9Q02naRu6SNW","preKeyId":6403163}}},"version":"v1"}