{"_sessions":{"BdMGGrTXPiGBLWvRqmrOUWqaQWuT4ghxPMi43L0FVbNE":{"registrationId":661743525,"currentRatchet":{"ephemeralKeyPair":{"pubKey":"BUe9W9tqi17S0SIFPAGbxVOXAeT/SyqR40TWGbtAkhom","privKey":"gK2Pb0mWK9k/PRtyy5X/RPyYnEGPhwdRHYAJeHJMM1Q="},"lastRemoteEphemeralKey":"Bcc9X8CNIkAdqnA8sVXyzIUrFME/x7WvQ5V5wmh/IVlZ","previousCounter":0,"rootKey":"N3c+ZClalqVQYMQCquEzBuZyBtfCfSuJ4ksfzcgT+j0="},"indexInfo":{"baseKey":"BdMGGrTXPiGBLWvRqmrOUWqaQWuT4ghxPMi43L0FVbNE","baseKeyType":1,"closed":1746721103927,"used":1746721072453,"created":1746721072453,"remoteIdentityKey":"BYf8jKB1faAdMc6AWNmi5e5t9XJwVcpBj/EBl3TgjHpk"},"_chains":{"BUe9W9tqi17S0SIFPAGbxVOXAeT/SyqR40TWGbtAkhom":{"chainKey":{"counter":0,"key":"LmPgyq1Xa4PL3XrXFXf2JEyZRDMcc7a+k7kCclGxB6I="},"chainType":1,"messageKeys":{}}},"pendingPreKey":{"signedKeyId":0,"baseKey":"BdMGGrTXPiGBLWvRqmrOUWqaQWuT4ghxPMi43L0FVbNE","preKeyId":5949530}},"BXaoKTVzA/wthPyQwD33cDYrvjjKN2BigKa4es9+rJRz":{"registrationId":661743525,"currentRatchet":{"ephemeralKeyPair":{"pubKey":"BRv0A5QFaStXI0dJfGvTjiEtPsCHhjgEy1GiWBca3SNy","privKey":"ME88eHtyG1N7/YqDbYGwDv49F3ukDFUuTU0c36SAHkI="},"lastRemoteEphemeralKey":"Bcc9X8CNIkAdqnA8sVXyzIUrFME/x7WvQ5V5wmh/IVlZ","previousCounter":0,"rootKey":"wlIMIU1ctFK8kT5wC6mg4vpultE5yXl8+lkmJ+eorB8="},"indexInfo":{"baseKey":"BXaoKTVzA/wthPyQwD33cDYrvjjKN2BigKa4es9+rJRz","baseKeyType":1,"closed":-1,"used":1746721103303,"created":1746721103303,"remoteIdentityKey":"BYf8jKB1faAdMc6AWNmi5e5t9XJwVcpBj/EBl3TgjHpk"},"_chains":{"BRv0A5QFaStXI0dJfGvTjiEtPsCHhjgEy1GiWBca3SNy":{"chainKey":{"counter":2,"key":"Lmo1lHh0ySUl3Kx0Q88RTUJdzaYQKn1/XZR4gTEFzM0="},"chainType":1,"messageKeys":{}}},"pendingPreKey":{"signedKeyId":0,"baseKey":"BXaoKTVzA/wthPyQwD33cDYrvjjKN2BigKa4es9+rJRz","preKeyId":5950450}}},"version":"v1"}