{"_sessions":{"BYKpmEcfKFcJ1UqAyoojbGS3P+yOdl3yUcaizewjZTkj":{"registrationId":638995211,"currentRatchet":{"ephemeralKeyPair":{"pubKey":"Ba8BPswhJ7axTwYzzPCoK0uZWg3Kh98+4irTEblfQI0h","privKey":"cJZWZtTVkR4FR7GrGSH229iyMVrPMwtIYSklsfhDa3U="},"lastRemoteEphemeralKey":"BWkqprC0EppIDIWDq2KbcMA/c0sfZHINYGoXj40BEjgv","previousCounter":0,"rootKey":"8e6XlNx/k3nSjoR758ofMMbzFRqms6/0p7HKXv5cDdk="},"indexInfo":{"baseKey":"BYKpmEcfKFcJ1UqAyoojbGS3P+yOdl3yUcaizewjZTkj","baseKeyType":1,"closed":-1,"used":1746714529271,"created":1746714529271,"remoteIdentityKey":"BWp8MQtzrXXulg2bwj05inFRL51zOBvcC5wED5SAV8AF"},"_chains":{"Ba8BPswhJ7axTwYzzPCoK0uZWg3Kh98+4irTEblfQI0h":{"chainKey":{"counter":0,"key":"egxrmupKjXjG+u7c6zEev0JcYZQ1Q0P32AtuXapherk="},"chainType":1,"messageKeys":{}}},"pendingPreKey":{"signedKeyId":5,"baseKey":"BYKpmEcfKFcJ1UqAyoojbGS3P+yOdl3yUcaizewjZTkj","preKeyId":10991716}}},"version":"v1"}