{"_sessions":{"BQuylSfd4jJfkhtMLosBTYp/XF/Kon3/eq5kWx/Z6xEd":{"registrationId":2109423849,"currentRatchet":{"ephemeralKeyPair":{"pubKey":"BavdYE5yEY87d1FP9JJtxT8P1LL0DxLUC293epkUjdwR","privKey":"cPCUrM64aAhsnAjO/T+XZ3tNwjaP1b1zlWNZDckOi2g="},"lastRemoteEphemeralKey":"BZLGAHAn9Sah5bmiipGS48sTnfc2ZnxAYXwtW0iXXBk5","previousCounter":0,"rootKey":"ZXvVAIWxIcECYJkGrSNJcehh3HvniZZxXv1Og3XE26s="},"indexInfo":{"baseKey":"BQuylSfd4jJfkhtMLosBTYp/XF/Kon3/eq5kWx/Z6xEd","baseKeyType":1,"closed":1746721099333,"used":1746721069130,"created":1746721069130,"remoteIdentityKey":"BY3/NEI24QxpQO+mv8rWtRhJpSzfYEHluyl33ajoAiYG"},"_chains":{"BavdYE5yEY87d1FP9JJtxT8P1LL0DxLUC293epkUjdwR":{"chainKey":{"counter":0,"key":"Br9RUPn/3sQKvWBM/6YMWgLrzak1foxu71IVdwX3s5k="},"chainType":1,"messageKeys":{}}},"pendingPreKey":{"signedKeyId":0,"baseKey":"BQuylSfd4jJfkhtMLosBTYp/XF/Kon3/eq5kWx/Z6xEd","preKeyId":10807497}},"BfknHut1dLpKOEnFp1W4UARjhvjL00cK16NvFAxsyB0w":{"registrationId":2109423849,"currentRatchet":{"ephemeralKeyPair":{"pubKey":"BbkffOjUGIL92lalbJCxPI/cJ0btMDtENmJXSgmX9hw1","privKey":"0BWi+TM5oQhSYX/UQrapCh8pIKsPxcHa2MRVcYN1MmI="},"lastRemoteEphemeralKey":"BZLGAHAn9Sah5bmiipGS48sTnfc2ZnxAYXwtW0iXXBk5","previousCounter":0,"rootKey":"WnJnh6D2PTqI1Xppc4C3PI2Rl367qTRmBSwic0i3+xc="},"indexInfo":{"baseKey":"BfknHut1dLpKOEnFp1W4UARjhvjL00cK16NvFAxsyB0w","baseKeyType":1,"closed":-1,"used":1746721098785,"created":1746721098785,"remoteIdentityKey":"BY3/NEI24QxpQO+mv8rWtRhJpSzfYEHluyl33ajoAiYG"},"_chains":{"BbkffOjUGIL92lalbJCxPI/cJ0btMDtENmJXSgmX9hw1":{"chainKey":{"counter":2,"key":"oTRnsaxhbNbQoWStJ2wbiW1fe3c6Hw/eEpjTGLfGBJA="},"chainType":1,"messageKeys":{}}},"pendingPreKey":{"signedKeyId":0,"baseKey":"BfknHut1dLpKOEnFp1W4UARjhvjL00cK16NvFAxsyB0w","preKeyId":10807514}}},"version":"v1"}