{"_sessions":{"BTJ8z6HjeE18gYPxdeG2e1tk2XKuB9+m1BDq2Un7UBtR":{"registrationId":449756967,"currentRatchet":{"ephemeralKeyPair":{"pubKey":"BXpRqtmFCzjEOYStOZVFdfamUlso9fGvdPayAHsvfTQN","privKey":"iK/KTMPkcalUMS7J8cKIWCl7UwdLwiA6im9kBi6j1GQ="},"lastRemoteEphemeralKey":"BcGOziUnOe+UAl2uYJ506E1c6kbtu9AE9lM6jEagvJQn","previousCounter":0,"rootKey":"/joDjmomkU/N64XHUj10xPD+gOsvCcESXIZIa/CCBJ0="},"indexInfo":{"baseKey":"BTJ8z6HjeE18gYPxdeG2e1tk2XKuB9+m1BDq2Un7UBtR","baseKeyType":1,"closed":1746721099116,"used":1746721068857,"created":1746721068857,"remoteIdentityKey":"BSoaUzjp2lr84PF9TX4fBXJ7JLNqDcNRqM7Hj8+4GTAf"},"_chains":{"BXpRqtmFCzjEOYStOZVFdfamUlso9fGvdPayAHsvfTQN":{"chainKey":{"counter":0,"key":"RgkvEKFAyJEPLgIYQelA5iE/3O1q6ahYNLQVeqJS2Ys="},"chainType":1,"messageKeys":{}}},"pendingPreKey":{"signedKeyId":1,"baseKey":"BTJ8z6HjeE18gYPxdeG2e1tk2XKuB9+m1BDq2Un7UBtR"}},"BYzd1qLHtsSXa4NntZ+AJlR66SUodaxVNK5wZ2KM4CVQ":{"registrationId":449756967,"currentRatchet":{"ephemeralKeyPair":{"pubKey":"BRe98Tcpb8Q58DQK+zkJEpzfjJlHD4fzOCZ3dN4khOVO","privKey":"sM80AKm/YsR0N+qyUK7FHK6fl3n8Py81in8wWxONan4="},"lastRemoteEphemeralKey":"BcGOziUnOe+UAl2uYJ506E1c6kbtu9AE9lM6jEagvJQn","previousCounter":0,"rootKey":"FwoQvUbn+0hwVKdPZOygqw83S9DuE+PbSHdBsb6+7O0="},"indexInfo":{"baseKey":"BYzd1qLHtsSXa4NntZ+AJlR66SUodaxVNK5wZ2KM4CVQ","baseKeyType":1,"closed":-1,"used":1746721098558,"created":1746721098558,"remoteIdentityKey":"BSoaUzjp2lr84PF9TX4fBXJ7JLNqDcNRqM7Hj8+4GTAf"},"_chains":{"BRe98Tcpb8Q58DQK+zkJEpzfjJlHD4fzOCZ3dN4khOVO":{"chainKey":{"counter":2,"key":"bOry1q/ou62Am8GpwmXwhMSorafq5yI0wjnQlch8rlo="},"chainType":1,"messageKeys":{}}},"pendingPreKey":{"signedKeyId":1,"baseKey":"BYzd1qLHtsSXa4NntZ+AJlR66SUodaxVNK5wZ2KM4CVQ"}}},"version":"v1"}