{"_sessions":{"BZsxmMCmQkON3oJHi2bdBm2nx2fUpqMNOqtPZ6HPnlUn":{"registrationId":852128226,"currentRatchet":{"ephemeralKeyPair":{"pubKey":"BZqLOf2hKU8nSWe7mNrFP/fzcbCutjLjItXrM3jtussV","privKey":"8OernyXldBQXyHWUHpQxzPLlppMhf1dshmOt1o1Hn2Q="},"lastRemoteEphemeralKey":"BXrTvg4m3kZUJGPaeHiJopOh6sV530HxhD9/P5WbFu9K","previousCounter":0,"rootKey":"xb2k2QdXFFhWCuoisp6vbQ0MZc63QuToq1H6YB+7TKU="},"indexInfo":{"baseKey":"BZsxmMCmQkON3oJHi2bdBm2nx2fUpqMNOqtPZ6HPnlUn","baseKeyType":1,"closed":-1,"used":1746714543324,"created":1746714543324,"remoteIdentityKey":"BRtda0cOnQxUZ6DJT35vX9i57pMGXrCvVvUOHxEzt6kt"},"_chains":{"BZqLOf2hKU8nSWe7mNrFP/fzcbCutjLjItXrM3jtussV":{"chainKey":{"counter":0,"key":"ORof5D6KMM8xNM03UUptXclk6oPMgEUgxj9enoQccq0="},"chainType":1,"messageKeys":{}}},"pendingPreKey":{"signedKeyId":5,"baseKey":"BZsxmMCmQkON3oJHi2bdBm2nx2fUpqMNOqtPZ6HPnlUn","preKeyId":15781419}}},"version":"v1"}