{"_sessions":{"Ba4dYZZzCdFZqsRaCr9uRhyqT9EUdXJRiauvVNUpzndm":{"registrationId":178751230,"currentRatchet":{"ephemeralKeyPair":{"pubKey":"BYn4Ft6qIobL7qTI81fDuMQrqbc0m7M+K1UKNYlwYqs7","privKey":"gBCorGok1C6i6cqdZNH8BdID2kwXJWAvedO8yycuR0Q="},"lastRemoteEphemeralKey":"BYBTzm1f4WzkGv9QwthuLd9gBlUAkBhZwj96ApwsM3V3","previousCounter":0,"rootKey":"8nwAMD7PZroBNN+Wh5qGdTUU9ibdkeeDEwrVe9qPtqY="},"indexInfo":{"baseKey":"Ba4dYZZzCdFZqsRaCr9uRhyqT9EUdXJRiauvVNUpzndm","baseKeyType":1,"closed":-1,"used":1746714525686,"created":1746714525686,"remoteIdentityKey":"BdidjgcYHaHVCGoK/NQMwSeynMzqw4elPkvyGKiOuflh"},"_chains":{"BYn4Ft6qIobL7qTI81fDuMQrqbc0m7M+K1UKNYlwYqs7":{"chainKey":{"counter":0,"key":"vomLz8AH78LL0TJD85U/t3tJkjZhiQ8cqggbWduR9ao="},"chainType":1,"messageKeys":{}}},"pendingPreKey":{"signedKeyId":25,"baseKey":"Ba4dYZZzCdFZqsRaCr9uRhyqT9EUdXJRiauvVNUpzndm"}}},"version":"v1"}