{"_sessions":{"BY3EPclqgPhHEK8ptuP3xMMfFUXXZEGLe0vpyz3d2N1R":{"registrationId":549504817,"currentRatchet":{"ephemeralKeyPair":{"pubKey":"BTXXjK0OXUzahslUYeQ4FUBqLznMhXtxKfVfUmxW7IAY","privKey":"OKNDb+pxbEZPiNgENLNrsoXBvHndM3Zz4z11jt+hwHQ="},"lastRemoteEphemeralKey":"BRI/RIvWFkl9PU0Ui5AZofodW9spYBauakn7OFYlFqkT","previousCounter":0,"rootKey":"LJ4D7AzB5cgnb6IKudbtfw6abbSDfr0wTSsifz9AAxQ="},"indexInfo":{"baseKey":"BY3EPclqgPhHEK8ptuP3xMMfFUXXZEGLe0vpyz3d2N1R","baseKeyType":1,"closed":1746721118456,"used":1746721087057,"created":1746721087057,"remoteIdentityKey":"BeoDstEhge+yR+9MPn4i0VygKCn7z+Td8XsrMx15N+ka"},"_chains":{"BTXXjK0OXUzahslUYeQ4FUBqLznMhXtxKfVfUmxW7IAY":{"chainKey":{"counter":0,"key":"Krt5p2zZpUtn9KlJmxejyiT/gvlbpxKuIJznVQBaTQk="},"chainType":1,"messageKeys":{}}},"pendingPreKey":{"signedKeyId":3302349,"baseKey":"BY3EPclqgPhHEK8ptuP3xMMfFUXXZEGLe0vpyz3d2N1R","preKeyId":590}},"Bc6h/kt12DRkjdLc/RtDhMjFITk8bVmfeVLRCLasU/AP":{"registrationId":549504817,"currentRatchet":{"ephemeralKeyPair":{"pubKey":"BUMZ4XVKgiT0jqQS5qPLyqfT0vIyT+EOFzKLatAYEX9+","privKey":"KJlV7insisxgaYd6i7WbYTqyayMp7lzRCO2Qdm2wP2E="},"lastRemoteEphemeralKey":"BRI/RIvWFkl9PU0Ui5AZofodW9spYBauakn7OFYlFqkT","previousCounter":0,"rootKey":"H/7e5s6wrTc6tokyjRyxROv2p+U/brX38lgF3VnZoDA="},"indexInfo":{"baseKey":"Bc6h/kt12DRkjdLc/RtDhMjFITk8bVmfeVLRCLasU/AP","baseKeyType":1,"closed":-1,"used":1746721118028,"created":1746721118027,"remoteIdentityKey":"BeoDstEhge+yR+9MPn4i0VygKCn7z+Td8XsrMx15N+ka"},"_chains":{"BUMZ4XVKgiT0jqQS5qPLyqfT0vIyT+EOFzKLatAYEX9+":{"chainKey":{"counter":2,"key":"EUSwIovDbepCBQdnaTWwN76M4N66basZ/SIddWBsUZI="},"chainType":1,"messageKeys":{}}},"pendingPreKey":{"signedKeyId":3302349,"baseKey":"Bc6h/kt12DRkjdLc/RtDhMjFITk8bVmfeVLRCLasU/AP","preKeyId":143}}},"version":"v1"}