{"_sessions":{"BTTUPwnp7E0mhCwizD4uA6cr+0hUMBNgTdQaLAGBrWVg":{"registrationId":240358831,"currentRatchet":{"ephemeralKeyPair":{"pubKey":"BZ9/Evbn4v6B29yAry34oqj97WNDFn3OvDHJnZzmGp58","privKey":"GFFQFhRqjbC0i8cdyBUa3i59y2Urg2dh1mSKT6k+Y24="},"lastRemoteEphemeralKey":"BdUlPENAzTTesGZWKEKImqe0UJn+WtpwkvP7JB6njssB","previousCounter":0,"rootKey":"TX+fl5o/UhV7TMokFVZOzJhgLBdA3b14J6JBVSgXc04="},"indexInfo":{"baseKey":"BTTUPwnp7E0mhCwizD4uA6cr+0hUMBNgTdQaLAGBrWVg","baseKeyType":1,"closed":-1,"used":1746714529222,"created":1746714529222,"remoteIdentityKey":"BQSlhqs+HnpaLARv6oySc1msHZk9P3oM8+MQNKRKJ2xn"},"_chains":{"BZ9/Evbn4v6B29yAry34oqj97WNDFn3OvDHJnZzmGp58":{"chainKey":{"counter":0,"key":"luVf5/65WvPglSDayzyOyl4TVFvkSIrVnDY/dFcZGL4="},"chainType":1,"messageKeys":{}}},"pendingPreKey":{"signedKeyId":5,"baseKey":"BTTUPwnp7E0mhCwizD4uA6cr+0hUMBNgTdQaLAGBrWVg"}}},"version":"v1"}