{"_sessions":{"BcKkOKDy/KDK7zBCqUq1rb4yif68C2p4yHFMeqIptj5d":{"registrationId":3811808222,"currentRatchet":{"ephemeralKeyPair":{"pubKey":"BR+PLFasLu4OyCDlaaQEcvj7/UQarT2nZJyHhnNgDudd","privKey":"uKQ5/0kLolEuoxYD/0zfe5K1qW7OxozBvHsCzidn/WQ="},"lastRemoteEphemeralKey":"BRheXb7OJpAhV8degea4oenXDTfVRY4IFOzSVpi70gh5","previousCounter":0,"rootKey":"nzi3WseuGV5MW2DvRHGJ+5EvWHMuADAdp6nv499l1dY="},"indexInfo":{"baseKey":"BcKkOKDy/KDK7zBCqUq1rb4yif68C2p4yHFMeqIptj5d","baseKeyType":1,"closed":-1,"used":1746714522110,"created":1746714522110,"remoteIdentityKey":"BfzT5B16whCJiW5DAOWJj1EhW8ZO1ydNlX4hq0vc98N7"},"_chains":{"BR+PLFasLu4OyCDlaaQEcvj7/UQarT2nZJyHhnNgDudd":{"chainKey":{"counter":0,"key":"ilKsjepE2jrES7ryIIHxLkUOKMl1bB1M75Pl/d8L86I="},"chainType":1,"messageKeys":{}}},"pendingPreKey":{"signedKeyId":1,"baseKey":"BcKkOKDy/KDK7zBCqUq1rb4yif68C2p4yHFMeqIptj5d","preKeyId":34706}}},"version":"v1"}