{"_sessions":{"BXZxai/0We/TvSLvbSDXSVkTrdN6Hnf4ueNsdPTZlaQg":{"registrationId":813943352,"currentRatchet":{"ephemeralKeyPair":{"pubKey":"BToYrF0IeMXQHDhL/isF83n/RZ91UEgu42BF/1APPa0J","privKey":"aDFLMC6hpH4xMQazccFcUvrazW5exmC9GKKEAZ54L0M="},"lastRemoteEphemeralKey":"BeILD+87LzSw2iaVfq3Q5R6Wynd7TeBgv3sOuWnlUaFB","previousCounter":0,"rootKey":"Tp3cfZDzwhTlPGG7L+rHCsP/OmoKp4FWcpMro/2kZNM="},"indexInfo":{"baseKey":"BXZxai/0We/TvSLvbSDXSVkTrdN6Hnf4ueNsdPTZlaQg","baseKeyType":1,"closed":1746721107795,"used":1746721075904,"created":1746721075904,"remoteIdentityKey":"BX5X3UXexdAUv/n9K6VPlWEj2wkJCFqaqrGfneXW/vMo"},"_chains":{"BToYrF0IeMXQHDhL/isF83n/RZ91UEgu42BF/1APPa0J":{"chainKey":{"counter":0,"key":"vIijPJJOuGxbzBLaPA/Lt2QR4VXIcB4N7GCjib/DqOg="},"chainType":1,"messageKeys":{}}},"pendingPreKey":{"signedKeyId":4,"baseKey":"BXZxai/0We/TvSLvbSDXSVkTrdN6Hnf4ueNsdPTZlaQg","preKeyId":6786252}},"Bcnf6bYnautbPgOQtOFn3BurK4OIJMpWehkXgB1C3z1V":{"registrationId":813943352,"currentRatchet":{"ephemeralKeyPair":{"pubKey":"BU8x5PwFZGle9g+Xp0ijxpMbcMvCf/Eg7x4MAIdcqicY","privKey":"UAx3EqaP/2F+TWB8+R6ejXIB2ig12MzrxsAqPWqafVY="},"lastRemoteEphemeralKey":"BeILD+87LzSw2iaVfq3Q5R6Wynd7TeBgv3sOuWnlUaFB","previousCounter":0,"rootKey":"Vpcw4O9GBeudKP2dqEAr7m0n9kulEWfsBxgPmXArMcw="},"indexInfo":{"baseKey":"Bcnf6bYnautbPgOQtOFn3BurK4OIJMpWehkXgB1C3z1V","baseKeyType":1,"closed":-1,"used":1746721107467,"created":1746721107467,"remoteIdentityKey":"BX5X3UXexdAUv/n9K6VPlWEj2wkJCFqaqrGfneXW/vMo"},"_chains":{"BU8x5PwFZGle9g+Xp0ijxpMbcMvCf/Eg7x4MAIdcqicY":{"chainKey":{"counter":2,"key":"ZjhEZbcQV5sNVql5tWcGFengVFFz85QPKNJMfAlO1C0="},"chainType":1,"messageKeys":{}}},"pendingPreKey":{"signedKeyId":4,"baseKey":"Bcnf6bYnautbPgOQtOFn3BurK4OIJMpWehkXgB1C3z1V","preKeyId":6786514}}},"version":"v1"}