{"_sessions":{"Bfd55YA2t9sApBADrhyB6896zcZqUdnltdwHlM1Ltvth":{"registrationId":1013286060,"currentRatchet":{"ephemeralKeyPair":{"pubKey":"BQnka9J7MKgDOiU4LxWnqMYneNP0sLixnH6GwH7uFB4d","privKey":"MMypdfQmXmx00OZ+7semWErxAYa8lI75ziK+c4DD1Uk="},"lastRemoteEphemeralKey":"Bb0njzNry5+cVgl2DhMujwMiUpMjJxKa3CQcWIdKdGlC","previousCounter":0,"rootKey":"qPCjTMajt3roNnV4BjArPTaXHO1aRQIlkI6+jjSn3pE="},"indexInfo":{"baseKey":"Bfd55YA2t9sApBADrhyB6896zcZqUdnltdwHlM1Ltvth","baseKeyType":1,"closed":-1,"used":1746714529297,"created":1746714529297,"remoteIdentityKey":"BaS/+Wb5DXoC11Ch5MFYhLJxY4QE2Tz8t/NpkYQHJ8hv"},"_chains":{"BQnka9J7MKgDOiU4LxWnqMYneNP0sLixnH6GwH7uFB4d":{"chainKey":{"counter":0,"key":"wPtKM2I5/iIEEUuUN67xg4BasusQIspgA7pXsVE90DY="},"chainType":1,"messageKeys":{}}},"pendingPreKey":{"signedKeyId":13945079,"baseKey":"Bfd55YA2t9sApBADrhyB6896zcZqUdnltdwHlM1Ltvth"}}},"version":"v1"}