{"_sessions":{"BUBQ7/PON9oziACpdFmpA5cDK/iXNlkZqn0jVnY38UtE":{"registrationId":1901840587,"currentRatchet":{"ephemeralKeyPair":{"pubKey":"BRucGwkAxiXjb1ug0qgizn0f66ITXRsjxZWPy99Xbjxb","privKey":"GOcp95EBsDMvi9YlxY7TVFKAasnqZGqurfqzRUyJ10I="},"lastRemoteEphemeralKey":"BV79sqKxKOzzwypoPP6rfIZd5MSrWOUHSZd08/M1E0dB","previousCounter":0,"rootKey":"IWFI6bE7xhhye/bn2C+F8Y4ywGZzI6J5uD2DpPHB07o="},"indexInfo":{"baseKey":"BUBQ7/PON9oziACpdFmpA5cDK/iXNlkZqn0jVnY38UtE","baseKeyType":1,"closed":-1,"used":1746714536381,"created":1746714536381,"remoteIdentityKey":"BStb6y/BNbJbRB8U8SXkaAKDACE3OOCCcjGKVLpKVSQc"},"_chains":{"BRucGwkAxiXjb1ug0qgizn0f66ITXRsjxZWPy99Xbjxb":{"chainKey":{"counter":0,"key":"/Eauazs1vKbeJSkNp4Q4TDDqc0C+f5JFEY2EYh2io6M="},"chainType":1,"messageKeys":{}}},"pendingPreKey":{"signedKeyId":5,"baseKey":"BUBQ7/PON9oziACpdFmpA5cDK/iXNlkZqn0jVnY38UtE","preKeyId":16206386}}},"version":"v1"}