{"_sessions":{"Bdl+u4HvYJfv1AkNOPHOfCofUwUMnFqw1g3yT/eL2hY4":{"registrationId":461359867,"currentRatchet":{"ephemeralKeyPair":{"pubKey":"BT4yIoLSND1acjlk7a7dqtSlbd+RMyZjwhASORUzXyQc","privKey":"UNP+SMeeCdFllTiDimFik3Uu2lmyKRVGrkO5kwSOmVo="},"lastRemoteEphemeralKey":"BR3QQRrF43ux6Am27yx/BPCJVE5/weUORkq1IBRuak0J","previousCounter":0,"rootKey":"0fbFoNyK2MNWpR1HsCMHmg/YQv4dVCAyToHLmAsVFeA="},"indexInfo":{"baseKey":"Bdl+u4HvYJfv1AkNOPHOfCofUwUMnFqw1g3yT/eL2hY4","baseKeyType":1,"closed":1746721111346,"used":1746721080176,"created":1746721080176,"remoteIdentityKey":"BYGUlgPenqDMP9cHMPso2gLepOAVRRgT4i8gS0fNFX9Y"},"_chains":{"BT4yIoLSND1acjlk7a7dqtSlbd+RMyZjwhASORUzXyQc":{"chainKey":{"counter":0,"key":"R2/iLiYnPHZ1OF112gQUCIAqTFVQ6VvlEf82zdV5u6w="},"chainType":1,"messageKeys":{}}},"pendingPreKey":{"signedKeyId":3,"baseKey":"Bdl+u4HvYJfv1AkNOPHOfCofUwUMnFqw1g3yT/eL2hY4"}},"BYcjyyxDDP6ubfkwZHStT9RLWxXz8nYFeI3WNln/OyA1":{"registrationId":461359867,"currentRatchet":{"ephemeralKeyPair":{"pubKey":"BXMTHvkxc3gUQAd/ObliwDNvQOmIfhpD7/gMpxf11HxZ","privKey":"WLAPzX4IyxoGJ0eW37Xxv/jTt0V/bEEBfBPNW5thXXA="},"lastRemoteEphemeralKey":"BR3QQRrF43ux6Am27yx/BPCJVE5/weUORkq1IBRuak0J","previousCounter":0,"rootKey":"6aeuckg3l8pJRclgzDNNynF0pTOaPFI5RI0vGZ4MHjg="},"indexInfo":{"baseKey":"BYcjyyxDDP6ubfkwZHStT9RLWxXz8nYFeI3WNln/OyA1","baseKeyType":1,"closed":-1,"used":1746721111112,"created":1746721111112,"remoteIdentityKey":"BYGUlgPenqDMP9cHMPso2gLepOAVRRgT4i8gS0fNFX9Y"},"_chains":{"BXMTHvkxc3gUQAd/ObliwDNvQOmIfhpD7/gMpxf11HxZ":{"chainKey":{"counter":2,"key":"EgPpK8Mv6VFpCHQriKimQsRjYfjPwA0UdZ2cRmY/GFQ="},"chainType":1,"messageKeys":{}}},"pendingPreKey":{"signedKeyId":3,"baseKey":"BYcjyyxDDP6ubfkwZHStT9RLWxXz8nYFeI3WNln/OyA1"}}},"version":"v1"}