{"_sessions":{"BblCUf/mp7TGqPKk/UAzPZA4X+Y5ePzwJmFWUTExOMc0":{"registrationId":1616708653,"currentRatchet":{"ephemeralKeyPair":{"pubKey":"BT6CB7Se6QSirxrNrxrJySKd+MAUIfygKrh6TK9VUCgu","privKey":"GAD2pL0uNL1VxqOrkPs78i/y29YGVxxJitVnVxPm2WM="},"lastRemoteEphemeralKey":"BY8OEQcMFQo1dJh2bjC7nRH4Z0dbCRHAS7UXyZ5xVnlM","previousCounter":0,"rootKey":"P/v+zcTDyoLJlE54Q9WvyZZVV6OJGEzTiMCBSJGqXG4="},"indexInfo":{"baseKey":"BblCUf/mp7TGqPKk/UAzPZA4X+Y5ePzwJmFWUTExOMc0","baseKeyType":1,"closed":1746721114774,"used":1746721083740,"created":1746721083740,"remoteIdentityKey":"BSJNiMkJhwqOo6YXmeS3vnFldCXUHHCqVAD7KrW8bT41"},"_chains":{"BT6CB7Se6QSirxrNrxrJySKd+MAUIfygKrh6TK9VUCgu":{"chainKey":{"counter":0,"key":"7+RupiTXFFbJJmfCWj4QY1LxgKSBIw5MxWb3N8to1v0="},"chainType":1,"messageKeys":{}}},"pendingPreKey":{"signedKeyId":9021274,"baseKey":"BblCUf/mp7TGqPKk/UAzPZA4X+Y5ePzwJmFWUTExOMc0","preKeyId":5767}},"BdNioJtq6fyA5dQ30GC3gS2Jy26gE3MB6pz7ssRHKPI0":{"registrationId":1616708653,"currentRatchet":{"ephemeralKeyPair":{"pubKey":"BXRk9orpWinozrfmSq/jxtnfAVEkYW6hc4n5gcZnmwg/","privKey":"YJFw5DebaeUr7WQKp9nfoR84SyyctNsPZOb3P+7tdFo="},"lastRemoteEphemeralKey":"BY8OEQcMFQo1dJh2bjC7nRH4Z0dbCRHAS7UXyZ5xVnlM","previousCounter":0,"rootKey":"7qLmEkypbGaImct+DegiWEjn5DpMT2aV5IGeuxuJr0E="},"indexInfo":{"baseKey":"BdNioJtq6fyA5dQ30GC3gS2Jy26gE3MB6pz7ssRHKPI0","baseKeyType":1,"closed":-1,"used":1746721114522,"created":1746721114522,"remoteIdentityKey":"BSJNiMkJhwqOo6YXmeS3vnFldCXUHHCqVAD7KrW8bT41"},"_chains":{"BXRk9orpWinozrfmSq/jxtnfAVEkYW6hc4n5gcZnmwg/":{"chainKey":{"counter":2,"key":"zVeNSQSiy+v9zKTxoPt464/33RiI9pNVsuvKYp7iiTE="},"chainType":1,"messageKeys":{}}},"pendingPreKey":{"signedKeyId":9021274,"baseKey":"BdNioJtq6fyA5dQ30GC3gS2Jy26gE3MB6pz7ssRHKPI0","preKeyId":5841}}},"version":"v1"}