{"_sessions":{"BYhU+RcEv2f3f0NiAkaJdidYzJhNkBIJDvljFK0pzAsD":{"registrationId":13344,"currentRatchet":{"ephemeralKeyPair":{"pubKey":"Be6ghGcWQxDETMHoWyNP3JRiEf7aGBGW+zxz1hx9pTIX","privKey":"iEb/aCz2b3ossbfXQMUhbMAIH5JoQvDYvTZZHi/cV0Y="},"lastRemoteEphemeralKey":"BY9+QSagzb2TIl6/lvb5q1QnVs+wUtGgEnCz7TaOiTUQ","previousCounter":0,"rootKey":"CTqrk31oNaiebGxsf8xQkbLoW1ftQtsj8oZ/DZcipno="},"indexInfo":{"baseKey":"BYhU+RcEv2f3f0NiAkaJdidYzJhNkBIJDvljFK0pzAsD","baseKeyType":1,"closed":1746721099115,"used":1746721068850,"created":1746721068850,"remoteIdentityKey":"Baxte5HSuOZnhKKMqhOhsyq2wUrR9PHaFokpW78yy6hp"},"_chains":{"Be6ghGcWQxDETMHoWyNP3JRiEf7aGBGW+zxz1hx9pTIX":{"chainKey":{"counter":0,"key":"a/ujSzvusxuQ/ocERZPxalefCcbDmEmdxWAZFBw2Nw8="},"chainType":1,"messageKeys":{}}},"pendingPreKey":{"signedKeyId":0,"baseKey":"BYhU+RcEv2f3f0NiAkaJdidYzJhNkBIJDvljFK0pzAsD","preKeyId":15543142}},"BYsb6Wk3i1lTTaVsNJ+WBAPLqiV2Uqt0c9FrJaWl0LQq":{"registrationId":13344,"currentRatchet":{"ephemeralKeyPair":{"pubKey":"BT14swUgJ47+NXGObkHHioLz6F9Ymt/HZwcaaRrWtn8h","privKey":"oBqlkJvEFXmZ4t1AVOSF+Jr2uha+ez/GZcaM2YBLBmA="},"lastRemoteEphemeralKey":"BY9+QSagzb2TIl6/lvb5q1QnVs+wUtGgEnCz7TaOiTUQ","previousCounter":0,"rootKey":"PyPw5RAl9mN37OG2Rqj8oE5QnZ46/nPuGLhXrUAx6DE="},"indexInfo":{"baseKey":"BYsb6Wk3i1lTTaVsNJ+WBAPLqiV2Uqt0c9FrJaWl0LQq","baseKeyType":1,"closed":-1,"used":1746721098553,"created":1746721098553,"remoteIdentityKey":"Baxte5HSuOZnhKKMqhOhsyq2wUrR9PHaFokpW78yy6hp"},"_chains":{"BT14swUgJ47+NXGObkHHioLz6F9Ymt/HZwcaaRrWtn8h":{"chainKey":{"counter":2,"key":"NQyp5xiqyQXny3bFUvk9MMbHv8wfVouZgCEvyvExvlg="},"chainType":1,"messageKeys":{}}},"pendingPreKey":{"signedKeyId":0,"baseKey":"BYsb6Wk3i1lTTaVsNJ+WBAPLqiV2Uqt0c9FrJaWl0LQq","preKeyId":15543121}}},"version":"v1"}