{"_sessions":{"BRWHD6/S/z18p2n5Q/e4hO2at7vxV0LtQyIrwW3UhXc6":{"registrationId":534218986,"currentRatchet":{"ephemeralKeyPair":{"pubKey":"BZ8qVWi8PEkYgvz/avwsixZIJPPAmt4zYjidvR5mEf4e","privKey":"WF+g39UoAy1fEZ6sWl+nn2+39VwKFmG10OgGrT+JXU0="},"lastRemoteEphemeralKey":"BfaHkSjrVhqvwk7FwepvX9SE5AhmLWiAhnq1swyrvh8C","previousCounter":0,"rootKey":"C9/z2F3DnsLeig1JIEeOn84KrukM2pJxKZf0aGvv50A="},"indexInfo":{"baseKey":"BRWHD6/S/z18p2n5Q/e4hO2at7vxV0LtQyIrwW3UhXc6","baseKeyType":1,"closed":-1,"used":1746714533050,"created":1746714533050,"remoteIdentityKey":"BYXrmWwYko2177JIUNvnYgWwkb4rdXcqlwOdR/V/TqI1"},"_chains":{"BZ8qVWi8PEkYgvz/avwsixZIJPPAmt4zYjidvR5mEf4e":{"chainKey":{"counter":0,"key":"XQaHusa8yPzbQKCkzwznBZwYIRIopDs3Mzryjdu9MuY="},"chainType":1,"messageKeys":{}}},"pendingPreKey":{"signedKeyId":5,"baseKey":"BRWHD6/S/z18p2n5Q/e4hO2at7vxV0LtQyIrwW3UhXc6","preKeyId":12305197}}},"version":"v1"}