{"_sessions":{"BSZ7EfQTJoHpHEkR/HcMjLD2qsOYHbgCJLasx7ZqGX8B":{"registrationId":1710505959,"currentRatchet":{"ephemeralKeyPair":{"pubKey":"BZxzAeCn1Lnm2PmIIj8FiVqZ1UQu2aff7fdEmJZdNWkv","privKey":"gHfK2wwBR2rkWpCq0FL7uhlxlyIoXNhZ4MVArlTFEEE="},"lastRemoteEphemeralKey":"BdkcyDHNMHhvTC6aG2PrnoVkHiZffkjJnyGJhGraoMNd","previousCounter":0,"rootKey":"lyjXJ1v/JvM8v8/lWNqtb/eDFY8p9kL3/wFLnEMbX9c="},"indexInfo":{"baseKey":"BSZ7EfQTJoHpHEkR/HcMjLD2qsOYHbgCJLasx7ZqGX8B","baseKeyType":1,"closed":-1,"used":1746714522020,"created":1746714522020,"remoteIdentityKey":"BYFA7rxsJLBtL4MfwcpoAts8US5o4Wz1dEkqSSwu5E9o"},"_chains":{"BZxzAeCn1Lnm2PmIIj8FiVqZ1UQu2aff7fdEmJZdNWkv":{"chainKey":{"counter":0,"key":"jxzvPC3ChKBfs5TIKJleL4tc3ZpsV9KwL95yGRlsPTA="},"chainType":1,"messageKeys":{}}},"pendingPreKey":{"signedKeyId":1,"baseKey":"BSZ7EfQTJoHpHEkR/HcMjLD2qsOYHbgCJLasx7ZqGX8B"}}},"version":"v1"}