{"_sessions":{"BRH6eoQ14UWUbEw3txib48W4/X9iVs9nM4cETtPnPDoj":{"registrationId":956657302,"currentRatchet":{"ephemeralKeyPair":{"pubKey":"BUboGDhUCZ9r+TLsaL7YYnwUnkLz7UG1X4qn11EltHoX","privKey":"sHYQtdl5Aj/Qd/6Qc7PiNWiXvvSsd/DtuPx7gYv0YUk="},"lastRemoteEphemeralKey":"BREXZKhauOhwJl3Tg0253K/+e4R7XmWY+gYShGsg53M0","previousCounter":0,"rootKey":"YPJntk0DjeRsO6g0JQMauunZDIjnraDz/l4fAg098JI="},"indexInfo":{"baseKey":"BRH6eoQ14UWUbEw3txib48W4/X9iVs9nM4cETtPnPDoj","baseKeyType":1,"closed":-1,"used":1746714543301,"created":1746714543301,"remoteIdentityKey":"BZU4G4xQB+5PRWlQ4uZcPJ3KeMLBVEc+IYpQKq2MN2Yy"},"_chains":{"BUboGDhUCZ9r+TLsaL7YYnwUnkLz7UG1X4qn11EltHoX":{"chainKey":{"counter":0,"key":"cLPTbMwMHVzfFG2TvWtlKdzSu9Era3+US3QZcWHdCU8="},"chainType":1,"messageKeys":{}}},"pendingPreKey":{"signedKeyId":11,"baseKey":"BRH6eoQ14UWUbEw3txib48W4/X9iVs9nM4cETtPnPDoj","preKeyId":7479527}}},"version":"v1"}