{"_sessions":{"Bf6PWu4R9vunP3ZwJuv8Wi+VCljhQT1EFrBPKtOn0vYf":{"registrationId":1636782221,"currentRatchet":{"ephemeralKeyPair":{"pubKey":"BQRNERYGpqlyC0rIlIQihuIHwaVms+Xl8UMPzMm8JlpP","privKey":"SGw1lDERu6pBDZcxzvfshKCSQeti7QfTlo0G39I/xlw="},"lastRemoteEphemeralKey":"BeHNNwGQ6v1Nie9B4tc6c8Q/QhAojv/j6W99URonEXgf","previousCounter":0,"rootKey":"Czj/HKlDyGNFsg8Dk6k/Nr4E/g0XozEVJldo6mVjoHg="},"indexInfo":{"baseKey":"Bf6PWu4R9vunP3ZwJuv8Wi+VCljhQT1EFrBPKtOn0vYf","baseKeyType":2,"closed":-1,"used":1746714305795,"created":1746714296850,"remoteIdentityKey":"BVawoxvrx5NtJ3WFW5LJkkWlddI1FVhF/6WkjvU8mcY0"},"_chains":{"BeKd/DBjimZkSBrDQiYnYiABontCdAY9gwqgBGfQE40f":{"chainKey":{"counter":4},"chainType":2,"messageKeys":{}},"BeHNNwGQ6v1Nie9B4tc6c8Q/QhAojv/j6W99URonEXgf":{"chainKey":{"counter":2,"key":"GaUk5W1TYJLOFf9R2VvZ/IacpitLUF+U2oZVuC1zwMg="},"chainType":2,"messageKeys":{}},"BQRNERYGpqlyC0rIlIQihuIHwaVms+Xl8UMPzMm8JlpP":{"chainKey":{"counter":6,"key":"X35F5bSvZtWfEmZUXZ8fnp8SzUCqQNRkWHR/QhITVkI="},"chainType":1,"messageKeys":{}}}}},"version":"v1"}