{"_sessions":{"BYL907xuUtRDilCKejGUrXxXs8JZUCB5543EdMJpKkYu":{"registrationId":239187675,"currentRatchet":{"ephemeralKeyPair":{"pubKey":"BUPDO7HDXj8U3IWjeHW/u66GeGxj4Dj2qNle+/3z1ogu","privKey":"AG9pPmxvkxt/WG0xB6rIBZXr4nBY5lBAVTlxnpDJr3s="},"lastRemoteEphemeralKey":"BZ3WQpowsqo15gKXvuCNfHcy9iwqjJXu7KreVnSx8LBG","previousCounter":0,"rootKey":"5vrShUpjbLmGDlGppVGfAmjsE5ifTIf6NxTNxCEHHrE="},"indexInfo":{"baseKey":"BYL907xuUtRDilCKejGUrXxXs8JZUCB5543EdMJpKkYu","baseKeyType":2,"closed":1746714391371,"used":1746714332279,"created":1746714332279,"remoteIdentityKey":"BWVy02ES3ZaPjtO/eG6lME/HGflXVcgbpdw1lpD8wT03"},"_chains":{"BZ3WQpowsqo15gKXvuCNfHcy9iwqjJXu7KreVnSx8LBG":{"chainKey":{"counter":0,"key":"m8a77hvkFHrMg2NnWiVXHwVBT4mopl3525ixyKlwIMg="},"chainType":2,"messageKeys":{}},"BUPDO7HDXj8U3IWjeHW/u66GeGxj4Dj2qNle+/3z1ogu":{"chainKey":{"counter":-1,"key":"TvSQ6CSVLclqaH3LLJHvc/HTffTr9umdyyiKvzM1lLo="},"chainType":1,"messageKeys":{}}}},"BXIIBubTVRhqXE58F5olsvZE6SjD1vl6Hy9ETqmVgQYk":{"registrationId":239187675,"currentRatchet":{"ephemeralKeyPair":{"pubKey":"BQO5rdrr2YLFebHD6t+T5ZxLrlD2460HRRKaxlygSqNA","privKey":"wCNgkrc+LS8XbLICkz0GHaLsGUOAaVsoEMKGyxsoA0w="},"lastRemoteEphemeralKey":"BdEZHwfjrovfajHIh9xYqLXr+KXVExrISVJ7N7+F5aEr","previousCounter":0,"rootKey":"YPoXy6OmQihcAWmkOHfHisdbXz2u0dNUCEjDSas/Nvo="},"indexInfo":{"baseKey":"BXIIBubTVRhqXE58F5olsvZE6SjD1vl6Hy9ETqmVgQYk","baseKeyType":2,"closed":-1,"used":1746714391376,"created":1746714391376,"remoteIdentityKey":"BWVy02ES3ZaPjtO/eG6lME/HGflXVcgbpdw1lpD8wT03"},"_chains":{"BdEZHwfjrovfajHIh9xYqLXr+KXVExrISVJ7N7+F5aEr":{"chainKey":{"counter":0,"key":"firQR0xW3UnGvvY1nhRhXlL2O9v+BvJI6CY383D0bQo="},"chainType":2,"messageKeys":{}},"BQO5rdrr2YLFebHD6t+T5ZxLrlD2460HRRKaxlygSqNA":{"chainKey":{"counter":-1,"key":"dHVb8r3k2xVhSpe61bTaayzprY4frhEjCGZTcGWme7E="},"chainType":1,"messageKeys":{}}}}},"version":"v1"}