{"_sessions":{"BW1mCHM5SDHHJUMdHAeskygdkkGMsCTFHwzG5aYwMKRi":{"registrationId":1486115000,"currentRatchet":{"ephemeralKeyPair":{"pubKey":"BWh1EHQDZL7qfqYuhaVo/4FwVn/rGGF0rQsGSrF9BaIO","privKey":"MEdUFpnOrGl4+xrFokdQFqCXBA5YygYkExxRTq59sGA="},"lastRemoteEphemeralKey":"BV31FIV1DJwUBo8tUZe0xtZoKZYmcq1Otbc/KHKiLQ1P","previousCounter":0,"rootKey":"P3t5vcOZIlKw1ahU8yLw1LaFdwwCxe10kzjCZ8Jlgy4="},"indexInfo":{"baseKey":"BW1mCHM5SDHHJUMdHAeskygdkkGMsCTFHwzG5aYwMKRi","baseKeyType":1,"closed":1746721103928,"used":1746721072459,"created":1746721072459,"remoteIdentityKey":"BY/Mo8wXieo4VMJasvWCJjsW1iIXbz7vTuOhYHjQcYFa"},"_chains":{"BWh1EHQDZL7qfqYuhaVo/4FwVn/rGGF0rQsGSrF9BaIO":{"chainKey":{"counter":0,"key":"eI3PGsICdmlV/MZFbdPCcEaPqRTtP0SRQr9McxbbTsI="},"chainType":1,"messageKeys":{}}},"pendingPreKey":{"signedKeyId":10,"baseKey":"BW1mCHM5SDHHJUMdHAeskygdkkGMsCTFHwzG5aYwMKRi","preKeyId":6403172}},"BeEcSfgFsvxpIYQJJ7rwojCzXb2h/ucqncLGgxbwBAYK":{"registrationId":1486115000,"currentRatchet":{"ephemeralKeyPair":{"pubKey":"BQKFh9WC0BGHtTUvvr87cyrppWjZZU91xuRA4CM3wK0H","privKey":"6D8Zux5zrDUtyQyYkAdx1cGUfhSutnBrJ9PIdjiKc1M="},"lastRemoteEphemeralKey":"BV31FIV1DJwUBo8tUZe0xtZoKZYmcq1Otbc/KHKiLQ1P","previousCounter":0,"rootKey":"4ingMO/9CprOYCFPeOnsehSaY3g6Rg4gjHBCtHqEl5M="},"indexInfo":{"baseKey":"BeEcSfgFsvxpIYQJJ7rwojCzXb2h/ucqncLGgxbwBAYK","baseKeyType":1,"closed":-1,"used":1746721103308,"created":1746721103308,"remoteIdentityKey":"BY/Mo8wXieo4VMJasvWCJjsW1iIXbz7vTuOhYHjQcYFa"},"_chains":{"BQKFh9WC0BGHtTUvvr87cyrppWjZZU91xuRA4CM3wK0H":{"chainKey":{"counter":2,"key":"ZZtL+sfX/XqnCHYpz3IEu7jgwZgp16to4le3s9vDhec="},"chainType":1,"messageKeys":{}}},"pendingPreKey":{"signedKeyId":10,"baseKey":"BeEcSfgFsvxpIYQJJ7rwojCzXb2h/ucqncLGgxbwBAYK","preKeyId":6403023}}},"version":"v1"}