{"_sessions":{"BUsLHTPo2ck1D0E4pMTG6RX4JKHOfxwhDckm0iz1A4on":{"registrationId":7269686,"currentRatchet":{"ephemeralKeyPair":{"pubKey":"BR3CSXrb1IszCWu6CFrg89DW0GyZj+OxTdCIxB4/QXlJ","privKey":"uOffJR1kjIRYybnPsrjXGU9qd2K/Od7kmL/cNXXg0X8="},"lastRemoteEphemeralKey":"BSdI4CKZw/bL0JuUt0LEXmhqqftaPSQ9FtuG5YtTv3UM","previousCounter":0,"rootKey":"rwAiN8U9bud0juSoUn0uDZkIHXwDMuVpeVnGqFVbU2E="},"indexInfo":{"baseKey":"BUsLHTPo2ck1D0E4pMTG6RX4JKHOfxwhDckm0iz1A4on","baseKeyType":1,"closed":1746721107855,"used":1746721076143,"created":1746721076143,"remoteIdentityKey":"BZ42SwawyUMyPrLe4e31Z0sws1rX3c6n3cQK3MANZkE1"},"_chains":{"BR3CSXrb1IszCWu6CFrg89DW0GyZj+OxTdCIxB4/QXlJ":{"chainKey":{"counter":0,"key":"5LTvaHK/rH00mSBSziq2g1H2WanxoXQWLacn+3DoG5c="},"chainType":1,"messageKeys":{}}},"pendingPreKey":{"signedKeyId":14,"baseKey":"BUsLHTPo2ck1D0E4pMTG6RX4JKHOfxwhDckm0iz1A4on","preKeyId":389759}},"BTJ3FUZ1xfOl7hbY+LiphYsiUr908nCa4saH4iKajbk7":{"registrationId":7269686,"currentRatchet":{"ephemeralKeyPair":{"pubKey":"BdPjGBmuk9Lc/tIFPYHUqQcSr4G+No5zYFW0ADspywwM","privKey":"8CSYsN4EgocJgoaLrQNiHEMFPOEqVudvaqLmSz2UiVI="},"lastRemoteEphemeralKey":"BSdI4CKZw/bL0JuUt0LEXmhqqftaPSQ9FtuG5YtTv3UM","previousCounter":0,"rootKey":"7Mq2XffRtPRGNEE4NF+B8oJfM+CccTL4hIh/0ZgdFcM="},"indexInfo":{"baseKey":"BTJ3FUZ1xfOl7hbY+LiphYsiUr908nCa4saH4iKajbk7","baseKeyType":1,"closed":-1,"used":1746721107666,"created":1746721107666,"remoteIdentityKey":"BZ42SwawyUMyPrLe4e31Z0sws1rX3c6n3cQK3MANZkE1"},"_chains":{"BdPjGBmuk9Lc/tIFPYHUqQcSr4G+No5zYFW0ADspywwM":{"chainKey":{"counter":2,"key":"Sl6UENBLevTMg3ND7X+uHdFvnPdH/ZyuOP2XA52uL/U="},"chainType":1,"messageKeys":{}}},"pendingPreKey":{"signedKeyId":14,"baseKey":"BTJ3FUZ1xfOl7hbY+LiphYsiUr908nCa4saH4iKajbk7","preKeyId":390141}}},"version":"v1"}