{"_sessions":{"BSX6rj0oxHa3luOhsEmmmKUyh5g7lqFP1vUSRJKIUtBO":{"registrationId":1177044156,"currentRatchet":{"ephemeralKeyPair":{"pubKey":"BQrQUSC5OjVsRb0m+sInq6c1KV6bpHp4bkeDluU5PkER","privKey":"uEkzb0r7x1N4E3qY549F0SA/mri4PCWMsrqhzUvq0WU="},"lastRemoteEphemeralKey":"BYXSA/JKE2zoTFEtK+nBfQcNg1lOXc2DAXgbfIBueTBp","previousCounter":0,"rootKey":"jBni6pfO7Btp4a7e7Urh8ZZ9hGlUK4o7f/IPAyfQW24="},"indexInfo":{"baseKey":"BSX6rj0oxHa3luOhsEmmmKUyh5g7lqFP1vUSRJKIUtBO","baseKeyType":1,"closed":-1,"used":1746714525615,"created":1746714525615,"remoteIdentityKey":"BcFuWd/ADsRPEXBtzERJoZYZ8evp1Aytzxml+1kmV0xv"},"_chains":{"BQrQUSC5OjVsRb0m+sInq6c1KV6bpHp4bkeDluU5PkER":{"chainKey":{"counter":0,"key":"X6D0o0bBYQXf5hWFZgj8/NpKXl5GHZRbXy/eMNFXdfk="},"chainType":1,"messageKeys":{}}},"pendingPreKey":{"signedKeyId":3,"baseKey":"BSX6rj0oxHa3luOhsEmmmKUyh5g7lqFP1vUSRJKIUtBO","preKeyId":2323836}}},"version":"v1"}