{"_sessions":{"BWpQ1ReB0tLw7gS1+az5pKF7widUxrJ6PcthuqDiWScL":{"registrationId":1998359400,"currentRatchet":{"ephemeralKeyPair":{"pubKey":"Bb+64QVw8Q+gAF7U5KPGJqKFzF+tFCj+Io59lZj4+MZy","privKey":"6AVudWm+i6e5zNvxhlqbtzK1pcAI5DECBqJ5EANglH4="},"lastRemoteEphemeralKey":"BW1E4IM4jKvHT/y+4tqwJtVBkxQ4qiNrLRtvdeKrkv9t","previousCounter":0,"rootKey":"TEti8NTNsqisEa2osRwChhgTKs25Y9ZE/Md2cQv/q3U="},"indexInfo":{"baseKey":"BWpQ1ReB0tLw7gS1+az5pKF7widUxrJ6PcthuqDiWScL","baseKeyType":1,"closed":1746721118473,"used":1746721087119,"created":1746721087119,"remoteIdentityKey":"BTnthlSfrHW6Q4IL0+yvJHqbxTW/v8F7NCgeOjh3qQ5L"},"_chains":{"Bb+64QVw8Q+gAF7U5KPGJqKFzF+tFCj+Io59lZj4+MZy":{"chainKey":{"counter":0,"key":"U6O5HIITmA8D/k1u/2XSF14Pbo5GWejV9ydUo3fhlM4="},"chainType":1,"messageKeys":{}}},"pendingPreKey":{"signedKeyId":4492189,"baseKey":"BWpQ1ReB0tLw7gS1+az5pKF7widUxrJ6PcthuqDiWScL","preKeyId":10801}},"BROSw56737oIKA6F+urOWHJvlqHEPknrVz0zG74Vx6pJ":{"registrationId":1998359400,"currentRatchet":{"ephemeralKeyPair":{"pubKey":"BV4C/D0/gfTi9tAcJkuCFx7HuzlL87uMz51a0kn5FWEa","privKey":"eNaOua5WTAxNNaPgjCYWJmOOQ1Af9qUt2zdvI1v5dFw="},"lastRemoteEphemeralKey":"BW1E4IM4jKvHT/y+4tqwJtVBkxQ4qiNrLRtvdeKrkv9t","previousCounter":0,"rootKey":"DC+rT8LVfi+R10Wfa6VqhGvYgC3ku/YguDcFuOKk0QE="},"indexInfo":{"baseKey":"BROSw56737oIKA6F+urOWHJvlqHEPknrVz0zG74Vx6pJ","baseKeyType":1,"closed":-1,"used":1746721118105,"created":1746721118105,"remoteIdentityKey":"BTnthlSfrHW6Q4IL0+yvJHqbxTW/v8F7NCgeOjh3qQ5L"},"_chains":{"BV4C/D0/gfTi9tAcJkuCFx7HuzlL87uMz51a0kn5FWEa":{"chainKey":{"counter":2,"key":"TmhCLVvfNtlgh8Q1norH82CNgm4y5SFv+UQ+J7AtNho="},"chainType":1,"messageKeys":{}}},"pendingPreKey":{"signedKeyId":4492189,"baseKey":"BROSw56737oIKA6F+urOWHJvlqHEPknrVz0zG74Vx6pJ","preKeyId":10877}}},"version":"v1"}