{"_sessions":{"BRfOIi3IvnztfQGfuhrRA9IcI3o8wbXv0oXoyH/KmMUC":{"registrationId":252908465,"currentRatchet":{"ephemeralKeyPair":{"pubKey":"Bd0O/pbcJ/ukayoCjxfOF1FTbZ2WmmMlEhzRYSg80jRa","privKey":"4E03I9Hn4ZeXJTLXefvoX/poxGf0O9hMFz6Dt1wO3GQ="},"lastRemoteEphemeralKey":"BRTkll1BD4sLSShFMWAib+YVV+3PaprR1qBSbF47VJwf","previousCounter":0,"rootKey":"1C+CbTx2oqjZP7JMtP5APaTbprLom8fKutshEMApUDE="},"indexInfo":{"baseKey":"BRfOIi3IvnztfQGfuhrRA9IcI3o8wbXv0oXoyH/KmMUC","baseKeyType":1,"closed":-1,"used":1746714529209,"created":1746714529209,"remoteIdentityKey":"Bd6CeLDzUkY3SWRYLpUCt6WR/snc+cPzHRiodsQxbk0W"},"_chains":{"Bd0O/pbcJ/ukayoCjxfOF1FTbZ2WmmMlEhzRYSg80jRa":{"chainKey":{"counter":0,"key":"Pirjg5FIWIvZOQvVbCF1dT6mKvdEqK9TqozTjTXyz8k="},"chainType":1,"messageKeys":{}}},"pendingPreKey":{"signedKeyId":3,"baseKey":"BRfOIi3IvnztfQGfuhrRA9IcI3o8wbXv0oXoyH/KmMUC","preKeyId":8945113}}},"version":"v1"}