{"_sessions":{"BdlOtz27moIMJIvfBZV06LzsEi5V8k1Jkz8mcfZv/C8l":{"registrationId":311923782,"currentRatchet":{"ephemeralKeyPair":{"pubKey":"Bb5DRR62n06YpevkyqL1YH2lmabDOmODIQuYJprYfBB8","privKey":"YKcccH6gYDAhMdUCxGGgWMsZ64ntoeUn/BX9tZcAxHs="},"lastRemoteEphemeralKey":"BevxDbpBcQehU0fi1k9PJi1PNXdBbkC5JVGLDD9sWMwj","previousCounter":0,"rootKey":"4JvKVNZHSkdVDAdEaB3RYZJEDFD8jI4Csjsho9b8jg4="},"indexInfo":{"baseKey":"BdlOtz27moIMJIvfBZV06LzsEi5V8k1Jkz8mcfZv/C8l","baseKeyType":1,"closed":-1,"used":1746714525944,"created":1746714525944,"remoteIdentityKey":"BTNl2T2Mg8BbTsRpK7NCWUe/jyljpenfyM/xdgTGgnwD"},"_chains":{"Bb5DRR62n06YpevkyqL1YH2lmabDOmODIQuYJprYfBB8":{"chainKey":{"counter":0,"key":"7grSBdqt1qCrNBwWBZJrwJ1IjRPLQ069mmCiMqdIY2M="},"chainType":1,"messageKeys":{}}},"pendingPreKey":{"signedKeyId":13,"baseKey":"BdlOtz27moIMJIvfBZV06LzsEi5V8k1Jkz8mcfZv/C8l","preKeyId":10352297}}},"version":"v1"}