{"_sessions":{"Bbno2C7D1LOPVkA7wMptPri5Yr5awFy5VvJuh9j0P5Ji":{"registrationId":471626216,"currentRatchet":{"ephemeralKeyPair":{"pubKey":"BZXEw68NV/04FfTHzJgvXfGCmSg3PUMc4jMuOn4/jJgv","privKey":"+Nutl6JgGeO0+AgMqNRZuj5kxwJMjCB+A0ci8G86Dls="},"lastRemoteEphemeralKey":"BYOSX30opfquWTcV0A1Ckw5QiHXuUQG4lEJqnONUvPc1","previousCounter":0,"rootKey":"SdSiiV1gXqMzng7uVM5a5A03y1NRmByhVgxQRHCx5Vw="},"indexInfo":{"baseKey":"Bbno2C7D1LOPVkA7wMptPri5Yr5awFy5VvJuh9j0P5Ji","baseKeyType":1,"closed":1746721104109,"used":1746721072947,"created":1746721072947,"remoteIdentityKey":"BZ5B9egg9Kp3mmES+NaSJV0qAMGJeobgqThrW9NkbgxF"},"_chains":{"BZXEw68NV/04FfTHzJgvXfGCmSg3PUMc4jMuOn4/jJgv":{"chainKey":{"counter":0,"key":"zgTnEyNa1PK/5nz/mPKbStNHeEdpbS2jDGXw3ZFArko="},"chainType":1,"messageKeys":{}}},"pendingPreKey":{"signedKeyId":1,"baseKey":"Bbno2C7D1LOPVkA7wMptPri5Yr5awFy5VvJuh9j0P5Ji"}},"BTBv+iHsLVUfgfA3KwirN3Fk8GUVS228TiIXnJy3AqA0":{"registrationId":471626216,"currentRatchet":{"ephemeralKeyPair":{"pubKey":"BT8sL4GCuCDN1LnP1XCd+Kv3UTpF6Sv3HdyY0CCOqlJr","privKey":"AOgxmjjSilUq31A/pgFYwGPOk/SMgl2bP/HlPgLdH3E="},"lastRemoteEphemeralKey":"BYOSX30opfquWTcV0A1Ckw5QiHXuUQG4lEJqnONUvPc1","previousCounter":0,"rootKey":"mG1sT3fiFT5CCiLv31T+otVC6LKK2D39cjrWyyQT1p8="},"indexInfo":{"baseKey":"BTBv+iHsLVUfgfA3KwirN3Fk8GUVS228TiIXnJy3AqA0","baseKeyType":1,"closed":-1,"used":1746721103860,"created":1746721103860,"remoteIdentityKey":"BZ5B9egg9Kp3mmES+NaSJV0qAMGJeobgqThrW9NkbgxF"},"_chains":{"BT8sL4GCuCDN1LnP1XCd+Kv3UTpF6Sv3HdyY0CCOqlJr":{"chainKey":{"counter":2,"key":"hF0zzSS89PuZDDYtSkTC0aUMLaSjrxlUr9SxVqPwDpg="},"chainType":1,"messageKeys":{}}},"pendingPreKey":{"signedKeyId":1,"baseKey":"BTBv+iHsLVUfgfA3KwirN3Fk8GUVS228TiIXnJy3AqA0"}}},"version":"v1"}