{"_sessions":{"BfMBUXz2GAhp1hL3+L8XLIBeyoem8buRJUsqJqcZEQlS":{"registrationId":1456138452,"currentRatchet":{"ephemeralKeyPair":{"pubKey":"BayLhiq3H77Url5lU8vP0WsDnD3MW32TP56n22+oF6QF","privKey":"6DSVpcsLNcFu+NayyzF4whKfkUrOUU/iO4Yik1LT6kk="},"lastRemoteEphemeralKey":"BQ/PnEbq+6XYIWfPmR7/xud0nNWaLb3vfT77wv+P99Jc","previousCounter":0,"rootKey":"MmDSO4dPWB17GDLIIER1x+I7XxPGJa7WWvI0VP28zOY="},"indexInfo":{"baseKey":"BfMBUXz2GAhp1hL3+L8XLIBeyoem8buRJUsqJqcZEQlS","baseKeyType":1,"closed":-1,"used":1746714540030,"created":1746714540030,"remoteIdentityKey":"BbXV0l8QtJQyyLNqGVKEJMtbjsLZ/+HugxAQT82S6okD"},"_chains":{"BayLhiq3H77Url5lU8vP0WsDnD3MW32TP56n22+oF6QF":{"chainKey":{"counter":0,"key":"Px1pH1GGB0iQvaTCUOX00HF5vZ8KzHyhyr8f+r1PLRM="},"chainType":1,"messageKeys":{}}},"pendingPreKey":{"signedKeyId":4,"baseKey":"BfMBUXz2GAhp1hL3+L8XLIBeyoem8buRJUsqJqcZEQlS","preKeyId":8219465}}},"version":"v1"}