{"_sessions":{"BXSRRw+7vgpn+h9nIUKR449g9Qj4I8cvTJR107OPL7J8":{"registrationId":2144210717,"currentRatchet":{"ephemeralKeyPair":{"pubKey":"BTtDzlteRmQoGtFbapygPn/1l7khdqdlAiOavoxLolQY","privKey":"OKFqon0FpVinKP319fNycDEmllqHrKAVr/bpKq5rFlU="},"lastRemoteEphemeralKey":"Ba1u1htB3Ld/QnPFne9ZTVHWh2wtrJ5WZ9qRarJSArNN","previousCounter":0,"rootKey":"6vYLX7lsRGJdHOz64llP2NrEBerZwtASWarNgT7Bf+U="},"indexInfo":{"baseKey":"BXSRRw+7vgpn+h9nIUKR449g9Qj4I8cvTJR107OPL7J8","baseKeyType":1,"closed":1746721122233,"used":1746721090447,"created":1746721090447,"remoteIdentityKey":"BS7AYF9FVSkgPqm3oOao1hvJjY6YoOf2ri0DtrMMqpxp"},"_chains":{"BTtDzlteRmQoGtFbapygPn/1l7khdqdlAiOavoxLolQY":{"chainKey":{"counter":0,"key":"4U4LdskfgZEY7FLlC2eiQUJ7STWCyUXwEjSRCoSGqCA="},"chainType":1,"messageKeys":{}}},"pendingPreKey":{"signedKeyId":0,"baseKey":"BXSRRw+7vgpn+h9nIUKR449g9Qj4I8cvTJR107OPL7J8","preKeyId":11730843}},"BfRfB0DJTku+gbCpPL48J/+JAueR1ciaN3yj/FnFSW8M":{"registrationId":2144210717,"currentRatchet":{"ephemeralKeyPair":{"pubKey":"BU+npg7eXzzMuHevZGbNN4e7LjVp4YjWReUP2YrlGd8A","privKey":"eARL3qOjbg4XrFqIztEp9JQIZFTECt0CEjy+FsKS4G8="},"lastRemoteEphemeralKey":"Ba1u1htB3Ld/QnPFne9ZTVHWh2wtrJ5WZ9qRarJSArNN","previousCounter":0,"rootKey":"cphkZeKXUF00BUtwaR5AbxFVj3qluFg1oTsI0fRrmQM="},"indexInfo":{"baseKey":"BfRfB0DJTku+gbCpPL48J/+JAueR1ciaN3yj/FnFSW8M","baseKeyType":1,"closed":-1,"used":1746721121816,"created":1746721121816,"remoteIdentityKey":"BS7AYF9FVSkgPqm3oOao1hvJjY6YoOf2ri0DtrMMqpxp"},"_chains":{"BU+npg7eXzzMuHevZGbNN4e7LjVp4YjWReUP2YrlGd8A":{"chainKey":{"counter":2,"key":"1rEaKZrKycWil+R/qsyQIqIx6m7/aYo9tNB3maVz2Ks="},"chainType":1,"messageKeys":{}}},"pendingPreKey":{"signedKeyId":0,"baseKey":"BfRfB0DJTku+gbCpPL48J/+JAueR1ciaN3yj/FnFSW8M","preKeyId":11730945}}},"version":"v1"}