{"_sessions":{"BZ473h17kUZS2d53z0x+F5+PTvlxGDz9HVRXL0YMv3Jg":{"registrationId":273232405,"currentRatchet":{"ephemeralKeyPair":{"pubKey":"BXgyrekvhmvRwCdoXm4RHIK2Fwlh6wusklzHZtCkBdNG","privKey":"OBDYQr+GFjjeIHnCVkWY46XpoPXQ1SfnSgurcgK+iHQ="},"lastRemoteEphemeralKey":"BZjXKSUxlEVtZ99XE3BAbxpezI9QI0OiMuz9m8xe8MML","previousCounter":0,"rootKey":"gkOOVUQHq57XCMXOaRmPlTQqm5XXPYeiFB/QWC1mLCs="},"indexInfo":{"baseKey":"BZ473h17kUZS2d53z0x+F5+PTvlxGDz9HVRXL0YMv3Jg","baseKeyType":1,"closed":-1,"used":1746714522106,"created":1746714522106,"remoteIdentityKey":"BTDM/YrV07/l5uxbxtUyxcaKw0aIpiXwI4yV+LDyGRpS"},"_chains":{"BXgyrekvhmvRwCdoXm4RHIK2Fwlh6wusklzHZtCkBdNG":{"chainKey":{"counter":0,"key":"QtCYPKTglix4FC/gFEFiLi8gWwXRoqYfsnWr/GF4+FY="},"chainType":1,"messageKeys":{}}},"pendingPreKey":{"signedKeyId":12293625,"baseKey":"BZ473h17kUZS2d53z0x+F5+PTvlxGDz9HVRXL0YMv3Jg","preKeyId":525}}},"version":"v1"}