{"_sessions":{"BVbZOLzyACdnbvZVcjgLmpPaA/9014lCEsiMe6/X60oo":{"registrationId":1981005296,"currentRatchet":{"ephemeralKeyPair":{"pubKey":"BdRhCYbkz0uZ5J26czpuFpU4AUBp8HOFj/oSkJ0XJE0n","privKey":"wOP/Utlbm7L1+dLViKvsLVpZ5iobfwbY6Ddx2/g48U0="},"lastRemoteEphemeralKey":"Be3dZ9qSd7TZwxSe+m15P4XJ7mHCDsuticuN/Pl29MUA","previousCounter":0,"rootKey":"oDtMucLDk4aNEuFCWkF4nyvUMyNMuHpOGJW2lmQVq+c="},"indexInfo":{"baseKey":"BVbZOLzyACdnbvZVcjgLmpPaA/9014lCEsiMe6/X60oo","baseKeyType":1,"closed":-1,"used":1746714529193,"created":1746714529193,"remoteIdentityKey":"BbJA5HSzXrnC1aQA73AUJcqWZGV04+/fGL4frdR0Id51"},"_chains":{"BdRhCYbkz0uZ5J26czpuFpU4AUBp8HOFj/oSkJ0XJE0n":{"chainKey":{"counter":0,"key":"79DCOsskRz2TDCcEIsA0j0+QkAj7q7DlggHPFuw57sY="},"chainType":1,"messageKeys":{}}},"pendingPreKey":{"signedKeyId":1,"baseKey":"BVbZOLzyACdnbvZVcjgLmpPaA/9014lCEsiMe6/X60oo","preKeyId":16000482}}},"version":"v1"}