{"_sessions":{"BWmgZyD2n+ph9S1tHvkgQdXnolYOxvwjCqBKjca3Vc4G":{"registrationId":1829605576,"currentRatchet":{"ephemeralKeyPair":{"pubKey":"BeY8zJbfN+3NR5j0hG2OpPnPCcE3wK8ciH0SgtqcGU9I","privKey":"8NFVNJDVDtApxrjPitnkxMVNrXJ7FD/e7WsZ7g+wY0c="},"lastRemoteEphemeralKey":"Ba+texkEqiZvFCY+pz2cQSED8vvi7JibcYy+Ij6LeuNk","previousCounter":0,"rootKey":"LdswGbwvr1XYNGh6Mg+JX+saD5SRI53KVFK72XorKV0="},"indexInfo":{"baseKey":"BWmgZyD2n+ph9S1tHvkgQdXnolYOxvwjCqBKjca3Vc4G","baseKeyType":1,"closed":1746721107772,"used":1746721075816,"created":1746721075816,"remoteIdentityKey":"BU1chnN4tAuJRhWG/2Qau6rOQUWtkC3E5mpIjxHVqxpl"},"_chains":{"BeY8zJbfN+3NR5j0hG2OpPnPCcE3wK8ciH0SgtqcGU9I":{"chainKey":{"counter":0,"key":"9s9O2aI8l+zDCMAPNBMNZepK5hmQzeczXYc+ZqTamUU="},"chainType":1,"messageKeys":{}}},"pendingPreKey":{"signedKeyId":11,"baseKey":"BWmgZyD2n+ph9S1tHvkgQdXnolYOxvwjCqBKjca3Vc4G"}},"BSyh0zppjK9exvfpAYC+HNE077nigJ4qEkLnnUrH90g8":{"registrationId":1829605576,"currentRatchet":{"ephemeralKeyPair":{"pubKey":"Bd/Bkn5QfN6IdSAqbrvRk8SMYta/nIwvgNkufEL3VBwV","privKey":"kM8gs6a5HA1ubAMdrQybIbCeIAb7mSi3/CPP62j+mUo="},"lastRemoteEphemeralKey":"Ba+texkEqiZvFCY+pz2cQSED8vvi7JibcYy+Ij6LeuNk","previousCounter":0,"rootKey":"hJi1pYJ9p0WDInNQdDKIb1VjW8sedZl2LmnMOIoGzTc="},"indexInfo":{"baseKey":"BSyh0zppjK9exvfpAYC+HNE077nigJ4qEkLnnUrH90g8","baseKeyType":1,"closed":-1,"used":1746721107382,"created":1746721107382,"remoteIdentityKey":"BU1chnN4tAuJRhWG/2Qau6rOQUWtkC3E5mpIjxHVqxpl"},"_chains":{"Bd/Bkn5QfN6IdSAqbrvRk8SMYta/nIwvgNkufEL3VBwV":{"chainKey":{"counter":2,"key":"qbiKxfKfBKFf6mOTv3NSLKYzL8bZEef5VxxG5jOeeLI="},"chainType":1,"messageKeys":{}}},"pendingPreKey":{"signedKeyId":11,"baseKey":"BSyh0zppjK9exvfpAYC+HNE077nigJ4qEkLnnUrH90g8"}}},"version":"v1"}