{"_sessions":{"BaKQeD7OUYGv45irnnGBkdXBAgARSa4I+r2BDnfjl+AW":{"registrationId":774737169,"currentRatchet":{"ephemeralKeyPair":{"pubKey":"Bf1TjiiUVuWF1hJR0SIhsBvxfL6eUrkk32H+R//mC8g/","privKey":"aEPerMK7NB3CaUejUNDMYgVqUCkclvYa8TH8l/Y5Umo="},"lastRemoteEphemeralKey":"BRRPFnugRTD+veixC6kFaeDDpFRLC4pbFj1JElpVICYs","previousCounter":0,"rootKey":"+z+zh4FchvEpUisIKqav1Y+ePLVD9J6XuK0bPyKeWdQ="},"indexInfo":{"baseKey":"BaKQeD7OUYGv45irnnGBkdXBAgARSa4I+r2BDnfjl+AW","baseKeyType":1,"closed":1746721107848,"used":1746721076122,"created":1746721076122,"remoteIdentityKey":"BauVTQURwk5D8hpRURqV0FxKPNcM24WwasRKPVn4/2o0"},"_chains":{"Bf1TjiiUVuWF1hJR0SIhsBvxfL6eUrkk32H+R//mC8g/":{"chainKey":{"counter":0,"key":"Wx8es0lRn7zrD4QXJT6O8NA+JhOc57VnrrUe3cjFA94="},"chainType":1,"messageKeys":{}}},"pendingPreKey":{"signedKeyId":0,"baseKey":"BaKQeD7OUYGv45irnnGBkdXBAgARSa4I+r2BDnfjl+AW"}},"BcwO3rjUu2J/+jyFZstYtFqe/Z16RvtB406jsRUjENUb":{"registrationId":774737169,"currentRatchet":{"ephemeralKeyPair":{"pubKey":"BYW406SMvra8bQ7tFUvTdIztKMDJlL9pumlKpXtQyYRw","privKey":"IB+YzD1ivHx5rx1bzxpduHbuFBx6717rRLPDh0KHLH8="},"lastRemoteEphemeralKey":"BRRPFnugRTD+veixC6kFaeDDpFRLC4pbFj1JElpVICYs","previousCounter":0,"rootKey":"WwlFMklxq1UFTbcLe8Ru9C5Ha2qEeyw6OSammkbphog="},"indexInfo":{"baseKey":"BcwO3rjUu2J/+jyFZstYtFqe/Z16RvtB406jsRUjENUb","baseKeyType":1,"closed":-1,"used":1746721107653,"created":1746721107653,"remoteIdentityKey":"BauVTQURwk5D8hpRURqV0FxKPNcM24WwasRKPVn4/2o0"},"_chains":{"BYW406SMvra8bQ7tFUvTdIztKMDJlL9pumlKpXtQyYRw":{"chainKey":{"counter":2,"key":"47k2ojb42bsbwXmOA98tF/9gUFb1r7MMoJQHu7zuAR0="},"chainType":1,"messageKeys":{}}},"pendingPreKey":{"signedKeyId":0,"baseKey":"BcwO3rjUu2J/+jyFZstYtFqe/Z16RvtB406jsRUjENUb"}}},"version":"v1"}