{"_sessions":{"BcbufAi03WYz8M00uMP/7mJCnT10LyP9/ZJR78CyHcYf":{"registrationId":407178149,"currentRatchet":{"ephemeralKeyPair":{"pubKey":"BScrq/oRDtT0K1hn/aWgIg9FITv9x/ibYjbgmWIUpOAr","privKey":"UP0dg/6Xnr3D/96RL1g/3ftix9ts6PbuYvilpkWJQEc="},"lastRemoteEphemeralKey":"BckgVST6AZReBxPs0ubhS7yWCu6jWaWBbuAfuIptBlFR","previousCounter":0,"rootKey":"yeHU7zT2/qa/eJk5DCFqfbrGau3mUMsSguMMLKrgDV0="},"indexInfo":{"baseKey":"BcbufAi03WYz8M00uMP/7mJCnT10LyP9/ZJR78CyHcYf","baseKeyType":2,"closed":1746714522464,"used":1746714516880,"created":1746714516880,"remoteIdentityKey":"BS9zUzbFDIB+b26ppViIrnbuDLXwijqZIrnaJTzXYsMb"},"_chains":{"BckgVST6AZReBxPs0ubhS7yWCu6jWaWBbuAfuIptBlFR":{"chainKey":{"counter":1,"key":"w6LSJ7TlUfn5ACvQeAUBZXr/SaD+0Zw7hy+ns6JUnh4="},"chainType":2,"messageKeys":{}},"BScrq/oRDtT0K1hn/aWgIg9FITv9x/ibYjbgmWIUpOAr":{"chainKey":{"counter":-1,"key":"AyRRbjd4CE916pN+MM2BOB0/ZS6cmc/hYHFM3g505II="},"chainType":1,"messageKeys":{}}}},"Bfkv4nSLxoRnc0Ju53tU+eRizTzmHLwLYjOX1AsN/Yl5":{"registrationId":407178149,"currentRatchet":{"ephemeralKeyPair":{"pubKey":"BSo7k3WfdgvROgPHicxlK3Oar2m8t6AV0n1diu7jRkFm","privKey":"WCaomXPJ1B9yD08tOqG59dxmf1YXhH5ZPDWkGMS7dHw="},"lastRemoteEphemeralKey":"BQ5Dfd8vcnFFQo3UD6JOSdkM7N+zoPzLwS3kF+oaiqoR","previousCounter":0,"rootKey":"m8l8t6c7U0U7NB0cpixy9qH0lxN8nW0nmMEhrNezux4="},"indexInfo":{"baseKey":"Bfkv4nSLxoRnc0Ju53tU+eRizTzmHLwLYjOX1AsN/Yl5","baseKeyType":1,"closed":-1,"used":1746714522397,"created":1746714522397,"remoteIdentityKey":"BS9zUzbFDIB+b26ppViIrnbuDLXwijqZIrnaJTzXYsMb"},"_chains":{"BSo7k3WfdgvROgPHicxlK3Oar2m8t6AV0n1diu7jRkFm":{"chainKey":{"counter":0,"key":"ufTKpGPA0xjrPK06Umj1IFSyoJJyiz1tfDSUcG3QrEw="},"chainType":1,"messageKeys":{}}},"pendingPreKey":{"signedKeyId":9,"baseKey":"Bfkv4nSLxoRnc0Ju53tU+eRizTzmHLwLYjOX1AsN/Yl5","preKeyId":16193015}}},"version":"v1"}