{"_sessions":{"BdgNyDwkxdI1Tn6xwglgxh/NnrBGO2Mb4pT1IgUvqy9j":{"registrationId":490113238,"currentRatchet":{"ephemeralKeyPair":{"pubKey":"BZprqwu5y3akMDXmoAFGmFdESgiWPjy7JuSnBO8ORFo+","privKey":"qKkHP6l7J4yUZAtOfDPEfjwUCY1gOhxCeOziu7TuFH4="},"lastRemoteEphemeralKey":"BVele3FlGN9DeDHSRGdJ7DmZ1/wcn++VMPby8VQ5ktAN","previousCounter":0,"rootKey":"ZShDBhLj/5PfBLaqM9vLWG76umpIcOh1Ed3kXCoMm+c="},"indexInfo":{"baseKey":"BdgNyDwkxdI1Tn6xwglgxh/NnrBGO2Mb4pT1IgUvqy9j","baseKeyType":1,"closed":-1,"used":1746714521989,"created":1746714521989,"remoteIdentityKey":"BVCmxLX4LQlDR4s6H99G7V0U8TGkloBKEGwt3RFEWJwV"},"_chains":{"BZprqwu5y3akMDXmoAFGmFdESgiWPjy7JuSnBO8ORFo+":{"chainKey":{"counter":0,"key":"5ALJQjZ9TGjRUD5Rr/vAuNULst9bEaog6eKVnbPn0MM="},"chainType":1,"messageKeys":{}}},"pendingPreKey":{"signedKeyId":1,"baseKey":"BdgNyDwkxdI1Tn6xwglgxh/NnrBGO2Mb4pT1IgUvqy9j","preKeyId":13842080}}},"version":"v1"}