{"_sessions":{"BXopDFu2RALgpcep9xBZJ5iQewX2u+Bn4Nce2UCZBb1y":{"registrationId":119,"currentRatchet":{"ephemeralKeyPair":{"pubKey":"BUwsilq/fCLxYNPju/nWQAiouGewXafLNzFkpt3Qa3F4","privKey":"GI5w6v0vz/VbGlPhYwC+mx8Paqg0uexNdsmk61Ct+GE="},"lastRemoteEphemeralKey":"Be9XWhgGCtglpk+G6zJtvcBMt14ezyIfeSGkgrO8QlAd","previousCounter":0,"rootKey":"UANxcPwqA/vtGUrT36XhkdTDrYs0ICSY7Imb7+4P+qw="},"indexInfo":{"baseKey":"BXopDFu2RALgpcep9xBZJ5iQewX2u+Bn4Nce2UCZBb1y","baseKeyType":1,"closed":1746721099293,"used":1746721069087,"created":1746721069087,"remoteIdentityKey":"Be6HsB7TeUZHN+P5uLDGuyAr3VFG/LV2dglsqQrva6NY"},"_chains":{"BUwsilq/fCLxYNPju/nWQAiouGewXafLNzFkpt3Qa3F4":{"chainKey":{"counter":0,"key":"o5d/tNRA52uoeVYK/1CyA4RqRZ2+l5IRDh4tit25Uzo="},"chainType":1,"messageKeys":{}}},"pendingPreKey":{"signedKeyId":1,"baseKey":"BXopDFu2RALgpcep9xBZJ5iQewX2u+Bn4Nce2UCZBb1y"}},"Bfc0wHSU+DqOpOmX8G955Lo8RGRrcunyDmjnLowJIOIE":{"registrationId":119,"currentRatchet":{"ephemeralKeyPair":{"pubKey":"BTLriMXxrS5s/g9ULgwoUvHHk/8ffpkvGhenUYoh9K9A","privKey":"QOiJzWrsQOB9eQ59/zbf/at0K93RPrQNYo8+H942hEk="},"lastRemoteEphemeralKey":"Be9XWhgGCtglpk+G6zJtvcBMt14ezyIfeSGkgrO8QlAd","previousCounter":0,"rootKey":"Ggpi+sM4sMjKow+jZRKAaJ5QUCFCzNWRFnDVt4/gxv8="},"indexInfo":{"baseKey":"Bfc0wHSU+DqOpOmX8G955Lo8RGRrcunyDmjnLowJIOIE","baseKeyType":1,"closed":-1,"used":1746721098749,"created":1746721098749,"remoteIdentityKey":"Be6HsB7TeUZHN+P5uLDGuyAr3VFG/LV2dglsqQrva6NY"},"_chains":{"BTLriMXxrS5s/g9ULgwoUvHHk/8ffpkvGhenUYoh9K9A":{"chainKey":{"counter":2,"key":"phLjV9YGzqhNFNPTVAMgav0qdBXqEK/PKRWTBDMDNJs="},"chainType":1,"messageKeys":{}}},"pendingPreKey":{"signedKeyId":1,"baseKey":"Bfc0wHSU+DqOpOmX8G955Lo8RGRrcunyDmjnLowJIOIE"}}},"version":"v1"}