{"_sessions":{"BUnH4vEM0V3a2SM3ZaEU9jaoe0tHsfEGK86z/OSl9fQr":{"registrationId":6741,"currentRatchet":{"ephemeralKeyPair":{"pubKey":"BdYxQm483wRjuQe/c2iKm1heeUid3HM2yFwklzRfATtG","privKey":"ME92wbX4S552etRVhkk1DFL7ted31AdYfEqs1lrAens="},"lastRemoteEphemeralKey":"BWtDYJJKQnP3xEHlvXEhHgUE/h/oIhNAJpGcqUXoUg8l","previousCounter":0,"rootKey":"nUiIicPsPs591v3gwZ4PsCZL9d8jEsqm+IspahJMTUA="},"indexInfo":{"baseKey":"BUnH4vEM0V3a2SM3ZaEU9jaoe0tHsfEGK86z/OSl9fQr","baseKeyType":1,"closed":-1,"used":1746714522186,"created":1746714522186,"remoteIdentityKey":"BZuUwpKPYl+1ESi9nj79ODaJgpdIEUDS2+LsjISgH5MH"},"_chains":{"BdYxQm483wRjuQe/c2iKm1heeUid3HM2yFwklzRfATtG":{"chainKey":{"counter":0,"key":"w70Sl8KNq0cfywJ7SfXP2ekmLOsat7ihwejO+EDH4po="},"chainType":1,"messageKeys":{}}},"pendingPreKey":{"signedKeyId":1,"baseKey":"BUnH4vEM0V3a2SM3ZaEU9jaoe0tHsfEGK86z/OSl9fQr","preKeyId":2236}}},"version":"v1"}