{"_sessions":{"BWijW+vfVKIHSMsdAWiq8Sl3hq5MJyvZ8QR/BDMYi4cG":{"registrationId":34199144,"currentRatchet":{"ephemeralKeyPair":{"pubKey":"BR5HB2PlxSbVJypXfdimDAptzva46sQvolyyFSQH9A1Q","privKey":"GDyilHl8ar0Lt0BpTKjcMDV2mEwVpxzMXPc5FGJ1znM="},"lastRemoteEphemeralKey":"BQw4CPbLjsluuSPD4hzeC+EI8IWYXvPeQXI2Eh/YxRYE","previousCounter":0,"rootKey":"9A7v4xUDUirvU7wrHBXynlFraC4zB5JLCGFi7uVP0Vo="},"indexInfo":{"baseKey":"BWijW+vfVKIHSMsdAWiq8Sl3hq5MJyvZ8QR/BDMYi4cG","baseKeyType":1,"closed":-1,"used":1746714543448,"created":1746714543448,"remoteIdentityKey":"BX23oNrMooRbe/AeP+EzfhyEq+Vnh7N3UUDbMniuSRYy"},"_chains":{"BR5HB2PlxSbVJypXfdimDAptzva46sQvolyyFSQH9A1Q":{"chainKey":{"counter":0,"key":"RXmruhmc+8VUjFTuMIkZism/2XzO5BsBUVXyJ7IgmGI="},"chainType":1,"messageKeys":{}}},"pendingPreKey":{"signedKeyId":6,"baseKey":"BWijW+vfVKIHSMsdAWiq8Sl3hq5MJyvZ8QR/BDMYi4cG","preKeyId":16131358}}},"version":"v1"}