{"_sessions":{"BXav7k1ytJ4nm0Sqi7QdbjdhBtNsFZ3kVcZFLiqnNyU6":{"registrationId":619971766,"currentRatchet":{"ephemeralKeyPair":{"pubKey":"BTH9amiB8EfN4LeEP+FUjEdQV3GY1vs81VkYTqy7NJ9D","privKey":"kItTSkc9bIuinZ9Qy3DQ2wuMIFg0kAMl0zrZWgY+zEw="},"lastRemoteEphemeralKey":"BbyqUp/bAOSSMGYv1YIgpQxYHCKFJnuMzGIVdm+wA8g8","previousCounter":0,"rootKey":"BKsWooQG6fzYEkTPufbpZ3m/BP0ee/ckLr3tOoV8nUY="},"indexInfo":{"baseKey":"BXav7k1ytJ4nm0Sqi7QdbjdhBtNsFZ3kVcZFLiqnNyU6","baseKeyType":1,"closed":1746721103936,"used":1746721072493,"created":1746721072493,"remoteIdentityKey":"BWfQahOBFL5ajPMpbQYNaZVGQBYK0pY3ShQAj2verVUK"},"_chains":{"BTH9amiB8EfN4LeEP+FUjEdQV3GY1vs81VkYTqy7NJ9D":{"chainKey":{"counter":0,"key":"kgtG/4HJOlf9hHRAWxZIS+OpSA3ZlP95qCu5qzD0W1c="},"chainType":1,"messageKeys":{}}},"pendingPreKey":{"signedKeyId":2,"baseKey":"BXav7k1ytJ4nm0Sqi7QdbjdhBtNsFZ3kVcZFLiqnNyU6","preKeyId":7181619}},"BT9MhhxGCUARYtcAgmSq4wRalkZXOuZzdG8lS0rSkwxS":{"registrationId":619971766,"currentRatchet":{"ephemeralKeyPair":{"pubKey":"BfWOroGN/oPefXb/liKBEBjK/iZxIZoIWZtws4pyBFNG","privKey":"cH+qnP6M9Kui6J5B6pRYL7tTpOW4GAELQggh1y2xHVA="},"lastRemoteEphemeralKey":"BbyqUp/bAOSSMGYv1YIgpQxYHCKFJnuMzGIVdm+wA8g8","previousCounter":0,"rootKey":"F/KwFIS2NWMSQ+Oa8AZXCfqMfrdSkEJnXkLL5hrnLXY="},"indexInfo":{"baseKey":"BT9MhhxGCUARYtcAgmSq4wRalkZXOuZzdG8lS0rSkwxS","baseKeyType":1,"closed":-1,"used":1746721103332,"created":1746721103332,"remoteIdentityKey":"BWfQahOBFL5ajPMpbQYNaZVGQBYK0pY3ShQAj2verVUK"},"_chains":{"BfWOroGN/oPefXb/liKBEBjK/iZxIZoIWZtws4pyBFNG":{"chainKey":{"counter":2,"key":"RcJi2QtyeUOHc9dK+ex3UAZl30Fe+ZXLjpozSTqdWLU="},"chainType":1,"messageKeys":{}}},"pendingPreKey":{"signedKeyId":2,"baseKey":"BT9MhhxGCUARYtcAgmSq4wRalkZXOuZzdG8lS0rSkwxS","preKeyId":7181786}}},"version":"v1"}