{"_sessions":{"BSRk2Hi8DBl66by60O05xvDy7Kivwkx45mo5PwAiGNAq":{"registrationId":188831960,"currentRatchet":{"ephemeralKeyPair":{"pubKey":"BX/s1ScZMKpIhmBYCCAdUpv4eCIgxaa2bL/logNs2mJU","privKey":"qFcVCPVDtxu8MkiOeMLTZ6pR512cUnHXqkEw4axE2VY="},"lastRemoteEphemeralKey":"BZWevLVyrUHPlZEtHZ8E2jWorcrVQZfi1EIQN7b7QdlJ","previousCounter":0,"rootKey":"mIE3XHtKqix0NNBNtubigmIQGiY9pZdnkoA8dEiYczY="},"indexInfo":{"baseKey":"BSRk2Hi8DBl66by60O05xvDy7Kivwkx45mo5PwAiGNAq","baseKeyType":1,"closed":-1,"used":1746714525710,"created":1746714525710,"remoteIdentityKey":"BTljApdhw6OmUmPJKulmY/PKA+zRy+1hTSxKUlzLGbZ+"},"_chains":{"BX/s1ScZMKpIhmBYCCAdUpv4eCIgxaa2bL/logNs2mJU":{"chainKey":{"counter":0,"key":"eqXQ+muRRT7fgy/+JmxzcVY4e3fg0r2J3WzWUwC4rwk="},"chainType":1,"messageKeys":{}}},"pendingPreKey":{"signedKeyId":5,"baseKey":"BSRk2Hi8DBl66by60O05xvDy7Kivwkx45mo5PwAiGNAq","preKeyId":13360411}}},"version":"v1"}