{"_sessions":{"BTQnuPDGqEiLGAXhlGT9ROXS0vFT4qgoy4F3YicBdgBh":{"registrationId":1806719108,"currentRatchet":{"ephemeralKeyPair":{"pubKey":"BQ6KZ2oqt3NuBQE8rmZLsjghBFM4h8xpdBtjUG5kb5w9","privKey":"SMIJ0zBsUf6ar+f4kQj1wiH4lK4yuQpV34e14gg1bmM="},"lastRemoteEphemeralKey":"Bc1n3CLsV3Z9RMUekJadu3y9hz9uUpVCBt5UKgfBjUMJ","previousCounter":0,"rootKey":"yeqwm4uV9lqpY+SwT1roUu1w11GD8WsTUwEMhBDPxn4="},"indexInfo":{"baseKey":"BTQnuPDGqEiLGAXhlGT9ROXS0vFT4qgoy4F3YicBdgBh","baseKeyType":1,"closed":1746721107788,"used":1746721075870,"created":1746721075870,"remoteIdentityKey":"BVQfgxgM0h5F3uxr8mdS6ezUkjOu6FAS2NtintU4hOkD"},"_chains":{"BQ6KZ2oqt3NuBQE8rmZLsjghBFM4h8xpdBtjUG5kb5w9":{"chainKey":{"counter":0,"key":"bhFWZn1HXX+iCxHsRZZjuzjQSquaQsKD3q6F6EtsZPQ="},"chainType":1,"messageKeys":{}}},"pendingPreKey":{"signedKeyId":4,"baseKey":"BTQnuPDGqEiLGAXhlGT9ROXS0vFT4qgoy4F3YicBdgBh","preKeyId":2090401}},"BUWfgTujtDr44cQmtBUEoCD31+vaCquq2tMjG7oPIgsN":{"registrationId":1806719108,"currentRatchet":{"ephemeralKeyPair":{"pubKey":"BayvwBzGugYdonfWsjH8CXMFp0spwDIBSTZHisz0viMy","privKey":"sKhwur+9x0z0UcWhPKGsN43rF/19BF+ilg2xaAPJZX4="},"lastRemoteEphemeralKey":"Bc1n3CLsV3Z9RMUekJadu3y9hz9uUpVCBt5UKgfBjUMJ","previousCounter":0,"rootKey":"iyytYMzgWQ31lxYzQZxCautnf0lWq2wLGeGaVNuHlfg="},"indexInfo":{"baseKey":"BUWfgTujtDr44cQmtBUEoCD31+vaCquq2tMjG7oPIgsN","baseKeyType":1,"closed":-1,"used":1746721107435,"created":1746721107435,"remoteIdentityKey":"BVQfgxgM0h5F3uxr8mdS6ezUkjOu6FAS2NtintU4hOkD"},"_chains":{"BayvwBzGugYdonfWsjH8CXMFp0spwDIBSTZHisz0viMy":{"chainKey":{"counter":2,"key":"oEpJFcmfxSV4w8j7HmqR7knWz39xX15fmyO4gn4SuaY="},"chainType":1,"messageKeys":{}}},"pendingPreKey":{"signedKeyId":4,"baseKey":"BUWfgTujtDr44cQmtBUEoCD31+vaCquq2tMjG7oPIgsN","preKeyId":2090334}}},"version":"v1"}