{"_sessions":{"BWiHPZU8FQUDgadH36w+uSe8lJQ3TDDmLlqKRhxDvfdv":{"registrationId":1190217061,"currentRatchet":{"ephemeralKeyPair":{"pubKey":"BaUS25JWDcvI1gn6PO7KN+4v7VHKFApV2J8cmsMmvw8x","privKey":"EAkQQHTvhUIFASQL8cj8rTL+HmNKp8xYCSU/AYFhj3I="},"lastRemoteEphemeralKey":"BROq0WmMyP6BKC0jlC5ewqFMTKqdnju5Wa4Tr5zYRPVq","previousCounter":0,"rootKey":"Q2Q4Cu6vZGKIr7eqcxv51Rw+EeunfIuZv1Z6rd1Em+A="},"indexInfo":{"baseKey":"BWiHPZU8FQUDgadH36w+uSe8lJQ3TDDmLlqKRhxDvfdv","baseKeyType":1,"closed":1746721114806,"used":1746721083874,"created":1746721083874,"remoteIdentityKey":"BXXbFfmeXmb9svLC3oOS4GaqiAIDyOEYsSp/0V/g1zN1"},"_chains":{"BaUS25JWDcvI1gn6PO7KN+4v7VHKFApV2J8cmsMmvw8x":{"chainKey":{"counter":0,"key":"U71DDQzKxijbEUgufWrDCzmpNFYFDwTxx1rX17ZREKc="},"chainType":1,"messageKeys":{}}},"pendingPreKey":{"signedKeyId":4474280,"baseKey":"BWiHPZU8FQUDgadH36w+uSe8lJQ3TDDmLlqKRhxDvfdv"}},"BQgb7bP+uTyQAG3jndIl3gOZsFa8EoubIIQXQ3LAh+co":{"registrationId":1190217061,"currentRatchet":{"ephemeralKeyPair":{"pubKey":"BRwyjlReOuI2zitOK56ZeAwaUjo92Z22eWMhM9slqMso","privKey":"gFHVKnkagpjBMiOyEiBjRj0izWY3CgXdiiQgvI91RWg="},"lastRemoteEphemeralKey":"BROq0WmMyP6BKC0jlC5ewqFMTKqdnju5Wa4Tr5zYRPVq","previousCounter":0,"rootKey":"wvlKY8C6k1L4Ps4TBXjYFJlRDEHI/03WxmZSBTfrvbk="},"indexInfo":{"baseKey":"BQgb7bP+uTyQAG3jndIl3gOZsFa8EoubIIQXQ3LAh+co","baseKeyType":1,"closed":-1,"used":1746721114632,"created":1746721114632,"remoteIdentityKey":"BXXbFfmeXmb9svLC3oOS4GaqiAIDyOEYsSp/0V/g1zN1"},"_chains":{"BRwyjlReOuI2zitOK56ZeAwaUjo92Z22eWMhM9slqMso":{"chainKey":{"counter":2,"key":"EEnH3LgVHs5GL4PIoZmq0x+pneid7RKs1YBQVKNEJ9Q="},"chainType":1,"messageKeys":{}}},"pendingPreKey":{"signedKeyId":4474280,"baseKey":"BQgb7bP+uTyQAG3jndIl3gOZsFa8EoubIIQXQ3LAh+co"}}},"version":"v1"}