{"_sessions":{"BfV3MlwRN0dIfWQ1AvUY+sRO+Av4azxo8W24kAyl4hMh":{"registrationId":723281408,"currentRatchet":{"ephemeralKeyPair":{"pubKey":"BQqwF7kjGsBr5iTI3QhVloQ6zREEiTt8JTNakbcWynoW","privKey":"GLFCPSAfGOBbgCD+G1CEW20nDo9nIF4i7TfyWiW4CWs="},"lastRemoteEphemeralKey":"BS1CiFb4nLhSA6T56BhM/HsMdOOJ+p/nZPI2TRvniM4x","previousCounter":0,"rootKey":"t8u4iAZImBHHTIzO+28GoiHUQ6MOaYn51wQmEZWVdyw="},"indexInfo":{"baseKey":"BfV3MlwRN0dIfWQ1AvUY+sRO+Av4azxo8W24kAyl4hMh","baseKeyType":1,"closed":1746721122161,"used":1746721090273,"created":1746721090273,"remoteIdentityKey":"Bey0WjK8C6mKZ6LuAS6ssrWzOPGaWf6/Y0Xu7rBkYhsP"},"_chains":{"BQqwF7kjGsBr5iTI3QhVloQ6zREEiTt8JTNakbcWynoW":{"chainKey":{"counter":0,"key":"h5uWXfDDpyMM87fBlzUNMmBvHWk5WhFprD/7alAjAKk="},"chainType":1,"messageKeys":{}}},"pendingPreKey":{"signedKeyId":840145,"baseKey":"BfV3MlwRN0dIfWQ1AvUY+sRO+Av4azxo8W24kAyl4hMh","preKeyId":5986}},"BVfbvTNwzsY3Jrx0ZejD2LAOU/LdeiCjuWezI/dciW5M":{"registrationId":723281408,"currentRatchet":{"ephemeralKeyPair":{"pubKey":"BTfDhDewsNAKdl7tQNzOQUkM2lHwz4qjVUP1syWq/2lN","privKey":"iAhWh2Jp5y4y+VOai9JqXncVdDe0no9uLWfqkZyVr1Q="},"lastRemoteEphemeralKey":"BS1CiFb4nLhSA6T56BhM/HsMdOOJ+p/nZPI2TRvniM4x","previousCounter":0,"rootKey":"yqnDBlQ395OpafMXyiMqfvd0DGi65r7WrQa5MgVq2us="},"indexInfo":{"baseKey":"BVfbvTNwzsY3Jrx0ZejD2LAOU/LdeiCjuWezI/dciW5M","baseKeyType":1,"closed":-1,"used":1746721121565,"created":1746721121565,"remoteIdentityKey":"Bey0WjK8C6mKZ6LuAS6ssrWzOPGaWf6/Y0Xu7rBkYhsP"},"_chains":{"BTfDhDewsNAKdl7tQNzOQUkM2lHwz4qjVUP1syWq/2lN":{"chainKey":{"counter":2,"key":"2ZB6dL0F3Y/UMrkE13o4BHaJdSHwqAHhrcwr3Uxe/PI="},"chainType":1,"messageKeys":{}}},"pendingPreKey":{"signedKeyId":840145,"baseKey":"BVfbvTNwzsY3Jrx0ZejD2LAOU/LdeiCjuWezI/dciW5M","preKeyId":6068}}},"version":"v1"}