{"_sessions":{"BeonIrQrHN6EOIlXpWuiKpK6PaU9AJoqYJ1jsip+/h1N":{"registrationId":1407557265,"currentRatchet":{"ephemeralKeyPair":{"pubKey":"BWb4E3MCWMspl/yvlrc/FsQdcHx6HY9WxS7Y6X7zDVRR","privKey":"eLIAdh0ZKmiDGlcwlb45XUAkS5O9DAXs3PA1LXVKLl0="},"lastRemoteEphemeralKey":"BZLpK9ryZ+ivqWcGVQD5HZmBbZasAZw6xPmbvQrRIc8s","previousCounter":0,"rootKey":"MMd3YRZ6PSvC5Z4FdsR1myp2AWSZwW/D0i4r//BgEKU="},"indexInfo":{"baseKey":"BeonIrQrHN6EOIlXpWuiKpK6PaU9AJoqYJ1jsip+/h1N","baseKeyType":1,"closed":-1,"used":1746714522025,"created":1746714522025,"remoteIdentityKey":"BSo5+DrAUczo+kqTXi5k7MVOpXmEVUm6kmPbTs5NAz52"},"_chains":{"BWb4E3MCWMspl/yvlrc/FsQdcHx6HY9WxS7Y6X7zDVRR":{"chainKey":{"counter":0,"key":"KAJHFMTIC81ZDuV3iapCVq54A+F8mbD0N6XXGT9VJLI="},"chainType":1,"messageKeys":{}}},"pendingPreKey":{"signedKeyId":1,"baseKey":"BeonIrQrHN6EOIlXpWuiKpK6PaU9AJoqYJ1jsip+/h1N"}}},"version":"v1"}