{"_sessions":{"BZ1OMW6Pp9XPW3SZFxefTDsdgHAfHm1BC+oNPh553D0Q":{"registrationId":2125567313,"currentRatchet":{"ephemeralKeyPair":{"pubKey":"BetrV1k2kc7DTap/3QX2cFqg5dZyS/Oq3mfVzLnqi/8u","privKey":"2NsA08Wxj7mPXd+mT344Bl69K0JNxBVFs7dpO2l1FHQ="},"lastRemoteEphemeralKey":"BTiFOcqMxpYqbzLJSEP1SzqNUfUlRNXxSqwO43rZu9Iv","previousCounter":0,"rootKey":"kRPFppN/GpI4qfZ+7iujzCJsgmtbkFV2gH37ZDtjulo="},"indexInfo":{"baseKey":"BZ1OMW6Pp9XPW3SZFxefTDsdgHAfHm1BC+oNPh553D0Q","baseKeyType":1,"closed":-1,"used":1746714536421,"created":1746714536421,"remoteIdentityKey":"BVg6PtfK1eNSXBxHWOpGRTkhooujPO3EjmvW8ezRpgE/"},"_chains":{"BetrV1k2kc7DTap/3QX2cFqg5dZyS/Oq3mfVzLnqi/8u":{"chainKey":{"counter":0,"key":"mA6yjl0ZqqRh/y3sr0lV5THEwBlhlUzJdpY3A/1kqTs="},"chainType":1,"messageKeys":{}}},"pendingPreKey":{"signedKeyId":3,"baseKey":"BZ1OMW6Pp9XPW3SZFxefTDsdgHAfHm1BC+oNPh553D0Q","preKeyId":11561610}}},"version":"v1"}