{"_sessions":{"BVNDag/ebsnvKhohJd1zAK3/3anm2tZleIMuT6Ux1Ykj":{"registrationId":37093188,"currentRatchet":{"ephemeralKeyPair":{"pubKey":"BRQQMyxbpxHePCGwQk4Eu0NDAh16sFO1n2gwv0Yg4ZQi","privKey":"0Dbtp4OO9/nBxQfxI5/UZVwfm3V3Hp+pk+xnqDUuNlg="},"lastRemoteEphemeralKey":"BZQ13mNw2h0DV6TEvB9jmK8VH7L5xnHd87N/oAxA0eET","previousCounter":0,"rootKey":"YsUH/kjuLPK8HHguBbmZ1zu4YH/DybqehY2v3Fyc7Bc="},"indexInfo":{"baseKey":"BVNDag/ebsnvKhohJd1zAK3/3anm2tZleIMuT6Ux1Ykj","baseKeyType":1,"closed":1746721122174,"used":1746721090309,"created":1746721090309,"remoteIdentityKey":"BWqKXmgcQ+990G0QWh7L+St/hZI7t4O8t+eeqC76LMQr"},"_chains":{"BRQQMyxbpxHePCGwQk4Eu0NDAh16sFO1n2gwv0Yg4ZQi":{"chainKey":{"counter":0,"key":"S1/K6DuTCZubXgT+UHOkKH2QaVEMy74GDg5Xih1d6gg="},"chainType":1,"messageKeys":{}}},"pendingPreKey":{"signedKeyId":2,"baseKey":"BVNDag/ebsnvKhohJd1zAK3/3anm2tZleIMuT6Ux1Ykj","preKeyId":9020494}},"BY8i0Sm7YJjMy+SMcH8Dso8BX1qSRPjZo+sgKe5Zpj5d":{"registrationId":37093188,"currentRatchet":{"ephemeralKeyPair":{"pubKey":"BSk/5BipPVsA/hIahoZ84TTrSk3f3juviDlOlrb9GsEW","privKey":"0BdXNIIZruqFeNO+QQh+U04BpAhM3IKBKRkS3TtR4lQ="},"lastRemoteEphemeralKey":"BZQ13mNw2h0DV6TEvB9jmK8VH7L5xnHd87N/oAxA0eET","previousCounter":0,"rootKey":"I37/0LJlE4uqYIzeWi3W8XGCNHw7F4Yjdw0q6CFFLn0="},"indexInfo":{"baseKey":"BY8i0Sm7YJjMy+SMcH8Dso8BX1qSRPjZo+sgKe5Zpj5d","baseKeyType":1,"closed":-1,"used":1746721121615,"created":1746721121615,"remoteIdentityKey":"BWqKXmgcQ+990G0QWh7L+St/hZI7t4O8t+eeqC76LMQr"},"_chains":{"BSk/5BipPVsA/hIahoZ84TTrSk3f3juviDlOlrb9GsEW":{"chainKey":{"counter":2,"key":"GJnPHru4xBpl6F3dKtvRARGMmnfO5Eg97eRUWvlnwGo="},"chainType":1,"messageKeys":{}}},"pendingPreKey":{"signedKeyId":2,"baseKey":"BY8i0Sm7YJjMy+SMcH8Dso8BX1qSRPjZo+sgKe5Zpj5d","preKeyId":9022991}}},"version":"v1"}