{"_sessions":{"BdL46aoX8C/zze/zmcmaLMfrHOF1U7aSYUF4oohuVdgV":{"registrationId":467956122,"currentRatchet":{"ephemeralKeyPair":{"pubKey":"BTWccuenVyxwCgFIVBi+ScKdhLs5DO5hRyfh+7T1I2YW","privKey":"kCguaE2POl/ffpBJpmB60i2c/CzcGFjozeFugHkGx1M="},"lastRemoteEphemeralKey":"BR/DaZ4rpj5NqscamJwLpYm0WXncGybLNIsmZMWYVBYq","previousCounter":0,"rootKey":"fuqbxX456Ix3O/h0U5HqjMPm9wxl0fcVOrITSRJsLlg="},"indexInfo":{"baseKey":"BdL46aoX8C/zze/zmcmaLMfrHOF1U7aSYUF4oohuVdgV","baseKeyType":1,"closed":-1,"used":1746714536399,"created":1746714536399,"remoteIdentityKey":"BdIHGa8m5BMPvZKChi3FXlU9SRYsp8m0DYXw36qzxf5b"},"_chains":{"BTWccuenVyxwCgFIVBi+ScKdhLs5DO5hRyfh+7T1I2YW":{"chainKey":{"counter":0,"key":"MKPgAPdP6vhzPNrQWMhZXD07gSvqJuNN1r8w7rwfhSM="},"chainType":1,"messageKeys":{}}},"pendingPreKey":{"signedKeyId":8,"baseKey":"BdL46aoX8C/zze/zmcmaLMfrHOF1U7aSYUF4oohuVdgV","preKeyId":2259385}}},"version":"v1"}