{"_sessions":{"BSLNK0dAmFc6vMjdy/o1jrUn0UE3hMdRb0h3PzxD+8JD":{"registrationId":1649331195,"currentRatchet":{"ephemeralKeyPair":{"pubKey":"Bcg4MR2PnOomnAYvn/QvZs4b0jeNgaDQxMFqMiHDwssd","privKey":"IJkfEqlP2+qt6idhR6XB7BNIWFZNzmBe1LnhFQhAAXA="},"lastRemoteEphemeralKey":"BTz7vjbL1p5T+eUDPRI3TQqwthqZClTt3Aj+elOjIuBp","previousCounter":0,"rootKey":"5z8gczSWXm1VAJn2EUC3VvJ0aQq89ojz9abKJlF+KZ8="},"indexInfo":{"baseKey":"BSLNK0dAmFc6vMjdy/o1jrUn0UE3hMdRb0h3PzxD+8JD","baseKeyType":1,"closed":1746721107757,"used":1746721075761,"created":1746721075761,"remoteIdentityKey":"BQJXKoLu8XA4JsWGbrKp/ZbRkFUy5mu0veDNL5vuPHY6"},"_chains":{"Bcg4MR2PnOomnAYvn/QvZs4b0jeNgaDQxMFqMiHDwssd":{"chainKey":{"counter":0,"key":"W4HnZCM+UXwMpmsFgxVEyZvHlgIeVaD0x2BXFnxBokk="},"chainType":1,"messageKeys":{}}},"pendingPreKey":{"signedKeyId":3,"baseKey":"BSLNK0dAmFc6vMjdy/o1jrUn0UE3hMdRb0h3PzxD+8JD","preKeyId":5706005}},"BTIZxDc8kcpr7JcANRj6Jm0ZvuI80Hl7VyFX+NGl+aRV":{"registrationId":1649331195,"currentRatchet":{"ephemeralKeyPair":{"pubKey":"BcHJfyG8HHqVdZ2GxEMKOOQNs+iNAaECyE9f9+8t5oFc","privKey":"oGkYRKjwO/ZzAuqZ3cUZeLH9A4X/YWslwabqTaJSA0g="},"lastRemoteEphemeralKey":"BTz7vjbL1p5T+eUDPRI3TQqwthqZClTt3Aj+elOjIuBp","previousCounter":0,"rootKey":"O4WUmxVGqpc5wzvF4TlYdvcui8/McH9pkCfd/uEtjCI="},"indexInfo":{"baseKey":"BTIZxDc8kcpr7JcANRj6Jm0ZvuI80Hl7VyFX+NGl+aRV","baseKeyType":1,"closed":-1,"used":1746721107336,"created":1746721107336,"remoteIdentityKey":"BQJXKoLu8XA4JsWGbrKp/ZbRkFUy5mu0veDNL5vuPHY6"},"_chains":{"BcHJfyG8HHqVdZ2GxEMKOOQNs+iNAaECyE9f9+8t5oFc":{"chainKey":{"counter":2,"key":"3JAd/ZmgdHf44O1ECgwYigxXvPxUwz0qZ7hT/LGF6tk="},"chainType":1,"messageKeys":{}}},"pendingPreKey":{"signedKeyId":3,"baseKey":"BTIZxDc8kcpr7JcANRj6Jm0ZvuI80Hl7VyFX+NGl+aRV","preKeyId":5705404}}},"version":"v1"}