{"_sessions":{"BQBlGWacTIhuKH74aj80D1sB8zTBRGiTBvQzSi641kwC":{"registrationId":313453827,"currentRatchet":{"ephemeralKeyPair":{"pubKey":"BYUbXmUm8wyDhb9uTPIQjXmHmRaS0RIDzrA365mp0g5/","privKey":"2DwLV/swH/T5LgdQgfdHTrUxAvTFVUWfYykeurnJ3HY="},"lastRemoteEphemeralKey":"BVl3nFMNV0dGfluEm1oTBri1YKf122PXAjC6lrBcUKJP","previousCounter":0,"rootKey":"IdGFZdayJHO1GghBMt7zp+NGhFjROfmt7yRTMCdTgUs="},"indexInfo":{"baseKey":"BQBlGWacTIhuKH74aj80D1sB8zTBRGiTBvQzSi641kwC","baseKeyType":1,"closed":1746721099178,"used":1746721068978,"created":1746721068978,"remoteIdentityKey":"BXtF+IRVY+WrGYdRlKTd90DGTGUdA8qk2j0C36YAU6FT"},"_chains":{"BYUbXmUm8wyDhb9uTPIQjXmHmRaS0RIDzrA365mp0g5/":{"chainKey":{"counter":0,"key":"goWK/2f5pP+Bgh4HMKatdSRpyLAwUqc7955ujDrQHGA="},"chainType":1,"messageKeys":{}}},"pendingPreKey":{"signedKeyId":1,"baseKey":"BQBlGWacTIhuKH74aj80D1sB8zTBRGiTBvQzSi641kwC","preKeyId":3093}},"BcnAX9a2jLKUxWK1za6zxKBIJhuLCfP7F7g8GErnMxpn":{"registrationId":313453827,"currentRatchet":{"ephemeralKeyPair":{"pubKey":"BSyX0HELy5HoZWf45ZNDAKhCIWqUiP3GGi4ywkLETZ0G","privKey":"MFrOnHsjGwxnMzz0CAyyBEnXw7amfhAun2fklHuMtGo="},"lastRemoteEphemeralKey":"BVl3nFMNV0dGfluEm1oTBri1YKf122PXAjC6lrBcUKJP","previousCounter":0,"rootKey":"QWw0YYn0cfJ453tEAI3OUZkOTOCLplGLVpX+hd2QgKo="},"indexInfo":{"baseKey":"BcnAX9a2jLKUxWK1za6zxKBIJhuLCfP7F7g8GErnMxpn","baseKeyType":1,"closed":-1,"used":1746721098658,"created":1746721098658,"remoteIdentityKey":"BXtF+IRVY+WrGYdRlKTd90DGTGUdA8qk2j0C36YAU6FT"},"_chains":{"BSyX0HELy5HoZWf45ZNDAKhCIWqUiP3GGi4ywkLETZ0G":{"chainKey":{"counter":2,"key":"DnX+Rhu0i6Xkt5GfWKgFVsNMCOA1aPH1F90YmPtPE9M="},"chainType":1,"messageKeys":{}}},"pendingPreKey":{"signedKeyId":1,"baseKey":"BcnAX9a2jLKUxWK1za6zxKBIJhuLCfP7F7g8GErnMxpn","preKeyId":2708}}},"version":"v1"}