{"_sessions":{"BUvL+T4QIKztyDsiaeDCKD1gNHls/8eilqeCc6jXl5p6":{"registrationId":554816545,"currentRatchet":{"ephemeralKeyPair":{"pubKey":"BYcDSSazVDy51ysi/TM2mvykmUENx10irg5ZEPb+I9lW","privKey":"IFwVRQ+JgJje2qw/HHQ2DzlVX8oL6W3SCfgLgKZtzW8="},"lastRemoteEphemeralKey":"Bf0mUJXDOAzZi4yzrUJcSlGj2pdSauTM7HDjO7ILI8lA","previousCounter":0,"rootKey":"oJHlkKYgAORMswXYVoxE5YobcnLnb9dM8IoCR8TcSg4="},"indexInfo":{"baseKey":"BUvL+T4QIKztyDsiaeDCKD1gNHls/8eilqeCc6jXl5p6","baseKeyType":1,"closed":1746721114771,"used":1746721083731,"created":1746721083731,"remoteIdentityKey":"BcljR8A/GMtMrJhAsz2HG4Hz8Ze/Lkbg9sE7UKw1/Q4M"},"_chains":{"BYcDSSazVDy51ysi/TM2mvykmUENx10irg5ZEPb+I9lW":{"chainKey":{"counter":0,"key":"wkhhbeI/YPLUREo59SOeKALzevz9iqDYqIVEhMwXKbo="},"chainType":1,"messageKeys":{}}},"pendingPreKey":{"signedKeyId":13,"baseKey":"BUvL+T4QIKztyDsiaeDCKD1gNHls/8eilqeCc6jXl5p6","preKeyId":1042893}},"BdFeXArxE715WqEvoJBljtulT59oFvdx4m3EEXGxVeZw":{"registrationId":554816545,"currentRatchet":{"ephemeralKeyPair":{"pubKey":"BXXSJZuJiOj9egBkYMCMPj2g+Qb2Wa6al6dziWn+QPoZ","privKey":"ANRVOpwoomjkV5OX5c482Cf4O+9gGuV2ZcT/duk0HEc="},"lastRemoteEphemeralKey":"Bf0mUJXDOAzZi4yzrUJcSlGj2pdSauTM7HDjO7ILI8lA","previousCounter":0,"rootKey":"UCyoO3Nk/wzM+4+KVS2Tq5BG50PEix+0fjQFT6Fc8Lk="},"indexInfo":{"baseKey":"BdFeXArxE715WqEvoJBljtulT59oFvdx4m3EEXGxVeZw","baseKeyType":1,"closed":-1,"used":1746721114514,"created":1746721114514,"remoteIdentityKey":"BcljR8A/GMtMrJhAsz2HG4Hz8Ze/Lkbg9sE7UKw1/Q4M"},"_chains":{"BXXSJZuJiOj9egBkYMCMPj2g+Qb2Wa6al6dziWn+QPoZ":{"chainKey":{"counter":2,"key":"ghMpRsmdknGUMSVNX3nQfjh7Xv56PunVdFhO1VtZuB4="},"chainType":1,"messageKeys":{}}},"pendingPreKey":{"signedKeyId":13,"baseKey":"BdFeXArxE715WqEvoJBljtulT59oFvdx4m3EEXGxVeZw","preKeyId":1042329}}},"version":"v1"}