{"_sessions":{"Bfqk8Y8NbaMA1GybVQg827+ZJIWxuONJxV/7Sq06dyMO":{"registrationId":1200547489,"currentRatchet":{"ephemeralKeyPair":{"pubKey":"BTl9p+kyEsAGC8+afDhRkJX8/AMQAG2SXljP8lUl0/Ze","privKey":"SI+Bh9XGdNsL8OQmi/LXJe31SHgMeNJrI4B0JADBC2g="},"lastRemoteEphemeralKey":"BUaNLs8QjVwhrao197H2VAI2Prw/zOkLkGY0g/Zl804S","previousCounter":0,"rootKey":"1svy9kROBKKFMRcsfrBtJM6lWfHt7dJzMq2XqBbte8s="},"indexInfo":{"baseKey":"Bfqk8Y8NbaMA1GybVQg827+ZJIWxuONJxV/7Sq06dyMO","baseKeyType":1,"closed":1746721118472,"used":1746721087115,"created":1746721087115,"remoteIdentityKey":"Bc3t26OgcS1+QsJmwUrHLUrYuetdkhaq7Xt9sSD6vYVe"},"_chains":{"BTl9p+kyEsAGC8+afDhRkJX8/AMQAG2SXljP8lUl0/Ze":{"chainKey":{"counter":0,"key":"ffhQZvEBX9+lXyKZu+D0CoYBDB+G7g/C0wgHudkZTIc="},"chainType":1,"messageKeys":{}}},"pendingPreKey":{"signedKeyId":7526301,"baseKey":"Bfqk8Y8NbaMA1GybVQg827+ZJIWxuONJxV/7Sq06dyMO","preKeyId":7111}},"BUleJvUh7ShZESUy8vXdOnxbCprzsVMuzOfS5z8QeegV":{"registrationId":1200547489,"currentRatchet":{"ephemeralKeyPair":{"pubKey":"BcXJPDmkKC+O19SpSVd2zZuw0vMmRHzoc8XdONt0bMMD","privKey":"8HK+Tj7/hqijdaUXICsX51cibRS3OYkLQOm5g9fygnQ="},"lastRemoteEphemeralKey":"BUaNLs8QjVwhrao197H2VAI2Prw/zOkLkGY0g/Zl804S","previousCounter":0,"rootKey":"YTw20ddxQ+YbDxHCzJ6Udkiwsay60gGJeOrs7S1Ego8="},"indexInfo":{"baseKey":"BUleJvUh7ShZESUy8vXdOnxbCprzsVMuzOfS5z8QeegV","baseKeyType":1,"closed":-1,"used":1746721118099,"created":1746721118099,"remoteIdentityKey":"Bc3t26OgcS1+QsJmwUrHLUrYuetdkhaq7Xt9sSD6vYVe"},"_chains":{"BcXJPDmkKC+O19SpSVd2zZuw0vMmRHzoc8XdONt0bMMD":{"chainKey":{"counter":2,"key":"8Lr9zoyOo5fNoSZoHkYklPwiZ5FyhzBzJ25l6Jue+8I="},"chainType":1,"messageKeys":{}}},"pendingPreKey":{"signedKeyId":7526301,"baseKey":"BUleJvUh7ShZESUy8vXdOnxbCprzsVMuzOfS5z8QeegV","preKeyId":7029}}},"version":"v1"}