{"_sessions":{"BQgFPNY7FFn9x+WXgrtOJPqyHiXtL3WdoAVQwsLK7H4p":{"registrationId":523898315,"currentRatchet":{"ephemeralKeyPair":{"pubKey":"BRfilcVMcVQdA4HxaOO8lPUzJLEAHDvprAXC1MgpVrZY","privKey":"YL2X/6xyjlSfOAsmWXofiBxDtzoJs+qFHFeZsilwyV8="},"lastRemoteEphemeralKey":"BY/1Dg6UEY3kKFYmTLxqBJoH2yOfJrdvHF7egwJSMc50","previousCounter":0,"rootKey":"Nhg4lC4v6I93leLmNT61fOg3+aqwgcWgrfsZWfUm8Mo="},"indexInfo":{"baseKey":"BQgFPNY7FFn9x+WXgrtOJPqyHiXtL3WdoAVQwsLK7H4p","baseKeyType":1,"closed":1746721104013,"used":1746721072622,"created":1746721072622,"remoteIdentityKey":"BeVMS4EhnnCDopps/AG2jSiCjswVPPSRIZVhFIao6JNH"},"_chains":{"BRfilcVMcVQdA4HxaOO8lPUzJLEAHDvprAXC1MgpVrZY":{"chainKey":{"counter":0,"key":"2/FeNRPhX3kCmURoxDolUlJSSPUqG9iJgYFRxRER7A0="},"chainType":1,"messageKeys":{}}},"pendingPreKey":{"signedKeyId":0,"baseKey":"BQgFPNY7FFn9x+WXgrtOJPqyHiXtL3WdoAVQwsLK7H4p"}},"BcJCDvs9B8cYxgR06sTEYLm8aG56CzT+oIFLPUkMcHpi":{"registrationId":523898315,"currentRatchet":{"ephemeralKeyPair":{"pubKey":"BZ3kD3iEIv7pH91avkDg2yXkLjXFdsWbZxgx9g1mf7kp","privKey":"cHXcAWOGNAZsMPBunavsLmopmr9YdipPJ+8kwIse3E4="},"lastRemoteEphemeralKey":"BY/1Dg6UEY3kKFYmTLxqBJoH2yOfJrdvHF7egwJSMc50","previousCounter":0,"rootKey":"Q29m2kTbcmsHqCBCXa2Z+x0HoHV1QSlwgJ4rsy0qPfQ="},"indexInfo":{"baseKey":"BcJCDvs9B8cYxgR06sTEYLm8aG56CzT+oIFLPUkMcHpi","baseKeyType":1,"closed":-1,"used":1746721103451,"created":1746721103451,"remoteIdentityKey":"BeVMS4EhnnCDopps/AG2jSiCjswVPPSRIZVhFIao6JNH"},"_chains":{"BZ3kD3iEIv7pH91avkDg2yXkLjXFdsWbZxgx9g1mf7kp":{"chainKey":{"counter":2,"key":"GxSYtSFfQcmRW+JnVQXHvQuRINXZRDZPZjsenkwPj8o="},"chainType":1,"messageKeys":{}}},"pendingPreKey":{"signedKeyId":0,"baseKey":"BcJCDvs9B8cYxgR06sTEYLm8aG56CzT+oIFLPUkMcHpi"}}},"version":"v1"}