{"_sessions":{"BUPqjXUq8AoTWS1WGpzKE9hNEDhz/tv8OHkIwEyC+Zsq":{"registrationId":328540489,"currentRatchet":{"ephemeralKeyPair":{"pubKey":"BVgUlKoLiZiISAaXtBcf2ifQC0iAgr+woKC2oJcSxihz","privKey":"aCprWrv1+j/thWvEcP7V0lqnZZUvoEtjJT272d9OiHo="},"lastRemoteEphemeralKey":"BbLtWf2bwTw9J8iDu9e1m8kuVy79WlUCp/LGTzZWQt8l","previousCounter":0,"rootKey":"YvVIGJ1jPNJi1FuEnOBmxZ5Wgq8NtX5ZTyuPGVkvxa8="},"indexInfo":{"baseKey":"BUPqjXUq8AoTWS1WGpzKE9hNEDhz/tv8OHkIwEyC+Zsq","baseKeyType":1,"closed":1746721118509,"used":1746721087252,"created":1746721087252,"remoteIdentityKey":"BebB+8kBZdghq1gTj7gDHo6918/nL9sGlX6RoFC3EGsJ"},"_chains":{"BVgUlKoLiZiISAaXtBcf2ifQC0iAgr+woKC2oJcSxihz":{"chainKey":{"counter":0,"key":"Z6DvyRb0hvZDSuUDo6SmgNt/IA9UNO/pG0+znAcY4wk="},"chainType":1,"messageKeys":{}}},"pendingPreKey":{"signedKeyId":0,"baseKey":"BUPqjXUq8AoTWS1WGpzKE9hNEDhz/tv8OHkIwEyC+Zsq","preKeyId":16216885}},"BYyx3wXN9OKzxJMwcwN5VhHuESoWEsgX3VTddb7nQiQ4":{"registrationId":328540489,"currentRatchet":{"ephemeralKeyPair":{"pubKey":"BVudUkrgIULmPoQlUx/6U2LasPFU5rns8acQRcGvHQ0L","privKey":"mHy8jrd6q0nBN9eeIwkd5JPVO7PAxybf99FkCMQBCGM="},"lastRemoteEphemeralKey":"BbLtWf2bwTw9J8iDu9e1m8kuVy79WlUCp/LGTzZWQt8l","previousCounter":0,"rootKey":"ysyqoI204fDoxb72OAq42hV8mOTWRiwcyHH0w36a0Lw="},"indexInfo":{"baseKey":"BYyx3wXN9OKzxJMwcwN5VhHuESoWEsgX3VTddb7nQiQ4","baseKeyType":1,"closed":-1,"used":1746721118265,"created":1746721118265,"remoteIdentityKey":"BebB+8kBZdghq1gTj7gDHo6918/nL9sGlX6RoFC3EGsJ"},"_chains":{"BVudUkrgIULmPoQlUx/6U2LasPFU5rns8acQRcGvHQ0L":{"chainKey":{"counter":2,"key":"oVTfVOzALk0vuYDML3u4sveuFT2f3xEUOLEyUoqCZCM="},"chainType":1,"messageKeys":{}}},"pendingPreKey":{"signedKeyId":0,"baseKey":"BYyx3wXN9OKzxJMwcwN5VhHuESoWEsgX3VTddb7nQiQ4","preKeyId":16216872}}},"version":"v1"}