{"_sessions":{"BYD0VQsC7w4LHGsZ3Njbzb7V6ZcL/AcgQwQy6N3Cb5pS":{"registrationId":133721519,"currentRatchet":{"ephemeralKeyPair":{"pubKey":"BY5u+DI2yJRq3V1TESwFXXOuA6hR6zoxUmW3oqQSY7Yg","privKey":"GIKxGEw/i4cd8jaO8PC32xzw0EIM7sxjPspd2X8GG2s="},"lastRemoteEphemeralKey":"BTtC6wNJHnnrUfmd9r1Ks+OiAy5wDUE3RoP40t/cKEFx","previousCounter":0,"rootKey":"PHZMmdQ4SamX3uQ/oiaEdCedidkZ/k49M7CDu0Klw/8="},"indexInfo":{"baseKey":"BYD0VQsC7w4LHGsZ3Njbzb7V6ZcL/AcgQwQy6N3Cb5pS","baseKeyType":1,"closed":1746721114815,"used":1746721083915,"created":1746721083915,"remoteIdentityKey":"BUBba/SUN/YyMdiXvhSVls1bS2AhKRXyqXvuWtqiBKQn"},"_chains":{"BY5u+DI2yJRq3V1TESwFXXOuA6hR6zoxUmW3oqQSY7Yg":{"chainKey":{"counter":0,"key":"mamdLQMMU35B3xL5kJrBX3I6MKUE0t2D3YeHE84pIYY="},"chainType":1,"messageKeys":{}}},"pendingPreKey":{"signedKeyId":1,"baseKey":"BYD0VQsC7w4LHGsZ3Njbzb7V6ZcL/AcgQwQy6N3Cb5pS","preKeyId":4562826}},"BekgVsL7TitCOBSLu24UJSca+22xK2qmpH/UIUxLopgz":{"registrationId":133721519,"currentRatchet":{"ephemeralKeyPair":{"pubKey":"Bah42gf5uU7CRei+QUaWwZT5eq4MvloC4ae8LCa0E7wZ","privKey":"2DxbOeRyS29xoWezqPjYU37LUvk5vcSyFJ5InsU2snc="},"lastRemoteEphemeralKey":"BTtC6wNJHnnrUfmd9r1Ks+OiAy5wDUE3RoP40t/cKEFx","previousCounter":0,"rootKey":"lW2rMAPWLh3AwvY2UBzhlZvRPcl3k9K9e/GK6qPAAPE="},"indexInfo":{"baseKey":"BekgVsL7TitCOBSLu24UJSca+22xK2qmpH/UIUxLopgz","baseKeyType":1,"closed":-1,"used":1746721114672,"created":1746721114672,"remoteIdentityKey":"BUBba/SUN/YyMdiXvhSVls1bS2AhKRXyqXvuWtqiBKQn"},"_chains":{"Bah42gf5uU7CRei+QUaWwZT5eq4MvloC4ae8LCa0E7wZ":{"chainKey":{"counter":2,"key":"FOfZTD/upyWo//TBFpeu3kRjrJU1wCiFOauvYdSNwHM="},"chainType":1,"messageKeys":{}}},"pendingPreKey":{"signedKeyId":1,"baseKey":"BekgVsL7TitCOBSLu24UJSca+22xK2qmpH/UIUxLopgz","preKeyId":4562147}}},"version":"v1"}