{"_sessions":{"BcqhzDcqOzdnOtv7/KGAIt0Jdaifx2NmKiDJ4DRjBFMH":{"registrationId":210,"currentRatchet":{"ephemeralKeyPair":{"pubKey":"BWNgIY/TnK+z7jJwBwjwG4kYSNp+KlLCUhWFWnZ3Pr1a","privKey":"OGPJv38O180OTQicbO/pTpaGX8mW406kFKDtsbUCbkg="},"lastRemoteEphemeralKey":"BaUyZsLhraMXLIHUhnlPCGZ3EnigPsB+gPrNwPdX3vdv","previousCounter":0,"rootKey":"Xb4oT+o7OX2NyZEsMRsySGrdJdaqXz25X3/gSX3BQFY="},"indexInfo":{"baseKey":"BcqhzDcqOzdnOtv7/KGAIt0Jdaifx2NmKiDJ4DRjBFMH","baseKeyType":1,"closed":-1,"used":1746714522085,"created":1746714522085,"remoteIdentityKey":"BQ8VleL1UI9PhFYzG6yeljiqWsCDmMcYHt9M2NWoXkVY"},"_chains":{"BWNgIY/TnK+z7jJwBwjwG4kYSNp+KlLCUhWFWnZ3Pr1a":{"chainKey":{"counter":0,"key":"Zfe8AO3kiBcknI/1rGLZebl0YjD2WhblzrOS5Duh+LY="},"chainType":1,"messageKeys":{}}},"pendingPreKey":{"signedKeyId":1,"baseKey":"BcqhzDcqOzdnOtv7/KGAIt0Jdaifx2NmKiDJ4DRjBFMH"}}},"version":"v1"}