{"_sessions":{"BTf0tD2TO6vscCHvqoFfy2VDf0K7eW1pP3NOqO5Do/Yk":{"registrationId":901915111,"currentRatchet":{"ephemeralKeyPair":{"pubKey":"BUWIsYKwI0RsgjtbAgV35twEvrRCvtMzoMPzNeMGoiEM","privKey":"CHnF4NKHwcZYlp1+sEzoDAH6hjlgBLydAl40r59I50I="},"lastRemoteEphemeralKey":"BQIsgI3XaISwX3zejgsX+ft6cofggeW3u0RqatN1YfBh","previousCounter":0,"rootKey":"adTePEimftlGsTeWIHiWg+XEWlZFC2Qtk2bZcF0cazo="},"indexInfo":{"baseKey":"BTf0tD2TO6vscCHvqoFfy2VDf0K7eW1pP3NOqO5Do/Yk","baseKeyType":1,"closed":-1,"used":1746714529555,"created":1746714529555,"remoteIdentityKey":"BWPEtbJ7YxcQqeCJXD77V8DZwQ+auDLimv8xGyqlZ1RJ"},"_chains":{"BUWIsYKwI0RsgjtbAgV35twEvrRCvtMzoMPzNeMGoiEM":{"chainKey":{"counter":0,"key":"g2AKoLSjfBiH/UeI9Bvgo1qMU1UyMj0eIIM0PSr+uGk="},"chainType":1,"messageKeys":{}}},"pendingPreKey":{"signedKeyId":22,"baseKey":"BTf0tD2TO6vscCHvqoFfy2VDf0K7eW1pP3NOqO5Do/Yk","preKeyId":536889}}},"version":"v1"}