{"_sessions":{"BaLruZSpQswN26Aa55AJFLaLu0OlgutCB9Ehks0fThlz":{"registrationId":2130367481,"currentRatchet":{"ephemeralKeyPair":{"pubKey":"BX3BsDmzlXYsE4vpZh0bNDfafATBnWixEF8Tmx74a1lf","privKey":"gADKtZtVFDeC5ugoS3zL3Gl5vmdoJBMjMDKLpqsKilw="},"lastRemoteEphemeralKey":"BXlB9xNWzc/IsJNzGajXUEyHoN9a6qX7PCMRaR+6TNZP","previousCounter":0,"rootKey":"xgc215BrSDmbhazj1DYMb6T/Q1haH+smLWOmD8KW71E="},"indexInfo":{"baseKey":"BaLruZSpQswN26Aa55AJFLaLu0OlgutCB9Ehks0fThlz","baseKeyType":1,"closed":-1,"used":1746714536562,"created":1746714536562,"remoteIdentityKey":"BdD7mbd8Hp6j+vLjvmI7WBUMVOZkCHci7DQTdyRVDWNs"},"_chains":{"BX3BsDmzlXYsE4vpZh0bNDfafATBnWixEF8Tmx74a1lf":{"chainKey":{"counter":0,"key":"wweX5CbIFau8nn2fetgPfHjwMnKayn3Z0VWMq5GP2qE="},"chainType":1,"messageKeys":{}}},"pendingPreKey":{"signedKeyId":1,"baseKey":"BaLruZSpQswN26Aa55AJFLaLu0OlgutCB9Ehks0fThlz"}}},"version":"v1"}