{"_sessions":{"Bb+5PkSMa/9sZg9BY+DMtnVJyemApevSjCJ5LN3ZfBsE":{"registrationId":1076120478,"currentRatchet":{"ephemeralKeyPair":{"pubKey":"Bf/ls+UjUpACVhExQNtRVUbQYBvUhU8WkybfKObF26sR","privKey":"8NkCGY3NENm4/QKz67eUVXOU6ZA6BkmYoe9JHTMcT3M="},"lastRemoteEphemeralKey":"Bet/OIkASvX9lx0G7oKzSXT648PtQDLHFHdQmsQS9a1N","previousCounter":0,"rootKey":"3T2iLlq6PwD5jnvGFhUMcA09jCjNrxsclWMUX9vxbYg="},"indexInfo":{"baseKey":"Bb+5PkSMa/9sZg9BY+DMtnVJyemApevSjCJ5LN3ZfBsE","baseKeyType":1,"closed":-1,"used":1746714522317,"created":1746714522317,"remoteIdentityKey":"BSabccnqnMPA0NnP4idswutQZ1ZVQIL3vi/8s8oM57BV"},"_chains":{"Bf/ls+UjUpACVhExQNtRVUbQYBvUhU8WkybfKObF26sR":{"chainKey":{"counter":0,"key":"pCsxn7WJuMUUUL611GHlfXSjqr7d2tZnIWaxIRxK0Ic="},"chainType":1,"messageKeys":{}}},"pendingPreKey":{"signedKeyId":0,"baseKey":"Bb+5PkSMa/9sZg9BY+DMtnVJyemApevSjCJ5LN3ZfBsE","preKeyId":12530601}}},"version":"v1"}