{"_sessions":{"BW6k8U34Z18/7Kq5yirQr4ghqp7Tz7zL5VGVHJgVJzJB":{"registrationId":1710508367,"currentRatchet":{"ephemeralKeyPair":{"pubKey":"BZIwdcLn939kPvBmdspr5050hTb5NHD84gIa+URQFxBm","privKey":"oKeM/Fyc8z4cxnbKuHHBckUckwke6PQcPR03GHIBN2s="},"lastRemoteEphemeralKey":"BZgU1Q3p54tcP6MB+iRfZAs96EzHqm8H7/fDwS6lsdFq","previousCounter":0,"rootKey":"4f8PoqgHnkZ+PFtLC8z/lyPoQvOqMLZAAkQ0FdB8aKs="},"indexInfo":{"baseKey":"BW6k8U34Z18/7Kq5yirQr4ghqp7Tz7zL5VGVHJgVJzJB","baseKeyType":1,"closed":1746721107802,"used":1746721075931,"created":1746721075931,"remoteIdentityKey":"BRzWWXlNrJjo9HH2Y0NlQMyM593cwzpbFXSW1l8Q78JX"},"_chains":{"BZIwdcLn939kPvBmdspr5050hTb5NHD84gIa+URQFxBm":{"chainKey":{"counter":0,"key":"rTxCpXmFstXnUe3whkg5d134fFD4D8xL45wzn5r7/GA="},"chainType":1,"messageKeys":{}}},"pendingPreKey":{"signedKeyId":1,"baseKey":"BW6k8U34Z18/7Kq5yirQr4ghqp7Tz7zL5VGVHJgVJzJB","preKeyId":6986323}},"BZ4Waisiifs14i5LWZlSc4xwkbVmLzoT/pUC5mkXvFcq":{"registrationId":1710508367,"currentRatchet":{"ephemeralKeyPair":{"pubKey":"BUvirgcS1rexP9AMeo9nAYN1nZ2aMH2WaA61C127h9w8","privKey":"2ISO/rvk/oEwyTgLnPHVdVkHelux9o2BOKPEtvFgFXo="},"lastRemoteEphemeralKey":"BZgU1Q3p54tcP6MB+iRfZAs96EzHqm8H7/fDwS6lsdFq","previousCounter":0,"rootKey":"LCbopTepW6ACKUNxcQobfSd6QnIo8cZwGBr+lw3GGRo="},"indexInfo":{"baseKey":"BZ4Waisiifs14i5LWZlSc4xwkbVmLzoT/pUC5mkXvFcq","baseKeyType":1,"closed":-1,"used":1746721107491,"created":1746721107491,"remoteIdentityKey":"BRzWWXlNrJjo9HH2Y0NlQMyM593cwzpbFXSW1l8Q78JX"},"_chains":{"BUvirgcS1rexP9AMeo9nAYN1nZ2aMH2WaA61C127h9w8":{"chainKey":{"counter":2,"key":"EIudLp+ujeEWe4E/adlw4dUczNoQFRahGO9THlNOHTM="},"chainType":1,"messageKeys":{}}},"pendingPreKey":{"signedKeyId":1,"baseKey":"BZ4Waisiifs14i5LWZlSc4xwkbVmLzoT/pUC5mkXvFcq","preKeyId":6986322}}},"version":"v1"}