{"_sessions":{"BUYmfzSD0tq8KX2U++G7KvYOry7TTArtkw1IOb5FwAIZ":{"registrationId":424356171,"currentRatchet":{"ephemeralKeyPair":{"pubKey":"BUVRsg2y40W5m/Ml2SxLc2XkeqlgrOQSJm3nDo9zUxcR","privKey":"OCG1ilVeNEd6M9C4D6H3DGQLf09b6JmEpZkkq73dvUk="},"lastRemoteEphemeralKey":"BY/yzWTO0aVoz1M0eMWWXXh6IyaH9dQR3j3uBsjfV0hW","previousCounter":0,"rootKey":"aCA7OdJvtK0M6ReaEJsKq80nFQv3wKDVgeh6/nkM9HE="},"indexInfo":{"baseKey":"BUYmfzSD0tq8KX2U++G7KvYOry7TTArtkw1IOb5FwAIZ","baseKeyType":1,"closed":1746721103948,"used":1746721072540,"created":1746721072540,"remoteIdentityKey":"BTlIzWrRrCO6dlcAExrIDGRBGllITWbqg/pOvRBLGEgC"},"_chains":{"BUVRsg2y40W5m/Ml2SxLc2XkeqlgrOQSJm3nDo9zUxcR":{"chainKey":{"counter":0,"key":"z3YjTbdmAbFJ7otNDqWFoPn3lfvAApkSdEp4EGUjHHQ="},"chainType":1,"messageKeys":{}}},"pendingPreKey":{"signedKeyId":4,"baseKey":"BUYmfzSD0tq8KX2U++G7KvYOry7TTArtkw1IOb5FwAIZ","preKeyId":15075316}},"BeWQdQyTj/v86wU85SuV6aTgXvC1JLBG61ACN391JWt+":{"registrationId":424356171,"currentRatchet":{"ephemeralKeyPair":{"pubKey":"BdrTnkpbluprQBhn69SloQzS7Gb+blvLyqr8+N+ihdgT","privKey":"6P+G4SjlOkO8sPyPSFqHza3WwK4wFr1lpbMw9mcyAXw="},"lastRemoteEphemeralKey":"BY/yzWTO0aVoz1M0eMWWXXh6IyaH9dQR3j3uBsjfV0hW","previousCounter":0,"rootKey":"GXsE+7ANUZV5JIDyMB54cvQUS9xApOSrEVRaw2u0+84="},"indexInfo":{"baseKey":"BeWQdQyTj/v86wU85SuV6aTgXvC1JLBG61ACN391JWt+","baseKeyType":1,"closed":-1,"used":1746721103373,"created":1746721103373,"remoteIdentityKey":"BTlIzWrRrCO6dlcAExrIDGRBGllITWbqg/pOvRBLGEgC"},"_chains":{"BdrTnkpbluprQBhn69SloQzS7Gb+blvLyqr8+N+ihdgT":{"chainKey":{"counter":2,"key":"0z6O6Ond7sUySOL8bFdVaF9hwceqNknaKMNqMH2/EG0="},"chainType":1,"messageKeys":{}}},"pendingPreKey":{"signedKeyId":4,"baseKey":"BeWQdQyTj/v86wU85SuV6aTgXvC1JLBG61ACN391JWt+","preKeyId":15075471}}},"version":"v1"}