{"_sessions":{"BencFAPbCm/LHT6KHvsLDKbKnnZTvn9lqb9ILSe22t5T":{"registrationId":192327350,"currentRatchet":{"ephemeralKeyPair":{"pubKey":"BXbMhhO3f2tjGuwmYGsVWb9KfBXpXr/9WcapUd1FPGlM","privKey":"8PSGLqghz5egjy0BNK78ARLhz4PGgcx0hUPOeOt/UFo="},"lastRemoteEphemeralKey":"BTAgrzzy3bEMeTlPjXqDgdx/H1KOsOpbv02dzGL+nx4Y","previousCounter":0,"rootKey":"ziDZvRmJkF2pQXstpCSDTWnELm7WhwOyHUyOQWOSJQs="},"indexInfo":{"baseKey":"BencFAPbCm/LHT6KHvsLDKbKnnZTvn9lqb9ILSe22t5T","baseKeyType":1,"closed":-1,"used":1746714525741,"created":1746714525741,"remoteIdentityKey":"BRzyt4UmRQmhzy73nDMHMnCsNHPVHeCAPT+QgyX9xkhA"},"_chains":{"BXbMhhO3f2tjGuwmYGsVWb9KfBXpXr/9WcapUd1FPGlM":{"chainKey":{"counter":0,"key":"0xrT1XWDuOANGh1BmaGZL7nxvCFrl5oUyYXvwTg/iGo="},"chainType":1,"messageKeys":{}}},"pendingPreKey":{"signedKeyId":1,"baseKey":"BencFAPbCm/LHT6KHvsLDKbKnnZTvn9lqb9ILSe22t5T","preKeyId":12826080}}},"version":"v1"}