{"_sessions":{"BSoUTEKwVZijps3/eRV5V3dEFgkjOxeL7733IiEvTOlQ":{"registrationId":1320068772,"currentRatchet":{"ephemeralKeyPair":{"pubKey":"BawTtQJko16Maf9DlEY34x0ELnP9wSy/rAvz76swEEIu","privKey":"6NkSP9FXv+tYgaLHQIuTT+arHU/rjJHUsKO1D7RBDlU="},"lastRemoteEphemeralKey":"BSAVuON3LsdOC2hYgjwdo4pbrhJSxzaawr78dTa228Zx","previousCounter":0,"rootKey":"WdLGYubnSFU+dtbncKcl5EaQD86K9RRZA0WOLgs48Ew="},"indexInfo":{"baseKey":"BSoUTEKwVZijps3/eRV5V3dEFgkjOxeL7733IiEvTOlQ","baseKeyType":1,"closed":1746721107792,"used":1746721075887,"created":1746721075887,"remoteIdentityKey":"BfKVxtIZIUkrwpymzkXRukv2v3YPGF+LHajMb5YRI5wQ"},"_chains":{"BawTtQJko16Maf9DlEY34x0ELnP9wSy/rAvz76swEEIu":{"chainKey":{"counter":0,"key":"EmxTCRbGW0nofLGHYSxnNmgRrWSfXg9CYFdDKC1IleA="},"chainType":1,"messageKeys":{}}},"pendingPreKey":{"signedKeyId":1,"baseKey":"BSoUTEKwVZijps3/eRV5V3dEFgkjOxeL7733IiEvTOlQ","preKeyId":10247122}},"BaywvGQIC1xb0uDFmC0OxFtwrOoangEdkykXpppNXgY0":{"registrationId":1320068772,"currentRatchet":{"ephemeralKeyPair":{"pubKey":"BcuEF0w/76WzzuO5HJInx4ffK3REp81dTSdMZ+tO3wJC","privKey":"6Cx13yC4ORbEgTWuL2LStO3Q8zpj6oao+mTGEQ8gol8="},"lastRemoteEphemeralKey":"BSAVuON3LsdOC2hYgjwdo4pbrhJSxzaawr78dTa228Zx","previousCounter":0,"rootKey":"cdlVCqKeyZaAuvP4EEn97NSdkf2m4IOc7kAuTl55I3s="},"indexInfo":{"baseKey":"BaywvGQIC1xb0uDFmC0OxFtwrOoangEdkykXpppNXgY0","baseKeyType":1,"closed":-1,"used":1746721107451,"created":1746721107451,"remoteIdentityKey":"BfKVxtIZIUkrwpymzkXRukv2v3YPGF+LHajMb5YRI5wQ"},"_chains":{"BcuEF0w/76WzzuO5HJInx4ffK3REp81dTSdMZ+tO3wJC":{"chainKey":{"counter":2,"key":"Q4I0xN0WUlwaKE4Y97b9hmZ04XKndUnyTNRi91bVufQ="},"chainType":1,"messageKeys":{}}},"pendingPreKey":{"signedKeyId":1,"baseKey":"BaywvGQIC1xb0uDFmC0OxFtwrOoangEdkykXpppNXgY0","preKeyId":10247098}}},"version":"v1"}