{"_sessions":{"BQFF82xBGLO49JkwEGTcLrsXrg3crZREBqFgO/7HlK5D":{"registrationId":854586567,"currentRatchet":{"ephemeralKeyPair":{"pubKey":"BVPpegef+Q4aj7/YDb7Hh/EzhzewSsdzC1NAvrC5/0Qr","privKey":"gEN6ibFKh4rQ3SGhEAycNW7GpKDyktMjZGDjCIZLO14="},"lastRemoteEphemeralKey":"BTgF54GMfXtB6KImIHJZMsE2TRkyLHbUTU1BDJIKKsoh","previousCounter":0,"rootKey":"wHMrZf3HZ9LF0eWEfqUD4qrPBe+y1dwHW2sPscRutvU="},"indexInfo":{"baseKey":"BQFF82xBGLO49JkwEGTcLrsXrg3crZREBqFgO/7HlK5D","baseKeyType":1,"closed":1746721114757,"used":1746721083671,"created":1746721083671,"remoteIdentityKey":"BcqDhLOK8gOYRrZH4nkLTmXy8wCHvtRMEz0vrwGaWFpG"},"_chains":{"BVPpegef+Q4aj7/YDb7Hh/EzhzewSsdzC1NAvrC5/0Qr":{"chainKey":{"counter":0,"key":"Eax8fj0J4QxakRI1k6/KvpbgxTwUWqpJFZHeJTUnhKg="},"chainType":1,"messageKeys":{}}},"pendingPreKey":{"signedKeyId":53,"baseKey":"BQFF82xBGLO49JkwEGTcLrsXrg3crZREBqFgO/7HlK5D","preKeyId":8949744}},"BWdIfLRir9AlZ22FeeEpqSil6g3+lo9MgvLHS/vi2RMr":{"registrationId":854586567,"currentRatchet":{"ephemeralKeyPair":{"pubKey":"BYjQdXaZohHH9EYj6YdJJ+jcEXfvmfM5qetxIWCLodAD","privKey":"UD2+XxfHplPYzZ4IhVhLPFTBtqeu8w6276CWj8RGSG0="},"lastRemoteEphemeralKey":"BTgF54GMfXtB6KImIHJZMsE2TRkyLHbUTU1BDJIKKsoh","previousCounter":0,"rootKey":"Df8PDgf/kqgclu7rxYyqL0lOtrPgZfRdSVz/yP6HFWE="},"indexInfo":{"baseKey":"BWdIfLRir9AlZ22FeeEpqSil6g3+lo9MgvLHS/vi2RMr","baseKeyType":1,"closed":-1,"used":1746721114456,"created":1746721114456,"remoteIdentityKey":"BcqDhLOK8gOYRrZH4nkLTmXy8wCHvtRMEz0vrwGaWFpG"},"_chains":{"BYjQdXaZohHH9EYj6YdJJ+jcEXfvmfM5qetxIWCLodAD":{"chainKey":{"counter":2,"key":"QI5nwPA4CIgFVfQJKS2s6W961yy/0hGmVwPPdDS+9F4="},"chainType":1,"messageKeys":{}}},"pendingPreKey":{"signedKeyId":53,"baseKey":"BWdIfLRir9AlZ22FeeEpqSil6g3+lo9MgvLHS/vi2RMr","preKeyId":8949130}}},"version":"v1"}