{"_sessions":{"BQoCS7orYAaSIJCDQEnkQeWZuC+ogIlRAzZ486GpyJl0":{"registrationId":723520434,"currentRatchet":{"ephemeralKeyPair":{"pubKey":"BfhloFlYURewFO6KpUfaNMPaDK1sbsVRovmNE1QdMaZu","privKey":"oLLzyMKdxNnHZTS4p3UY8qCV6KPjK1UQtG+aysdTRVU="},"lastRemoteEphemeralKey":"BUYsp0WUBxlYQMVFtJL0d//O4WkKegFYJ1h9mSChJ/pz","previousCounter":0,"rootKey":"KUtAZS3g57hBGtQTunhL1DJ3xkj7RFpe9TkfR0/rAhM="},"indexInfo":{"baseKey":"BQoCS7orYAaSIJCDQEnkQeWZuC+ogIlRAzZ486GpyJl0","baseKeyType":1,"closed":1746721099203,"used":1746721069002,"created":1746721069002,"remoteIdentityKey":"BYJRhhmwjVNoWD7rJc+wdv/Mdo2er0qYMEdbh6nl7o5n"},"_chains":{"BfhloFlYURewFO6KpUfaNMPaDK1sbsVRovmNE1QdMaZu":{"chainKey":{"counter":0,"key":"39TwV+BQRHl+kVgjWaUa+s8D4lTpD/YUfTrNcQF5UFw="},"chainType":1,"messageKeys":{}}},"pendingPreKey":{"signedKeyId":1,"baseKey":"BQoCS7orYAaSIJCDQEnkQeWZuC+ogIlRAzZ486GpyJl0"}},"BYocvFte2DLt5gXhEqASCjgxjJAgAVFlKHlQ47U8aRVa":{"registrationId":723520434,"currentRatchet":{"ephemeralKeyPair":{"pubKey":"BQalq2bQuX/lJDI7mcyT+DrE2mEfJADE3dc+MQHoN+B7","privKey":"CCbIlGpO3y/Neo2GEVTKfFpmzLR40OYxf5HzJI2zQ2Q="},"lastRemoteEphemeralKey":"BUYsp0WUBxlYQMVFtJL0d//O4WkKegFYJ1h9mSChJ/pz","previousCounter":0,"rootKey":"ezA15/Gj9YCT7aCGybSNqzFSMtr7dcbd5n9Ll3Do4rE="},"indexInfo":{"baseKey":"BYocvFte2DLt5gXhEqASCjgxjJAgAVFlKHlQ47U8aRVa","baseKeyType":1,"closed":-1,"used":1746721098678,"created":1746721098678,"remoteIdentityKey":"BYJRhhmwjVNoWD7rJc+wdv/Mdo2er0qYMEdbh6nl7o5n"},"_chains":{"BQalq2bQuX/lJDI7mcyT+DrE2mEfJADE3dc+MQHoN+B7":{"chainKey":{"counter":2,"key":"Jrhq+4deoaKgViwzGXBjmEGe/wyCWm3dJjrxFNK5djw="},"chainType":1,"messageKeys":{}}},"pendingPreKey":{"signedKeyId":1,"baseKey":"BYocvFte2DLt5gXhEqASCjgxjJAgAVFlKHlQ47U8aRVa"}}},"version":"v1"}