{"_sessions":{"BTi4QeJ2hVVjc7GWdzz8oZlB/Ssvdii4MaXD/hPUKmwY":{"registrationId":1525760775,"currentRatchet":{"ephemeralKeyPair":{"pubKey":"BRfDJEX5Hkj1wbK8qGufEEMZoU3PMUiP90i7xHt75v0M","privKey":"6Mpq/j+U9/EvS2cXvdj7nMyuvPum35UnwSbNeRt5Fng="},"lastRemoteEphemeralKey":"BcoxOR5IjGyznpZfbQccBFqzae4fP5xXZ810yhYNNA9X","previousCounter":0,"rootKey":"t1TzAmk4FMNmUF3yBrxwqORHQb+K62VXpPAqANeBtKw="},"indexInfo":{"baseKey":"BTi4QeJ2hVVjc7GWdzz8oZlB/Ssvdii4MaXD/hPUKmwY","baseKeyType":1,"closed":-1,"used":1746714536231,"created":1746714536231,"remoteIdentityKey":"BQoEpb80P3de0NJiGH78hT/xmGHz37/Xij0oTUMA1iUW"},"_chains":{"BRfDJEX5Hkj1wbK8qGufEEMZoU3PMUiP90i7xHt75v0M":{"chainKey":{"counter":0,"key":"p79vqTJvK4JcsahJFP7VXvC/zb6qFPUIRMKAN/E++mo="},"chainType":1,"messageKeys":{}}},"pendingPreKey":{"signedKeyId":10,"baseKey":"BTi4QeJ2hVVjc7GWdzz8oZlB/Ssvdii4MaXD/hPUKmwY"}}},"version":"v1"}