{"_sessions":{"BTfTRk+V/sKvS7Lu3fAUEKuOho91MDB8gV6i9IruJO9Z":{"registrationId":239187675,"currentRatchet":{"ephemeralKeyPair":{"pubKey":"BYq+47E1p5mYNYuPOSki3+PK+1MYNsM2yRIOoUpZxqMG","privKey":"eFrrleI8ELmLjFL8Jg7h8pglRQncmT2G6+Pcs35Th3M="},"lastRemoteEphemeralKey":"BfQIBrkc9bFodErgpyMjPQZcu0w1fqDwXIwX07hSCJ85","previousCounter":0,"rootKey":"0vhC1U4XzdKbFNOiS7q9gwBuSAVUMOmimZrcW8IjkIg="},"indexInfo":{"baseKey":"BTfTRk+V/sKvS7Lu3fAUEKuOho91MDB8gV6i9IruJO9Z","baseKeyType":2,"closed":-1,"used":1746714369257,"created":1746714369257,"remoteIdentityKey":"BWVy02ES3ZaPjtO/eG6lME/HGflXVcgbpdw1lpD8wT03"},"_chains":{"BfQIBrkc9bFodErgpyMjPQZcu0w1fqDwXIwX07hSCJ85":{"chainKey":{"counter":1,"key":"LEZiSVF0rJ8N38Dv3ciq+GGUSfF8kUVBdTn3A7jAsrM="},"chainType":2,"messageKeys":{"0":"Z8YFq0IeT4+xonPSCzocIWKm26Th0ERohy4nxKvl8zY="}},"BYq+47E1p5mYNYuPOSki3+PK+1MYNsM2yRIOoUpZxqMG":{"chainKey":{"counter":0,"key":"Zu7PGBoeAMpRCWhj6cghiHNnpTG5CjYYqeyIKSot6+w="},"chainType":1,"messageKeys":{}}}}},"version":"v1"}