{"_sessions":{"BbSIq16YFP3kcjXJB66HcQEJVPLLcI1/tAoQh1IxDn4V":{"registrationId":1379070837,"currentRatchet":{"ephemeralKeyPair":{"pubKey":"BSiC64sKveD7dSYAOhoL/bOh/xxDDtavLSDTSENBuBEv","privKey":"EAZAYr0TJli0tfvZS8VNKp5CrTocHDc8pI030A+3D2Q="},"lastRemoteEphemeralKey":"BQcTfmSannr1npSvlYacdvQC1snBY7ys3unmX6vjGqBs","previousCounter":0,"rootKey":"/8WSBPNKAE0sdV8NA4wD+nft6mu21+Om4Ha3cpxQ3dA="},"indexInfo":{"baseKey":"BbSIq16YFP3kcjXJB66HcQEJVPLLcI1/tAoQh1IxDn4V","baseKeyType":1,"closed":1746721099433,"used":1746721069223,"created":1746721069223,"remoteIdentityKey":"BYfOxOpEhK4tPkDQ4YFsWpvwtzaSYdv9fda3bMQbCZIq"},"_chains":{"BSiC64sKveD7dSYAOhoL/bOh/xxDDtavLSDTSENBuBEv":{"chainKey":{"counter":0,"key":"RSn+xxA0FHGX+J1+ZUmCDps9Y1xW/tKvyXQKCkn/zkQ="},"chainType":1,"messageKeys":{}}},"pendingPreKey":{"signedKeyId":2,"baseKey":"BbSIq16YFP3kcjXJB66HcQEJVPLLcI1/tAoQh1IxDn4V","preKeyId":4760236}},"Ba/7JTx4IblWFe7zMYJzVxKTgo96sR0+q0oeVKBUHDxk":{"registrationId":1379070837,"currentRatchet":{"ephemeralKeyPair":{"pubKey":"BYHg/4EyP6ABxsAckbpPs5/sgqRZalgUpcJFc2A9pxxP","privKey":"ENmSDrlJ1BKTIYMeX5GoqVi0Zz2gEZYS7a/oIRFZ+UA="},"lastRemoteEphemeralKey":"BQcTfmSannr1npSvlYacdvQC1snBY7ys3unmX6vjGqBs","previousCounter":0,"rootKey":"FWdh2J3wWSvOOkfvlnOp1oUa7N+jK/Y6dItGoQOWEwE="},"indexInfo":{"baseKey":"Ba/7JTx4IblWFe7zMYJzVxKTgo96sR0+q0oeVKBUHDxk","baseKeyType":1,"closed":-1,"used":1746721098876,"created":1746721098876,"remoteIdentityKey":"BYfOxOpEhK4tPkDQ4YFsWpvwtzaSYdv9fda3bMQbCZIq"},"_chains":{"BYHg/4EyP6ABxsAckbpPs5/sgqRZalgUpcJFc2A9pxxP":{"chainKey":{"counter":2,"key":"tdra7qNDqENbrx5nyMHHiC0A69USlkxwahcZKlvlGJY="},"chainType":1,"messageKeys":{}}},"pendingPreKey":{"signedKeyId":2,"baseKey":"Ba/7JTx4IblWFe7zMYJzVxKTgo96sR0+q0oeVKBUHDxk","preKeyId":4760207}}},"version":"v1"}