{"_sessions":{"BblxmiHphxVIbZch+xDCl98d+5FzNUTc63LjJyXshH9c":{"registrationId":461359867,"currentRatchet":{"ephemeralKeyPair":{"pubKey":"BYP5uPei4zEvhI3zjdPNzjY19YC2LlSAao5c6l7DNzcz","privKey":"kD0Wfl8C6LJrcoGVK0NO3P9sY5vV/4Ay6cJHHl/eO0E="},"lastRemoteEphemeralKey":"BR3QQRrF43ux6Am27yx/BPCJVE5/weUORkq1IBRuak0J","previousCounter":0,"rootKey":"cnjDAZB/qeYe7kwMJFEh2rWaang3LSBdXTWdeKHAEPY="},"indexInfo":{"baseKey":"BblxmiHphxVIbZch+xDCl98d+5FzNUTc63LjJyXshH9c","baseKeyType":1,"closed":-1,"used":1746714532802,"created":1746714532802,"remoteIdentityKey":"BYGUlgPenqDMP9cHMPso2gLepOAVRRgT4i8gS0fNFX9Y"},"_chains":{"BYP5uPei4zEvhI3zjdPNzjY19YC2LlSAao5c6l7DNzcz":{"chainKey":{"counter":0,"key":"WWI48QGvDXMKv5xY/KNWCppch74zAITb9HTXxVf7wes="},"chainType":1,"messageKeys":{}}},"pendingPreKey":{"signedKeyId":3,"baseKey":"BblxmiHphxVIbZch+xDCl98d+5FzNUTc63LjJyXshH9c"}}},"version":"v1"}