{"_sessions":{"BQwkb8aPk0z/ggtzvQJrI2gxiE8JQSF3UDdCI+q14DRa":{"registrationId":1148514140,"currentRatchet":{"ephemeralKeyPair":{"pubKey":"BcXs0Dek/Mr5sElPHTL3Np1H9fg/5QT7MxtCgivsrRNh","privKey":"OMWpSuIpcRtNEMAf55omcjEE7VJ9h+A//8Pmi5wg6V8="},"lastRemoteEphemeralKey":"BVJ2OuzU2Z3SgqeiOJp2e63n177Saylspz0+n2SpEaQx","previousCounter":0,"rootKey":"SzYKcbVtqjuHLwrAlhvwqaORJKf3LbOzVRchi0gCXpM="},"indexInfo":{"baseKey":"BQwkb8aPk0z/ggtzvQJrI2gxiE8JQSF3UDdCI+q14DRa","baseKeyType":1,"closed":1746721118465,"used":1746721087090,"created":1746721087090,"remoteIdentityKey":"BS2d5YqcuYnJh79L7hrOro/sS3tfdrKRuXy/Si3Ssp02"},"_chains":{"BcXs0Dek/Mr5sElPHTL3Np1H9fg/5QT7MxtCgivsrRNh":{"chainKey":{"counter":0,"key":"ZEOl4DwdwAvmpGawdUvnXVRTLw5/AZ29b/Gr9UdqbA4="},"chainType":1,"messageKeys":{}}},"pendingPreKey":{"signedKeyId":12231700,"baseKey":"BQwkb8aPk0z/ggtzvQJrI2gxiE8JQSF3UDdCI+q14DRa","preKeyId":27203}},"BVah8QJ+xS/ihv6Si/XnOfHHIVgnBwYE0S4IrMKg3as3":{"registrationId":1148514140,"currentRatchet":{"ephemeralKeyPair":{"pubKey":"BU/XsciFgwWCXXXwPm76/GvXkWElOdICZow53MLbOmdi","privKey":"uM/MGXZF7G//XIBTfDX281iSxGE2GWFuLODHST2idFw="},"lastRemoteEphemeralKey":"BVJ2OuzU2Z3SgqeiOJp2e63n177Saylspz0+n2SpEaQx","previousCounter":0,"rootKey":"XtfT5dn1WOWW64ZLodtWf3jiPvwUmlBZ8Ja18xu/vXk="},"indexInfo":{"baseKey":"BVah8QJ+xS/ihv6Si/XnOfHHIVgnBwYE0S4IrMKg3as3","baseKeyType":1,"closed":-1,"used":1746721118067,"created":1746721118067,"remoteIdentityKey":"BS2d5YqcuYnJh79L7hrOro/sS3tfdrKRuXy/Si3Ssp02"},"_chains":{"BU/XsciFgwWCXXXwPm76/GvXkWElOdICZow53MLbOmdi":{"chainKey":{"counter":2,"key":"KreVngwbKvHA1fX3wIO9d0YqQHFdT2yHyOtyikoVCzo="},"chainType":1,"messageKeys":{}}},"pendingPreKey":{"signedKeyId":12231700,"baseKey":"BVah8QJ+xS/ihv6Si/XnOfHHIVgnBwYE0S4IrMKg3as3","preKeyId":27026}}},"version":"v1"}