{"_sessions":{"BSh3gFus6+HYSzOHNX8IaczXRQp1NJPOQ3lCbBcVBLVc":{"registrationId":931291382,"currentRatchet":{"ephemeralKeyPair":{"pubKey":"BTfuf0lHYq1bHxpG/cFbTexs0oTCYELLYbw/sf1VVM0y","privKey":"CF3Nslhf6YZ69EP7Zg/48pNGpEW5UrdohjtmgAffAWQ="},"lastRemoteEphemeralKey":"BfrGHbWc6xBe/HLQCE+1AraLUobw+MVrF8bKygyegO47","previousCounter":0,"rootKey":"x+zprUnMZZhKB0mnum8bK1XUKXGjwFSgXbfJ6tIbSNI="},"indexInfo":{"baseKey":"BSh3gFus6+HYSzOHNX8IaczXRQp1NJPOQ3lCbBcVBLVc","baseKeyType":1,"closed":-1,"used":1746714522374,"created":1746714522374,"remoteIdentityKey":"Bc/WSl7JN6ml49qDxsQu1nPDG4XhCuoNcJ2EjBQ9ZyQD"},"_chains":{"BTfuf0lHYq1bHxpG/cFbTexs0oTCYELLYbw/sf1VVM0y":{"chainKey":{"counter":0,"key":"pn63C47yR8yEgq8i5/zXibEoN5QuknljZdRgZfSROpw="},"chainType":1,"messageKeys":{}}},"pendingPreKey":{"signedKeyId":3,"baseKey":"BSh3gFus6+HYSzOHNX8IaczXRQp1NJPOQ3lCbBcVBLVc","preKeyId":16165570}}},"version":"v1"}