{"_sessions":{"BVeucxhCMwZK1PptOxaKIWXA005RW6tO0L0wK+PeEOIV":{"registrationId":252908465,"currentRatchet":{"ephemeralKeyPair":{"pubKey":"BTXZ8pVWcV2K7AsyJIthJpD1H1Z2/QCeaOUpyp4XTxpO","privKey":"MDw9ToaOiolF/ufRjdzPI2AzkGvZwdaLX7yzwbAek3E="},"lastRemoteEphemeralKey":"BRTkll1BD4sLSShFMWAib+YVV+3PaprR1qBSbF47VJwf","previousCounter":0,"rootKey":"Cu1XJPTttNS2vULtFFE8Hcmglq8bPKQx0s+WothUEwA="},"indexInfo":{"baseKey":"BVeucxhCMwZK1PptOxaKIWXA005RW6tO0L0wK+PeEOIV","baseKeyType":1,"closed":1746721107782,"used":1746721075850,"created":1746721075850,"remoteIdentityKey":"Bd6CeLDzUkY3SWRYLpUCt6WR/snc+cPzHRiodsQxbk0W"},"_chains":{"BTXZ8pVWcV2K7AsyJIthJpD1H1Z2/QCeaOUpyp4XTxpO":{"chainKey":{"counter":0,"key":"WxHAT4ObMqmAN5nhv9MmDU4NCgIPkTb3Sim1PE0LvAQ="},"chainType":1,"messageKeys":{}}},"pendingPreKey":{"signedKeyId":3,"baseKey":"BVeucxhCMwZK1PptOxaKIWXA005RW6tO0L0wK+PeEOIV","preKeyId":8945693}},"Bd7PnE01dhll7f7D3f5Kh6XiuLHUYOjK6F8fiFd/snki":{"registrationId":252908465,"currentRatchet":{"ephemeralKeyPair":{"pubKey":"BbNnRqb+D400lCUsjfivgmH6v3jgKmt6ioPDCo3d4/p9","privKey":"2COMtfBMGE/sJNOj9rsb+Ozok9EvqXAQVSpONpd7XmQ="},"lastRemoteEphemeralKey":"BRTkll1BD4sLSShFMWAib+YVV+3PaprR1qBSbF47VJwf","previousCounter":0,"rootKey":"orHpvXYxtfzGmhukyU5dSns5+6qPcF0szDSrxYQLw8s="},"indexInfo":{"baseKey":"Bd7PnE01dhll7f7D3f5Kh6XiuLHUYOjK6F8fiFd/snki","baseKeyType":1,"closed":-1,"used":1746721107415,"created":1746721107415,"remoteIdentityKey":"Bd6CeLDzUkY3SWRYLpUCt6WR/snc+cPzHRiodsQxbk0W"},"_chains":{"BbNnRqb+D400lCUsjfivgmH6v3jgKmt6ioPDCo3d4/p9":{"chainKey":{"counter":2,"key":"Ws0iqzydrwBcZUR/7rv+4YyTki3sDHxcn2X4/BgEWZY="},"chainType":1,"messageKeys":{}}},"pendingPreKey":{"signedKeyId":3,"baseKey":"Bd7PnE01dhll7f7D3f5Kh6XiuLHUYOjK6F8fiFd/snki","preKeyId":8945095}}},"version":"v1"}