{"_sessions":{"BVqk3vONlfbx/o73ZSjTMfJG6me2p/xJLJ/tppsAh5B8":{"registrationId":1283691529,"currentRatchet":{"ephemeralKeyPair":{"pubKey":"BYjiisuX0Yu8ONXNVykO7wusOeOLqBbeAdKB0skIe2Nm","privKey":"mDNip0RqYG6Cv4SZQK7qoDGz1G5VCt+9p3t+WB9GzGo="},"lastRemoteEphemeralKey":"BScnmrDpO1y8qn7+YiMDC1+O6jFXvtwB/LBZGaUneeF3","previousCounter":0,"rootKey":"lNX43frea3qcKTiCps2K7tYRXLp594kqU2Q6yH2Otos="},"indexInfo":{"baseKey":"BVqk3vONlfbx/o73ZSjTMfJG6me2p/xJLJ/tppsAh5B8","baseKeyType":1,"closed":-1,"used":1746714532617,"created":1746714532617,"remoteIdentityKey":"BULFMUBg2jIns/91sQg3ZGvc6OADu553ofqNMtlnx/1t"},"_chains":{"BYjiisuX0Yu8ONXNVykO7wusOeOLqBbeAdKB0skIe2Nm":{"chainKey":{"counter":0,"key":"KpMU2S2TT87jAx1DyI4ifXWlezPGQDjzSVhv5Re3xFg="},"chainType":1,"messageKeys":{}}},"pendingPreKey":{"signedKeyId":4,"baseKey":"BVqk3vONlfbx/o73ZSjTMfJG6me2p/xJLJ/tppsAh5B8","preKeyId":9333726}}},"version":"v1"}