{"_sessions":{"BdDjU4mS9u0IBPR/32Iy9kgm5UK4iYXtT9ORgh44O2QU":{"registrationId":1587418676,"currentRatchet":{"ephemeralKeyPair":{"pubKey":"Bd8L9wyvuAQ13eYjxs9VXyWSnjvxVuaQJGo2ak4qg1MC","privKey":"EE/t1GS1Z8uuIAou/m3IcXqK7L7YdvMWLFxvWhwhFVg="},"lastRemoteEphemeralKey":"BYk7rLJUb839ESTrIG3lVJdSkiI/BTpHqa8bWHEjN7Rr","previousCounter":0,"rootKey":"4ZrPHXRTXuxpck5zQnYe+tzlKB3Kv2P6oDHXnUVQr38="},"indexInfo":{"baseKey":"BdDjU4mS9u0IBPR/32Iy9kgm5UK4iYXtT9ORgh44O2QU","baseKeyType":1,"closed":-1,"used":1746714540083,"created":1746714540083,"remoteIdentityKey":"BYWnUNtrR0z8XYGr/RiRetpRq4JsHWbnS6UuiWx9OSBa"},"_chains":{"Bd8L9wyvuAQ13eYjxs9VXyWSnjvxVuaQJGo2ak4qg1MC":{"chainKey":{"counter":0,"key":"nqPI4jeaSnZpexdktH6bVEhX9fWUoSie0e6O5Up/NhQ="},"chainType":1,"messageKeys":{}}},"pendingPreKey":{"signedKeyId":15,"baseKey":"BdDjU4mS9u0IBPR/32Iy9kgm5UK4iYXtT9ORgh44O2QU","preKeyId":13490866}}},"version":"v1"}