{"_sessions":{"BYQEd4ob38/FYkQUgAFMNBT4xXEH1U2i6GiOOpphnBtB":{"registrationId":1606212885,"currentRatchet":{"ephemeralKeyPair":{"pubKey":"BTVd/xyVmGkP6rK71ldVkichpmiLBnsfHBPgPiNvLBYV","privKey":"eK4+v8N5k1tATvBIfQFvCnZyqwiRsDjY79ajpz8zYnQ="},"lastRemoteEphemeralKey":"BT8YBK1d/fRJx6EhnLC6JfDV/l4Xf7cCalcvnMEnQnMJ","previousCounter":0,"rootKey":"zUdu6g7jhQbV+DhtCtN+UTGenmh3I/iIQPDk6QurWEA="},"indexInfo":{"baseKey":"BYQEd4ob38/FYkQUgAFMNBT4xXEH1U2i6GiOOpphnBtB","baseKeyType":1,"closed":-1,"used":1746714529360,"created":1746714529360,"remoteIdentityKey":"BavyZ7RvhL4gGJZysBsgeUJSZycq8PRyYV9bpDcIbNZb"},"_chains":{"BTVd/xyVmGkP6rK71ldVkichpmiLBnsfHBPgPiNvLBYV":{"chainKey":{"counter":0,"key":"28UEGEd9pj0hK2ZDueii8r+ppy5OwDH4Y8tGMs4+q9c="},"chainType":1,"messageKeys":{}}},"pendingPreKey":{"signedKeyId":2,"baseKey":"BYQEd4ob38/FYkQUgAFMNBT4xXEH1U2i6GiOOpphnBtB","preKeyId":9519652}}},"version":"v1"}