{"_sessions":{"BVqwMgBfCWR86qDzhhP8cBQJqMz2q8enoO6MyNIOeosI":{"registrationId":1234527701,"currentRatchet":{"ephemeralKeyPair":{"pubKey":"BYx//BxtWcNF8czTluQw/hIiqN0XSKNJjfDYqq1j4mFe","privKey":"6BmnJMWyew/xsloqoUUhtC9JSGPlO0JDG7PMcWkF43g="},"lastRemoteEphemeralKey":"BSe1aOMyuQoMl7G2jqDHMz1x2JJxeaX1Dr6Oq1xKnnQq","previousCounter":0,"rootKey":"PoAc8FW2VMye9kwFgcI9phxga4FXg0L6Jd2Sl91sAJw="},"indexInfo":{"baseKey":"BVqwMgBfCWR86qDzhhP8cBQJqMz2q8enoO6MyNIOeosI","baseKeyType":1,"closed":-1,"used":1746714525808,"created":1746714525808,"remoteIdentityKey":"Bbvy+2fuCQrm+2HtRCNkttIfsOz1fTwJwUhRA9wS3scB"},"_chains":{"BYx//BxtWcNF8czTluQw/hIiqN0XSKNJjfDYqq1j4mFe":{"chainKey":{"counter":0,"key":"OvtA4OezDaufkqkjWuKBpoCOjiRLXcmV/ZMxDyZ7sbQ="},"chainType":1,"messageKeys":{}}},"pendingPreKey":{"signedKeyId":8,"baseKey":"BVqwMgBfCWR86qDzhhP8cBQJqMz2q8enoO6MyNIOeosI","preKeyId":1734155}}},"version":"v1"}