{"_sessions":{"Bf10UFSfETn8mbfJHN+to1maOXzRaG7aOwPBkXhOQOpA":{"registrationId":1168703400,"currentRatchet":{"ephemeralKeyPair":{"pubKey":"BdXKZ/a4JtEQ+Quvqk5e7KICIjzAi3+UxXPPNi8G69sW","privKey":"gAQx924mOPLxpnCpk8EAyo7S17lmwTZ/iTcOKrCX9Wo="},"lastRemoteEphemeralKey":"BfVBIC1U5CFj39f+nQzqEOEWZ1rz8FMPuW0LUeKqn/NU","previousCounter":0,"rootKey":"zUD3QuUtmfdd8YHr9jN/I8JE56mJdor0OYvBy6tKHvk="},"indexInfo":{"baseKey":"Bf10UFSfETn8mbfJHN+to1maOXzRaG7aOwPBkXhOQOpA","baseKeyType":1,"closed":-1,"used":1746714529243,"created":1746714529243,"remoteIdentityKey":"BU3XQNBg/DVpUw5NbYrMiPSccqem9fZz9Rd4/lE+fCB5"},"_chains":{"BdXKZ/a4JtEQ+Quvqk5e7KICIjzAi3+UxXPPNi8G69sW":{"chainKey":{"counter":0,"key":"MXu1iLrlDKkXau7rNkmPm6XtFeM5YYs6tg8upDLqZD0="},"chainType":1,"messageKeys":{}}},"pendingPreKey":{"signedKeyId":0,"baseKey":"Bf10UFSfETn8mbfJHN+to1maOXzRaG7aOwPBkXhOQOpA"}}},"version":"v1"}