{"_sessions":{"BYi9IdhujrDBpWJWjS5hm1ZmY5WUZ8xDtNdremCIPitn":{"registrationId":1407557265,"currentRatchet":{"ephemeralKeyPair":{"pubKey":"Bf2173dUJ2tOyzrc8MeyTedO3iJF8v939sqCxI/uRWZK","privKey":"SOVvHNHUucqUhynuB9bRosJibNAqtQw4HrIwOqQf2WY="},"lastRemoteEphemeralKey":"BZLpK9ryZ+ivqWcGVQD5HZmBbZasAZw6xPmbvQrRIc8s","previousCounter":0,"rootKey":"2vmUz5kd8fTafIhEdhP1zExeXyFrpe1IuYFngNp9/jM="},"indexInfo":{"baseKey":"BYi9IdhujrDBpWJWjS5hm1ZmY5WUZ8xDtNdremCIPitn","baseKeyType":1,"closed":1746721099093,"used":1746721068796,"created":1746721068796,"remoteIdentityKey":"BSo5+DrAUczo+kqTXi5k7MVOpXmEVUm6kmPbTs5NAz52"},"_chains":{"Bf2173dUJ2tOyzrc8MeyTedO3iJF8v939sqCxI/uRWZK":{"chainKey":{"counter":0,"key":"gJ1ECXzYPmt6+5c0hkC4hkKB6sM2TZpyaGs7D2zSnrU="},"chainType":1,"messageKeys":{}}},"pendingPreKey":{"signedKeyId":1,"baseKey":"BYi9IdhujrDBpWJWjS5hm1ZmY5WUZ8xDtNdremCIPitn"}},"BfAF9rYZttnIOLDEWHAffcFdCUc4IOe2n+/pdxtZPB1l":{"registrationId":1407557265,"currentRatchet":{"ephemeralKeyPair":{"pubKey":"BaS41O3FSCxTmvD3zuTNDgJZXSafSLZaYeb4j1UXphoC","privKey":"eNDHhIl/FEKnMnLVJ64rbfg2xNAY9tTDEf3BKyZth2E="},"lastRemoteEphemeralKey":"BZLpK9ryZ+ivqWcGVQD5HZmBbZasAZw6xPmbvQrRIc8s","previousCounter":0,"rootKey":"ET///poDoo2waD6St7/NroQoEZN6SQPJGLKyfb36eKU="},"indexInfo":{"baseKey":"BfAF9rYZttnIOLDEWHAffcFdCUc4IOe2n+/pdxtZPB1l","baseKeyType":1,"closed":-1,"used":1746721098506,"created":1746721098506,"remoteIdentityKey":"BSo5+DrAUczo+kqTXi5k7MVOpXmEVUm6kmPbTs5NAz52"},"_chains":{"BaS41O3FSCxTmvD3zuTNDgJZXSafSLZaYeb4j1UXphoC":{"chainKey":{"counter":2,"key":"6P3ew0jHsL+Be8uMEO9tKNol2HEp0ysI6QA53C/yTUo="},"chainType":1,"messageKeys":{}}},"pendingPreKey":{"signedKeyId":1,"baseKey":"BfAF9rYZttnIOLDEWHAffcFdCUc4IOe2n+/pdxtZPB1l"}}},"version":"v1"}