{"_sessions":{"BfZ6FYI8zKY7gChZ5wv3+cU1VmuumM8TVlYa0cNU4qxY":{"registrationId":536549894,"currentRatchet":{"ephemeralKeyPair":{"pubKey":"BaEHyuJLoaELTFX6TstuxN0lxSlCIvIr3NKpTSvFfa5X","privKey":"EBgKF44bC7eKKQR4n4XjtOVk1U80y1UpTM7vaJZSblg="},"lastRemoteEphemeralKey":"BUVnZS/IzLEqWQMi4o3v4tcSMlsujH+8EN/QGVysuwgK","previousCounter":0,"rootKey":"JlduCzyLcO0/jUTwtg97kUcS+HBf5fqwQf3r8m6ivgs="},"indexInfo":{"baseKey":"BfZ6FYI8zKY7gChZ5wv3+cU1VmuumM8TVlYa0cNU4qxY","baseKeyType":1,"closed":-1,"used":1746714525653,"created":1746714525653,"remoteIdentityKey":"BWXPMPKvZ8R2l+BppSrsPvX6lLxJJbTls1MgKibIrGJ+"},"_chains":{"BaEHyuJLoaELTFX6TstuxN0lxSlCIvIr3NKpTSvFfa5X":{"chainKey":{"counter":0,"key":"0ec7JL8394MBHF/h0xQ+/mVYMjorC4XzDRwbEhjeHq0="},"chainType":1,"messageKeys":{}}},"pendingPreKey":{"signedKeyId":0,"baseKey":"BfZ6FYI8zKY7gChZ5wv3+cU1VmuumM8TVlYa0cNU4qxY","preKeyId":777868}}},"version":"v1"}