{"_sessions":{"BRukwRmSy7Wf+pFR1kLYT368mzrO8is4ZGnZHGlYUlVH":{"registrationId":2025605128,"currentRatchet":{"ephemeralKeyPair":{"pubKey":"BQw77kCfP1AAqixz8Z4Ls9CEKeHs8wZ7ovto6yljE1t6","privKey":"mLecbQalUUIhM9SC0ai/oFnT+h8cv0FGwZTGYHqnElo="},"lastRemoteEphemeralKey":"BW90FbmlfOToHN7yh1XPk05YI2qCwXfn5p9SsOXLzFpB","previousCounter":0,"rootKey":"FseUIiXY7MS4xDWu0DEra8hZ7nbtDMndBMDtBGsmAr0="},"indexInfo":{"baseKey":"BRukwRmSy7Wf+pFR1kLYT368mzrO8is4ZGnZHGlYUlVH","baseKeyType":1,"closed":1746721099271,"used":1746721069082,"created":1746721069082,"remoteIdentityKey":"BfqWxH+4Z/NFtgatplT0BmdGDUz80fE6jZj1rGwFtF8s"},"_chains":{"BQw77kCfP1AAqixz8Z4Ls9CEKeHs8wZ7ovto6yljE1t6":{"chainKey":{"counter":0,"key":"3zdHR7vliIWLiSFa5tLO78JsQdDe2mwm8etLc9In9nE="},"chainType":1,"messageKeys":{}}},"pendingPreKey":{"signedKeyId":3,"baseKey":"BRukwRmSy7Wf+pFR1kLYT368mzrO8is4ZGnZHGlYUlVH"}},"BaRIciqPsSmABwIQHlwBARSzNQ7GGT6fdVF+tfamMpVU":{"registrationId":2025605128,"currentRatchet":{"ephemeralKeyPair":{"pubKey":"Be79+CdX2mzU5Q7ijw/m2Sm9pKMJfKa43/y7JoHaKkwv","privKey":"sIInR74Q4nLjThZ5IsDAzJFjsApNsG+2aXbbagfPTF4="},"lastRemoteEphemeralKey":"BW90FbmlfOToHN7yh1XPk05YI2qCwXfn5p9SsOXLzFpB","previousCounter":0,"rootKey":"TS+4RNzuNEW6CkHxxcsTJrTibwOdLZw4lS1oKDeRFWc="},"indexInfo":{"baseKey":"BaRIciqPsSmABwIQHlwBARSzNQ7GGT6fdVF+tfamMpVU","baseKeyType":1,"closed":-1,"used":1746721098745,"created":1746721098745,"remoteIdentityKey":"BfqWxH+4Z/NFtgatplT0BmdGDUz80fE6jZj1rGwFtF8s"},"_chains":{"Be79+CdX2mzU5Q7ijw/m2Sm9pKMJfKa43/y7JoHaKkwv":{"chainKey":{"counter":2,"key":"A16gZBgkFjbkN/ddubLN3f49GooMw2+FKAXKwn5wUuw="},"chainType":1,"messageKeys":{}}},"pendingPreKey":{"signedKeyId":3,"baseKey":"BaRIciqPsSmABwIQHlwBARSzNQ7GGT6fdVF+tfamMpVU"}}},"version":"v1"}