{"_sessions":{"BUyJ6P+A07fBiBxOdv1gMpb2et8r0KtIa9BgIP3NKvNO":{"registrationId":1258695989,"currentRatchet":{"ephemeralKeyPair":{"pubKey":"BZTz2D75oCe/nGjKmO4QtW9aeNHOvoGtm0fVqSoOXWc5","privKey":"WI+eb/61cuUBsZZns45MvAGK2Hl0Lwm6im9O1+gWBVA="},"lastRemoteEphemeralKey":"BdLkDIzqXmNjKQdGLRhceWcp6YAGSxFMRSGSyI0lsJY3","previousCounter":0,"rootKey":"7aEQvZgiJgl605JSyHivKqcxnOWB7EZ53hApJ0QVOlU="},"indexInfo":{"baseKey":"BUyJ6P+A07fBiBxOdv1gMpb2et8r0KtIa9BgIP3NKvNO","baseKeyType":1,"closed":1746721122171,"used":1746721090302,"created":1746721090302,"remoteIdentityKey":"BSgk9ewX04aFFY799cZYxOEsOBmF1MtYmEG708+6T/l7"},"_chains":{"BZTz2D75oCe/nGjKmO4QtW9aeNHOvoGtm0fVqSoOXWc5":{"chainKey":{"counter":0,"key":"+USEQJB/wtVlS8q2H4WAg6xyqhKAK3atSNqwcYBpIew="},"chainType":1,"messageKeys":{}}},"pendingPreKey":{"signedKeyId":19,"baseKey":"BUyJ6P+A07fBiBxOdv1gMpb2et8r0KtIa9BgIP3NKvNO","preKeyId":13803674}},"BSQTzTHrE6PQGEIVvaJgNUOqTeLCKBs+fC77SMGOSnoJ":{"registrationId":1258695989,"currentRatchet":{"ephemeralKeyPair":{"pubKey":"BUOhhJpxJy38NJQ0xCLrKN/feuwWn2FaQCwHqe8Tn9Uj","privKey":"SCYfBjDYVaC1Jk/1quRyHM7+tSDlIB5EZ2dLLysFD1k="},"lastRemoteEphemeralKey":"BdLkDIzqXmNjKQdGLRhceWcp6YAGSxFMRSGSyI0lsJY3","previousCounter":0,"rootKey":"Dqhyc455lVJ50zaRmocQOr8wMICfgn2Igq932uWbRRA="},"indexInfo":{"baseKey":"BSQTzTHrE6PQGEIVvaJgNUOqTeLCKBs+fC77SMGOSnoJ","baseKeyType":1,"closed":-1,"used":1746721121604,"created":1746721121604,"remoteIdentityKey":"BSgk9ewX04aFFY799cZYxOEsOBmF1MtYmEG708+6T/l7"},"_chains":{"BUOhhJpxJy38NJQ0xCLrKN/feuwWn2FaQCwHqe8Tn9Uj":{"chainKey":{"counter":2,"key":"8DCCVGuKjZlUhJxkLfaetLekVMJzwcy6vBCs6aNVIPE="},"chainType":1,"messageKeys":{}}},"pendingPreKey":{"signedKeyId":19,"baseKey":"BSQTzTHrE6PQGEIVvaJgNUOqTeLCKBs+fC77SMGOSnoJ","preKeyId":13804170}}},"version":"v1"}