{"_sessions":{"BXJj6KolPyp3uOTbi3/dr6hfIze5xeXVFCRbjW/m6Epj":{"registrationId":700018201,"currentRatchet":{"ephemeralKeyPair":{"pubKey":"BSvj0wE6J7vDTp+AWrW9HlkLmpHb/RktueZZ/b0xZQU3","privKey":"8OmzdbvXQWCIK/vvVkJtJ/GOq1fihkWfyIQ946+BTEA="},"lastRemoteEphemeralKey":"BUGBFzSH7/ZgcTJOHgBHMkJy3OFg/cY+gbMuFA9FFJ4z","previousCounter":0,"rootKey":"pkHOiKyf4Ld3OaiSdkoFkvYPMS+qLgEdztZlV1mwnHk="},"indexInfo":{"baseKey":"BXJj6KolPyp3uOTbi3/dr6hfIze5xeXVFCRbjW/m6Epj","baseKeyType":1,"closed":-1,"used":1746714525692,"created":1746714525692,"remoteIdentityKey":"Bfd1i/86XE9JtBOYJ3vuC+sSF3e3qgYK+piRSJavE8V9"},"_chains":{"BSvj0wE6J7vDTp+AWrW9HlkLmpHb/RktueZZ/b0xZQU3":{"chainKey":{"counter":0,"key":"f7jHkfKuRhtbr1zcZPizpVCyqpw4CIAvqCmdLP0cBbU="},"chainType":1,"messageKeys":{}}},"pendingPreKey":{"signedKeyId":2,"baseKey":"BXJj6KolPyp3uOTbi3/dr6hfIze5xeXVFCRbjW/m6Epj","preKeyId":11351977}}},"version":"v1"}