{"_sessions":{"BWocheKDVh9hATWuRB6+WeqWjS6AwlvAd3odnyRpjY4e":{"registrationId":1521306201,"currentRatchet":{"ephemeralKeyPair":{"pubKey":"Bf7lIpdE9BTn8yiBlhPu/skZaLjODl85UD0laO3ybbw9","privKey":"yHYC4N3I/WeA1TllD3HC+ORkzwM3EEpHxAsGKo5cTE0="},"lastRemoteEphemeralKey":"BU9J+6e5CPM5RL+tO1vP1v1kelkvPBKbES6SVPKMdgxc","previousCounter":0,"rootKey":"fy4gnZEjf8/dSt/AQkqW2YxYP9RpqLORsq2b9OC9/GQ="},"indexInfo":{"baseKey":"BWocheKDVh9hATWuRB6+WeqWjS6AwlvAd3odnyRpjY4e","baseKeyType":1,"closed":-1,"used":1746714529381,"created":1746714529381,"remoteIdentityKey":"BfDyrsPhgjMxRfllNmJwBDToYukFiac8A2cx/peksT5b"},"_chains":{"Bf7lIpdE9BTn8yiBlhPu/skZaLjODl85UD0laO3ybbw9":{"chainKey":{"counter":0,"key":"R90QkRWNXlACgoJjITWmwV2ufLpVaegHePlVYGMjnkk="},"chainType":1,"messageKeys":{}}},"pendingPreKey":{"signedKeyId":4,"baseKey":"BWocheKDVh9hATWuRB6+WeqWjS6AwlvAd3odnyRpjY4e","preKeyId":4603239}}},"version":"v1"}