{"_sessions":{"BXAwFkgtRxiLvLoZfX0SQsnlZCK87u5hP57ymj7ps54j":{"registrationId":1998359400,"currentRatchet":{"ephemeralKeyPair":{"pubKey":"BWKgEr2jPunC0+AmlhnGGwvgmw1d3rOqzGROZOJ+E2xz","privKey":"mOhjE/tvPg6QgKF1PexKS0O/uvslGJV81DJOrTP8FXU="},"lastRemoteEphemeralKey":"BW1E4IM4jKvHT/y+4tqwJtVBkxQ4qiNrLRtvdeKrkv9t","previousCounter":0,"rootKey":"rNl/5pTxjf24So/PBvvC0SIKIYf1xQ3AxswnvMe4AtI="},"indexInfo":{"baseKey":"BXAwFkgtRxiLvLoZfX0SQsnlZCK87u5hP57ymj7ps54j","baseKeyType":1,"closed":-1,"used":1746714539992,"created":1746714539992,"remoteIdentityKey":"BTnthlSfrHW6Q4IL0+yvJHqbxTW/v8F7NCgeOjh3qQ5L"},"_chains":{"BWKgEr2jPunC0+AmlhnGGwvgmw1d3rOqzGROZOJ+E2xz":{"chainKey":{"counter":0,"key":"x28yI55nB8iPHga8jvf/sog7nstNgcp2tzc9iFkr2OA="},"chainType":1,"messageKeys":{}}},"pendingPreKey":{"signedKeyId":4492189,"baseKey":"BXAwFkgtRxiLvLoZfX0SQsnlZCK87u5hP57ymj7ps54j","preKeyId":11017}}},"version":"v1"}