{"_sessions":{"BT4Z3u3xuQdQBb+QYkFYlaTmTMqFFU5DG7c4GzkVKBRk":{"registrationId":1194641870,"currentRatchet":{"ephemeralKeyPair":{"pubKey":"BdZCime4SZ84r2LJ8XL/Zpw4bkLGK+UmEM+djrjNMbtK","privKey":"qI8UgmEvUO4JhYH57pWWcgTYfBbUoW3bcHUnCgWfRnA="},"lastRemoteEphemeralKey":"BeXUXipwFngmanNRWrraRHzlGVmDxalIpz9R9OBviOE3","previousCounter":0,"rootKey":"s5C4MRV8InD+1hlc+lxc12Nqx8C+ItdeCZ9HIT8xizM="},"indexInfo":{"baseKey":"BT4Z3u3xuQdQBb+QYkFYlaTmTMqFFU5DG7c4GzkVKBRk","baseKeyType":1,"closed":1746721099364,"used":1746721069163,"created":1746721069163,"remoteIdentityKey":"BVj4oAP+c0cYzQlK2yDNkHuSSHebNmzJ35XYKuv2jmpG"},"_chains":{"BdZCime4SZ84r2LJ8XL/Zpw4bkLGK+UmEM+djrjNMbtK":{"chainKey":{"counter":0,"key":"MkCXE7kLS5Ss6OkjsE/fw6WW0m1Y9fAiGe0s+NdR450="},"chainType":1,"messageKeys":{}}},"pendingPreKey":{"signedKeyId":1705525,"baseKey":"BT4Z3u3xuQdQBb+QYkFYlaTmTMqFFU5DG7c4GzkVKBRk","preKeyId":16105}},"BeAaoe6ND+hTg3blh99VpLwMqPDW3YJdgF2BupCoryY7":{"registrationId":1194641870,"currentRatchet":{"ephemeralKeyPair":{"pubKey":"BVwXG8Tu4KpTcMJJRQLpBLrhKkkQLZ9/THtD+jwijAFB","privKey":"YN34ifhsycxT4V3U+XxYx7KGwOUhnnQtmz4eCKHD70k="},"lastRemoteEphemeralKey":"BeXUXipwFngmanNRWrraRHzlGVmDxalIpz9R9OBviOE3","previousCounter":0,"rootKey":"7h9gHzSNh7rMC6V5XoxjLNTYaad/wMa+UDfkVrITgAo="},"indexInfo":{"baseKey":"BeAaoe6ND+hTg3blh99VpLwMqPDW3YJdgF2BupCoryY7","baseKeyType":1,"closed":-1,"used":1746721098815,"created":1746721098815,"remoteIdentityKey":"BVj4oAP+c0cYzQlK2yDNkHuSSHebNmzJ35XYKuv2jmpG"},"_chains":{"BVwXG8Tu4KpTcMJJRQLpBLrhKkkQLZ9/THtD+jwijAFB":{"chainKey":{"counter":2,"key":"B0m1yytNpWDHtu/H3EHeLeErSzyuedaoKdPaoK2OezU="},"chainType":1,"messageKeys":{}}},"pendingPreKey":{"signedKeyId":1705525,"baseKey":"BeAaoe6ND+hTg3blh99VpLwMqPDW3YJdgF2BupCoryY7","preKeyId":15702}}},"version":"v1"}