{"_sessions":{"BVLV3GVmDZ+cDhXu/zIli7YYcCC+gBI0Cut/zpGLjs9W":{"registrationId":1004247522,"currentRatchet":{"ephemeralKeyPair":{"pubKey":"BSv2MULz1f9rgeUJi2Pwcu31eSpKfHaVvvUGjVu+WI8x","privKey":"6K+hOd+KQHqqGpVtA6Ke2Zz5uL4eXmBlPMWs78nV/FI="},"lastRemoteEphemeralKey":"BUTsYW3bdvSF+mKYqMKBrGelNJ06KaSg3iLSx0fGolVR","previousCounter":0,"rootKey":"TCuyoAeb8n6+jRN252X6R8dFvhC0ZpKrP+jharKYpkI="},"indexInfo":{"baseKey":"BVLV3GVmDZ+cDhXu/zIli7YYcCC+gBI0Cut/zpGLjs9W","baseKeyType":1,"closed":1746721107797,"used":1746721075914,"created":1746721075914,"remoteIdentityKey":"BT4xBgPRnUvkXKkEEpiO4oa9YbD5oRGujlPN65q3IzUr"},"_chains":{"BSv2MULz1f9rgeUJi2Pwcu31eSpKfHaVvvUGjVu+WI8x":{"chainKey":{"counter":0,"key":"IKXyiQDuM0XCeg/1tiJYshHKnqDwG/yFBo7F48X1Gow="},"chainType":1,"messageKeys":{}}},"pendingPreKey":{"signedKeyId":3,"baseKey":"BVLV3GVmDZ+cDhXu/zIli7YYcCC+gBI0Cut/zpGLjs9W","preKeyId":14016028}},"Beb1t3DxWTKIgQ41ZF+L6LTke5nmNsAZr5fxJwxuVi5Z":{"registrationId":1004247522,"currentRatchet":{"ephemeralKeyPair":{"pubKey":"BXmSc0+GUZvvyiaYjcey513nbc6nB0EM5cc3abwjQuAh","privKey":"mLkYevf2g77sIP1ExheGaVlDFqhLsd9Rxku9LFE5nGs="},"lastRemoteEphemeralKey":"BUTsYW3bdvSF+mKYqMKBrGelNJ06KaSg3iLSx0fGolVR","previousCounter":0,"rootKey":"vVy0gqCck/w1iFs0Xrdy2J3iFOSJCnrOkZ2rp9srKw0="},"indexInfo":{"baseKey":"Beb1t3DxWTKIgQ41ZF+L6LTke5nmNsAZr5fxJwxuVi5Z","baseKeyType":1,"closed":-1,"used":1746721107475,"created":1746721107475,"remoteIdentityKey":"BT4xBgPRnUvkXKkEEpiO4oa9YbD5oRGujlPN65q3IzUr"},"_chains":{"BXmSc0+GUZvvyiaYjcey513nbc6nB0EM5cc3abwjQuAh":{"chainKey":{"counter":2,"key":"oSqaJkWyM8kgBdB56bB0L8Sfy0oLZ75cjIjez0iiIgs="},"chainType":1,"messageKeys":{}}},"pendingPreKey":{"signedKeyId":3,"baseKey":"Beb1t3DxWTKIgQ41ZF+L6LTke5nmNsAZr5fxJwxuVi5Z","preKeyId":14015124}}},"version":"v1"}