{"_sessions":{"BQ3T2IFmhqVFYfNGxH7TxXgk+FcTPusZv3Hw/IdJwLkq":{"registrationId":1610774873,"currentRatchet":{"ephemeralKeyPair":{"pubKey":"BbQrBBgeoo/QrYSZLs2zeHLh9d5JBoY8f2e3m70g6Cgq","privKey":"uFYw/mNlCMx0qoJCIn1iKr3YpgGbaoAzTXui2w0WN2c="},"lastRemoteEphemeralKey":"BVVCpjujBKSgEjRPzMR8hVrJ0+O5uNz3kxRcFhbc2Q4x","previousCounter":0,"rootKey":"1TATpasa2VYW9TxVWyatefvW+mD25BdSmOf+rUrfsFc="},"indexInfo":{"baseKey":"BQ3T2IFmhqVFYfNGxH7TxXgk+FcTPusZv3Hw/IdJwLkq","baseKeyType":1,"closed":-1,"used":1746714522401,"created":1746714522401,"remoteIdentityKey":"BZgr1Vq/jZMbNXuB3eAv51nD30Ai71Ymq9LCpIBpTlsK"},"_chains":{"BbQrBBgeoo/QrYSZLs2zeHLh9d5JBoY8f2e3m70g6Cgq":{"chainKey":{"counter":0,"key":"cEn2W/OsI/v/Kd2SvH+J7shks3btdtUY3P+OKwAbHzo="},"chainType":1,"messageKeys":{}}},"pendingPreKey":{"signedKeyId":1,"baseKey":"BQ3T2IFmhqVFYfNGxH7TxXgk+FcTPusZv3Hw/IdJwLkq","preKeyId":1697030}}},"version":"v1"}