{"_sessions":{"BaB3gupgf5aDDaokfHXmFsuZENjjhahbYtCP4/q5uzUM":{"registrationId":2039157541,"currentRatchet":{"ephemeralKeyPair":{"pubKey":"BQJFYTwLq2L8IimRIMZj9INGLE+ZI04fb2dV3EdVpeJm","privKey":"QOuvRf5RqNUAhAuT4M4eSn1Egzz/F2M/JiiWt2pzZGU="},"lastRemoteEphemeralKey":"BSFLhdYsOleexkyILihF78X3uV8fL6vY7+uhZgfM/Jwz","previousCounter":0,"rootKey":"EIDU9cmGqhnertohyyQ/DL5DnFh6LXkgsM3YNuF00z4="},"indexInfo":{"baseKey":"BaB3gupgf5aDDaokfHXmFsuZENjjhahbYtCP4/q5uzUM","baseKeyType":1,"closed":1746721122192,"used":1746721090347,"created":1746721090347,"remoteIdentityKey":"Ba0EQVOdki4Nt/tAr2pD7sG711QGtTslkA7rbvJWn/JR"},"_chains":{"BQJFYTwLq2L8IimRIMZj9INGLE+ZI04fb2dV3EdVpeJm":{"chainKey":{"counter":0,"key":"JgdE7TV5zJuq/ZK23Fg6qp5YVyxxeOr7JgfcD1+cppU="},"chainType":1,"messageKeys":{}}},"pendingPreKey":{"signedKeyId":2,"baseKey":"BaB3gupgf5aDDaokfHXmFsuZENjjhahbYtCP4/q5uzUM","preKeyId":8914631}},"BXlZB+BLo2fuLi94Dm+qbRyPV1MiMjNMoBGr0qeno0Jp":{"registrationId":2039157541,"currentRatchet":{"ephemeralKeyPair":{"pubKey":"BUhQV44gA8qHxjgh+6DKnwBoMIO4gyT7Obyb6LnkBUYQ","privKey":"GJPTimdp4yLM0z2A0toUovZq7Qd+EjkN/hhxMkXKu3Y="},"lastRemoteEphemeralKey":"BSFLhdYsOleexkyILihF78X3uV8fL6vY7+uhZgfM/Jwz","previousCounter":0,"rootKey":"gJlxcd+b5pWTP4IU0hSdKKHbNhjAn9IqCC4fGP6uiV8="},"indexInfo":{"baseKey":"BXlZB+BLo2fuLi94Dm+qbRyPV1MiMjNMoBGr0qeno0Jp","baseKeyType":1,"closed":-1,"used":1746721121665,"created":1746721121665,"remoteIdentityKey":"Ba0EQVOdki4Nt/tAr2pD7sG711QGtTslkA7rbvJWn/JR"},"_chains":{"BUhQV44gA8qHxjgh+6DKnwBoMIO4gyT7Obyb6LnkBUYQ":{"chainKey":{"counter":2,"key":"3M6B3X2uMLg53T4hMT22r01Mb/4dtK4LrSYkaTdOf1U="},"chainType":1,"messageKeys":{}}},"pendingPreKey":{"signedKeyId":2,"baseKey":"BXlZB+BLo2fuLi94Dm+qbRyPV1MiMjNMoBGr0qeno0Jp","preKeyId":8915129}}},"version":"v1"}