{"_sessions":{"BZE98QZ2+27p4aUVecsTELI+57i38f6zgbcXmL/BFdR3":{"registrationId":1401468381,"currentRatchet":{"ephemeralKeyPair":{"pubKey":"BTJa51TDfy62n8cXkG+7WnLWQEWzxxvjX8ttJamlv5t2","privKey":"qAfJDJRM/RSUkHfiq5G8IiwdhXwXlx3HrRnvK5zl2FE="},"lastRemoteEphemeralKey":"BdG/BTZQAMhy2HZqRGT+snZWhp5cw0gpLi4oS1ALap9/","previousCounter":0,"rootKey":"k1d4kiKr8KxYrHAYpm2NPoz+fTWA0oYgwz8P5ahMc1I="},"indexInfo":{"baseKey":"BZE98QZ2+27p4aUVecsTELI+57i38f6zgbcXmL/BFdR3","baseKeyType":1,"closed":-1,"used":1746714525749,"created":1746714525749,"remoteIdentityKey":"BZ9w1nisy18EYhU6jAc4IeiPDoupyki93s0vP/VPvqBZ"},"_chains":{"BTJa51TDfy62n8cXkG+7WnLWQEWzxxvjX8ttJamlv5t2":{"chainKey":{"counter":0,"key":"7jjSCdvxBHpj8TfBodyrOu0f3wd2S7w2UBT+WJKhkGc="},"chainType":1,"messageKeys":{}}},"pendingPreKey":{"signedKeyId":3,"baseKey":"BZE98QZ2+27p4aUVecsTELI+57i38f6zgbcXmL/BFdR3"}}},"version":"v1"}