{"_sessions":{"BXaVjWZK5+A0r0JTFnwd2EFPC8BZndooJZ4wUX09XsZT":{"registrationId":115991395,"currentRatchet":{"ephemeralKeyPair":{"pubKey":"Bar4/RhfTBJIKVWg0IrCqruISg5LJs1iL0B7z6RzlIpt","privKey":"2A1Sks3VO3zOXZsgdX8qXH5SfTdm5Ss8Q/0xfRk9m2k="},"lastRemoteEphemeralKey":"BZEsgae1BHtLz/VV9fyCGwULr5WQkVY+8+Hu6wJy6YIO","previousCounter":0,"rootKey":"DzmTVUvVu7z9w7Pgb76yMDPjQje6M8bdPNlfYl2Hbb8="},"indexInfo":{"baseKey":"BXaVjWZK5+A0r0JTFnwd2EFPC8BZndooJZ4wUX09XsZT","baseKeyType":1,"closed":-1,"used":1746714533045,"created":1746714533045,"remoteIdentityKey":"BcEmiKPkFCSpxE+wEHqUFwm1931sInNZeCyV6/pCr25v"},"_chains":{"Bar4/RhfTBJIKVWg0IrCqruISg5LJs1iL0B7z6RzlIpt":{"chainKey":{"counter":0,"key":"lLQEg9MReBsSxUZfapxm0dRA70f758tj1bMwwJywyXI="},"chainType":1,"messageKeys":{}}},"pendingPreKey":{"signedKeyId":1,"baseKey":"BXaVjWZK5+A0r0JTFnwd2EFPC8BZndooJZ4wUX09XsZT","preKeyId":9220515}}},"version":"v1"}