{"_sessions":{"BXHUdLWFShm/YkQC98rByxnLMQKhtU7ZHh1ZznWqV3VO":{"registrationId":467956122,"currentRatchet":{"ephemeralKeyPair":{"pubKey":"BWOg12FzExlzLeBOPk8ApWoLv3ywCLUbi/wH7u4yPxF6","privKey":"MBAd8YYdAWeEUS3wmIvOBz+vq7BchvWgfx9G+0IiRFg="},"lastRemoteEphemeralKey":"BR/DaZ4rpj5NqscamJwLpYm0WXncGybLNIsmZMWYVBYq","previousCounter":0,"rootKey":"EX4cds1tNi3MjdJfU1/63rammzgHEbxI00BnOHafvwM="},"indexInfo":{"baseKey":"BXHUdLWFShm/YkQC98rByxnLMQKhtU7ZHh1ZznWqV3VO","baseKeyType":1,"closed":1746721114778,"used":1746721083763,"created":1746721083763,"remoteIdentityKey":"BdIHGa8m5BMPvZKChi3FXlU9SRYsp8m0DYXw36qzxf5b"},"_chains":{"BWOg12FzExlzLeBOPk8ApWoLv3ywCLUbi/wH7u4yPxF6":{"chainKey":{"counter":0,"key":"W1nsAmgUmnyfDqxjxgHvxhyv8Gkqh6nWsa5nVBhqxOQ="},"chainType":1,"messageKeys":{}}},"pendingPreKey":{"signedKeyId":8,"baseKey":"BXHUdLWFShm/YkQC98rByxnLMQKhtU7ZHh1ZznWqV3VO","preKeyId":2259489}},"BUVc/vZipwo0f51W7I38FSu7EYNi9yoP1lhh7L3UAhkH":{"registrationId":467956122,"currentRatchet":{"ephemeralKeyPair":{"pubKey":"BX4x5esnfagEwyBRJxqcnOgmhMBVKaqn1bGuYgv9GBJ3","privKey":"sFV0DclPVYfgpOYs7cZGYH3V/Xep/6B8B90nnH5PUX0="},"lastRemoteEphemeralKey":"BR/DaZ4rpj5NqscamJwLpYm0WXncGybLNIsmZMWYVBYq","previousCounter":0,"rootKey":"aC4RVyv79yu+VsgCG0VnzrYVaE7z0Fp8O64Faka8aJM="},"indexInfo":{"baseKey":"BUVc/vZipwo0f51W7I38FSu7EYNi9yoP1lhh7L3UAhkH","baseKeyType":1,"closed":-1,"used":1746721114542,"created":1746721114542,"remoteIdentityKey":"BdIHGa8m5BMPvZKChi3FXlU9SRYsp8m0DYXw36qzxf5b"},"_chains":{"BX4x5esnfagEwyBRJxqcnOgmhMBVKaqn1bGuYgv9GBJ3":{"chainKey":{"counter":2,"key":"nY2LC0avLx+i5iESdTeMz6j0N8GlDkhQDbFJy2gHmLg="},"chainType":1,"messageKeys":{}}},"pendingPreKey":{"signedKeyId":8,"baseKey":"BUVc/vZipwo0f51W7I38FSu7EYNi9yoP1lhh7L3UAhkH","preKeyId":2259456}}},"version":"v1"}