{"_sessions":{"BZpj7ZgAO+UOb8w4RvXxMHEryu59T5Gh7AdpTlcvGBJ7":{"registrationId":1042632266,"currentRatchet":{"ephemeralKeyPair":{"pubKey":"BbtyF7tfz+erXku7HNZznIZTULEjzyhDFD9exqM2zlI9","privKey":"GKdbAawJO4vPhhBqncycOBSWx9RlF4Lk6/KtHI/aIEE="},"lastRemoteEphemeralKey":"BT6RH5MgQqUFveJXFUiMfAae+H4FxLI7l+jeFXdLHdI4","previousCounter":0,"rootKey":"AT4qw3fqHbx4s2NplasQoAHKIYMZ86Fp0InE+lSY2R4="},"indexInfo":{"baseKey":"BZpj7ZgAO+UOb8w4RvXxMHEryu59T5Gh7AdpTlcvGBJ7","baseKeyType":1,"closed":1746721104099,"used":1746721072913,"created":1746721072913,"remoteIdentityKey":"BfcWWigBPjH/M0tv/vTPOolzOF/OBCamoXr6Syn94y4N"},"_chains":{"BbtyF7tfz+erXku7HNZznIZTULEjzyhDFD9exqM2zlI9":{"chainKey":{"counter":0,"key":"2fAGXGXQcwFB/MZtL5nm5skxU/G8otZ9jpZW5N3PeIA="},"chainType":1,"messageKeys":{}}},"pendingPreKey":{"signedKeyId":1,"baseKey":"BZpj7ZgAO+UOb8w4RvXxMHEryu59T5Gh7AdpTlcvGBJ7"}},"BVEQlg9lDd97yENZoUghw8cbHpq5ndaqRLXIXiGmO9FR":{"registrationId":1042632266,"currentRatchet":{"ephemeralKeyPair":{"pubKey":"BcA5j3SbSBVXDKu4i3XAx5yHpx7tNX5NjLIryBKOOgcJ","privKey":"GBc9l0bqGD9XpcycMQDkbs1cG/g5gIlDEDH62TwHiEA="},"lastRemoteEphemeralKey":"BT6RH5MgQqUFveJXFUiMfAae+H4FxLI7l+jeFXdLHdI4","previousCounter":0,"rootKey":"EUYdObYtX3Jb4xQZbBYT4qzVK2tWPAf5hsUfHmAh5Xo="},"indexInfo":{"baseKey":"BVEQlg9lDd97yENZoUghw8cbHpq5ndaqRLXIXiGmO9FR","baseKeyType":1,"closed":-1,"used":1746721103814,"created":1746721103814,"remoteIdentityKey":"BfcWWigBPjH/M0tv/vTPOolzOF/OBCamoXr6Syn94y4N"},"_chains":{"BcA5j3SbSBVXDKu4i3XAx5yHpx7tNX5NjLIryBKOOgcJ":{"chainKey":{"counter":2,"key":"CaK7HxKJRQoeOlSGkAyFCfuCkfp3sSwXF5g6g8ddiQw="},"chainType":1,"messageKeys":{}}},"pendingPreKey":{"signedKeyId":1,"baseKey":"BVEQlg9lDd97yENZoUghw8cbHpq5ndaqRLXIXiGmO9FR"}}},"version":"v1"}