{"_sessions":{"BTC7sMFcL0KtUCr8REWR+6wze7Ysh65ojptK6hB6xA4/":{"registrationId":1876803881,"currentRatchet":{"ephemeralKeyPair":{"pubKey":"Be1y08spZmf9TqaSij6DJhSjR8BExfgU4pXEGMLBOXF2","privKey":"aKSK+/lHJoYnWJCiAEb5FCKG03Y1Ij2eaSUbwVJ3bX0="},"lastRemoteEphemeralKey":"BafKCctw4HYRCPSxCCuWDh+GPToNy/MOhcQQxNEFoZQ4","previousCounter":0,"rootKey":"YOMm7jlw1ncyewnhYmemaVKAMT65L7Q/ABlfKr6WEao="},"indexInfo":{"baseKey":"BTC7sMFcL0KtUCr8REWR+6wze7Ysh65ojptK6hB6xA4/","baseKeyType":1,"closed":-1,"used":1746714532959,"created":1746714532959,"remoteIdentityKey":"BaGoFjD0geADDXUNcmtjUm/CFnlgRvtZMowtedZOWLI6"},"_chains":{"Be1y08spZmf9TqaSij6DJhSjR8BExfgU4pXEGMLBOXF2":{"chainKey":{"counter":0,"key":"bpBDi4itDk2nuSpqoofLSedCwjImU4yNjwdnHNOeqmk="},"chainType":1,"messageKeys":{}}},"pendingPreKey":{"signedKeyId":4,"baseKey":"BTC7sMFcL0KtUCr8REWR+6wze7Ysh65ojptK6hB6xA4/"}}},"version":"v1"}