{"_sessions":{"BVsIgHIt2hMO53rkWlJq+Z1VpDRmSZ3kKxp8cUjtgn8J":{"registrationId":488673216,"currentRatchet":{"ephemeralKeyPair":{"pubKey":"BUZkEJhLxVYlHYc23AIWv2wr5Gm0m90pfz6Ie/AJtMgn","privKey":"CIawE5+SoqJOCPYcqzmy8dfpRDzGpz/CvDg5gDXEkE8="},"lastRemoteEphemeralKey":"BWKdVR0TKWq3QSk4mtGtHZv/+mJmQDeywds07uh6cWAy","previousCounter":0,"rootKey":"bv9VnHW2Ev/J9yzKPuukm2CyJxPvwEeTWCPbCEaU6X8="},"indexInfo":{"baseKey":"BVsIgHIt2hMO53rkWlJq+Z1VpDRmSZ3kKxp8cUjtgn8J","baseKeyType":1,"closed":1746721099438,"used":1746721069239,"created":1746721069239,"remoteIdentityKey":"BdHeVzXJWfEajeHxPiuPdL/H+oxD/fYrKkarCNV6IPs/"},"_chains":{"BUZkEJhLxVYlHYc23AIWv2wr5Gm0m90pfz6Ie/AJtMgn":{"chainKey":{"counter":0,"key":"bFwZpo3KnVeD5/E2PgDBGUPl0tQ9vqVS+cL2lrENmQM="},"chainType":1,"messageKeys":{}}},"pendingPreKey":{"signedKeyId":9,"baseKey":"BVsIgHIt2hMO53rkWlJq+Z1VpDRmSZ3kKxp8cUjtgn8J","preKeyId":12778498}},"BbV6ARy0p38Rb5pvQV4z5Q55L22deahyeTAuJ1gdeOV5":{"registrationId":488673216,"currentRatchet":{"ephemeralKeyPair":{"pubKey":"BdTokFsTJzDYGr1WdS/BX0Z/GeFPblPjnTFtEUpdY9Ev","privKey":"CGKP0DOegVTYo1RvENCgmm2wDuVv4z+nlMQkqsHoJ0k="},"lastRemoteEphemeralKey":"BWKdVR0TKWq3QSk4mtGtHZv/+mJmQDeywds07uh6cWAy","previousCounter":0,"rootKey":"nsBObOLDsy9FYsvvrkIzmbY0Iw+bQsSG78g0nJrJoZQ="},"indexInfo":{"baseKey":"BbV6ARy0p38Rb5pvQV4z5Q55L22deahyeTAuJ1gdeOV5","baseKeyType":1,"closed":-1,"used":1746721098893,"created":1746721098893,"remoteIdentityKey":"BdHeVzXJWfEajeHxPiuPdL/H+oxD/fYrKkarCNV6IPs/"},"_chains":{"BdTokFsTJzDYGr1WdS/BX0Z/GeFPblPjnTFtEUpdY9Ev":{"chainKey":{"counter":2,"key":"BdxBuGSCyEJosBIKHbQpiC7k/P9LxD6eZuZ/kObwUZ8="},"chainType":1,"messageKeys":{}}},"pendingPreKey":{"signedKeyId":9,"baseKey":"BbV6ARy0p38Rb5pvQV4z5Q55L22deahyeTAuJ1gdeOV5","preKeyId":12778139}}},"version":"v1"}