{"_sessions":{"BbuJT68+W6Ym6c55RPGyS8uXZ6xTgOtISF014es7kQNx":{"registrationId":1610683431,"currentRatchet":{"ephemeralKeyPair":{"pubKey":"BUspTYMAxpq6r54DCKfFSj9xb/7Nwi46NrOxv5GeDTRk","privKey":"MG05GJGwFmnS4+sAh+ERkCTxNgVWH2dt4p3QI1rSnGI="},"lastRemoteEphemeralKey":"Bf7mmJFWGQkUYWI5u0WMlqZn53N+G+mGl06LpRYt/UNm","previousCounter":0,"rootKey":"x7lG+0mZvBVBr0EQph/tImbUVCr3QidZrIS7aoT80u8="},"indexInfo":{"baseKey":"BbuJT68+W6Ym6c55RPGyS8uXZ6xTgOtISF014es7kQNx","baseKeyType":1,"closed":-1,"used":1746714529280,"created":1746714529280,"remoteIdentityKey":"BQ5Rv3up4/oIHb7zL58iJ0xye/EaHaCKbl6uZpwCQgNs"},"_chains":{"BUspTYMAxpq6r54DCKfFSj9xb/7Nwi46NrOxv5GeDTRk":{"chainKey":{"counter":0,"key":"Ebv+daVnx8HQoryKfcn6k1Q8GEFJpHMaScM/3ZucmuE="},"chainType":1,"messageKeys":{}}},"pendingPreKey":{"signedKeyId":0,"baseKey":"BbuJT68+W6Ym6c55RPGyS8uXZ6xTgOtISF014es7kQNx","preKeyId":7112252}}},"version":"v1"}