{"_sessions":{"BWYyg5oAX/QxVdAabAyiUBSQJ9Giaue9msK67R4Bs8UF":{"registrationId":1131235418,"currentRatchet":{"ephemeralKeyPair":{"pubKey":"BbkJ4ecvpvvzqc03L0CWSpjNUD9ALnu5kRolncBeUVA8","privKey":"EJTwcI/ieca41Q8RtQzh8uPZLYz3JpXER9BIa+peP30="},"lastRemoteEphemeralKey":"BY8/yXbHc7yrPCbzG2lLkNDxmtzvjuXUYPDe9PUrAb43","previousCounter":0,"rootKey":"sXR0Dbw4Vo61J92IMbs94y8qKU6em/ZajmRw9Y3C/Wc="},"indexInfo":{"baseKey":"BWYyg5oAX/QxVdAabAyiUBSQJ9Giaue9msK67R4Bs8UF","baseKeyType":1,"closed":1746721107756,"used":1746721075756,"created":1746721075756,"remoteIdentityKey":"BT2pi489T0HvX1k2hFKwhey1zDrVhEEg0pK9Bn62Td0G"},"_chains":{"BbkJ4ecvpvvzqc03L0CWSpjNUD9ALnu5kRolncBeUVA8":{"chainKey":{"counter":0,"key":"Qfqo4stVw3AGS5r6AazckEPFlqAUgnLGKoupBCwfl+w="},"chainType":1,"messageKeys":{}}},"pendingPreKey":{"signedKeyId":7,"baseKey":"BWYyg5oAX/QxVdAabAyiUBSQJ9Giaue9msK67R4Bs8UF","preKeyId":8116392}},"Bc1QGLa71rvLFuSSRb/n7jSJ8vEMsh+ZqhbwrkveruNZ":{"registrationId":1131235418,"currentRatchet":{"ephemeralKeyPair":{"pubKey":"BaEcMA1KE5KDXbvaodIsfY52cXrLFv3L3tX4cHs8q1EO","privKey":"aM/oStZzutbgIy/8N0KeuP+/zAbeXGHHbSSXW+PGiEE="},"lastRemoteEphemeralKey":"BY8/yXbHc7yrPCbzG2lLkNDxmtzvjuXUYPDe9PUrAb43","previousCounter":0,"rootKey":"NmZ0Asdkzuz0SzeOEByFxiyVatupIIOXY1MUaBrosyo="},"indexInfo":{"baseKey":"Bc1QGLa71rvLFuSSRb/n7jSJ8vEMsh+ZqhbwrkveruNZ","baseKeyType":1,"closed":-1,"used":1746721107332,"created":1746721107332,"remoteIdentityKey":"BT2pi489T0HvX1k2hFKwhey1zDrVhEEg0pK9Bn62Td0G"},"_chains":{"BaEcMA1KE5KDXbvaodIsfY52cXrLFv3L3tX4cHs8q1EO":{"chainKey":{"counter":2,"key":"lgxFHfVvTF7huKG8yxA6Zi3Kjtnjym5WFLqZbCjaBMQ="},"chainType":1,"messageKeys":{}}},"pendingPreKey":{"signedKeyId":7,"baseKey":"Bc1QGLa71rvLFuSSRb/n7jSJ8vEMsh+ZqhbwrkveruNZ","preKeyId":8116394}}},"version":"v1"}