{"_sessions":{"Bc9I/PKu5tFi18phSsD7H2IrCwW2wdYOM7VWs25sFCwm":{"registrationId":1390468215,"currentRatchet":{"ephemeralKeyPair":{"pubKey":"BQjU6YvUXTtq3C/DqoUry3cJjcln4SJPMdJt6kJ6kQkg","privKey":"IEUp+O8ZJJ/vAJrTrmHXyyjQCERreLE6Kf+awER3CFA="},"lastRemoteEphemeralKey":"BSw0IMcPiRKbQovpRrrYyCTorU8StFGDIya6cOMK5UtF","previousCounter":0,"rootKey":"Fr8zTd/vcZjk/dWbsAFKtwmSMioH8Jb3h5EI0Xs9nOQ="},"indexInfo":{"baseKey":"Bc9I/PKu5tFi18phSsD7H2IrCwW2wdYOM7VWs25sFCwm","baseKeyType":1,"closed":1746721118492,"used":1746721087177,"created":1746721087177,"remoteIdentityKey":"BWCf6n2EdEtgtSuOCk7UdflhSzocEbUZCjq1KxOY7boQ"},"_chains":{"BQjU6YvUXTtq3C/DqoUry3cJjcln4SJPMdJt6kJ6kQkg":{"chainKey":{"counter":0,"key":"OPbIW7PJkw88KN/l90cPb0ZwZBMElxwBMMA0LCOanF0="},"chainType":1,"messageKeys":{}}},"pendingPreKey":{"signedKeyId":17,"baseKey":"Bc9I/PKu5tFi18phSsD7H2IrCwW2wdYOM7VWs25sFCwm","preKeyId":14942776}},"BZsDIdieG4aV+uaX2nEv+7Wmjig7m4mEUaxllDHl4tIx":{"registrationId":1390468215,"currentRatchet":{"ephemeralKeyPair":{"pubKey":"BcebRBE+KTL1WV8h83RhyjnbqGLWQL++ayjofTLvRK8y","privKey":"EAicl1bioEotIZ0g2V44QgEEah5ZUZDZ7NyvMzXEB2k="},"lastRemoteEphemeralKey":"BSw0IMcPiRKbQovpRrrYyCTorU8StFGDIya6cOMK5UtF","previousCounter":0,"rootKey":"AycOiz4leSCBiYsFsnpKhB7TREFpf4n7Nbr1ZpJ2QSI="},"indexInfo":{"baseKey":"BZsDIdieG4aV+uaX2nEv+7Wmjig7m4mEUaxllDHl4tIx","baseKeyType":1,"closed":-1,"used":1746721118173,"created":1746721118173,"remoteIdentityKey":"BWCf6n2EdEtgtSuOCk7UdflhSzocEbUZCjq1KxOY7boQ"},"_chains":{"BcebRBE+KTL1WV8h83RhyjnbqGLWQL++ayjofTLvRK8y":{"chainKey":{"counter":2,"key":"1ocKRUMQDRGdfVa4fFSjanltDNxn1M39nNtL56kTqnI="},"chainType":1,"messageKeys":{}}},"pendingPreKey":{"signedKeyId":17,"baseKey":"BZsDIdieG4aV+uaX2nEv+7Wmjig7m4mEUaxllDHl4tIx","preKeyId":14942764}}},"version":"v1"}