{"_sessions":{"BUHKYoUAOyQCOuYacWyGn1H6OPZMbI+839XX3Q4iPoZh":{"registrationId":613949983,"currentRatchet":{"ephemeralKeyPair":{"pubKey":"Bd7kfkmsaT+FMa33JwRw3j8h5sLvV+Ih6cPPaIknAQVv","privKey":"WF8alDs0Lm+Om18YrT5jKaLaHjT8KEiR7NwaACoWc1c="},"lastRemoteEphemeralKey":"BSZe8jb7hdVioVEkWNacDbLzLnrrgQ+YbOxl5HNuXf5e","previousCounter":0,"rootKey":"oBZTre9HWKbqrk+VecuH4PuDMm/8AM0e0rwlQLaHjqk="},"indexInfo":{"baseKey":"BUHKYoUAOyQCOuYacWyGn1H6OPZMbI+839XX3Q4iPoZh","baseKeyType":1,"closed":1746721104082,"used":1746721072870,"created":1746721072870,"remoteIdentityKey":"BYSSkXYEAwUm+vYUkNUIZ4QYlnRUq6lmNeQFEOvNwQEm"},"_chains":{"Bd7kfkmsaT+FMa33JwRw3j8h5sLvV+Ih6cPPaIknAQVv":{"chainKey":{"counter":0,"key":"WUhhgU2odHuouEaEM/WuJB++vup7BVyEadKq429i0/Q="},"chainType":1,"messageKeys":{}}},"pendingPreKey":{"signedKeyId":2,"baseKey":"BUHKYoUAOyQCOuYacWyGn1H6OPZMbI+839XX3Q4iPoZh","preKeyId":1130197}},"BTVL+PO6IOSO2xm3uqu0Dnz/ZZd3C3rS3SDyu4Z98aNC":{"registrationId":613949983,"currentRatchet":{"ephemeralKeyPair":{"pubKey":"BTyuaDZM2uep7rMRnSOcKcdW1EeSl0fTmu4NtojxEXMI","privKey":"qLuN/ByoAP9WlV7qtucUjiJ+CfIteRKYpwZhZkNF9UU="},"lastRemoteEphemeralKey":"BSZe8jb7hdVioVEkWNacDbLzLnrrgQ+YbOxl5HNuXf5e","previousCounter":0,"rootKey":"sHfZINziXIZrwAMwIFZWAcYDLCD9X+R3M8a9I0pdpyM="},"indexInfo":{"baseKey":"BTVL+PO6IOSO2xm3uqu0Dnz/ZZd3C3rS3SDyu4Z98aNC","baseKeyType":1,"closed":-1,"used":1746721103738,"created":1746721103738,"remoteIdentityKey":"BYSSkXYEAwUm+vYUkNUIZ4QYlnRUq6lmNeQFEOvNwQEm"},"_chains":{"BTyuaDZM2uep7rMRnSOcKcdW1EeSl0fTmu4NtojxEXMI":{"chainKey":{"counter":2,"key":"GTtGF1hLVH2olNHqHGBoBzq7OBZTuiVyiVqQBAcAZdU="},"chainType":1,"messageKeys":{}}},"pendingPreKey":{"signedKeyId":2,"baseKey":"BTVL+PO6IOSO2xm3uqu0Dnz/ZZd3C3rS3SDyu4Z98aNC","preKeyId":1130143}}},"version":"v1"}