{"_sessions":{"BRfWuXjvh9tW2yhqI11G+F6t2sLg8bBwy6ppA24sRjt5":{"registrationId":618154745,"currentRatchet":{"ephemeralKeyPair":{"pubKey":"BVzSVhg2DqNCQHfkW2qdvHaU74oYNjTvxTXFkA8PxllG","privKey":"wOccbnwBSippec3/JY1SHwhy1H2jebmDM9yraw2gWGQ="},"lastRemoteEphemeralKey":"BWcJJ554o1AWHCaRYjm0wrTyVvn7Chk0GV2Vj4F8LmgX","previousCounter":0,"rootKey":"/OUTvEqA61Al5KIuhLGD+zGiDtlKOucoojLQ+G+zBiE="},"indexInfo":{"baseKey":"BRfWuXjvh9tW2yhqI11G+F6t2sLg8bBwy6ppA24sRjt5","baseKeyType":1,"closed":-1,"used":1746714525874,"created":1746714525874,"remoteIdentityKey":"BQNESaWiyojaRVrEw2LsZANy+KSB6H6AvPym0OQwOTJV"},"_chains":{"BVzSVhg2DqNCQHfkW2qdvHaU74oYNjTvxTXFkA8PxllG":{"chainKey":{"counter":0,"key":"Kl2PMLKHaZz6JmMRFULjldRYKwgN3G1aSq9Ml75r628="},"chainType":1,"messageKeys":{}}},"pendingPreKey":{"signedKeyId":16,"baseKey":"BRfWuXjvh9tW2yhqI11G+F6t2sLg8bBwy6ppA24sRjt5","preKeyId":13420020}}},"version":"v1"}