{"_sessions":{"BSxXWJwOWls5Edg6XLUqc0mIsmAdv2cjiw2vT06GtDkG":{"registrationId":1593105934,"currentRatchet":{"ephemeralKeyPair":{"pubKey":"BYKJ9/fsOsqgpzDDW/PAu8Tqc32Df2h0g42tict+yFEi","privKey":"YNc4TTL2WHh3O2Ne7TkSeJAJeIwcw51D7L539dJ3nG0="},"lastRemoteEphemeralKey":"BaDHBGoNvpTUXcU6miWFcTtRfSs+B2InRaI733t0qHxK","previousCounter":0,"rootKey":"2R0wy/QxoabOYDYhrTQi44DAr++YboLTlMLPoJUWQAQ="},"indexInfo":{"baseKey":"BSxXWJwOWls5Edg6XLUqc0mIsmAdv2cjiw2vT06GtDkG","baseKeyType":1,"closed":1746721111340,"used":1746721080142,"created":1746721080142,"remoteIdentityKey":"BRmI6KGDyvuWMQ+PtoU4edAqh4LeBA+zt95z94W+J7p8"},"_chains":{"BYKJ9/fsOsqgpzDDW/PAu8Tqc32Df2h0g42tict+yFEi":{"chainKey":{"counter":0,"key":"vWZtzWnOPatr28iMhqfNJjBw6Zmg5Omv5XAm7+rOENY="},"chainType":1,"messageKeys":{}}},"pendingPreKey":{"signedKeyId":4,"baseKey":"BSxXWJwOWls5Edg6XLUqc0mIsmAdv2cjiw2vT06GtDkG"}},"BcW2gEvA6vnYrxWaQfsxp8DlmwzobSOVwOkeYKUhH9AB":{"registrationId":1593105934,"currentRatchet":{"ephemeralKeyPair":{"pubKey":"BTOlDb3RAe5e63l18mQV6xDLHrHPsxUAMHBt23quDzoz","privKey":"4B56ivK8WhrG4IswMWMLOxuYtTv+mYxk4vaqnKFFKUg="},"lastRemoteEphemeralKey":"BaDHBGoNvpTUXcU6miWFcTtRfSs+B2InRaI733t0qHxK","previousCounter":0,"rootKey":"/zwQUOa8ZWyTm4yATflHO9xmW2CX8U1zFXay1wrg1FA="},"indexInfo":{"baseKey":"BcW2gEvA6vnYrxWaQfsxp8DlmwzobSOVwOkeYKUhH9AB","baseKeyType":1,"closed":-1,"used":1746721111081,"created":1746721111081,"remoteIdentityKey":"BRmI6KGDyvuWMQ+PtoU4edAqh4LeBA+zt95z94W+J7p8"},"_chains":{"BTOlDb3RAe5e63l18mQV6xDLHrHPsxUAMHBt23quDzoz":{"chainKey":{"counter":2,"key":"qNrdYuPfCgnw3E6PcsqbRIffBn9lsTWOWTe1elFVJSM="},"chainType":1,"messageKeys":{}}},"pendingPreKey":{"signedKeyId":4,"baseKey":"BcW2gEvA6vnYrxWaQfsxp8DlmwzobSOVwOkeYKUhH9AB"}}},"version":"v1"}