{"_sessions":{"BZsgFirrVp7bvXxE97b2DSkZf2RCLc6LycewAbcz0fte":{"registrationId":2040655759,"currentRatchet":{"ephemeralKeyPair":{"pubKey":"BfFFa8BY3MmL4o/ezRtYlq8mgY1oeFVZDdaRkdPPhrV6","privKey":"YNIB3gidf+1LpqYX80UNmt3VHW4MNI6N4PAvvRASzWI="},"lastRemoteEphemeralKey":"BUUsOr2p1XmStssTFR0mFscjE0K62taqyHixyOzMHIMU","previousCounter":0,"rootKey":"KoZh0MBWzwGUyS8XgQwXMgqm8xEMTwVu5KTTFivt0xg="},"indexInfo":{"baseKey":"BZsgFirrVp7bvXxE97b2DSkZf2RCLc6LycewAbcz0fte","baseKeyType":1,"closed":-1,"used":1746714540190,"created":1746714540190,"remoteIdentityKey":"BdOJWQwjacbNalcQsstI8IRMLAyZaBWTJUhu+lPqQmsm"},"_chains":{"BfFFa8BY3MmL4o/ezRtYlq8mgY1oeFVZDdaRkdPPhrV6":{"chainKey":{"counter":0,"key":"i64HMHmvayLUpNZXMoSoCA9DnZQVwtvKZyGRC5NkqKs="},"chainType":1,"messageKeys":{}}},"pendingPreKey":{"signedKeyId":0,"baseKey":"BZsgFirrVp7bvXxE97b2DSkZf2RCLc6LycewAbcz0fte","preKeyId":1212033}}},"version":"v1"}