{"_sessions":{"BUzGWGwBuD8H3gNmfVQjQu0KvOAyTAu7yk1/1a0I76lf":{"registrationId":441747431,"currentRatchet":{"ephemeralKeyPair":{"pubKey":"BXJxWstCLspNIe5ttBJe3SJF1SqtLCjTCyItu3klwKdo","privKey":"MG9szzJ2Enph9ZNfZIp4h0ukICFf7PN55peh0kpZ9F0="},"lastRemoteEphemeralKey":"BVDV8Ibcz3AG+MAhdHf3dOmg73EVUqKCH3ID+XMzVvUB","previousCounter":0,"rootKey":"tvhUhpcpTKIQacSKg+NOBYW3svMIe3uqdC4ZS6lg8qQ="},"indexInfo":{"baseKey":"BUzGWGwBuD8H3gNmfVQjQu0KvOAyTAu7yk1/1a0I76lf","baseKeyType":1,"closed":-1,"used":1746714522339,"created":1746714522339,"remoteIdentityKey":"BXJpwtTGkBbKYZZHxEG8mxxs5RpHeTs6arSrW9zBjKBp"},"_chains":{"BXJxWstCLspNIe5ttBJe3SJF1SqtLCjTCyItu3klwKdo":{"chainKey":{"counter":0,"key":"XWgXUaUjlnEtfeR+Ek91EbP/mKiLKMulfgRTJVzrINw="},"chainType":1,"messageKeys":{}}},"pendingPreKey":{"signedKeyId":4,"baseKey":"BUzGWGwBuD8H3gNmfVQjQu0KvOAyTAu7yk1/1a0I76lf","preKeyId":5930843}}},"version":"v1"}