{"_sessions":{"BXR0Ar6UUcWcccPQ5XH8cYQM04rBKZZ/dG9rWakfihxY":{"registrationId":402271412,"currentRatchet":{"ephemeralKeyPair":{"pubKey":"BcUc7qZV+P/cSICCy64ezokstUwWfNcxNKuwYTMnOXBF","privKey":"IKEmGv0iECzLIGjshXQV6C7KwSWLYjPn1Od8LcocBGY="},"lastRemoteEphemeralKey":"BXCgslk4NTMArYnAH5Hgj+Rrxj2zc57GxDHFWUAY+zYw","previousCounter":0,"rootKey":"hUyMus0HOs0l51S/7Wml3XD58Y60Lo/xC/beaJD6Dec="},"indexInfo":{"baseKey":"BXR0Ar6UUcWcccPQ5XH8cYQM04rBKZZ/dG9rWakfihxY","baseKeyType":1,"closed":-1,"used":1746714543337,"created":1746714543337,"remoteIdentityKey":"BVdEUWAN7Yu8hTpqKIOeVlq2JXoQiG+X7erxgfXg4ts2"},"_chains":{"BcUc7qZV+P/cSICCy64ezokstUwWfNcxNKuwYTMnOXBF":{"chainKey":{"counter":0,"key":"UWUBcfOeo47vq5lnzkJdg4GiYa9GVMukR7W+rhVXkjo="},"chainType":1,"messageKeys":{}}},"pendingPreKey":{"signedKeyId":0,"baseKey":"BXR0Ar6UUcWcccPQ5XH8cYQM04rBKZZ/dG9rWakfihxY","preKeyId":1801152}}},"version":"v1"}