{"_sessions":{"BTSZTVBE9rWb87ZKAoxae5Lx40HsQ/57Alv/cykVwrsD":{"registrationId":1159843270,"currentRatchet":{"ephemeralKeyPair":{"pubKey":"BSY9jVbtHN0M9W83BeYYU2qDKT3pqTEAxK3QJTFSHhkg","privKey":"4ITnGChebeW+Lvl9YqNYclVbouHIO+7G+1WPePwpE3M="},"lastRemoteEphemeralKey":"BZCL5YZ5W05uPIAYDFWxridW7FumL0cLSQ/ydTBWtC5T","previousCounter":0,"rootKey":"XcXV3MZeSjt9tn7mO9xQGiT30JYr+9XaxKPplRLuLmg="},"indexInfo":{"baseKey":"BTSZTVBE9rWb87ZKAoxae5Lx40HsQ/57Alv/cykVwrsD","baseKeyType":1,"closed":-1,"used":1746714536277,"created":1746714536277,"remoteIdentityKey":"BbtcWgE8P30cppp5aLsrnQFeHR+KlNYYPVWzJIl5L8wt"},"_chains":{"BSY9jVbtHN0M9W83BeYYU2qDKT3pqTEAxK3QJTFSHhkg":{"chainKey":{"counter":0,"key":"513g/5dJI7wJozw0HAB9JU30fj/7qNFW9I5NeT3hvJA="},"chainType":1,"messageKeys":{}}},"pendingPreKey":{"signedKeyId":6953212,"baseKey":"BTSZTVBE9rWb87ZKAoxae5Lx40HsQ/57Alv/cykVwrsD"}}},"version":"v1"}