{"_sessions":{"BfoO70QieiwePbsavUbLVTzzZmujllVNwRJWgLi0ldJZ":{"registrationId":631209150,"currentRatchet":{"ephemeralKeyPair":{"pubKey":"BUYGAN/A1q4bLMujpT8WOTFpJHiiJdGWqJM7NVm0HC9p","privKey":"cDnoCYUPAiXLtr44zwM2qh0einHtbFfvkiVmk3ocBWM="},"lastRemoteEphemeralKey":"BWmw/Dp6x4xPTt74Y8jb3pnGi4u0NDOuEd7xuuU2dAJI","previousCounter":0,"rootKey":"t0puj/1nhRCIBgY+vJ7aEHiO6uxa3IV6RwUbhkbZ/Kc="},"indexInfo":{"baseKey":"BfoO70QieiwePbsavUbLVTzzZmujllVNwRJWgLi0ldJZ","baseKeyType":1,"closed":1746721107793,"used":1746721075895,"created":1746721075895,"remoteIdentityKey":"BQpghROss4QSv47N6v95Y6k6JMVVvZlEaRXNP/Lo5LI3"},"_chains":{"BUYGAN/A1q4bLMujpT8WOTFpJHiiJdGWqJM7NVm0HC9p":{"chainKey":{"counter":0,"key":"hI/OGRT8mVujkib1r3Na1wJZQJ271V927kTBurAHgdw="},"chainType":1,"messageKeys":{}}},"pendingPreKey":{"signedKeyId":0,"baseKey":"BfoO70QieiwePbsavUbLVTzzZmujllVNwRJWgLi0ldJZ","preKeyId":118165}},"BTKEeX+5wMCcZt3G/VywBMQCMPGo8T6Mq4GZPn0FQpgp":{"registrationId":631209150,"currentRatchet":{"ephemeralKeyPair":{"pubKey":"BRly4aKdUQJbqgv3eSFsudjHrQ9/i3KueeIOVwO8chAv","privKey":"uP2j357MjIztRdfFEdhD0+g9kMbIFLGPlu8dC37LGm8="},"lastRemoteEphemeralKey":"BWmw/Dp6x4xPTt74Y8jb3pnGi4u0NDOuEd7xuuU2dAJI","previousCounter":0,"rootKey":"C+OrWxl0BGe5VwEZf1Ny+h2d8HhEuUAThURbEIeN71I="},"indexInfo":{"baseKey":"BTKEeX+5wMCcZt3G/VywBMQCMPGo8T6Mq4GZPn0FQpgp","baseKeyType":1,"closed":-1,"used":1746721107459,"created":1746721107459,"remoteIdentityKey":"BQpghROss4QSv47N6v95Y6k6JMVVvZlEaRXNP/Lo5LI3"},"_chains":{"BRly4aKdUQJbqgv3eSFsudjHrQ9/i3KueeIOVwO8chAv":{"chainKey":{"counter":2,"key":"NjZ0w5BMcSH1LxVtxcZxIQReFmVLDGT8g1FFNS6yiBk="},"chainType":1,"messageKeys":{}}},"pendingPreKey":{"signedKeyId":0,"baseKey":"BTKEeX+5wMCcZt3G/VywBMQCMPGo8T6Mq4GZPn0FQpgp","preKeyId":118157}}},"version":"v1"}