{"_sessions":{"BTIgX6se2xXvHS20c7LVs/THzf9ssbTmYkaCVNnWrEM+":{"registrationId":71,"currentRatchet":{"ephemeralKeyPair":{"pubKey":"BdNqoqp4tYWTan0Jnjmv/1DWg3hxAt6GL6/tmJSTfst6","privKey":"OMvrIb5x80QYxhmb2d/FuVbnCdqYOWdix+KSLwpJm20="},"lastRemoteEphemeralKey":"BUryZeZ3/ri8oU2LlTQ0NfgMr+2TiDFYT2jZ6zagX0Jc","previousCounter":0,"rootKey":"ox+ZwGgmiulZCRHtaO4WjNoknfdUmTxfT4hXS2KtB4A="},"indexInfo":{"baseKey":"BTIgX6se2xXvHS20c7LVs/THzf9ssbTmYkaCVNnWrEM+","baseKeyType":1,"closed":-1,"used":1746714522095,"created":1746714522095,"remoteIdentityKey":"BbNEBEtiQVvplpzwQOswku9/fArlaJUMGIfuae1AEFY2"},"_chains":{"BdNqoqp4tYWTan0Jnjmv/1DWg3hxAt6GL6/tmJSTfst6":{"chainKey":{"counter":0,"key":"mdQ8dHd+6psXb+zEpd1yhcvDzmMSl6X906dsDTCmn58="},"chainType":1,"messageKeys":{}}},"pendingPreKey":{"signedKeyId":1,"baseKey":"BTIgX6se2xXvHS20c7LVs/THzf9ssbTmYkaCVNnWrEM+"}}},"version":"v1"}