{"_sessions":{"BeJWeBceVbxjT9I6ZbhkYVGIX3V0oObKmOQ2cA+R9FA5":{"registrationId":488673216,"currentRatchet":{"ephemeralKeyPair":{"pubKey":"BUmyRw2ryRsvktYVzvIFyI0Tw/KlaLkNLLv8MEKTMh4V","privKey":"gE8ur85STGdCl4NIvS6DaxhZ+PjHhaVvt6YbxtqScUU="},"lastRemoteEphemeralKey":"BWKdVR0TKWq3QSk4mtGtHZv/+mJmQDeywds07uh6cWAy","previousCounter":0,"rootKey":"fs7lpvfRXrtzX9W4V+vPf7mUc3WcTa56R3vbCFi0VYo="},"indexInfo":{"baseKey":"BeJWeBceVbxjT9I6ZbhkYVGIX3V0oObKmOQ2cA+R9FA5","baseKeyType":1,"closed":-1,"used":1746714522365,"created":1746714522365,"remoteIdentityKey":"BdHeVzXJWfEajeHxPiuPdL/H+oxD/fYrKkarCNV6IPs/"},"_chains":{"BUmyRw2ryRsvktYVzvIFyI0Tw/KlaLkNLLv8MEKTMh4V":{"chainKey":{"counter":0,"key":"bMEamWS/WrBs70dC8XDX9jVOYeYWSMWEypHAhQS63mM="},"chainType":1,"messageKeys":{}}},"pendingPreKey":{"signedKeyId":9,"baseKey":"BeJWeBceVbxjT9I6ZbhkYVGIX3V0oObKmOQ2cA+R9FA5","preKeyId":12777923}}},"version":"v1"}