{"_sessions":{"BfxsFy1JAeg69e010KiwDCuylOQkTe9fYoj9sQjDcH8T":{"registrationId":1758781868,"currentRatchet":{"ephemeralKeyPair":{"pubKey":"BVyg7SJ7QFlvPprhK9noy9DorRvzqHqZYBU9G38GoGdu","privKey":"KLDXOopDvLHpQ9I/12ZqT+saLTQzSx6uYvnu0N6e92Q="},"lastRemoteEphemeralKey":"Bb3V3gRdbwd4qwCWm8BenZ3cvK2tqv3yJZjiE0iu1Ul9","previousCounter":0,"rootKey":"ZfhA+l5lIDceLMztYzfEsze/M+yU/NGJAHE13mM2TtQ="},"indexInfo":{"baseKey":"BfxsFy1JAeg69e010KiwDCuylOQkTe9fYoj9sQjDcH8T","baseKeyType":1,"closed":-1,"used":1746714536579,"created":1746714536579,"remoteIdentityKey":"BS1oH9IR66hL9zuCvQdlOAAzB6Uy/C0zrdHHEu0cpqQ3"},"_chains":{"BVyg7SJ7QFlvPprhK9noy9DorRvzqHqZYBU9G38GoGdu":{"chainKey":{"counter":0,"key":"+WqyJHvuWUq0epIO7YTGdCt4DRA2DtrITSe1ua2K7DM="},"chainType":1,"messageKeys":{}}},"pendingPreKey":{"signedKeyId":9,"baseKey":"BfxsFy1JAeg69e010KiwDCuylOQkTe9fYoj9sQjDcH8T","preKeyId":989171}}},"version":"v1"}