{"_sessions":{"BWA/H2M4FoaPRCB/RouuCS3JN4mECbMR3lzwzWVvoxdd":{"registrationId":939215173,"currentRatchet":{"ephemeralKeyPair":{"pubKey":"BWfInjjrdZ27LYZ48i7V4+SwrfkJsNkX5iONBw3R26g6","privKey":"QMoTR1YzI4iLv6PYRk8GkWyfF7nE2+QXmUxqjKci3n4="},"lastRemoteEphemeralKey":"BX/VXvEdeBQejP3qcGqwrBmf4M8s0uDbarmrb6w2WAsK","previousCounter":0,"rootKey":"l+YZRPFt030m8PucGusnEvl2BBmD3z257bHpTRKLfZQ="},"indexInfo":{"baseKey":"BWA/H2M4FoaPRCB/RouuCS3JN4mECbMR3lzwzWVvoxdd","baseKeyType":1,"closed":-1,"used":1746714522001,"created":1746714522001,"remoteIdentityKey":"Bc/eVfHw+H7VU2IwiBdYjpN1kbfBCzQnZAoiU5yuom0/"},"_chains":{"BWfInjjrdZ27LYZ48i7V4+SwrfkJsNkX5iONBw3R26g6":{"chainKey":{"counter":0,"key":"jkPjc0Vsun9PFsIHg68f9/J43OUm7PstkzhrU40Z9ZU="},"chainType":1,"messageKeys":{}}},"pendingPreKey":{"signedKeyId":4144665,"baseKey":"BWA/H2M4FoaPRCB/RouuCS3JN4mECbMR3lzwzWVvoxdd","preKeyId":2076}}},"version":"v1"}