{"_sessions":{"BbiMFW+BQydvFATxNOb1dLgnAdASEBEOQmFKYKyoTN4N":{"registrationId":637966053,"currentRatchet":{"ephemeralKeyPair":{"pubKey":"BXiipP4fZoKVVQIzpRSeSfZVnGtCZnMM5W0Di1RffGha","privKey":"KI9FQjvzdUUB2toBcCDlEtc6NH4/GYECwKPBTyOuxFY="},"lastRemoteEphemeralKey":"Bf9DSY3KCC5yPxcFetky2FbdBFIexa0pSoHOTA9EnrgJ","previousCounter":2,"rootKey":"TBkWORb0nZyVgncMGT4y0/1QMq/BqgHKVgSNbI8sciM="},"indexInfo":{"baseKey":"BbiMFW+BQydvFATxNOb1dLgnAdASEBEOQmFKYKyoTN4N","baseKeyType":2,"closed":-1,"used":1746721280737,"created":1746721055702,"remoteIdentityKey":"BVkE+bc5EbHm5+M542FkWabf82TgX1sANCI4HDWl0jkn"},"_chains":{"Bc60xQ3y/OKzUIQ/zD6/AvV85g2DEhc5CJ9n0Oi3Pz5+":{"chainKey":{"counter":1},"chainType":2,"messageKeys":{}},"Bf9DSY3KCC5yPxcFetky2FbdBFIexa0pSoHOTA9EnrgJ":{"chainKey":{"counter":0,"key":"d/3wKxjU0vc7hsKqWYdrEweA0++LrQUadkOXDicD1s8="},"chainType":2,"messageKeys":{}},"BXiipP4fZoKVVQIzpRSeSfZVnGtCZnMM5W0Di1RffGha":{"chainKey":{"counter":0,"key":"FkQPnq02QvN2V8hu69nttYeaAqyRP9zsZYNrydMhipE="},"chainType":1,"messageKeys":{}}}}},"version":"v1"}