{"_sessions":{"BU/buz6Dn6kqP2XgxPoIFOsY4daMVT4SpsrN/d8u1K1D":{"registrationId":1266650715,"currentRatchet":{"ephemeralKeyPair":{"pubKey":"BaUTARQgWpTjGgs61umZW7r1XQslhznJcQsZH279HlAa","privKey":"KGiY0rIyJD9vtN87qe1IU7OpKP3LFPALJCV50NSWl3c="},"lastRemoteEphemeralKey":"BVqJy0VEWPSB3Axs9eqdG2sIxb/MnYeAe53wxfbFzTtg","previousCounter":0,"rootKey":"d9/8Me2Vw/cAFzPn53+oomTT9TlV8evSzs1CChGfis0="},"indexInfo":{"baseKey":"BU/buz6Dn6kqP2XgxPoIFOsY4daMVT4SpsrN/d8u1K1D","baseKeyType":1,"closed":-1,"used":1746714532635,"created":1746714532635,"remoteIdentityKey":"BbpBfbdJvW9VdBGPm3z/ZC0s0yi0+c93F28j6AttL3Yv"},"_chains":{"BaUTARQgWpTjGgs61umZW7r1XQslhznJcQsZH279HlAa":{"chainKey":{"counter":0,"key":"afQhnc19T63yjAaV5dF3YfK9ywQiEpkxqnPsOUGUMDs="},"chainType":1,"messageKeys":{}}},"pendingPreKey":{"signedKeyId":1,"baseKey":"BU/buz6Dn6kqP2XgxPoIFOsY4daMVT4SpsrN/d8u1K1D","preKeyId":16091248}}},"version":"v1"}