{"_sessions":{"BVRrKOszEWXPaIMu9rkhhGFOm4Nn3CqXKkiKV49dT1tP":{"registrationId":1525760775,"currentRatchet":{"ephemeralKeyPair":{"pubKey":"BTovBlOb+tRT+mWPLxL2ltJwg4k3Kwe3a33Pe3JAQ3BN","privKey":"uO9BePUDD9iBgszEh+inSnaEyTRHy7S9wPViRparpnk="},"lastRemoteEphemeralKey":"BcoxOR5IjGyznpZfbQccBFqzae4fP5xXZ810yhYNNA9X","previousCounter":0,"rootKey":"rTL8lq+Yu/fsP5ACMV+FPjVlLILb9dP4jMPWOl+ZK5k="},"indexInfo":{"baseKey":"BVRrKOszEWXPaIMu9rkhhGFOm4Nn3CqXKkiKV49dT1tP","baseKeyType":1,"closed":1746721114747,"used":1746721083618,"created":1746721083618,"remoteIdentityKey":"BQoEpb80P3de0NJiGH78hT/xmGHz37/Xij0oTUMA1iUW"},"_chains":{"BTovBlOb+tRT+mWPLxL2ltJwg4k3Kwe3a33Pe3JAQ3BN":{"chainKey":{"counter":0,"key":"2i22lAKNLJ+GhGchrqII4prl69sEfEgY84tP/JJnD+Y="},"chainType":1,"messageKeys":{}}},"pendingPreKey":{"signedKeyId":10,"baseKey":"BVRrKOszEWXPaIMu9rkhhGFOm4Nn3CqXKkiKV49dT1tP"}},"BQscJ5HTd1Uht/60Ex4jmU/NaYZy9IZrGNpALiMB+8dy":{"registrationId":1525760775,"currentRatchet":{"ephemeralKeyPair":{"pubKey":"BaLfzdTYbjXcKxBpKnVIY1MKYtvoqPQUAY0OVNDcg4oZ","privKey":"6NpF/swkmnvPboRMakmkkSq4vbei2wAf6mJdmIPPV3g="},"lastRemoteEphemeralKey":"BcoxOR5IjGyznpZfbQccBFqzae4fP5xXZ810yhYNNA9X","previousCounter":0,"rootKey":"9kbFPr6s20oZUGGGPygtehkLunHf3GPNDTU2PNruXJM="},"indexInfo":{"baseKey":"BQscJ5HTd1Uht/60Ex4jmU/NaYZy9IZrGNpALiMB+8dy","baseKeyType":1,"closed":-1,"used":1746721114405,"created":1746721114405,"remoteIdentityKey":"BQoEpb80P3de0NJiGH78hT/xmGHz37/Xij0oTUMA1iUW"},"_chains":{"BaLfzdTYbjXcKxBpKnVIY1MKYtvoqPQUAY0OVNDcg4oZ":{"chainKey":{"counter":2,"key":"OCAXK32f8V67/3XlE3wON+PoL2GyWe6CxAC71P4sdZA="},"chainType":1,"messageKeys":{}}},"pendingPreKey":{"signedKeyId":10,"baseKey":"BQscJ5HTd1Uht/60Ex4jmU/NaYZy9IZrGNpALiMB+8dy"}}},"version":"v1"}