{"_sessions":{"BfPlQ85yBbR4IgMc43mNns78TYskV6f4xtvuEMDgKdBT":{"registrationId":1308355544,"currentRatchet":{"ephemeralKeyPair":{"pubKey":"BemjVP64vHKAfwJKk/seZm6VBDJN5h4budVTZlJKK5FC","privKey":"cIfQFq+4R4LotUfOKL2QamAo/klmUVaJK7bSl/Uk92w="},"lastRemoteEphemeralKey":"BWyJix9LzLmKtGJdHuf9kSI7WxqQ54vG9sDSO2yh1F4+","previousCounter":0,"rootKey":"b5lak8xKkmJFw/tT6AOJ9Yrxqv+JTSTT62O6uM0fnGA="},"indexInfo":{"baseKey":"BfPlQ85yBbR4IgMc43mNns78TYskV6f4xtvuEMDgKdBT","baseKeyType":1,"closed":1746721111351,"used":1746721080207,"created":1746721080207,"remoteIdentityKey":"BelLkzWTtG179Oswrg17Gq6VLHE+ki4+cFX4Y08SI3AS"},"_chains":{"BemjVP64vHKAfwJKk/seZm6VBDJN5h4budVTZlJKK5FC":{"chainKey":{"counter":0,"key":"XZOK3idNYl9U+d6drA/HdoRXQ6XiAwobl3o/DHa/fCw="},"chainType":1,"messageKeys":{}}},"pendingPreKey":{"signedKeyId":13,"baseKey":"BfPlQ85yBbR4IgMc43mNns78TYskV6f4xtvuEMDgKdBT"}},"Bc7Q7cNDjuHCjPqAOplWC3V0BaEoy8CfC2BhYj8j8gBh":{"registrationId":1308355544,"currentRatchet":{"ephemeralKeyPair":{"pubKey":"BTSbtS63cd5hkeNmyrL3yMHLUhzksPOatz5M8v+ck/B6","privKey":"EGrBcDUGwJHdmf5nhJFSUVEVgSRAgxrN7qKN2ZN140k="},"lastRemoteEphemeralKey":"BWyJix9LzLmKtGJdHuf9kSI7WxqQ54vG9sDSO2yh1F4+","previousCounter":0,"rootKey":"2A5ahtt9VUAcHswxwYa5NLSJmolwPgsr7RNsItL70/E="},"indexInfo":{"baseKey":"Bc7Q7cNDjuHCjPqAOplWC3V0BaEoy8CfC2BhYj8j8gBh","baseKeyType":1,"closed":-1,"used":1746721111140,"created":1746721111140,"remoteIdentityKey":"BelLkzWTtG179Oswrg17Gq6VLHE+ki4+cFX4Y08SI3AS"},"_chains":{"BTSbtS63cd5hkeNmyrL3yMHLUhzksPOatz5M8v+ck/B6":{"chainKey":{"counter":2,"key":"vkP+D5Mx3iKCP0MZF3XCsjsLzoCmmrXZiVdR7q/R8PQ="},"chainType":1,"messageKeys":{}}},"pendingPreKey":{"signedKeyId":13,"baseKey":"Bc7Q7cNDjuHCjPqAOplWC3V0BaEoy8CfC2BhYj8j8gBh"}}},"version":"v1"}