{"_sessions":{"BRpe5R9s0+tFqHY5gZMWbfm/4Nr4gY+sYDMvfjDO7GJQ":{"registrationId":1174480233,"currentRatchet":{"ephemeralKeyPair":{"pubKey":"BRSmEWaqCvxnGNVeiTwhUmBarq4uUtJ5v0anxsqhKWYv","privKey":"kLcK2dA2qjII0MTB+WNVTu/1CndfhEiFqUzy64AWVXc="},"lastRemoteEphemeralKey":"BcxWnssb1aSwlKsP4ZeUvgbreSSnGgnNxQkUG9Js+egI","previousCounter":0,"rootKey":"XCw495kzYkEL8doqC4N6/a2h89bSkOaiX1G/R41Yxko="},"indexInfo":{"baseKey":"BRpe5R9s0+tFqHY5gZMWbfm/4Nr4gY+sYDMvfjDO7GJQ","baseKeyType":1,"closed":1746721099365,"used":1746721069169,"created":1746721069169,"remoteIdentityKey":"BUbE94IAW7zJg6hMAb92I2FR6PsR+COVXDwkMqslckRj"},"_chains":{"BRSmEWaqCvxnGNVeiTwhUmBarq4uUtJ5v0anxsqhKWYv":{"chainKey":{"counter":0,"key":"bvNlbuVbLSy4d3vtRW/fuoZj97Rw79g2k0UlPL8F+7g="},"chainType":1,"messageKeys":{}}},"pendingPreKey":{"signedKeyId":8091467,"baseKey":"BRpe5R9s0+tFqHY5gZMWbfm/4Nr4gY+sYDMvfjDO7GJQ","preKeyId":27058}},"BWssNrvMch638lztIJweqpdUeDC/BCbTFgROEpjiplMg":{"registrationId":1174480233,"currentRatchet":{"ephemeralKeyPair":{"pubKey":"BSTAR/btYztoxljSvu1dLl0fxs7NCPk07gUG24c4Odsu","privKey":"oHq7AbtilhLT01Cx9grQOeb9X+VUSsFpb4NVaBmwzEc="},"lastRemoteEphemeralKey":"BcxWnssb1aSwlKsP4ZeUvgbreSSnGgnNxQkUG9Js+egI","previousCounter":0,"rootKey":"YgqfAfoS1zJ5SyHVOLlvHtP3gfMe4eOuz0p4WzlKcbo="},"indexInfo":{"baseKey":"BWssNrvMch638lztIJweqpdUeDC/BCbTFgROEpjiplMg","baseKeyType":1,"closed":-1,"used":1746721098821,"created":1746721098821,"remoteIdentityKey":"BUbE94IAW7zJg6hMAb92I2FR6PsR+COVXDwkMqslckRj"},"_chains":{"BSTAR/btYztoxljSvu1dLl0fxs7NCPk07gUG24c4Odsu":{"chainKey":{"counter":2,"key":"ARJB8yrqZouO3mVGdr5VedBqBDrqMWaSwE1r3qinUh4="},"chainType":1,"messageKeys":{}}},"pendingPreKey":{"signedKeyId":8091467,"baseKey":"BWssNrvMch638lztIJweqpdUeDC/BCbTFgROEpjiplMg","preKeyId":27381}}},"version":"v1"}