{"_sessions":{"BWgRN/nFshb1+0u56pSO4ZwEiUbwCj0bgNI6JOGdY4cp":{"registrationId":864538671,"currentRatchet":{"ephemeralKeyPair":{"pubKey":"BVlAB6Cws7bTgkf4rnTbLPsgxx/mDXD+iuRkAzGy60k5","privKey":"qMwKx31kDA2QfVBpoez/L3nZtBQieKbPEDEKBAj31WQ="},"lastRemoteEphemeralKey":"BdeqLKlWfoeAeflIsbzcFeXR06XWFBbWTFGQTt2YIydS","previousCounter":0,"rootKey":"hv1NG26vwTFfBHSOz+czX+11D+H1Dzhv62WC/jdUZaY="},"indexInfo":{"baseKey":"BWgRN/nFshb1+0u56pSO4ZwEiUbwCj0bgNI6JOGdY4cp","baseKeyType":1,"closed":1746721104019,"used":1746721072649,"created":1746721072649,"remoteIdentityKey":"BWb3iV2H9V6+p7euvA82Qd/Yawz4FZ4KpDS7R9wDzdAh"},"_chains":{"BVlAB6Cws7bTgkf4rnTbLPsgxx/mDXD+iuRkAzGy60k5":{"chainKey":{"counter":0,"key":"8tP84U/6XBzvQF2GU/o7FL/czYX7tMOGouSC7qojWBI="},"chainType":1,"messageKeys":{}}},"pendingPreKey":{"signedKeyId":4,"baseKey":"BWgRN/nFshb1+0u56pSO4ZwEiUbwCj0bgNI6JOGdY4cp","preKeyId":3070580}},"BW0gg6flmj+io0XHVIsIadtjrab+sLkKjoJ95ybwgvki":{"registrationId":864538671,"currentRatchet":{"ephemeralKeyPair":{"pubKey":"BZ1ApyxgmvrYslb9BLuBiB220ICYQuugJsVOCH/Iy5oX","privKey":"4JP5oVL900DfGX9I1KJYV7mtgUncVrFMt3lLJLpRc00="},"lastRemoteEphemeralKey":"BdeqLKlWfoeAeflIsbzcFeXR06XWFBbWTFGQTt2YIydS","previousCounter":0,"rootKey":"pPZh//sJ49U7q1n5h3nDEYFOrNeXDIX1S+Dt/DPZ66Y="},"indexInfo":{"baseKey":"BW0gg6flmj+io0XHVIsIadtjrab+sLkKjoJ95ybwgvki","baseKeyType":1,"closed":-1,"used":1746721103479,"created":1746721103479,"remoteIdentityKey":"BWb3iV2H9V6+p7euvA82Qd/Yawz4FZ4KpDS7R9wDzdAh"},"_chains":{"BZ1ApyxgmvrYslb9BLuBiB220ICYQuugJsVOCH/Iy5oX":{"chainKey":{"counter":2,"key":"zio+ZXKsm4PmSzHfSodVn1UJSQ0P5HbZB5St76uzPQY="},"chainType":1,"messageKeys":{}}},"pendingPreKey":{"signedKeyId":4,"baseKey":"BW0gg6flmj+io0XHVIsIadtjrab+sLkKjoJ95ybwgvki","preKeyId":3070492}}},"version":"v1"}