{"_sessions":{"BRQjDlRfq2RHm3csrManu4B+YREN/YgwHOmTJ4Q13aFl":{"registrationId":839712127,"currentRatchet":{"ephemeralKeyPair":{"pubKey":"BdokBLAdcHvrlz8/yoP+TvMQWJsyAcaZmaRpcYwkHIRO","privKey":"4N89u2til1f5VxQauBtUr10jnY5Z2DpoR9iT5mKDBE4="},"lastRemoteEphemeralKey":"BSgkdHBAISqh0r/Rq7BZqPlHpxiCQ/N2cjVugZpaNhhB","previousCounter":0,"rootKey":"NAgD6uciiyjc+ZIqBrFKPn29krL4kA9tobtBNn65tHM="},"indexInfo":{"baseKey":"BRQjDlRfq2RHm3csrManu4B+YREN/YgwHOmTJ4Q13aFl","baseKeyType":1,"closed":1746721104023,"used":1746721072669,"created":1746721072669,"remoteIdentityKey":"BahgXFfR+cHbtUMSWbkq1Ddygc2gpHv2S+r78zMcS+Jk"},"_chains":{"BdokBLAdcHvrlz8/yoP+TvMQWJsyAcaZmaRpcYwkHIRO":{"chainKey":{"counter":0,"key":"pJR6fu5Z7xVjKaJqWCNOfEWVybuqIci/3RYA9T12kcM="},"chainType":1,"messageKeys":{}}},"pendingPreKey":{"signedKeyId":2,"baseKey":"BRQjDlRfq2RHm3csrManu4B+YREN/YgwHOmTJ4Q13aFl","preKeyId":11590085}},"BcY9FeYZgFL7EynnCJEpJiM3RORvOAhnmFI2ifm3GN51":{"registrationId":839712127,"currentRatchet":{"ephemeralKeyPair":{"pubKey":"BYtuC1D7Ique5WsKfrPCDPBpFWmJHxW2p3STNtxzN2BG","privKey":"8B9gfahJ6Q+0kyLv3wdbeJyTEPCuMERUzYPR0jLX4lA="},"lastRemoteEphemeralKey":"BYZU8HzgKhawU3OtHhTUOWxq3sCCaUABAeyvRGVT97s6","previousCounter":2,"rootKey":"C4lPlAphAuIzeBPm6/TVsqotJBhIrMmUqYOrSZ9wlc8="},"indexInfo":{"baseKey":"BcY9FeYZgFL7EynnCJEpJiM3RORvOAhnmFI2ifm3GN51","baseKeyType":1,"closed":-1,"used":1746721299051,"created":1746721103500,"remoteIdentityKey":"BahgXFfR+cHbtUMSWbkq1Ddygc2gpHv2S+r78zMcS+Jk"},"_chains":{"BchotN7D5IouxVDQ1zuIrslVwEgaiHKrshD3nIrHraYL":{"chainKey":{"counter":1},"chainType":2,"messageKeys":{"0":"LvEmWSsQ2/51xZ9ZO0unN1kl+EmvoBuNtNGTfC19x8Y="}},"BYZU8HzgKhawU3OtHhTUOWxq3sCCaUABAeyvRGVT97s6":{"chainKey":{"counter":1,"key":"BZ0NIdMFOWfudbQ1cPFtukdBejlHJn11vX5xE4rjuZc="},"chainType":2,"messageKeys":{"0":"Zob/+HrRpiswi1FqbgqqD8s+PpotVTAw+/3f+UqlSk4="}},"BYtuC1D7Ique5WsKfrPCDPBpFWmJHxW2p3STNtxzN2BG":{"chainKey":{"counter":-1,"key":"bf4QyigQNcML93ufkjq1Fi8iTmsuumECsBUH2hjTUoU="},"chainType":1,"messageKeys":{}}}}},"version":"v1"}