{"_sessions":{"BYvVXC10TQ67P0ea0ocvvmRs9YP2BacvHWvLtk8gNZ8O":{"registrationId":306129176,"currentRatchet":{"ephemeralKeyPair":{"pubKey":"BR+oyyfXY0wYKqiSnP9B3V+EYJoqyPfz0OtRG/C83Pwx","privKey":"CHmMUFzer59p5/Kp9tz+xoyC8NoI1GaDozHKSxwDGm4="},"lastRemoteEphemeralKey":"BXW3BK8dmXRsUgdm4Jt5dc5K5jCyAEE6VHkkZaxNZOQG","previousCounter":0,"rootKey":"xjchU3J87wGc3FVnNhzM/si/wWdJfXB0pOPeIxVReSk="},"indexInfo":{"baseKey":"BYvVXC10TQ67P0ea0ocvvmRs9YP2BacvHWvLtk8gNZ8O","baseKeyType":1,"closed":1746721111378,"used":1746721080371,"created":1746721080371,"remoteIdentityKey":"BfV/wPUB98JOgecjdjVUPsjMugkzm3vLM6CiQwvsZcxe"},"_chains":{"BR+oyyfXY0wYKqiSnP9B3V+EYJoqyPfz0OtRG/C83Pwx":{"chainKey":{"counter":0,"key":"yVozFt9CR0zDPhT0YHvU3viZ1f+tqGVsm7kDxyY9QDQ="},"chainType":1,"messageKeys":{}}},"pendingPreKey":{"signedKeyId":6,"baseKey":"BYvVXC10TQ67P0ea0ocvvmRs9YP2BacvHWvLtk8gNZ8O","preKeyId":11717736}},"BRgsXwdNoxhrZ8v6mQq+yKPSxMmK2CSBBOOK86eaRwJW":{"registrationId":306129176,"currentRatchet":{"ephemeralKeyPair":{"pubKey":"BVNaDcBChxcteNEZ5DGU9usi6wt2UskMqL/g+noE55w+","privKey":"GHFBSIEAqf/hjE2lmMcD3J/bX0g09LY1SJF8UIzHP1U="},"lastRemoteEphemeralKey":"BXW3BK8dmXRsUgdm4Jt5dc5K5jCyAEE6VHkkZaxNZOQG","previousCounter":0,"rootKey":"hJCTMnmKRPRKKVrWgAQ1oUv7BQVrz4WxKZRHdah5FVI="},"indexInfo":{"baseKey":"BRgsXwdNoxhrZ8v6mQq+yKPSxMmK2CSBBOOK86eaRwJW","baseKeyType":1,"closed":-1,"used":1746721111282,"created":1746721111282,"remoteIdentityKey":"BfV/wPUB98JOgecjdjVUPsjMugkzm3vLM6CiQwvsZcxe"},"_chains":{"BVNaDcBChxcteNEZ5DGU9usi6wt2UskMqL/g+noE55w+":{"chainKey":{"counter":2,"key":"trv6GXGo6eP/Kr0jWNfAOFF0lTTYAZ0Wh/cj3vpkuoA="},"chainType":1,"messageKeys":{}}},"pendingPreKey":{"signedKeyId":6,"baseKey":"BRgsXwdNoxhrZ8v6mQq+yKPSxMmK2CSBBOOK86eaRwJW","preKeyId":11717789}}},"version":"v1"}