{"_sessions":{"BQwpXT3jKPanLTcOby93EoaJgug91MOUMMBMeiGJ/NE/":{"registrationId":1670832313,"currentRatchet":{"ephemeralKeyPair":{"pubKey":"BTcJX6NRcxf7xxqyWhQs8S63gGXBbEA7mtvqJBjhbyRv","privKey":"wJFn7aCNz9t4d2gFqFnqhA2ZRPQe/ET8HrDmhrX3Wkw="},"lastRemoteEphemeralKey":"BdBDzcKK5QhdsH3ENmNLJhusUXnMfqbr6vtFGw4zkco+","previousCounter":0,"rootKey":"Vxo8srsM4lmvBgWHMosdA94vIkdsPDuVr1ALWDlLR5A="},"indexInfo":{"baseKey":"BQwpXT3jKPanLTcOby93EoaJgug91MOUMMBMeiGJ/NE/","baseKeyType":1,"closed":-1,"used":1746714532698,"created":1746714532698,"remoteIdentityKey":"BaRPT/ws9xbPf01fc15eBsmS3IJPyL+CZJbTRPCotcwy"},"_chains":{"BTcJX6NRcxf7xxqyWhQs8S63gGXBbEA7mtvqJBjhbyRv":{"chainKey":{"counter":0,"key":"ncYaHap5sOTc5lslsJF3solgYZRnTsGZg/yCQHETw9o="},"chainType":1,"messageKeys":{}}},"pendingPreKey":{"signedKeyId":13,"baseKey":"BQwpXT3jKPanLTcOby93EoaJgug91MOUMMBMeiGJ/NE/","preKeyId":5084402}}},"version":"v1"}