{"_sessions":{"BUbbmOliVMKPXMLKObJky/3dZj7nvtYrD6XTf6T5yTsB":{"registrationId":218,"currentRatchet":{"ephemeralKeyPair":{"pubKey":"BWHpR+EHi+nHdBxKJ3KyzucFAlw16UObThlDnwvR8GtJ","privKey":"ADACCqy40hu2X96Xd++OFs8eFCk5xbL9g1VpjuSXGmk="},"lastRemoteEphemeralKey":"BaHjNLmSyowkAgkZohhYFIWAbIZHW3Vi89GwzyynrndG","previousCounter":0,"rootKey":"SZzEYGNW9uExJM2tWKnUevD1BkKSmEi6jGVeiWXuslA="},"indexInfo":{"baseKey":"BUbbmOliVMKPXMLKObJky/3dZj7nvtYrD6XTf6T5yTsB","baseKeyType":1,"closed":1746721099158,"used":1746721068954,"created":1746721068954,"remoteIdentityKey":"BTg33dwhJckTUUpTr5q8tHjN8HMyywWPSOLyrc6MDAAZ"},"_chains":{"BWHpR+EHi+nHdBxKJ3KyzucFAlw16UObThlDnwvR8GtJ":{"chainKey":{"counter":0,"key":"qfvWgaAqsQcxDbVzOLmMPN6Z41enPb0/GVs3VBJu2R0="},"chainType":1,"messageKeys":{}}},"pendingPreKey":{"signedKeyId":1,"baseKey":"BUbbmOliVMKPXMLKObJky/3dZj7nvtYrD6XTf6T5yTsB","preKeyId":737}},"BZkfVXeV1AjZsU9TNe4575ngR2DQUffzwoETqRYM1X1T":{"registrationId":218,"currentRatchet":{"ephemeralKeyPair":{"pubKey":"BSPskc/yKevVY3aRjzhhCGM2hWr42Xg6eXk6BoPhPzVC","privKey":"WMOQzzp7/LL++mWDOL9jvMpQbV7W1ZnbSlvz0PoRY10="},"lastRemoteEphemeralKey":"BaHjNLmSyowkAgkZohhYFIWAbIZHW3Vi89GwzyynrndG","previousCounter":0,"rootKey":"AB6soIUgKozdDKhQXc1UIVWlbAvOfm89RTFVkaJvPKU="},"indexInfo":{"baseKey":"BZkfVXeV1AjZsU9TNe4575ngR2DQUffzwoETqRYM1X1T","baseKeyType":1,"closed":1746721280279,"used":1746721098637,"created":1746721098637,"remoteIdentityKey":"BTg33dwhJckTUUpTr5q8tHjN8HMyywWPSOLyrc6MDAAZ"},"_chains":{"BSPskc/yKevVY3aRjzhhCGM2hWr42Xg6eXk6BoPhPzVC":{"chainKey":{"counter":1,"key":"qVCYhPoCMKAqjFylb9N3UyJLIj0XgssnNfGN12Z0YH4="},"chainType":1,"messageKeys":{}}},"pendingPreKey":{"signedKeyId":1,"baseKey":"BZkfVXeV1AjZsU9TNe4575ngR2DQUffzwoETqRYM1X1T","preKeyId":747}},"BZ8aE1xhcSE65Br9TccxuhqdvzcFJaCqC++0GoJrA8cw":{"registrationId":218,"currentRatchet":{"ephemeralKeyPair":{"pubKey":"BbAEWGeeucp5L/mwZg/lFKZoMwIETVs9OnkJFf51NRw2","privKey":"eEdLusLY5xjLesK+Je5a8gC24vhTkpaq8E4ajCc0eHE="},"lastRemoteEphemeralKey":"BaHjNLmSyowkAgkZohhYFIWAbIZHW3Vi89GwzyynrndG","previousCounter":0,"rootKey":"vXj00OHHpQz6iLbaatwBcF3ToN5pGl1zNBfXuyTG9Ko="},"indexInfo":{"baseKey":"BZ8aE1xhcSE65Br9TccxuhqdvzcFJaCqC++0GoJrA8cw","baseKeyType":1,"closed":1746721284357,"used":1746721280268,"created":1746721280268,"remoteIdentityKey":"BTg33dwhJckTUUpTr5q8tHjN8HMyywWPSOLyrc6MDAAZ"},"_chains":{"BbAEWGeeucp5L/mwZg/lFKZoMwIETVs9OnkJFf51NRw2":{"chainKey":{"counter":-1,"key":"lWtSLIUgcJKxpGA+0aOEnYsLCbBhhz7FdNmttyN1s7o="},"chainType":1,"messageKeys":{}}},"pendingPreKey":{"signedKeyId":1,"baseKey":"BZ8aE1xhcSE65Br9TccxuhqdvzcFJaCqC++0GoJrA8cw","preKeyId":752}},"BfDdt4Dnv/AyaJLOd1rsmuvOT9nRuvP+gxgbRgxjK3Fq":{"registrationId":218,"currentRatchet":{"ephemeralKeyPair":{"pubKey":"BaSNyBAsKCWQh+mOhYSqToEAZ9WoXgQaZJxn6Uoso2FO","privKey":"oCXxZTLw2ywqKSSFHTroxG2KgXShAY2qMXXse6lwv0Y="},"lastRemoteEphemeralKey":"BaHjNLmSyowkAgkZohhYFIWAbIZHW3Vi89GwzyynrndG","previousCounter":0,"rootKey":"0cbH/BqIoao+7W6BkcywlQ7pLHEBn5D5LrP3nZ5TnIU="},"indexInfo":{"baseKey":"BfDdt4Dnv/AyaJLOd1rsmuvOT9nRuvP+gxgbRgxjK3Fq","baseKeyType":1,"closed":-1,"used":1746721284351,"created":1746721284351,"remoteIdentityKey":"BTg33dwhJckTUUpTr5q8tHjN8HMyywWPSOLyrc6MDAAZ"},"_chains":{"BaSNyBAsKCWQh+mOhYSqToEAZ9WoXgQaZJxn6Uoso2FO":{"chainKey":{"counter":0,"key":"/QD79L8BDhMpUT9w/r+AONiyTBu1oRMPIGDKKHhhmMQ="},"chainType":1,"messageKeys":{}}},"pendingPreKey":{"signedKeyId":1,"baseKey":"BfDdt4Dnv/AyaJLOd1rsmuvOT9nRuvP+gxgbRgxjK3Fq","preKeyId":740}}},"version":"v1"}