{"_sessions":{"BQ6L62ke9Z97j1//EZ1ikply46l6wiK/kjtBn8UnUMFI":{"registrationId":26212017,"currentRatchet":{"ephemeralKeyPair":{"pubKey":"Bc0qMojsrRtslMqm5zRFe+fpcoRX+3WKi+5L3yECIH1d","privKey":"kOTa7LkbJJ1wgIKxhfs9Qf1gGMk2kEPg8nWRV5TSwn4="},"lastRemoteEphemeralKey":"BZRZkgBOaPrvayMhRCkWdV2U+HUtVMYjSgVCcbtDNKxC","previousCounter":0,"rootKey":"W9sbyfuKRT3q7ho059u4LqqvGfYZ+FBXXX+NsPmk7bM="},"indexInfo":{"baseKey":"BQ6L62ke9Z97j1//EZ1ikply46l6wiK/kjtBn8UnUMFI","baseKeyType":1,"closed":1746721099565,"used":1746721069319,"created":1746721069319,"remoteIdentityKey":"BX08mOrVmXrQ/Bc3gVH52w6OTx970VZPJr7B5a9YRBte"},"_chains":{"Bc0qMojsrRtslMqm5zRFe+fpcoRX+3WKi+5L3yECIH1d":{"chainKey":{"counter":0,"key":"PQi31Pfaua4emjGT7LfM5qxsrZU4AUOcV8tWB75mjzM="},"chainType":1,"messageKeys":{}}},"pendingPreKey":{"signedKeyId":9,"baseKey":"BQ6L62ke9Z97j1//EZ1ikply46l6wiK/kjtBn8UnUMFI","preKeyId":7371284}},"BeOckdU54vx/ajTi8hFtUAprNLJBr08/I1VTXR1oA39f":{"registrationId":26212017,"currentRatchet":{"ephemeralKeyPair":{"pubKey":"BcVLXJLUIUwUsJ3Hw3cOUWSDRpQyggTZjO3Jr47z2VQy","privKey":"ODYfvcOQV/KPAqfQlPCPcQ6cnoAB9aFQGvXNi0ZmFGk="},"lastRemoteEphemeralKey":"BZRZkgBOaPrvayMhRCkWdV2U+HUtVMYjSgVCcbtDNKxC","previousCounter":0,"rootKey":"t/+cOCUP33jSFM4iL4YXGn3EBYjqImv846KOvlHvr3A="},"indexInfo":{"baseKey":"BeOckdU54vx/ajTi8hFtUAprNLJBr08/I1VTXR1oA39f","baseKeyType":1,"closed":-1,"used":1746721098970,"created":1746721098970,"remoteIdentityKey":"BX08mOrVmXrQ/Bc3gVH52w6OTx970VZPJr7B5a9YRBte"},"_chains":{"BcVLXJLUIUwUsJ3Hw3cOUWSDRpQyggTZjO3Jr47z2VQy":{"chainKey":{"counter":2,"key":"347cx0IVgm7t/QhhYIDzJkg150CHiY2osAavDMcjh7M="},"chainType":1,"messageKeys":{}}},"pendingPreKey":{"signedKeyId":9,"baseKey":"BeOckdU54vx/ajTi8hFtUAprNLJBr08/I1VTXR1oA39f","preKeyId":7371214}}},"version":"v1"}