{"_sessions":{"BVGS8Ge3fC1ui3JDJHOOK5ENWz0z8oXs30K0by0pP01C":{"registrationId":1941189829,"currentRatchet":{"ephemeralKeyPair":{"pubKey":"BfmKBepUScRerJHbnGSWKDS5anq8qx/Kvc1kpUbXePdS","privKey":"OMWlljTYSMtWRG0s1V2RZt/jmALFh+wltwBnZ2cCLHQ="},"lastRemoteEphemeralKey":"BcKoGOD5IFYM8+vmoo7yrW/tyo6W3YGCymR1qOFnJPF/","previousCounter":0,"rootKey":"cIA+5M69rrPtlAlKj1X6/y9VM0m9RDZnbxHax/3ee9k="},"indexInfo":{"baseKey":"BVGS8Ge3fC1ui3JDJHOOK5ENWz0z8oXs30K0by0pP01C","baseKeyType":1,"closed":-1,"used":1746714532759,"created":1746714532759,"remoteIdentityKey":"BavdizS+GUj0uKHr3Q8heGScAbtz2AIO6/4uy8dkQC9K"},"_chains":{"BfmKBepUScRerJHbnGSWKDS5anq8qx/Kvc1kpUbXePdS":{"chainKey":{"counter":0,"key":"a7tbaG9gl66oVNWHRS8JRi11fkDUVPwF/MMpL0Tatu0="},"chainType":1,"messageKeys":{}}},"pendingPreKey":{"signedKeyId":5556275,"baseKey":"BVGS8Ge3fC1ui3JDJHOOK5ENWz0z8oXs30K0by0pP01C","preKeyId":13751}}},"version":"v1"}