{"_sessions":{"Ba7vySFV6UWMx9MUIqvnOzfyiOGkOBMIJxdJR9S7hGAu":{"registrationId":973396381,"currentRatchet":{"ephemeralKeyPair":{"pubKey":"BYkZP9Q9YeuN1PVb/1sxH3q9Tq1TAyBoMm14DXbJtDVx","privKey":"cDeQuJlJJ56XBOPhuCcDLX+YaRF5lGnx3jstY6+TWGc="},"lastRemoteEphemeralKey":"BUOszNILM+d4NmwIN1MvExJcVOgjYEJcprO0NUizlsI3","previousCounter":0,"rootKey":"Z6M85fY2Trj99a9b65Q2Oi9LTDrMa7zz7cQ/CMHtEo8="},"indexInfo":{"baseKey":"Ba7vySFV6UWMx9MUIqvnOzfyiOGkOBMIJxdJR9S7hGAu","baseKeyType":1,"closed":1746721107830,"used":1746721076036,"created":1746721076036,"remoteIdentityKey":"BSqj0LKy2vcd5V5j57vjSKZcyCpnABFaw95Ih0hojnU7"},"_chains":{"BYkZP9Q9YeuN1PVb/1sxH3q9Tq1TAyBoMm14DXbJtDVx":{"chainKey":{"counter":0,"key":"mtuxEoi6/5L6mSyGFyiKPr7EgA99C2a8vNYuMfnETgY="},"chainType":1,"messageKeys":{}}},"pendingPreKey":{"signedKeyId":9,"baseKey":"Ba7vySFV6UWMx9MUIqvnOzfyiOGkOBMIJxdJR9S7hGAu","preKeyId":9679971}},"BZ/htvhUjEQewJYFDkqgu4uCl+9JDC35dDOEhwTWL7dl":{"registrationId":973396381,"currentRatchet":{"ephemeralKeyPair":{"pubKey":"BWPw/c/H+tQRFiYQkZVNfPBupX9Vv1Yynr3BP65wq4Bk","privKey":"cAjAbdlTeF8ASqQTKXJm8sP1xxbSVpg13RiMStImc3w="},"lastRemoteEphemeralKey":"BUOszNILM+d4NmwIN1MvExJcVOgjYEJcprO0NUizlsI3","previousCounter":0,"rootKey":"6FA1jkchhZL5Zp9uaFKVZrVFV3gXySiSQ8uKlzgqxBY="},"indexInfo":{"baseKey":"BZ/htvhUjEQewJYFDkqgu4uCl+9JDC35dDOEhwTWL7dl","baseKeyType":1,"closed":-1,"used":1746721107579,"created":1746721107579,"remoteIdentityKey":"BSqj0LKy2vcd5V5j57vjSKZcyCpnABFaw95Ih0hojnU7"},"_chains":{"BWPw/c/H+tQRFiYQkZVNfPBupX9Vv1Yynr3BP65wq4Bk":{"chainKey":{"counter":2,"key":"1dxKPveE12zqR8MSIaQjtdOYgTxb78DtbUeb5EvMG28="},"chainType":1,"messageKeys":{}}},"pendingPreKey":{"signedKeyId":9,"baseKey":"BZ/htvhUjEQewJYFDkqgu4uCl+9JDC35dDOEhwTWL7dl","preKeyId":9680673}}},"version":"v1"}