{"_sessions":{"BffIsadtMqQhwcWgIu3BZo1NuyOtxhTiGzGApoA7gmZj":{"registrationId":610584104,"currentRatchet":{"ephemeralKeyPair":{"pubKey":"BefyeOfo9pYxxEpIXt/RWSOcOzCCA7ADvVabuZ48tMEs","privKey":"CC9jNVbebMhBmFKg3dqDj/5cxGqzzisPRZESGsHW3mU="},"lastRemoteEphemeralKey":"BaMWmdgX1D683UHV++xvUb31mXZJ6qQNPsdWqOgXvB9H","previousCounter":0,"rootKey":"nA8iQyIORo/LhxIaO36YA0JpWACs9ZPSxI6B+PhlbDM="},"indexInfo":{"baseKey":"BffIsadtMqQhwcWgIu3BZo1NuyOtxhTiGzGApoA7gmZj","baseKeyType":1,"closed":1746721099362,"used":1746721069156,"created":1746721069156,"remoteIdentityKey":"BcgH/UZpV7xG7pl3O2CJslAlw4hIpYMKVn8JEG67qvEs"},"_chains":{"BefyeOfo9pYxxEpIXt/RWSOcOzCCA7ADvVabuZ48tMEs":{"chainKey":{"counter":0,"key":"/4Y2bxolrilGBjhKQsIr18+BgnJ/P9ntI9CqHblPrLc="},"chainType":1,"messageKeys":{}}},"pendingPreKey":{"signedKeyId":2,"baseKey":"BffIsadtMqQhwcWgIu3BZo1NuyOtxhTiGzGApoA7gmZj","preKeyId":7673170}},"BZSXoNk4gRd+CF5XS095jD3+gfY0LYcxjoK3oBCbaGM7":{"registrationId":610584104,"currentRatchet":{"ephemeralKeyPair":{"pubKey":"BQqlqTZFsHZDhbPZ7DoK6xmDy/xBjaVWnAIwbZVJSBFo","privKey":"sLsKXECZQoYdO5sqZlQGxyJVC1mG6FKC4wUIBbbAW1c="},"lastRemoteEphemeralKey":"BaMWmdgX1D683UHV++xvUb31mXZJ6qQNPsdWqOgXvB9H","previousCounter":0,"rootKey":"0BhhuU7886UZBc/MyP2iKz0/+KppCLJbII2Ril0TrC0="},"indexInfo":{"baseKey":"BZSXoNk4gRd+CF5XS095jD3+gfY0LYcxjoK3oBCbaGM7","baseKeyType":1,"closed":-1,"used":1746721098809,"created":1746721098809,"remoteIdentityKey":"BcgH/UZpV7xG7pl3O2CJslAlw4hIpYMKVn8JEG67qvEs"},"_chains":{"BQqlqTZFsHZDhbPZ7DoK6xmDy/xBjaVWnAIwbZVJSBFo":{"chainKey":{"counter":2,"key":"A674UIMEXtQpCmGuK90fLQF71ee/rP267Qm33RCmqDk="},"chainType":1,"messageKeys":{}}},"pendingPreKey":{"signedKeyId":2,"baseKey":"BZSXoNk4gRd+CF5XS095jD3+gfY0LYcxjoK3oBCbaGM7","preKeyId":7673203}}},"version":"v1"}