{"_sessions":{"BaW4wv5oK1C83m5lZO8aa4SXeRHoAG34d+9Mj5fdDL0G":{"registrationId":1851841387,"currentRatchet":{"ephemeralKeyPair":{"pubKey":"BXb/j5QpfE8CVlMstX9lH0SkR1DZysk9kKILkKaq/u8D","privKey":"0KB0+pSxBD1hGNnr49zCD7eZm4IRXb7sxpG2E5tbW3I="},"lastRemoteEphemeralKey":"BQeCQpmlu5rkQZLDF/dpgwZTJuEEzBesqQqCrWlsewwS","previousCounter":0,"rootKey":"5Lll9QoJY8EEShHHobmEwTZUvOVHV+d3KbRJYnfAEig="},"indexInfo":{"baseKey":"BaW4wv5oK1C83m5lZO8aa4SXeRHoAG34d+9Mj5fdDL0G","baseKeyType":1,"closed":-1,"used":1746714522369,"created":1746714522369,"remoteIdentityKey":"BZHYQI9Rzv2CRp1dngvqbYOVSOdHIPsMdL3C05jzkj9i"},"_chains":{"BXb/j5QpfE8CVlMstX9lH0SkR1DZysk9kKILkKaq/u8D":{"chainKey":{"counter":0,"key":"EsCN6+ADQA+rhsg7vKJfqcjAUYeem5QeV3y7wYwErm0="},"chainType":1,"messageKeys":{}}},"pendingPreKey":{"signedKeyId":1,"baseKey":"BaW4wv5oK1C83m5lZO8aa4SXeRHoAG34d+9Mj5fdDL0G","preKeyId":2823481}}},"version":"v1"}