{"_sessions":{"BfzQ1kN3BqBz3Js2g+I7SJ2i6yxKFyIjju2YwoYxQHNF":{"registrationId":2055710039,"currentRatchet":{"ephemeralKeyPair":{"pubKey":"BUOlSeXjTV2fBq8zwHvm3yB1DRMTQ40+I8N9nAyUu4l+","privKey":"aMMqrCx3EuqFUs1xTVlz9+QUkkIzBcXILp3mVNp41FI="},"lastRemoteEphemeralKey":"BRZ8jnKkfh5evuIqqdql2tvufgBLA/hvWOz3WF1vZoFg","previousCounter":0,"rootKey":"1pylVNmLAiDwG11tj7p8RDtDPqRngQLeOrlu/a9D3Jk="},"indexInfo":{"baseKey":"BfzQ1kN3BqBz3Js2g+I7SJ2i6yxKFyIjju2YwoYxQHNF","baseKeyType":1,"closed":1746721103950,"used":1746721072554,"created":1746721072554,"remoteIdentityKey":"BeZCgsDZcnDVdUP3J40IshBFBUPnCPaj7PIMl8nxHFIU"},"_chains":{"BUOlSeXjTV2fBq8zwHvm3yB1DRMTQ40+I8N9nAyUu4l+":{"chainKey":{"counter":0,"key":"Kt0scjuDDcTeOnPcVw8RyMiC/tAfl/hqTscaaUDcKNk="},"chainType":1,"messageKeys":{}}},"pendingPreKey":{"signedKeyId":13,"baseKey":"BfzQ1kN3BqBz3Js2g+I7SJ2i6yxKFyIjju2YwoYxQHNF","preKeyId":4444261}},"BVT4ltE5BLtCCuoBRjFDDNhj+2DeUqMRsHiN/Gn59Mgs":{"registrationId":2055710039,"currentRatchet":{"ephemeralKeyPair":{"pubKey":"BSaWir1YuRy0gHAlcmbGWCqPdrtUghrU8bQWUToJ3yVc","privKey":"KE///OHJXOCVBiMvrNYMoKkJ52SXJMtW4G61Zh/jYns="},"lastRemoteEphemeralKey":"BRZ8jnKkfh5evuIqqdql2tvufgBLA/hvWOz3WF1vZoFg","previousCounter":0,"rootKey":"k+1fSwCYPERqu8tG5k/x4LWASDC/GGPQp86Kdhl/TW0="},"indexInfo":{"baseKey":"BVT4ltE5BLtCCuoBRjFDDNhj+2DeUqMRsHiN/Gn59Mgs","baseKeyType":1,"closed":-1,"used":1746721103387,"created":1746721103387,"remoteIdentityKey":"BeZCgsDZcnDVdUP3J40IshBFBUPnCPaj7PIMl8nxHFIU"},"_chains":{"BSaWir1YuRy0gHAlcmbGWCqPdrtUghrU8bQWUToJ3yVc":{"chainKey":{"counter":2,"key":"U1MgNQiBziRzpfZSz/5LUa3Q/lOvlIthoqVjQh6C+3c="},"chainType":1,"messageKeys":{}}},"pendingPreKey":{"signedKeyId":13,"baseKey":"BVT4ltE5BLtCCuoBRjFDDNhj+2DeUqMRsHiN/Gn59Mgs","preKeyId":4444278}}},"version":"v1"}