{"_sessions":{"BaqjknO/Bdk6Yv4Hy7MkHOLYJSQnxEc51xMSVbT5s4Fk":{"registrationId":97147964,"currentRatchet":{"ephemeralKeyPair":{"pubKey":"BTd8xwjAgG0m8JtWMrhMbNw7cAdOEqeKtW95qndrCc9O","privKey":"GF/NCbgCuFIUy234oZ0uZw40kFdbIt84hFoVof+hP2M="},"lastRemoteEphemeralKey":"Ba6DS28H5i9hKQ5Zy1nTvNp/0E8vgtd84Y8uxvQJtcg/","previousCounter":0,"rootKey":"kEeQECJgokyKvViC0IDY//EE09lZPa7znbVKx9ylnJU="},"indexInfo":{"baseKey":"BaqjknO/Bdk6Yv4Hy7MkHOLYJSQnxEc51xMSVbT5s4Fk","baseKeyType":1,"closed":1746721104069,"used":1746721072819,"created":1746721072819,"remoteIdentityKey":"BVZLo33ewE+3UDJ0j6vmrvBF/Ni9Q8fCe31dadAI3LEN"},"_chains":{"BTd8xwjAgG0m8JtWMrhMbNw7cAdOEqeKtW95qndrCc9O":{"chainKey":{"counter":0,"key":"cSxFPaRlxyPKoR7z+GuLKwkxM6wvplCCUJo/rvlnRyQ="},"chainType":1,"messageKeys":{}}},"pendingPreKey":{"signedKeyId":1,"baseKey":"BaqjknO/Bdk6Yv4Hy7MkHOLYJSQnxEc51xMSVbT5s4Fk","preKeyId":4812000}},"BdK4BA5zHuYhEIzbtjRo7NY90hDLIKctDGJd1ryKISs5":{"registrationId":97147964,"currentRatchet":{"ephemeralKeyPair":{"pubKey":"BY5Ucu9Swn2JM9yK2kSmae3Ly1Byi9+2xxu3hPkyO+4m","privKey":"ICOVLN5Ivxmbz+dQsyDt8IlvjhADU4/Bu1IMsClkhHw="},"lastRemoteEphemeralKey":"Ba6DS28H5i9hKQ5Zy1nTvNp/0E8vgtd84Y8uxvQJtcg/","previousCounter":0,"rootKey":"vaiM4c7ToiNKqvNuu2ljhNyW4ZlAZ0w5tYbNoRHZNCY="},"indexInfo":{"baseKey":"BdK4BA5zHuYhEIzbtjRo7NY90hDLIKctDGJd1ryKISs5","baseKeyType":1,"closed":-1,"used":1746721103669,"created":1746721103669,"remoteIdentityKey":"BVZLo33ewE+3UDJ0j6vmrvBF/Ni9Q8fCe31dadAI3LEN"},"_chains":{"BY5Ucu9Swn2JM9yK2kSmae3Ly1Byi9+2xxu3hPkyO+4m":{"chainKey":{"counter":2,"key":"UIisFUiVrYjh1QHGWGXqhvLqSmwTsX1QtqUpsXZzJNk="},"chainType":1,"messageKeys":{}}},"pendingPreKey":{"signedKeyId":1,"baseKey":"BdK4BA5zHuYhEIzbtjRo7NY90hDLIKctDGJd1ryKISs5","preKeyId":4812096}}},"version":"v1"}