{"_sessions":{"BVfpbdxRJdgSKF0iJ4U1hA+t0rZZYNoVD/v8NK6D2mQf":{"registrationId":1649331195,"currentRatchet":{"ephemeralKeyPair":{"pubKey":"BWtiN2DShmuy6vsj3TFfzpI5fDjE4j8vZ1ilTZNrK6w/","privKey":"aH3jNGDRiPgSlCcoEsIA5pj3DiD2wjpEHSgzfLp0rlU="},"lastRemoteEphemeralKey":"BTz7vjbL1p5T+eUDPRI3TQqwthqZClTt3Aj+elOjIuBp","previousCounter":0,"rootKey":"YxSG6JflVESAj5iMxsuO5OfaYysNC1+EiPnIMHPwZHw="},"indexInfo":{"baseKey":"BVfpbdxRJdgSKF0iJ4U1hA+t0rZZYNoVD/v8NK6D2mQf","baseKeyType":1,"closed":-1,"used":1746714529128,"created":1746714529128,"remoteIdentityKey":"BQJXKoLu8XA4JsWGbrKp/ZbRkFUy5mu0veDNL5vuPHY6"},"_chains":{"BWtiN2DShmuy6vsj3TFfzpI5fDjE4j8vZ1ilTZNrK6w/":{"chainKey":{"counter":0,"key":"R1Ev3D2PwcyT6zrWcYByfKof0rmu5oLuDTJb4FNp8iY="},"chainType":1,"messageKeys":{}}},"pendingPreKey":{"signedKeyId":3,"baseKey":"BVfpbdxRJdgSKF0iJ4U1hA+t0rZZYNoVD/v8NK6D2mQf","preKeyId":5706139}}},"version":"v1"}