{"_sessions":{"BehKFI27uX7NG/QdxEomA0lW01U8ObQgA+VJ51kybf5q":{"registrationId":672162844,"currentRatchet":{"ephemeralKeyPair":{"pubKey":"BT6NcvxwyyYAK6fxYX1ICze/QjTedCCEurjtMLjEvB94","privKey":"KFqiktuItdB00PEzjwC8rB3/HA9t+SAT+IYLe5cHEko="},"lastRemoteEphemeralKey":"BeAunfcdXbL2qfQqeoT3D3WrLmJQgtQxt/9xf+lo8W0X","previousCounter":0,"rootKey":"s3u5bERzzg2wjjBr8FmcU+uA5JEXW05M6J5GjGv0fKk="},"indexInfo":{"baseKey":"BehKFI27uX7NG/QdxEomA0lW01U8ObQgA+VJ51kybf5q","baseKeyType":1,"closed":-1,"used":1746714536427,"created":1746714536427,"remoteIdentityKey":"BSDdbXATDtjSI97ZYyKOTISjyUBALyZNWn0devXEeJsS"},"_chains":{"BT6NcvxwyyYAK6fxYX1ICze/QjTedCCEurjtMLjEvB94":{"chainKey":{"counter":0,"key":"5JocLekI03RGTi7SsnhA/7HxaF5kNRt049rt50Z0nK0="},"chainType":1,"messageKeys":{}}},"pendingPreKey":{"signedKeyId":6,"baseKey":"BehKFI27uX7NG/QdxEomA0lW01U8ObQgA+VJ51kybf5q","preKeyId":10367775}}},"version":"v1"}