{"_sessions":{"BWZKmVTrdOwe+Kw7TDVGLYNNzPFTKOCPsvQJEm62misX":{"registrationId":806693225,"currentRatchet":{"ephemeralKeyPair":{"pubKey":"Bbc4hW8gxBqepK4dvDtLmm8N/ElnRA8jgjEB7JdQs6cp","privKey":"QOP2ru/3QlsQYVQfcEFbXBPLwwSOoJpfQ3j0wAhF/EI="},"lastRemoteEphemeralKey":"BQ49DNK8kEL+SSP+yC5Lk9oEeDiqEr4SBi4SVYfpcjsc","previousCounter":0,"rootKey":"OoNFiviJ3C0NKtCOTX1U/GnshiKDu0C8DIaaca2x5Fc="},"indexInfo":{"baseKey":"BWZKmVTrdOwe+Kw7TDVGLYNNzPFTKOCPsvQJEm62misX","baseKeyType":1,"closed":1746721107814,"used":1746721075977,"created":1746721075977,"remoteIdentityKey":"BXbfSesOepmTaB6goqDgvFUpcKX+48p19TxyT0cZHdZI"},"_chains":{"Bbc4hW8gxBqepK4dvDtLmm8N/ElnRA8jgjEB7JdQs6cp":{"chainKey":{"counter":0,"key":"Gu3FxcMKDGEkokm3GJ4FY7k22qCBvxbvdlshLcsWypE="},"chainType":1,"messageKeys":{}}},"pendingPreKey":{"signedKeyId":4,"baseKey":"BWZKmVTrdOwe+Kw7TDVGLYNNzPFTKOCPsvQJEm62misX","preKeyId":1481580}},"Bchb1OzIqNZrh6EPK7jO4f3hkDrURN7c7i4xw9R+FjMe":{"registrationId":806693225,"currentRatchet":{"ephemeralKeyPair":{"pubKey":"BZb3Gm77djra1t26445jeCXghMMJngAn5eD+RzunIvBp","privKey":"4NjhyNmQwcBturHaEoAYoVJlzYFjbEnYKg2Quoconmg="},"lastRemoteEphemeralKey":"BQ49DNK8kEL+SSP+yC5Lk9oEeDiqEr4SBi4SVYfpcjsc","previousCounter":0,"rootKey":"Q+1jgs2Kr4TdhA7t3zZHT1jpEb9x0YLpcgrfkPRLzDo="},"indexInfo":{"baseKey":"Bchb1OzIqNZrh6EPK7jO4f3hkDrURN7c7i4xw9R+FjMe","baseKeyType":1,"closed":-1,"used":1746721107530,"created":1746721107530,"remoteIdentityKey":"BXbfSesOepmTaB6goqDgvFUpcKX+48p19TxyT0cZHdZI"},"_chains":{"BZb3Gm77djra1t26445jeCXghMMJngAn5eD+RzunIvBp":{"chainKey":{"counter":2,"key":"cW9IlgrFgx+3tnDAch30Dcd+FPiaaMTufEg/2kUS5gc="},"chainType":1,"messageKeys":{}}},"pendingPreKey":{"signedKeyId":4,"baseKey":"Bchb1OzIqNZrh6EPK7jO4f3hkDrURN7c7i4xw9R+FjMe","preKeyId":1481540}}},"version":"v1"}