{"_sessions":{"BVgCKPW4SEkDHxvUfZafHpa+vuzEA1Fm0NkndCJ2s89P":{"registrationId":995856631,"currentRatchet":{"ephemeralKeyPair":{"pubKey":"BUE26wyhduZmAi2N0+XgCkEQmOWbGAW7PnwehgN3h4sF","privKey":"GN/qe/jj5RCiKBVM555P4jUYgVDJlyyUZoA8QfYgs3o="},"lastRemoteEphemeralKey":"BTYEUOBJKPpZURJ4ss+kLhzj4wJHaaOJWOY5rvaCyol1","previousCounter":0,"rootKey":"sgccs1K/iodARGHHittRLXanVr+mfm/nEHGW9UkVWkQ="},"indexInfo":{"baseKey":"BVgCKPW4SEkDHxvUfZafHpa+vuzEA1Fm0NkndCJ2s89P","baseKeyType":1,"closed":-1,"used":1746714525959,"created":1746714525959,"remoteIdentityKey":"BbA3AxL4av4ns+Ss4OQ7Min0Ae25QM+z8bZN12/w7jkh"},"_chains":{"BUE26wyhduZmAi2N0+XgCkEQmOWbGAW7PnwehgN3h4sF":{"chainKey":{"counter":0,"key":"cUM0bQ/xu3b3VHnOTi0RvR/bVYAigBQC3EtVLeMdRKY="},"chainType":1,"messageKeys":{}}},"pendingPreKey":{"signedKeyId":3756532,"baseKey":"BVgCKPW4SEkDHxvUfZafHpa+vuzEA1Fm0NkndCJ2s89P","preKeyId":7463}}},"version":"v1"}