{"_sessions":{"BcuuKhImOIT9Bwai0ILqnmmkYVr+p8s71nR1EKrgu7Yj":{"registrationId":523898315,"currentRatchet":{"ephemeralKeyPair":{"pubKey":"BS5L8U/OlDPmWY04kAwov74c8sR81KaHv7KzO38S9Ogl","privKey":"wBoQRVrW0/RJEHvaiK0/xpzVel/+IH1jZvzD1u3wvE0="},"lastRemoteEphemeralKey":"BY/1Dg6UEY3kKFYmTLxqBJoH2yOfJrdvHF7egwJSMc50","previousCounter":0,"rootKey":"VTU1D28Poo9JkhtEvYEhCSY6H1DThRv8RhPvFkUiZhE="},"indexInfo":{"baseKey":"BcuuKhImOIT9Bwai0ILqnmmkYVr+p8s71nR1EKrgu7Yj","baseKeyType":1,"closed":-1,"used":1746714525631,"created":1746714525631,"remoteIdentityKey":"BeVMS4EhnnCDopps/AG2jSiCjswVPPSRIZVhFIao6JNH"},"_chains":{"BS5L8U/OlDPmWY04kAwov74c8sR81KaHv7KzO38S9Ogl":{"chainKey":{"counter":0,"key":"jx/QlMUbgrgvmpS9Pg7dcthx8OEPlZXa9MFVRdvM7hA="},"chainType":1,"messageKeys":{}}},"pendingPreKey":{"signedKeyId":0,"baseKey":"BcuuKhImOIT9Bwai0ILqnmmkYVr+p8s71nR1EKrgu7Yj"}}},"version":"v1"}