{"_sessions":{"BQTsylxj4DpxBHEritN9DmU6s8fUCdUp7GAdsuXJayM7":{"registrationId":208110138,"currentRatchet":{"ephemeralKeyPair":{"pubKey":"BWGlO7MZi6o0GlGBvrc08W38mNbwMAY5SmQ08Yrzq8BZ","privKey":"+ENRzuJAYaNNeSIF7pzzONyWL+EKMG99z6TsnLmWDmM="},"lastRemoteEphemeralKey":"BeNJegcn8ePv60J3KE+ayPM+6NWoL1+iUa/I1VrA9RMO","previousCounter":0,"rootKey":"pQZviagiCbfoPUABVIw6KpVB6uJg38MJ7vRJWg20GuI="},"indexInfo":{"baseKey":"BQTsylxj4DpxBHEritN9DmU6s8fUCdUp7GAdsuXJayM7","baseKeyType":1,"closed":1746721114808,"used":1746721083881,"created":1746721083881,"remoteIdentityKey":"Bd1LGkzg0b8xTHnrzmy387Pe24gVJ24QrRKnGh0E9ooB"},"_chains":{"BWGlO7MZi6o0GlGBvrc08W38mNbwMAY5SmQ08Yrzq8BZ":{"chainKey":{"counter":0,"key":"3rULhzvCCVLobncFl4ibGtlSh+cqn+zE3pFQnv3KItk="},"chainType":1,"messageKeys":{}}},"pendingPreKey":{"signedKeyId":13,"baseKey":"BQTsylxj4DpxBHEritN9DmU6s8fUCdUp7GAdsuXJayM7"}},"BbfnPeY7eaE2+AgF3jRe/M0s1NEOz3PDHHdTVhIdXRwX":{"registrationId":208110138,"currentRatchet":{"ephemeralKeyPair":{"pubKey":"BSw4B4bdFR4Nt/AmobSkRD45sM+K21m5XfwSgq3NMi0W","privKey":"EFDZAYmKx+vYweDNpV5pPlKAV/nDbi5mEu7BWZAUe3o="},"lastRemoteEphemeralKey":"BeNJegcn8ePv60J3KE+ayPM+6NWoL1+iUa/I1VrA9RMO","previousCounter":0,"rootKey":"0Y79uD80GgFtJAeaNaMvz+2y5BS/xFONyryhJiWcrac="},"indexInfo":{"baseKey":"BbfnPeY7eaE2+AgF3jRe/M0s1NEOz3PDHHdTVhIdXRwX","baseKeyType":1,"closed":-1,"used":1746721114640,"created":1746721114640,"remoteIdentityKey":"Bd1LGkzg0b8xTHnrzmy387Pe24gVJ24QrRKnGh0E9ooB"},"_chains":{"BSw4B4bdFR4Nt/AmobSkRD45sM+K21m5XfwSgq3NMi0W":{"chainKey":{"counter":2,"key":"JBSYaffBvLRD97yvyndjCh1ajExN5BukwrkWZaxrMr4="},"chainType":1,"messageKeys":{}}},"pendingPreKey":{"signedKeyId":13,"baseKey":"BbfnPeY7eaE2+AgF3jRe/M0s1NEOz3PDHHdTVhIdXRwX"}}},"version":"v1"}