{"_sessions":{"BXttUhKtp1We1KNHGQX8eJ24gnLj5qPdEpHzJPDKacgq":{"registrationId":1390468215,"currentRatchet":{"ephemeralKeyPair":{"pubKey":"BbO2ZEoyFJcQ/vkPGBICMB0Dpj3rQo7jWf4P2kTNd2lx","privKey":"kCX1ezbMHnD2gQXxz7SgqTYXT1TCEiu6++6VHgQAxVk="},"lastRemoteEphemeralKey":"BSw0IMcPiRKbQovpRrrYyCTorU8StFGDIya6cOMK5UtF","previousCounter":0,"rootKey":"URBkcPcnKsUoekjZLuVZnpq7dy4czC20yZn6xkFzZQc="},"indexInfo":{"baseKey":"BXttUhKtp1We1KNHGQX8eJ24gnLj5qPdEpHzJPDKacgq","baseKeyType":1,"closed":-1,"used":1746714540061,"created":1746714540061,"remoteIdentityKey":"BWCf6n2EdEtgtSuOCk7UdflhSzocEbUZCjq1KxOY7boQ"},"_chains":{"BbO2ZEoyFJcQ/vkPGBICMB0Dpj3rQo7jWf4P2kTNd2lx":{"chainKey":{"counter":0,"key":"4v69M93Iv0CUrSHpMOIEbYP0ZpJDEtUODc3j+Td8et8="},"chainType":1,"messageKeys":{}}},"pendingPreKey":{"signedKeyId":17,"baseKey":"BXttUhKtp1We1KNHGQX8eJ24gnLj5qPdEpHzJPDKacgq","preKeyId":14942523}}},"version":"v1"}