{"_sessions":{"BXn3KO6XAQ3kAuEKd2UhOjHynwkzMrdAvojQ2YQ8p2gH":{"registrationId":558503618,"currentRatchet":{"ephemeralKeyPair":{"pubKey":"BQPr8+w0GlaWR2k9dFQTn66ZB79z2MjmtKV/p24+yu0v","privKey":"OG70e5DqtRYKwfLBsik1G0YnzGQsgKdy0qrHURFid04="},"lastRemoteEphemeralKey":"BZvoee7yJL6lpmo8usvH/buG4ap6rTRL9UQZmhV4DZUS","previousCounter":0,"rootKey":"BcTw96tG/CeVdDYessSLQBPgu54s2O/Hy12iD2igyRk="},"indexInfo":{"baseKey":"BXn3KO6XAQ3kAuEKd2UhOjHynwkzMrdAvojQ2YQ8p2gH","baseKeyType":1,"closed":1746721111312,"used":1746721079966,"created":1746721079966,"remoteIdentityKey":"BUh45nw/I/DFI2nU5cnMSjiEhz1u1kFkiGEUz6deQBsK"},"_chains":{"BQPr8+w0GlaWR2k9dFQTn66ZB79z2MjmtKV/p24+yu0v":{"chainKey":{"counter":0,"key":"haXS/kIhB7bzIQk6MQWvMkUCmDnGvQQnZrUTkLYcmbA="},"chainType":1,"messageKeys":{}}},"pendingPreKey":{"signedKeyId":0,"baseKey":"BXn3KO6XAQ3kAuEKd2UhOjHynwkzMrdAvojQ2YQ8p2gH","preKeyId":5662969}},"BbELvndty5nP6umRFQUZAD2W2EwjX/4pOstm1B0Nl20S":{"registrationId":558503618,"currentRatchet":{"ephemeralKeyPair":{"pubKey":"BYms4bMVfb9gH2TnrH2PALhNgrRE9NOLcXTNdISmoTdh","privKey":"oCL/yD5zevA0SArySat2MPoz/3HubUdh6H6EPSg8Knk="},"lastRemoteEphemeralKey":"BZvoee7yJL6lpmo8usvH/buG4ap6rTRL9UQZmhV4DZUS","previousCounter":0,"rootKey":"rj7vVNkjprFjb57FlOXki+5mf4WIRy55TUpbV9F0ERc="},"indexInfo":{"baseKey":"BbELvndty5nP6umRFQUZAD2W2EwjX/4pOstm1B0Nl20S","baseKeyType":1,"closed":-1,"used":1746721110923,"created":1746721110923,"remoteIdentityKey":"BUh45nw/I/DFI2nU5cnMSjiEhz1u1kFkiGEUz6deQBsK"},"_chains":{"BYms4bMVfb9gH2TnrH2PALhNgrRE9NOLcXTNdISmoTdh":{"chainKey":{"counter":2,"key":"u5s6UfXLOCZXuVN7Z/3qijv3uICobtp7ARxnRAhEnrs="},"chainType":1,"messageKeys":{}}},"pendingPreKey":{"signedKeyId":0,"baseKey":"BbELvndty5nP6umRFQUZAD2W2EwjX/4pOstm1B0Nl20S","preKeyId":5663171}}},"version":"v1"}