{"_sessions":{"BRehRPbr1JNVFJHkpx066HcYYKEUKPuEbszsRbYdUogX":{"registrationId":1838508386,"currentRatchet":{"ephemeralKeyPair":{"pubKey":"BYwc6dAU/KWYq05D+beeoZPXqAUd/lynNbWckKV7uAlz","privKey":"WIGMHYM8iA2+1SONX2gCvQn6v5VcmIiLgRw+WMGod2g="},"lastRemoteEphemeralKey":"BQZU/AA/sw5IHtQIYy6JzItgOhLSE7HsLyx1iJBILkpB","previousCounter":0,"rootKey":"xCoAGPy4ZpQGPuU36ylGu99sd6dkB0E53QP9CK24z2Q="},"indexInfo":{"baseKey":"BRehRPbr1JNVFJHkpx066HcYYKEUKPuEbszsRbYdUogX","baseKeyType":1,"closed":-1,"used":1746714532947,"created":1746714532947,"remoteIdentityKey":"BXC6qKA3NOOxFlRLAJxSQaLJRopMdDc9w8q1Eowwrh0K"},"_chains":{"BYwc6dAU/KWYq05D+beeoZPXqAUd/lynNbWckKV7uAlz":{"chainKey":{"counter":0,"key":"A7vxIRK47iCyv/GMW0LUVVr8ikbOhSwApoQGYA6mqXY="},"chainType":1,"messageKeys":{}}},"pendingPreKey":{"signedKeyId":4,"baseKey":"BRehRPbr1JNVFJHkpx066HcYYKEUKPuEbszsRbYdUogX","preKeyId":13543132}}},"version":"v1"}