{"_sessions":{"BaY+8SMKVhsNlQeBdXp1ilvgUkFnssWRGu8sCOzYqjRF":{"registrationId":331632041,"currentRatchet":{"ephemeralKeyPair":{"pubKey":"BaKH793i0j4VxlgfEEVugy3592Za+Q84GVkhaqV62pN+","privKey":"0ClNAYrM6DJWVeOjcET8fNE9neLyhHdZijqXPsKEB3c="},"lastRemoteEphemeralKey":"BZU6y/0L2XSRO/5hMktiRagdR5TKMtrwKZbS967lHQte","previousCounter":0,"rootKey":"f9gCbe+DmxX8MVU13SbPLWUwTnVq0R/1oCzALeoZ6dg="},"indexInfo":{"baseKey":"BaY+8SMKVhsNlQeBdXp1ilvgUkFnssWRGu8sCOzYqjRF","baseKeyType":1,"closed":1746721122246,"used":1746721090471,"created":1746721090471,"remoteIdentityKey":"BVoClBZcmo8uxL50CEPG89J3JMIiHDGaI0lp1SFvkKZC"},"_chains":{"BaKH793i0j4VxlgfEEVugy3592Za+Q84GVkhaqV62pN+":{"chainKey":{"counter":0,"key":"W7jwCR/aBOGmoAkgnrco4o+fHpv+SWBazy287cgUk+s="},"chainType":1,"messageKeys":{}}},"pendingPreKey":{"signedKeyId":2,"baseKey":"BaY+8SMKVhsNlQeBdXp1ilvgUkFnssWRGu8sCOzYqjRF","preKeyId":8677935}},"BeIjk3xMMiNQq0/tfm6JgoX8vte717n06OePNIThh2tu":{"registrationId":331632041,"currentRatchet":{"ephemeralKeyPair":{"pubKey":"BXnEHDVsfHvxURi6WJBzb+7U5uSxu74gps8HWR603Is8","privKey":"GCLKwch8sPOYqkQ3zMnZeneWUWpJKJ69qCdeyfdnxlc="},"lastRemoteEphemeralKey":"BZU6y/0L2XSRO/5hMktiRagdR5TKMtrwKZbS967lHQte","previousCounter":0,"rootKey":"/TOrV5H30K91VKcr7mg6/L08e29WN3uC++5le73ItrU="},"indexInfo":{"baseKey":"BeIjk3xMMiNQq0/tfm6JgoX8vte717n06OePNIThh2tu","baseKeyType":1,"closed":-1,"used":1746721121861,"created":1746721121861,"remoteIdentityKey":"BVoClBZcmo8uxL50CEPG89J3JMIiHDGaI0lp1SFvkKZC"},"_chains":{"BXnEHDVsfHvxURi6WJBzb+7U5uSxu74gps8HWR603Is8":{"chainKey":{"counter":2,"key":"BgnJkVxWwaEPl1LgP5GkF2mPQR60qan3Lbg4WRV2UOA="},"chainType":1,"messageKeys":{}}},"pendingPreKey":{"signedKeyId":2,"baseKey":"BeIjk3xMMiNQq0/tfm6JgoX8vte717n06OePNIThh2tu","preKeyId":8678479}}},"version":"v1"}