{"_sessions":{"BR1i/Ci7TV/kOBUFD9n3ZCfX4sQBwRMQVSuwKzL9Tptr":{"registrationId":1845506915,"currentRatchet":{"ephemeralKeyPair":{"pubKey":"BTIEHrkxMnSRFozg+A8eKSUb3zLem1q6D2MeC5cmgvYY","privKey":"0GOetgOOHphYdcU7poTKO+sRb0rbDMuU/98d2JTrO1M="},"lastRemoteEphemeralKey":"BRTpq5xlKLC9VU7G/lpu0jcNo1+q7e7Ter9v5JsTRkkz","previousCounter":0,"rootKey":"EXQK6mNFrFKvLBJxn4MajOkfy+1EbNcO0xBH33JFyHQ="},"indexInfo":{"baseKey":"BR1i/Ci7TV/kOBUFD9n3ZCfX4sQBwRMQVSuwKzL9Tptr","baseKeyType":1,"closed":-1,"used":1746714522124,"created":1746714522124,"remoteIdentityKey":"BZ3xEAV99rGQ2XMi89t9vFBBJHkqmZCUKb98zczJBuFu"},"_chains":{"BTIEHrkxMnSRFozg+A8eKSUb3zLem1q6D2MeC5cmgvYY":{"chainKey":{"counter":0,"key":"MY5i4j+cklQ4Fsghv1ooOocy8uAEFjlPOcTgJ2j4MEU="},"chainType":1,"messageKeys":{}}},"pendingPreKey":{"signedKeyId":0,"baseKey":"BR1i/Ci7TV/kOBUFD9n3ZCfX4sQBwRMQVSuwKzL9Tptr"}}},"version":"v1"}