{"_sessions":{"BcNonMyJjaGN5gdvMxgKSEAcwMIGeR6BN2JxluTN6vYe":{"registrationId":244129854,"currentRatchet":{"ephemeralKeyPair":{"pubKey":"BV6My6xoW/2C1hnx5xOmdx7qjcSdy65t48WmFbC4SNdQ","privKey":"gJahHBMM4wksRiXS8ldjDhtkZ5+IXqUNcyYFrP30P1c="},"lastRemoteEphemeralKey":"BWKq1M/jIuBqamGg/8EAv1jgOkVn98At2TEDJ5uzxeps","previousCounter":0,"rootKey":"ZEAbjCTyf1fYt2fekS1dtp4r1FnotYDwvjnkin+CE78="},"indexInfo":{"baseKey":"BcNonMyJjaGN5gdvMxgKSEAcwMIGeR6BN2JxluTN6vYe","baseKeyType":1,"closed":-1,"used":1746714529441,"created":1746714529441,"remoteIdentityKey":"BTSr1lEvEe6qIdw4HWVemX0mi0vktnV1rcmSG/uze9Qq"},"_chains":{"BV6My6xoW/2C1hnx5xOmdx7qjcSdy65t48WmFbC4SNdQ":{"chainKey":{"counter":0,"key":"eJWFwA0UTbZr21KfRoRqOxfEhaG7omkh6k1m5ha9ryc="},"chainType":1,"messageKeys":{}}},"pendingPreKey":{"signedKeyId":1,"baseKey":"BcNonMyJjaGN5gdvMxgKSEAcwMIGeR6BN2JxluTN6vYe","preKeyId":3466399}}},"version":"v1"}