{"_sessions":{"BWI3+GoOQkuigGC2Zfj6XGt1cRlz1ffLfvFqKkJyKPQI":{"registrationId":786801346,"currentRatchet":{"ephemeralKeyPair":{"pubKey":"BUeIsgqZ5wK7pIGDUpg2zPIu4MYIqQnDGlgkmHyLD+tX","privKey":"cHP5Tbx4r3dw/kYFuoyHS90SYWhrFd4foyDsOU1Wg18="},"lastRemoteEphemeralKey":"BR7MidUlEOYboyUxhVEAG4HjlwLfx634cgGlDfHNdSga","previousCounter":0,"rootKey":"P9eFnxIELedNbgxpfNtvqLI+lluL3W+J8PGEXDiPFQw="},"indexInfo":{"baseKey":"BWI3+GoOQkuigGC2Zfj6XGt1cRlz1ffLfvFqKkJyKPQI","baseKeyType":1,"closed":-1,"used":1746714532884,"created":1746714532884,"remoteIdentityKey":"BYVyoXMzzxs4Dj7/1i7xmXf1fx1M1TKvYnHwBNgRQ0lP"},"_chains":{"BUeIsgqZ5wK7pIGDUpg2zPIu4MYIqQnDGlgkmHyLD+tX":{"chainKey":{"counter":0,"key":"UlyLwer47Fltxn/1VLhtWraU6mSf6goJkVs3gbRG2TA="},"chainType":1,"messageKeys":{}}},"pendingPreKey":{"signedKeyId":0,"baseKey":"BWI3+GoOQkuigGC2Zfj6XGt1cRlz1ffLfvFqKkJyKPQI","preKeyId":1177800}}},"version":"v1"}