{"_sessions":{"BRzis58qZJ+roNtMMlCMlilKbID+Xm8LLsxRWujzlopv":{"registrationId":422845497,"currentRatchet":{"ephemeralKeyPair":{"pubKey":"BTMfoOGidl5prikFtGyLHr/+K3lThnWzvFmUWnnmQiRG","privKey":"mAje2kx7Apw+4r09A/p+DQYaQazWRrsx3kA0h3TmqE4="},"lastRemoteEphemeralKey":"BY+IkeSlllKyW9AdxXN9MUta44bG9yu0NMixXwWDKilR","previousCounter":0,"rootKey":"uBHVA+M7588i3RFaccwKR35LHLqGXcZ3wR6GvAUv/2k="},"indexInfo":{"baseKey":"BRzis58qZJ+roNtMMlCMlilKbID+Xm8LLsxRWujzlopv","baseKeyType":1,"closed":1746721103941,"used":1746721072513,"created":1746721072513,"remoteIdentityKey":"BRO2YrKe6XiGeMK2mFGRzsDlkOgVrhSrLlCZyinf2RF6"},"_chains":{"BTMfoOGidl5prikFtGyLHr/+K3lThnWzvFmUWnnmQiRG":{"chainKey":{"counter":0,"key":"appxS1rKpzoA3etBC2XgEfbNGr7jzL823JhHLQ9w2Ss="},"chainType":1,"messageKeys":{}}},"pendingPreKey":{"signedKeyId":2,"baseKey":"BRzis58qZJ+roNtMMlCMlilKbID+Xm8LLsxRWujzlopv","preKeyId":13319402}},"BZHSFlZP6POsAPgsuHcS5iHzyknvMy9yd3GH7k7VWA4U":{"registrationId":422845497,"currentRatchet":{"ephemeralKeyPair":{"pubKey":"BSDE130bpygJ8Q+iME00mW2oKfncxYrhUu9O/aw0o897","privKey":"IIV9nOZADXjnrKLsQuIE1oo1YdtvSgCcBrzCr7n6TGw="},"lastRemoteEphemeralKey":"BY+IkeSlllKyW9AdxXN9MUta44bG9yu0NMixXwWDKilR","previousCounter":0,"rootKey":"jaDqcoLK1G7xGoI3+8ZAwc5gq3zKHHPHa0LSIGeSBLA="},"indexInfo":{"baseKey":"BZHSFlZP6POsAPgsuHcS5iHzyknvMy9yd3GH7k7VWA4U","baseKeyType":1,"closed":-1,"used":1746721103348,"created":1746721103348,"remoteIdentityKey":"BRO2YrKe6XiGeMK2mFGRzsDlkOgVrhSrLlCZyinf2RF6"},"_chains":{"BSDE130bpygJ8Q+iME00mW2oKfncxYrhUu9O/aw0o897":{"chainKey":{"counter":2,"key":"UidjiaWLgnJIr55/7lktorkmDJ6Tl/cBs260tIF6O4E="},"chainType":1,"messageKeys":{}}},"pendingPreKey":{"signedKeyId":2,"baseKey":"BZHSFlZP6POsAPgsuHcS5iHzyknvMy9yd3GH7k7VWA4U","preKeyId":13319615}}},"version":"v1"}