{"_sessions":{"BVvJAr+dfWtO58Y68S0qjeomm2Z0tumguA3bl/rMf6R/":{"registrationId":2073949239,"currentRatchet":{"ephemeralKeyPair":{"pubKey":"BSUPOMdwCbwfXQfgJ23yIaBTkcG59RUeMrWB9iwDCC12","privKey":"6BxQkxl7zlK20b5pdl5EwmCfqpoiF9F4ExXFMFcbyVA="},"lastRemoteEphemeralKey":"BXHzSLRLWi8a0Yq5Dj4eUEuh9xC9hdR36i+sr1cyWktS","previousCounter":0,"rootKey":"vFXzqZIdd/Clh8LRYIwWLKX5tmnc6WoxejmQxEbldKk="},"indexInfo":{"baseKey":"BVvJAr+dfWtO58Y68S0qjeomm2Z0tumguA3bl/rMf6R/","baseKeyType":1,"closed":-1,"used":1746714532810,"created":1746714532810,"remoteIdentityKey":"Ba5bgIGXvM3snLiYIivt/6RZD69vgxaSD9H0NO4pbU18"},"_chains":{"BSUPOMdwCbwfXQfgJ23yIaBTkcG59RUeMrWB9iwDCC12":{"chainKey":{"counter":0,"key":"FC5woM9Wx0n1IYBiRO/0Kj+JNykZB4j5wjciUqB5Lzg="},"chainType":1,"messageKeys":{}}},"pendingPreKey":{"signedKeyId":5,"baseKey":"BVvJAr+dfWtO58Y68S0qjeomm2Z0tumguA3bl/rMf6R/","preKeyId":15410064}}},"version":"v1"}