{"_sessions":{"BctuEeusYjDiQD8Sc/Q9xU8ctdxPArTwzSxH4f1fIUxv":{"registrationId":261759304,"currentRatchet":{"ephemeralKeyPair":{"pubKey":"BezrdvyhatDhMRy4b7q9YJOIWRcZ3bTnFUSKLbVdEFJa","privKey":"GIzHsQGN3r1HzSXKhFVjoVVhYIQ7KgU+FOGRaqxvAHs="},"lastRemoteEphemeralKey":"BSKUam/W6oMiSMJswiBjjqwvt8zSlJibMPuYxAMoMEM1","previousCounter":0,"rootKey":"mNHTvZ2Tumv7zSwPDzYvDwrUGNZBi+tyhB3UmKETz4s="},"indexInfo":{"baseKey":"BctuEeusYjDiQD8Sc/Q9xU8ctdxPArTwzSxH4f1fIUxv","baseKeyType":1,"closed":1746721104032,"used":1746721072676,"created":1746721072676,"remoteIdentityKey":"BXOONhKKCbiKUhkc+gmaPE2susMJIT3WAdMnTyc6+sNc"},"_chains":{"BezrdvyhatDhMRy4b7q9YJOIWRcZ3bTnFUSKLbVdEFJa":{"chainKey":{"counter":0,"key":"0KaLUziAMrisPDx2Km7BnyAR9kOvIb9C5KOiaXKSZxQ="},"chainType":1,"messageKeys":{}}},"pendingPreKey":{"signedKeyId":3,"baseKey":"BctuEeusYjDiQD8Sc/Q9xU8ctdxPArTwzSxH4f1fIUxv","preKeyId":9879280}},"BSNWoIuEXEA+GV5oy8sTn0X/6ArQHAZZxdXyaw3CBGgW":{"registrationId":261759304,"currentRatchet":{"ephemeralKeyPair":{"pubKey":"BVMw2W4W3k9a70MoPG2w8g94rzRhaMo5rS81HezMHiUH","privKey":"QBoNIdcQ2y6loGEQ/WzRWFXQ85WK3KIE6bzHLG+5FGY="},"lastRemoteEphemeralKey":"BSKUam/W6oMiSMJswiBjjqwvt8zSlJibMPuYxAMoMEM1","previousCounter":0,"rootKey":"2dyM8fvASkQExjxLvctALAT1tREpLwJL98LjBSsKTf0="},"indexInfo":{"baseKey":"BSNWoIuEXEA+GV5oy8sTn0X/6ArQHAZZxdXyaw3CBGgW","baseKeyType":1,"closed":-1,"used":1746721103507,"created":1746721103507,"remoteIdentityKey":"BXOONhKKCbiKUhkc+gmaPE2susMJIT3WAdMnTyc6+sNc"},"_chains":{"BVMw2W4W3k9a70MoPG2w8g94rzRhaMo5rS81HezMHiUH":{"chainKey":{"counter":2,"key":"o2IHtPYxW8ADItenyG4tBaN60TelNjV05JhBqi56GzM="},"chainType":1,"messageKeys":{}}},"pendingPreKey":{"signedKeyId":3,"baseKey":"BSNWoIuEXEA+GV5oy8sTn0X/6ArQHAZZxdXyaw3CBGgW","preKeyId":9879302}}},"version":"v1"}