{"_sessions":{"BTpICRiDlWfji7J6dzrEGPHiPXwZuTp7e8QKWaH9MFxX":{"registrationId":666499772,"currentRatchet":{"ephemeralKeyPair":{"pubKey":"BQVrwJUWod+9vd00zswUqTW+kGO5Y3YgRTsG1ejs3g0v","privKey":"CFViN3mSF+uooUaycnmR/X+bkWSFBK5WNQ99J4LlDUw="},"lastRemoteEphemeralKey":"Bcu53n+V3/n/SCaQ496L+K76jaN62wB/WJU/EIuwqIgS","previousCounter":0,"rootKey":"4pHV6joOGhITUYITqriykJQ2GcP6DbU+cN5f6xyaOfw="},"indexInfo":{"baseKey":"BTpICRiDlWfji7J6dzrEGPHiPXwZuTp7e8QKWaH9MFxX","baseKeyType":1,"closed":-1,"used":1746714529334,"created":1746714529334,"remoteIdentityKey":"BY1g2Gsm+fc/TF8i1jAN1KJSxNuieyZRGu4qgnT1GpA/"},"_chains":{"BQVrwJUWod+9vd00zswUqTW+kGO5Y3YgRTsG1ejs3g0v":{"chainKey":{"counter":0,"key":"qKPukoo3V4ZKlgZUnG8A582KafohD9t2PSn3oo7Urd8="},"chainType":1,"messageKeys":{}}},"pendingPreKey":{"signedKeyId":16,"baseKey":"BTpICRiDlWfji7J6dzrEGPHiPXwZuTp7e8QKWaH9MFxX","preKeyId":3194764}}},"version":"v1"}