{"_sessions":{"BXP4aLgdPLlFzkY3LA6CSduC9WSgGRFveLyXQ51iMVY6":{"registrationId":1606212885,"currentRatchet":{"ephemeralKeyPair":{"pubKey":"BYvnwdEBbcco9q6tAtTez/Joxo4/eBd4uwYiKxO3PItd","privKey":"OOtFlJyAtAORKC1FTBBm6lVLV+AdzY2uxw8QzYpZT2k="},"lastRemoteEphemeralKey":"BT8YBK1d/fRJx6EhnLC6JfDV/l4Xf7cCalcvnMEnQnMJ","previousCounter":0,"rootKey":"dBz+q5B1z0agvY9hWpvai/Y/vCixakDvEC9Mwuqb4KE="},"indexInfo":{"baseKey":"BXP4aLgdPLlFzkY3LA6CSduC9WSgGRFveLyXQ51iMVY6","baseKeyType":1,"closed":1746721107819,"used":1746721075990,"created":1746721075990,"remoteIdentityKey":"BavyZ7RvhL4gGJZysBsgeUJSZycq8PRyYV9bpDcIbNZb"},"_chains":{"BYvnwdEBbcco9q6tAtTez/Joxo4/eBd4uwYiKxO3PItd":{"chainKey":{"counter":0,"key":"JZSueDq3UDcr0wocnCsO/jm0xjXbfvUq7Ito/JcZ/j4="},"chainType":1,"messageKeys":{}}},"pendingPreKey":{"signedKeyId":2,"baseKey":"BXP4aLgdPLlFzkY3LA6CSduC9WSgGRFveLyXQ51iMVY6","preKeyId":9519861}},"BbcnVc9uBnXiOo4izYUTl3fEDpy0rfdFaDLY8GW2UDkx":{"registrationId":1606212885,"currentRatchet":{"ephemeralKeyPair":{"pubKey":"BXcaA6x+uieNg6SNEVx3VpOXrkiGyX2MUCiOvVg4qL4o","privKey":"eEsOq7K2IVk7bWJuVrZk/oWyy0bDvBLb5Ey/lkuZ2G0="},"lastRemoteEphemeralKey":"BT8YBK1d/fRJx6EhnLC6JfDV/l4Xf7cCalcvnMEnQnMJ","previousCounter":0,"rootKey":"YS9epJlhHsbVRWiDlKhWhsxybrvpF9n/6l+qnSMOpvQ="},"indexInfo":{"baseKey":"BbcnVc9uBnXiOo4izYUTl3fEDpy0rfdFaDLY8GW2UDkx","baseKeyType":1,"closed":-1,"used":1746721107542,"created":1746721107542,"remoteIdentityKey":"BavyZ7RvhL4gGJZysBsgeUJSZycq8PRyYV9bpDcIbNZb"},"_chains":{"BXcaA6x+uieNg6SNEVx3VpOXrkiGyX2MUCiOvVg4qL4o":{"chainKey":{"counter":2,"key":"oJSdCmmfHzhkgb9a1XTUYzNIQbxI4Z3xO1HnrLqY1Fg="},"chainType":1,"messageKeys":{}}},"pendingPreKey":{"signedKeyId":2,"baseKey":"BbcnVc9uBnXiOo4izYUTl3fEDpy0rfdFaDLY8GW2UDkx","preKeyId":9520268}}},"version":"v1"}