{"_sessions":{"BWS5TCK/SYcrBFnhmePLJlDrvLD0xWPDKNv1/XySBTMz":{"registrationId":188831960,"currentRatchet":{"ephemeralKeyPair":{"pubKey":"BZLvURODioej+zR1iMBu26pFtvS64n5XbxmKsySQOSkZ","privKey":"EAoqa8q/el8JqbfbKnvKTpgjB4prHZV2K9t9e41Kh0U="},"lastRemoteEphemeralKey":"BZWevLVyrUHPlZEtHZ8E2jWorcrVQZfi1EIQN7b7QdlJ","previousCounter":0,"rootKey":"vpPxoFQV6ApfULD/xUMS2Txj4qNAgde/aoOYkr3phTU="},"indexInfo":{"baseKey":"BWS5TCK/SYcrBFnhmePLJlDrvLD0xWPDKNv1/XySBTMz","baseKeyType":1,"closed":1746721104043,"used":1746721072726,"created":1746721072726,"remoteIdentityKey":"BTljApdhw6OmUmPJKulmY/PKA+zRy+1hTSxKUlzLGbZ+"},"_chains":{"BZLvURODioej+zR1iMBu26pFtvS64n5XbxmKsySQOSkZ":{"chainKey":{"counter":0,"key":"NFkGc4DglhW5WMqGZbrd+BhPcrmNQ683Rs5z1wptCNg="},"chainType":1,"messageKeys":{}}},"pendingPreKey":{"signedKeyId":5,"baseKey":"BWS5TCK/SYcrBFnhmePLJlDrvLD0xWPDKNv1/XySBTMz","preKeyId":13361111}},"BdLoKHaGkJkwdMo3wyPURum3eXdogi1qVeEk7dXk0C4l":{"registrationId":188831960,"currentRatchet":{"ephemeralKeyPair":{"pubKey":"Bekf75n1zRdQQhGuXjBczmSoo5fDQ8VeIFdf+W1y7VYJ","privKey":"+B0NYVpFHkFcbTq66FLc1BBjVLG6tZVSSwl043fWE3E="},"lastRemoteEphemeralKey":"BZWevLVyrUHPlZEtHZ8E2jWorcrVQZfi1EIQN7b7QdlJ","previousCounter":0,"rootKey":"n6tXj5nAPYGCNMQGHoCi38lVpSnvHB+SgMs1V3ZGDvA="},"indexInfo":{"baseKey":"BdLoKHaGkJkwdMo3wyPURum3eXdogi1qVeEk7dXk0C4l","baseKeyType":1,"closed":-1,"used":1746721103560,"created":1746721103560,"remoteIdentityKey":"BTljApdhw6OmUmPJKulmY/PKA+zRy+1hTSxKUlzLGbZ+"},"_chains":{"Bekf75n1zRdQQhGuXjBczmSoo5fDQ8VeIFdf+W1y7VYJ":{"chainKey":{"counter":2,"key":"E4eINyIq11XROpzF9yZUNT4+tr30yNfVngqkiQe6W7Q="},"chainType":1,"messageKeys":{}}},"pendingPreKey":{"signedKeyId":5,"baseKey":"BdLoKHaGkJkwdMo3wyPURum3eXdogi1qVeEk7dXk0C4l","preKeyId":13361144}}},"version":"v1"}