{"_sessions":{"BaBB3a+1cRO/e+tD+VMQIRSes2ClGBByDghLq5J+jEAh":{"registrationId":558503618,"currentRatchet":{"ephemeralKeyPair":{"pubKey":"Be3pv7FFT54iRoh0TlhXmtYePNkC4slxev8eyHOUkNZ+","privKey":"0Ais5hMDQ7YQNm4p1mkK+x+rsmb17zRIz8jiJvK0ZlI="},"lastRemoteEphemeralKey":"BZvoee7yJL6lpmo8usvH/buG4ap6rTRL9UQZmhV4DZUS","previousCounter":0,"rootKey":"mnNV1cC08dJ8w2mJrJh/F6HjmSsK/wPdz+nuETRbGjk="},"indexInfo":{"baseKey":"BaBB3a+1cRO/e+tD+VMQIRSes2ClGBByDghLq5J+jEAh","baseKeyType":1,"closed":-1,"used":1746714532557,"created":1746714532557,"remoteIdentityKey":"BUh45nw/I/DFI2nU5cnMSjiEhz1u1kFkiGEUz6deQBsK"},"_chains":{"Be3pv7FFT54iRoh0TlhXmtYePNkC4slxev8eyHOUkNZ+":{"chainKey":{"counter":0,"key":"P3Hy9DlQ4FvI4wbiOrW5xVao/8/QtXiHHpjcmMqGHpE="},"chainType":1,"messageKeys":{}}},"pendingPreKey":{"signedKeyId":0,"baseKey":"BaBB3a+1cRO/e+tD+VMQIRSes2ClGBByDghLq5J+jEAh","preKeyId":5662972}}},"version":"v1"}