{"_sessions":{"BQrqeNg/+4mBL+T6PVuZAtRerC9aUrymMuFmfFot+Z96":{"registrationId":1184095639,"currentRatchet":{"ephemeralKeyPair":{"pubKey":"BbdTYHLiWiU/SFsu/I42JNnCGtvhO7YDvMgTgF1yJC5q","privKey":"sEhoxiz1BSWMT3Z3/Teh7u67E04uId4QnCHzxPu5+10="},"lastRemoteEphemeralKey":"BX3Mx9h9vVyNKJnM85F7Kgl3oGqa8GgRboQqcqcMaVQm","previousCounter":0,"rootKey":"RuMbh+ZTZhLbFPc98umYQUyKqRbsP1WuDkg7o5GTbzU="},"indexInfo":{"baseKey":"BQrqeNg/+4mBL+T6PVuZAtRerC9aUrymMuFmfFot+Z96","baseKeyType":1,"closed":-1,"used":1746714536310,"created":1746714536310,"remoteIdentityKey":"BZ4lDXxa66S1WLWZAAuuFlWHdaxp1zOy76l9pNVeQjII"},"_chains":{"BbdTYHLiWiU/SFsu/I42JNnCGtvhO7YDvMgTgF1yJC5q":{"chainKey":{"counter":0,"key":"FKkJMfBCcHPIIzfagWzy9/YocGYYaJIaTKxIIeCBMgk="},"chainType":1,"messageKeys":{}}},"pendingPreKey":{"signedKeyId":19,"baseKey":"BQrqeNg/+4mBL+T6PVuZAtRerC9aUrymMuFmfFot+Z96"}}},"version":"v1"}