{"_sessions":{"BekvTFQ9YQhOKRCcNdZ7q+MzBshnKmiItlCzmB23g+Fv":{"registrationId":52849200,"currentRatchet":{"ephemeralKeyPair":{"pubKey":"BTu4AkFZlk8vPP+rdk1vBPceKkyBDiYbggUSE0YIuL1l","privKey":"gAEXhSpbj39KnpYv8GafJJJiRPVV51MNOf2/Z/NEHmk="},"lastRemoteEphemeralKey":"BaIizfh2pvxqO2UEq5VXu5mDdeNA1LE7uRHdPCdm3IJ1","previousCounter":0,"rootKey":"H4n/w3bstiMutltV3ZzaVySW4qLF2IleS7Ta16POS38="},"indexInfo":{"baseKey":"BekvTFQ9YQhOKRCcNdZ7q+MzBshnKmiItlCzmB23g+Fv","baseKeyType":1,"closed":1746721114789,"used":1746721083840,"created":1746721083840,"remoteIdentityKey":"Ba5La6tBpxa1dyiGYVDWMOjChdwvZtMFr+ky32+T2/c0"},"_chains":{"BTu4AkFZlk8vPP+rdk1vBPceKkyBDiYbggUSE0YIuL1l":{"chainKey":{"counter":0,"key":"j/P+cih5gGDRHv/D8IRw+fChkN7sBI7vCm4DJnu7sMs="},"chainType":1,"messageKeys":{}}},"pendingPreKey":{"signedKeyId":4,"baseKey":"BekvTFQ9YQhOKRCcNdZ7q+MzBshnKmiItlCzmB23g+Fv","preKeyId":13369177}},"BZ8UChnKMzqETHD07wbA2j7YNsnae9uSzwn6k/LVTLtG":{"registrationId":52849200,"currentRatchet":{"ephemeralKeyPair":{"pubKey":"BQGeQx5l9q7NIv0vycwH59weP9ubHDsLWgy+fv5SuUo+","privKey":"aEMxQTtc/ZNnusNRa1W/UXEgiOb7PvFtTuls/J5UhFM="},"lastRemoteEphemeralKey":"BaIizfh2pvxqO2UEq5VXu5mDdeNA1LE7uRHdPCdm3IJ1","previousCounter":0,"rootKey":"XkiqWcSz6QCs5ljFp3Y3jXARblBa/uQRCIFfj6XJpw0="},"indexInfo":{"baseKey":"BZ8UChnKMzqETHD07wbA2j7YNsnae9uSzwn6k/LVTLtG","baseKeyType":1,"closed":-1,"used":1746721114601,"created":1746721114601,"remoteIdentityKey":"Ba5La6tBpxa1dyiGYVDWMOjChdwvZtMFr+ky32+T2/c0"},"_chains":{"BQGeQx5l9q7NIv0vycwH59weP9ubHDsLWgy+fv5SuUo+":{"chainKey":{"counter":2,"key":"So0LccnkoAAnthj58yP1ynT1Ku7s2hSnaDf7fFrwEvs="},"chainType":1,"messageKeys":{}}},"pendingPreKey":{"signedKeyId":4,"baseKey":"BZ8UChnKMzqETHD07wbA2j7YNsnae9uSzwn6k/LVTLtG","preKeyId":13369279}}},"version":"v1"}