{"_sessions":{"BckZbrj6wSZ2AfwLxI3gVFp5nH7rvGTccVQOD/U0IQor":{"registrationId":999785532,"currentRatchet":{"ephemeralKeyPair":{"pubKey":"BTu8UcgDy3t/giOixGU3bI4ZfHnynoTdtEkWxqiWMU1U","privKey":"yLqofylu5GVkXLysorv1G/XmfLjXH/UOhOiU4Gj/530="},"lastRemoteEphemeralKey":"BfvzmNYyC/QBGQJtWBMy9fYLWAJPzFtZOx4gfTPE9ZNk","previousCounter":0,"rootKey":"hxwtno0x5qbLIQBNHB7uHr7XJGWQSl7nmKJ0QiH2H8w="},"indexInfo":{"baseKey":"BckZbrj6wSZ2AfwLxI3gVFp5nH7rvGTccVQOD/U0IQor","baseKeyType":1,"closed":1746721103931,"used":1746721072472,"created":1746721072472,"remoteIdentityKey":"BdJ47sfikQ8y//QrMn1Fwia6vAN7WQIDmxijV7eLIW4l"},"_chains":{"BTu8UcgDy3t/giOixGU3bI4ZfHnynoTdtEkWxqiWMU1U":{"chainKey":{"counter":0,"key":"nrKS5B8ylHrTRln96qfIfOFnxSc6rJfsaVliTdyVg/U="},"chainType":1,"messageKeys":{}}},"pendingPreKey":{"signedKeyId":3,"baseKey":"BckZbrj6wSZ2AfwLxI3gVFp5nH7rvGTccVQOD/U0IQor","preKeyId":837073}},"BXiamB6uXmL3n+K38/j3XtSuwnxdu5kCGs7Us6BBfC4T":{"registrationId":999785532,"currentRatchet":{"ephemeralKeyPair":{"pubKey":"BZsx+4dP5/mEznkIM9Zi1myd5noxHRJUiiirCNAVkuxv","privKey":"IGTvA8GYQ+84/2aSSDIv0sDh4Q88ZGQIndYBbCFgnFE="},"lastRemoteEphemeralKey":"BXus0a+KiQhV1cODTa6zcKi9C5SucJ3GWyVJ88zenXZo","previousCounter":2,"rootKey":"EjFXAVcUfFg5tPz6PERGmH+h++fbDZF3LtDdDJkb2sI="},"indexInfo":{"baseKey":"BXiamB6uXmL3n+K38/j3XtSuwnxdu5kCGs7Us6BBfC4T","baseKeyType":1,"closed":-1,"used":1746721298486,"created":1746721103318,"remoteIdentityKey":"BdJ47sfikQ8y//QrMn1Fwia6vAN7WQIDmxijV7eLIW4l"},"_chains":{"BXus0a+KiQhV1cODTa6zcKi9C5SucJ3GWyVJ88zenXZo":{"chainKey":{"counter":0,"key":"gc68cOLuq61nFzIUvUTFPtXA499i/ZVwkCDx0ymsTT4="},"chainType":2,"messageKeys":{}},"BZsx+4dP5/mEznkIM9Zi1myd5noxHRJUiiirCNAVkuxv":{"chainKey":{"counter":-1,"key":"PQSF03g7JMpIwNKfc2/OZJZw4rI+Glqsh/OihkcDl+g="},"chainType":1,"messageKeys":{}}}}},"version":"v1"}