{"_sessions":{"BSxAVG+pv8f64CiM20Okt0sfp7qNrAU3nJ0wolji/awI":{"registrationId":298289223,"currentRatchet":{"ephemeralKeyPair":{"pubKey":"Bbw+Nz3AXueqX4zYkSmmmnVJ2qicmrbIORHAeRaOM+A6","privKey":"uIYCIC95oTEHb8nHc3n7JC7i3tx4brxMDDVjAhR661I="},"lastRemoteEphemeralKey":"BdxVPgT+CIi1Rk0VbiKgm0EJSjAsWX3W9zwXMa2YtSw9","previousCounter":0,"rootKey":"Inqk8r0f9jRoBoOhoeCPB6whnVGNrRUejlXV0ZIJpqI="},"indexInfo":{"baseKey":"BSxAVG+pv8f64CiM20Okt0sfp7qNrAU3nJ0wolji/awI","baseKeyType":1,"closed":-1,"used":1746714536592,"created":1746714536592,"remoteIdentityKey":"BTd85YRZyC0xEA/HEur3W68aRDgU8Ef6OF5fChW0miMz"},"_chains":{"Bbw+Nz3AXueqX4zYkSmmmnVJ2qicmrbIORHAeRaOM+A6":{"chainKey":{"counter":0,"key":"h84QLzcokudzfhK3ybmjx1pNieavLB5d8HewODuKNNo="},"chainType":1,"messageKeys":{}}},"pendingPreKey":{"signedKeyId":905508,"baseKey":"BSxAVG+pv8f64CiM20Okt0sfp7qNrAU3nJ0wolji/awI","preKeyId":1179}}},"version":"v1"}