{"_sessions":{"BYeZzHLFaNNcN3CX7At0lXP5S52sPWLqa5lxeFF5xtk2":{"registrationId":1307500475,"currentRatchet":{"ephemeralKeyPair":{"pubKey":"BXAkSB9J6Rm5gAe5eor4H/3j0CRPh7vFLzjW3bMx8bhb","privKey":"cOrAgfk+ax+XKPz0KKMU3gWUb5/bnisENiRwddY5I3A="},"lastRemoteEphemeralKey":"BQM6g6zJxQ84jiKgNOuVPe9QN6FkgNS809avSleWLVoY","previousCounter":0,"rootKey":"eDz0ckfbbw5U2xZq9w2IX+JvIv6XzVBwwSRbp2THZFg="},"indexInfo":{"baseKey":"BYeZzHLFaNNcN3CX7At0lXP5S52sPWLqa5lxeFF5xtk2","baseKeyType":1,"closed":-1,"used":1746714522388,"created":1746714522388,"remoteIdentityKey":"BQs47DMlVfxLxmP+GkG8lFpc9rt3o+uq1Xa4b5j+zGsz"},"_chains":{"BXAkSB9J6Rm5gAe5eor4H/3j0CRPh7vFLzjW3bMx8bhb":{"chainKey":{"counter":0,"key":"mouc71tYsFLoaOu3AkvmJ8kfinnv18RQVC2cTrFkG4I="},"chainType":1,"messageKeys":{}}},"pendingPreKey":{"signedKeyId":10,"baseKey":"BYeZzHLFaNNcN3CX7At0lXP5S52sPWLqa5lxeFF5xtk2","preKeyId":14313068}}},"version":"v1"}