{"_sessions":{"BZHpbrfCkY3jOhPx9TQlnYgNPnpyf2mDHJ3g4UKDrGkk":{"registrationId":2011691388,"currentRatchet":{"ephemeralKeyPair":{"pubKey":"BbrJy/heIdpTt2e97i8WVlpV6WVIe4Q9pVsh5QQyCnJI","privKey":"wHt4S4tcd/w3dFK5pqPFzqLa/fksMNjsb6wUN1Hg934="},"lastRemoteEphemeralKey":"BThn79d64SqgrOYlgP53upsT+OKj20cdlTLXrFjOQFwz","previousCounter":0,"rootKey":"0Ti+H2CRAZwr8NTpPGD/WNxxJbiGLvJCvchJsweE0Zg="},"indexInfo":{"baseKey":"BZHpbrfCkY3jOhPx9TQlnYgNPnpyf2mDHJ3g4UKDrGkk","baseKeyType":1,"closed":-1,"used":1746714529376,"created":1746714529376,"remoteIdentityKey":"BQmXTFpUex1KXgLtxWbzItSpnlI6vDjIoaYlO/a3DEMu"},"_chains":{"BbrJy/heIdpTt2e97i8WVlpV6WVIe4Q9pVsh5QQyCnJI":{"chainKey":{"counter":0,"key":"pJiTibsfc8H2j2RAAa1kG2ljTLtbXLel1QPMPJA604Y="},"chainType":1,"messageKeys":{}}},"pendingPreKey":{"signedKeyId":3,"baseKey":"BZHpbrfCkY3jOhPx9TQlnYgNPnpyf2mDHJ3g4UKDrGkk","preKeyId":9876588}}},"version":"v1"}