{"_sessions":{"BW6lbiecF64pAjIxu1aDmr5PhVg0hWucRl/RkulmE4s/":{"registrationId":564540321,"currentRatchet":{"ephemeralKeyPair":{"pubKey":"BTI429ddQlxc1mJH+IjAPBKAiaTMDOOFq/2SRDuhCUwt","privKey":"eC8/fCayK0OGNT1j/ka7hsfqtofapsVE/MYF5Ua7T28="},"lastRemoteEphemeralKey":"Bf+BdAfL11S/gJECx6lrdLUlR8BTqyx6nGZT/Hl1M6tL","previousCounter":0,"rootKey":"8B7JHJzSMQchf27q4yMLm37kL7HkDc+dkOTpW8TvuWU="},"indexInfo":{"baseKey":"BW6lbiecF64pAjIxu1aDmr5PhVg0hWucRl/RkulmE4s/","baseKeyType":1,"closed":-1,"used":1746714532975,"created":1746714532975,"remoteIdentityKey":"BbePaY0chhbedTE3wwDDpxlVnD6znRgLQu7jQgPyUZx4"},"_chains":{"BTI429ddQlxc1mJH+IjAPBKAiaTMDOOFq/2SRDuhCUwt":{"chainKey":{"counter":0,"key":"zxdJhDL0EJpkjYjgRy3H6KVVVpSvamf8II/P7QJS1TQ="},"chainType":1,"messageKeys":{}}},"pendingPreKey":{"signedKeyId":2,"baseKey":"BW6lbiecF64pAjIxu1aDmr5PhVg0hWucRl/RkulmE4s/","preKeyId":23645}}},"version":"v1"}