{"_sessions":{"BUwGqzINh6+0VdIsXldXd3t5etWhWM3alvqyLXlJiz91":{"registrationId":1844564209,"currentRatchet":{"ephemeralKeyPair":{"pubKey":"BZYSArAwivhVXDgFtRdGegVJBv6sZT4888tXCEQRiOI6","privKey":"gPZChfi98S8drkMW6BnxIYKLM5YwQyXLHEvzW5RrKWs="},"lastRemoteEphemeralKey":"BeuKx/EBQD7cXNr+bXsOQ9mHuoMlQaL09AB6bASK0M9R","previousCounter":0,"rootKey":"YNyHh2WDxthcRd8SCUm+m1Z5mg6At4gL/3dA8l+tZ8Q="},"indexInfo":{"baseKey":"BUwGqzINh6+0VdIsXldXd3t5etWhWM3alvqyLXlJiz91","baseKeyType":1,"closed":-1,"used":1746714529488,"created":1746714529488,"remoteIdentityKey":"BS3RS7aI8sVHnEJrZc/a/tIb4tIjJrdTwFhGWnbs8MQj"},"_chains":{"BZYSArAwivhVXDgFtRdGegVJBv6sZT4888tXCEQRiOI6":{"chainKey":{"counter":0,"key":"wcyU+jFEOPYZEu/RW24cZQmvMFUdGvfQxZsNiHaGzR0="},"chainType":1,"messageKeys":{}}},"pendingPreKey":{"signedKeyId":10,"baseKey":"BUwGqzINh6+0VdIsXldXd3t5etWhWM3alvqyLXlJiz91","preKeyId":3767359}}},"version":"v1"}