{"_sessions":{"BaiFYDK7j1ayI6aol4U7K60p+f9672D1KtDkNN1sephh":{"registrationId":229300872,"currentRatchet":{"ephemeralKeyPair":{"pubKey":"Bar5uOoy6iKLonuPxoqMZbGnh/Rm09pfwzDgiHuovhV8","privKey":"GBU6cs9S7LCoB9izum7pXMjTRXDQP696S4LWBA+puH4="},"lastRemoteEphemeralKey":"BeencjfIPwEyC6kXVTeWzvu5TSL8UmLsKJb+jPTNroZY","previousCounter":0,"rootKey":"y/esC0/wOx9wiaZcjgILBSJTOVcBYqqVgmO1BTBxfzQ="},"indexInfo":{"baseKey":"BaiFYDK7j1ayI6aol4U7K60p+f9672D1KtDkNN1sephh","baseKeyType":1,"closed":1746721107794,"used":1746721075900,"created":1746721075900,"remoteIdentityKey":"BSoVytdOmpJxntCWzWZjmWSj+RBIujEJlqLCKbkkm04B"},"_chains":{"Bar5uOoy6iKLonuPxoqMZbGnh/Rm09pfwzDgiHuovhV8":{"chainKey":{"counter":0,"key":"Pnn7hrKadleu8hDjPZdQE+jdxj+JXO9a884PWZMGQiQ="},"chainType":1,"messageKeys":{}}},"pendingPreKey":{"signedKeyId":4,"baseKey":"BaiFYDK7j1ayI6aol4U7K60p+f9672D1KtDkNN1sephh","preKeyId":10882670}},"BcN82SxtN3xdCKiyvUC8qigexUqY+5LoY4Ppn/unTmsG":{"registrationId":229300872,"currentRatchet":{"ephemeralKeyPair":{"pubKey":"Bf08ydjf4nRhq0Cb+XmG+PuUCDWS1mE7ye7JjwBZq2B7","privKey":"6I1NFBc8xYpe+aEneWofz4KdSMZ3o5OO/Hp8cTQEoXw="},"lastRemoteEphemeralKey":"BeencjfIPwEyC6kXVTeWzvu5TSL8UmLsKJb+jPTNroZY","previousCounter":0,"rootKey":"znjuxHhrLw4dn93b4dp5Ip0aLLnkz6FqmTHlfmY2kQA="},"indexInfo":{"baseKey":"BcN82SxtN3xdCKiyvUC8qigexUqY+5LoY4Ppn/unTmsG","baseKeyType":1,"closed":-1,"used":1746721107463,"created":1746721107463,"remoteIdentityKey":"BSoVytdOmpJxntCWzWZjmWSj+RBIujEJlqLCKbkkm04B"},"_chains":{"Bf08ydjf4nRhq0Cb+XmG+PuUCDWS1mE7ye7JjwBZq2B7":{"chainKey":{"counter":2,"key":"jn4vp91UjeTXje4+haIB0QvR1Ouah5xosZoyf0y7TIw="},"chainType":1,"messageKeys":{}}},"pendingPreKey":{"signedKeyId":4,"baseKey":"BcN82SxtN3xdCKiyvUC8qigexUqY+5LoY4Ppn/unTmsG","preKeyId":10882043}}},"version":"v1"}