{"_sessions":{"BYgO8/M7Q49VGg3LDf1eanB0kHHqxaL+8Cwj+ReuwUAi":{"registrationId":1175069066,"currentRatchet":{"ephemeralKeyPair":{"pubKey":"BcV/xn9nDFlOF7LAoYH9vMYRs+nCZ09ZpPw1MV5K5+NG","privKey":"WF5CghMdZ0d/koDgmZkxR/G5uLp93Ch1kNsqzSa45Fo="},"lastRemoteEphemeralKey":"BYmxOEcOJQLnPd3RrQlslgWinUG/2TGzuaI0ZjFpyt9P","previousCounter":0,"rootKey":"RMSXguOHQQ7qw5guTGpFzWFLLLMFZyXGK+i52j0z5/0="},"indexInfo":{"baseKey":"BYgO8/M7Q49VGg3LDf1eanB0kHHqxaL+8Cwj+ReuwUAi","baseKeyType":1,"closed":1746721111314,"used":1746721079980,"created":1746721079980,"remoteIdentityKey":"BfqyI66OfDlostqDKvFAAp/+qtl46si3yAZ6loxSmZR8"},"_chains":{"BcV/xn9nDFlOF7LAoYH9vMYRs+nCZ09ZpPw1MV5K5+NG":{"chainKey":{"counter":0,"key":"wDapYd1kW/NCVWmUZZF4i+iyNwHO9Qiwkzc9A5wNabg="},"chainType":1,"messageKeys":{}}},"pendingPreKey":{"signedKeyId":7,"baseKey":"BYgO8/M7Q49VGg3LDf1eanB0kHHqxaL+8Cwj+ReuwUAi","preKeyId":5780510}},"BRtvQFBrGKaZTBo5+IkoahhrRtanmJ7AfN89wl9jQ7J6":{"registrationId":1175069066,"currentRatchet":{"ephemeralKeyPair":{"pubKey":"BbtwOxDA06tjBLyFfE+eGmo+BWz2PfqWNVZjcCrzCBQW","privKey":"MOPNkyv5Iue9DrDXJNVwQsJuAN1vUwl9iuExnkHhsU0="},"lastRemoteEphemeralKey":"BYmxOEcOJQLnPd3RrQlslgWinUG/2TGzuaI0ZjFpyt9P","previousCounter":0,"rootKey":"xS+wMy47ZiQKC2rzeeJQ2PFw+oLxLdkfUjLuoA1ymj4="},"indexInfo":{"baseKey":"BRtvQFBrGKaZTBo5+IkoahhrRtanmJ7AfN89wl9jQ7J6","baseKeyType":1,"closed":-1,"used":1746721110936,"created":1746721110936,"remoteIdentityKey":"BfqyI66OfDlostqDKvFAAp/+qtl46si3yAZ6loxSmZR8"},"_chains":{"BbtwOxDA06tjBLyFfE+eGmo+BWz2PfqWNVZjcCrzCBQW":{"chainKey":{"counter":2,"key":"4Jzr1QD+ljkiEegGaIbVzKVArNBzGHZla9plFHkoNak="},"chainType":1,"messageKeys":{}}},"pendingPreKey":{"signedKeyId":7,"baseKey":"BRtvQFBrGKaZTBo5+IkoahhrRtanmJ7AfN89wl9jQ7J6","preKeyId":5780552}}},"version":"v1"}