{"_sessions":{"BfZ7GVyFLW5BRfr0uYFg89+8Qro+pojrIgXmbXE63YZ+":{"registrationId":1512147387,"currentRatchet":{"ephemeralKeyPair":{"pubKey":"BeVYkNbjHVYlqHNxqANXESHJVTkhePrBEvis/zmAKmBc","privKey":"0P72csR3VCF5z+UDo24+oqFjjicxqt7HKD102p5cyEM="},"lastRemoteEphemeralKey":"Ba3YncMbMbBDo5IxGACPf4JspSgc8AqRD1/YqfFfbdcq","previousCounter":0,"rootKey":"Fon4TZEzZD5obGMABRnV+kG5ZdMYzbYdFvLgd/M0Pac="},"indexInfo":{"baseKey":"BfZ7GVyFLW5BRfr0uYFg89+8Qro+pojrIgXmbXE63YZ+","baseKeyType":1,"closed":1746721099261,"used":1746721069054,"created":1746721069054,"remoteIdentityKey":"BRk14qgx+WOECC4jwbxU9hIIleHi7dJ+f5uiSXYJac9X"},"_chains":{"BeVYkNbjHVYlqHNxqANXESHJVTkhePrBEvis/zmAKmBc":{"chainKey":{"counter":0,"key":"GX0cQ8Vxoj3JY+jflSHTaMet/ZjyC6KHE0+F9dLnCJE="},"chainType":1,"messageKeys":{}}},"pendingPreKey":{"signedKeyId":3,"baseKey":"BfZ7GVyFLW5BRfr0uYFg89+8Qro+pojrIgXmbXE63YZ+"}},"BamjavqMcVPYo7vgyMMH6b1rcaJYCVS6rR8FNSfNORUA":{"registrationId":1512147387,"currentRatchet":{"ephemeralKeyPair":{"pubKey":"BbfqIn2evMpyeduXp9BHgnVvvwtkLB6HKziNljcpztVH","privKey":"0JfPUK67bgv+7LUe77jkTqAxN1H4OElbA1RZOVoM1kg="},"lastRemoteEphemeralKey":"Ba3YncMbMbBDo5IxGACPf4JspSgc8AqRD1/YqfFfbdcq","previousCounter":0,"rootKey":"NPiBMysa/im2ojLCuVTJ2teO0Q4ym3gOWnQjPK57H08="},"indexInfo":{"baseKey":"BamjavqMcVPYo7vgyMMH6b1rcaJYCVS6rR8FNSfNORUA","baseKeyType":1,"closed":-1,"used":1746721098723,"created":1746721098723,"remoteIdentityKey":"BRk14qgx+WOECC4jwbxU9hIIleHi7dJ+f5uiSXYJac9X"},"_chains":{"BbfqIn2evMpyeduXp9BHgnVvvwtkLB6HKziNljcpztVH":{"chainKey":{"counter":2,"key":"s2RADEFdgODyIVG7dcTHq/fKK+hXYOxdNZ8PXEPfyhk="},"chainType":1,"messageKeys":{}}},"pendingPreKey":{"signedKeyId":3,"baseKey":"BamjavqMcVPYo7vgyMMH6b1rcaJYCVS6rR8FNSfNORUA"}}},"version":"v1"}