{"_sessions":{"Bf0veOjAUnVrclH5pghp56tToslwqkqRy03YdpaDiEQR":{"registrationId":39407218,"currentRatchet":{"ephemeralKeyPair":{"pubKey":"Bd23WO79rwfWpPaTfB51udaxdDnB7L04D45KBB0vJQYA","privKey":"CLdVbAg5SZ2l1tux3C6USNTCJtWJi19TCXiUg0OPYU4="},"lastRemoteEphemeralKey":"BSuCxQDHhmF8rHjzjBf1CRm6imtDbpHVo4pYYyEHFt8m","previousCounter":0,"rootKey":"qskqqei/9kSzgkJns6ShzDrbnD5mUPCb3PFCszHbC24="},"indexInfo":{"baseKey":"Bf0veOjAUnVrclH5pghp56tToslwqkqRy03YdpaDiEQR","baseKeyType":1,"closed":-1,"used":1746714540106,"created":1746714540106,"remoteIdentityKey":"BZs/0DRSmaaAMySWZzHZQoidn6W54uZbWbjpOP+Db85d"},"_chains":{"Bd23WO79rwfWpPaTfB51udaxdDnB7L04D45KBB0vJQYA":{"chainKey":{"counter":0,"key":"KXeivvbccWPjAPWH0/ZVhmvAUekmubEIf/CgsYUk+Yw="},"chainType":1,"messageKeys":{}}},"pendingPreKey":{"signedKeyId":0,"baseKey":"Bf0veOjAUnVrclH5pghp56tToslwqkqRy03YdpaDiEQR","preKeyId":4539610}}},"version":"v1"}