{"_sessions":{"BVIVaAa08VOUXjjU5O5NPXniqmperTtMJ/6C5o47llhD":{"registrationId":1993078389,"currentRatchet":{"ephemeralKeyPair":{"pubKey":"BRhwc3Gxzhpmnrn8FgjB1NXs+aN6m2tOepSsf6WSrmBg","privKey":"iNRcLlPTOvXDCIYF3k28fP1/S3lC+zdSdNseBilQUl4="},"lastRemoteEphemeralKey":"BcrOpNbPJTOIdKBBJDHtiuqxc/GNrYdJrcYHjw1oPCJu","previousCounter":0,"rootKey":"dvqT050jObjMjGtjxRvd3JWgCXWf2Zf/B6yeZarFodg="},"indexInfo":{"baseKey":"BVIVaAa08VOUXjjU5O5NPXniqmperTtMJ/6C5o47llhD","baseKeyType":1,"closed":1746721104107,"used":1746721072941,"created":1746721072941,"remoteIdentityKey":"BeVoeTNJmwJFWvt5JL828j9+QwLpy7mkiPzoC0fJtlga"},"_chains":{"BRhwc3Gxzhpmnrn8FgjB1NXs+aN6m2tOepSsf6WSrmBg":{"chainKey":{"counter":0,"key":"ZjEQGxBVBzMcAzt4I7TLoxmkTXEzQk8KuRMr/6qb7yE="},"chainType":1,"messageKeys":{}}},"pendingPreKey":{"signedKeyId":1,"baseKey":"BVIVaAa08VOUXjjU5O5NPXniqmperTtMJ/6C5o47llhD"}},"BbBp1fhS35GEw3rqg5tqGwVcu1PC656ulR2eTe/YMhM4":{"registrationId":1993078389,"currentRatchet":{"ephemeralKeyPair":{"pubKey":"BY9P0vTYNCp18MRty+BdFXJFb4wIhxIGxu5STkRpWV5U","privKey":"cBch9UZc6re914k/EgfAlXrBTcio288ZacMuhZPs62Q="},"lastRemoteEphemeralKey":"BcrOpNbPJTOIdKBBJDHtiuqxc/GNrYdJrcYHjw1oPCJu","previousCounter":0,"rootKey":"Utko5HkRNZJl5O1cphmLfd6QZ2EFXwP+drL8SBy2otk="},"indexInfo":{"baseKey":"BbBp1fhS35GEw3rqg5tqGwVcu1PC656ulR2eTe/YMhM4","baseKeyType":1,"closed":-1,"used":1746721103855,"created":1746721103855,"remoteIdentityKey":"BeVoeTNJmwJFWvt5JL828j9+QwLpy7mkiPzoC0fJtlga"},"_chains":{"BY9P0vTYNCp18MRty+BdFXJFb4wIhxIGxu5STkRpWV5U":{"chainKey":{"counter":2,"key":"NmmzAP2gyrfoSiiXMGzPgwh/SP1C7w4CJjdouCVz/d0="},"chainType":1,"messageKeys":{}}},"pendingPreKey":{"signedKeyId":1,"baseKey":"BbBp1fhS35GEw3rqg5tqGwVcu1PC656ulR2eTe/YMhM4"}}},"version":"v1"}