{"_sessions":{"BYHamzLOdGfxk4cADKay37SLherfU+jp3Ycof4J9aRci":{"registrationId":619971766,"currentRatchet":{"ephemeralKeyPair":{"pubKey":"BQtPLihKm+lRgLduVwPiAJ7PLWOK96fzXThsCiMKkm91","privKey":"APPhzAX2oEdTuBGZ383hlwl59XKi/WDR7lsdBxn5Tm0="},"lastRemoteEphemeralKey":"BTRRabUqxSCKWUqRXiAxE4Ncq+nsINEuVHUt7GOEakVv","previousCounter":0,"rootKey":"jZCOwMvkgsjNuckbrncamwrYCKjMupS+idvbhrl5QMk="},"indexInfo":{"baseKey":"BYHamzLOdGfxk4cADKay37SLherfU+jp3Ycof4J9aRci","baseKeyType":1,"closed":-1,"used":1746714525542,"created":1746714525542,"remoteIdentityKey":"BWfQahOBFL5ajPMpbQYNaZVGQBYK0pY3ShQAj2verVUK"},"_chains":{"BQtPLihKm+lRgLduVwPiAJ7PLWOK96fzXThsCiMKkm91":{"chainKey":{"counter":0,"key":"ULicUPebo43Iu5CQfQGOMYH46bUlFthAMOeOahxkWVA="},"chainType":1,"messageKeys":{}}},"pendingPreKey":{"signedKeyId":1,"baseKey":"BYHamzLOdGfxk4cADKay37SLherfU+jp3Ycof4J9aRci","preKeyId":7181832}}},"version":"v1"}