{"_sessions":{"BfhxBXhlLR1Srf2A7TWgctAHeMrZyctqFJ5mGqWIv/JP":{"registrationId":149,"currentRatchet":{"ephemeralKeyPair":{"pubKey":"BTknIVLf+eEXmRANkdyMiFvbdam0jctHJZ5H9uFREV9W","privKey":"2Bk85bfpY2PoP+YWOFKP/ld2+IetqoHBGMrPqmWRJVI="},"lastRemoteEphemeralKey":"BZIPADKpQD939bfukUE9GfR1Oxpp5Cb0sh+m6zNeAmwF","previousCounter":0,"rootKey":"OoMnC9e1akZLx3kkefqrN5e88fgIu5QT16JpVZ3rVvA="},"indexInfo":{"baseKey":"BfhxBXhlLR1Srf2A7TWgctAHeMrZyctqFJ5mGqWIv/JP","baseKeyType":1,"closed":1746721099147,"used":1746721068921,"created":1746721068921,"remoteIdentityKey":"BZLqbXnN1lPt8+Lve57M550P3qXfXsN6cJe6rX3Qfqd2"},"_chains":{"BTknIVLf+eEXmRANkdyMiFvbdam0jctHJZ5H9uFREV9W":{"chainKey":{"counter":0,"key":"w9BOOdZN8x7Zxo62iQhFry3R+Qcc5SGqGXbMmVKpTKs="},"chainType":1,"messageKeys":{}}},"pendingPreKey":{"signedKeyId":1,"baseKey":"BfhxBXhlLR1Srf2A7TWgctAHeMrZyctqFJ5mGqWIv/JP"}},"BeiRW9htxPIda6Y2sMLbZBcTlesqHf/UC1vU+kKwLQR4":{"registrationId":149,"currentRatchet":{"ephemeralKeyPair":{"pubKey":"BUy0ZoAH+QD/4Fy3eN5yS+tApro3hmWnMByADfoiSEQN","privKey":"mMUfWlgFWKhVv7M1gRBD4wtxzkafsGbaJIVSbxqHi2Q="},"lastRemoteEphemeralKey":"BZIPADKpQD939bfukUE9GfR1Oxpp5Cb0sh+m6zNeAmwF","previousCounter":0,"rootKey":"J7r8SCLO7eqCRse9EJGHvsWBY2r3DOkGX8Xtm+6URKI="},"indexInfo":{"baseKey":"BeiRW9htxPIda6Y2sMLbZBcTlesqHf/UC1vU+kKwLQR4","baseKeyType":1,"closed":-1,"used":1746721098612,"created":1746721098612,"remoteIdentityKey":"BZLqbXnN1lPt8+Lve57M550P3qXfXsN6cJe6rX3Qfqd2"},"_chains":{"BUy0ZoAH+QD/4Fy3eN5yS+tApro3hmWnMByADfoiSEQN":{"chainKey":{"counter":2,"key":"/O2SA9O2GeiXwe0SlW0rPjR0wTU+AQy2P4RPJ7ONCko="},"chainType":1,"messageKeys":{}}},"pendingPreKey":{"signedKeyId":1,"baseKey":"BeiRW9htxPIda6Y2sMLbZBcTlesqHf/UC1vU+kKwLQR4"}}},"version":"v1"}