{"_sessions":{"BYunpEqyKx8uiNRQffK2YXWLQNwzEvtImA4+3dUFdcZv":{"registrationId":1832339476,"currentRatchet":{"ephemeralKeyPair":{"pubKey":"BVT9VXlPBNE1MjdKaBijnA5LwIT36p03Wam6xYSgDWRX","privKey":"OKfmHBESmKKQptb1EYUrrYAkDJkoMrlkz/rbxpCINFc="},"lastRemoteEphemeralKey":"BW0vzC2H3vE6iSSsKvExBB0rJfSaqcuGZk5QDdHR7kEA","previousCounter":0,"rootKey":"F/Kk+8rD53zQsG9r1C41G+wNMAVtQtENN80HmBLM23s="},"indexInfo":{"baseKey":"BYunpEqyKx8uiNRQffK2YXWLQNwzEvtImA4+3dUFdcZv","baseKeyType":1,"closed":1746721107761,"used":1746721075772,"created":1746721075772,"remoteIdentityKey":"BfVb46UB+bbsWWFUZ2ps5YPCUUK1l1UQ30gYoVQIVm9B"},"_chains":{"BVT9VXlPBNE1MjdKaBijnA5LwIT36p03Wam6xYSgDWRX":{"chainKey":{"counter":0,"key":"lnwBNdVP+BUfang6avtF2dZqtxR6zlaQbM3PebK0rKg="},"chainType":1,"messageKeys":{}}},"pendingPreKey":{"signedKeyId":2,"baseKey":"BYunpEqyKx8uiNRQffK2YXWLQNwzEvtImA4+3dUFdcZv","preKeyId":16039965}},"BQV2Q4bWIQEisSejmfjp3kttQdjJiZR9TIU/xBxGQKUa":{"registrationId":1832339476,"currentRatchet":{"ephemeralKeyPair":{"pubKey":"BcYiHLc4vnbG4ejd2oG3WGqjQ+gBG2BsHxJ9ALrIUl4k","privKey":"SArwZgCUHe8zKlUqP/Xk+ydYkMpncfjTzqY1VyV412k="},"lastRemoteEphemeralKey":"BW0vzC2H3vE6iSSsKvExBB0rJfSaqcuGZk5QDdHR7kEA","previousCounter":0,"rootKey":"YQzKD8We0rI/BouMUO4e2giI90RrKQFMP7S3gfpbYaw="},"indexInfo":{"baseKey":"BQV2Q4bWIQEisSejmfjp3kttQdjJiZR9TIU/xBxGQKUa","baseKeyType":1,"closed":-1,"used":1746721107345,"created":1746721107345,"remoteIdentityKey":"BfVb46UB+bbsWWFUZ2ps5YPCUUK1l1UQ30gYoVQIVm9B"},"_chains":{"BcYiHLc4vnbG4ejd2oG3WGqjQ+gBG2BsHxJ9ALrIUl4k":{"chainKey":{"counter":2,"key":"+WNgGSTTvYaH48n+9MAAcuQhadGKeJkcPteTck/j008="},"chainType":1,"messageKeys":{}}},"pendingPreKey":{"signedKeyId":2,"baseKey":"BQV2Q4bWIQEisSejmfjp3kttQdjJiZR9TIU/xBxGQKUa","preKeyId":16040063}}},"version":"v1"}