{"_sessions":{"BQSrI3BFDhUk2j5SPSPP3OApwi8k9dMX5E/pHflgSDxh":{"registrationId":1996495689,"currentRatchet":{"ephemeralKeyPair":{"pubKey":"BbUVjVIfN1eM9JDwX8ovVvw5rQhKiRQm62NGfjnVqxxK","privKey":"iHi7qlFPDBTaTe+/8HqmdGiq+oNLmT30y6XbNsl+E1Y="},"lastRemoteEphemeralKey":"BRWy4g84z1Zlmpo8ITxKLNwvQKbrInui9l5yIDTc+Yl3","previousCounter":0,"rootKey":"iMMsS0Jf63fxVVMpPAOO+/gs6hRY7an/oxpkBTnU76E="},"indexInfo":{"baseKey":"BQSrI3BFDhUk2j5SPSPP3OApwi8k9dMX5E/pHflgSDxh","baseKeyType":1,"closed":1746721103993,"used":1746721072568,"created":1746721072568,"remoteIdentityKey":"Ba32tVZTFblkvtl902+7SJIVPgv2KAswcGslO+tJt1kq"},"_chains":{"BbUVjVIfN1eM9JDwX8ovVvw5rQhKiRQm62NGfjnVqxxK":{"chainKey":{"counter":0,"key":"WNaf/VHChjr0aYhASZtbgVShyPgGAZy3eGqkmujBRZA="},"chainType":1,"messageKeys":{}}},"pendingPreKey":{"signedKeyId":5,"baseKey":"BQSrI3BFDhUk2j5SPSPP3OApwi8k9dMX5E/pHflgSDxh","preKeyId":11574052}},"Beo8FKT05FLNQQWMt6JPaZ+grQnz6fP7+3naF02kVE52":{"registrationId":1996495689,"currentRatchet":{"ephemeralKeyPair":{"pubKey":"BTgpFsUq0GBpUwyCbSSYc36cKKbEwYCzJ8amUXJ/cZUA","privKey":"yBhIiMs35vxn+0xfb9W+CKJTgj8Jf26ywkcBdpKnkk8="},"lastRemoteEphemeralKey":"BRWy4g84z1Zlmpo8ITxKLNwvQKbrInui9l5yIDTc+Yl3","previousCounter":0,"rootKey":"cMw6G5DI9NGfe0Zy4OqGhj3SfSYzFbGF4hhYeSMkywo="},"indexInfo":{"baseKey":"Beo8FKT05FLNQQWMt6JPaZ+grQnz6fP7+3naF02kVE52","baseKeyType":1,"closed":-1,"used":1746721103400,"created":1746721103400,"remoteIdentityKey":"Ba32tVZTFblkvtl902+7SJIVPgv2KAswcGslO+tJt1kq"},"_chains":{"BTgpFsUq0GBpUwyCbSSYc36cKKbEwYCzJ8amUXJ/cZUA":{"chainKey":{"counter":2,"key":"F3Fs0h599HhpdtGrPbFbQFOP8BdKGzZbM5k6dHtrnBM="},"chainType":1,"messageKeys":{}}},"pendingPreKey":{"signedKeyId":5,"baseKey":"Beo8FKT05FLNQQWMt6JPaZ+grQnz6fP7+3naF02kVE52","preKeyId":11574303}}},"version":"v1"}