{"_sessions":{"BTXb8b5Eex3qKQ32juVPsLL7SPPPBJzBD5Blf3t+235j":{"registrationId":425901524,"currentRatchet":{"ephemeralKeyPair":{"pubKey":"BUCgB7gl98Q3TqH2fkxskIg3bTVhZJPl4OBpFZ2MRGhk","privKey":"uPtfusnuwVNoXgEhYMgEUM865UGEMa2JLmFSU/ka4WU="},"lastRemoteEphemeralKey":"BTqmyK2eBkTmNa++QHqFEgz2MF+ZSeMn7d0FgEIzCBQK","previousCounter":0,"rootKey":"xvSWDJTliohgsBiaXylVWh+CIW7OczUVtYl9FIxhNn4="},"indexInfo":{"baseKey":"BTXb8b5Eex3qKQ32juVPsLL7SPPPBJzBD5Blf3t+235j","baseKeyType":1,"closed":-1,"used":1746714529200,"created":1746714529200,"remoteIdentityKey":"Bd/ZRYgYyUeL37/z0n/Nt3wJValeRuMK3ttcCKbynecu"},"_chains":{"BUCgB7gl98Q3TqH2fkxskIg3bTVhZJPl4OBpFZ2MRGhk":{"chainKey":{"counter":0,"key":"XQKFV500YQEvuFN3AetkmRBaWOWK4LpJ3rcFtObewKs="},"chainType":1,"messageKeys":{}}},"pendingPreKey":{"signedKeyId":37,"baseKey":"BTXb8b5Eex3qKQ32juVPsLL7SPPPBJzBD5Blf3t+235j","preKeyId":12914312}}},"version":"v1"}