{"_sessions":{"BYCFJ2k4rIbc5S0nHFF1YiSJUwWXLrenJogh0QBLBipt":{"registrationId":491830646,"currentRatchet":{"ephemeralKeyPair":{"pubKey":"BbBmNfwrprMjJ/VFRUzm9ckp9hms/4DldLuOPidIYq46","privKey":"mCmYv7K8XYY6EUEInEcIbMJHlMnNRYYklT6wkz532Uo="},"lastRemoteEphemeralKey":"BZKbrS+c1PjWBKcn0g8g0dBRPHgAvfznb4gQmQN21HtO","previousCounter":0,"rootKey":"ZyfQS1KC9KEiJuLN0zlxQ6KdIrCTCHpqBv+VnWs+F50="},"indexInfo":{"baseKey":"BYCFJ2k4rIbc5S0nHFF1YiSJUwWXLrenJogh0QBLBipt","baseKeyType":1,"closed":-1,"used":1746714536347,"created":1746714536347,"remoteIdentityKey":"BW8MdLZYKcV1WoY2DUpKTbe9bBiPXnVUtbMN5emiwTNE"},"_chains":{"BbBmNfwrprMjJ/VFRUzm9ckp9hms/4DldLuOPidIYq46":{"chainKey":{"counter":0,"key":"GgLcUHD6Op5/Bbu/zL9zImM8tJTudvWX+oApjXYVQgw="},"chainType":1,"messageKeys":{}}},"pendingPreKey":{"signedKeyId":0,"baseKey":"BYCFJ2k4rIbc5S0nHFF1YiSJUwWXLrenJogh0QBLBipt","preKeyId":1579767}}},"version":"v1"}