{"_sessions":{"BfNt97cbEEX05lKCSSWtKXe6tS2koJuqrtTU49a4Y4Jz":{"registrationId":1929759862,"currentRatchet":{"ephemeralKeyPair":{"pubKey":"BZWx9W13KuhTDo5VfqJkAVNDT4cVSUxBeQ91L7aHFZN3","privKey":"SMC1P1VtAXN7nmLQH+Tz3qpeEa1X50D8wCqHpu/SdVA="},"lastRemoteEphemeralKey":"BdqdrXbCslYcjqxcKKV3+UnfZuUcVtGMdIZFHkJvQeUY","previousCounter":0,"rootKey":"F+FQHDRbWFgBb//gHNUPh44f3PBJjZHc2zhgYogQ+NU="},"indexInfo":{"baseKey":"BfNt97cbEEX05lKCSSWtKXe6tS2koJuqrtTU49a4Y4Jz","baseKeyType":1,"closed":-1,"used":1746714525702,"created":1746714525702,"remoteIdentityKey":"BaYOdCxwedLfr8OBBzpfvUWDQDMnyMomvCOJZAq2go1N"},"_chains":{"BZWx9W13KuhTDo5VfqJkAVNDT4cVSUxBeQ91L7aHFZN3":{"chainKey":{"counter":0,"key":"vpBeKa/vT9RAeEqEgvJVYKkcLh9Kiaz1y3gmZij0kC4="},"chainType":1,"messageKeys":{}}},"pendingPreKey":{"signedKeyId":8114733,"baseKey":"BfNt97cbEEX05lKCSSWtKXe6tS2koJuqrtTU49a4Y4Jz","preKeyId":889}}},"version":"v1"}