{"_sessions":{"BeJkeRQjPSCWb8njRubgrOCRyjQNFU+j4JmhqI6hnF8l":{"registrationId":573854228,"currentRatchet":{"ephemeralKeyPair":{"pubKey":"BScarQmFT7nimOgBLNfWm4004tuPdSDnDy5QLj5H4Wx/","privKey":"6OwQmVBlJvXOLlnDMkkVS27TMaRmI+kJdAyEoz4m6Vo="},"lastRemoteEphemeralKey":"BU6TW1HVHJ+xLIUJIoAu4Yai7JwDjdaoTt/drOXGB8Iv","previousCounter":0,"rootKey":"ZnnweO36Hmel/7nJEQZDVWj98mtcAZRkl2hWIunwA54="},"indexInfo":{"baseKey":"BeJkeRQjPSCWb8njRubgrOCRyjQNFU+j4JmhqI6hnF8l","baseKeyType":2,"closed":-1,"used":1746714352928,"created":1746714352928,"remoteIdentityKey":"BaWHFEwNLlsoh2/s9eTM8N9fGAWggyij07EwZA7ua19J"},"_chains":{"BU6TW1HVHJ+xLIUJIoAu4Yai7JwDjdaoTt/drOXGB8Iv":{"chainKey":{"counter":0,"key":"qFd5P9kGfRoXrLDgwkxgpc/3CUtLJxrRI4jxbh2va2I="},"chainType":2,"messageKeys":{}},"BScarQmFT7nimOgBLNfWm4004tuPdSDnDy5QLj5H4Wx/":{"chainKey":{"counter":1,"key":"8FTH+mcWQ0eAw41psIFyl7Hbu03e8VVU80PToy0jRX8="},"chainType":1,"messageKeys":{}}}}},"version":"v1"}