{"_sessions":{"BWuE3qQymnvIGPBMgiMWkczPYx5cJBxG3iJYmLgaARAq":{"registrationId":117782969,"currentRatchet":{"ephemeralKeyPair":{"pubKey":"BXPsMMYoBNwN3ozuu6wUAqum2lsTsFQO9A2GfunWamw4","privKey":"MN0CCd4V/1N+0yv/CCR0kfNxoU3UPjn9QP9tVZ9oulQ="},"lastRemoteEphemeralKey":"BQWyMi31APqDD90ZInPXors6X6HwMNyaTwRa/AQsDpAx","previousCounter":0,"rootKey":"X2ishF/q2EgxCJGroD9kq5D+93MXvOnRrORQOSneCyM="},"indexInfo":{"baseKey":"BWuE3qQymnvIGPBMgiMWkczPYx5cJBxG3iJYmLgaARAq","baseKeyType":1,"closed":-1,"used":1746714522321,"created":1746714522321,"remoteIdentityKey":"BTi4cU4ZngXr8aOB+BR3vj65pokhrHAw5dp6s2LE9Nxz"},"_chains":{"BXPsMMYoBNwN3ozuu6wUAqum2lsTsFQO9A2GfunWamw4":{"chainKey":{"counter":0,"key":"+hH46TqSoArbO6yKtC9ZcVNcbSyCFaU5abA59aLGl6A="},"chainType":1,"messageKeys":{}}},"pendingPreKey":{"signedKeyId":4,"baseKey":"BWuE3qQymnvIGPBMgiMWkczPYx5cJBxG3iJYmLgaARAq"}}},"version":"v1"}