{"_sessions":{"BS4G7Eg49M5iWyqZ5LmHR5Xi5iN+/tMvPjZFP3y8gRZB":{"registrationId":1958971567,"currentRatchet":{"ephemeralKeyPair":{"pubKey":"BSg2+dgXu3/nGQRakMYlhFRdhCVyjrh+h/xdbp1NftwU","privKey":"wM71WGQFgcTKd1hOCmb2J+0NqgiCdUaKdV9Ajjj0Pmc="},"lastRemoteEphemeralKey":"BXsyQsaHzB6Jc7521UyIv2iD0rdLbxwP0g7AMawLKKgi","previousCounter":0,"rootKey":"X5CqgWZa0kXLasjSD3FYNFNowaSYUHZQYCwIetmipUI="},"indexInfo":{"baseKey":"BS4G7Eg49M5iWyqZ5LmHR5Xi5iN+/tMvPjZFP3y8gRZB","baseKeyType":1,"closed":1746721103923,"used":1746721072440,"created":1746721072440,"remoteIdentityKey":"BTxOwj0JEf8pzIkfDhjApWD2FaCaK6GUFnF2v3YhCpVC"},"_chains":{"BSg2+dgXu3/nGQRakMYlhFRdhCVyjrh+h/xdbp1NftwU":{"chainKey":{"counter":0,"key":"WaEDFaddc5Ddd5MT3FqiYNXf5YCDzEf5f4ICXmVlznM="},"chainType":1,"messageKeys":{}}},"pendingPreKey":{"signedKeyId":0,"baseKey":"BS4G7Eg49M5iWyqZ5LmHR5Xi5iN+/tMvPjZFP3y8gRZB","preKeyId":5245201}},"BdtsP4Gs4TqOQhzG4FvyJ+REfvXiA2VmlWP07xf/njkO":{"registrationId":1958971567,"currentRatchet":{"ephemeralKeyPair":{"pubKey":"BajkP6tQ7EK8QIxYYb+eo5pNV/3CQvqsoE48WUX68Xky","privKey":"aMKUBcqclPQJiDKPtYq6eO5ovzMM0fwWXjsS/pZJI00="},"lastRemoteEphemeralKey":"BXsyQsaHzB6Jc7521UyIv2iD0rdLbxwP0g7AMawLKKgi","previousCounter":0,"rootKey":"+ytn711OvRoqFFHrQohfIBFMUvTcQuPdxBFZXb2ZY1o="},"indexInfo":{"baseKey":"BdtsP4Gs4TqOQhzG4FvyJ+REfvXiA2VmlWP07xf/njkO","baseKeyType":1,"closed":-1,"used":1746721103293,"created":1746721103293,"remoteIdentityKey":"BTxOwj0JEf8pzIkfDhjApWD2FaCaK6GUFnF2v3YhCpVC"},"_chains":{"BajkP6tQ7EK8QIxYYb+eo5pNV/3CQvqsoE48WUX68Xky":{"chainKey":{"counter":2,"key":"E4Npi9vdGcKTENwAwbnJLVKW/WMh8IXxKtcyHinh/JE="},"chainType":1,"messageKeys":{}}},"pendingPreKey":{"signedKeyId":0,"baseKey":"BdtsP4Gs4TqOQhzG4FvyJ+REfvXiA2VmlWP07xf/njkO","preKeyId":5245405}}},"version":"v1"}