{"_sessions":{"BYwyrUg/hb92qxiC/btn78iz6fQcn9qwnXD1IsMtUCp6":{"registrationId":1841053905,"currentRatchet":{"ephemeralKeyPair":{"pubKey":"BfqXPR+FLtVyuITSmrlW8qH400hrxT2cAzjKFn8X71l2","privKey":"ACPg6oQtzed2hIAmsoL6rO70ErSVNwra2/6b/pYR7Gw="},"lastRemoteEphemeralKey":"BRAIMPFh4s922va4BmotVEnGTT4Pxr8F9SFIGCDbQH4/","previousCounter":0,"rootKey":"QI/wR0JgdW1btSJm+w/5hvWpcEOWuhtiZVJRiJRF2YY="},"indexInfo":{"baseKey":"BYwyrUg/hb92qxiC/btn78iz6fQcn9qwnXD1IsMtUCp6","baseKeyType":2,"closed":-1,"used":1746714307275,"created":1746714307275,"remoteIdentityKey":"BZNjJoMM+sOmES1RJ8GZ/fQ6tMAJQrpDMiye9KKDsWxc"},"_chains":{"BRAIMPFh4s922va4BmotVEnGTT4Pxr8F9SFIGCDbQH4/":{"chainKey":{"counter":2,"key":"I8n0RxpbRq1Lzty4MMVncpo7GIldRQ4aC9sSXKZC+vw="},"chainType":2,"messageKeys":{}},"BfqXPR+FLtVyuITSmrlW8qH400hrxT2cAzjKFn8X71l2":{"chainKey":{"counter":0,"key":"gt2vAdMjEIyzc8lntDAWUk1xvg9LqwHUzZSQcjW1Ryw="},"chainType":1,"messageKeys":{}}}}},"version":"v1"}