{"_sessions":{"Bc5Wkz75qlqPvfe5HKl0cY9nfutGi5mTkcLD2+ntoe4k":{"registrationId":9109,"currentRatchet":{"ephemeralKeyPair":{"pubKey":"BaRK6hbJcvMFpDNzlNJk/3GSs2eD+8gv7ZiaAZB++Dxh","privKey":"GGMf6TpEHq1eBuWi5KFXRlzBXi02/F8hW2VkrcNIIGE="},"lastRemoteEphemeralKey":"Bc0XVYPR2ZcCaWuyavAUliD0zOVVxb++6GszSLUsMqA4","previousCounter":0,"rootKey":"ukUJjCszBJMn7QIXbb5OoWPqYF2CEtm3kMIIzf4zDYg="},"indexInfo":{"baseKey":"Bc5Wkz75qlqPvfe5HKl0cY9nfutGi5mTkcLD2+ntoe4k","baseKeyType":1,"closed":1746721099238,"used":1746721069042,"created":1746721069042,"remoteIdentityKey":"Bc+JxZZHlOKFCGyM6S3w3iSu9AMfONuRzOJxH9JOhAhC"},"_chains":{"BaRK6hbJcvMFpDNzlNJk/3GSs2eD+8gv7ZiaAZB++Dxh":{"chainKey":{"counter":0,"key":"1747Tkd3WHCrxjIPF0KdKqoHznBkb5vrWFCoHb2jxzw="},"chainType":1,"messageKeys":{}}},"pendingPreKey":{"signedKeyId":1,"baseKey":"Bc5Wkz75qlqPvfe5HKl0cY9nfutGi5mTkcLD2+ntoe4k"}},"BdVaeWHvDPcFWiGFQdNnrJp06MkCrCDTlxTfY1hdRIl1":{"registrationId":9109,"currentRatchet":{"ephemeralKeyPair":{"pubKey":"BZwEWH1TdCwlS0HNrb9vCfiR63CP7xAIuTIRlbkWdbln","privKey":"wLCgJY/T3OhcPMsWP2BWYnpV0ay26yshJwx6tXcjLEo="},"lastRemoteEphemeralKey":"Bc0XVYPR2ZcCaWuyavAUliD0zOVVxb++6GszSLUsMqA4","previousCounter":0,"rootKey":"UGk2ys3P7Q2w0C8yIs3RwiOYEP6z5RzFq/wsAG9gptg="},"indexInfo":{"baseKey":"BdVaeWHvDPcFWiGFQdNnrJp06MkCrCDTlxTfY1hdRIl1","baseKeyType":1,"closed":-1,"used":1746721098713,"created":1746721098713,"remoteIdentityKey":"Bc+JxZZHlOKFCGyM6S3w3iSu9AMfONuRzOJxH9JOhAhC"},"_chains":{"BZwEWH1TdCwlS0HNrb9vCfiR63CP7xAIuTIRlbkWdbln":{"chainKey":{"counter":2,"key":"MIUlwa1Ya/KorlQaqBY/fVsyaOw6rYkKsYnW0dnFf90="},"chainType":1,"messageKeys":{}}},"pendingPreKey":{"signedKeyId":1,"baseKey":"BdVaeWHvDPcFWiGFQdNnrJp06MkCrCDTlxTfY1hdRIl1"}}},"version":"v1"}