{"_sessions":{"BawldlAB1Tf5oqnbCnecTpEaKlSQlnBTwgPyU8pPwVsP":{"registrationId":886460120,"currentRatchet":{"ephemeralKeyPair":{"pubKey":"BdEPaVZ2cF177IZVc64RS8oWxpocAc/mFKgscmDSflYg","privKey":"CNQvIrDNDkwXrs3STnhK9Qbo6uroBq7VyapBnKbsMEs="},"lastRemoteEphemeralKey":"BWPPOYiL4vDwrmxO2minZufuB3c1kSaImSUbqJUIAC4j","previousCounter":0,"rootKey":"l3j1T8N3fYJ4Xa89uaFPV8zI/7LyUJJvNPBHM68d02E="},"indexInfo":{"baseKey":"BawldlAB1Tf5oqnbCnecTpEaKlSQlnBTwgPyU8pPwVsP","baseKeyType":1,"closed":1746721114777,"used":1746721083759,"created":1746721083759,"remoteIdentityKey":"Bf7LWu7dK4ta6IRs5njI3luxcSiIYJXU3YfefaEjX5l9"},"_chains":{"BdEPaVZ2cF177IZVc64RS8oWxpocAc/mFKgscmDSflYg":{"chainKey":{"counter":0,"key":"YIA2F5JBnaAuUy6cUr7vr2WAYjzxFVpO9HfJ4ECs5Ig="},"chainType":1,"messageKeys":{}}},"pendingPreKey":{"signedKeyId":12,"baseKey":"BawldlAB1Tf5oqnbCnecTpEaKlSQlnBTwgPyU8pPwVsP","preKeyId":6869932}},"BYhBKlGcmzc9LIjThpVF/AndSFeyz35rXaHunPDRUvdp":{"registrationId":886460120,"currentRatchet":{"ephemeralKeyPair":{"pubKey":"BUc46zFnuALr9pnxVc1C7M1/1MFM+QeIKr/qcp2qEcAI","privKey":"YEwtzb8GYi9Pdc3Cxo7hfAgzfWQhwzsg/kS6m6e1SHE="},"lastRemoteEphemeralKey":"BWPPOYiL4vDwrmxO2minZufuB3c1kSaImSUbqJUIAC4j","previousCounter":0,"rootKey":"r2ghFoqv82pLMH8sTl98BwFVIpzN+6NqUYKWKxCMUs8="},"indexInfo":{"baseKey":"BYhBKlGcmzc9LIjThpVF/AndSFeyz35rXaHunPDRUvdp","baseKeyType":1,"closed":-1,"used":1746721114538,"created":1746721114538,"remoteIdentityKey":"Bf7LWu7dK4ta6IRs5njI3luxcSiIYJXU3YfefaEjX5l9"},"_chains":{"BUc46zFnuALr9pnxVc1C7M1/1MFM+QeIKr/qcp2qEcAI":{"chainKey":{"counter":2,"key":"IKC2upA9y+fIDJYQ6F3us5xZAnloIjjP8+Nf5z8XZ7w="},"chainType":1,"messageKeys":{}}},"pendingPreKey":{"signedKeyId":12,"baseKey":"BYhBKlGcmzc9LIjThpVF/AndSFeyz35rXaHunPDRUvdp","preKeyId":6869983}}},"version":"v1"}