{"_sessions":{"BZ5mr9xrv/uP7vF6AWPH2qs0kyUuzw4G+Y3mEF1xf9Bu":{"registrationId":351969053,"currentRatchet":{"ephemeralKeyPair":{"pubKey":"BdoZgKHiqEYPs+iSRL6KfHYxGawoYb3/Z+C8gLcqdaFt","privKey":"YBVhHXDyVZLDttvJA5t0tcRCJo/2ycA42bz+MaYlF2o="},"lastRemoteEphemeralKey":"BQstvNuvPZ0ygEINSpHMQJKak/oUrAdwudJ+9ElzCDhp","previousCounter":0,"rootKey":"ximK5CARtkSH/LtcFb/8d9M8NdliRkDY2FqkaDajEpI="},"indexInfo":{"baseKey":"BZ5mr9xrv/uP7vF6AWPH2qs0kyUuzw4G+Y3mEF1xf9Bu","baseKeyType":1,"closed":-1,"used":1746714543328,"created":1746714543328,"remoteIdentityKey":"Ba0db9a8boSxj+6xMzawXtUylUGEF7RvOLvmII4Z1JpF"},"_chains":{"BdoZgKHiqEYPs+iSRL6KfHYxGawoYb3/Z+C8gLcqdaFt":{"chainKey":{"counter":0,"key":"k+8LYFh0dqxuHamz64VB15StBR/TWzsZ6H6obExszIA="},"chainType":1,"messageKeys":{}}},"pendingPreKey":{"signedKeyId":4,"baseKey":"BZ5mr9xrv/uP7vF6AWPH2qs0kyUuzw4G+Y3mEF1xf9Bu","preKeyId":9721838}}},"version":"v1"}