{"_sessions":{"BWeuFhXSgCLnHrdf52UWfDnyfFVJBFfE1oRNyF3cTLVq":{"registrationId":491032396,"currentRatchet":{"ephemeralKeyPair":{"pubKey":"BY+8yOi0poX44B/2FERJrjA3NVStH8clYhyur3zWoKUh","privKey":"OLX8CZ/XWreaI1wpGBVGzNHiovPmNe2Pot0A5ut3qlw="},"lastRemoteEphemeralKey":"BeRjuawxxlBaqoufjhQDBY13TZ8Bd5DHMZr9gcdpv5QF","previousCounter":0,"rootKey":"RR2CAcNHsMD5lNhKKGyTzmBRmW1Np2+pw1mRBh7ED6Q="},"indexInfo":{"baseKey":"BWeuFhXSgCLnHrdf52UWfDnyfFVJBFfE1oRNyF3cTLVq","baseKeyType":1,"closed":1746721118496,"used":1746721087201,"created":1746721087201,"remoteIdentityKey":"BZfOd2sRo8xdCF8gsXuNhAHDQe2emBKGGGhmJEB/3FlM"},"_chains":{"BY+8yOi0poX44B/2FERJrjA3NVStH8clYhyur3zWoKUh":{"chainKey":{"counter":0,"key":"jXJGscAHur+ol1qyfetJhuNvEkXPf3zNbXj3g0kk79Y="},"chainType":1,"messageKeys":{}}},"pendingPreKey":{"signedKeyId":8496536,"baseKey":"BWeuFhXSgCLnHrdf52UWfDnyfFVJBFfE1oRNyF3cTLVq","preKeyId":2980}},"BcrIVhJaK1YSesRrsHloyN34ey+p7JQiL88z1ybyvMNq":{"registrationId":491032396,"currentRatchet":{"ephemeralKeyPair":{"pubKey":"BTzDwywEAcGEHJqwc7LWpeyJ/7IL3HZENUJRgktMwb1P","privKey":"MFbZyQR4qUkejpGnZ3HFnFFjxHQbNdkpAHJoYh0LxWE="},"lastRemoteEphemeralKey":"BeRjuawxxlBaqoufjhQDBY13TZ8Bd5DHMZr9gcdpv5QF","previousCounter":0,"rootKey":"cl2gCc4AI7U1IeRfr5VKizIaUBE4tJ85yZCGDj+1RGU="},"indexInfo":{"baseKey":"BcrIVhJaK1YSesRrsHloyN34ey+p7JQiL88z1ybyvMNq","baseKeyType":1,"closed":-1,"used":1746721118204,"created":1746721118204,"remoteIdentityKey":"BZfOd2sRo8xdCF8gsXuNhAHDQe2emBKGGGhmJEB/3FlM"},"_chains":{"BTzDwywEAcGEHJqwc7LWpeyJ/7IL3HZENUJRgktMwb1P":{"chainKey":{"counter":2,"key":"R+650gCImWMXZO16E6HAzlhXVVk+OhdbcCknkN8LYEc="},"chainType":1,"messageKeys":{}}},"pendingPreKey":{"signedKeyId":8496536,"baseKey":"BcrIVhJaK1YSesRrsHloyN34ey+p7JQiL88z1ybyvMNq","preKeyId":2765}}},"version":"v1"}