{"_sessions":{"BakmAu6RoDy31sfGtKgo3Ls1pzVuXhYbVw1LIZZOpEBQ":{"registrationId":3457311551,"currentRatchet":{"ephemeralKeyPair":{"pubKey":"BVH1UhzbvUnSEepO5zzRqHRuJcmMS+rxOqNV0A6obZBR","privKey":"cGbTKBMiC+4g208dFqjaHQcGUUDBi4WQy8fn9ns2kkw="},"lastRemoteEphemeralKey":"BTaLCQCXWg6XvC7MbU/xIy/s54AZEeOmqaWoJd7KWehB","previousCounter":0,"rootKey":"9GUS4R162kXjMuPDDVlM+55tDHdC8/Kf0f8oXUyZUvM="},"indexInfo":{"baseKey":"BakmAu6RoDy31sfGtKgo3Ls1pzVuXhYbVw1LIZZOpEBQ","baseKeyType":1,"closed":1746721099263,"used":1746721069059,"created":1746721069059,"remoteIdentityKey":"BYzoiqeDKq+3gNG2SE80nXubcqfBrIfMPeMQkzR+iLhP"},"_chains":{"BVH1UhzbvUnSEepO5zzRqHRuJcmMS+rxOqNV0A6obZBR":{"chainKey":{"counter":0,"key":"W+zcjvyMwL3wD4R7I1WYdyXka9iysHvkpDdsf+Sj9lg="},"chainType":1,"messageKeys":{}}},"pendingPreKey":{"signedKeyId":1,"baseKey":"BakmAu6RoDy31sfGtKgo3Ls1pzVuXhYbVw1LIZZOpEBQ"}},"BX9AIf40F5DPTqio102Esz2xmQgl5SSzPz0y9YkAxr0y":{"registrationId":3457311551,"currentRatchet":{"ephemeralKeyPair":{"pubKey":"BRh/hKk/WiKH5rqoZLs4ZHFhI/VjiHsBAX9XdqdxgtQb","privKey":"sPXwGWWKh3avfxQxGU1/Kit6kHBUUBNwTwKjoDetx2c="},"lastRemoteEphemeralKey":"BTaLCQCXWg6XvC7MbU/xIy/s54AZEeOmqaWoJd7KWehB","previousCounter":0,"rootKey":"Esz9CYyRY+OAuie1I4+UG+FL2Jpo+Y8BSDfDQaUCqYA="},"indexInfo":{"baseKey":"BX9AIf40F5DPTqio102Esz2xmQgl5SSzPz0y9YkAxr0y","baseKeyType":1,"closed":1746721258579,"used":1746721098729,"created":1746721098729,"remoteIdentityKey":"BYzoiqeDKq+3gNG2SE80nXubcqfBrIfMPeMQkzR+iLhP"},"_chains":{"BRh/hKk/WiKH5rqoZLs4ZHFhI/VjiHsBAX9XdqdxgtQb":{"chainKey":{"counter":0,"key":"eKlRCPhuUbzGf2+cu2fImW20ix8AbwDS8kcjTM96KjE="},"chainType":1,"messageKeys":{}}},"pendingPreKey":{"signedKeyId":1,"baseKey":"BX9AIf40F5DPTqio102Esz2xmQgl5SSzPz0y9YkAxr0y"}},"BfCfxCVSQdydPWhEtDf7VjX3vPBcDrUzjEQYYI7tZtRw":{"registrationId":3457311551,"currentRatchet":{"ephemeralKeyPair":{"pubKey":"BZ9VGx8ADPGf0Pqt1qRxQZD2QtwHs1HZ6TsgtuQi+lkg","privKey":"SErqxUy/H7md57tL+YHY4gCH+xfA508+qXxDBUXRS2Q="},"lastRemoteEphemeralKey":"BTaLCQCXWg6XvC7MbU/xIy/s54AZEeOmqaWoJd7KWehB","previousCounter":0,"rootKey":"xmTF3WjsYdJyeEyyS4YllsW0Tty94HabvR+drmfypgs="},"indexInfo":{"baseKey":"BfCfxCVSQdydPWhEtDf7VjX3vPBcDrUzjEQYYI7tZtRw","baseKeyType":1,"closed":-1,"used":1746721258571,"created":1746721258571,"remoteIdentityKey":"BYzoiqeDKq+3gNG2SE80nXubcqfBrIfMPeMQkzR+iLhP"},"_chains":{"BZ9VGx8ADPGf0Pqt1qRxQZD2QtwHs1HZ6TsgtuQi+lkg":{"chainKey":{"counter":1,"key":"FzIP1gr+GeoHVR1b1+VKjCy6VnPmwi7yn8w/DKHJAIc="},"chainType":1,"messageKeys":{}}},"pendingPreKey":{"signedKeyId":1,"baseKey":"BfCfxCVSQdydPWhEtDf7VjX3vPBcDrUzjEQYYI7tZtRw"}}},"version":"v1"}