{"_sessions":{"BUpBpfgRLPqSA0f59Et5Yf1/6AhFsj+i9wa1l8AT33cV":{"registrationId":931291382,"currentRatchet":{"ephemeralKeyPair":{"pubKey":"BfiqL8OzMSjslg592v4QtoIbSLcJOQjW2obEGZdyIO8N","privKey":"2C58wzuE9c3ErEXOfBTOBzfrQ7mM39fFfSvRWFT/bH8="},"lastRemoteEphemeralKey":"BfrGHbWc6xBe/HLQCE+1AraLUobw+MVrF8bKygyegO47","previousCounter":0,"rootKey":"2UcR07U9/OB+tyDkGJtKT3mFnwQOISAXCQHH548+Tgs="},"indexInfo":{"baseKey":"BUpBpfgRLPqSA0f59Et5Yf1/6AhFsj+i9wa1l8AT33cV","baseKeyType":1,"closed":1746721099464,"used":1746721069252,"created":1746721069252,"remoteIdentityKey":"Bc/WSl7JN6ml49qDxsQu1nPDG4XhCuoNcJ2EjBQ9ZyQD"},"_chains":{"BfiqL8OzMSjslg592v4QtoIbSLcJOQjW2obEGZdyIO8N":{"chainKey":{"counter":0,"key":"EPyGGcB5qxqWBzwTpUtLbk3saNISsXmqdlOIjtEg3r0="},"chainType":1,"messageKeys":{}}},"pendingPreKey":{"signedKeyId":3,"baseKey":"BUpBpfgRLPqSA0f59Et5Yf1/6AhFsj+i9wa1l8AT33cV","preKeyId":16165840}},"Bd5yuhKLqGO0zbGfip5c+axr4zavT8dQJq6qnO1zPO8z":{"registrationId":931291382,"currentRatchet":{"ephemeralKeyPair":{"pubKey":"BTmVX46/hVXAFZoxn6LUfy3kIqevad2XWx8dkIuZ3v8e","privKey":"YMAZsgHNZUOj63EobDuXDmW1lVqq26Irap55KdXdX1E="},"lastRemoteEphemeralKey":"BfrGHbWc6xBe/HLQCE+1AraLUobw+MVrF8bKygyegO47","previousCounter":0,"rootKey":"5rsiTuF+2OPhgOD4MNu63EpJ0d/V9NPVOP6hudt6nO0="},"indexInfo":{"baseKey":"Bd5yuhKLqGO0zbGfip5c+axr4zavT8dQJq6qnO1zPO8z","baseKeyType":1,"closed":-1,"used":1746721098905,"created":1746721098905,"remoteIdentityKey":"Bc/WSl7JN6ml49qDxsQu1nPDG4XhCuoNcJ2EjBQ9ZyQD"},"_chains":{"BTmVX46/hVXAFZoxn6LUfy3kIqevad2XWx8dkIuZ3v8e":{"chainKey":{"counter":2,"key":"V1l/VUQq+3xAzula/y5RfcygyhY7bIcnU2Hvzbr+4Sw="},"chainType":1,"messageKeys":{}}},"pendingPreKey":{"signedKeyId":3,"baseKey":"Bd5yuhKLqGO0zbGfip5c+axr4zavT8dQJq6qnO1zPO8z","preKeyId":16165885}}},"version":"v1"}