{"_sessions":{"BbI+WPOXRfKClf5IK4SEIEGu0ihpPzdJyOpuGatOjldq":{"registrationId":956257309,"currentRatchet":{"ephemeralKeyPair":{"pubKey":"BbX8Y7T3OK7plfWkbAnzFphC9bZVTYowbEz4uJ4czBwQ","privKey":"yKvuwY8Nv/cogtX3qjNBjTjstptajj6zmDW/CIkO0HY="},"lastRemoteEphemeralKey":"BUuqUHA/vlu22x2ykPa7cFDkC/i1xLo+qqC0rGMhbCg+","previousCounter":0,"rootKey":"bM+tKLmG/yhbFklYvB4HgbyPgRqYoEnyGJA2YqPry0c="},"indexInfo":{"baseKey":"BbI+WPOXRfKClf5IK4SEIEGu0ihpPzdJyOpuGatOjldq","baseKeyType":1,"closed":-1,"used":1746714522330,"created":1746714522330,"remoteIdentityKey":"BV1FDSh9/7kh44Us4uLVXGV95E296fveM5Ng+De0uK42"},"_chains":{"BbX8Y7T3OK7plfWkbAnzFphC9bZVTYowbEz4uJ4czBwQ":{"chainKey":{"counter":0,"key":"TPywZL5DzzhvjsYo+zTiheTP8rPZodDuFVLaWuv2Qeo="},"chainType":1,"messageKeys":{}}},"pendingPreKey":{"signedKeyId":15,"baseKey":"BbI+WPOXRfKClf5IK4SEIEGu0ihpPzdJyOpuGatOjldq","preKeyId":14882989}}},"version":"v1"}