{"_sessions":{"BfXBgoNjkohscxr0JDOJvvH48cAM4rIMzV6n/6LetDlR":{"registrationId":886460120,"currentRatchet":{"ephemeralKeyPair":{"pubKey":"BYjmh7MxqEGly1H/a4RRsap8019BrR2otuCeqjJflShj","privKey":"kNB5Hck07uesYMu8cNBriRDCHVZxs0rwfV68VrWbXX8="},"lastRemoteEphemeralKey":"BWPPOYiL4vDwrmxO2minZufuB3c1kSaImSUbqJUIAC4j","previousCounter":0,"rootKey":"LhbV3ByVOt/8iKPZJ0bCYbW9/v3cwoBGvTz7meDK5r0="},"indexInfo":{"baseKey":"BfXBgoNjkohscxr0JDOJvvH48cAM4rIMzV6n/6LetDlR","baseKeyType":1,"closed":-1,"used":1746714536393,"created":1746714536393,"remoteIdentityKey":"Bf7LWu7dK4ta6IRs5njI3luxcSiIYJXU3YfefaEjX5l9"},"_chains":{"BYjmh7MxqEGly1H/a4RRsap8019BrR2otuCeqjJflShj":{"chainKey":{"counter":0,"key":"IzZ1nm6m43OJVumXLiLyKvTu+fc3TbJFnIAzcEWI5y8="},"chainType":1,"messageKeys":{}}},"pendingPreKey":{"signedKeyId":12,"baseKey":"BfXBgoNjkohscxr0JDOJvvH48cAM4rIMzV6n/6LetDlR","preKeyId":6869763}}},"version":"v1"}