{"_sessions":{"BQhLYe9utwJkE88b2vqWIm4sWnWDx5H6QhKuTxC4evUB":{"registrationId":556699488,"currentRatchet":{"ephemeralKeyPair":{"pubKey":"BR3kPxzMj6G5rQcZWv32CRieBiwi0Q481RteBstDd2hE","privKey":"WG5plZaet0+LjjRIzKb/BdyGaDzFbnGbqtx7n/hmAn0="},"lastRemoteEphemeralKey":"BZXocCaIuqAPptjkjVy1q2RKPJfOKnTNu1wbeVSe4RB7","previousCounter":0,"rootKey":"ziUK+8WJQl/AB1/xAEmHrhnlLEhRBMm2Nzb4+6/wg2c="},"indexInfo":{"baseKey":"BQhLYe9utwJkE88b2vqWIm4sWnWDx5H6QhKuTxC4evUB","baseKeyType":1,"closed":-1,"used":1746714532940,"created":1746714532940,"remoteIdentityKey":"BZ7vh9NQEq0nXHwWwock73sdw4CcbuTAd6QzC8iaMINc"},"_chains":{"BR3kPxzMj6G5rQcZWv32CRieBiwi0Q481RteBstDd2hE":{"chainKey":{"counter":0,"key":"r9wR/I4kwaCfMUulyHcZBQD9H7xqjbvQnvVqKQThmVA="},"chainType":1,"messageKeys":{}}},"pendingPreKey":{"signedKeyId":4,"baseKey":"BQhLYe9utwJkE88b2vqWIm4sWnWDx5H6QhKuTxC4evUB","preKeyId":10620079}}},"version":"v1"}