{"_sessions":{"BeSqmUxLtG4+dqdLgBO8x9yITfFskV/gWO+NrZFJ1b0W":{"registrationId":1479762302,"currentRatchet":{"ephemeralKeyPair":{"pubKey":"Ba6BzZ1QX6Jqtci1f4AgNHjJtjVHbSZkCzpnQZJ8h6tO","privKey":"QHE9bjiA/YsrIXXrgd5Qh/Q8ZeW2Y7b6NtDOFaTUMG8="},"lastRemoteEphemeralKey":"BQaK4R0MkQEo36qQWO+ymyHOHEmS6UmN91W2l1omVk9Q","previousCounter":0,"rootKey":"dfNEAwechHR6TltqVnizdyVdAhIYD2WeILnVYvDuEro="},"indexInfo":{"baseKey":"BeSqmUxLtG4+dqdLgBO8x9yITfFskV/gWO+NrZFJ1b0W","baseKeyType":1,"closed":-1,"used":1746714529398,"created":1746714529398,"remoteIdentityKey":"BW6OuB4nVTTfnY2uArZDHQf73HL3V0CTMZjxewn+vqNp"},"_chains":{"Ba6BzZ1QX6Jqtci1f4AgNHjJtjVHbSZkCzpnQZJ8h6tO":{"chainKey":{"counter":0,"key":"YSqHT2Of4AdhOSI4rRQZmEqeBOVCKFrU00VT8Y7wiiM="},"chainType":1,"messageKeys":{}}},"pendingPreKey":{"signedKeyId":1,"baseKey":"BeSqmUxLtG4+dqdLgBO8x9yITfFskV/gWO+NrZFJ1b0W"}}},"version":"v1"}