{"_sessions":{"Bd6w+ZosbFIHsrTXvWI6CXIJQw7jrTKBYLBt9b1aBEBD":{"registrationId":1133971471,"currentRatchet":{"ephemeralKeyPair":{"pubKey":"BQjB2cf9mQ3wlJTwy6hEG+dIdENVWur7XX6hd7qRy3Qb","privKey":"CCnaEdLTDYGeg/ccJfGlrhsjDj4yhK18ere9ThaQjFU="},"lastRemoteEphemeralKey":"Baa3Jmsg80gJ9Hp1B/YSfrq+qT9LeoExwMNcH4BVaDpi","previousCounter":0,"rootKey":"sjTwFFGFlE4Oxm8JgFpoZi1DpLbWUYEzwm0xcWf0MZY="},"indexInfo":{"baseKey":"Bd6w+ZosbFIHsrTXvWI6CXIJQw7jrTKBYLBt9b1aBEBD","baseKeyType":1,"closed":1746721104038,"used":1746721072708,"created":1746721072708,"remoteIdentityKey":"BYnSPsbOuWNG34LhogTBHwbHyzkSE4nt36HarJRqzYYt"},"_chains":{"BQjB2cf9mQ3wlJTwy6hEG+dIdENVWur7XX6hd7qRy3Qb":{"chainKey":{"counter":0,"key":"wwyY63HTAMfd51PweJdF4LsZcn6yWKs70tPYnAQDx5Y="},"chainType":1,"messageKeys":{}}},"pendingPreKey":{"signedKeyId":12588354,"baseKey":"Bd6w+ZosbFIHsrTXvWI6CXIJQw7jrTKBYLBt9b1aBEBD","preKeyId":1832}},"BWYpsV7/v+yLO1BdqR+/KOTv1R6StFLYPiBVLI1DS04k":{"registrationId":1133971471,"currentRatchet":{"ephemeralKeyPair":{"pubKey":"BcU6i5JMWAJbaqUmG+ayiCthp6VGSqoUAUSMduJtbZZD","privKey":"oGis5XhIv7NhxjTRp5bjrw1BZn2qTY0r7Cw6+HYjA3s="},"lastRemoteEphemeralKey":"Baa3Jmsg80gJ9Hp1B/YSfrq+qT9LeoExwMNcH4BVaDpi","previousCounter":0,"rootKey":"6+i6mphx0/+sdxrxZZizaVWVm4vBdWZSJseQ/RPa35o="},"indexInfo":{"baseKey":"BWYpsV7/v+yLO1BdqR+/KOTv1R6StFLYPiBVLI1DS04k","baseKeyType":1,"closed":-1,"used":1746721103541,"created":1746721103541,"remoteIdentityKey":"BYnSPsbOuWNG34LhogTBHwbHyzkSE4nt36HarJRqzYYt"},"_chains":{"BcU6i5JMWAJbaqUmG+ayiCthp6VGSqoUAUSMduJtbZZD":{"chainKey":{"counter":2,"key":"JVqz7QHtMEQbz9NNq5KZysYvAidpi25DskM+ZtRxbhs="},"chainType":1,"messageKeys":{}}},"pendingPreKey":{"signedKeyId":12588354,"baseKey":"BWYpsV7/v+yLO1BdqR+/KOTv1R6StFLYPiBVLI1DS04k","preKeyId":2223}}},"version":"v1"}