{"_sessions":{"BVKlkoNafIR8sXskoml0t4UIJiD9j+B8hxtKcCworblE":{"registrationId":1419807262,"currentRatchet":{"ephemeralKeyPair":{"pubKey":"BZzoqOLRxdDY7wMTArm6IcfyXAlXDYcVRs3LntejVV8o","privKey":"uMcTIXoEMt1P0Bkk+8wO64AphaBy0lgPXH/WL9RUH3U="},"lastRemoteEphemeralKey":"BfQGheFNOe0PHEsBH8JxgdE5Y7l/tnbUVhVa1jhlUgAA","previousCounter":0,"rootKey":"u7DtBNgOwrCrzYHG3mwTt880kojogpYeLVB8HJ4APtw="},"indexInfo":{"baseKey":"BVKlkoNafIR8sXskoml0t4UIJiD9j+B8hxtKcCworblE","baseKeyType":1,"closed":1746721103995,"used":1746721072576,"created":1746721072576,"remoteIdentityKey":"BZKKtXaTOcCkdS0FfYo/QYblSPcfGl9O6KXrBbwCadUO"},"_chains":{"BZzoqOLRxdDY7wMTArm6IcfyXAlXDYcVRs3LntejVV8o":{"chainKey":{"counter":0,"key":"s3S3Glsfd2eHbSZN1J1kVPgVuT9x0QuGIPZyspQ3ZVM="},"chainType":1,"messageKeys":{}}},"pendingPreKey":{"signedKeyId":8,"baseKey":"BVKlkoNafIR8sXskoml0t4UIJiD9j+B8hxtKcCworblE","preKeyId":6142838}},"Bftw2mk92HdaOSVjO1C7xAsod+glE7TJXXYgf6q4W71D":{"registrationId":1419807262,"currentRatchet":{"ephemeralKeyPair":{"pubKey":"BezG5C8mzRBsYZDYZ3NXzAelKq+oJc9lVVG1wgsMY/lr","privKey":"WHwnI0bWlIXacd5loCN03B2ko2xnSJhTPI46GRimFFg="},"lastRemoteEphemeralKey":"BfQGheFNOe0PHEsBH8JxgdE5Y7l/tnbUVhVa1jhlUgAA","previousCounter":0,"rootKey":"vx/FGtQbwTX+j2YZch6OPBLRds7HprwcWSwEw2JhpMM="},"indexInfo":{"baseKey":"Bftw2mk92HdaOSVjO1C7xAsod+glE7TJXXYgf6q4W71D","baseKeyType":1,"closed":-1,"used":1746721103407,"created":1746721103407,"remoteIdentityKey":"BZKKtXaTOcCkdS0FfYo/QYblSPcfGl9O6KXrBbwCadUO"},"_chains":{"BezG5C8mzRBsYZDYZ3NXzAelKq+oJc9lVVG1wgsMY/lr":{"chainKey":{"counter":2,"key":"AAyCIsvUsuaGsgs80YUiLC5EQV/2d5QrKrBQr3v2m78="},"chainType":1,"messageKeys":{}}},"pendingPreKey":{"signedKeyId":8,"baseKey":"Bftw2mk92HdaOSVjO1C7xAsod+glE7TJXXYgf6q4W71D","preKeyId":6142844}}},"version":"v1"}