{"_sessions":{"BRhauO2c0SH8/Kq0A3ffIpXwOJUa8PURsakYIId7+tI3":{"registrationId":554816545,"currentRatchet":{"ephemeralKeyPair":{"pubKey":"BRRfXUcCKR5yUhHf9mWZURIrOgJBqxbq3K4Ry2gE9+wz","privKey":"UFBMarZvU1fzWSKzYaKN2G02XcEhJtaBTslAEmlEUFA="},"lastRemoteEphemeralKey":"Bf0mUJXDOAzZi4yzrUJcSlGj2pdSauTM7HDjO7ILI8lA","previousCounter":0,"rootKey":"J9TE2Dyl1lsigU1HtDBvtdjv7HamOI/GrnFK487uCxU="},"indexInfo":{"baseKey":"BRhauO2c0SH8/Kq0A3ffIpXwOJUa8PURsakYIId7+tI3","baseKeyType":1,"closed":-1,"used":1746714536358,"created":1746714536358,"remoteIdentityKey":"BcljR8A/GMtMrJhAsz2HG4Hz8Ze/Lkbg9sE7UKw1/Q4M"},"_chains":{"BRRfXUcCKR5yUhHf9mWZURIrOgJBqxbq3K4Ry2gE9+wz":{"chainKey":{"counter":0,"key":"8yLH2WhDzlR9P3eD6RhLCNH6X8R2+50aDk2mZUIBxa4="},"chainType":1,"messageKeys":{}}},"pendingPreKey":{"signedKeyId":13,"baseKey":"BRhauO2c0SH8/Kq0A3ffIpXwOJUa8PURsakYIId7+tI3","preKeyId":1042273}}},"version":"v1"}