{"_sessions":{"BSJj6DRnnEmXRbMuZ6WEb6/g4dOjUaRxA7T1BALq5cU1":{"registrationId":1375962418,"currentRatchet":{"ephemeralKeyPair":{"pubKey":"BcQhZos6KGel8lqrzjcNT/j0nPvWGkt/SpTdl/uNEEkn","privKey":"sKFD4v/+xb7AGCKivwk4ibPo0bGI+Tr/7BugzMLqvUg="},"lastRemoteEphemeralKey":"BaWDcxJ21jwAHGQLZmMots2k9EllxL/gfUoJSG+BlkUD","previousCounter":0,"rootKey":"4k6S5AJvs90PEVqvGfzukm6WeS/ttC/57VRG7oxd3dE="},"indexInfo":{"baseKey":"BSJj6DRnnEmXRbMuZ6WEb6/g4dOjUaRxA7T1BALq5cU1","baseKeyType":1,"closed":1746721104076,"used":1746721072839,"created":1746721072839,"remoteIdentityKey":"BaMijOZOnqIMgY1SKoNs69yVoG9TMjscu90IEFcuHU0S"},"_chains":{"BcQhZos6KGel8lqrzjcNT/j0nPvWGkt/SpTdl/uNEEkn":{"chainKey":{"counter":0,"key":"CSmnNsDlDSvrJeH65gX757EcK3mO3WSwSS8a2Mmig4o="},"chainType":1,"messageKeys":{}}},"pendingPreKey":{"signedKeyId":16671543,"baseKey":"BSJj6DRnnEmXRbMuZ6WEb6/g4dOjUaRxA7T1BALq5cU1","preKeyId":1952}},"BaIFJ9JbHZYLMiQYZlgEbsfupwk4qCTrBHhR7Mz9F5BX":{"registrationId":1375962418,"currentRatchet":{"ephemeralKeyPair":{"pubKey":"BXz25BYKOsday56qggndXa5Tvm8vs9U8HBIVu9o4r7d/","privKey":"cO+DuKeaXA5pkV/DhsBMffxwVMQhzdoYezXhgmJ790A="},"lastRemoteEphemeralKey":"BaWDcxJ21jwAHGQLZmMots2k9EllxL/gfUoJSG+BlkUD","previousCounter":0,"rootKey":"zWXFBkZhMsCle5pGLpFNoJoB86TdwUPSEtRwB+PqxT4="},"indexInfo":{"baseKey":"BaIFJ9JbHZYLMiQYZlgEbsfupwk4qCTrBHhR7Mz9F5BX","baseKeyType":1,"closed":-1,"used":1746721103700,"created":1746721103700,"remoteIdentityKey":"BaMijOZOnqIMgY1SKoNs69yVoG9TMjscu90IEFcuHU0S"},"_chains":{"BXz25BYKOsday56qggndXa5Tvm8vs9U8HBIVu9o4r7d/":{"chainKey":{"counter":2,"key":"1YVo/WskBw4JoJvZ48JZTRqgrYfJJ41RfSuszj4zZ1k="},"chainType":1,"messageKeys":{}}},"pendingPreKey":{"signedKeyId":16671543,"baseKey":"BaIFJ9JbHZYLMiQYZlgEbsfupwk4qCTrBHhR7Mz9F5BX","preKeyId":2063}}},"version":"v1"}