{"_sessions":{"BRxckRS/cqWe8G3QvIfyeQBHHfnIctiTS9EJkfmHj6se":{"registrationId":901915111,"currentRatchet":{"ephemeralKeyPair":{"pubKey":"BTgCRe+VsMcvxCHg/c/RcjtxfL9HCDBrCKrRe97iYjo8","privKey":"GHJ6LVDavITRJpPiXOKRF/NnENXT4kQAwHdrhqOhoUg="},"lastRemoteEphemeralKey":"BQIsgI3XaISwX3zejgsX+ft6cofggeW3u0RqatN1YfBh","previousCounter":0,"rootKey":"LsUW1UU2obxXtXs/rcp1/qmlG4KvTPgHnhGQxfJfVq4="},"indexInfo":{"baseKey":"BRxckRS/cqWe8G3QvIfyeQBHHfnIctiTS9EJkfmHj6se","baseKeyType":1,"closed":1746721107881,"used":1746721076228,"created":1746721076228,"remoteIdentityKey":"BWPEtbJ7YxcQqeCJXD77V8DZwQ+auDLimv8xGyqlZ1RJ"},"_chains":{"BTgCRe+VsMcvxCHg/c/RcjtxfL9HCDBrCKrRe97iYjo8":{"chainKey":{"counter":0,"key":"K61aRslwQ1ckupRVTbgj08ndIHoM/o3N6zfdtiCPYhA="},"chainType":1,"messageKeys":{}}},"pendingPreKey":{"signedKeyId":22,"baseKey":"BRxckRS/cqWe8G3QvIfyeQBHHfnIctiTS9EJkfmHj6se","preKeyId":536924}},"BQV3QxrjVjvvlSsWNqSIORmsxZlGxO1+ePha3rQfB64R":{"registrationId":901915111,"currentRatchet":{"ephemeralKeyPair":{"pubKey":"BaaOaqmp8gzepk5mhvoQZyeDmaFAJrPGEFdj6mWlLUdZ","privKey":"mGK15XarUPSdz4/RmafmZ18tQ6bbk4m8k39jS4P5gnc="},"lastRemoteEphemeralKey":"BQIsgI3XaISwX3zejgsX+ft6cofggeW3u0RqatN1YfBh","previousCounter":0,"rootKey":"45Uccmp/G3iGEVLjRgG8AIThb5c8NWSnCCNGWidrwUc="},"indexInfo":{"baseKey":"BQV3QxrjVjvvlSsWNqSIORmsxZlGxO1+ePha3rQfB64R","baseKeyType":1,"closed":-1,"used":1746721107725,"created":1746721107725,"remoteIdentityKey":"BWPEtbJ7YxcQqeCJXD77V8DZwQ+auDLimv8xGyqlZ1RJ"},"_chains":{"BaaOaqmp8gzepk5mhvoQZyeDmaFAJrPGEFdj6mWlLUdZ":{"chainKey":{"counter":2,"key":"coeg5cva8uFyvk3eAyaH9IqtuW8CFQRFvkGrZi/8X5w="},"chainType":1,"messageKeys":{}}},"pendingPreKey":{"signedKeyId":22,"baseKey":"BQV3QxrjVjvvlSsWNqSIORmsxZlGxO1+ePha3rQfB64R","preKeyId":536553}}},"version":"v1"}