{"_sessions":{"BSnNbZCnKGW1bu5ZpMnJUGTxHkIER4VySyMOx5jaKpYI":{"registrationId":46131057,"currentRatchet":{"ephemeralKeyPair":{"pubKey":"BXDcLe7gpBjrQkw3nClAAzzmvCU0nW/W0MMxcZXG3r5I","privKey":"WJs1pRL1anl7gehS7tbUNA6Avp9gxO6homLPXnJwvH0="},"lastRemoteEphemeralKey":"BVQN5VeAbHOo/rw5AT1jtbGXTxBc+e4W0M5NEkdyGBwA","previousCounter":0,"rootKey":"ItsQpZuYZ7MKfiGiLJcP5Dxgl7lDfsLNqfUihoDxezo="},"indexInfo":{"baseKey":"BSnNbZCnKGW1bu5ZpMnJUGTxHkIER4VySyMOx5jaKpYI","baseKeyType":1,"closed":1746721107808,"used":1746721075957,"created":1746721075957,"remoteIdentityKey":"BRT1McByvAggMwpDTipPB+zi8ixBB/h8SmWXJk5OgzlT"},"_chains":{"BXDcLe7gpBjrQkw3nClAAzzmvCU0nW/W0MMxcZXG3r5I":{"chainKey":{"counter":0,"key":"q+IXtPjqK9GIg/pn/CE/YT0JHJZH6/Kx+EqO5/9lWg8="},"chainType":1,"messageKeys":{}}},"pendingPreKey":{"signedKeyId":1,"baseKey":"BSnNbZCnKGW1bu5ZpMnJUGTxHkIER4VySyMOx5jaKpYI","preKeyId":8777483}},"BZd70lsGHvqxF0WJ6ll+yW4vx1vt0D1GC51gYw4nJ3VA":{"registrationId":46131057,"currentRatchet":{"ephemeralKeyPair":{"pubKey":"BR2iCDXiRFV1tdCGm0AekCI4mBlcgrUlTHNp6llpWjdG","privKey":"wBTXmozHldKhtwGJRtL1ARU0QlsZzyKfZd9X65fBY1c="},"lastRemoteEphemeralKey":"BVQN5VeAbHOo/rw5AT1jtbGXTxBc+e4W0M5NEkdyGBwA","previousCounter":0,"rootKey":"JUUfJVY+ZNS3ZUH1AN6XP4Wr4EOu8mWXF1LlByocwZU="},"indexInfo":{"baseKey":"BZd70lsGHvqxF0WJ6ll+yW4vx1vt0D1GC51gYw4nJ3VA","baseKeyType":1,"closed":-1,"used":1746721107514,"created":1746721107514,"remoteIdentityKey":"BRT1McByvAggMwpDTipPB+zi8ixBB/h8SmWXJk5OgzlT"},"_chains":{"BR2iCDXiRFV1tdCGm0AekCI4mBlcgrUlTHNp6llpWjdG":{"chainKey":{"counter":2,"key":"MRXmW/ALL6xVkxOaSSgkHRmfSQkfbhXBGZZICvgvefk="},"chainType":1,"messageKeys":{}}},"pendingPreKey":{"signedKeyId":1,"baseKey":"BZd70lsGHvqxF0WJ6ll+yW4vx1vt0D1GC51gYw4nJ3VA","preKeyId":8777431}}},"version":"v1"}