{"_sessions":{"BRSuPWco2HSBwfrAmEfXJ+SMmzNOGio1hKLgnIPMzQtI":{"registrationId":1901293356,"currentRatchet":{"ephemeralKeyPair":{"pubKey":"BWAbb7ksac4Dpwfm3ZsDtR2I9/vvK/3VNpjZWSQBZ0cm","privKey":"iFpySUZGFlwIvnqqRXM7lJyQQn2EHofKmfczXYP//Xs="},"lastRemoteEphemeralKey":"Bd25UC/oLuJ8ouqo7tgQmVpK91PWhgRqduH05o/7cpcu","previousCounter":0,"rootKey":"e3Gx2dCEL/CdGhRY5w7KIQLDG6E7DgZZ7cQNVGdfGpE="},"indexInfo":{"baseKey":"BRSuPWco2HSBwfrAmEfXJ+SMmzNOGio1hKLgnIPMzQtI","baseKeyType":1,"closed":1746721104048,"used":1746721072749,"created":1746721072749,"remoteIdentityKey":"BYxvo6Bsy0SZ+cNziG1PGsgQqTGI/pWgv2KYOtU3Mx1I"},"_chains":{"BWAbb7ksac4Dpwfm3ZsDtR2I9/vvK/3VNpjZWSQBZ0cm":{"chainKey":{"counter":0,"key":"PUdtToz7gfz5A9nxNtSxBqvPpZTYH0i74TnlzZmRGps="},"chainType":1,"messageKeys":{}}},"pendingPreKey":{"signedKeyId":1466791,"baseKey":"BRSuPWco2HSBwfrAmEfXJ+SMmzNOGio1hKLgnIPMzQtI","preKeyId":2929}},"BctNTEZzxmBqnmEtXC8oApgK9pyQjKxwUczORUfDaqFH":{"registrationId":1901293356,"currentRatchet":{"ephemeralKeyPair":{"pubKey":"BY24pUBcRJqU9wBCb66fmEiWcCvalrajQhse2zFc7lN7","privKey":"SEmOhiT13mQfeGMX2zmiVxys291E7w3S7Si13Ffg+mw="},"lastRemoteEphemeralKey":"Bd25UC/oLuJ8ouqo7tgQmVpK91PWhgRqduH05o/7cpcu","previousCounter":0,"rootKey":"jCS8afzfICISCeXKvJgmQmJBILfZsVjUDX4rM/58aqw="},"indexInfo":{"baseKey":"BctNTEZzxmBqnmEtXC8oApgK9pyQjKxwUczORUfDaqFH","baseKeyType":1,"closed":-1,"used":1746721103587,"created":1746721103587,"remoteIdentityKey":"BYxvo6Bsy0SZ+cNziG1PGsgQqTGI/pWgv2KYOtU3Mx1I"},"_chains":{"BY24pUBcRJqU9wBCb66fmEiWcCvalrajQhse2zFc7lN7":{"chainKey":{"counter":2,"key":"arQTGmVha7wXxUXuh7E3bSD7qxcQNPVKtW04kglj4Pg="},"chainType":1,"messageKeys":{}}},"pendingPreKey":{"signedKeyId":1466791,"baseKey":"BctNTEZzxmBqnmEtXC8oApgK9pyQjKxwUczORUfDaqFH","preKeyId":2911}}},"version":"v1"}