{"_sessions":{"BVEAUm80dpnXNcqk8X3HP3ObrR2luABjTloJi2xe0qQ6":{"registrationId":1858845034,"currentRatchet":{"ephemeralKeyPair":{"pubKey":"BdoVNkxzbmjv1rTnnIF8TAfodkS/pL66bSlE2RxMT6Yt","privKey":"ENunymB2codSszeHbtvqBIrda71DIwGxXq0hn4DJJE0="},"lastRemoteEphemeralKey":"BcUn4/2L7iGeRHmqkh9bD42wDqSCJ+OVeIViWqPSYkM7","previousCounter":0,"rootKey":"NyNVqZN7QH7weI00ylfzeRUWaQFF51L8AxQDUGuK770="},"indexInfo":{"baseKey":"BVEAUm80dpnXNcqk8X3HP3ObrR2luABjTloJi2xe0qQ6","baseKeyType":1,"closed":1746721118515,"used":1746721087273,"created":1746721087273,"remoteIdentityKey":"BbIyEJXUt28eXdmPj5SuROzuXOm2Plif1GWTNxGzHNdV"},"_chains":{"BdoVNkxzbmjv1rTnnIF8TAfodkS/pL66bSlE2RxMT6Yt":{"chainKey":{"counter":0,"key":"ULvzF7ttHRpml2JW3xOUEycCRE4JXidG5Ay9wfjGlJ0="},"chainType":1,"messageKeys":{}}},"pendingPreKey":{"signedKeyId":3,"baseKey":"BVEAUm80dpnXNcqk8X3HP3ObrR2luABjTloJi2xe0qQ6","preKeyId":1251995}},"BeP7b4/XJPnTbQVTZ/B+OtqosnQefHWFUZhHs58qG7dp":{"registrationId":1858845034,"currentRatchet":{"ephemeralKeyPair":{"pubKey":"BWdAxaygVE+mcY3YsAGrdXd3Pvm9SysnZiVC8r74nq5G","privKey":"KLa4P1rAO25RVkyExn6QrmtnG5j4UWwx3LK6BPdDyFU="},"lastRemoteEphemeralKey":"BcUn4/2L7iGeRHmqkh9bD42wDqSCJ+OVeIViWqPSYkM7","previousCounter":0,"rootKey":"cc6jyEXjaJ1VgwfruDCSPeyBDYPIg+Y4EBNvjHCrAWk="},"indexInfo":{"baseKey":"BeP7b4/XJPnTbQVTZ/B+OtqosnQefHWFUZhHs58qG7dp","baseKeyType":1,"closed":-1,"used":1746721118290,"created":1746721118290,"remoteIdentityKey":"BbIyEJXUt28eXdmPj5SuROzuXOm2Plif1GWTNxGzHNdV"},"_chains":{"BWdAxaygVE+mcY3YsAGrdXd3Pvm9SysnZiVC8r74nq5G":{"chainKey":{"counter":2,"key":"2ttlLuWqSDs4SZcw30EAbT4NBmpFb7ctColPLI4zntc="},"chainType":1,"messageKeys":{}}},"pendingPreKey":{"signedKeyId":3,"baseKey":"BeP7b4/XJPnTbQVTZ/B+OtqosnQefHWFUZhHs58qG7dp","preKeyId":1252770}}},"version":"v1"}