{"_sessions":{"BWhCYHgef107FgbDB9lfqM4YHpdnjf1XgLu4Tlz+g6tz":{"registrationId":1401468381,"currentRatchet":{"ephemeralKeyPair":{"pubKey":"BSgddl+9/KQMPQFzOfLuFOaQu0A4HILxmEhYVRPw2HUO","privKey":"OJBrhHzAZBKE2skBvsaYS8Y3bQIR0+qPMCi1E2xtPFI="},"lastRemoteEphemeralKey":"BdG/BTZQAMhy2HZqRGT+snZWhp5cw0gpLi4oS1ALap9/","previousCounter":0,"rootKey":"7II5PRfzP8RBbbd4zt51l292UA++TSk+QX4EwYFNji0="},"indexInfo":{"baseKey":"BWhCYHgef107FgbDB9lfqM4YHpdnjf1XgLu4Tlz+g6tz","baseKeyType":1,"closed":1746721104056,"used":1746721072776,"created":1746721072776,"remoteIdentityKey":"BZ9w1nisy18EYhU6jAc4IeiPDoupyki93s0vP/VPvqBZ"},"_chains":{"BSgddl+9/KQMPQFzOfLuFOaQu0A4HILxmEhYVRPw2HUO":{"chainKey":{"counter":0,"key":"PS+h0Wl5HHdPvkpgMMFwxqFhJPAiFOADOGXfSwPrzmY="},"chainType":1,"messageKeys":{}}},"pendingPreKey":{"signedKeyId":3,"baseKey":"BWhCYHgef107FgbDB9lfqM4YHpdnjf1XgLu4Tlz+g6tz"}},"BcsYMuOiJLg8HdjCXpXehbllP0p1XvG5tvw2qOq5LYox":{"registrationId":1401468381,"currentRatchet":{"ephemeralKeyPair":{"pubKey":"BStGhmHBZBsU5Up8LYBmfPGI5ypkHYr4D44jj9VyUawv","privKey":"+IYgiCffwOkTHytnLwoZs3Bw4QOnpTsg9CeUVv4sR2A="},"lastRemoteEphemeralKey":"BdG/BTZQAMhy2HZqRGT+snZWhp5cw0gpLi4oS1ALap9/","previousCounter":0,"rootKey":"ePuU79vpYr5SujDXQbx9dHIhY3AWRPbCaeCvpgUNo4k="},"indexInfo":{"baseKey":"BcsYMuOiJLg8HdjCXpXehbllP0p1XvG5tvw2qOq5LYox","baseKeyType":1,"closed":-1,"used":1746721103619,"created":1746721103619,"remoteIdentityKey":"BZ9w1nisy18EYhU6jAc4IeiPDoupyki93s0vP/VPvqBZ"},"_chains":{"BStGhmHBZBsU5Up8LYBmfPGI5ypkHYr4D44jj9VyUawv":{"chainKey":{"counter":2,"key":"7dhvs8dOrBVx2Kk7V+O54EG+A9xdBkOqVildpdQ7Has="},"chainType":1,"messageKeys":{}}},"pendingPreKey":{"signedKeyId":3,"baseKey":"BcsYMuOiJLg8HdjCXpXehbllP0p1XvG5tvw2qOq5LYox"}}},"version":"v1"}