{"_sessions":{"BSEmhwYQTqAKKqS4kf7q4/FWFl+86QEfAuDgXZVMcUNI":{"registrationId":1449713900,"currentRatchet":{"ephemeralKeyPair":{"pubKey":"BTZ0T1VfSSCXxh/C4yqmt+goTZyRw+PxFofhMl6KC08q","privKey":"wG8sKc2yifurUkbFYaFOBnbjdroSlyD1CFS/+3EH9Hw="},"lastRemoteEphemeralKey":"BfYxNyCPXc0dhuo/StQY6ObpqMT92CgiG6tRsIKMynZB","previousCounter":0,"rootKey":"hKcPxS4b1PMVdFxvwcUEOSK7emVKcmJpuzBI49S4KeA="},"indexInfo":{"baseKey":"BSEmhwYQTqAKKqS4kf7q4/FWFl+86QEfAuDgXZVMcUNI","baseKeyType":1,"closed":1746721099399,"used":1746721069190,"created":1746721069190,"remoteIdentityKey":"BfjUwoRbe2+dMOy0iJjvFdEbIDBuBFzH/rdl6Ew5pQlE"},"_chains":{"BTZ0T1VfSSCXxh/C4yqmt+goTZyRw+PxFofhMl6KC08q":{"chainKey":{"counter":0,"key":"o/R9YrTFvq2VHQOj6fnqzGTEbz8z4tf1aHPW1wqoKdE="},"chainType":1,"messageKeys":{}}},"pendingPreKey":{"signedKeyId":8,"baseKey":"BSEmhwYQTqAKKqS4kf7q4/FWFl+86QEfAuDgXZVMcUNI","preKeyId":1554623}},"BVpdJjAtbo2HdyzpfDw2SvGSr97/HssVc6SQgDb4tud9":{"registrationId":1449713900,"currentRatchet":{"ephemeralKeyPair":{"pubKey":"Bf/CrcTBQT5EKKJT3D4lQXKxjlgie7Orrribz5oJBBp+","privKey":"wGqC7ABTGk34EetHe9krGs9Cx1kZ5T9Z0qahVMNFVl8="},"lastRemoteEphemeralKey":"BfYxNyCPXc0dhuo/StQY6ObpqMT92CgiG6tRsIKMynZB","previousCounter":0,"rootKey":"cc36c3nl1UM/pUPvlqEvXjZzf4V0ER01GVCOZYeqb1o="},"indexInfo":{"baseKey":"BVpdJjAtbo2HdyzpfDw2SvGSr97/HssVc6SQgDb4tud9","baseKeyType":1,"closed":-1,"used":1746721098845,"created":1746721098845,"remoteIdentityKey":"BfjUwoRbe2+dMOy0iJjvFdEbIDBuBFzH/rdl6Ew5pQlE"},"_chains":{"Bf/CrcTBQT5EKKJT3D4lQXKxjlgie7Orrribz5oJBBp+":{"chainKey":{"counter":2,"key":"iNYtoaTbdiekkzb6KNe0qCHZpVTzfVwmj9UgiqDeBzw="},"chainType":1,"messageKeys":{}}},"pendingPreKey":{"signedKeyId":8,"baseKey":"BVpdJjAtbo2HdyzpfDw2SvGSr97/HssVc6SQgDb4tud9","preKeyId":1552439}}},"version":"v1"}