{"_sessions":{"BdML0VckQLPb4cMYNO3bbb7fDcB0FpAkqpYFoiwJqsoF":{"registrationId":2125567313,"currentRatchet":{"ephemeralKeyPair":{"pubKey":"Bd3qm1eAohLx1q/hayyRxD691PSHsMB6lhOUHuQxd79w","privKey":"mCOFybgFGJtTUqGdK2fAp6AYcz8bnMeksjLt4gGL2XY="},"lastRemoteEphemeralKey":"BTiFOcqMxpYqbzLJSEP1SzqNUfUlRNXxSqwO43rZu9Iv","previousCounter":0,"rootKey":"wupvO0nDfbF63i/eO6z4fYv6i2IJgIK0SYD/fucoq14="},"indexInfo":{"baseKey":"BdML0VckQLPb4cMYNO3bbb7fDcB0FpAkqpYFoiwJqsoF","baseKeyType":1,"closed":1746721114781,"used":1746721083787,"created":1746721083787,"remoteIdentityKey":"BVg6PtfK1eNSXBxHWOpGRTkhooujPO3EjmvW8ezRpgE/"},"_chains":{"Bd3qm1eAohLx1q/hayyRxD691PSHsMB6lhOUHuQxd79w":{"chainKey":{"counter":0,"key":"rKOdyMi/PJdqRZ2dQOXHi7FJrz3XLziLYLGGgrCWJ8M="},"chainType":1,"messageKeys":{}}},"pendingPreKey":{"signedKeyId":3,"baseKey":"BdML0VckQLPb4cMYNO3bbb7fDcB0FpAkqpYFoiwJqsoF","preKeyId":11561558}},"BSeMTp410nXTyflUFiuC6lJftKCaWngqUZHK/LesA9wI":{"registrationId":2125567313,"currentRatchet":{"ephemeralKeyPair":{"pubKey":"BeymV4tl/efNt50jF73/4MvkhYmiGbEM+P27lNq+dxlR","privKey":"gAnJtLFHG9VXnyY/Rt84xJ/xgb3/25yhSBpXKsaON0g="},"lastRemoteEphemeralKey":"BTiFOcqMxpYqbzLJSEP1SzqNUfUlRNXxSqwO43rZu9Iv","previousCounter":0,"rootKey":"orVTCUj/CD54NmtFy+e4LSo+Js1taF3piVaPxb0CYEs="},"indexInfo":{"baseKey":"BSeMTp410nXTyflUFiuC6lJftKCaWngqUZHK/LesA9wI","baseKeyType":1,"closed":-1,"used":1746721114558,"created":1746721114558,"remoteIdentityKey":"BVg6PtfK1eNSXBxHWOpGRTkhooujPO3EjmvW8ezRpgE/"},"_chains":{"BeymV4tl/efNt50jF73/4MvkhYmiGbEM+P27lNq+dxlR":{"chainKey":{"counter":2,"key":"7bVMkhN9hbxIq+RtiiX2fZuJUwW7XYSvs6897N9txjk="},"chainType":1,"messageKeys":{}}},"pendingPreKey":{"signedKeyId":3,"baseKey":"BSeMTp410nXTyflUFiuC6lJftKCaWngqUZHK/LesA9wI","preKeyId":11561492}}},"version":"v1"}