{"_sessions":{"BbcWtu7wc9EwUdS5wYp5vfHfIfTWJ9HE5tBBDB/HP31F":{"registrationId":2057317213,"currentRatchet":{"ephemeralKeyPair":{"pubKey":"BetsfSjdjjK8wVzBeFl6hsgsi8gbJCl47A5KWqKcc0B7","privKey":"IN7+FZ/bWZ/FaMVZ7fGgKLap/3Yix+hXSxeIqir6C1Q="},"lastRemoteEphemeralKey":"BYYZ9kQFINT0hRgPvOn/3FjWrjlVni3tnGWe+tLh5OBN","previousCounter":0,"rootKey":"38aN00hw31fghja0Saeqp0/Cvx8X+NNoVXuAe20hrEI="},"indexInfo":{"baseKey":"BbcWtu7wc9EwUdS5wYp5vfHfIfTWJ9HE5tBBDB/HP31F","baseKeyType":1,"closed":1746721114758,"used":1746721083674,"created":1746721083674,"remoteIdentityKey":"BewakrLl3C9U+dQcF5AqQPjAUkJysCJ7PUGqQa+TKxou"},"_chains":{"BetsfSjdjjK8wVzBeFl6hsgsi8gbJCl47A5KWqKcc0B7":{"chainKey":{"counter":0,"key":"j0tOwnhk1n0AEDGG8HAi2BUITfm+o0f9AbJeDGjVTuA="},"chainType":1,"messageKeys":{}}},"pendingPreKey":{"signedKeyId":1,"baseKey":"BbcWtu7wc9EwUdS5wYp5vfHfIfTWJ9HE5tBBDB/HP31F"}},"BXduzVXOShgt57we9zyF1cXktd27WJyd3rPaZeLUPTcD":{"registrationId":2057317213,"currentRatchet":{"ephemeralKeyPair":{"pubKey":"Bd0NizyWJ8upjy5mrtxq0KQ78P8gPF1v/y099ip93yUV","privKey":"cCUCL+yDJFRpKiy1RlLlGnQ6pHd5pPmoiccOnKkk13Y="},"lastRemoteEphemeralKey":"BYYZ9kQFINT0hRgPvOn/3FjWrjlVni3tnGWe+tLh5OBN","previousCounter":0,"rootKey":"g5KqOJak+Rr9F+Jjo/IAZuyskFdAEbnA5uUt8ElGGT4="},"indexInfo":{"baseKey":"BXduzVXOShgt57we9zyF1cXktd27WJyd3rPaZeLUPTcD","baseKeyType":1,"closed":-1,"used":1746721114460,"created":1746721114460,"remoteIdentityKey":"BewakrLl3C9U+dQcF5AqQPjAUkJysCJ7PUGqQa+TKxou"},"_chains":{"Bd0NizyWJ8upjy5mrtxq0KQ78P8gPF1v/y099ip93yUV":{"chainKey":{"counter":2,"key":"W3Z3Pb01iuk8jZdHAvrST58PZOUjkG1cIdBolmh3nOc="},"chainType":1,"messageKeys":{}}},"pendingPreKey":{"signedKeyId":1,"baseKey":"BXduzVXOShgt57we9zyF1cXktd27WJyd3rPaZeLUPTcD"}}},"version":"v1"}