{"_sessions":{"BZJoxpI5KBIFMrINarAkYxZfjpg0kz1ObjYMcfKMKmI3":{"registrationId":991232730,"currentRatchet":{"ephemeralKeyPair":{"pubKey":"Baq2ZuuziXM3X9CtgGV1uHENs7HOuoYKLx4VNWNzO+ZZ","privKey":"eEHbWDXTiaAHcSSwFs0i4lb90z7gjMvQH7Vy0SjRRkQ="},"lastRemoteEphemeralKey":"BUVIgMRZsQ0fR/Opsn97VIUf4EReyDNUbVXK4asQSzlY","previousCounter":0,"rootKey":"U9fCJvEMAZQ3J4s1VPLd+SkOuZ0CX3Y00uZyy7FEsr4="},"indexInfo":{"baseKey":"BZJoxpI5KBIFMrINarAkYxZfjpg0kz1ObjYMcfKMKmI3","baseKeyType":1,"closed":1746721111367,"used":1746721080312,"created":1746721080312,"remoteIdentityKey":"BV/C+E2Hi6b3ctiApMrKbZEGLI27RV+bGZhNunjxQpFO"},"_chains":{"Baq2ZuuziXM3X9CtgGV1uHENs7HOuoYKLx4VNWNzO+ZZ":{"chainKey":{"counter":0,"key":"zaGfUBjm/416uCm1SBvEWRYeYp+WhrfwqFTOw/DRmi0="},"chainType":1,"messageKeys":{}}},"pendingPreKey":{"signedKeyId":1,"baseKey":"BZJoxpI5KBIFMrINarAkYxZfjpg0kz1ObjYMcfKMKmI3","preKeyId":12847843}},"BTlDUwq0LQXsXEUZhyOhDgVLCLaldkqexNd05Bn0tpUN":{"registrationId":991232730,"currentRatchet":{"ephemeralKeyPair":{"pubKey":"BR4ep5Zyv1hH4gv8poYkxbDEKogltgq7r3Ny3THJeXE/","privKey":"eGnaFMqHGGhoNE7wgYpi7DDPRg3eGw2YUj21nokYiWM="},"lastRemoteEphemeralKey":"BUVIgMRZsQ0fR/Opsn97VIUf4EReyDNUbVXK4asQSzlY","previousCounter":0,"rootKey":"UBLRJmEO8uDA8yaRRz6WW7hjnBUl919I1zp3eLxS5zg="},"indexInfo":{"baseKey":"BTlDUwq0LQXsXEUZhyOhDgVLCLaldkqexNd05Bn0tpUN","baseKeyType":1,"closed":-1,"used":1746721111228,"created":1746721111228,"remoteIdentityKey":"BV/C+E2Hi6b3ctiApMrKbZEGLI27RV+bGZhNunjxQpFO"},"_chains":{"BR4ep5Zyv1hH4gv8poYkxbDEKogltgq7r3Ny3THJeXE/":{"chainKey":{"counter":2,"key":"YfEFxwXXK2BeLDYYxESYG48bujwL12a4cgpNPORYq6o="},"chainType":1,"messageKeys":{}}},"pendingPreKey":{"signedKeyId":1,"baseKey":"BTlDUwq0LQXsXEUZhyOhDgVLCLaldkqexNd05Bn0tpUN","preKeyId":12848324}}},"version":"v1"}