{"_sessions":{"Bb8cq1nqTPmXshvchmlLYg2PqEH04dEVF8QJPhyOolY5":{"registrationId":37093188,"currentRatchet":{"ephemeralKeyPair":{"pubKey":"BVH6Ms17ELxr4iattlQN14qdHsa3w0y/46KBO7ouYpNq","privKey":"KFgUG9q4BXAIVhufr84KGXZqvYGhKuxz+6JN82TRNXs="},"lastRemoteEphemeralKey":"BZQ13mNw2h0DV6TEvB9jmK8VH7L5xnHd87N/oAxA0eET","previousCounter":0,"rootKey":"MorjYcb6YvsAWa7KyoxgMyTVYptJTtHQPQVVr4Jh45Y="},"indexInfo":{"baseKey":"Bb8cq1nqTPmXshvchmlLYg2PqEH04dEVF8QJPhyOolY5","baseKeyType":1,"closed":-1,"used":1746714543319,"created":1746714543319,"remoteIdentityKey":"BWqKXmgcQ+990G0QWh7L+St/hZI7t4O8t+eeqC76LMQr"},"_chains":{"BVH6Ms17ELxr4iattlQN14qdHsa3w0y/46KBO7ouYpNq":{"chainKey":{"counter":0,"key":"d9RsFfXIRajhWX1hsPayicHCGLq4Z7DODpGgHf37QLE="},"chainType":1,"messageKeys":{}}},"pendingPreKey":{"signedKeyId":2,"baseKey":"Bb8cq1nqTPmXshvchmlLYg2PqEH04dEVF8QJPhyOolY5","preKeyId":9021922}}},"version":"v1"}