{"_sessions":{"Bd7O6tLPo0wOuj/33x0XJ6jFHdjETWEYyGPNoeYN/Z5B":{"registrationId":219637229,"currentRatchet":{"ephemeralKeyPair":{"pubKey":"BcKwWPCRtBc1TcyQrAcfD6PDzreCngmA5GO04DRXOgcM","privKey":"GDmt7kURSXKLr4DZq9iVstfgB0rJfFe+AWNKFXjWjWI="},"lastRemoteEphemeralKey":"BUqiITzwnh46ekoALuUTkpzWpeIBc5+sxbf8VtgxKAwo","previousCounter":0,"rootKey":"MAZ19l97iWaezmpeu8miRLfmuuuAFIbCAH3eJjMTovI="},"indexInfo":{"baseKey":"Bd7O6tLPo0wOuj/33x0XJ6jFHdjETWEYyGPNoeYN/Z5B","baseKeyType":1,"closed":1746721118470,"used":1746721087107,"created":1746721087107,"remoteIdentityKey":"BX0V6ryqvrvp4zhDUkXcVBKJ7eyh+IB4slGwpgPcRaF9"},"_chains":{"BcKwWPCRtBc1TcyQrAcfD6PDzreCngmA5GO04DRXOgcM":{"chainKey":{"counter":0,"key":"b+Rj7bUEBpohw4riTDrs4oKLv9E2MSqLFagJJ4teyDI="},"chainType":1,"messageKeys":{}}},"pendingPreKey":{"signedKeyId":0,"baseKey":"Bd7O6tLPo0wOuj/33x0XJ6jFHdjETWEYyGPNoeYN/Z5B","preKeyId":11150967}},"BQeaKayuLC+rtKvcRgQej9XNu5GkWxlf9VjcCb6pdLsl":{"registrationId":219637229,"currentRatchet":{"ephemeralKeyPair":{"pubKey":"BYQXCsQeaXxAdlk0kEUkF5Pgoi+UhjxzNux3kPpHSccv","privKey":"EEx23iFhApDy8drf+RRrZ0R+f2twRjPw26gdPykXSWQ="},"lastRemoteEphemeralKey":"BUqiITzwnh46ekoALuUTkpzWpeIBc5+sxbf8VtgxKAwo","previousCounter":0,"rootKey":"naOTO7lLgdp71UpeWnXU+n2i0x8i+Xe4pYhPkwetdFw="},"indexInfo":{"baseKey":"BQeaKayuLC+rtKvcRgQej9XNu5GkWxlf9VjcCb6pdLsl","baseKeyType":1,"closed":-1,"used":1746721118087,"created":1746721118087,"remoteIdentityKey":"BX0V6ryqvrvp4zhDUkXcVBKJ7eyh+IB4slGwpgPcRaF9"},"_chains":{"BYQXCsQeaXxAdlk0kEUkF5Pgoi+UhjxzNux3kPpHSccv":{"chainKey":{"counter":2,"key":"dMj7npTB3tAc8pEUhvGBdUQLgigheWxqC5TTQnUzab0="},"chainType":1,"messageKeys":{}}},"pendingPreKey":{"signedKeyId":0,"baseKey":"BQeaKayuLC+rtKvcRgQej9XNu5GkWxlf9VjcCb6pdLsl","preKeyId":11151012}}},"version":"v1"}