{"_sessions":{"BXZxoRkyKdp5hEQDlN0HfE8yplvUWwHeKeGog5wfHQk1":{"registrationId":1375962418,"currentRatchet":{"ephemeralKeyPair":{"pubKey":"BV09yHztSw2l8+WcybOy5LgjO8Yi7WDVJzA0c1IdYeIz","privKey":"EOp9AzvwCetBML7mKAegnO++259dRrq3evyGD5UFnnY="},"lastRemoteEphemeralKey":"BaWDcxJ21jwAHGQLZmMots2k9EllxL/gfUoJSG+BlkUD","previousCounter":0,"rootKey":"ScZd6N37tYL6RGDPZ/RhEXSGnJlA4wCy7DhARn1I4UY="},"indexInfo":{"baseKey":"BXZxoRkyKdp5hEQDlN0HfE8yplvUWwHeKeGog5wfHQk1","baseKeyType":1,"closed":-1,"used":1746714525800,"created":1746714525800,"remoteIdentityKey":"BaMijOZOnqIMgY1SKoNs69yVoG9TMjscu90IEFcuHU0S"},"_chains":{"BV09yHztSw2l8+WcybOy5LgjO8Yi7WDVJzA0c1IdYeIz":{"chainKey":{"counter":0,"key":"QQPD1xwtKkLdXPe9w9Sfs2VJ2jLali7R23h13K46ZiA="},"chainType":1,"messageKeys":{}}},"pendingPreKey":{"signedKeyId":16671543,"baseKey":"BXZxoRkyKdp5hEQDlN0HfE8yplvUWwHeKeGog5wfHQk1","preKeyId":1643}}},"version":"v1"}