{"_sessions":{"BUeKwz5glRuxVqQ1A8Ljk2J9N+lQh6E1Ypw4oWzttDMX":{"registrationId":471626216,"currentRatchet":{"ephemeralKeyPair":{"pubKey":"Bc805M8JJWXShUwYemZwWwq2fAy26RSnIx/9/z3KPeJr","privKey":"6BuyiO9QOlmlbLnLEp/IDdX66WbKkp6t2c5lDLxa+WE="},"lastRemoteEphemeralKey":"BYOSX30opfquWTcV0A1Ckw5QiHXuUQG4lEJqnONUvPc1","previousCounter":0,"rootKey":"krwtnM98kTB7cxHdtjTbgzBLbYTHwO1tlQ+sT2gnLv4="},"indexInfo":{"baseKey":"BUeKwz5glRuxVqQ1A8Ljk2J9N+lQh6E1Ypw4oWzttDMX","baseKeyType":1,"closed":-1,"used":1746714525919,"created":1746714525919,"remoteIdentityKey":"BZ5B9egg9Kp3mmES+NaSJV0qAMGJeobgqThrW9NkbgxF"},"_chains":{"Bc805M8JJWXShUwYemZwWwq2fAy26RSnIx/9/z3KPeJr":{"chainKey":{"counter":0,"key":"Xb1iZNUaQ7etu+ZhnQpkgIVTfevERIziQZg0PxLJbxU="},"chainType":1,"messageKeys":{}}},"pendingPreKey":{"signedKeyId":1,"baseKey":"BUeKwz5glRuxVqQ1A8Ljk2J9N+lQh6E1Ypw4oWzttDMX"}}},"version":"v1"}