{"_sessions":{"BeC5FO+hz4Wph6XSdFFxNF4V3RNyNcvVpaTCofxtPzkX":{"registrationId":1292933482,"currentRatchet":{"ephemeralKeyPair":{"pubKey":"BYKCbIMjxL2fhph2WGUKLqPemX8n7YHjSkQp23LyMllY","privKey":"cPLno43QVVUukY7S4LO0C7FLsl3lE2YkmtnRMWDWX0A="},"lastRemoteEphemeralKey":"BXzFAQOWaX4fJZ7xwV12UbzUipmn5MXlooUOXaR1s6kz","previousCounter":0,"rootKey":"J/Eb1JQKYSkOQrecGBOYMbC/W9UJy9aejPT8QBEfv5Y="},"indexInfo":{"baseKey":"BeC5FO+hz4Wph6XSdFFxNF4V3RNyNcvVpaTCofxtPzkX","baseKeyType":1,"closed":1746721099431,"used":1746721069218,"created":1746721069218,"remoteIdentityKey":"BZbnDpelT/tm1hxOXW3eU85i0m7YIk3Tsu0e8bxcYrcE"},"_chains":{"BYKCbIMjxL2fhph2WGUKLqPemX8n7YHjSkQp23LyMllY":{"chainKey":{"counter":0,"key":"/UMqdXH3ENAAS4re87sGcFuWBSQF00QmLG+AiHOWCdo="},"chainType":1,"messageKeys":{}}},"pendingPreKey":{"signedKeyId":4,"baseKey":"BeC5FO+hz4Wph6XSdFFxNF4V3RNyNcvVpaTCofxtPzkX","preKeyId":4129560}},"BSbzlBhvJ0erHFznUiNGrt4eH5Vf/M1/GWllfcZ21Dsv":{"registrationId":1292933482,"currentRatchet":{"ephemeralKeyPair":{"pubKey":"BaKt2c+eZ8jZlaZjfaTbfh8JX14OUoqKRwonXtV09Pof","privKey":"WEdkAXItzjx9RMGK6yD6NkwLXfuYpuLkb0M+YGrCWH8="},"lastRemoteEphemeralKey":"BXzFAQOWaX4fJZ7xwV12UbzUipmn5MXlooUOXaR1s6kz","previousCounter":0,"rootKey":"5TsJ6cpaoM6nd9NAS7PrRySHTlMhI9iIp/3jShmK04c="},"indexInfo":{"baseKey":"BSbzlBhvJ0erHFznUiNGrt4eH5Vf/M1/GWllfcZ21Dsv","baseKeyType":1,"closed":-1,"used":1746721098870,"created":1746721098870,"remoteIdentityKey":"BZbnDpelT/tm1hxOXW3eU85i0m7YIk3Tsu0e8bxcYrcE"},"_chains":{"BaKt2c+eZ8jZlaZjfaTbfh8JX14OUoqKRwonXtV09Pof":{"chainKey":{"counter":2,"key":"EVVD3jt8a/9UZ1TOKPZW7D9aKBzxo0Mn9Q7Rv3Xbl8k="},"chainType":1,"messageKeys":{}}},"pendingPreKey":{"signedKeyId":4,"baseKey":"BSbzlBhvJ0erHFznUiNGrt4eH5Vf/M1/GWllfcZ21Dsv","preKeyId":4129988}}},"version":"v1"}