{"_sessions":{"BeZL5ifbHJ08LgYd5DruUNaJX1jyVFGbloP6qqfNu2go":{"registrationId":1480762809,"currentRatchet":{"ephemeralKeyPair":{"pubKey":"BXCGOpU5Izb8cc9vOZ8WwkcCnJAP7ZAP3xuEwuDbX+Jm","privKey":"oIrRw5QqwijDALhxULJChB2uJvaajG/1FyolONvtEWA="},"lastRemoteEphemeralKey":"BWJpZX7r7kKg9IOj/6OE5Aur5S3tXvuVifA0MJYntpFq","previousCounter":0,"rootKey":"eamtFidkh8syE25TEaT+3ImNIhvlzHZ5GWBraggFxjw="},"indexInfo":{"baseKey":"BeZL5ifbHJ08LgYd5DruUNaJX1jyVFGbloP6qqfNu2go","baseKeyType":1,"closed":1746721104079,"used":1746721072854,"created":1746721072853,"remoteIdentityKey":"BaSUpjZZ4EVHnZf6ez8A5gy99a3YkAPeXrpv/jrl0Ztm"},"_chains":{"BXCGOpU5Izb8cc9vOZ8WwkcCnJAP7ZAP3xuEwuDbX+Jm":{"chainKey":{"counter":0,"key":"rvAtGwdihRtIvGkMAMTb5kuYlpXyjayecnmTtY+wmnQ="},"chainType":1,"messageKeys":{}}},"pendingPreKey":{"signedKeyId":7,"baseKey":"BeZL5ifbHJ08LgYd5DruUNaJX1jyVFGbloP6qqfNu2go"}},"BVmoKNJQgkhzqdmZtM9LSs1uuoiziuLyGnynlfuRiw4M":{"registrationId":1480762809,"currentRatchet":{"ephemeralKeyPair":{"pubKey":"BcbV54vrSvBPVPQ0Lw+TFCKQR5X1A8n/YeFmzF+UgnJT","privKey":"wMoI5ZG/9wcIIPK5kg/kxyOahtI0/qzqdHmtSoETC2g="},"lastRemoteEphemeralKey":"BWJpZX7r7kKg9IOj/6OE5Aur5S3tXvuVifA0MJYntpFq","previousCounter":0,"rootKey":"JRVWful+P3OmplRFp67rXmGO8Hp0Z3RGITJGU9cuy78="},"indexInfo":{"baseKey":"BVmoKNJQgkhzqdmZtM9LSs1uuoiziuLyGnynlfuRiw4M","baseKeyType":1,"closed":-1,"used":1746721103718,"created":1746721103718,"remoteIdentityKey":"BaSUpjZZ4EVHnZf6ez8A5gy99a3YkAPeXrpv/jrl0Ztm"},"_chains":{"BcbV54vrSvBPVPQ0Lw+TFCKQR5X1A8n/YeFmzF+UgnJT":{"chainKey":{"counter":2,"key":"RaCszUK90jJ/veRJdMG1NimEvqsLpBhP7zkpZo0B7SI="},"chainType":1,"messageKeys":{}}},"pendingPreKey":{"signedKeyId":7,"baseKey":"BVmoKNJQgkhzqdmZtM9LSs1uuoiziuLyGnynlfuRiw4M"}}},"version":"v1"}