{"_sessions":{"BZjTWihslIgiPwLbwkf7V+Nr3FKmZVpPV42sa2YuR4hO":{"registrationId":1506747145,"currentRatchet":{"ephemeralKeyPair":{"pubKey":"BdIUCyhfLNyFt/jBD25xXqKWnk6lL7F6eIKcUNWk9ily","privKey":"2J8O9xb71apM/JpRNyz0LeFmwpzoPbtgkDJw6EjTHmE="},"lastRemoteEphemeralKey":"BdD5p2Y0lxdTSyILuTAiB21kphsgIuswgFu1KAEATrJE","previousCounter":0,"rootKey":"1UeZymWTB4JvThaUfi1AQdOOQBW56y+rMmkCL9YTi5A="},"indexInfo":{"baseKey":"BZjTWihslIgiPwLbwkf7V+Nr3FKmZVpPV42sa2YuR4hO","baseKeyType":1,"closed":-1,"used":1746714525770,"created":1746714525770,"remoteIdentityKey":"BVSXul7oMui0jvDKfdhW4h7haEvvVNTvuvZ1O0r06/4Q"},"_chains":{"BdIUCyhfLNyFt/jBD25xXqKWnk6lL7F6eIKcUNWk9ily":{"chainKey":{"counter":0,"key":"ZnggIrx25mstNO03kLuiMX6TKgg+Qs11ajSkKyk/c8M="},"chainType":1,"messageKeys":{}}},"pendingPreKey":{"signedKeyId":2,"baseKey":"BZjTWihslIgiPwLbwkf7V+Nr3FKmZVpPV42sa2YuR4hO","preKeyId":878962}}},"version":"v1"}