{"_sessions":{"BQgQhK4KcoXWGl+73r1GlVAE2+8x72yGVbWy/S4rXRoO":{"registrationId":97053375,"currentRatchet":{"ephemeralKeyPair":{"pubKey":"Be//2lctYfd+uiYR19SAZ6s2C4Xfwb8qUUNIJb8S8PZ6","privKey":"kGFy9pwwsM/VyLCYwLFWQLFpykAZLk2k6/xunB6l5Xo="},"lastRemoteEphemeralKey":"BRclCSp5ASNqyTzdJlZ9YMRR5qi/r/pdIPHTJNbWnJoq","previousCounter":0,"rootKey":"s16n4tpQu81+fdnrIbSGon3zLTH0FitX2Be36dGmZ/4="},"indexInfo":{"baseKey":"BQgQhK4KcoXWGl+73r1GlVAE2+8x72yGVbWy/S4rXRoO","baseKeyType":1,"closed":-1,"used":1746714532875,"created":1746714532875,"remoteIdentityKey":"BcN73iILiLf2yeN5zti5L+RZAaeII7jsFjPrLEqtAiBm"},"_chains":{"Be//2lctYfd+uiYR19SAZ6s2C4Xfwb8qUUNIJb8S8PZ6":{"chainKey":{"counter":0,"key":"g0jwKIGGrJ+6/TJxPixYw3CfuE+uuzJljxr7+OX11Tw="},"chainType":1,"messageKeys":{}}},"pendingPreKey":{"signedKeyId":25,"baseKey":"BQgQhK4KcoXWGl+73r1GlVAE2+8x72yGVbWy/S4rXRoO","preKeyId":7570771}}},"version":"v1"}