{"_sessions":{"BUnxaprq4qmbNcCN6d0n8v8CC9ylboj9JjWIEkdKOPdw":{"registrationId":261759304,"currentRatchet":{"ephemeralKeyPair":{"pubKey":"BWVGIcY9XCsnduKamyDa5KWT0vCH+g8HM9EETrzAvi9G","privKey":"eHmQdFReb+z12RPzIe47cNdSQHGf/miS+Ycmf3Byr2E="},"lastRemoteEphemeralKey":"BSKUam/W6oMiSMJswiBjjqwvt8zSlJibMPuYxAMoMEM1","previousCounter":0,"rootKey":"nATP/tA1O5pUUmGNa2XdX9Fl2NH8bYpHbL0jTLr6w48="},"indexInfo":{"baseKey":"BUnxaprq4qmbNcCN6d0n8v8CC9ylboj9JjWIEkdKOPdw","baseKeyType":1,"closed":-1,"used":1746714525672,"created":1746714525672,"remoteIdentityKey":"BXOONhKKCbiKUhkc+gmaPE2susMJIT3WAdMnTyc6+sNc"},"_chains":{"BWVGIcY9XCsnduKamyDa5KWT0vCH+g8HM9EETrzAvi9G":{"chainKey":{"counter":0,"key":"XR/qvB9iFv6V5CrGuW3CNVnDfYFgwIjjAbHyRzXoSHE="},"chainType":1,"messageKeys":{}}},"pendingPreKey":{"signedKeyId":3,"baseKey":"BUnxaprq4qmbNcCN6d0n8v8CC9ylboj9JjWIEkdKOPdw","preKeyId":9879838}}},"version":"v1"}