{"_sessions":{"BTWaPjiJqzfoOciInXKKstCdzothxs+AraZXKPupP58K":{"registrationId":536549894,"currentRatchet":{"ephemeralKeyPair":{"pubKey":"BVxTCzk9ZtPDpu3pjzuZi4LEeaBuljwjHQkEIOS5rSJ1","privKey":"2LXbrn5mx8b/BXtpRpb3i5W4HLCHw3tb8Bi1T2ONT3s="},"lastRemoteEphemeralKey":"BUVnZS/IzLEqWQMi4o3v4tcSMlsujH+8EN/QGVysuwgK","previousCounter":0,"rootKey":"8xq4eW5b1WeFvFyyEx6gWfiktheFo2S9MAxU3mKM9f4="},"indexInfo":{"baseKey":"BTWaPjiJqzfoOciInXKKstCdzothxs+AraZXKPupP58K","baseKeyType":1,"closed":1746721104020,"used":1746721072656,"created":1746721072656,"remoteIdentityKey":"BWXPMPKvZ8R2l+BppSrsPvX6lLxJJbTls1MgKibIrGJ+"},"_chains":{"BVxTCzk9ZtPDpu3pjzuZi4LEeaBuljwjHQkEIOS5rSJ1":{"chainKey":{"counter":0,"key":"N6dFYWPUn98qqDPtn0ICwIc7v839964r1lWBC/HqqCo="},"chainType":1,"messageKeys":{}}},"pendingPreKey":{"signedKeyId":0,"baseKey":"BTWaPjiJqzfoOciInXKKstCdzothxs+AraZXKPupP58K","preKeyId":777321}},"BZb+297jKADMAfTRg2pE3dqtWN7OIjWgCPylTHlTvNAV":{"registrationId":536549894,"currentRatchet":{"ephemeralKeyPair":{"pubKey":"BWetBgfTw+/Kv0P+goz8fHMM0+qhxKKTsEgl9dF+frpn","privKey":"+IrVcUu+N655K5QbakbEiY97SRW/aGsAQbri6Cek0Ew="},"lastRemoteEphemeralKey":"BUVnZS/IzLEqWQMi4o3v4tcSMlsujH+8EN/QGVysuwgK","previousCounter":0,"rootKey":"OmeIOet/zsOUmiJyuoMBqAEGY9/6IKvO7dWx0Bhlcg8="},"indexInfo":{"baseKey":"BZb+297jKADMAfTRg2pE3dqtWN7OIjWgCPylTHlTvNAV","baseKeyType":1,"closed":-1,"used":1746721103485,"created":1746721103485,"remoteIdentityKey":"BWXPMPKvZ8R2l+BppSrsPvX6lLxJJbTls1MgKibIrGJ+"},"_chains":{"BWetBgfTw+/Kv0P+goz8fHMM0+qhxKKTsEgl9dF+frpn":{"chainKey":{"counter":2,"key":"3PQ46OtI/dVAlJCTVYl5Z3M719tN3+Ex1VInktPY0J4="},"chainType":1,"messageKeys":{}}},"pendingPreKey":{"signedKeyId":0,"baseKey":"BZb+297jKADMAfTRg2pE3dqtWN7OIjWgCPylTHlTvNAV","preKeyId":777878}}},"version":"v1"}