{"_sessions":{"BfZAhPhhrc2kEWtAvtiIA2nGBJIF8iXP4IfSPU7G2XdP":{"registrationId":2449,"currentRatchet":{"ephemeralKeyPair":{"pubKey":"BSDaLZf4LgkTYafum8bifz5CPRWLNLcM3pGboXYk0WZx","privKey":"4DmY8iODwY3nP5ghIDiIaIejGvMdc+lUb8gxgo8jA3I="},"lastRemoteEphemeralKey":"BRvyLv9MlfcYq0GJSkZ8xKyHdxZM9nv7hepzifogIHJj","previousCounter":0,"rootKey":"9ixnyjD+xZnUoaGH6rR+RoS5Iq6DtQkjYk/71LJuN90="},"indexInfo":{"baseKey":"BfZAhPhhrc2kEWtAvtiIA2nGBJIF8iXP4IfSPU7G2XdP","baseKeyType":1,"closed":-1,"used":1746714522182,"created":1746714522182,"remoteIdentityKey":"BdXcobr+KlZwph8aDVjZ6Xwj4cGQousUq3QqzcxFdIdh"},"_chains":{"BSDaLZf4LgkTYafum8bifz5CPRWLNLcM3pGboXYk0WZx":{"chainKey":{"counter":0,"key":"mfGEHVumx0zRmIAzBZDL6rPQjZSR52tGAwosGDHuUak="},"chainType":1,"messageKeys":{}}},"pendingPreKey":{"signedKeyId":1,"baseKey":"BfZAhPhhrc2kEWtAvtiIA2nGBJIF8iXP4IfSPU7G2XdP"}}},"version":"v1"}