{"_sessions":{"BcnivRg5aqpp6bKTtMQCaKPqbb7fR134HToF7Dq4tS0j":{"registrationId":987894464,"currentRatchet":{"ephemeralKeyPair":{"pubKey":"BS2Z6uTc7cf9mRnOqFHAHMhicDszlmBDp59HXa/VFho+","privKey":"+GyVD6VV4uKbhDJCpz4Z6EnDRtMlJQaDOuhMFO2qD18="},"lastRemoteEphemeralKey":"Bb+guQ7B0uxLsRU6jEfn9XHhKmVu1bR/pfi4sJLVt9xq","previousCounter":0,"rootKey":"bpf7Vk3cmQxgF7PsXF/kMugXUSpHsYK7VKx4Mccnpc4="},"indexInfo":{"baseKey":"BcnivRg5aqpp6bKTtMQCaKPqbb7fR134HToF7Dq4tS0j","baseKeyType":1,"closed":1746721111352,"used":1746721080217,"created":1746721080217,"remoteIdentityKey":"BWYj3WegqWZuYyQsiDeqODEPkicg7S68cLHcNOS5pmc/"},"_chains":{"BS2Z6uTc7cf9mRnOqFHAHMhicDszlmBDp59HXa/VFho+":{"chainKey":{"counter":0,"key":"u5JPXKwFMBb5aQHR7c86poyDLlHtxOa4F5ImYrMC13s="},"chainType":1,"messageKeys":{}}},"pendingPreKey":{"signedKeyId":1095723,"baseKey":"BcnivRg5aqpp6bKTtMQCaKPqbb7fR134HToF7Dq4tS0j"}},"BSwooIoNbfbSNkNjZn21zjXBcOQ3K/vys3lY/0HJTQIY":{"registrationId":987894464,"currentRatchet":{"ephemeralKeyPair":{"pubKey":"BT5fFS063pA9zPTCHvdWvZXRoh4K4Ar2viK5kIio4hxL","privKey":"KM/8jP8bIcknYyanrZSAM/sshUvJh8xZJby39jnUk1M="},"lastRemoteEphemeralKey":"Bb+guQ7B0uxLsRU6jEfn9XHhKmVu1bR/pfi4sJLVt9xq","previousCounter":0,"rootKey":"QVd7tauvmLxjBrGkt0pIhoknjN2eFaFt0zs2rcBgxq4="},"indexInfo":{"baseKey":"BSwooIoNbfbSNkNjZn21zjXBcOQ3K/vys3lY/0HJTQIY","baseKeyType":1,"closed":-1,"used":1746721111147,"created":1746721111147,"remoteIdentityKey":"BWYj3WegqWZuYyQsiDeqODEPkicg7S68cLHcNOS5pmc/"},"_chains":{"BT5fFS063pA9zPTCHvdWvZXRoh4K4Ar2viK5kIio4hxL":{"chainKey":{"counter":2,"key":"P58jsa5MyIfkRgjSP0cj7JBzDDBJFty+xEfwq3vCWB0="},"chainType":1,"messageKeys":{}}},"pendingPreKey":{"signedKeyId":1095723,"baseKey":"BSwooIoNbfbSNkNjZn21zjXBcOQ3K/vys3lY/0HJTQIY"}}},"version":"v1"}