{"_sessions":{"BU4Yyvu+SqM6fE9geIzPqjcT4xdBb8Q6zILxOncPnO4y":{"registrationId":556699488,"currentRatchet":{"ephemeralKeyPair":{"pubKey":"BUNEYzbADpEQ7jQl5ts8Px3TAfsezZ6qz4ej9K5OUdlE","privKey":"APRBNV7Qr05dv887UNl9Rw5nLK4laJLgFCF9fYIdYWA="},"lastRemoteEphemeralKey":"BZXocCaIuqAPptjkjVy1q2RKPJfOKnTNu1wbeVSe4RB7","previousCounter":0,"rootKey":"L49uvmB1xKU7WJqpe3QQTK7OewH46ALNfgZKBi/e9gg="},"indexInfo":{"baseKey":"BU4Yyvu+SqM6fE9geIzPqjcT4xdBb8Q6zILxOncPnO4y","baseKeyType":1,"closed":1746721111365,"used":1746721080303,"created":1746721080303,"remoteIdentityKey":"BZ7vh9NQEq0nXHwWwock73sdw4CcbuTAd6QzC8iaMINc"},"_chains":{"BUNEYzbADpEQ7jQl5ts8Px3TAfsezZ6qz4ej9K5OUdlE":{"chainKey":{"counter":0,"key":"lwe75VZdmK+6eRtPpOXFYC1ytQUTccGWwItMvYDDCZ8="},"chainType":1,"messageKeys":{}}},"pendingPreKey":{"signedKeyId":4,"baseKey":"BU4Yyvu+SqM6fE9geIzPqjcT4xdBb8Q6zILxOncPnO4y","preKeyId":10620174}},"BSFZAIuXhjif3JXJYU91VBtwcqlMYuVjuMqkqhLAe0lc":{"registrationId":556699488,"currentRatchet":{"ephemeralKeyPair":{"pubKey":"Bf3OWY/bRfY2y+b9MSy1fTyEwwRsGhKbF7diZaljGGR7","privKey":"WCeLNM+CVX9CvQ1fT/iMlXzKjavsX6GfZKp//i59238="},"lastRemoteEphemeralKey":"BZXocCaIuqAPptjkjVy1q2RKPJfOKnTNu1wbeVSe4RB7","previousCounter":0,"rootKey":"iaZqS6eaOCgFjFP2imzi2PudA5PySUPNlh9oOpewbIc="},"indexInfo":{"baseKey":"BSFZAIuXhjif3JXJYU91VBtwcqlMYuVjuMqkqhLAe0lc","baseKeyType":1,"closed":-1,"used":1746721111219,"created":1746721111219,"remoteIdentityKey":"BZ7vh9NQEq0nXHwWwock73sdw4CcbuTAd6QzC8iaMINc"},"_chains":{"Bf3OWY/bRfY2y+b9MSy1fTyEwwRsGhKbF7diZaljGGR7":{"chainKey":{"counter":2,"key":"u4WX9WiHT3iFCztR+0sJXLMuwo5WsUQ+Sp9JPXO9V6Y="},"chainType":1,"messageKeys":{}}},"pendingPreKey":{"signedKeyId":4,"baseKey":"BSFZAIuXhjif3JXJYU91VBtwcqlMYuVjuMqkqhLAe0lc","preKeyId":10619440}}},"version":"v1"}