{"_sessions":{"BZAeRaAisAgT6HX4Gxf6bKAi23ilN28cWCb28jp5mDcp":{"registrationId":1829605576,"currentRatchet":{"ephemeralKeyPair":{"pubKey":"BRNRCes2JFQqgnv/9I+njJiBBIeAgACkjH1aMz56MRRk","privKey":"cM7cRWXG7rd/4NqSNutOFRZeOtB2uLuG93ce7OlRv3I="},"lastRemoteEphemeralKey":"Ba+texkEqiZvFCY+pz2cQSED8vvi7JibcYy+Ij6LeuNk","previousCounter":0,"rootKey":"TcW2sVb2he1xJbyc7UFGQ/1gyt8TcTv2m89OcLZO9fM="},"indexInfo":{"baseKey":"BZAeRaAisAgT6HX4Gxf6bKAi23ilN28cWCb28jp5mDcp","baseKeyType":1,"closed":-1,"used":1746714529175,"created":1746714529175,"remoteIdentityKey":"BU1chnN4tAuJRhWG/2Qau6rOQUWtkC3E5mpIjxHVqxpl"},"_chains":{"BRNRCes2JFQqgnv/9I+njJiBBIeAgACkjH1aMz56MRRk":{"chainKey":{"counter":0,"key":"uEG2zTacH1k2Y+89XIpVMhZF1YR/xFvqrxTEsTxhags="},"chainType":1,"messageKeys":{}}},"pendingPreKey":{"signedKeyId":11,"baseKey":"BZAeRaAisAgT6HX4Gxf6bKAi23ilN28cWCb28jp5mDcp"}}},"version":"v1"}