{"_sessions":{"BU8JsFlgCav1LaTmYcsqWPlYwvUtOEhcExpnm3Ld7Jox":{"registrationId":133721519,"currentRatchet":{"ephemeralKeyPair":{"pubKey":"BcMeXclCoGdrUxNi2bBWIvZmanezFr9giykXUzBCxsVE","privKey":"KLx6InI6irXK5L15NuZ658H/la/UaA/8QyIHWMNuj1A="},"lastRemoteEphemeralKey":"BTtC6wNJHnnrUfmd9r1Ks+OiAy5wDUE3RoP40t/cKEFx","previousCounter":0,"rootKey":"ZU/Gb8QbxTD9wXItdnNuFYe5UENodCLgnQr7ffHx78U="},"indexInfo":{"baseKey":"BU8JsFlgCav1LaTmYcsqWPlYwvUtOEhcExpnm3Ld7Jox","baseKeyType":1,"closed":-1,"used":1746714536554,"created":1746714536554,"remoteIdentityKey":"BUBba/SUN/YyMdiXvhSVls1bS2AhKRXyqXvuWtqiBKQn"},"_chains":{"BcMeXclCoGdrUxNi2bBWIvZmanezFr9giykXUzBCxsVE":{"chainKey":{"counter":0,"key":"vpfxDO5h+8YmwOOsF/n5vcU4V84X6H7P6ZClrVnXGXE="},"chainType":1,"messageKeys":{}}},"pendingPreKey":{"signedKeyId":1,"baseKey":"BU8JsFlgCav1LaTmYcsqWPlYwvUtOEhcExpnm3Ld7Jox","preKeyId":4562137}}},"version":"v1"}