{"_sessions":{"BY8IbvS2VJkFFSlQ5sM6gv1QENPgtqHcR0LCrDYv8HVO":{"registrationId":163713534,"currentRatchet":{"ephemeralKeyPair":{"pubKey":"BdIMEazqEJFD6iQC45AjDgivI0PdfaUYg+NKr46MlUI8","privKey":"eCadg9yXqEwvIznE20wjlv6AFWSydAyeTrOMeJCjZWQ="},"lastRemoteEphemeralKey":"BaPKfOi6YM5/MbZIK/A+SdlzckBV4ZpxXYz7TPQ5LNpN","previousCounter":0,"rootKey":"hT+7XWxhnZminNW874wQ6FvCN1vtGUnX4Xd6gd38VBM="},"indexInfo":{"baseKey":"BY8IbvS2VJkFFSlQ5sM6gv1QENPgtqHcR0LCrDYv8HVO","baseKeyType":1,"closed":1746721104114,"used":1746721072966,"created":1746721072966,"remoteIdentityKey":"BeynL8STpiz8shd5xzPImWowLB1DpvXTAQ9C4W8pCBsJ"},"_chains":{"BdIMEazqEJFD6iQC45AjDgivI0PdfaUYg+NKr46MlUI8":{"chainKey":{"counter":0,"key":"ux0diZ/u6CcKwm+v+G8BPsRuIQdABJbvbYzvw9XkZIs="},"chainType":1,"messageKeys":{}}},"pendingPreKey":{"signedKeyId":5,"baseKey":"BY8IbvS2VJkFFSlQ5sM6gv1QENPgtqHcR0LCrDYv8HVO","preKeyId":6862067}},"BV53suhXw/DR9PpZCWO74aA08wdc/195LEOiJ9H2uPde":{"registrationId":163713534,"currentRatchet":{"ephemeralKeyPair":{"pubKey":"BRjlEAZ1VTmPF57wNQcFfqRT6kzGqphxkZvagklQHeN3","privKey":"KN2xMgGPpJxUYrWJX4lV1DVlalGXmPQL/G8nnnZDOGI="},"lastRemoteEphemeralKey":"BaPKfOi6YM5/MbZIK/A+SdlzckBV4ZpxXYz7TPQ5LNpN","previousCounter":0,"rootKey":"YJ783iRGeLx3p7hSwqUwHhUBJCnrsi+++sjw8fLMagA="},"indexInfo":{"baseKey":"BV53suhXw/DR9PpZCWO74aA08wdc/195LEOiJ9H2uPde","baseKeyType":1,"closed":-1,"used":1746721103884,"created":1746721103884,"remoteIdentityKey":"BeynL8STpiz8shd5xzPImWowLB1DpvXTAQ9C4W8pCBsJ"},"_chains":{"BRjlEAZ1VTmPF57wNQcFfqRT6kzGqphxkZvagklQHeN3":{"chainKey":{"counter":2,"key":"6K6wlEIuB7eQ+YUSmP/XKGrSxhRr5UVm7gcCGVZsWvc="},"chainType":1,"messageKeys":{}}},"pendingPreKey":{"signedKeyId":5,"baseKey":"BV53suhXw/DR9PpZCWO74aA08wdc/195LEOiJ9H2uPde","preKeyId":6862685}}},"version":"v1"}