{"_sessions":{"BWb0S/mtDP6FUwZcI/RhSrdN0eloSq7znVTLLdEt4LZi":{"registrationId":1175069066,"currentRatchet":{"ephemeralKeyPair":{"pubKey":"Bdv4cbtkDf02oUA3Iz/IJzSVClpqMB3XHnM3ftdotX0f","privKey":"+JTJDr+fm4PJ0JR5BmxBTN0FUjXGJHD84AwGstIjjUs="},"lastRemoteEphemeralKey":"BYmxOEcOJQLnPd3RrQlslgWinUG/2TGzuaI0ZjFpyt9P","previousCounter":0,"rootKey":"UryDfgYki+BIlnnX2krKAskPKG7ez+13VVGub/ogZ4c="},"indexInfo":{"baseKey":"BWb0S/mtDP6FUwZcI/RhSrdN0eloSq7znVTLLdEt4LZi","baseKeyType":1,"closed":-1,"used":1746714532573,"created":1746714532573,"remoteIdentityKey":"BfqyI66OfDlostqDKvFAAp/+qtl46si3yAZ6loxSmZR8"},"_chains":{"Bdv4cbtkDf02oUA3Iz/IJzSVClpqMB3XHnM3ftdotX0f":{"chainKey":{"counter":0,"key":"cWzEr8hmENY6oKW+3tjYw2ZhG5UD++W6uPFZEfts6cI="},"chainType":1,"messageKeys":{}}},"pendingPreKey":{"signedKeyId":7,"baseKey":"BWb0S/mtDP6FUwZcI/RhSrdN0eloSq7znVTLLdEt4LZi","preKeyId":5780967}}},"version":"v1"}