{"_sessions":{"BWNCS3LprQCseNFbhgRYZjcrySCWS7oVn6CwD9H4y2Fh":{"registrationId":2000757538,"currentRatchet":{"ephemeralKeyPair":{"pubKey":"BaJdrv5bLBFaZj4+TPdw26s9X5+FaQpZs6Zzixvq/5tt","privKey":"0KYob9ScweRm60l6gHIV48xYU86seHwgLvgAdVeONVk="},"lastRemoteEphemeralKey":"BdVGpTyjKsENXOwn5TRbjI+sQZBTN4bixTbGlqdoKGNk","previousCounter":0,"rootKey":"+5GyVNpEi3SolN1OUR3NCnYdrcFKCUyHed5esyxY8pw="},"indexInfo":{"baseKey":"BWNCS3LprQCseNFbhgRYZjcrySCWS7oVn6CwD9H4y2Fh","baseKeyType":1,"closed":-1,"used":1746714525869,"created":1746714525869,"remoteIdentityKey":"BaN9ljVxZsTyTfX9+8VQ3KgRK0vGf0YSwfQzbYq55s4z"},"_chains":{"BaJdrv5bLBFaZj4+TPdw26s9X5+FaQpZs6Zzixvq/5tt":{"chainKey":{"counter":0,"key":"OoYU9d++VWg6XWGdTGiAQ7RKVd/GKc23JL3ukqNf1pw="},"chainType":1,"messageKeys":{}}},"pendingPreKey":{"signedKeyId":0,"baseKey":"BWNCS3LprQCseNFbhgRYZjcrySCWS7oVn6CwD9H4y2Fh"}}},"version":"v1"}