{"_sessions":{"BSNwFlOEH5GYp3A1hNciqpAwW8X/CgHl1YTvRSCZL39e":{"registrationId":1895861753,"currentRatchet":{"ephemeralKeyPair":{"pubKey":"BTsZfJPOp507WBz8a147SadV+rLk2MCrwZ/huOaiiSZv","privKey":"6JQvJRXnECrtwyktiNWDws72d2BtvbFlszgmlEFnaHU="},"lastRemoteEphemeralKey":"BQjQ2wo5PYsrj463blOlV/XItl9fGVLrfqm5jV1sKvhp","previousCounter":0,"rootKey":"o1Wc2C4h+BW431PiAz8bQ1kXhGycVjCinJ9KiVa1940="},"indexInfo":{"baseKey":"BSNwFlOEH5GYp3A1hNciqpAwW8X/CgHl1YTvRSCZL39e","baseKeyType":1,"closed":-1,"used":1746714522210,"created":1746714522210,"remoteIdentityKey":"BUu1HjiWapic2gvYPhQx7+MsBI9KZaJfqJc1q5CmpK4Y"},"_chains":{"BTsZfJPOp507WBz8a147SadV+rLk2MCrwZ/huOaiiSZv":{"chainKey":{"counter":0,"key":"guoA8pAKNuo1PXqMRgNDMOU/Amu01y4J2jUySe0T3L0="},"chainType":1,"messageKeys":{}}},"pendingPreKey":{"signedKeyId":1,"baseKey":"BSNwFlOEH5GYp3A1hNciqpAwW8X/CgHl1YTvRSCZL39e"}}},"version":"v1"}