{"_sessions":{"BccRzUjwxr/cw49rbTYaflLWdapkBWjmJsViqXswaANT":{"registrationId":698621878,"currentRatchet":{"ephemeralKeyPair":{"pubKey":"BWiLV1vpkhBzIkj3CeHvNhsIqsOU5QT6d0azzNiTkOo9","privKey":"kAaTql47zRZRFhPZBU2frtEehOO2s7+oHG0Wd3WwElY="},"lastRemoteEphemeralKey":"Be5TngJXO9K7zNuX6dRS1QwrfP4Ann3Ef0EIMGdNY1MH","previousCounter":0,"rootKey":"jU+nHJaLyYXl2qy4l1urtF9XK6hSHedHvEpVAIV08fY="},"indexInfo":{"baseKey":"BccRzUjwxr/cw49rbTYaflLWdapkBWjmJsViqXswaANT","baseKeyType":1,"closed":-1,"used":1746714536337,"created":1746714536337,"remoteIdentityKey":"BeQ+C6KbZ9Po9ML5+bBg0IjgSmIDs1wnEbtMslHAst5S"},"_chains":{"BWiLV1vpkhBzIkj3CeHvNhsIqsOU5QT6d0azzNiTkOo9":{"chainKey":{"counter":0,"key":"ZVbQ284dz4mLYhHRvMFG2SvjXoMYnzW75Ku6xVsAAAM="},"chainType":1,"messageKeys":{}}},"pendingPreKey":{"signedKeyId":3,"baseKey":"BccRzUjwxr/cw49rbTYaflLWdapkBWjmJsViqXswaANT","preKeyId":1243002}}},"version":"v1"}