{"_sessions":{"BQ4U9xN2YAr36dj/JgAHUr4fTjPLbI9rV5mwyoCHIngf":{"registrationId":933799586,"currentRatchet":{"ephemeralKeyPair":{"pubKey":"BXYctlqYweHIK7/3y5/Gtn+8Gqh66XgJIr2N8CUzpap4","privKey":"kDsncNwCf/LB2xynrgktmrKJd0Mv/64+Wy6QHsiPO3w="},"lastRemoteEphemeralKey":"BX3kKHnbifT/0jvwks6QC5+lia77y1SIvtR9RJmugCU7","previousCounter":0,"rootKey":"TVauT2yE7PJEn36o2wiaWZdH74J1uA3ScgNn11j7E2g="},"indexInfo":{"baseKey":"BQ4U9xN2YAr36dj/JgAHUr4fTjPLbI9rV5mwyoCHIngf","baseKeyType":1,"closed":1746721099509,"used":1746721069298,"created":1746721069298,"remoteIdentityKey":"BX76XP9Ux/6SJyE1ocRuFphvYwXpEsI9l1kGpytCjxQt"},"_chains":{"BXYctlqYweHIK7/3y5/Gtn+8Gqh66XgJIr2N8CUzpap4":{"chainKey":{"counter":0,"key":"BDhJPr5yj6TCIat41VKoC4otFOrn1I2Etw23u9fCenY="},"chainType":1,"messageKeys":{}}},"pendingPreKey":{"signedKeyId":6,"baseKey":"BQ4U9xN2YAr36dj/JgAHUr4fTjPLbI9rV5mwyoCHIngf","preKeyId":3143125}},"BVN53rMSaaqioEFYkD0vbSP+do9enFmv3U1rN51HBbAn":{"registrationId":933799586,"currentRatchet":{"ephemeralKeyPair":{"pubKey":"BZ4M0mE84/U33irp8rIeHrdohXBBKM41n5kJy3f7obJK","privKey":"qMDaDCK5iw66EFN/4MwJFLL2XsnZJHNQLa94EJnUe3k="},"lastRemoteEphemeralKey":"BX3kKHnbifT/0jvwks6QC5+lia77y1SIvtR9RJmugCU7","previousCounter":0,"rootKey":"fAxQqpf5skAOH7r80vby0hQLhUYjQa51XPhUNy2+1CY="},"indexInfo":{"baseKey":"BVN53rMSaaqioEFYkD0vbSP+do9enFmv3U1rN51HBbAn","baseKeyType":1,"closed":-1,"used":1746721098948,"created":1746721098948,"remoteIdentityKey":"BX76XP9Ux/6SJyE1ocRuFphvYwXpEsI9l1kGpytCjxQt"},"_chains":{"BZ4M0mE84/U33irp8rIeHrdohXBBKM41n5kJy3f7obJK":{"chainKey":{"counter":2,"key":"OPPWW25M+SaBUT5DF0B/XgVwj5+qbpo17Cq0tXmNllA="},"chainType":1,"messageKeys":{}}},"pendingPreKey":{"signedKeyId":6,"baseKey":"BVN53rMSaaqioEFYkD0vbSP+do9enFmv3U1rN51HBbAn","preKeyId":3143113}}},"version":"v1"}