{"_sessions":{"BfFccxGc7qxWYiI3dsynaCsg+7ttvxomezIbheSMdBV/":{"registrationId":1301721918,"currentRatchet":{"ephemeralKeyPair":{"pubKey":"Bbtg1Pf83H4VrtZ4JPMIyC/zK8Hk+kxK4kmwnkputfwu","privKey":"IJaCOnyHAwxTYmeXpTOujlNASoT7lmoSsVonyTRkS3M="},"lastRemoteEphemeralKey":"BeMnMs54EsoQTH1GrtxMFxNKSgZorVHkiMu3L55OavBP","previousCounter":0,"rootKey":"/mwgl6k28vwOOAiOOwqTwtGGt2+ZeRMRrQYZg92ud1E="},"indexInfo":{"baseKey":"BfFccxGc7qxWYiI3dsynaCsg+7ttvxomezIbheSMdBV/","baseKeyType":1,"closed":1746721118452,"used":1746721087045,"created":1746721087045,"remoteIdentityKey":"BWDYAurvbVfT/C9NzFyuRF0m5XnvqKEPYjg7CAA/o90l"},"_chains":{"Bbtg1Pf83H4VrtZ4JPMIyC/zK8Hk+kxK4kmwnkputfwu":{"chainKey":{"counter":0,"key":"6z2AMru0MSM5MWjFh+IduGga+lIm+RbTWs5wJC7gFYg="},"chainType":1,"messageKeys":{}}},"pendingPreKey":{"signedKeyId":16405612,"baseKey":"BfFccxGc7qxWYiI3dsynaCsg+7ttvxomezIbheSMdBV/","preKeyId":3010}},"BeKXbkXqE46MspaUK1MDjJy+n68KEH584SLERF1WE0It":{"registrationId":1301721918,"currentRatchet":{"ephemeralKeyPair":{"pubKey":"BSgcvWdk3yLXLSPvTMYwXSlXIjg6MbXL7uV3vrYD5JcB","privKey":"mG2tHCyDfp4a5mS3PlBUWPPP39i122vpFqLk+pugE2M="},"lastRemoteEphemeralKey":"BeMnMs54EsoQTH1GrtxMFxNKSgZorVHkiMu3L55OavBP","previousCounter":0,"rootKey":"DH/FeMPaZcRPms7V0pw1QRyT2/UJOVycnemvORsLgts="},"indexInfo":{"baseKey":"BeKXbkXqE46MspaUK1MDjJy+n68KEH584SLERF1WE0It","baseKeyType":1,"closed":-1,"used":1746721118013,"created":1746721118013,"remoteIdentityKey":"BWDYAurvbVfT/C9NzFyuRF0m5XnvqKEPYjg7CAA/o90l"},"_chains":{"BSgcvWdk3yLXLSPvTMYwXSlXIjg6MbXL7uV3vrYD5JcB":{"chainKey":{"counter":2,"key":"IFkq4Y4hukD0QD3e2m8aWHLx9VDRnkTrr758SCjQRAI="},"chainType":1,"messageKeys":{}}},"pendingPreKey":{"signedKeyId":16405612,"baseKey":"BeKXbkXqE46MspaUK1MDjJy+n68KEH584SLERF1WE0It","preKeyId":2705}}},"version":"v1"}