{"_sessions":{"BSyJat7ViW5SoURHINYJxaOz5iRRtt0HNSshXtoivLRV":{"registrationId":1694688726,"currentRatchet":{"ephemeralKeyPair":{"pubKey":"BUghW+DtTPNn070okwwnKj0xnVFRO/oMA17/jh2VT+Aq","privKey":"iMKqo9+iuTPKiuaOvfI+m8d7dvolRjgvRXE0/ZrDqW4="},"lastRemoteEphemeralKey":"BfvvF2dRZ7miA9mhsZxzzHBR69+BBkM8HjkjkYHZCBtB","previousCounter":0,"rootKey":"wi8AVSvXhuRjste8rwfpgvOzhFp+mGqI7At1C280mSk="},"indexInfo":{"baseKey":"BSyJat7ViW5SoURHINYJxaOz5iRRtt0HNSshXtoivLRV","baseKeyType":1,"closed":-1,"used":1746714522383,"created":1746714522383,"remoteIdentityKey":"BeX8fxwpwKuchm7tMCJp80lc6bGM1/jL8/ENFBm6o/d4"},"_chains":{"BUghW+DtTPNn070okwwnKj0xnVFRO/oMA17/jh2VT+Aq":{"chainKey":{"counter":0,"key":"s5Iihkmk1dQOn+c5OXgcPGXdYysggb0ghfAe60PqIns="},"chainType":1,"messageKeys":{}}},"pendingPreKey":{"signedKeyId":27,"baseKey":"BSyJat7ViW5SoURHINYJxaOz5iRRtt0HNSshXtoivLRV","preKeyId":3101750}}},"version":"v1"}