{"_sessions":{"BT/SH2v+oG2B3F/Vqx89lHJXVqCohiEnKzw/5oW8U0pM":{"registrationId":36,"currentRatchet":{"ephemeralKeyPair":{"pubKey":"BRo3p8VBMkU4qjW0cvQgXSMOXYcQRuPUO4OR93e3gEM+","privKey":"gM3fxiVjO2+acKMn22VVdB+2S7crkbD6HuzZVc9kBFs="},"lastRemoteEphemeralKey":"BWYC17myF3uVQLE+CzCAlgNVZ6Q9lD3GifSTxsU9g4x+","previousCounter":0,"rootKey":"bsOlIfqWjKHAkSQdZzBo3bXmp6BIgUN+/0hx0u0N0hc="},"indexInfo":{"baseKey":"BT/SH2v+oG2B3F/Vqx89lHJXVqCohiEnKzw/5oW8U0pM","baseKeyType":1,"closed":1746721099298,"used":1746721069099,"created":1746721069099,"remoteIdentityKey":"BTlE4IWqjTxYWBHGSfye1MR8pi4hLc6s5Hp+6A3NV5oO"},"_chains":{"BRo3p8VBMkU4qjW0cvQgXSMOXYcQRuPUO4OR93e3gEM+":{"chainKey":{"counter":0,"key":"CdypdXLNyVkgO8Uk5Qe2OCdP5Lrf40h1ZsxkdqZ0FQU="},"chainType":1,"messageKeys":{}}},"pendingPreKey":{"signedKeyId":1,"baseKey":"BT/SH2v+oG2B3F/Vqx89lHJXVqCohiEnKzw/5oW8U0pM"}},"BU1nNxtxmf7SetyiqGu6dVNIiGhmUPECJ5AjO8WA9G5O":{"registrationId":36,"currentRatchet":{"ephemeralKeyPair":{"pubKey":"BRdBrnOUSv+7CqA3yQBy8MpTa9k12IdD2Xq5BJafY7tx","privKey":"IIYYFqDSoXghNASnxd18d4sKCF08wMBXBBlT1c0Ezko="},"lastRemoteEphemeralKey":"BWYC17myF3uVQLE+CzCAlgNVZ6Q9lD3GifSTxsU9g4x+","previousCounter":0,"rootKey":"8W/KQV8XQdnYl1NTnMdl36CWeyopt3zHjISNMbDakb8="},"indexInfo":{"baseKey":"BU1nNxtxmf7SetyiqGu6dVNIiGhmUPECJ5AjO8WA9G5O","baseKeyType":1,"closed":-1,"used":1746721098757,"created":1746721098757,"remoteIdentityKey":"BTlE4IWqjTxYWBHGSfye1MR8pi4hLc6s5Hp+6A3NV5oO"},"_chains":{"BRdBrnOUSv+7CqA3yQBy8MpTa9k12IdD2Xq5BJafY7tx":{"chainKey":{"counter":2,"key":"k66RRHTmXC0xRFVHrJqlNgSWS8PG4mNb0HNoCRbS5Xc="},"chainType":1,"messageKeys":{}}},"pendingPreKey":{"signedKeyId":1,"baseKey":"BU1nNxtxmf7SetyiqGu6dVNIiGhmUPECJ5AjO8WA9G5O"}}},"version":"v1"}