{"_sessions":{"BU8pp/LPmMwzFNoHUyssCNYb18m+5zlaZ6K9Dp+D7lxB":{"registrationId":1935386781,"currentRatchet":{"ephemeralKeyPair":{"pubKey":"BVPjOu/2u2jcoFU2qcm0WwXXjHxypymgGs7ZZTJiicAQ","privKey":"iDyZBI5xt0dR1IRM7tjbWGZdKgY8GVMiqJ9Xnvu48mE="},"lastRemoteEphemeralKey":"BRPfBejZD2BU8SLaSgzi1vH6AiUL8nMVnJH6uMytGJNl","previousCounter":0,"rootKey":"wb/XFLQmYQYxJEMHmnc0lTwLoy0wwdj9dSzUpJIzUVE="},"indexInfo":{"baseKey":"BU8pp/LPmMwzFNoHUyssCNYb18m+5zlaZ6K9Dp+D7lxB","baseKeyType":1,"closed":-1,"used":1746714525586,"created":1746714525586,"remoteIdentityKey":"BRyLzb0WyxTyQAFnrX5tGPbTDqSgjlCghW7BxNT8la4v"},"_chains":{"BVPjOu/2u2jcoFU2qcm0WwXXjHxypymgGs7ZZTJiicAQ":{"chainKey":{"counter":0,"key":"n9OAoq07yX8215OETVB4WOcxGYyEo5md0eBg8xrVym0="},"chainType":1,"messageKeys":{}}},"pendingPreKey":{"signedKeyId":1,"baseKey":"BU8pp/LPmMwzFNoHUyssCNYb18m+5zlaZ6K9Dp+D7lxB"}}},"version":"v1"}