{"_sessions":{"BXzMFqBx3AuPPqnYr4kycGLJkNmm770eN20OGwz6gikc":{"registrationId":1242423787,"currentRatchet":{"ephemeralKeyPair":{"pubKey":"BUPHgpRwQBH8bpcG06mHji0IafpOG7pWaKLJ/hTvfxlT","privKey":"2Lv8t093aUkTIyMfnJU2swr2t1Y+PUsy1lhoE/if7mc="},"lastRemoteEphemeralKey":"BXKeO/WuOKJtTtrZKdogEYp9khv9Qfe7wpbc9d7JH7ZI","previousCounter":0,"rootKey":"OSujofRG16yxyE47Da51/Xp8dcpHYNdsCtNp3ExSW0A="},"indexInfo":{"baseKey":"BXzMFqBx3AuPPqnYr4kycGLJkNmm770eN20OGwz6gikc","baseKeyType":1,"closed":1746721099155,"used":1746721068947,"created":1746721068947,"remoteIdentityKey":"BW2KrGb2V/XlfADJooXtYGu36CsLYiRnSDpxsROYs0Bt"},"_chains":{"BUPHgpRwQBH8bpcG06mHji0IafpOG7pWaKLJ/hTvfxlT":{"chainKey":{"counter":0,"key":"FfU7VzZJsxOYwyfxaACBU/MPNrIOCXPjjKFQ2kQuw/Q="},"chainType":1,"messageKeys":{}}},"pendingPreKey":{"signedKeyId":1,"baseKey":"BXzMFqBx3AuPPqnYr4kycGLJkNmm770eN20OGwz6gikc","preKeyId":6317}},"BfWipnz/wFosD8kP38aTDh8iYxVRbC8Su9REqZhzCzJi":{"registrationId":1242423787,"currentRatchet":{"ephemeralKeyPair":{"pubKey":"BTxB7AP9G85gBoV1D0nRXnUTaieG49Gg2G9+Uv87RKkZ","privKey":"yHlcKlaLLeeYgTXgakWf1MteML7I8NrfVqTnCSdQjWo="},"lastRemoteEphemeralKey":"BXKeO/WuOKJtTtrZKdogEYp9khv9Qfe7wpbc9d7JH7ZI","previousCounter":0,"rootKey":"BrBrVFtMgMcDnkkyu5GF9oVYcqbYjDBWKfbPs42Tw30="},"indexInfo":{"baseKey":"BfWipnz/wFosD8kP38aTDh8iYxVRbC8Su9REqZhzCzJi","baseKeyType":1,"closed":-1,"used":1746721098631,"created":1746721098631,"remoteIdentityKey":"BW2KrGb2V/XlfADJooXtYGu36CsLYiRnSDpxsROYs0Bt"},"_chains":{"BTxB7AP9G85gBoV1D0nRXnUTaieG49Gg2G9+Uv87RKkZ":{"chainKey":{"counter":2,"key":"pJZQDqQb1+Ojl61E7bevxDj1MTApL8V1/MirSd9c9xc="},"chainType":1,"messageKeys":{}}},"pendingPreKey":{"signedKeyId":1,"baseKey":"BfWipnz/wFosD8kP38aTDh8iYxVRbC8Su9REqZhzCzJi","preKeyId":6471}}},"version":"v1"}