{"_sessions":{"Bee865+HYL3Yrd+JyS29qWOCKTLbW2TNVy0v0KWBmKgH":{"registrationId":1318656359,"currentRatchet":{"ephemeralKeyPair":{"pubKey":"BUsjCuO+qA9IlL99e40UjxBGhWWq53CExcERmwSwJc42","privKey":"sJdBJm6CcRyvdwiFn/aQu3cjIkbduQpe0hUHLv8mUGE="},"lastRemoteEphemeralKey":"Bbm5/FZx/HfY+QdST/hrTHUcOVNRzOGzBnhO9RUarL4H","previousCounter":0,"rootKey":"3TeSazu7PuuHX8bDkLzS3Kcyj5OVEyJYCGK3CZZ9DFI="},"indexInfo":{"baseKey":"Bee865+HYL3Yrd+JyS29qWOCKTLbW2TNVy0v0KWBmKgH","baseKeyType":1,"closed":1746721118494,"used":1746721087189,"created":1746721087189,"remoteIdentityKey":"BYw1wHgDYkxHc2lhF8nJlhR9wDd0JZnFIgxFU86XMTZp"},"_chains":{"BUsjCuO+qA9IlL99e40UjxBGhWWq53CExcERmwSwJc42":{"chainKey":{"counter":0,"key":"KGC7l6hlSEPTJcfzOU9KKUvQNtszvYQyE5gI41w+brE="},"chainType":1,"messageKeys":{}}},"pendingPreKey":{"signedKeyId":2423886,"baseKey":"Bee865+HYL3Yrd+JyS29qWOCKTLbW2TNVy0v0KWBmKgH","preKeyId":2274}},"BXb65IqgDizigZYZahgt91Q1M8Zs18dkwBbkl29z87kL":{"registrationId":1318656359,"currentRatchet":{"ephemeralKeyPair":{"pubKey":"BdO5aU4HYFF3yOY6bUIoQP0Tp3SnTj0YuX5BYl/vf6gf","privKey":"MGxVfe6QYvgcPp8tZo1FZUuMCai1H+7nTxABe2CNSVQ="},"lastRemoteEphemeralKey":"Bbm5/FZx/HfY+QdST/hrTHUcOVNRzOGzBnhO9RUarL4H","previousCounter":0,"rootKey":"Om+dXVCT3mHOz5dj1F3SGgvvMUGkQbInRBG+KptVjo8="},"indexInfo":{"baseKey":"BXb65IqgDizigZYZahgt91Q1M8Zs18dkwBbkl29z87kL","baseKeyType":1,"closed":-1,"used":1746721118188,"created":1746721118188,"remoteIdentityKey":"BYw1wHgDYkxHc2lhF8nJlhR9wDd0JZnFIgxFU86XMTZp"},"_chains":{"BdO5aU4HYFF3yOY6bUIoQP0Tp3SnTj0YuX5BYl/vf6gf":{"chainKey":{"counter":2,"key":"kmKuPd11j0srhsb0bIkX8lgWSJofxjJKR3VcNoZxzHU="},"chainType":1,"messageKeys":{}}},"pendingPreKey":{"signedKeyId":2423886,"baseKey":"BXb65IqgDizigZYZahgt91Q1M8Zs18dkwBbkl29z87kL","preKeyId":1750}}},"version":"v1"}