{"_sessions":{"Bblz0HKGiA/crnGHPVWYyypD0kbWGaP7EQSnH+9A+0dC":{"registrationId":15990,"currentRatchet":{"ephemeralKeyPair":{"pubKey":"BQKzC42bw0mBJseQWeSKQVW5TdOHyVERx6G5WC4Q5vAu","privKey":"iM1kiNopwGhBTSjBGkxovrtZwVlQUIdI1WEt9DGudWc="},"lastRemoteEphemeralKey":"BWuxawOcLc1uQDHEb7rXLXTor79T1uHjeOvrlwVobDxJ","previousCounter":0,"rootKey":"jWnX+QwahNHUmX5Njw9Gxv4JFh3nCunxYlVn/cmMi10="},"indexInfo":{"baseKey":"Bblz0HKGiA/crnGHPVWYyypD0kbWGaP7EQSnH+9A+0dC","baseKeyType":1,"closed":1746721099124,"used":1746721068879,"created":1746721068879,"remoteIdentityKey":"BboVSbHi5yVsCKg2FbpgAX85GrXv7yMN0yFfk9YPbW9f"},"_chains":{"BQKzC42bw0mBJseQWeSKQVW5TdOHyVERx6G5WC4Q5vAu":{"chainKey":{"counter":0,"key":"Vlw3+ZHAlOp2H+eb9CDiOQdb9dowxGP5rJtBG9ekIkI="},"chainType":1,"messageKeys":{}}},"pendingPreKey":{"signedKeyId":2,"baseKey":"Bblz0HKGiA/crnGHPVWYyypD0kbWGaP7EQSnH+9A+0dC","preKeyId":2440}},"BZYnVP7WPLq+gV3w069JunKO5G/UJrCQRbotEMqcqT5S":{"registrationId":15990,"currentRatchet":{"ephemeralKeyPair":{"pubKey":"BRoOO6b05LGcpmBki6jtmfWC1BNVBL6NhLxaN6DtBJol","privKey":"kGxi0pgAKh66629ojE3xeVFS8xRZT/rD2ayy0xndTnU="},"lastRemoteEphemeralKey":"BWuxawOcLc1uQDHEb7rXLXTor79T1uHjeOvrlwVobDxJ","previousCounter":0,"rootKey":"IXzIo8WvpYsQqcN+kwbu5Qvm8aDO9Q+ZjxGdxO9Lax0="},"indexInfo":{"baseKey":"BZYnVP7WPLq+gV3w069JunKO5G/UJrCQRbotEMqcqT5S","baseKeyType":1,"closed":-1,"used":1746721098579,"created":1746721098579,"remoteIdentityKey":"BboVSbHi5yVsCKg2FbpgAX85GrXv7yMN0yFfk9YPbW9f"},"_chains":{"BRoOO6b05LGcpmBki6jtmfWC1BNVBL6NhLxaN6DtBJol":{"chainKey":{"counter":2,"key":"26Z/GFr1IhJt8mUmJEqi1+z0Bt1Kp3q9dtKInrMMirQ="},"chainType":1,"messageKeys":{}}},"pendingPreKey":{"signedKeyId":2,"baseKey":"BZYnVP7WPLq+gV3w069JunKO5G/UJrCQRbotEMqcqT5S","preKeyId":2162}}},"version":"v1"}