{"_sessions":{"BUBN62YCpHH1AgScYInb7PpnhDHyOiXycCLMp9SFSP51":{"registrationId":969450062,"currentRatchet":{"ephemeralKeyPair":{"pubKey":"BSPHLoeTFrAgy+YqcI7J7yFgxg+7Nu2kV+p9OVyu3dYg","privKey":"MAoMVCz4RMThd1biOmSoCz03EcaFcqMb5oyNWiLDh2g="},"lastRemoteEphemeralKey":"BT0CIm+mNDD1U/1/jlZW4hmjxFxjH97mAqXz3q79abUL","previousCounter":0,"rootKey":"SNBVSuIxyqcXJky7OsN5N8NKQ6QuBkbTYUUZlV39gLs="},"indexInfo":{"baseKey":"BUBN62YCpHH1AgScYInb7PpnhDHyOiXycCLMp9SFSP51","baseKeyType":1,"closed":1746721111377,"used":1746721080362,"created":1746721080362,"remoteIdentityKey":"BXfYsf3s0+1wkRrUA7SOXusJook97iobYJWz+QBzsed2"},"_chains":{"BSPHLoeTFrAgy+YqcI7J7yFgxg+7Nu2kV+p9OVyu3dYg":{"chainKey":{"counter":0,"key":"uy6FWfNVN1iC4aGDkcMgjC/t5ZvvxcfiOXgLEbkC39Q="},"chainType":1,"messageKeys":{}}},"pendingPreKey":{"signedKeyId":10,"baseKey":"BUBN62YCpHH1AgScYInb7PpnhDHyOiXycCLMp9SFSP51","preKeyId":16687117}},"BYMq21dzYtvd2JZZXu0tNGIDTeql/WM1yohjsHxcw7cF":{"registrationId":969450062,"currentRatchet":{"ephemeralKeyPair":{"pubKey":"BcbgD3k6N6Rlt2vrpFzbM3FKo0qkGBXpsAYXPUlTG/EL","privKey":"eIYu36VteUs51kqY4tWcSBFoZdIYiD7y/UaSsBA9TUo="},"lastRemoteEphemeralKey":"BT0CIm+mNDD1U/1/jlZW4hmjxFxjH97mAqXz3q79abUL","previousCounter":0,"rootKey":"2a9Hk6PKQDpPKkK4GWfGOveYMqMpl3Osi6HNQMReRBM="},"indexInfo":{"baseKey":"BYMq21dzYtvd2JZZXu0tNGIDTeql/WM1yohjsHxcw7cF","baseKeyType":1,"closed":-1,"used":1746721111274,"created":1746721111274,"remoteIdentityKey":"BXfYsf3s0+1wkRrUA7SOXusJook97iobYJWz+QBzsed2"},"_chains":{"BcbgD3k6N6Rlt2vrpFzbM3FKo0qkGBXpsAYXPUlTG/EL":{"chainKey":{"counter":2,"key":"AqlKuhCtc4QjeRecla4WglUdoLwva4paZ9fM4PeX1YY="},"chainType":1,"messageKeys":{}}},"pendingPreKey":{"signedKeyId":10,"baseKey":"BYMq21dzYtvd2JZZXu0tNGIDTeql/WM1yohjsHxcw7cF","preKeyId":16687291}}},"version":"v1"}