{"_sessions":{"BW4g5VDo8Qqysw6DFillmzRvofbzt/ghSVvpjQN0o28K":{"registrationId":1285913700,"currentRatchet":{"ephemeralKeyPair":{"pubKey":"BajdodF7lTiOpAoiE1M2eoi847EUcaObZMYRPOpWYeoS","privKey":"ELBXSLm+n2vksVboi6ahaUu59J4OrXZpXXKg/+EYw00="},"lastRemoteEphemeralKey":"Bby2lJHFDbTLX89YaOkdEnClL1oPDfiFk1K9dMT2J0dW","previousCounter":0,"rootKey":"mFOZCAPuyVynWPyyFionxTZUTHlDdKTiwRdM4swsqvE="},"indexInfo":{"baseKey":"BW4g5VDo8Qqysw6DFillmzRvofbzt/ghSVvpjQN0o28K","baseKeyType":1,"closed":-1,"used":1746714525558,"created":1746714525558,"remoteIdentityKey":"BWHI81IA5EAADNutrzjw+HP31hfP2Wy5O7feO5PsbC5A"},"_chains":{"BajdodF7lTiOpAoiE1M2eoi847EUcaObZMYRPOpWYeoS":{"chainKey":{"counter":0,"key":"lFUdiNCO8szrkkXJAT0GPMwYszlh0xcd8xnIN9heOlc="},"chainType":1,"messageKeys":{}}},"pendingPreKey":{"signedKeyId":15,"baseKey":"BW4g5VDo8Qqysw6DFillmzRvofbzt/ghSVvpjQN0o28K","preKeyId":12470218}}},"version":"v1"}