{"_sessions":{"BQh2hbQPGaAy9JWV1jfxuxE+hSXroemrRQWA+6OIFkxT":{"registrationId":939215173,"currentRatchet":{"ephemeralKeyPair":{"pubKey":"BXcn7TkLH4UKMvPD3lWiVdg/VqE6G9gqTNaoQHO8ICo8","privKey":"oId7j83T6srLTm9cRSZELjLHJf9ETPeI2GnVjZsWVVk="},"lastRemoteEphemeralKey":"BX/VXvEdeBQejP3qcGqwrBmf4M8s0uDbarmrb6w2WAsK","previousCounter":0,"rootKey":"G4ouMEQ3ry45bc533qsmdOc9keoKK5uzfB2InYS2Zt0="},"indexInfo":{"baseKey":"BQh2hbQPGaAy9JWV1jfxuxE+hSXroemrRQWA+6OIFkxT","baseKeyType":1,"closed":1746721099077,"used":1746721068769,"created":1746721068769,"remoteIdentityKey":"Bc/eVfHw+H7VU2IwiBdYjpN1kbfBCzQnZAoiU5yuom0/"},"_chains":{"BXcn7TkLH4UKMvPD3lWiVdg/VqE6G9gqTNaoQHO8ICo8":{"chainKey":{"counter":0,"key":"UTou7B6+be8gKbXex+oWwa5IjBchsQNL8tizXGE1Xq4="},"chainType":1,"messageKeys":{}}},"pendingPreKey":{"signedKeyId":4144665,"baseKey":"BQh2hbQPGaAy9JWV1jfxuxE+hSXroemrRQWA+6OIFkxT","preKeyId":2609}},"Bev0DIeCR5gTZVm2UkeeKy0d70BbNest6hhekAbirns3":{"registrationId":939215173,"currentRatchet":{"ephemeralKeyPair":{"pubKey":"BbWvyAvsXxm+ydGn9U7IihJiPRj15cmSAd4JF22hl2ww","privKey":"aO7yE5FrGwPKzyNV3yqoHMEYKOEPkO5t6EJ1Eu6NvmU="},"lastRemoteEphemeralKey":"BX/VXvEdeBQejP3qcGqwrBmf4M8s0uDbarmrb6w2WAsK","previousCounter":0,"rootKey":"RBUNiOwci09WXqSwWgElYuB+67WAo6Ac6BKEugS9GOs="},"indexInfo":{"baseKey":"Bev0DIeCR5gTZVm2UkeeKy0d70BbNest6hhekAbirns3","baseKeyType":1,"closed":-1,"used":1746721098479,"created":1746721098479,"remoteIdentityKey":"Bc/eVfHw+H7VU2IwiBdYjpN1kbfBCzQnZAoiU5yuom0/"},"_chains":{"BbWvyAvsXxm+ydGn9U7IihJiPRj15cmSAd4JF22hl2ww":{"chainKey":{"counter":2,"key":"uJbQHOXGH6SUa+heB7S89z8dtxrQdr25Z4WXVZrHvro="},"chainType":1,"messageKeys":{}}},"pendingPreKey":{"signedKeyId":4144665,"baseKey":"Bev0DIeCR5gTZVm2UkeeKy0d70BbNest6hhekAbirns3","preKeyId":2079}}},"version":"v1"}