{"_sessions":{"BT6HKiuQt3sKtHPtmiCpGuXJavROF6V+4e09yDrCZD9l":{"registrationId":589275801,"currentRatchet":{"ephemeralKeyPair":{"pubKey":"BU2YW1f8Jk5N5vF2H1gsf+1H3DDC7dtFfzqL9611RBgs","privKey":"aPpXzVhXfWrDX8aSJ3kEIvANpsrR5EouB4N4ku+Tn2g="},"lastRemoteEphemeralKey":"BcfAEZjZw+gv/IPxpBk+zjEcrqo2ofqGM0Jv6Gkqggt2","previousCounter":0,"rootKey":"A+Z+rm7+c8q3ZPsQ5WRK41RevKA2Arx14GUfa4ICkHw="},"indexInfo":{"baseKey":"BT6HKiuQt3sKtHPtmiCpGuXJavROF6V+4e09yDrCZD9l","baseKeyType":1,"closed":1746721118468,"used":1746721087098,"created":1746721087098,"remoteIdentityKey":"BYgMpAG+41X8MWRQ21N8XvZm/gErqyjk7gM8gnafjd5d"},"_chains":{"BU2YW1f8Jk5N5vF2H1gsf+1H3DDC7dtFfzqL9611RBgs":{"chainKey":{"counter":0,"key":"iTN4i9pqg2/uNYIZfE4hx0VwCPy1n88mkjPfdDer0VE="},"chainType":1,"messageKeys":{}}},"pendingPreKey":{"signedKeyId":4,"baseKey":"BT6HKiuQt3sKtHPtmiCpGuXJavROF6V+4e09yDrCZD9l","preKeyId":14376757}},"BRuV6P5ojgepUI9DyQ+QZVkSQnLGOBxNHtkWDQzDuTkz":{"registrationId":589275801,"currentRatchet":{"ephemeralKeyPair":{"pubKey":"BaGtmGj/uofxH0PWWOH/qwNBN7g+Heaxft52gQ3OoY4u","privKey":"OFqu2HXIGnNnjqV5UGZ6TAWI91oBxmNfESoi82wzKlM="},"lastRemoteEphemeralKey":"BcfAEZjZw+gv/IPxpBk+zjEcrqo2ofqGM0Jv6Gkqggt2","previousCounter":0,"rootKey":"x92rkhZ6sSe5ceERkLDNGQWCxwky6Fzn7uD0aCputLo="},"indexInfo":{"baseKey":"BRuV6P5ojgepUI9DyQ+QZVkSQnLGOBxNHtkWDQzDuTkz","baseKeyType":1,"closed":-1,"used":1746721118077,"created":1746721118077,"remoteIdentityKey":"BYgMpAG+41X8MWRQ21N8XvZm/gErqyjk7gM8gnafjd5d"},"_chains":{"BaGtmGj/uofxH0PWWOH/qwNBN7g+Heaxft52gQ3OoY4u":{"chainKey":{"counter":2,"key":"JDT+s2eA72IP94qLuMaWBNOos+EFr6i6i5nipbaleFg="},"chainType":1,"messageKeys":{}}},"pendingPreKey":{"signedKeyId":4,"baseKey":"BRuV6P5ojgepUI9DyQ+QZVkSQnLGOBxNHtkWDQzDuTkz","preKeyId":14376584}}},"version":"v1"}