{"_sessions":{"BYSftMIIcYQdoXcnpYokxzWUC1e/kpo/sExv4jMxCZ9F":{"registrationId":1483916046,"currentRatchet":{"ephemeralKeyPair":{"pubKey":"BawXcVvMRSv2lCqpYnOyqdAd5nV4qnC+blFUezJyVSQN","privKey":"8AGteXLcLNzyNaGt0yjhwOPbTLQ9MDu2p+td5EBLt1A="},"lastRemoteEphemeralKey":"Bagdjy6CJzPDj5kG344jhUXrFSQoyKKVeE9JYdZj0nJb","previousCounter":0,"rootKey":"n+3YgwZqn38/RvRjyAbkcGO8j8d2+8/0UrrOHaqMc38="},"indexInfo":{"baseKey":"BYSftMIIcYQdoXcnpYokxzWUC1e/kpo/sExv4jMxCZ9F","baseKeyType":1,"closed":1746721118483,"used":1746721087160,"created":1746721087160,"remoteIdentityKey":"BcY2Br9Ug5lBqYBwSInQiWagTUoZIB0C4B3W826qY5BM"},"_chains":{"BawXcVvMRSv2lCqpYnOyqdAd5nV4qnC+blFUezJyVSQN":{"chainKey":{"counter":0,"key":"SiSG2jZDHBmQ/K19rA8jGOGK8t/36zUpb+0SPyFjJac="},"chainType":1,"messageKeys":{}}},"pendingPreKey":{"signedKeyId":7,"baseKey":"BYSftMIIcYQdoXcnpYokxzWUC1e/kpo/sExv4jMxCZ9F","preKeyId":3404052}},"BZGRfYN6S1ddJnCSunUrexUOsmJjmFXZIPY2fcAZYU8x":{"registrationId":1483916046,"currentRatchet":{"ephemeralKeyPair":{"pubKey":"BawLZ42Gq3sD5ZGWU+JOVE41m/BHqvFqZO6Z8Bq9u4Vz","privKey":"OE6xW2Q1oDHiPn9KkKGIQZI3q4cZomvgUr20ABkLZHY="},"lastRemoteEphemeralKey":"Bagdjy6CJzPDj5kG344jhUXrFSQoyKKVeE9JYdZj0nJb","previousCounter":0,"rootKey":"SmZUxB+5Uh+HHdhlDsQHFZcST1iuXz3/EccKTDSDLMA="},"indexInfo":{"baseKey":"BZGRfYN6S1ddJnCSunUrexUOsmJjmFXZIPY2fcAZYU8x","baseKeyType":1,"closed":-1,"used":1746721118153,"created":1746721118153,"remoteIdentityKey":"BcY2Br9Ug5lBqYBwSInQiWagTUoZIB0C4B3W826qY5BM"},"_chains":{"BawLZ42Gq3sD5ZGWU+JOVE41m/BHqvFqZO6Z8Bq9u4Vz":{"chainKey":{"counter":2,"key":"cN6B+rkEeqBduVnV7XBRCAu5wARQn2ULMGrQWgwnNH0="},"chainType":1,"messageKeys":{}}},"pendingPreKey":{"signedKeyId":7,"baseKey":"BZGRfYN6S1ddJnCSunUrexUOsmJjmFXZIPY2fcAZYU8x","preKeyId":3402711}}},"version":"v1"}