{"_sessions":{"BRbxBDMJGvAGkcGP4Bbp2UbFFx+mqw2oYGug+Vl9iexR":{"registrationId":350670135,"currentRatchet":{"ephemeralKeyPair":{"pubKey":"BXl18YnsIdeyAFczMuo9hhr3VEiYXIwjxpYdwsYg/EdX","privKey":"GNFDeJrDT9QfGaACfKoat1vXQwwdLhX3RSM4kx5Z9WY="},"lastRemoteEphemeralKey":"BRf4hwvwaqOvrqiBqxWHePGF8gr1q9Vuy6uLyeMwwdco","previousCounter":0,"rootKey":"IId69jqsnk3hE1ExA+T1rSxvdS5KmxaFud2t6uYYUJI="},"indexInfo":{"baseKey":"BRbxBDMJGvAGkcGP4Bbp2UbFFx+mqw2oYGug+Vl9iexR","baseKeyType":1,"closed":-1,"used":1746714532703,"created":1746714532703,"remoteIdentityKey":"BbxyPLxvuQ6xVdeRx6aC6P0pH7iYch6GRyJMqqVV9Idf"},"_chains":{"BXl18YnsIdeyAFczMuo9hhr3VEiYXIwjxpYdwsYg/EdX":{"chainKey":{"counter":0,"key":"fBP7ovedC1bYM+Kfx5P/ILwLMEl4wF//HsU7zML35Hk="},"chainType":1,"messageKeys":{}}},"pendingPreKey":{"signedKeyId":11,"baseKey":"BRbxBDMJGvAGkcGP4Bbp2UbFFx+mqw2oYGug+Vl9iexR","preKeyId":16179922}}},"version":"v1"}