{"_sessions":{"BcKKiW5Acwn5YhFKRcWS0C0choHF4TN4AyY9MUdRnlYZ":{"registrationId":2449,"currentRatchet":{"ephemeralKeyPair":{"pubKey":"Beu6SKbOUOac5HXuqfbi6evwQ+hRcLyCG7fsBdkU3aQN","privKey":"MExrVP5KdpjwNApvuLHn9FJl5wI9rNFGmRrgsksDFkE="},"lastRemoteEphemeralKey":"BRvyLv9MlfcYq0GJSkZ8xKyHdxZM9nv7hepzifogIHJj","previousCounter":0,"rootKey":"UQadvvsEtX3cgcNtmFUdYV7lFgZiQ943T02yx+IU9vI="},"indexInfo":{"baseKey":"BcKKiW5Acwn5YhFKRcWS0C0choHF4TN4AyY9MUdRnlYZ","baseKeyType":1,"closed":1746721099200,"used":1746721068989,"created":1746721068989,"remoteIdentityKey":"BdXcobr+KlZwph8aDVjZ6Xwj4cGQousUq3QqzcxFdIdh"},"_chains":{"Beu6SKbOUOac5HXuqfbi6evwQ+hRcLyCG7fsBdkU3aQN":{"chainKey":{"counter":0,"key":"rIVhxhCvEAs/24iZnYjprBwDMaBEwKgzzG5B0thZJes="},"chainType":1,"messageKeys":{}}},"pendingPreKey":{"signedKeyId":1,"baseKey":"BcKKiW5Acwn5YhFKRcWS0C0choHF4TN4AyY9MUdRnlYZ"}},"BeOamx4WD9I+vcHk1MgHO+pfH8Ir4YTt1GwEM3Z3Zp5y":{"registrationId":2449,"currentRatchet":{"ephemeralKeyPair":{"pubKey":"BUEboyR/Yo+I9icNd8NLATK36uJzreGsEBhzkQgc81lP","privKey":"4BMOkLqP9zbUJwT7yxLbZ7mij3ejp5VEXIo1yd6AfFA="},"lastRemoteEphemeralKey":"BRvyLv9MlfcYq0GJSkZ8xKyHdxZM9nv7hepzifogIHJj","previousCounter":0,"rootKey":"aSISFNSEPz1QPQuZv06ijKd1fkL+Vuoiqo12R0jiQHo="},"indexInfo":{"baseKey":"BeOamx4WD9I+vcHk1MgHO+pfH8Ir4YTt1GwEM3Z3Zp5y","baseKeyType":1,"closed":-1,"used":1746721098668,"created":1746721098668,"remoteIdentityKey":"BdXcobr+KlZwph8aDVjZ6Xwj4cGQousUq3QqzcxFdIdh"},"_chains":{"BUEboyR/Yo+I9icNd8NLATK36uJzreGsEBhzkQgc81lP":{"chainKey":{"counter":2,"key":"4PgE/G2OCd8TsKd6S0g6H701gH9DhUu+n2ZmExreJvw="},"chainType":1,"messageKeys":{}}},"pendingPreKey":{"signedKeyId":1,"baseKey":"BeOamx4WD9I+vcHk1MgHO+pfH8Ir4YTt1GwEM3Z3Zp5y"}}},"version":"v1"}