{"_sessions":{"BcwIu2GXrJve79YrnCwamiKXhdjgGFjZ5kcJGDcAgFd+":{"registrationId":1360181646,"currentRatchet":{"ephemeralKeyPair":{"pubKey":"Bfqk65ocUpNRb1M2tiAo5PLcZC+igTmusuCxmjPWB987","privKey":"sLgQQ6k99rb8CfKFe+pkVEtr16LUoYqnLJXEcIPP9Uk="},"lastRemoteEphemeralKey":"BStJfv82xd4Rnql5J30RjK9mdYBcqJmTZKO9ONCUsvZX","previousCounter":0,"rootKey":"+kV/Qk1+pFuqlPVyrlKB/C2hxbmsH0Oq+QIUlpFZ9fQ="},"indexInfo":{"baseKey":"BcwIu2GXrJve79YrnCwamiKXhdjgGFjZ5kcJGDcAgFd+","baseKeyType":1,"closed":1746721118527,"used":1746721087310,"created":1746721087310,"remoteIdentityKey":"BWJVfCP8HIr9OHS3VCTZXvBGvauOsSd47FDa2OT17C8s"},"_chains":{"Bfqk65ocUpNRb1M2tiAo5PLcZC+igTmusuCxmjPWB987":{"chainKey":{"counter":0,"key":"ppV4ZZ9PyiKWKAB+UihOuK4AZXPxcTlo8J9UqtG5JOg="},"chainType":1,"messageKeys":{}}},"pendingPreKey":{"signedKeyId":4,"baseKey":"BcwIu2GXrJve79YrnCwamiKXhdjgGFjZ5kcJGDcAgFd+","preKeyId":6344834}},"BeKVJbUoPcpKquqh7Y4XTMmqp6iGGKkU+1+X15Ynt19B":{"registrationId":1360181646,"currentRatchet":{"ephemeralKeyPair":{"pubKey":"Bc4bGFj+qswoD9TOEmQm8Zhwu7cH+jGx4I0bXoMnmptF","privKey":"4Hg/F/wPiw53MeLMVbBUCQkonz3k1/MyryLlLbLudV0="},"lastRemoteEphemeralKey":"BStJfv82xd4Rnql5J30RjK9mdYBcqJmTZKO9ONCUsvZX","previousCounter":0,"rootKey":"+XxvUQlzP6HCEA14xGiQWAypzTm4dFQSXbrHSSV1cE4="},"indexInfo":{"baseKey":"BeKVJbUoPcpKquqh7Y4XTMmqp6iGGKkU+1+X15Ynt19B","baseKeyType":1,"closed":-1,"used":1746721118341,"created":1746721118341,"remoteIdentityKey":"BWJVfCP8HIr9OHS3VCTZXvBGvauOsSd47FDa2OT17C8s"},"_chains":{"Bc4bGFj+qswoD9TOEmQm8Zhwu7cH+jGx4I0bXoMnmptF":{"chainKey":{"counter":2,"key":"WDCt9B/B9jh86wFMRXoliywL2CjCvZKzdUBbx9i3/7U="},"chainType":1,"messageKeys":{}}},"pendingPreKey":{"signedKeyId":4,"baseKey":"BeKVJbUoPcpKquqh7Y4XTMmqp6iGGKkU+1+X15Ynt19B","preKeyId":6345561}}},"version":"v1"}