{"_sessions":{"BTGSWEf4H5BxYEZmrSakZ5BcACDmZ5GRE7in2IaYweAF":{"registrationId":98,"currentRatchet":{"ephemeralKeyPair":{"pubKey":"BXosLiWhrV/LLKcTuSMWkyL5uR3PKxQZDbcob4n409AH","privKey":"yKVuvUF3WtAagjbSZCwTdNV/+J9GybVE3AiQNPG2okI="},"lastRemoteEphemeralKey":"BcIwMCC9Zx5N8DlmpbdtECBX26pWX0vMng0vXh/PoOlr","previousCounter":0,"rootKey":"D6NoGFh9gwu+ChMOKDoSaWTdzSH34XVwa+/iBcQI9V4="},"indexInfo":{"baseKey":"BTGSWEf4H5BxYEZmrSakZ5BcACDmZ5GRE7in2IaYweAF","baseKeyType":1,"closed":1746721099236,"used":1746721069037,"created":1746721069037,"remoteIdentityKey":"Bf/MTyq5sAKTsyH2nEhAKQEQuBkjv16GizMw/a4F2cYX"},"_chains":{"BXosLiWhrV/LLKcTuSMWkyL5uR3PKxQZDbcob4n409AH":{"chainKey":{"counter":0,"key":"60WLKUD/N28SkoDlfMoFWZINSQxuYRcDHcejMDVzXDc="},"chainType":1,"messageKeys":{}}},"pendingPreKey":{"signedKeyId":1,"baseKey":"BTGSWEf4H5BxYEZmrSakZ5BcACDmZ5GRE7in2IaYweAF"}},"BdJiFzEtcUJ9S2Q8l4XTcAYftiE4kd6ItCJ/pZRgwywQ":{"registrationId":98,"currentRatchet":{"ephemeralKeyPair":{"pubKey":"BThP4UrWy+QI1dFOt4B7Lg9MyoeRots2W8B6Kz5EM9A5","privKey":"8AUDRl8AMnQsrkt2z5zfwUij5F7/BpQnHm7z66HNVFc="},"lastRemoteEphemeralKey":"BcIwMCC9Zx5N8DlmpbdtECBX26pWX0vMng0vXh/PoOlr","previousCounter":0,"rootKey":"xQyqYdoTWrF3t2AXdF7cpqZerDeOYl+x+q4KDiJvlH8="},"indexInfo":{"baseKey":"BdJiFzEtcUJ9S2Q8l4XTcAYftiE4kd6ItCJ/pZRgwywQ","baseKeyType":1,"closed":-1,"used":1746721098708,"created":1746721098708,"remoteIdentityKey":"Bf/MTyq5sAKTsyH2nEhAKQEQuBkjv16GizMw/a4F2cYX"},"_chains":{"BThP4UrWy+QI1dFOt4B7Lg9MyoeRots2W8B6Kz5EM9A5":{"chainKey":{"counter":2,"key":"sTC4V+eX2jI/jVUISFzssl1qrr/jAsfXCFldQqTLjlE="},"chainType":1,"messageKeys":{}}},"pendingPreKey":{"signedKeyId":1,"baseKey":"BdJiFzEtcUJ9S2Q8l4XTcAYftiE4kd6ItCJ/pZRgwywQ"}}},"version":"v1"}