{"_sessions":{"BcxyiLAFhfo9v97D6ENjtmnb48ZYlvoUG7jZhpYVFG0G":{"registrationId":514118681,"currentRatchet":{"ephemeralKeyPair":{"pubKey":"Ba83DgSMWe7bcyLfqmhcISf//UR7ns5o4VyfSCfKBjRU","privKey":"2KGZEZQ2vIYg3VQdLUwLuzROQjllAcQ9t5V1Q+anyGA="},"lastRemoteEphemeralKey":"BeMHKMWWyzaN4IROy7jaJ/oXI4gPJUEvspdYhCw/pqgB","previousCounter":0,"rootKey":"51Hefx9ooCTJfSpoRKWB4djA5JzHH7zOXCGOh7jm2gM="},"indexInfo":{"baseKey":"BcxyiLAFhfo9v97D6ENjtmnb48ZYlvoUG7jZhpYVFG0G","baseKeyType":1,"closed":-1,"used":1746714525856,"created":1746714525856,"remoteIdentityKey":"BbNQZDGPTMppIspvTLa869s2yvRRcEAX5xJtiIVssv5O"},"_chains":{"Ba83DgSMWe7bcyLfqmhcISf//UR7ns5o4VyfSCfKBjRU":{"chainKey":{"counter":0,"key":"G4plT+v9+vmWYYUNPbIBC09NUrhw9qAUHaCM8Kp2Vfg="},"chainType":1,"messageKeys":{}}},"pendingPreKey":{"signedKeyId":6,"baseKey":"BcxyiLAFhfo9v97D6ENjtmnb48ZYlvoUG7jZhpYVFG0G","preKeyId":3061161}}},"version":"v1"}