{"_sessions":{"BbdKKBFBDMo8AEFbCwIHDpRTNmFknhtbPpR6wdBSs2cG":{"registrationId":441747431,"currentRatchet":{"ephemeralKeyPair":{"pubKey":"BSvegixo47htkQ0D1fxQd7ewcSpf3b3B92wjb6iU2GxQ","privKey":"yEbOIZaMADwaUm1tUwlXgKBH+M1vp3K5rYqUjGU5xXg="},"lastRemoteEphemeralKey":"BVDV8Ibcz3AG+MAhdHf3dOmg73EVUqKCH3ID+XMzVvUB","previousCounter":0,"rootKey":"50G3okVAi3uigifW3j4jy5kekfXtWrJW0mr7kcBVjsg="},"indexInfo":{"baseKey":"BbdKKBFBDMo8AEFbCwIHDpRTNmFknhtbPpR6wdBSs2cG","baseKeyType":1,"closed":1746721099405,"used":1746721069206,"created":1746721069206,"remoteIdentityKey":"BXJpwtTGkBbKYZZHxEG8mxxs5RpHeTs6arSrW9zBjKBp"},"_chains":{"BSvegixo47htkQ0D1fxQd7ewcSpf3b3B92wjb6iU2GxQ":{"chainKey":{"counter":0,"key":"1VpUY6JxRmazO4YdIoceiFtLeFrkMN3KGDSOVs6waUk="},"chainType":1,"messageKeys":{}}},"pendingPreKey":{"signedKeyId":4,"baseKey":"BbdKKBFBDMo8AEFbCwIHDpRTNmFknhtbPpR6wdBSs2cG","preKeyId":5930471}},"BdHM6UTMec+ZA7tInzMlxS/KkGpDkA94g382Ix2v+RAT":{"registrationId":441747431,"currentRatchet":{"ephemeralKeyPair":{"pubKey":"BYFfHseTCrQZx1OsDnSSIL7U6Vop0owi4OQ/1HgWnTI7","privKey":"oE1EGxo4gPgJ/eFTPcBNQEpzwflKl3PuizJtOP1N1kw="},"lastRemoteEphemeralKey":"BVDV8Ibcz3AG+MAhdHf3dOmg73EVUqKCH3ID+XMzVvUB","previousCounter":0,"rootKey":"PF7/ISHZm02u1/2qpkw+J/vBnWbaSm+xG889c/y4vY8="},"indexInfo":{"baseKey":"BdHM6UTMec+ZA7tInzMlxS/KkGpDkA94g382Ix2v+RAT","baseKeyType":1,"closed":-1,"used":1746721098859,"created":1746721098859,"remoteIdentityKey":"BXJpwtTGkBbKYZZHxEG8mxxs5RpHeTs6arSrW9zBjKBp"},"_chains":{"BYFfHseTCrQZx1OsDnSSIL7U6Vop0owi4OQ/1HgWnTI7":{"chainKey":{"counter":2,"key":"7Ub7Tk8eYwYqXoq5tENTow+Ryo9aTWw8FtzF/trmGzc="},"chainType":1,"messageKeys":{}}},"pendingPreKey":{"signedKeyId":4,"baseKey":"BdHM6UTMec+ZA7tInzMlxS/KkGpDkA94g382Ix2v+RAT","preKeyId":5930373}}},"version":"v1"}