{"_sessions":{"Bc7D8Urc/HCobIm3DbrdUQApw7fwD3fIi4zNH7bxBckD":{"registrationId":1004247522,"currentRatchet":{"ephemeralKeyPair":{"pubKey":"Be5xdvdX529oui+a84r7OKaVbM9vT5oEeAKzDdhGMOJv","privKey":"OPC/Ff2hb4sgngFc8hAJh245+dlD61e0R55K3As+/0k="},"lastRemoteEphemeralKey":"BUTsYW3bdvSF+mKYqMKBrGelNJ06KaSg3iLSx0fGolVR","previousCounter":0,"rootKey":"Zm73SYnH/+rKrTPif6iOodmv8qrNCk9xHO2vcAebMeM="},"indexInfo":{"baseKey":"Bc7D8Urc/HCobIm3DbrdUQApw7fwD3fIi4zNH7bxBckD","baseKeyType":1,"closed":-1,"used":1746714529276,"created":1746714529276,"remoteIdentityKey":"BT4xBgPRnUvkXKkEEpiO4oa9YbD5oRGujlPN65q3IzUr"},"_chains":{"Be5xdvdX529oui+a84r7OKaVbM9vT5oEeAKzDdhGMOJv":{"chainKey":{"counter":0,"key":"2fyjGMbslWFaXbYbH+SBjjhc6SAVNVuxVigrXmmEgnQ="},"chainType":1,"messageKeys":{}}},"pendingPreKey":{"signedKeyId":3,"baseKey":"Bc7D8Urc/HCobIm3DbrdUQApw7fwD3fIi4zNH7bxBckD","preKeyId":14012174}}},"version":"v1"}