{"_sessions":{"BVPRLDbL8WGjLOjLlgJd1Wh8fQI5ngfR0GOgVn81eVw6":{"registrationId":323351786,"currentRatchet":{"ephemeralKeyPair":{"pubKey":"Be8FSIO+bzxGUYMLPT6wqKVHEXBuxZnuwEOyebM2B9Fi","privKey":"IDhZXWWc+O0yYf0qpDl/3XwLsSyJiW6r+5uGWtWjP0Y="},"lastRemoteEphemeralKey":"BTRE9+t85W5uUxzMbXa16FFoBiQobzTRJp0TlO64S6ZZ","previousCounter":0,"rootKey":"r/RsR0VjIaUicFgESJJuQSsMizjzpkmUQsdO+k2fkA8="},"indexInfo":{"baseKey":"BVPRLDbL8WGjLOjLlgJd1Wh8fQI5ngfR0GOgVn81eVw6","baseKeyType":1,"closed":1746721099561,"used":1746721069307,"created":1746721069307,"remoteIdentityKey":"BczrAUzpXIznOsttqvkTvREpY776Tljke9E/cd6TMXlx"},"_chains":{"Be8FSIO+bzxGUYMLPT6wqKVHEXBuxZnuwEOyebM2B9Fi":{"chainKey":{"counter":0,"key":"UI3YARRBU6uGfWKF38X2omkMQZyRjXXo/Ocs7TzwSfo="},"chainType":1,"messageKeys":{}}},"pendingPreKey":{"signedKeyId":3,"baseKey":"BVPRLDbL8WGjLOjLlgJd1Wh8fQI5ngfR0GOgVn81eVw6","preKeyId":6840627}},"Baeb8G7fqWqXFrdwfxsdIuK+Lj4NnX4+bPe1S3vmhoEX":{"registrationId":323351786,"currentRatchet":{"ephemeralKeyPair":{"pubKey":"BdQFqWyfx1vWCf+DMyX5ujWXp3g1zuyqs02Lpz28DEh2","privKey":"eGkWi4zcT0yT7fzN3JHaUMES1cvhR1h6fmJ4k8bHcF8="},"lastRemoteEphemeralKey":"BTRE9+t85W5uUxzMbXa16FFoBiQobzTRJp0TlO64S6ZZ","previousCounter":0,"rootKey":"g5gPyMJdvuH2rs2IZAMPnSeaB2LlsJGjwpdgAJREE0Q="},"indexInfo":{"baseKey":"Baeb8G7fqWqXFrdwfxsdIuK+Lj4NnX4+bPe1S3vmhoEX","baseKeyType":1,"closed":-1,"used":1746721098959,"created":1746721098959,"remoteIdentityKey":"BczrAUzpXIznOsttqvkTvREpY776Tljke9E/cd6TMXlx"},"_chains":{"BdQFqWyfx1vWCf+DMyX5ujWXp3g1zuyqs02Lpz28DEh2":{"chainKey":{"counter":2,"key":"n6lbbk/oaltBvKYvxdWo2yIfNK2l3sSa/DlaKTdDek4="},"chainType":1,"messageKeys":{}}},"pendingPreKey":{"signedKeyId":3,"baseKey":"Baeb8G7fqWqXFrdwfxsdIuK+Lj4NnX4+bPe1S3vmhoEX","preKeyId":6840690}}},"version":"v1"}