{"_sessions":{"BSKWImJyMdpgIsdEsAtmxTxdsZ0KAtLRCwOqZ8UAXxgw":{"registrationId":1257880527,"currentRatchet":{"ephemeralKeyPair":{"pubKey":"Bc1wxsGqgkqXDQPJYYJq9E5Q2sd4NsXJWm8Fj54KEFAN","privKey":"+GQZwMs3RRRbcF687VHTeXl4FNyYZHXlt1Jz/BKuG2A="},"lastRemoteEphemeralKey":"BTQDpcTLw75qb936iS7EWw7CKtgTHRLcXcpJ79X+KD9I","previousCounter":0,"rootKey":"CiFnPKv3kp44wHehWNyIlm2ymww4c7OdWCn+nhrmCg8="},"indexInfo":{"baseKey":"BSKWImJyMdpgIsdEsAtmxTxdsZ0KAtLRCwOqZ8UAXxgw","baseKeyType":1,"closed":-1,"used":1746714536302,"created":1746714536302,"remoteIdentityKey":"BRaYPpSeAu2xaotfXQLjagg4W7xip7s7JxL4dQx9lxo+"},"_chains":{"Bc1wxsGqgkqXDQPJYYJq9E5Q2sd4NsXJWm8Fj54KEFAN":{"chainKey":{"counter":0,"key":"T64Cqz6HLyD63R9uwL7mxLZVrWbatykFmwXJlj1SmJ0="},"chainType":1,"messageKeys":{}}},"pendingPreKey":{"signedKeyId":16343473,"baseKey":"BSKWImJyMdpgIsdEsAtmxTxdsZ0KAtLRCwOqZ8UAXxgw","preKeyId":2929}}},"version":"v1"}