{"_sessions":{"BZ7HbS+BFcehv7L2ftML9fYg0GSlh071ifdAakM3vZl2":{"registrationId":1603069463,"currentRatchet":{"ephemeralKeyPair":{"pubKey":"BbglZN67CqjDVojwg69/kJ9IS+sszWA7mihLYBoV2f5H","privKey":"gJzVZuOe+IecbOfu4HRbZ5H5qGpyle5TdxDu3Wrq5k4="},"lastRemoteEphemeralKey":"BQ96AV96aH7sLYJlV/P+XOdgzsANvTmxMSpvaEyRHgBk","previousCounter":0,"rootKey":"inEPbtsNNsTwlC/U84SyfOqfTzCZerbfqdtjqe9dSHE="},"indexInfo":{"baseKey":"BZ7HbS+BFcehv7L2ftML9fYg0GSlh071ifdAakM3vZl2","baseKeyType":1,"closed":-1,"used":1746714536327,"created":1746714536327,"remoteIdentityKey":"BbAyt0kK0M4PTv8LWLwnVvE+LQwNiTfQKbJrDuX7Mtpm"},"_chains":{"BbglZN67CqjDVojwg69/kJ9IS+sszWA7mihLYBoV2f5H":{"chainKey":{"counter":0,"key":"P6P07svrDq0isRfRajxtG+Pe++bCD2r16j4AKr0X7r4="},"chainType":1,"messageKeys":{}}},"pendingPreKey":{"signedKeyId":24,"baseKey":"BZ7HbS+BFcehv7L2ftML9fYg0GSlh071ifdAakM3vZl2"}}},"version":"v1"}