{"_sessions":{"BWG/u0HGkXx52GIQnTQF1GhFaKBmMe1vGG9fOVmDVSBb":{"registrationId":848796813,"currentRatchet":{"ephemeralKeyPair":{"pubKey":"BfFYwb0NVLdarZb/tiEpzj/mjIQRNngrYb72caqaTINe","privKey":"mFEYXG1bpG+zgN0NxFsNqa5kyxZHe8h0AGL0NlOojUM="},"lastRemoteEphemeralKey":"BVjcOrE6MDBLFKI+KKt7CZNUdyT99GjiBzuQz6lKtuwe","previousCounter":0,"rootKey":"5O34K5U+98ijsXjeZXO1fbQwP780c2kP/IAWFr7nVI4="},"indexInfo":{"baseKey":"BWG/u0HGkXx52GIQnTQF1GhFaKBmMe1vGG9fOVmDVSBb","baseKeyType":1,"closed":-1,"used":1746714813509,"created":1746714532980,"remoteIdentityKey":"BfXsXZjwtH4hZ+x1kxUPIs1+7LVKWuVoGXd+Y7O0JnJF"},"_chains":{"BVjcOrE6MDBLFKI+KKt7CZNUdyT99GjiBzuQz6lKtuwe":{"chainKey":{"counter":0,"key":"HULW6q/76g6aUxY48aOommHsFmRHcxjR80iegrq78+g="},"chainType":2,"messageKeys":{}},"BfFYwb0NVLdarZb/tiEpzj/mjIQRNngrYb72caqaTINe":{"chainKey":{"counter":-1,"key":"VnM9LVw2/QEfs5Cxjvq0DZQkUlBcAz1wIKPE4sBTn1I="},"chainType":1,"messageKeys":{}}}}},"version":"v1"}