{"_sessions":{"BZV/Dy0lD7WwpjuDXxjd9wriUYwJJ/jWEsEfe8W9OqMX":{"registrationId":26212017,"currentRatchet":{"ephemeralKeyPair":{"pubKey":"BcDnvb2kvrQroy6U17RiZnhFdtyRsLSmuj1SPR2nXdJZ","privKey":"0EDPjulHvFlozumY1rTg6t3BkP/MkX6KvVSMFIqWiVs="},"lastRemoteEphemeralKey":"BZRZkgBOaPrvayMhRCkWdV2U+HUtVMYjSgVCcbtDNKxC","previousCounter":0,"rootKey":"iYJRwn+tSxmgSpDWIvlMwfLx9142IZhgMBuXEz4hKVQ="},"indexInfo":{"baseKey":"BZV/Dy0lD7WwpjuDXxjd9wriUYwJJ/jWEsEfe8W9OqMX","baseKeyType":1,"closed":-1,"used":1746714522428,"created":1746714522428,"remoteIdentityKey":"BX08mOrVmXrQ/Bc3gVH52w6OTx970VZPJr7B5a9YRBte"},"_chains":{"BcDnvb2kvrQroy6U17RiZnhFdtyRsLSmuj1SPR2nXdJZ":{"chainKey":{"counter":0,"key":"cpYY6bR8bVoyr6eSVQBXkBhwSs63xP9B9Hk7TAI4C+A="},"chainType":1,"messageKeys":{}}},"pendingPreKey":{"signedKeyId":9,"baseKey":"BZV/Dy0lD7WwpjuDXxjd9wriUYwJJ/jWEsEfe8W9OqMX","preKeyId":7371234}}},"version":"v1"}