{"_sessions":{"Be0HqqzsGz88vqrwuvD412qJLgFzUJxAYFpZn5sPESMs":{"registrationId":11871231,"currentRatchet":{"ephemeralKeyPair":{"pubKey":"BW70+wN3WunAOFJI09IYNJ/GCNaZ2myW7HvGOReaggce","privKey":"kPxcYW3nqZF/IoTXUsku7+jyRXS7/oBdO32ZaanTp0w="},"lastRemoteEphemeralKey":"BZxgMOZR9CxTh0mJoanO5HLYtBaB4IS/J1OA0SdFpjJj","previousCounter":0,"rootKey":"/z3YRS1Cw2NeWQ+LKZSaHDq4nyV/8azK+X3FONk1mkQ="},"indexInfo":{"baseKey":"Be0HqqzsGz88vqrwuvD412qJLgFzUJxAYFpZn5sPESMs","baseKeyType":1,"closed":-1,"used":1746714536262,"created":1746714536262,"remoteIdentityKey":"BagZ9NQ5N/V4+lnSoJ6SHhb8SEmVxwSiKuyh1aVQXIQA"},"_chains":{"BW70+wN3WunAOFJI09IYNJ/GCNaZ2myW7HvGOReaggce":{"chainKey":{"counter":0,"key":"6TgIWsvnRfv9HZlNypuCwXjwEszwbBXwr+WaFc8lSSc="},"chainType":1,"messageKeys":{}}},"pendingPreKey":{"signedKeyId":0,"baseKey":"Be0HqqzsGz88vqrwuvD412qJLgFzUJxAYFpZn5sPESMs","preKeyId":3758772}}},"version":"v1"}