{"_sessions":{"BYrCakednz09pCFsAUpXSLIf34GAHIRIbfLmth11zO5m":{"registrationId":1010435337,"currentRatchet":{"ephemeralKeyPair":{"pubKey":"Bcse8kAqnUcIH2mCpAnhc0XOrGOaQrbLhfkp8a10+JIx","privKey":"SGGKozT5EubtauLnhEV6hEnV+pHp4KYcqbFYELk93Gs="},"lastRemoteEphemeralKey":"BesFhMc+uYJgkxlRAwSuDKz7K5kKYaPJPmy0nf/fWO0n","previousCounter":0,"rootKey":"HSPPZTVX+f4FiinvXi74arNSSt6AG+7fMz6kwJpBWP0="},"indexInfo":{"baseKey":"BYrCakednz09pCFsAUpXSLIf34GAHIRIbfLmth11zO5m","baseKeyType":1,"closed":-1,"used":1746714536416,"created":1746714536416,"remoteIdentityKey":"Bdw7SQipwRbN7mKsY9sw0p6v/clhVdhg1JzXQce71Rgc"},"_chains":{"Bcse8kAqnUcIH2mCpAnhc0XOrGOaQrbLhfkp8a10+JIx":{"chainKey":{"counter":0,"key":"ZSjW0bke6fRJyWPM9WgwPSHIyLc4hk4CHZHDNuslPAI="},"chainType":1,"messageKeys":{}}},"pendingPreKey":{"signedKeyId":2,"baseKey":"BYrCakednz09pCFsAUpXSLIf34GAHIRIbfLmth11zO5m","preKeyId":1201611}}},"version":"v1"}