{"_sessions":{"BSUaotCp+9HgMqq3OLMZ3KiJW2NMta4DHayblpgSfY91":{"registrationId":637966053,"currentRatchet":{"ephemeralKeyPair":{"pubKey":"BTD5RmaT2/H667WS6tRC4CE+f7gTteSfYSi0/ToBSFEk","privKey":"UAxOajHJ4dLxDX0duLPQjLzGK7zICKhSMnZYoCHOtlE="},"lastRemoteEphemeralKey":"BamTGPc72uvVp6/oH7n734ylAtMinTsw3/kK5labIfRM","previousCounter":0,"rootKey":"ZMugzmPty4Z4OUxDAkTpC/VpHM8PoAT1tTzTontQ2AU="},"indexInfo":{"baseKey":"BSUaotCp+9HgMqq3OLMZ3KiJW2NMta4DHayblpgSfY91","baseKeyType":1,"closed":-1,"used":1746714532806,"created":1746714532806,"remoteIdentityKey":"BVkE+bc5EbHm5+M542FkWabf82TgX1sANCI4HDWl0jkn"},"_chains":{"BTD5RmaT2/H667WS6tRC4CE+f7gTteSfYSi0/ToBSFEk":{"chainKey":{"counter":0,"key":"S/Hx5w1zNaHO5mB2weeVOV1vYIcyfsmOTsm8i9flUtY="},"chainType":1,"messageKeys":{}}},"pendingPreKey":{"signedKeyId":0,"baseKey":"BSUaotCp+9HgMqq3OLMZ3KiJW2NMta4DHayblpgSfY91","preKeyId":10524304}}},"version":"v1"}