{"_sessions":{"BUNhLaUINFPWYHoYCe6H0WjSqmPet1kB/fYljpIFDsFv":{"registrationId":313453827,"currentRatchet":{"ephemeralKeyPair":{"pubKey":"Bd5EvWyd9cM2X/1yjzf2AoADbLV7NIwpSfY0pF58A8gE","privKey":"YB9FxjJdM/15edpElimA+XxDk8tH+8Tu9pPxP5VHbns="},"lastRemoteEphemeralKey":"BVl3nFMNV0dGfluEm1oTBri1YKf122PXAjC6lrBcUKJP","previousCounter":0,"rootKey":"ti3JSc+TKHtPuXGuhCPZclMEmJ2vXF0E5pv7A3/IEZw="},"indexInfo":{"baseKey":"BUNhLaUINFPWYHoYCe6H0WjSqmPet1kB/fYljpIFDsFv","baseKeyType":1,"closed":-1,"used":1746714522173,"created":1746714522173,"remoteIdentityKey":"BXtF+IRVY+WrGYdRlKTd90DGTGUdA8qk2j0C36YAU6FT"},"_chains":{"Bd5EvWyd9cM2X/1yjzf2AoADbLV7NIwpSfY0pF58A8gE":{"chainKey":{"counter":0,"key":"y5zfRuX43wm148R7W7w5nbIw7gbkJLTpwsIXvsKeA5Y="},"chainType":1,"messageKeys":{}}},"pendingPreKey":{"signedKeyId":1,"baseKey":"BUNhLaUINFPWYHoYCe6H0WjSqmPet1kB/fYljpIFDsFv","preKeyId":2637}}},"version":"v1"}