{"_sessions":{"BXEWlMsVVez6Gob8XvYZWmdloz/wEwcsVxnzpPTo8w1V":{"registrationId":1851530106,"currentRatchet":{"ephemeralKeyPair":{"pubKey":"Bfu/AN2c36ws0TU2Zmx2v0cV0DWffdrbq5wic17DvhxX","privKey":"qBWpLMuWpgD5KjgFEdxAz30t/Q9S7yQfF9/G8ZMcw1o="},"lastRemoteEphemeralKey":"Bd4ekYCpK/cpr5LI6AE4j7q12OPExx7Qp8SOJWP2QqJB","previousCounter":0,"rootKey":"f+iO+0a3udCY7dxiteXtFNQW7nb/Vl9Yl+OAughD1NA="},"indexInfo":{"baseKey":"BXEWlMsVVez6Gob8XvYZWmdloz/wEwcsVxnzpPTo8w1V","baseKeyType":1,"closed":-1,"used":1746714525550,"created":1746714525550,"remoteIdentityKey":"BYeVjIGoGxfZPoqCCq4EQxGo0mvhQO0wh2IaZ5TyjbUt"},"_chains":{"Bfu/AN2c36ws0TU2Zmx2v0cV0DWffdrbq5wic17DvhxX":{"chainKey":{"counter":0,"key":"CeUp/8ZULZ5DZSy9Na1tT9GetdLiA41q7VO7XfkZPPU="},"chainType":1,"messageKeys":{}}},"pendingPreKey":{"signedKeyId":1,"baseKey":"BXEWlMsVVez6Gob8XvYZWmdloz/wEwcsVxnzpPTo8w1V","preKeyId":3247697}}},"version":"v1"}