{"_sessions":{"BVNvSru7o98dtQA4Xt3BX5Eu2SRLAkpLJ+HD9t21Qu4x":{"registrationId":1893181517,"currentRatchet":{"ephemeralKeyPair":{"pubKey":"Beg3UOGv35gIwrAglTQNr1yJTCQatTcFICMZQdQZyF04","privKey":"KJRBdvHm4ejgIAQb8ggIliqP3TVQG/61KG3WgBvOHEg="},"lastRemoteEphemeralKey":"BVtirn8PrZgJlFxTpdRr4/ezgA0bD0E8AkgF5w95CIkG","previousCounter":0,"rootKey":"FYkDVve/tlnF+Mhi/IdXUtKI0PVepi+eUzYj/NA9UHs="},"indexInfo":{"baseKey":"BVNvSru7o98dtQA4Xt3BX5Eu2SRLAkpLJ+HD9t21Qu4x","baseKeyType":1,"closed":-1,"used":1746714525787,"created":1746714525787,"remoteIdentityKey":"BcfgVrTtPItacf0+C+DDHTDRpN29Z2yoNkS46H9JT3cC"},"_chains":{"Beg3UOGv35gIwrAglTQNr1yJTCQatTcFICMZQdQZyF04":{"chainKey":{"counter":0,"key":"jUb4RQi411gTecJLJ4thdp8XIM/+PTS+QW27v3BNYCU="},"chainType":1,"messageKeys":{}}},"pendingPreKey":{"signedKeyId":1,"baseKey":"BVNvSru7o98dtQA4Xt3BX5Eu2SRLAkpLJ+HD9t21Qu4x"}}},"version":"v1"}