{"_sessions":{"BYiFuqzAxf7Kb+EOhlJwajC20/9WioiwOSTheDLmXq0X":{"registrationId":610584104,"currentRatchet":{"ephemeralKeyPair":{"pubKey":"Bda2HadkzkDVXD4l/7H/a51K8TprSKZSOSaJa8mn70xs","privKey":"6CnU4uxXRLP/qFxTX4Xha3ar5FrJ7mxTJTcjpJBcq0Y="},"lastRemoteEphemeralKey":"BaMWmdgX1D683UHV++xvUb31mXZJ6qQNPsdWqOgXvB9H","previousCounter":0,"rootKey":"ctg7WR7F3t1JAYntPICEQtgQmgkeqhv1BM4ivWdlgv4="},"indexInfo":{"baseKey":"BYiFuqzAxf7Kb+EOhlJwajC20/9WioiwOSTheDLmXq0X","baseKeyType":1,"closed":-1,"used":1746714522299,"created":1746714522299,"remoteIdentityKey":"BcgH/UZpV7xG7pl3O2CJslAlw4hIpYMKVn8JEG67qvEs"},"_chains":{"Bda2HadkzkDVXD4l/7H/a51K8TprSKZSOSaJa8mn70xs":{"chainKey":{"counter":0,"key":"kuiClgB7tSIY/Yn3ZNhdRVusBzoCDBHcINvg+DZjb/g="},"chainType":1,"messageKeys":{}}},"pendingPreKey":{"signedKeyId":2,"baseKey":"BYiFuqzAxf7Kb+EOhlJwajC20/9WioiwOSTheDLmXq0X","preKeyId":7673191}}},"version":"v1"}