{"_sessions":{"BYvRpPr+gQ4asHRy3GswfiuufgpoxBGHcJXmYPcvCtBo":{"registrationId":721492463,"currentRatchet":{"ephemeralKeyPair":{"pubKey":"BSaBk10AkGNseKHirzUGuW6RDQUDcY0mQQo7myC13pwQ","privKey":"8HdH5h3tD9Lo5knZdGSEhqiZImKJn1ty2x1yZi90uU0="},"lastRemoteEphemeralKey":"BTDYPL9J5RuC2gFdp34yA4BLYfnMdg/89887qskWoGUY","previousCounter":0,"rootKey":"9zCmDL6sMSTTyrNDELk8A/d6mu9BjsK9jjZQUvobQfE="},"indexInfo":{"baseKey":"BYvRpPr+gQ4asHRy3GswfiuufgpoxBGHcJXmYPcvCtBo","baseKeyType":1,"closed":-1,"used":1746714522294,"created":1746714522294,"remoteIdentityKey":"BVBxzJXilBmYdmM85EPSSzJEgY43tvD8OhJmIqirTZpa"},"_chains":{"BSaBk10AkGNseKHirzUGuW6RDQUDcY0mQQo7myC13pwQ":{"chainKey":{"counter":0,"key":"iE6p0ACUrjVzdQCoSwN+uVfI9wO0L4FcQxwW59TYDkw="},"chainType":1,"messageKeys":{}}},"pendingPreKey":{"signedKeyId":0,"baseKey":"BYvRpPr+gQ4asHRy3GswfiuufgpoxBGHcJXmYPcvCtBo"}}},"version":"v1"}