{"_sessions":{"BULlUJNvQWEuxH0TMPopQcTLQAj/9l0e7OXxN7XJmmof":{"registrationId":475543098,"currentRatchet":{"ephemeralKeyPair":{"pubKey":"BTsr3KeLnNr2OPL6NW5Zw9Vm9Hxtzd5LHoy1UuNTv61K","privKey":"AAeu+5fQe3eF1T+PiXUSC6d6A2QQIwARr+ikL27Tpn8="},"lastRemoteEphemeralKey":"BRDJM/ONP/NRiv2Rp/e8xZv5ZdWhV9LHRvN36hr9gtpV","previousCounter":0,"rootKey":"oGDwhGUWw9Dy7oN2bA61F69Fv21T4Z0nQBbDAVHMz4E="},"indexInfo":{"baseKey":"BULlUJNvQWEuxH0TMPopQcTLQAj/9l0e7OXxN7XJmmof","baseKeyType":1,"closed":-1,"used":1746714525775,"created":1746714525775,"remoteIdentityKey":"BThz2rpLLCNgd//a9YMyR8FlBXnfTgP/DhTk1An3qul7"},"_chains":{"BTsr3KeLnNr2OPL6NW5Zw9Vm9Hxtzd5LHoy1UuNTv61K":{"chainKey":{"counter":0,"key":"gSk7QZjEUOVIF/eFH8Rt1jTU007waRY+JAUEkEXmZkE="},"chainType":1,"messageKeys":{}}},"pendingPreKey":{"signedKeyId":0,"baseKey":"BULlUJNvQWEuxH0TMPopQcTLQAj/9l0e7OXxN7XJmmof","preKeyId":12763454}}},"version":"v1"}