{"_sessions":{"BQMF4mNFc5nrgFYpSXXQKq7LSVRBHlnMGxy542yUVHhP":{"registrationId":670881513,"currentRatchet":{"ephemeralKeyPair":{"pubKey":"BVNGTRJNRVXaOKJupqoL3bMlAq84w52QSnIVMYcXZdpW","privKey":"KIcr+OgDKFGNhTDuJ0oCgWNI27MVTFrXaAY0J3gWNFs="},"lastRemoteEphemeralKey":"BVHwshrJpjomxiO8a4ltdA1GkbR5LVlN+Z+oz3sCjI8t","previousCounter":0,"rootKey":"f5KPjRIwa1x1A2H5h1e+1QH9PW0uOvCV/kQzIbZZWqA="},"indexInfo":{"baseKey":"BQMF4mNFc5nrgFYpSXXQKq7LSVRBHlnMGxy542yUVHhP","baseKeyType":1,"closed":-1,"used":1746714525757,"created":1746714525757,"remoteIdentityKey":"BSMmkgTuNhQQXUYjBxCvcu9PRQKM+IxbMtoLGMO6cH1V"},"_chains":{"BVNGTRJNRVXaOKJupqoL3bMlAq84w52QSnIVMYcXZdpW":{"chainKey":{"counter":0,"key":"cCNvxPUMRDGpL3+8r7EDN9QlwMOA6mo6MSBxCIFiboU="},"chainType":1,"messageKeys":{}}},"pendingPreKey":{"signedKeyId":3036116,"baseKey":"BQMF4mNFc5nrgFYpSXXQKq7LSVRBHlnMGxy542yUVHhP","preKeyId":9186}}},"version":"v1"}