{"_sessions":{"Bc7kRLdFIhVDkhCMR4GZWp9T3YM+27exyKlJrj9JTFNC":{"registrationId":880795544,"currentRatchet":{"ephemeralKeyPair":{"pubKey":"BebZ3ciY6f48D1MdqUljlZkA/QKqBSbmAu7Q/sDQg49c","privKey":"SHrPp+DEWkg22Fmg89N2z8krM+BrW53gq3em39vDUFk="},"lastRemoteEphemeralKey":"BWUKEpGSeakxUlUJH/ZQ+Qr3Qv758lKBfr7bZ1gQnNsl","previousCounter":0,"rootKey":"DKAzfE7evyBvSd0oWal5/HTYCs9kwMRbehp+3V0kjWI="},"indexInfo":{"baseKey":"Bc7kRLdFIhVDkhCMR4GZWp9T3YM+27exyKlJrj9JTFNC","baseKeyType":1,"closed":-1,"used":1746714529133,"created":1746714529133,"remoteIdentityKey":"BV/I+OeA9xBJEhCZMN9XuchsuivjrvI0hukKUnlETVFs"},"_chains":{"BebZ3ciY6f48D1MdqUljlZkA/QKqBSbmAu7Q/sDQg49c":{"chainKey":{"counter":0,"key":"RUezFa5uiHa5Xx3Y5VprP2YbU1Y6Kz5i4F6yVB3RmKg="},"chainType":1,"messageKeys":{}}},"pendingPreKey":{"signedKeyId":6,"baseKey":"Bc7kRLdFIhVDkhCMR4GZWp9T3YM+27exyKlJrj9JTFNC","preKeyId":7055381}}},"version":"v1"}