{"_sessions":{"BfdskG9VVe9Ft32tAWDbstfGDgS3txj81hTnJ9z/OZQP":{"registrationId":402398338,"currentRatchet":{"ephemeralKeyPair":{"pubKey":"BZKxTslMgiz/8XrSkci1wi5xs/3uHsJDVyFzmlkcJ+ZR","privKey":"qKu8gsNDlM47oVCg9XUWUVKexkgxMVecL48Jqd+kfnc="},"lastRemoteEphemeralKey":"BSgyTfie9ew6Tg1mPL/NQtTiClp00K+t0MoeyAF8Z/wf","previousCounter":0,"rootKey":"0bBxhqn3GqYtK/5Y3vUqz06BYFpUjoEyhV/A0GmIdGM="},"indexInfo":{"baseKey":"BfdskG9VVe9Ft32tAWDbstfGDgS3txj81hTnJ9z/OZQP","baseKeyType":1,"closed":-1,"used":1746714525804,"created":1746714525804,"remoteIdentityKey":"BW/OmKM9+QEaWKuD+P0oK4/QWkNYrJ7yx++sAqjf7Aht"},"_chains":{"BZKxTslMgiz/8XrSkci1wi5xs/3uHsJDVyFzmlkcJ+ZR":{"chainKey":{"counter":0,"key":"wZoZXaaqVxBl5lLKWFhCJ4aJ4we5jp0kM1mtqiKvcy4="},"chainType":1,"messageKeys":{}}},"pendingPreKey":{"signedKeyId":3,"baseKey":"BfdskG9VVe9Ft32tAWDbstfGDgS3txj81hTnJ9z/OZQP"}}},"version":"v1"}