{"_sessions":{"BY49QO7ucS6umn94oEfdPMnaE1X3mCDVHgAfvS2KTR8i":{"registrationId":165272428,"currentRatchet":{"ephemeralKeyPair":{"pubKey":"BSZwE2+ZXFMQ7AS7scZbSZsqT8D+5obgK1eXOB8hLuxc","privKey":"6DmnI5rDpx4b/RfoQypb12lVmrHEmDNbi5oItC/ipGg="},"lastRemoteEphemeralKey":"BVqpzlDpZd1ZXSdGfgr4pF/Eoq7bqK1OG2oCZdB9sn0y","previousCounter":0,"rootKey":"hTLrsqqJZKitKMdq0iR3Tqcr1vDxGYj3ZS4W04sw5M0="},"indexInfo":{"baseKey":"BY49QO7ucS6umn94oEfdPMnaE1X3mCDVHgAfvS2KTR8i","baseKeyType":1,"closed":-1,"used":1746714536437,"created":1746714536437,"remoteIdentityKey":"BZL/I7OYi7IWFRhD79kbzcmPcJUo8TEPyIyZAzz8UNNr"},"_chains":{"BSZwE2+ZXFMQ7AS7scZbSZsqT8D+5obgK1eXOB8hLuxc":{"chainKey":{"counter":0,"key":"/Fn4wfpOfDssanlUQagw9Xp7uBWPzQ2ljnM9ZhX3Dw4="},"chainType":1,"messageKeys":{}}},"pendingPreKey":{"signedKeyId":1,"baseKey":"BY49QO7ucS6umn94oEfdPMnaE1X3mCDVHgAfvS2KTR8i","preKeyId":2230055}}},"version":"v1"}