{"_sessions":{"BbM+m0YSKt3yXVAmiCXrGuKQ8vmIeNUwAzSb4uWdoBEk":{"registrationId":1876803881,"currentRatchet":{"ephemeralKeyPair":{"pubKey":"BdnMg+xu3TTuZigjtzCGGbFU0+InJd7H6gy7znTcweoC","privKey":"eFpDzz3H7eO34F0c+moABG5B1VCpPGzf+2OHwQWOiVo="},"lastRemoteEphemeralKey":"BafKCctw4HYRCPSxCCuWDh+GPToNy/MOhcQQxNEFoZQ4","previousCounter":0,"rootKey":"75GoI5aLhB+YqSrP9tb5oVi0keIPdoClBP8UtwONojQ="},"indexInfo":{"baseKey":"BbM+m0YSKt3yXVAmiCXrGuKQ8vmIeNUwAzSb4uWdoBEk","baseKeyType":1,"closed":1746721111368,"used":1746721080316,"created":1746721080316,"remoteIdentityKey":"BaGoFjD0geADDXUNcmtjUm/CFnlgRvtZMowtedZOWLI6"},"_chains":{"BdnMg+xu3TTuZigjtzCGGbFU0+InJd7H6gy7znTcweoC":{"chainKey":{"counter":0,"key":"vLh/Cilk720JLoU2RcnbihCsXUfbNFwMlD1B62zoApc="},"chainType":1,"messageKeys":{}}},"pendingPreKey":{"signedKeyId":4,"baseKey":"BbM+m0YSKt3yXVAmiCXrGuKQ8vmIeNUwAzSb4uWdoBEk"}},"BRUgWjzqWSHd0gLTKBElf7Rt81W2CDMxcBSDwwGE6qEa":{"registrationId":1876803881,"currentRatchet":{"ephemeralKeyPair":{"pubKey":"BbERF3I6RxuG2Du5xujcVOjruAZDSXElU3PnVZgRRP5Z","privKey":"aPSaLSwe31ru6rKb98LteHJOVKEhqnhBzD225Tp8RGQ="},"lastRemoteEphemeralKey":"BafKCctw4HYRCPSxCCuWDh+GPToNy/MOhcQQxNEFoZQ4","previousCounter":0,"rootKey":"ZSMnwmg12GtUe0JSwjQEM8JStOD5J5xKLzKvMrqXjPY="},"indexInfo":{"baseKey":"BRUgWjzqWSHd0gLTKBElf7Rt81W2CDMxcBSDwwGE6qEa","baseKeyType":1,"closed":-1,"used":1746721111231,"created":1746721111231,"remoteIdentityKey":"BaGoFjD0geADDXUNcmtjUm/CFnlgRvtZMowtedZOWLI6"},"_chains":{"BbERF3I6RxuG2Du5xujcVOjruAZDSXElU3PnVZgRRP5Z":{"chainKey":{"counter":2,"key":"eKv1ULlEjYbuVWD3aC7rAbxuhaPLo4JRAz+xCD40woQ="},"chainType":1,"messageKeys":{}}},"pendingPreKey":{"signedKeyId":4,"baseKey":"BRUgWjzqWSHd0gLTKBElf7Rt81W2CDMxcBSDwwGE6qEa"}}},"version":"v1"}