{"_sessions":{"BccrbWTP6JQj4CSWfa2jZ6Mh0wD3CjB6kaO12QlMR74Q":{"registrationId":1424729085,"currentRatchet":{"ephemeralKeyPair":{"pubKey":"BU4vccX4Ra4qgjvfu64qmoEEiZpIWFMIM5uxls+nUOwP","privKey":"KNEqOVFB59eHWPKnTnX1cgAz7t0LuiZGBCgezUWMZng="},"lastRemoteEphemeralKey":"Bd0XcLAwPlukJeYQb9pSbQlY7Dk5CBabkxZg6TCt+5sj","previousCounter":0,"rootKey":"2CMUHqvSVObSMCF3/jqBPDSrg2p5jGyrTHVBqbE+O70="},"indexInfo":{"baseKey":"BccrbWTP6JQj4CSWfa2jZ6Mh0wD3CjB6kaO12QlMR74Q","baseKeyType":1,"closed":-1,"used":1746714522053,"created":1746714522053,"remoteIdentityKey":"BXoKFECwgow/pnWVoko0LAxSsIv0bRRt6rtFmZALOu0B"},"_chains":{"BU4vccX4Ra4qgjvfu64qmoEEiZpIWFMIM5uxls+nUOwP":{"chainKey":{"counter":0,"key":"pT2LZRV01eDhoJMPqeLO1f3ulxCyzXsoF9nXphwl3zQ="},"chainType":1,"messageKeys":{}}},"pendingPreKey":{"signedKeyId":1,"baseKey":"BccrbWTP6JQj4CSWfa2jZ6Mh0wD3CjB6kaO12QlMR74Q","preKeyId":10787702}}},"version":"v1"}