{"_sessions":{"BQKStV2Wq3Ymq4Xy02a+U65Vu59V7K0FJnm6sKgHdEts":{"registrationId":2087424085,"currentRatchet":{"ephemeralKeyPair":{"pubKey":"BSZ+He38OyKdViTUHp0m2myHRcHh8oIQoEByYQ+nW9xJ","privKey":"IAaajThakSNHHcRMcsuX0ZkAc+JGa1arw5YglP14jmY="},"lastRemoteEphemeralKey":"BbpgY15k/SGvHGtVxiYTmsTWYuLroehprjOoBvVCUDEg","previousCounter":0,"rootKey":"kPL/TFzFdfbWKPXjG4cHQCBlS0HNrUdih8siAJPOlfI="},"indexInfo":{"baseKey":"BQKStV2Wq3Ymq4Xy02a+U65Vu59V7K0FJnm6sKgHdEts","baseKeyType":1,"closed":-1,"used":1746714532687,"created":1746714532687,"remoteIdentityKey":"BVYD7PFtl9FGtn06NC7bs52uU/mYoX51DJ2QEHkHVh5N"},"_chains":{"BSZ+He38OyKdViTUHp0m2myHRcHh8oIQoEByYQ+nW9xJ":{"chainKey":{"counter":0,"key":"11M+rlze63w57Q84Inh9TtRc43BCTns+MFFf74L7/wM="},"chainType":1,"messageKeys":{}}},"pendingPreKey":{"signedKeyId":5,"baseKey":"BQKStV2Wq3Ymq4Xy02a+U65Vu59V7K0FJnm6sKgHdEts"}}},"version":"v1"}