{"_sessions":{"BXpXYreW4t6wO0BBgDgpPXKZF6SkN5lEdRe3HBJjoZV4":{"registrationId":532787201,"currentRatchet":{"ephemeralKeyPair":{"pubKey":"BW92NSNrjE/+IdBW4kHd49CRfdIbsWj97/YSseM7kzcT","privKey":"mNcPaAGUOUbJ7GCVdjEFa3Rh1vqZeCzK0lW+/kdGFGA="},"lastRemoteEphemeralKey":"BVy+bGvs1vUdH+u1YG6UDalcGo29Ka69YS18CeGdix5F","previousCounter":0,"rootKey":"zf+IlyHloHtmcI6Cz7uuy4vcKJ8Vy+KgIF1hWREBAjM="},"indexInfo":{"baseKey":"BXpXYreW4t6wO0BBgDgpPXKZF6SkN5lEdRe3HBJjoZV4","baseKeyType":1,"closed":-1,"used":1746714525719,"created":1746714525719,"remoteIdentityKey":"BTRe1G+kYCFqHYgrqdp+RxxEMiYaigkabZyTRfnbpDwV"},"_chains":{"BW92NSNrjE/+IdBW4kHd49CRfdIbsWj97/YSseM7kzcT":{"chainKey":{"counter":0,"key":"owSAfu188JC7DkjlMfNNscMSyFXePxqRoOG39ekLSaw="},"chainType":1,"messageKeys":{}}},"pendingPreKey":{"signedKeyId":15,"baseKey":"BXpXYreW4t6wO0BBgDgpPXKZF6SkN5lEdRe3HBJjoZV4","preKeyId":9142071}}},"version":"v1"}