{"_sessions":{"Bfp9n7ds63WWJUNeiGiv7h6ZY5IiSMo7aHJrgYu6Sgcx":{"registrationId":459254236,"currentRatchet":{"ephemeralKeyPair":{"pubKey":"Ba4+Mxo9lJyOkqIigDIXqm1Xjs3clBVBtYk/FrqB9c8q","privKey":"cDEJA/h/KCcgy21ZpxNB2kifVE1GVRcRNkBw9QiY52o="},"lastRemoteEphemeralKey":"BR02U3fvE2tPSTCI33C45NfWbVSdWfpJok1r8nBEGwd/","previousCounter":0,"rootKey":"hh/vx7pKzZu693c4sT/y08QVnjIG2WftwScauMlkumA="},"indexInfo":{"baseKey":"Bfp9n7ds63WWJUNeiGiv7h6ZY5IiSMo7aHJrgYu6Sgcx","baseKeyType":1,"closed":1746721103996,"used":1746721072582,"created":1746721072582,"remoteIdentityKey":"BSfEUd56kTNccWTnyCK0juS5OgnQ9rgOxgAAMdb6OPV+"},"_chains":{"Ba4+Mxo9lJyOkqIigDIXqm1Xjs3clBVBtYk/FrqB9c8q":{"chainKey":{"counter":0,"key":"8o+PgafCKROBCDUUDTDeT3hFsB/MrM22g0obqo4lNV4="},"chainType":1,"messageKeys":{}}},"pendingPreKey":{"signedKeyId":9,"baseKey":"Bfp9n7ds63WWJUNeiGiv7h6ZY5IiSMo7aHJrgYu6Sgcx","preKeyId":6139717}},"BSaO2BtkOYS/d2b9NOTLc7TFasEusyyxoXRlArtPWkUQ":{"registrationId":459254236,"currentRatchet":{"ephemeralKeyPair":{"pubKey":"BSquDST11lQ2nO4JxD5TIRaS/C2w+p6DmTMkF+oeh5Fd","privKey":"mDX/uR5T0I01w4Sd1S60Zn7QwgKwxGDcpfbHX3Wyd18="},"lastRemoteEphemeralKey":"BR02U3fvE2tPSTCI33C45NfWbVSdWfpJok1r8nBEGwd/","previousCounter":0,"rootKey":"8BsCxbaaJwYtI6G79f3vcIvVh1KwvSrnbfzsardj0Hg="},"indexInfo":{"baseKey":"BSaO2BtkOYS/d2b9NOTLc7TFasEusyyxoXRlArtPWkUQ","baseKeyType":1,"closed":-1,"used":1746721103413,"created":1746721103413,"remoteIdentityKey":"BSfEUd56kTNccWTnyCK0juS5OgnQ9rgOxgAAMdb6OPV+"},"_chains":{"BSquDST11lQ2nO4JxD5TIRaS/C2w+p6DmTMkF+oeh5Fd":{"chainKey":{"counter":2,"key":"yB8x+txUruO0Zh46DBOXFz9dqe1Xzn5nAn5kX5nOf4o="},"chainType":1,"messageKeys":{}}},"pendingPreKey":{"signedKeyId":9,"baseKey":"BSaO2BtkOYS/d2b9NOTLc7TFasEusyyxoXRlArtPWkUQ","preKeyId":6139565}}},"version":"v1"}