{"_sessions":{"BUcd4NdQhQ0Ck+vEbpmT6KWYx9GTpc7u8WlHvXtbwLsS":{"registrationId":1168703400,"currentRatchet":{"ephemeralKeyPair":{"pubKey":"BZ0pE4wg80cPNanv43Y4nBSK2jqyN+qvZmI8gY1dV+5S","privKey":"8LKx88d4GVbiRVVq5+jiGth48Sz2Mzf41nAR/hS1EFk="},"lastRemoteEphemeralKey":"BfVBIC1U5CFj39f+nQzqEOEWZ1rz8FMPuW0LUeKqn/NU","previousCounter":0,"rootKey":"GpGlYqveQ2j4SAPKootcEziJecIkIsauzpF/KxKoRQg="},"indexInfo":{"baseKey":"BUcd4NdQhQ0Ck+vEbpmT6KWYx9GTpc7u8WlHvXtbwLsS","baseKeyType":1,"closed":1746721107791,"used":1746721075883,"created":1746721075883,"remoteIdentityKey":"BU3XQNBg/DVpUw5NbYrMiPSccqem9fZz9Rd4/lE+fCB5"},"_chains":{"BZ0pE4wg80cPNanv43Y4nBSK2jqyN+qvZmI8gY1dV+5S":{"chainKey":{"counter":0,"key":"xwKmcKE2A+WlxENVy2JAQLg3G6OkX99fMCapVp0zgfE="},"chainType":1,"messageKeys":{}}},"pendingPreKey":{"signedKeyId":0,"baseKey":"BUcd4NdQhQ0Ck+vEbpmT6KWYx9GTpc7u8WlHvXtbwLsS"}},"BSjWlSYPNmRhUoRTR3yjqpf41pTfWcfFwSu9yZT17X1c":{"registrationId":1168703400,"currentRatchet":{"ephemeralKeyPair":{"pubKey":"BW0fGypqaTtKPYvVh7rsHyyZLTDw6tAYLUy0g/GH9jYz","privKey":"CEmT5ttbhIvwc0S+fovGwIdL3XAWZNKdmEJ2nx9i3Gs="},"lastRemoteEphemeralKey":"BfVBIC1U5CFj39f+nQzqEOEWZ1rz8FMPuW0LUeKqn/NU","previousCounter":0,"rootKey":"oy03bqAwNU+SPym8N6Ebw6LnSmvSMBkPw+jsnQeVnwI="},"indexInfo":{"baseKey":"BSjWlSYPNmRhUoRTR3yjqpf41pTfWcfFwSu9yZT17X1c","baseKeyType":1,"closed":-1,"used":1746721107447,"created":1746721107447,"remoteIdentityKey":"BU3XQNBg/DVpUw5NbYrMiPSccqem9fZz9Rd4/lE+fCB5"},"_chains":{"BW0fGypqaTtKPYvVh7rsHyyZLTDw6tAYLUy0g/GH9jYz":{"chainKey":{"counter":2,"key":"vJ7ezpacA06pPXCISDR48oWlORUDLjRuEGGYz5woKYg="},"chainType":1,"messageKeys":{}}},"pendingPreKey":{"signedKeyId":0,"baseKey":"BSjWlSYPNmRhUoRTR3yjqpf41pTfWcfFwSu9yZT17X1c"}}},"version":"v1"}