{"_sessions":{"BfhqlQ9Y5zXIaJQqYtWjlmRyNvPUH1dhNAXtqeVzOyRV":{"registrationId":812425724,"currentRatchet":{"ephemeralKeyPair":{"pubKey":"BXa5ZtNW+HdcR3bkACh9nE6lKt7jLALl3zrCt2ZS6+xn","privKey":"cD60ulM6Tt5BJDyF3n4OLZlYLwFIE/tFg2mcpwIqK3Q="},"lastRemoteEphemeralKey":"BTj5e5QYbnZQQjgjMzeVK7PLX74RLWcFaS376r9s4Cpe","previousCounter":0,"rootKey":"FN+gFtWUU7osc5BLchfNiq8ZOESVSdunGLiwAVOEYh8="},"indexInfo":{"baseKey":"BfhqlQ9Y5zXIaJQqYtWjlmRyNvPUH1dhNAXtqeVzOyRV","baseKeyType":1,"closed":1746721104041,"used":1746721072720,"created":1746721072720,"remoteIdentityKey":"BcIz5H3UUnGTVTXc5+XqJDCA+fNoeqn6jdJnwGvlEIBh"},"_chains":{"BXa5ZtNW+HdcR3bkACh9nE6lKt7jLALl3zrCt2ZS6+xn":{"chainKey":{"counter":0,"key":"ZNtQAh84tlV73Ehckg/1sYF2iwrqQ7L4cUzKO3XB/9o="},"chainType":1,"messageKeys":{}}},"pendingPreKey":{"signedKeyId":6,"baseKey":"BfhqlQ9Y5zXIaJQqYtWjlmRyNvPUH1dhNAXtqeVzOyRV"}},"BRYI+f59xlE5FxFt8/+t8m+m1Ig/qvhWQAAlnzcP1kJ4":{"registrationId":812425724,"currentRatchet":{"ephemeralKeyPair":{"pubKey":"BVGlqAB732IuxsRga7R67du8gdmIwpaWR5+UG6q0rHUm","privKey":"MBOXe/VxjWYwZtWuQ0S3mx6tWUKAZvMunSN8uTGt5mU="},"lastRemoteEphemeralKey":"BTj5e5QYbnZQQjgjMzeVK7PLX74RLWcFaS376r9s4Cpe","previousCounter":0,"rootKey":"dvidn3Lz1L1HoVrWvh+4qKLUWMQEHneindwO2aTeGss="},"indexInfo":{"baseKey":"BRYI+f59xlE5FxFt8/+t8m+m1Ig/qvhWQAAlnzcP1kJ4","baseKeyType":1,"closed":-1,"used":1746721103554,"created":1746721103554,"remoteIdentityKey":"BcIz5H3UUnGTVTXc5+XqJDCA+fNoeqn6jdJnwGvlEIBh"},"_chains":{"BVGlqAB732IuxsRga7R67du8gdmIwpaWR5+UG6q0rHUm":{"chainKey":{"counter":2,"key":"nUW2eTtUpcGjTZPa45XDirUX0d5EoRwv5OBodgpLzNw="},"chainType":1,"messageKeys":{}}},"pendingPreKey":{"signedKeyId":6,"baseKey":"BRYI+f59xlE5FxFt8/+t8m+m1Ig/qvhWQAAlnzcP1kJ4"}}},"version":"v1"}