{"_sessions":{"BZ9FbjI5xzP840bRJsvzyPMwCvkLyPeRmsl/q27ZM7dh":{"registrationId":178751230,"currentRatchet":{"ephemeralKeyPair":{"pubKey":"BVe3NYNCAhPCQSSNNTudaoV18I0/tkhj+7MqO1TbCpNY","privKey":"gHV0l5+mUVlvr34eUTw1VCwgrnZZ0R8HhmbJVp1/sUA="},"lastRemoteEphemeralKey":"BYBTzm1f4WzkGv9QwthuLd9gBlUAkBhZwj96ApwsM3V3","previousCounter":0,"rootKey":"SHRlsGmJaacALM3R8bHp/oNc9jXvpIsTEOn3iH4KDs0="},"indexInfo":{"baseKey":"BZ9FbjI5xzP840bRJsvzyPMwCvkLyPeRmsl/q27ZM7dh","baseKeyType":1,"closed":1746721104035,"used":1746721072694,"created":1746721072694,"remoteIdentityKey":"BdidjgcYHaHVCGoK/NQMwSeynMzqw4elPkvyGKiOuflh"},"_chains":{"BVe3NYNCAhPCQSSNNTudaoV18I0/tkhj+7MqO1TbCpNY":{"chainKey":{"counter":0,"key":"tuKsnV4bmo3rQ55LfEoF5imjTIzRjG60xFKGoqse9ck="},"chainType":1,"messageKeys":{}}},"pendingPreKey":{"signedKeyId":25,"baseKey":"BZ9FbjI5xzP840bRJsvzyPMwCvkLyPeRmsl/q27ZM7dh"}},"BVSncru2TnReVaF4QsVjU7KYjJfJgXzH7P8n+tG4dY9A":{"registrationId":178751230,"currentRatchet":{"ephemeralKeyPair":{"pubKey":"BVzU56dcM27Mz72vIt11ijEWAZG/HuE/Ns+Z+jnVpu12","privKey":"2Gl4P2YUMpMyELc6ckDlmg0g6CWSavP+K6MVF37DhGc="},"lastRemoteEphemeralKey":"BYBTzm1f4WzkGv9QwthuLd9gBlUAkBhZwj96ApwsM3V3","previousCounter":0,"rootKey":"inaCgVjcTM+9OA81z5zR1r4NUcyXZcGlYioR5PPCLwk="},"indexInfo":{"baseKey":"BVSncru2TnReVaF4QsVjU7KYjJfJgXzH7P8n+tG4dY9A","baseKeyType":1,"closed":-1,"used":1746721103527,"created":1746721103527,"remoteIdentityKey":"BdidjgcYHaHVCGoK/NQMwSeynMzqw4elPkvyGKiOuflh"},"_chains":{"BVzU56dcM27Mz72vIt11ijEWAZG/HuE/Ns+Z+jnVpu12":{"chainKey":{"counter":2,"key":"W9CiRSH//kJo7sCCEdxNHj+UN3qj9y7r7BlUk8vBNfE="},"chainType":1,"messageKeys":{}}},"pendingPreKey":{"signedKeyId":25,"baseKey":"BVSncru2TnReVaF4QsVjU7KYjJfJgXzH7P8n+tG4dY9A"}}},"version":"v1"}