{"_sessions":{"BXGrBoujfX7SS8eMO68+gQvdmuCHYuPxFyOaUX5cAtl4":{"registrationId":1320068772,"currentRatchet":{"ephemeralKeyPair":{"pubKey":"BQDPpzpuzPWsV8jKMAutoloOMwocIEKSQU9iIB+U4oZR","privKey":"mDtZS0hpuklvbg+0ZqIVOamD23suSOLL5mH2r0KjBEY="},"lastRemoteEphemeralKey":"BSAVuON3LsdOC2hYgjwdo4pbrhJSxzaawr78dTa228Zx","previousCounter":0,"rootKey":"BGVGKv50ylS5C06oQhOGASJPSxxA1/7JjzflgFtlGos="},"indexInfo":{"baseKey":"BXGrBoujfX7SS8eMO68+gQvdmuCHYuPxFyOaUX5cAtl4","baseKeyType":1,"closed":-1,"used":1746714529248,"created":1746714529248,"remoteIdentityKey":"BfKVxtIZIUkrwpymzkXRukv2v3YPGF+LHajMb5YRI5wQ"},"_chains":{"BQDPpzpuzPWsV8jKMAutoloOMwocIEKSQU9iIB+U4oZR":{"chainKey":{"counter":0,"key":"24nflqEdCg0PBF+Ukq7mosnrHYg47EM0rsnkHWK3Fu0="},"chainType":1,"messageKeys":{}}},"pendingPreKey":{"signedKeyId":1,"baseKey":"BXGrBoujfX7SS8eMO68+gQvdmuCHYuPxFyOaUX5cAtl4","preKeyId":10247024}}},"version":"v1"}