{"_sessions":{"BeLg0UdXaTVxpu2ebdOayvzoYVVfNkD1MKp6RGNmH38P":{"registrationId":1710505959,"currentRatchet":{"ephemeralKeyPair":{"pubKey":"BcYoVtKi7e9w5h2xDIuMKFkb0IH4FQAgHx8Kr/nEhAEb","privKey":"+BhBf+CMkM65xwsqMFqtCAFw8vztEZvJfc9bMyqZ2lc="},"lastRemoteEphemeralKey":"BdkcyDHNMHhvTC6aG2PrnoVkHiZffkjJnyGJhGraoMNd","previousCounter":0,"rootKey":"Qh57W3K5OrFwEf+eDZ62RqlwJo4rMUgiV9K4hjsSrbE="},"indexInfo":{"baseKey":"BeLg0UdXaTVxpu2ebdOayvzoYVVfNkD1MKp6RGNmH38P","baseKeyType":1,"closed":1746721099090,"used":1746721068791,"created":1746721068791,"remoteIdentityKey":"BYFA7rxsJLBtL4MfwcpoAts8US5o4Wz1dEkqSSwu5E9o"},"_chains":{"BcYoVtKi7e9w5h2xDIuMKFkb0IH4FQAgHx8Kr/nEhAEb":{"chainKey":{"counter":0,"key":"1YGygXmcO5+SEIieSmokaeUCyqEtNbKxnbpLYPvNJ78="},"chainType":1,"messageKeys":{}}},"pendingPreKey":{"signedKeyId":1,"baseKey":"BeLg0UdXaTVxpu2ebdOayvzoYVVfNkD1MKp6RGNmH38P"}},"BRXVD+MjI0M2xBBe1dRdQ5Z0PjgcOblqL9HUJtSaG/FE":{"registrationId":1710505959,"currentRatchet":{"ephemeralKeyPair":{"pubKey":"BdRL50IIeQudOI/uQjKQLrsggOMOD0X1wGtki8LBmWpU","privKey":"oPpiKAbbQ+l37LQ1oo9qLnkL8b4MHAsj/R7J8qvIkkw="},"lastRemoteEphemeralKey":"BdkcyDHNMHhvTC6aG2PrnoVkHiZffkjJnyGJhGraoMNd","previousCounter":0,"rootKey":"7GuYstsUL9wrMWg4loSa901wrUjnBdbRXkA4EoYTnbU="},"indexInfo":{"baseKey":"BRXVD+MjI0M2xBBe1dRdQ5Z0PjgcOblqL9HUJtSaG/FE","baseKeyType":1,"closed":-1,"used":1746721098500,"created":1746721098500,"remoteIdentityKey":"BYFA7rxsJLBtL4MfwcpoAts8US5o4Wz1dEkqSSwu5E9o"},"_chains":{"BdRL50IIeQudOI/uQjKQLrsggOMOD0X1wGtki8LBmWpU":{"chainKey":{"counter":2,"key":"ZJude6LZO9HNQCs3eYlI/Mqpe11gZoQhfq6XLk+GYF8="},"chainType":1,"messageKeys":{}}},"pendingPreKey":{"signedKeyId":1,"baseKey":"BRXVD+MjI0M2xBBe1dRdQ5Z0PjgcOblqL9HUJtSaG/FE"}}},"version":"v1"}