{"_sessions":{"BdPA2Pz1gd4JZ7nMxGGI1nc2+CzeFkj0+lcLqOwCRFl/":{"registrationId":1181744794,"currentRatchet":{"ephemeralKeyPair":{"pubKey":"BTrBaSdSo3+vckHiStuiKIF+4hhQi2ueAZ5BpdZbbr8/","privKey":"KFAb38mrEGrCZ7o72WyDWoaAdHotk+bHTDBHF2cwqWg="},"lastRemoteEphemeralKey":"BX9XoqAtoCy30nGUg02Gb1UtKASYLnhZ84dpbUpzF541","previousCounter":0,"rootKey":"ixARAuyE+D89/t3DrqBlqPoiUdvqWbO4AMdeRqNxIKE="},"indexInfo":{"baseKey":"BdPA2Pz1gd4JZ7nMxGGI1nc2+CzeFkj0+lcLqOwCRFl/","baseKeyType":1,"closed":1746721107875,"used":1746721076195,"created":1746721076195,"remoteIdentityKey":"BUQCuNUQeQjoyGPy6l/7/XWdEgg5c04YaDwO8aiGBIYH"},"_chains":{"BTrBaSdSo3+vckHiStuiKIF+4hhQi2ueAZ5BpdZbbr8/":{"chainKey":{"counter":0,"key":"qT+t1WTNy1lPWa/2npgHPTCoCIsGtl3rrjcCaKcHOrg="},"chainType":1,"messageKeys":{}}},"pendingPreKey":{"signedKeyId":3,"baseKey":"BdPA2Pz1gd4JZ7nMxGGI1nc2+CzeFkj0+lcLqOwCRFl/","preKeyId":16301658}},"BXw157oeos3lLg9Bl08zQ6Mb56buYatJoX+UUgDy73sz":{"registrationId":1181744794,"currentRatchet":{"ephemeralKeyPair":{"pubKey":"BfbcP4kuNP/5wybh48jy1M9nAW1UUJYnefltqbTeQfgg","privKey":"MBy8cNeNskCHFpfeGZYp9hlR9iw8O5559aRmyIZwyHE="},"lastRemoteEphemeralKey":"BX9XoqAtoCy30nGUg02Gb1UtKASYLnhZ84dpbUpzF541","previousCounter":0,"rootKey":"lYVB6uDNzxJ3hKR99lC4sa5+2Sp/oqYrvlVvx6RBtH8="},"indexInfo":{"baseKey":"BXw157oeos3lLg9Bl08zQ6Mb56buYatJoX+UUgDy73sz","baseKeyType":1,"closed":-1,"used":1746721107702,"created":1746721107702,"remoteIdentityKey":"BUQCuNUQeQjoyGPy6l/7/XWdEgg5c04YaDwO8aiGBIYH"},"_chains":{"BfbcP4kuNP/5wybh48jy1M9nAW1UUJYnefltqbTeQfgg":{"chainKey":{"counter":2,"key":"YcAYqCYF4luocsAV9oPs2IgVSMX8F5efLoWseG5Q3Jw="},"chainType":1,"messageKeys":{}}},"pendingPreKey":{"signedKeyId":3,"baseKey":"BXw157oeos3lLg9Bl08zQ6Mb56buYatJoX+UUgDy73sz","preKeyId":16301803}}},"version":"v1"}