{"_sessions":{"Be5SAteACx8oulqDoasc5YN+E39Y9IiHVLunFYKpmB0D":{"registrationId":339027254,"currentRatchet":{"ephemeralKeyPair":{"pubKey":"BbwAf1kay3mGz6GoJyLsXQW4fvcfeCIQ4rGdwDI64GZG","privKey":"+MHxDxQ4ayM2XIiEJBkAJ0/JXObxO7+JR2Oz/7OiqlU="},"lastRemoteEphemeralKey":"BTQKDiA+dYww03D8UZrM6Rbl4arPfMm/qZYLPisxPtpQ","previousCounter":0,"rootKey":"1Nfm3UJVPkoDoMLgjyK0OdcVt606sZE4GDiluhjnG7o="},"indexInfo":{"baseKey":"Be5SAteACx8oulqDoasc5YN+E39Y9IiHVLunFYKpmB0D","baseKeyType":1,"closed":1746721111342,"used":1746721080155,"created":1746721080155,"remoteIdentityKey":"BbcNRMi5EeBtvmX5EvzBeWPTTXppiyGQKc97TgnSZkgV"},"_chains":{"BbwAf1kay3mGz6GoJyLsXQW4fvcfeCIQ4rGdwDI64GZG":{"chainKey":{"counter":0,"key":"uaXfUmH9KDycH47joIeRjLH1seVZKEEASBf7A1oIsj0="},"chainType":1,"messageKeys":{}}},"pendingPreKey":{"signedKeyId":7,"baseKey":"Be5SAteACx8oulqDoasc5YN+E39Y9IiHVLunFYKpmB0D"}},"BW6flXZD0iQblM8rNlZ1iLYKuk9B+Ggcjwr3u36vCT0K":{"registrationId":339027254,"currentRatchet":{"ephemeralKeyPair":{"pubKey":"BWbSwOnFfTU3OyTXwmuJFH95et/ppqTltTfMI5c2+GtW","privKey":"MLWIjj/fInTUS+S8jFDODwrfGfuzImfOlUH67j+NXGg="},"lastRemoteEphemeralKey":"BTQKDiA+dYww03D8UZrM6Rbl4arPfMm/qZYLPisxPtpQ","previousCounter":0,"rootKey":"A2ZD+SwAgyRq+e9l7Jb+wNG0uliss5d1tk7w1Qh/GQg="},"indexInfo":{"baseKey":"BW6flXZD0iQblM8rNlZ1iLYKuk9B+Ggcjwr3u36vCT0K","baseKeyType":1,"closed":-1,"used":1746721111092,"created":1746721111092,"remoteIdentityKey":"BbcNRMi5EeBtvmX5EvzBeWPTTXppiyGQKc97TgnSZkgV"},"_chains":{"BWbSwOnFfTU3OyTXwmuJFH95et/ppqTltTfMI5c2+GtW":{"chainKey":{"counter":2,"key":"mffJYEB3KUmJPiVuSh1yNgEYIZFH5mYQrA8jM8wRb6Q="},"chainType":1,"messageKeys":{}}},"pendingPreKey":{"signedKeyId":7,"baseKey":"BW6flXZD0iQblM8rNlZ1iLYKuk9B+Ggcjwr3u36vCT0K"}}},"version":"v1"}