{"_sessions":{"BS+9ImSLzMfWv/PyjaVfEPpdFW+D7HwdCWbrUovgUah+":{"registrationId":192173031,"currentRatchet":{"ephemeralKeyPair":{"pubKey":"BcciuusSTv37xDWeJkAr0W/t/fIcrpDuUTr1rKmxuRR9","privKey":"iBcsGCKxGn6NjWoG9e9wSB6Ruok+ipeqXxZ4Bi+J1kw="},"lastRemoteEphemeralKey":"BdC8FcTFa75NmpoaO10dV04JfzCN3FI/3tcU6xcXfPh1","previousCounter":0,"rootKey":"ImtkXHMObHvETAwW5luttAxbyw8oB8Hrubi7cUFHzcw="},"indexInfo":{"baseKey":"BS+9ImSLzMfWv/PyjaVfEPpdFW+D7HwdCWbrUovgUah+","baseKeyType":2,"closed":-1,"used":1746714466195,"created":1746714466195,"remoteIdentityKey":"BU9G28GB3xpjlPs8UndBSEqNBJ49YC7ALYXw/H+ReMYM"},"_chains":{"BdC8FcTFa75NmpoaO10dV04JfzCN3FI/3tcU6xcXfPh1":{"chainKey":{"counter":0,"key":"zv0sZDeNllAkXiy6Um2vfLH74CmeTd0LrE4zKCjBCgE="},"chainType":2,"messageKeys":{}},"BcciuusSTv37xDWeJkAr0W/t/fIcrpDuUTr1rKmxuRR9":{"chainKey":{"counter":0,"key":"rMbIwwNwisRi8Kq0sZf5Z77KcnpRK8upMGz8ZzHZiJQ="},"chainType":1,"messageKeys":{}}}}},"version":"v1"}