{"_sessions":{"BQMZjvW8Y54BTGsgTjKUifuCum4GEFNciHnG1WP/KmYj":{"registrationId":2048751192,"currentRatchet":{"ephemeralKeyPair":{"pubKey":"BbbZ+vgxh0X0Ohoy8Z2uLBJNi9oJWla4ofF19WPkd0Ip","privKey":"UIJ+u/SPwOJAYOBIqHkWsplOg6riC6grgTtxHNE1olI="},"lastRemoteEphemeralKey":"BUr2OsjAwpx0kI1wD6rBEZPkWLCBDFtsLINokYHVoYY9","previousCounter":0,"rootKey":"zJTcbLt2PLpbcT2AIAFBphEnxgXFBhPHQZRVNQZXxwM="},"indexInfo":{"baseKey":"BQMZjvW8Y54BTGsgTjKUifuCum4GEFNciHnG1WP/KmYj","baseKeyType":1,"closed":1746721111321,"used":1746721080030,"created":1746721080030,"remoteIdentityKey":"BYjKNxQJdaNthAPbsrzgKTQMxK2KQ6WhaQvsFXLosGFw"},"_chains":{"BbbZ+vgxh0X0Ohoy8Z2uLBJNi9oJWla4ofF19WPkd0Ip":{"chainKey":{"counter":0,"key":"ZTTv/rcEHSC6DXttym0ug1F1FKWN4u1PfQ3jyzP4RjY="},"chainType":1,"messageKeys":{}}},"pendingPreKey":{"signedKeyId":2,"baseKey":"BQMZjvW8Y54BTGsgTjKUifuCum4GEFNciHnG1WP/KmYj","preKeyId":3533949}},"BTyQEOAWCjlC/AQq29inWaDx98AU1hctPC5Mzo1N6Vh0":{"registrationId":2048751192,"currentRatchet":{"ephemeralKeyPair":{"pubKey":"BYun5Z6hfpX4Hk30FAM7h/eEl8Xm66/Y2lQh7Is9tvE4","privKey":"OELiO1U3SOUQ7W+pcnFIF/V63IwYIxUkTVhHRhWD40g="},"lastRemoteEphemeralKey":"BUr2OsjAwpx0kI1wD6rBEZPkWLCBDFtsLINokYHVoYY9","previousCounter":0,"rootKey":"Gtgb6oIAmtIEzgtc/WhGlFjpRbIG9OLcw7MtVbOo4dU="},"indexInfo":{"baseKey":"BTyQEOAWCjlC/AQq29inWaDx98AU1hctPC5Mzo1N6Vh0","baseKeyType":1,"closed":-1,"used":1746721110976,"created":1746721110976,"remoteIdentityKey":"BYjKNxQJdaNthAPbsrzgKTQMxK2KQ6WhaQvsFXLosGFw"},"_chains":{"BYun5Z6hfpX4Hk30FAM7h/eEl8Xm66/Y2lQh7Is9tvE4":{"chainKey":{"counter":2,"key":"LKgXNXXUXjJ1JWu+2SfLUgC9Eyy+wH/HzthISnEvDo8="},"chainType":1,"messageKeys":{}}},"pendingPreKey":{"signedKeyId":2,"baseKey":"BTyQEOAWCjlC/AQq29inWaDx98AU1hctPC5Mzo1N6Vh0","preKeyId":3533919}}},"version":"v1"}