{"_sessions":{"BRt30E2lWur82vG2JhjLDVcEAOUcD+lvgxsAA9VufzM3":{"registrationId":620760724,"currentRatchet":{"ephemeralKeyPair":{"pubKey":"BTNZylr1HyjT8ZzjCnYTnwvIlZolBZS9VUXvP02s4joC","privKey":"AGfvY8nAUF/diJ2vLOqTNE5mjY3bDTxI65HU03/Y5nU="},"lastRemoteEphemeralKey":"BUUR5vmjLseS+QckwryyaBrP+cD5Mev2W/KtlLsEKd5U","previousCounter":0,"rootKey":"bK2AERUVQ+OVhwFBmoqQQCyOAspBTg83SPguDvC4Tz4="},"indexInfo":{"baseKey":"BRt30E2lWur82vG2JhjLDVcEAOUcD+lvgxsAA9VufzM3","baseKeyType":1,"closed":-1,"used":1746714525745,"created":1746714525745,"remoteIdentityKey":"BTfxhYE1BRB3tqLaE4eqR8RzOY/0pIQ8q6xctQKxM3hk"},"_chains":{"BTNZylr1HyjT8ZzjCnYTnwvIlZolBZS9VUXvP02s4joC":{"chainKey":{"counter":0,"key":"DRWAnCycAtnwyjkOt6q1sd1iq8clmdHrxyd+fJ7Aqjk="},"chainType":1,"messageKeys":{}}},"pendingPreKey":{"signedKeyId":6,"baseKey":"BRt30E2lWur82vG2JhjLDVcEAOUcD+lvgxsAA9VufzM3","preKeyId":7081391}}},"version":"v1"}