{"_sessions":{"BVrOE4UQ2LPCJLSkqWGR2LraooZd1/8VG0qbgMr+N4ZB":{"registrationId":17868161,"currentRatchet":{"ephemeralKeyPair":{"pubKey":"Bf1/P6OSZJ7Iyu+jkjWz0pgS9aR5BHMVL5PzD1UrR4kE","privKey":"qADWwB+dkn2lep/H+6RZ9q/LBfSEczS/Pza6pjc6dUM="},"lastRemoteEphemeralKey":"BWMa9ewp1FhsBO9UsEWxIbJ1h0tY2l/4SBLDfRpdxc5P","previousCounter":0,"rootKey":"zUZahpSFfnsV7n+w6hXO5Y2BHSWx5rZlMrgf/S4UQLQ="},"indexInfo":{"baseKey":"BVrOE4UQ2LPCJLSkqWGR2LraooZd1/8VG0qbgMr+N4ZB","baseKeyType":1,"closed":-1,"used":1746714536200,"created":1746714536200,"remoteIdentityKey":"BXt8bV4N32fmwEs1vGeV3VtSzJxGqhr1vbpn871TSCcX"},"_chains":{"Bf1/P6OSZJ7Iyu+jkjWz0pgS9aR5BHMVL5PzD1UrR4kE":{"chainKey":{"counter":0,"key":"seBHBYo23Xb+v6EINEWlnWNJ1NWStpUf375rIxumIIc="},"chainType":1,"messageKeys":{}}},"pendingPreKey":{"signedKeyId":12,"baseKey":"BVrOE4UQ2LPCJLSkqWGR2LraooZd1/8VG0qbgMr+N4ZB","preKeyId":9696668}}},"version":"v1"}