{"_sessions":{"BdEC2kYaQISabBpT/52Lx8iWctoWYWEcDpp5PaCwTZFx":{"registrationId":1617746803,"currentRatchet":{"ephemeralKeyPair":{"pubKey":"BSr19HlFRw0dRTjU6SauNmJE3ysGCidI5gaI5ug21Gxb","privKey":"6C7JEaQmL/Y6A8OS6YYeJMWxeyYJNVvOiHXc5c5I80g="},"lastRemoteEphemeralKey":"BY1o7FPfp59qpeeCswlwNx15MSekW/Clv/GPXR1AN6wY","previousCounter":0,"rootKey":"Wa0mhLbzHC3PtZQqGY8pysJOzNeSO35HXR0a79ZYGi4="},"indexInfo":{"baseKey":"BdEC2kYaQISabBpT/52Lx8iWctoWYWEcDpp5PaCwTZFx","baseKeyType":1,"closed":1746721107821,"used":1746721075995,"created":1746721075995,"remoteIdentityKey":"BV2O2Xatk3tBbbKSXqKbnMeCPS3/rQsy3UkngajmcZh+"},"_chains":{"BSr19HlFRw0dRTjU6SauNmJE3ysGCidI5gaI5ug21Gxb":{"chainKey":{"counter":0,"key":"1ztdu/Zpmh7mjDBnd3X6tixV1Hbeelv/q0+4BGbMOhg="},"chainType":1,"messageKeys":{}}},"pendingPreKey":{"signedKeyId":1,"baseKey":"BdEC2kYaQISabBpT/52Lx8iWctoWYWEcDpp5PaCwTZFx","preKeyId":15182092}},"Baxr7CDhNbGNM+UBCqT0gAzTVBBEGFtySwO7jRCe1Ww7":{"registrationId":1617746803,"currentRatchet":{"ephemeralKeyPair":{"pubKey":"BbkRBTquby48Py4NkYtbbHAsYidd5Q5cJiZrJZYQjEkv","privKey":"iO1QM3B/GBwff2A/dbc25J4vLrwjJuowWRYLtSZwIFE="},"lastRemoteEphemeralKey":"BY1o7FPfp59qpeeCswlwNx15MSekW/Clv/GPXR1AN6wY","previousCounter":0,"rootKey":"cbzwS2rXGJ3JqeGnG12Fmqk9Db8cDEDz2ieOOb38imk="},"indexInfo":{"baseKey":"Baxr7CDhNbGNM+UBCqT0gAzTVBBEGFtySwO7jRCe1Ww7","baseKeyType":1,"closed":-1,"used":1746721107546,"created":1746721107546,"remoteIdentityKey":"BV2O2Xatk3tBbbKSXqKbnMeCPS3/rQsy3UkngajmcZh+"},"_chains":{"BbkRBTquby48Py4NkYtbbHAsYidd5Q5cJiZrJZYQjEkv":{"chainKey":{"counter":2,"key":"Pfg3SRqmbTsUfNOyyEm+t6NJetwyb2bFBidx3i26mQU="},"chainType":1,"messageKeys":{}}},"pendingPreKey":{"signedKeyId":1,"baseKey":"Baxr7CDhNbGNM+UBCqT0gAzTVBBEGFtySwO7jRCe1Ww7","preKeyId":15182053}}},"version":"v1"}