{"_sessions":{"BS5zNUTVrcwNbJEttKI2Al96eL9nEqTPtuf2Tw8AnhZI":{"registrationId":919818460,"currentRatchet":{"ephemeralKeyPair":{"pubKey":"BdQ4ugUgy4SdbkoGEkalICAxj5Z0ePR+cnSxtemaub0e","privKey":"WDxukLzb6Ftx4fIW5zPyMaloY6ypuLM0yB8CSjkrAl4="},"lastRemoteEphemeralKey":"BXAnQF1J8iAfuBcoZiK23+AJHmuzl8PaNjNHLQzzuvdb","previousCounter":0,"rootKey":"dAO7+aR/xfaOGTAhq5/iVT66RYfY2zYF5weR+in7hSQ="},"indexInfo":{"baseKey":"BS5zNUTVrcwNbJEttKI2Al96eL9nEqTPtuf2Tw8AnhZI","baseKeyType":1,"closed":1746721103946,"used":1746721072533,"created":1746721072533,"remoteIdentityKey":"BcAsMiLB9AcYkv0kiSb/cN4HUsVHY/zdmqFK1w0yYJFF"},"_chains":{"BdQ4ugUgy4SdbkoGEkalICAxj5Z0ePR+cnSxtemaub0e":{"chainKey":{"counter":0,"key":"emp99+Q5KdDsF172yam2sdO/TulWkrsrAvkFQ1OWlac="},"chainType":1,"messageKeys":{}}},"pendingPreKey":{"signedKeyId":1399501,"baseKey":"BS5zNUTVrcwNbJEttKI2Al96eL9nEqTPtuf2Tw8AnhZI","preKeyId":3074}},"Bdg7nTLaFbGHBjYJa6mUpzZAvlBbUcQnUO5iUTHZR+I5":{"registrationId":919818460,"currentRatchet":{"ephemeralKeyPair":{"pubKey":"Bcf7iOkFC4ncCdWB1OgoBRZuhInIaByjuNzMVHCIiKMZ","privKey":"sGYkYML/FZEwbYn2cV+KFmsoeq197aioOnBoI2QLnUA="},"lastRemoteEphemeralKey":"BXAnQF1J8iAfuBcoZiK23+AJHmuzl8PaNjNHLQzzuvdb","previousCounter":0,"rootKey":"gLJkf9k067xpoQr1gBxWenlvQEmIwrGkg3UQJ9CFP58="},"indexInfo":{"baseKey":"Bdg7nTLaFbGHBjYJa6mUpzZAvlBbUcQnUO5iUTHZR+I5","baseKeyType":1,"closed":-1,"used":1746721103366,"created":1746721103366,"remoteIdentityKey":"BcAsMiLB9AcYkv0kiSb/cN4HUsVHY/zdmqFK1w0yYJFF"},"_chains":{"Bcf7iOkFC4ncCdWB1OgoBRZuhInIaByjuNzMVHCIiKMZ":{"chainKey":{"counter":2,"key":"lU1CdTPD5i4W0y/HTUqs4ZC2fV9LHsj3CpiEUZPlwX8="},"chainType":1,"messageKeys":{}}},"pendingPreKey":{"signedKeyId":1399501,"baseKey":"Bdg7nTLaFbGHBjYJa6mUpzZAvlBbUcQnUO5iUTHZR+I5","preKeyId":2711}}},"version":"v1"}