{"_sessions":{"Be8K1windX5plxFg7n0r19nCzz2+SJdrbFQuxKzUpbdN":{"registrationId":564540321,"currentRatchet":{"ephemeralKeyPair":{"pubKey":"BYZjGH4+yr7ZBm8qa2h+0oOU6P2uddVijzmqhTwBRKMm","privKey":"QMsrP/4oDav4tUjNFCJJ0tWSMeSR/aUAFm+sxho9g1k="},"lastRemoteEphemeralKey":"Bf+BdAfL11S/gJECx6lrdLUlR8BTqyx6nGZT/Hl1M6tL","previousCounter":0,"rootKey":"9Z0X5FdRlmuc9mzlZbQeEz//IioTKJcRcP+VxoIvdXw="},"indexInfo":{"baseKey":"Be8K1windX5plxFg7n0r19nCzz2+SJdrbFQuxKzUpbdN","baseKeyType":1,"closed":1746721111370,"used":1746721080329,"created":1746721080329,"remoteIdentityKey":"BbePaY0chhbedTE3wwDDpxlVnD6znRgLQu7jQgPyUZx4"},"_chains":{"BYZjGH4+yr7ZBm8qa2h+0oOU6P2uddVijzmqhTwBRKMm":{"chainKey":{"counter":0,"key":"l+e/JeA/j17WLWRXUe4o1OLePREULUqCNNwiBtZBkL4="},"chainType":1,"messageKeys":{}}},"pendingPreKey":{"signedKeyId":2,"baseKey":"Be8K1windX5plxFg7n0r19nCzz2+SJdrbFQuxKzUpbdN","preKeyId":23611}},"BdkfknYRam3XDMDppP/ba8CT7hVcPTbs8RGW3/+nO+tN":{"registrationId":564540321,"currentRatchet":{"ephemeralKeyPair":{"pubKey":"BSNzoz9vUaK5wrE/pZTeGOX2IsH5PRIuKbzwbiN3BUFD","privKey":"CMicm6Y7H5Dyx9NLldhUJnx1qpHB0INh4ALpPqwNHGY="},"lastRemoteEphemeralKey":"Bf+BdAfL11S/gJECx6lrdLUlR8BTqyx6nGZT/Hl1M6tL","previousCounter":0,"rootKey":"0i1g7Q34BRHedKX6b2TAsEyEDa3GjxcR1A7Bdw8KSvc="},"indexInfo":{"baseKey":"BdkfknYRam3XDMDppP/ba8CT7hVcPTbs8RGW3/+nO+tN","baseKeyType":1,"closed":-1,"used":1746721111243,"created":1746721111243,"remoteIdentityKey":"BbePaY0chhbedTE3wwDDpxlVnD6znRgLQu7jQgPyUZx4"},"_chains":{"BSNzoz9vUaK5wrE/pZTeGOX2IsH5PRIuKbzwbiN3BUFD":{"chainKey":{"counter":2,"key":"bMsUcThTDRcfwch+YRP+JeKjZPAmcT9UT9jRoaL1j7g="},"chainType":1,"messageKeys":{}}},"pendingPreKey":{"signedKeyId":2,"baseKey":"BdkfknYRam3XDMDppP/ba8CT7hVcPTbs8RGW3/+nO+tN","preKeyId":23688}}},"version":"v1"}