{"_sessions":{"BfPLo8PGhHKJFiBv9Sn7dhJsAYxrW5LppZMKAsdRxxhx":{"registrationId":9712,"currentRatchet":{"ephemeralKeyPair":{"pubKey":"BTBzNrta5bQicw3qR4i+WgbiMkN/YDaf0meJHMCJbgF3","privKey":"GB+FqLJMUDdr1vQ+YwKjL+jKVFMU4NMZecMST5jSY10="},"lastRemoteEphemeralKey":"BR5rf/FKC7pu+oEba1UAq34VB9a0k0OtyTtAdYYRlmUB","previousCounter":0,"rootKey":"uiUf/q48+zpdLn19NLDn+/Xk7ELm4n7dfwvfgM3V43o="},"indexInfo":{"baseKey":"BfPLo8PGhHKJFiBv9Sn7dhJsAYxrW5LppZMKAsdRxxhx","baseKeyType":1,"closed":-1,"used":1746714522223,"created":1746714522223,"remoteIdentityKey":"BXvCfGNBE33/yBYuaSc082DtDeP+Zo1r7D+vjyxNeOtj"},"_chains":{"BTBzNrta5bQicw3qR4i+WgbiMkN/YDaf0meJHMCJbgF3":{"chainKey":{"counter":0,"key":"nyCBR2qAIbQ3JM2sZf3mVgQu5EBI6F1Jh0FVwDriybA="},"chainType":1,"messageKeys":{}}},"pendingPreKey":{"signedKeyId":1,"baseKey":"BfPLo8PGhHKJFiBv9Sn7dhJsAYxrW5LppZMKAsdRxxhx","preKeyId":1067}}},"version":"v1"}