{"_sessions":{"BZQ/F193Ni8TJg276yvSR+f8IJ35zsQwCf+VRGRvxKgV":{"registrationId":1371493294,"currentRatchet":{"ephemeralKeyPair":{"pubKey":"BY8uiye5cA+uBhkCzGUpZapnXvblExnyVdy9vfgs+tJD","privKey":"wAUtKyhK2fer0xgkPZBYPFqtvknby93akAzgpGWKEGI="},"lastRemoteEphemeralKey":"BQkd7fpZA3LWNyQuvMg34Iihx0OBeHDPDmy6xAAZ6HV0","previousCounter":0,"rootKey":"sgI68Y95D0ZaAuH7soSkzvOAOEQjMQEXpsfiJ02b3IQ="},"indexInfo":{"baseKey":"BZQ/F193Ni8TJg276yvSR+f8IJ35zsQwCf+VRGRvxKgV","baseKeyType":1,"closed":1746721104016,"used":1746721072636,"created":1746721072636,"remoteIdentityKey":"BcAz1nJhIvuWbbTFwwwIozJd6lAL2aUrUrp2ZFre5G08"},"_chains":{"BY8uiye5cA+uBhkCzGUpZapnXvblExnyVdy9vfgs+tJD":{"chainKey":{"counter":0,"key":"p1eIn+W7uckm4giVw4mUy35/mJ92qaWpSKuB6xbswIQ="},"chainType":1,"messageKeys":{}}},"pendingPreKey":{"signedKeyId":3,"baseKey":"BZQ/F193Ni8TJg276yvSR+f8IJ35zsQwCf+VRGRvxKgV","preKeyId":5479067}},"BYVbsrgLgXdT238Tj0mPyKdCY9Pz6mPEMifYAhclXj41":{"registrationId":1371493294,"currentRatchet":{"ephemeralKeyPair":{"pubKey":"BWGEwCNRYUZ7AmkXl1io9eHbUTziRP0rA2oot+PdXxMT","privKey":"qBbCB5j85/w4/AnsGl5txDBdicQV+sfU+fFTjXH9fHk="},"lastRemoteEphemeralKey":"BQkd7fpZA3LWNyQuvMg34Iihx0OBeHDPDmy6xAAZ6HV0","previousCounter":0,"rootKey":"Aon39vGa7eqqZwZggO7gy6hY/xvRQN8MX1cgDJpHuig="},"indexInfo":{"baseKey":"BYVbsrgLgXdT238Tj0mPyKdCY9Pz6mPEMifYAhclXj41","baseKeyType":1,"closed":-1,"used":1746721103465,"created":1746721103465,"remoteIdentityKey":"BcAz1nJhIvuWbbTFwwwIozJd6lAL2aUrUrp2ZFre5G08"},"_chains":{"BWGEwCNRYUZ7AmkXl1io9eHbUTziRP0rA2oot+PdXxMT":{"chainKey":{"counter":2,"key":"nttN6EzIL6IDEWbkL5HorCReDxv7DM9olXCHqACvtO8="},"chainType":1,"messageKeys":{}}},"pendingPreKey":{"signedKeyId":3,"baseKey":"BYVbsrgLgXdT238Tj0mPyKdCY9Pz6mPEMifYAhclXj41","preKeyId":5478348}}},"version":"v1"}