{"_sessions":{"BY79Thyhey5xzfb0QSZ7oab3zFJdwKvpC1kQmwL53L8v":{"registrationId":139032503,"currentRatchet":{"ephemeralKeyPair":{"pubKey":"BbXxrtH4aTrGPVWqqSSZrEEtf8mvAVfvA5CCnDnF1Og9","privKey":"0MhPARfzf2w3RM6UwDQPeoyr8YiTVNS+HbwnT3fpWns="},"lastRemoteEphemeralKey":"BXvbf2DnbZ3gZ9WR99WGP2YPEyAYYyX86CfllKJZumYj","previousCounter":0,"rootKey":"69YcIy474kf7/9Bu1mK6l8aXaG6R/7VMFaVv83ivVSE="},"indexInfo":{"baseKey":"BY79Thyhey5xzfb0QSZ7oab3zFJdwKvpC1kQmwL53L8v","baseKeyType":1,"closed":-1,"used":1746714532934,"created":1746714532934,"remoteIdentityKey":"BTTNqUoV7GNrnBS9WHPEdZPpGJal3SDBcI/Lq4P1rVQY"},"_chains":{"BbXxrtH4aTrGPVWqqSSZrEEtf8mvAVfvA5CCnDnF1Og9":{"chainKey":{"counter":0,"key":"gmEROgWWlqJZA5BP6ol+LOC09pmDQEIJiR3LRO64K1U="},"chainType":1,"messageKeys":{}}},"pendingPreKey":{"signedKeyId":127861,"baseKey":"BY79Thyhey5xzfb0QSZ7oab3zFJdwKvpC1kQmwL53L8v","preKeyId":2955}}},"version":"v1"}