{"_sessions":{"BemkDowI5WgqwE/YixrwhTAodwtzA1DcMAGmDwekerxO":{"registrationId":328540489,"currentRatchet":{"ephemeralKeyPair":{"pubKey":"BX+GJutCXgu5wZgdWNgIgigIolB4uOZxEDyPk7eGhelO","privKey":"qHHugwb/DMuqotkVQXaLXy5RMRZu9OLlIcfWRwrhG1E="},"lastRemoteEphemeralKey":"BbLtWf2bwTw9J8iDu9e1m8kuVy79WlUCp/LGTzZWQt8l","previousCounter":0,"rootKey":"EVNBEPwI/W3E8P5Q7Xi6JZ36vAiq5fcKs1aEW/RWgAA="},"indexInfo":{"baseKey":"BemkDowI5WgqwE/YixrwhTAodwtzA1DcMAGmDwekerxO","baseKeyType":1,"closed":-1,"used":1746714540148,"created":1746714540148,"remoteIdentityKey":"BebB+8kBZdghq1gTj7gDHo6918/nL9sGlX6RoFC3EGsJ"},"_chains":{"BX+GJutCXgu5wZgdWNgIgigIolB4uOZxEDyPk7eGhelO":{"chainKey":{"counter":0,"key":"Ybf+lShieY8Av03oK7SaOdBCXW+n1r90pYUOZiXw5eA="},"chainType":1,"messageKeys":{}}},"pendingPreKey":{"signedKeyId":0,"baseKey":"BemkDowI5WgqwE/YixrwhTAodwtzA1DcMAGmDwekerxO","preKeyId":16217002}}},"version":"v1"}