{"_sessions":{"BYsZs8Bq5wZX+TCNqysyHRFHeVBt+PzzH8+jgNxbUutG":{"registrationId":117782969,"currentRatchet":{"ephemeralKeyPair":{"pubKey":"BRsBQfpOABhacjIfV6vvvVfA2h/VsvSa9n5KBKWkwFha","privKey":"yEUHNFFx1WsC7D/3i0TaSW4PQkhljBrKuztP7Gv30lA="},"lastRemoteEphemeralKey":"BQWyMi31APqDD90ZInPXors6X6HwMNyaTwRa/AQsDpAx","previousCounter":0,"rootKey":"UtsOMsUOHsV5fopE3hAB5DD4gsAucUGf+diI62DztLo="},"indexInfo":{"baseKey":"BYsZs8Bq5wZX+TCNqysyHRFHeVBt+PzzH8+jgNxbUutG","baseKeyType":1,"closed":1746721099397,"used":1746721069185,"created":1746721069185,"remoteIdentityKey":"BTi4cU4ZngXr8aOB+BR3vj65pokhrHAw5dp6s2LE9Nxz"},"_chains":{"BRsBQfpOABhacjIfV6vvvVfA2h/VsvSa9n5KBKWkwFha":{"chainKey":{"counter":0,"key":"13gRdKO/kIXUkk9uH8eAnnXxAGfdOMEhJJEM1sHnEAs="},"chainType":1,"messageKeys":{}}},"pendingPreKey":{"signedKeyId":4,"baseKey":"BYsZs8Bq5wZX+TCNqysyHRFHeVBt+PzzH8+jgNxbUutG"}},"BTcj07h4ouYe94Xb24qmDyE4fOvZecfi0wI+hWFf00YC":{"registrationId":117782969,"currentRatchet":{"ephemeralKeyPair":{"pubKey":"BSyq9nWx4i6C+e4cyTePhslhXhvNaXuvi3GDkX0CSq1u","privKey":"0K1+iAOpiNF/H/9cuXp4u/l7P0kTDHPn+Oiv0jtOhm4="},"lastRemoteEphemeralKey":"BQWyMi31APqDD90ZInPXors6X6HwMNyaTwRa/AQsDpAx","previousCounter":0,"rootKey":"KtqUEruklRiPSQRN2K8B571O8dAVWdtlKpf9z8MyCOY="},"indexInfo":{"baseKey":"BTcj07h4ouYe94Xb24qmDyE4fOvZecfi0wI+hWFf00YC","baseKeyType":1,"closed":-1,"used":1746721098837,"created":1746721098837,"remoteIdentityKey":"BTi4cU4ZngXr8aOB+BR3vj65pokhrHAw5dp6s2LE9Nxz"},"_chains":{"BSyq9nWx4i6C+e4cyTePhslhXhvNaXuvi3GDkX0CSq1u":{"chainKey":{"counter":2,"key":"YyJPR63CUFwUyf2V7nG96Nxj7TVrpTuJ6kvcjvxL1ew="},"chainType":1,"messageKeys":{}}},"pendingPreKey":{"signedKeyId":4,"baseKey":"BTcj07h4ouYe94Xb24qmDyE4fOvZecfi0wI+hWFf00YC"}}},"version":"v1"}