{"_sessions":{"BVFKTDGTqsd0Eklm9XZs4MmzfNCyqfacpqIOSbArVn5s":{"registrationId":973396381,"currentRatchet":{"ephemeralKeyPair":{"pubKey":"BSdP7Kzww6GmwRWfAUdNPyGM2RW5bbvnVPq5PZDvzVUo","privKey":"eHlYFTDyglywWpVj59OTFW2ppQx092KIXi2Zjaf2oXk="},"lastRemoteEphemeralKey":"BUOszNILM+d4NmwIN1MvExJcVOgjYEJcprO0NUizlsI3","previousCounter":0,"rootKey":"0HQY6vlhngI0wvjA1dYMtAdX6UJnn+/FgUEFTBg6DiE="},"indexInfo":{"baseKey":"BVFKTDGTqsd0Eklm9XZs4MmzfNCyqfacpqIOSbArVn5s","baseKeyType":1,"closed":-1,"used":1746714529408,"created":1746714529408,"remoteIdentityKey":"BSqj0LKy2vcd5V5j57vjSKZcyCpnABFaw95Ih0hojnU7"},"_chains":{"BSdP7Kzww6GmwRWfAUdNPyGM2RW5bbvnVPq5PZDvzVUo":{"chainKey":{"counter":0,"key":"OiTK1aZWVb2hauFQfJY1jld6khjN/IGJHJCm0RR8QAQ="},"chainType":1,"messageKeys":{}}},"pendingPreKey":{"signedKeyId":9,"baseKey":"BVFKTDGTqsd0Eklm9XZs4MmzfNCyqfacpqIOSbArVn5s","preKeyId":9680704}}},"version":"v1"}