{"_sessions":{"Bfl9NCK+Yr2flff7e3DhrQZs0MwadmG3BPsepRAwEC15":{"registrationId":1266809251,"currentRatchet":{"ephemeralKeyPair":{"pubKey":"BYG9rcD8fShrxiy0GgwObPeLfCNwSDWqvqPnj1XCuxZN","privKey":"IHvnp9nopiq6ISel31LwsLAOjDr9Saq0ysdKNUoyHnM="},"lastRemoteEphemeralKey":"BXbLFyk23TX4wY6sAgir8rNfvs9wOwVlkB2xxvHQLXFg","previousCounter":0,"rootKey":"LCiwzaIrGJiCiXSAS0csJcXON5XNhgKk77aSowsTiqI="},"indexInfo":{"baseKey":"Bfl9NCK+Yr2flff7e3DhrQZs0MwadmG3BPsepRAwEC15","baseKeyType":1,"closed":-1,"used":1746714529302,"created":1746714529302,"remoteIdentityKey":"BaEeM+qx5nRDxVlvYtn0LTBlSTTc9A7PQ1Rh0MzBL8w5"},"_chains":{"BYG9rcD8fShrxiy0GgwObPeLfCNwSDWqvqPnj1XCuxZN":{"chainKey":{"counter":0,"key":"s7qyfoYgCfBLIe+fveiG50pLxvsBorzRnsTTVbWNSNk="},"chainType":1,"messageKeys":{}}},"pendingPreKey":{"signedKeyId":20,"baseKey":"Bfl9NCK+Yr2flff7e3DhrQZs0MwadmG3BPsepRAwEC15","preKeyId":11545410}}},"version":"v1"}