{"_sessions":{"BYgoWdB3f1VQfrPIy+X1OUgdn1Yk4+Yaaj/yKk1FPVM1":{"registrationId":1553289205,"currentRatchet":{"ephemeralKeyPair":{"pubKey":"BZCdxvspcHrQR+F6fCaXQHhI1irkryrEWrmtpg0fscUq","privKey":"cJaiIQBss987zEv5gGqY7jmU7EbmihO0yfMNca2xB00="},"lastRemoteEphemeralKey":"BQxzFKEFQQS8eeUjyf3OtyBozNcnGme2BVG59FNyaNYG","previousCounter":0,"rootKey":"9zBXrxbOFPeonVOi466Nq1RKHiPIsjhDvqTYHfoBgd8="},"indexInfo":{"baseKey":"BYgoWdB3f1VQfrPIy+X1OUgdn1Yk4+Yaaj/yKk1FPVM1","baseKeyType":1,"closed":1746721114736,"used":1746721083563,"created":1746721083563,"remoteIdentityKey":"Bb/Sxe3hjB+wy+ON4R2kBjCn2ujFV2h2J2KctHNbWgtn"},"_chains":{"BZCdxvspcHrQR+F6fCaXQHhI1irkryrEWrmtpg0fscUq":{"chainKey":{"counter":0,"key":"SRUr1QsLcKkONzLnEzABVU14byoKOWZ1vWGqmaytZ/E="},"chainType":1,"messageKeys":{}}},"pendingPreKey":{"signedKeyId":17,"baseKey":"BYgoWdB3f1VQfrPIy+X1OUgdn1Yk4+Yaaj/yKk1FPVM1","preKeyId":16518649}},"BZpol+OB5L4dlS5ENyuDV9in9IuxsKPxrzsybGvWDRI2":{"registrationId":1553289205,"currentRatchet":{"ephemeralKeyPair":{"pubKey":"BdWyc0wTn95rTxW82PwrzBVPMnTgifiTiAWmALR6sC8I","privKey":"YClEHtf5wsugKoH31fw3nUah0RrxbbmJq0Zs1Adbo0k="},"lastRemoteEphemeralKey":"BQxzFKEFQQS8eeUjyf3OtyBozNcnGme2BVG59FNyaNYG","previousCounter":0,"rootKey":"UKJtasCMcet6WPf3XiVy2AS1aJw2W/c317/T1mvsiSE="},"indexInfo":{"baseKey":"BZpol+OB5L4dlS5ENyuDV9in9IuxsKPxrzsybGvWDRI2","baseKeyType":1,"closed":-1,"used":1746721114354,"created":1746721114354,"remoteIdentityKey":"Bb/Sxe3hjB+wy+ON4R2kBjCn2ujFV2h2J2KctHNbWgtn"},"_chains":{"BdWyc0wTn95rTxW82PwrzBVPMnTgifiTiAWmALR6sC8I":{"chainKey":{"counter":2,"key":"0zJC9HLz/20ILBXgHHpvY6986OmiRQoIAmUwPAcF06M="},"chainType":1,"messageKeys":{}}},"pendingPreKey":{"signedKeyId":17,"baseKey":"BZpol+OB5L4dlS5ENyuDV9in9IuxsKPxrzsybGvWDRI2","preKeyId":16518574}}},"version":"v1"}