{"_sessions":{"BcRbTQ/I3qd8SraiLHhmAMkJfmfME4rvWTE+4B43Adlj":{"registrationId":1211468307,"currentRatchet":{"ephemeralKeyPair":{"pubKey":"BeaxmTNOI7rETWDZUh/JlW4Ut9UzNmz6th3FWCmNCG0l","privKey":"0LfqbNTCf2K0cHB+jXwIzfBPMDxnzXPk4mSIzpu3Qlg="},"lastRemoteEphemeralKey":"BauRD1ZnU8DA4oBoi+vvnGmAu3Ew8/nkTMiKqnoztbJV","previousCounter":0,"rootKey":"xoFAOca0bgaSNeMzjljy0pVI1JXeUm7xUMCNvwHHl88="},"indexInfo":{"baseKey":"BcRbTQ/I3qd8SraiLHhmAMkJfmfME4rvWTE+4B43Adlj","baseKeyType":1,"closed":1746721107826,"used":1746721076015,"created":1746721076015,"remoteIdentityKey":"BZ01kvM2AEMoz2lhRfT/+AbyMgbfk0fr+zxvk91zvjgw"},"_chains":{"BeaxmTNOI7rETWDZUh/JlW4Ut9UzNmz6th3FWCmNCG0l":{"chainKey":{"counter":0,"key":"mWBbhCM050yVPIcQ2BvTYT0RVpeXQ7hQaS8NondSz6s="},"chainType":1,"messageKeys":{}}},"pendingPreKey":{"signedKeyId":1,"baseKey":"BcRbTQ/I3qd8SraiLHhmAMkJfmfME4rvWTE+4B43Adlj","preKeyId":6942812}},"BW77gc7KabTyQrdiwWNLEpgoSFtQ0sZ1k2meaYoksSpF":{"registrationId":1211468307,"currentRatchet":{"ephemeralKeyPair":{"pubKey":"BWgfc7uQYnuG6m4YtVpmZQQ0UVY3/8muMh0p/TQTNw1c","privKey":"GOww6PIORtVymzbYRxqdKM0XUHfndZXM3nKZV176f0g="},"lastRemoteEphemeralKey":"BauRD1ZnU8DA4oBoi+vvnGmAu3Ew8/nkTMiKqnoztbJV","previousCounter":0,"rootKey":"+Ujrg7nxAptgdhgT6GzB47FsN6KQfqwH2i/jEcWDP+k="},"indexInfo":{"baseKey":"BW77gc7KabTyQrdiwWNLEpgoSFtQ0sZ1k2meaYoksSpF","baseKeyType":1,"closed":-1,"used":1746721107562,"created":1746721107562,"remoteIdentityKey":"BZ01kvM2AEMoz2lhRfT/+AbyMgbfk0fr+zxvk91zvjgw"},"_chains":{"BWgfc7uQYnuG6m4YtVpmZQQ0UVY3/8muMh0p/TQTNw1c":{"chainKey":{"counter":2,"key":"rlehYPbJKz01yF/OfDFNFcVcRierT9HlRHnr8uJ8onA="},"chainType":1,"messageKeys":{}}},"pendingPreKey":{"signedKeyId":1,"baseKey":"BW77gc7KabTyQrdiwWNLEpgoSFtQ0sZ1k2meaYoksSpF","preKeyId":6942396}}},"version":"v1"}