{"_sessions":{"BY0TmZUoo2JBwtNnsKM6CpNxkaklCAdEBS7exCpeJCRy":{"registrationId":332173080,"currentRatchet":{"ephemeralKeyPair":{"pubKey":"BTJW/6ykElskhfUvVy/1zZwKyV+DWvTGSvBwodhHkCtw","privKey":"yAd0g9BCrwtkZnauQQ7r+XJTIb/5eO06bwxU5sNiUEw="},"lastRemoteEphemeralKey":"BcOcYHrti224IIaQ1ec/PuUNEtoMWVBbafFzlCT5Wwp/","previousCounter":0,"rootKey":"xvNcR8Ser+6P6WGUWJ8jOFlfAkZ+cgHShUZQIWof/qo="},"indexInfo":{"baseKey":"BY0TmZUoo2JBwtNnsKM6CpNxkaklCAdEBS7exCpeJCRy","baseKeyType":1,"closed":-1,"used":1746714539763,"created":1746714539763,"remoteIdentityKey":"BSaAfBhoYGqJtH/pxLbTiMaMigfuLKCeD//GWv42h7og"},"_chains":{"BTJW/6ykElskhfUvVy/1zZwKyV+DWvTGSvBwodhHkCtw":{"chainKey":{"counter":0,"key":"rpH5g1tSWC7v6xzncEQx50fcB0UcxjfeH481kX88RWE="},"chainType":1,"messageKeys":{}}},"pendingPreKey":{"signedKeyId":12,"baseKey":"BY0TmZUoo2JBwtNnsKM6CpNxkaklCAdEBS7exCpeJCRy","preKeyId":15006585}}},"version":"v1"}