{"_sessions":{"BXzcaYwga/Vrjc63Hze8zl5Lqd4TbPvoTYdo/6KWh0E6":{"registrationId":1976651986,"currentRatchet":{"ephemeralKeyPair":{"pubKey":"BUQsAygqv5ge+UHSo6/fhtiUT+QZzbfDE+VxbOrSgT9b","privKey":"GCwYJKr9ppe0lOzz2amH0RrblhNrHXBHs3IFzlOx/Fs="},"lastRemoteEphemeralKey":"BWSU9ekIT/MLQ8qEbVtIfVf0u78vSwDFf1Jzx1qkDM9m","previousCounter":0,"rootKey":"RNJzaALQCRKsuTPAW+nukfcVwuUnWbEwe2mNNnLaZE0="},"indexInfo":{"baseKey":"BXzcaYwga/Vrjc63Hze8zl5Lqd4TbPvoTYdo/6KWh0E6","baseKeyType":1,"closed":1746721107793,"used":1746721075891,"created":1746721075891,"remoteIdentityKey":"BYRy1zwy9mskDzaSwA1osjgZi7p1T0RRhBMguHA+CKMU"},"_chains":{"BUQsAygqv5ge+UHSo6/fhtiUT+QZzbfDE+VxbOrSgT9b":{"chainKey":{"counter":0,"key":"vHUl8f2ViiAoAlLwfxfNMRjBzrrClw5vM6Cg+n7iS9w="},"chainType":1,"messageKeys":{}}},"pendingPreKey":{"signedKeyId":0,"baseKey":"BXzcaYwga/Vrjc63Hze8zl5Lqd4TbPvoTYdo/6KWh0E6","preKeyId":8674684}},"BWv2zPDNGt0s22t9i7QsHzdDSJTCaugpfrNp3BHx5vxC":{"registrationId":1976651986,"currentRatchet":{"ephemeralKeyPair":{"pubKey":"Bcd44IisfA/cUKjYOvYpea7xU3bmYobkWom4ktM5atwg","privKey":"sDDU2s6w45hxohU+wz5NE42Q7xpGcIn2z8IfuW3XlUo="},"lastRemoteEphemeralKey":"BWSU9ekIT/MLQ8qEbVtIfVf0u78vSwDFf1Jzx1qkDM9m","previousCounter":0,"rootKey":"2R6wZxon+Dkrgyj3FcgvAskWdAVvP7tWVyuPRC7Sar4="},"indexInfo":{"baseKey":"BWv2zPDNGt0s22t9i7QsHzdDSJTCaugpfrNp3BHx5vxC","baseKeyType":1,"closed":-1,"used":1746721107455,"created":1746721107455,"remoteIdentityKey":"BYRy1zwy9mskDzaSwA1osjgZi7p1T0RRhBMguHA+CKMU"},"_chains":{"Bcd44IisfA/cUKjYOvYpea7xU3bmYobkWom4ktM5atwg":{"chainKey":{"counter":2,"key":"Gtlj6i5g4yadxv7A/rybTnd4nhcof7fBHRCmGIq4DBY="},"chainType":1,"messageKeys":{}}},"pendingPreKey":{"signedKeyId":0,"baseKey":"BWv2zPDNGt0s22t9i7QsHzdDSJTCaugpfrNp3BHx5vxC","preKeyId":8674689}}},"version":"v1"}