{"_sessions":{"BUmAipDtxWqnE2gvBN9OLGgp+fKhBedlwnGKei5fxGEt":{"registrationId":1258695989,"currentRatchet":{"ephemeralKeyPair":{"pubKey":"BZVhx4K6NcFLjz0dKpDVIvzDQSzw5QP05KQ7e6ygyRci","privKey":"sK0abteRKPSWhjP9WC4HkpW+L5iO4BG8cbdc1syrBnA="},"lastRemoteEphemeralKey":"BdLkDIzqXmNjKQdGLRhceWcp6YAGSxFMRSGSyI0lsJY3","previousCounter":0,"rootKey":"ZKI7DzHBPqJfwTWL3U/2sejaBqEX/FQnfifDPf5OOrU="},"indexInfo":{"baseKey":"BUmAipDtxWqnE2gvBN9OLGgp+fKhBedlwnGKei5fxGEt","baseKeyType":1,"closed":-1,"used":1746714543311,"created":1746714543311,"remoteIdentityKey":"BSgk9ewX04aFFY799cZYxOEsOBmF1MtYmEG708+6T/l7"},"_chains":{"BZVhx4K6NcFLjz0dKpDVIvzDQSzw5QP05KQ7e6ygyRci":{"chainKey":{"counter":0,"key":"YAPQN6ibJOidLO5cG4zVKGM/oWlPk472Iut/D6hAuzw="},"chainType":1,"messageKeys":{}}},"pendingPreKey":{"signedKeyId":19,"baseKey":"BUmAipDtxWqnE2gvBN9OLGgp+fKhBedlwnGKei5fxGEt","preKeyId":13804287}}},"version":"v1"}