{"_sessions":{"BRQeB/LDv+eCHZ0UUeTbcddr5S+INr+YKZxLWNh05Phr":{"registrationId":3069,"currentRatchet":{"ephemeralKeyPair":{"pubKey":"Be0OtAxM+3CSERwHA8jA/2dEnBSYR/1vFvP4pOZ16ws4","privKey":"WKpL+7SQYSkiQR5vOHmzzuwTrkwY1a+MQD0on4BhPmY="},"lastRemoteEphemeralKey":"BRQDbgbz2gVcEXbCX98WqxLcgimaLctJKwAYWO9izqFd","previousCounter":0,"rootKey":"8hFBFoxASEBrpgqZmgJuKOXC3ebnm1lSpSc4QAZQTa4="},"indexInfo":{"baseKey":"BRQeB/LDv+eCHZ0UUeTbcddr5S+INr+YKZxLWNh05Phr","baseKeyType":1,"closed":1746721099269,"used":1746721069076,"created":1746721069076,"remoteIdentityKey":"BdDEN8eJGZmWXOwAg49NnjBbGv7YTQ4Kpo0+3E4UvChB"},"_chains":{"Be0OtAxM+3CSERwHA8jA/2dEnBSYR/1vFvP4pOZ16ws4":{"chainKey":{"counter":0,"key":"/YSqgjNc2NGf3GfP21Alhma/DL8Hrqcm0SxUEncwGUs="},"chainType":1,"messageKeys":{}}},"pendingPreKey":{"signedKeyId":1,"baseKey":"BRQeB/LDv+eCHZ0UUeTbcddr5S+INr+YKZxLWNh05Phr"}},"BfM4TwMyoucbXVIRkaBv2mPjdKY3e7Uvn4DxUHum5CgN":{"registrationId":3069,"currentRatchet":{"ephemeralKeyPair":{"pubKey":"BURkASDk4zcoj3+ZIXR8m1P5ZepmeOzhQEHtRn9fPL43","privKey":"EOiu4ouBmJBOpV7ddpEy7nO8ALj2cR5fRMdWAGPya0Q="},"lastRemoteEphemeralKey":"BRQDbgbz2gVcEXbCX98WqxLcgimaLctJKwAYWO9izqFd","previousCounter":0,"rootKey":"9B7c6CCLS2Xe/yahCMmda5ENxkJsxGWixjPeFW8keRc="},"indexInfo":{"baseKey":"BfM4TwMyoucbXVIRkaBv2mPjdKY3e7Uvn4DxUHum5CgN","baseKeyType":1,"closed":-1,"used":1746721098742,"created":1746721098742,"remoteIdentityKey":"BdDEN8eJGZmWXOwAg49NnjBbGv7YTQ4Kpo0+3E4UvChB"},"_chains":{"BURkASDk4zcoj3+ZIXR8m1P5ZepmeOzhQEHtRn9fPL43":{"chainKey":{"counter":2,"key":"tAcpzUbxPbiaJFecahce1iEy16FQ0fTggGZ0CiEXBCk="},"chainType":1,"messageKeys":{}}},"pendingPreKey":{"signedKeyId":1,"baseKey":"BfM4TwMyoucbXVIRkaBv2mPjdKY3e7Uvn4DxUHum5CgN"}}},"version":"v1"}