{"_sessions":{"BcCyQVIHrbk6YZkqfE/rInD1xFZq6V7WAjQkMGZIJbUS":{"registrationId":759505788,"currentRatchet":{"ephemeralKeyPair":{"pubKey":"BbZIRZZgBvPI2n4iprOGDz2ZEiCmF6NrGOykByLi9206","privKey":"EC7az9yD+Jz0yeRdAXXfHYvlB9ACfVm4xlRCrMZ4d28="},"lastRemoteEphemeralKey":"BTM9JI/ESM33NQXRKze1GX0unqFWmGC5VOdlo9FV+rAv","previousCounter":0,"rootKey":"CTHRuUE4JSbh7MLABgOPX+9j8Mv6MVTq7ivf4MYxfL0="},"indexInfo":{"baseKey":"BcCyQVIHrbk6YZkqfE/rInD1xFZq6V7WAjQkMGZIJbUS","baseKeyType":1,"closed":1746721114750,"used":1746721083635,"created":1746721083635,"remoteIdentityKey":"BTyMFJV4m1nE2OhfYN9upmz3yfx+UaPE/kcxm/pTVV03"},"_chains":{"BbZIRZZgBvPI2n4iprOGDz2ZEiCmF6NrGOykByLi9206":{"chainKey":{"counter":0,"key":"fh4qDywXHY3RPwIMNrHnVhRFdiKY+qztNbB7yHH1MGs="},"chainType":1,"messageKeys":{}}},"pendingPreKey":{"signedKeyId":3,"baseKey":"BcCyQVIHrbk6YZkqfE/rInD1xFZq6V7WAjQkMGZIJbUS","preKeyId":15716987}},"Bek++CEowQcB5htwj2Sj8Yezf6tA0P+H+uU3BBZibsVa":{"registrationId":759505788,"currentRatchet":{"ephemeralKeyPair":{"pubKey":"BTIt4JpaHTXKUChz7spzg/LHRDpAPRSlGJFGPo6oIqFC","privKey":"uMmDJBCGBoMYqAok/RsbePrMsOhkq+O8JHzIHWryY2k="},"lastRemoteEphemeralKey":"BTM9JI/ESM33NQXRKze1GX0unqFWmGC5VOdlo9FV+rAv","previousCounter":0,"rootKey":"Sv0ikz6YRDjlHNYep3XDMM6P2qXB4fAwmFF/gS6xr/g="},"indexInfo":{"baseKey":"Bek++CEowQcB5htwj2Sj8Yezf6tA0P+H+uU3BBZibsVa","baseKeyType":1,"closed":-1,"used":1746721114422,"created":1746721114422,"remoteIdentityKey":"BTyMFJV4m1nE2OhfYN9upmz3yfx+UaPE/kcxm/pTVV03"},"_chains":{"BTIt4JpaHTXKUChz7spzg/LHRDpAPRSlGJFGPo6oIqFC":{"chainKey":{"counter":2,"key":"Zn1ODPIeqgYiRZczGMdlkn3biNx9qCDrtukJ1diwkuY="},"chainType":1,"messageKeys":{}}},"pendingPreKey":{"signedKeyId":3,"baseKey":"Bek++CEowQcB5htwj2Sj8Yezf6tA0P+H+uU3BBZibsVa","preKeyId":15717002}}},"version":"v1"}