{"_sessions":{"BWmk3cq1QhBhx3qWRZX4bJJJe68zcKJNK6Ssg8N4uvYL":{"registrationId":2100580479,"currentRatchet":{"ephemeralKeyPair":{"pubKey":"BYNBuSJYT33G4Y0RchfrSND6/s3FlUtU/tzd58OrIJxF","privKey":"6GJ83rpo/twn2AwrmBBo7YvMsUyduk3ukSMYWsI36WM="},"lastRemoteEphemeralKey":"BXg+45a2qaENzFWRm6AzdXNd/KSwbcv9OqtcefFTXyxb","previousCounter":0,"rootKey":"CzzXcBC42cPd/uxFDANXP2R2KafKe7Lbdpd84ReBCyM="},"indexInfo":{"baseKey":"BWmk3cq1QhBhx3qWRZX4bJJJe68zcKJNK6Ssg8N4uvYL","baseKeyType":1,"closed":-1,"used":1746714529512,"created":1746714529512,"remoteIdentityKey":"BVhlLEdFIHVER+d0oqL2LfGlehNLQJWjx1+jZGPzyQkk"},"_chains":{"BYNBuSJYT33G4Y0RchfrSND6/s3FlUtU/tzd58OrIJxF":{"chainKey":{"counter":0,"key":"x48YUA5/ncxBwbb2nJrac8VISssIRIOREfMQkRrJhDw="},"chainType":1,"messageKeys":{}}},"pendingPreKey":{"signedKeyId":1,"baseKey":"BWmk3cq1QhBhx3qWRZX4bJJJe68zcKJNK6Ssg8N4uvYL","preKeyId":11692668}}},"version":"v1"}