{"_sessions":{"Beyk2EJ+ssQZJDK2oXLRZXL5Yx/gK1F0tt5ybSbwUfkp":{"registrationId":2033662059,"currentRatchet":{"ephemeralKeyPair":{"pubKey":"Bcp++W1GFY5wwC/Q7BNawlroSJgkOCMFAEBM4zDbajtE","privKey":"ODrCZm470ujQlyt8JBBelhmZeBtn1D75UNNsyel8sls="},"lastRemoteEphemeralKey":"BahFhRShPnAEDKAVBcBq9Iepl9o5Ts1AOPnxO2Q2jOJL","previousCounter":0,"rootKey":"W16CTXpQpR1Q2HeBQY609gpbgtWa1RCnksmVVDSNFCI="},"indexInfo":{"baseKey":"Beyk2EJ+ssQZJDK2oXLRZXL5Yx/gK1F0tt5ybSbwUfkp","baseKeyType":1,"closed":-1,"used":1746714525658,"created":1746714525658,"remoteIdentityKey":"BbrjsL0YuhOeqI+nWcBWcOm40g018SZdoCfhH6Y+imgx"},"_chains":{"Bcp++W1GFY5wwC/Q7BNawlroSJgkOCMFAEBM4zDbajtE":{"chainKey":{"counter":0,"key":"G0clfw+9oxCJkIldL2sXJ7qFmlA3zBnqdwwHSDhSRS0="},"chainType":1,"messageKeys":{}}},"pendingPreKey":{"signedKeyId":7,"baseKey":"Beyk2EJ+ssQZJDK2oXLRZXL5Yx/gK1F0tt5ybSbwUfkp","preKeyId":5212011}}},"version":"v1"}