{"_sessions":{"BeX/w1YYQCqjI7oIhkX0k+EzAyioh6pJqfkzTpEhyZcN":{"registrationId":1714651025,"currentRatchet":{"ephemeralKeyPair":{"pubKey":"BYKmVaCostSeCJ/9jvA2Yv8QsqUSp4c6m6RUybgBh+Jr","privKey":"EPaR7T4UqomkZXL83rk3WOVuwaeiJJENbQf3SiEuj24="},"lastRemoteEphemeralKey":"BTBW1D/3AREzZhLIbumwkd/5wdPU3e6wm++nDhXOHcpt","previousCounter":0,"rootKey":"jzPzL2i/blrUEe/TO003i3qtNL0Jibyb83RJamAmVbo="},"indexInfo":{"baseKey":"BeX/w1YYQCqjI7oIhkX0k+EzAyioh6pJqfkzTpEhyZcN","baseKeyType":1,"closed":1746721104104,"used":1746721072931,"created":1746721072931,"remoteIdentityKey":"BQVbdOrIkNaU4r1JfenXLHaJI8M1RSc8mEWU6z+49G0C"},"_chains":{"BYKmVaCostSeCJ/9jvA2Yv8QsqUSp4c6m6RUybgBh+Jr":{"chainKey":{"counter":0,"key":"BN6MY7gwZ9AkolNvyK7vwlb72JX1ZFFlRHecQwqtoB8="},"chainType":1,"messageKeys":{}}},"pendingPreKey":{"signedKeyId":7,"baseKey":"BeX/w1YYQCqjI7oIhkX0k+EzAyioh6pJqfkzTpEhyZcN","preKeyId":2571825}},"BRG76Qu7QHv9wXeitQ6iVMaEpwh2GcO6hv0zfzolWZRV":{"registrationId":1714651025,"currentRatchet":{"ephemeralKeyPair":{"pubKey":"BT+emFdtTNfv/y8/uBL4k/+zUwzsMZJ5s3g0BMXAqjY3","privKey":"iEpRfI8ydZKmFOwwzCrXrDpDkVG58Qj+1foLR4uJ904="},"lastRemoteEphemeralKey":"BTBW1D/3AREzZhLIbumwkd/5wdPU3e6wm++nDhXOHcpt","previousCounter":0,"rootKey":"KIHI2Mokz/ezTfbmr7cTmtYc2h5X1nOPmKraHSh8fHI="},"indexInfo":{"baseKey":"BRG76Qu7QHv9wXeitQ6iVMaEpwh2GcO6hv0zfzolWZRV","baseKeyType":1,"closed":-1,"used":1746721103843,"created":1746721103843,"remoteIdentityKey":"BQVbdOrIkNaU4r1JfenXLHaJI8M1RSc8mEWU6z+49G0C"},"_chains":{"BT+emFdtTNfv/y8/uBL4k/+zUwzsMZJ5s3g0BMXAqjY3":{"chainKey":{"counter":2,"key":"9vxb9XDfInWTDwAkRk50nypudO4FPJjOKJBqP8he2qo="},"chainType":1,"messageKeys":{}}},"pendingPreKey":{"signedKeyId":7,"baseKey":"BRG76Qu7QHv9wXeitQ6iVMaEpwh2GcO6hv0zfzolWZRV","preKeyId":2571774}}},"version":"v1"}