{"_sessions":{"BfqVIc6XUnyXF3Yq+Qupk2icVqdd47z6C3JoQ1PYP3cR":{"registrationId":408804008,"currentRatchet":{"ephemeralKeyPair":{"pubKey":"Beeej0ZcVnExgWUBS6nlKQi4vZsls3BIMHpqJbJNuKUh","privKey":"AO7BiQ8DB1XiYmdNBS4UTqpyZ3BPyCD2Ql2Vf8ehvlE="},"lastRemoteEphemeralKey":"Be/6IDGAblzb8wV9+Ae+GKj2U02yNo88o8hXoPstxSkj","previousCounter":0,"rootKey":"G3a/PeIP6p5q0umfTCzp0xV5WIll/GrQ323QI1L+zUE="},"indexInfo":{"baseKey":"BfqVIc6XUnyXF3Yq+Qupk2icVqdd47z6C3JoQ1PYP3cR","baseKeyType":1,"closed":1746721099113,"used":1746721068844,"created":1746721068844,"remoteIdentityKey":"BTJhWILwVPNIxOB2kkpaoy2ZOoPubMCkHhfxrmwlOWxA"},"_chains":{"Beeej0ZcVnExgWUBS6nlKQi4vZsls3BIMHpqJbJNuKUh":{"chainKey":{"counter":0,"key":"rAuMip9gNkNOZwqIWWA7vdGpHOsgiYYWG6+q7f+2R7M="},"chainType":1,"messageKeys":{}}},"pendingPreKey":{"signedKeyId":3,"baseKey":"BfqVIc6XUnyXF3Yq+Qupk2icVqdd47z6C3JoQ1PYP3cR","preKeyId":6467802}},"BeVSUoohEEBqEROJ3OER1akta4s9v5K6KPhSidNl195t":{"registrationId":408804008,"currentRatchet":{"ephemeralKeyPair":{"pubKey":"BS0qyamv6NXl+9qdQtFs6/bCdku49EmJI1VTENBIZ4tM","privKey":"iLqOUp6BZgOi2UXg6bQn0OHWbH7pDEa62IGniv5bVFo="},"lastRemoteEphemeralKey":"Be/6IDGAblzb8wV9+Ae+GKj2U02yNo88o8hXoPstxSkj","previousCounter":0,"rootKey":"uaH75iSgb3pMgK3MgolWiPAYu1xk1ln/VxFkf9n2aCI="},"indexInfo":{"baseKey":"BeVSUoohEEBqEROJ3OER1akta4s9v5K6KPhSidNl195t","baseKeyType":1,"closed":-1,"used":1746721098547,"created":1746721098547,"remoteIdentityKey":"BTJhWILwVPNIxOB2kkpaoy2ZOoPubMCkHhfxrmwlOWxA"},"_chains":{"BS0qyamv6NXl+9qdQtFs6/bCdku49EmJI1VTENBIZ4tM":{"chainKey":{"counter":2,"key":"cxnD3fkuWpsoB6uq/zEHLtTEUG3FaL22p2hn00PzttM="},"chainType":1,"messageKeys":{}}},"pendingPreKey":{"signedKeyId":3,"baseKey":"BeVSUoohEEBqEROJ3OER1akta4s9v5K6KPhSidNl195t","preKeyId":6468411}}},"version":"v1"}