{"_sessions":{"BTjeEygrzbgQNI64wqUaZrkbTGQWgJgURW+U4DY+YOUv":{"registrationId":1981005296,"currentRatchet":{"ephemeralKeyPair":{"pubKey":"BZAZqxOIKWKIDyIaP2OU/JDuPeQEI5EbBztbEI4DMTxE","privKey":"KMdKyakHmSqUUUAHSFgTYaEQJnxfmBiUpNmkdY45k3o="},"lastRemoteEphemeralKey":"Be3dZ9qSd7TZwxSe+m15P4XJ7mHCDsuticuN/Pl29MUA","previousCounter":0,"rootKey":"QQ/1YNTdSHfC2IwZVuWCIwKZo/BKHmpi1MisUvecnTk="},"indexInfo":{"baseKey":"BTjeEygrzbgQNI64wqUaZrkbTGQWgJgURW+U4DY+YOUv","baseKeyType":1,"closed":1746721107777,"used":1746721075833,"created":1746721075833,"remoteIdentityKey":"BbJA5HSzXrnC1aQA73AUJcqWZGV04+/fGL4frdR0Id51"},"_chains":{"BZAZqxOIKWKIDyIaP2OU/JDuPeQEI5EbBztbEI4DMTxE":{"chainKey":{"counter":0,"key":"46j6XtbbaQ0L42SZZ9en+Z8qwvev1/I5k+ndl4gTQUw="},"chainType":1,"messageKeys":{}}},"pendingPreKey":{"signedKeyId":1,"baseKey":"BTjeEygrzbgQNI64wqUaZrkbTGQWgJgURW+U4DY+YOUv","preKeyId":16000196}},"BRKYgX6WNwyp10w7VqIPpqpcGW7BGrdz6Fn7U4D70psG":{"registrationId":1981005296,"currentRatchet":{"ephemeralKeyPair":{"pubKey":"BTVOVYs9hSus1az7bTWTJeXvSDe8qcf5rGACs/4nhawM","privKey":"+P5DX04Mnhdlh7SzR+TxLKvm4FKtn8HMBNbINXecVU0="},"lastRemoteEphemeralKey":"Be3dZ9qSd7TZwxSe+m15P4XJ7mHCDsuticuN/Pl29MUA","previousCounter":0,"rootKey":"y3ogHrmhlmZDgNatKnWGPjg1kcbvL4vznvll5NwoO+8="},"indexInfo":{"baseKey":"BRKYgX6WNwyp10w7VqIPpqpcGW7BGrdz6Fn7U4D70psG","baseKeyType":1,"closed":-1,"used":1746721107399,"created":1746721107399,"remoteIdentityKey":"BbJA5HSzXrnC1aQA73AUJcqWZGV04+/fGL4frdR0Id51"},"_chains":{"BTVOVYs9hSus1az7bTWTJeXvSDe8qcf5rGACs/4nhawM":{"chainKey":{"counter":2,"key":"0RIL7qBQLXkA7Ie4DWmL7bvu+d6M4avXq7576/saChQ="},"chainType":1,"messageKeys":{}}},"pendingPreKey":{"signedKeyId":1,"baseKey":"BRKYgX6WNwyp10w7VqIPpqpcGW7BGrdz6Fn7U4D70psG","preKeyId":16000574}}},"version":"v1"}