{"_sessions":{"BeMXhZGLtRJjQ502ImCD2zp2Yaa3Th/Hj+GptAjN8IYL":{"registrationId":70,"currentRatchet":{"ephemeralKeyPair":{"pubKey":"BYwzm5dZGJ8y50EkiXu4eBYN3464Xkp3gEI5vxaCLTVQ","privKey":"mHTV1abqpnvldbJm1hAsQ8gS7gOUC0Zyb/IclJTFW2Q="},"lastRemoteEphemeralKey":"BRp4PYROCoVpPEBInDckIHnQxFjjUxNw/Ifho9OIxMgQ","previousCounter":0,"rootKey":"ErTFs+7XBVvu79g80l8AcnKuAL7NoXj3C+o864sBPEU="},"indexInfo":{"baseKey":"BeMXhZGLtRJjQ502ImCD2zp2Yaa3Th/Hj+GptAjN8IYL","baseKeyType":1,"closed":1746721099098,"used":1746721068806,"created":1746721068806,"remoteIdentityKey":"BXiVx/l9uoon8SvKG0V0rQxJmENTvTi6xCyMaIAcPOZk"},"_chains":{"BYwzm5dZGJ8y50EkiXu4eBYN3464Xkp3gEI5vxaCLTVQ":{"chainKey":{"counter":0,"key":"OXZ+lZqNWZZGbdAsB853lSNp5QwDuXyo7MY+LwwdFTs="},"chainType":1,"messageKeys":{}}},"pendingPreKey":{"signedKeyId":1,"baseKey":"BeMXhZGLtRJjQ502ImCD2zp2Yaa3Th/Hj+GptAjN8IYL"}},"BRCU26g0qB22o0V4/4HqZXJX71RELiSTZDPynQW4AoFZ":{"registrationId":70,"currentRatchet":{"ephemeralKeyPair":{"pubKey":"BcaYRp9AGcAnmJDK1NlE+e4eCdDj6fPaFtYWvUT5cCYT","privKey":"sNjBU1x99Iz+CZKZHC/WqPCO/gVYcqcaI5U2JptrMVY="},"lastRemoteEphemeralKey":"BRp4PYROCoVpPEBInDckIHnQxFjjUxNw/Ifho9OIxMgQ","previousCounter":0,"rootKey":"iG5DsGQ6FwFN56s6kFkkqahHAf1zNpXH3E/YbosCH5w="},"indexInfo":{"baseKey":"BRCU26g0qB22o0V4/4HqZXJX71RELiSTZDPynQW4AoFZ","baseKeyType":1,"closed":-1,"used":1746721098516,"created":1746721098516,"remoteIdentityKey":"BXiVx/l9uoon8SvKG0V0rQxJmENTvTi6xCyMaIAcPOZk"},"_chains":{"BcaYRp9AGcAnmJDK1NlE+e4eCdDj6fPaFtYWvUT5cCYT":{"chainKey":{"counter":2,"key":"/z9dnkhtJ/6JdQvjOHlrU0J2AJplfFnXznZXOVvMmno="},"chainType":1,"messageKeys":{}}},"pendingPreKey":{"signedKeyId":1,"baseKey":"BRCU26g0qB22o0V4/4HqZXJX71RELiSTZDPynQW4AoFZ"}}},"version":"v1"}