{"_sessions":{"Bc5TJus/cHJgMJtOWngcc1gez+5uoeOfUImZQNvXKYhQ":{"registrationId":1370745464,"currentRatchet":{"ephemeralKeyPair":{"pubKey":"BYEk6ZNXQc3zAKMSVHOIyJejGlIg1hiW0n4hDLQ8vXFU","privKey":"MIdqGCEajKEdH4cVEfnHKDoFOup7tSczrh8IzRVsC1g="},"lastRemoteEphemeralKey":"BffdloOQHJVaHR/katiGYpdWCf3944vLet4x3i7UjEwa","previousCounter":0,"rootKey":"mIpgyttem9A1lqYYWNwLupN8NvA8AtrapFCAXqvS2l4="},"indexInfo":{"baseKey":"Bc5TJus/cHJgMJtOWngcc1gez+5uoeOfUImZQNvXKYhQ","baseKeyType":1,"closed":1746721107781,"used":1746721075845,"created":1746721075845,"remoteIdentityKey":"Be13rKneYfZHO5lcGzMik4+jBenSI7NtB5aInmWWaRFT"},"_chains":{"BYEk6ZNXQc3zAKMSVHOIyJejGlIg1hiW0n4hDLQ8vXFU":{"chainKey":{"counter":0,"key":"uGqXN7Eee+9o9YozMTOdDDh5gbByGf9lbS1DzJW2A3g="},"chainType":1,"messageKeys":{}}},"pendingPreKey":{"signedKeyId":1,"baseKey":"Bc5TJus/cHJgMJtOWngcc1gez+5uoeOfUImZQNvXKYhQ","preKeyId":8270587}},"BQNf/Wjy7B0CzmvBJlwPUsPjtC189FJjJFAcLHLR1Fkb":{"registrationId":1370745464,"currentRatchet":{"ephemeralKeyPair":{"pubKey":"BZM9un5c07sIyxnypVabhqZy5LXLQxnkJw1eL0mAymIa","privKey":"2Bt8yvxXclppw73nDpjLI0EXKNoX9FMgmtYjZpUGJW4="},"lastRemoteEphemeralKey":"BffdloOQHJVaHR/katiGYpdWCf3944vLet4x3i7UjEwa","previousCounter":0,"rootKey":"NKfQB/u6dJY3hRkMW21qb0T/kpOIMPVdt0BLMQHu1pk="},"indexInfo":{"baseKey":"BQNf/Wjy7B0CzmvBJlwPUsPjtC189FJjJFAcLHLR1Fkb","baseKeyType":1,"closed":-1,"used":1746721107411,"created":1746721107411,"remoteIdentityKey":"Be13rKneYfZHO5lcGzMik4+jBenSI7NtB5aInmWWaRFT"},"_chains":{"BZM9un5c07sIyxnypVabhqZy5LXLQxnkJw1eL0mAymIa":{"chainKey":{"counter":2,"key":"+6TqoLsJ5L0GYBijpONCmNKxyYgPHEXFsjtGxIca058="},"chainType":1,"messageKeys":{}}},"pendingPreKey":{"signedKeyId":1,"baseKey":"BQNf/Wjy7B0CzmvBJlwPUsPjtC189FJjJFAcLHLR1Fkb","preKeyId":8269998}}},"version":"v1"}