{"_sessions":{"BQWqNqhkg0v+t3zoXWogTE7SZamo4MjNSTvx1KU9AnYl":{"registrationId":1625897875,"currentRatchet":{"ephemeralKeyPair":{"pubKey":"BWZKwn62lPpcqqtqELpykAb+C7K1Inn+z7b26zY3a2Rv","privKey":"4C5o8+YxrxoAiEMjnUsjUnRvo2uwI8XPP7Wi4W9drlc="},"lastRemoteEphemeralKey":"BT+l2VdKAaUBkhJspIQTHQerhvEfOnP6ac6eJCwSs6F+","previousCounter":0,"rootKey":"+vwJZ5Qv+cokeecYi2mRXk0ldfoYBMn0wocHAIy3hU4="},"indexInfo":{"baseKey":"BQWqNqhkg0v+t3zoXWogTE7SZamo4MjNSTvx1KU9AnYl","baseKeyType":1,"closed":1746721099129,"used":1746721068899,"created":1746721068899,"remoteIdentityKey":"BdkkaCQ3kCIMMFLmPX4vGT/GrYX0sMP+L879ohbIKa0e"},"_chains":{"BWZKwn62lPpcqqtqELpykAb+C7K1Inn+z7b26zY3a2Rv":{"chainKey":{"counter":0,"key":"+aKf+BUWLsK8t1LhfjgtRHlhvjFkqehboPXSWZPcJeI="},"chainType":1,"messageKeys":{}}},"pendingPreKey":{"signedKeyId":3972416,"baseKey":"BQWqNqhkg0v+t3zoXWogTE7SZamo4MjNSTvx1KU9AnYl"}},"BVPokTXyeJqms4cnj5or03uHYw1TcmF1DnVcxM0ZwHsP":{"registrationId":1625897875,"currentRatchet":{"ephemeralKeyPair":{"pubKey":"BZAU47giSGUOzVq6Lptt1NWjRYByl+5/HJbY3S73OEAJ","privKey":"8OKYPqCAFTpf3o0wRJuZRVQOLqw8lzN9MKP4SxaHvWA="},"lastRemoteEphemeralKey":"BT+l2VdKAaUBkhJspIQTHQerhvEfOnP6ac6eJCwSs6F+","previousCounter":0,"rootKey":"J2hQGIDVUpmSX7OCa2UDiaC2/mYbqNBDnPlKdtWYjvI="},"indexInfo":{"baseKey":"BVPokTXyeJqms4cnj5or03uHYw1TcmF1DnVcxM0ZwHsP","baseKeyType":1,"closed":-1,"used":1746721098597,"created":1746721098596,"remoteIdentityKey":"BdkkaCQ3kCIMMFLmPX4vGT/GrYX0sMP+L879ohbIKa0e"},"_chains":{"BZAU47giSGUOzVq6Lptt1NWjRYByl+5/HJbY3S73OEAJ":{"chainKey":{"counter":2,"key":"ZTVb+049IhkgZo5GsOhIbWTfDwTwDBKEjuA6P8Th64E="},"chainType":1,"messageKeys":{}}},"pendingPreKey":{"signedKeyId":3972416,"baseKey":"BVPokTXyeJqms4cnj5or03uHYw1TcmF1DnVcxM0ZwHsP"}}},"version":"v1"}