{"_sessions":{"BbwbOrgVf551acro6eIM5MGNyEv+Hp4JaEw3M40RnxBL":{"registrationId":229300872,"currentRatchet":{"ephemeralKeyPair":{"pubKey":"BTkRVvWI8FgmtJJZKiKXgFQAFcohj1MZeNXu9mf/+uQx","privKey":"WGcPm12tcr/Wc8cW+WOBvP1MkcIvO29icggjzxffY2w="},"lastRemoteEphemeralKey":"BeencjfIPwEyC6kXVTeWzvu5TSL8UmLsKJb+jPTNroZY","previousCounter":0,"rootKey":"r6jRtWLd+0BS/Iql8aGu0v+gpgWLC+0eKOHziAUqM1I="},"indexInfo":{"baseKey":"BbwbOrgVf551acro6eIM5MGNyEv+Hp4JaEw3M40RnxBL","baseKeyType":1,"closed":-1,"used":1746714529262,"created":1746714529262,"remoteIdentityKey":"BSoVytdOmpJxntCWzWZjmWSj+RBIujEJlqLCKbkkm04B"},"_chains":{"BTkRVvWI8FgmtJJZKiKXgFQAFcohj1MZeNXu9mf/+uQx":{"chainKey":{"counter":0,"key":"KvQ3A35Dm74XT/K8jgoqFDrpt9pircuna05jg8z4Owk="},"chainType":1,"messageKeys":{}}},"pendingPreKey":{"signedKeyId":4,"baseKey":"BbwbOrgVf551acro6eIM5MGNyEv+Hp4JaEw3M40RnxBL","preKeyId":10881949}}},"version":"v1"}