{"_sessions":{"BYPKo63NU5msOMIf4sPQsCh4Y4KHQwKebYn3/gJ9ndQd":{"registrationId":2082522693,"currentRatchet":{"ephemeralKeyPair":{"pubKey":"BeTNUle+XPRCCANuJQJ4KmDhaX+fvQ3I0CyWtaFyroxx","privKey":"6NwEPyIsFg5gQBKxg7kwF/t0NiQ/cuO+mkghRPXpIFQ="},"lastRemoteEphemeralKey":"BWWcQXZOKmKH3iZwbjULnHBH27dL2+T9mg8ryQoRrr4c","previousCounter":0,"rootKey":"zLuEw/RqMbMQcu9pFz3E+jVydalCkwb1qzVkcmjQLk0="},"indexInfo":{"baseKey":"BYPKo63NU5msOMIf4sPQsCh4Y4KHQwKebYn3/gJ9ndQd","baseKeyType":1,"closed":-1,"used":1746714525907,"created":1746714525907,"remoteIdentityKey":"BbSt5RQM7Cz6oNbX8rBqf272uuIgqnqPfu0udez3iLwr"},"_chains":{"BeTNUle+XPRCCANuJQJ4KmDhaX+fvQ3I0CyWtaFyroxx":{"chainKey":{"counter":0,"key":"hUEM5+HLkmED0Pfkj/Dcigt1iX3v09m4epUUfAcAywA="},"chainType":1,"messageKeys":{}}},"pendingPreKey":{"signedKeyId":6,"baseKey":"BYPKo63NU5msOMIf4sPQsCh4Y4KHQwKebYn3/gJ9ndQd","preKeyId":13117745}}},"version":"v1"}