{"_sessions":{"BQdEAcYXTH7WZlzn7UgHGnRltrSpFqlhtn0phMfJXjED":{"registrationId":315598449,"currentRatchet":{"ephemeralKeyPair":{"pubKey":"BeF9uWOQhKrTOr54Fwlvd4iB6Xp81x0c3G9MzXGmRaYP","privKey":"IDIRGertIlbB5rBw3SLAzqXxIORCOBXwCo54SPC5c3k="},"lastRemoteEphemeralKey":"BSotYXhMlnznP7z/Auk2QuGeOTTLfRFn6S9vIjNCBhdA","previousCounter":0,"rootKey":"kqiNG474JrRUOpRwHZGY34QZmQ+NcTIlQc6aevPvaGA="},"indexInfo":{"baseKey":"BQdEAcYXTH7WZlzn7UgHGnRltrSpFqlhtn0phMfJXjED","baseKeyType":1,"closed":-1,"used":1746714536215,"created":1746714536215,"remoteIdentityKey":"Bdq0/6O/kGXeTQ1S0goT0PJhCwbhbwJeecxSssRv+8AN"},"_chains":{"BeF9uWOQhKrTOr54Fwlvd4iB6Xp81x0c3G9MzXGmRaYP":{"chainKey":{"counter":0,"key":"alFFL4TPLgei5C/lwxpY4bA5ohzwOZaZ8xnY50cwLsY="},"chainType":1,"messageKeys":{}}},"pendingPreKey":{"signedKeyId":10,"baseKey":"BQdEAcYXTH7WZlzn7UgHGnRltrSpFqlhtn0phMfJXjED","preKeyId":4499945}}},"version":"v1"}