{"_sessions":{"BddXil2QOiDjtWDNDZkyI+H/bO7JUiYH2vIvqr/lr+VR":{"registrationId":91065811,"currentRatchet":{"ephemeralKeyPair":{"pubKey":"BbHzzMKt/g+0DvbOvDIjeuPzNVhLwQ8loel0lVo5VJMG","privKey":"YGf/MlRYtxaErH9mT6Ju4yrBHZf0Goh4dR5+Uev2CUQ="},"lastRemoteEphemeralKey":"BeKENotoMWTLJND13JmH1ihfw92EgwHuKO2kAQ7hfq1O","previousCounter":0,"rootKey":"HPo5I9DSRa7Ye5oOdqHxwMYvLrd0ev/AADIOWpNmPKk="},"indexInfo":{"baseKey":"BddXil2QOiDjtWDNDZkyI+H/bO7JUiYH2vIvqr/lr+VR","baseKeyType":1,"closed":-1,"used":1746714525783,"created":1746714525783,"remoteIdentityKey":"BT+6dDCyHwNiDfRd8pV1pHga1utbI9RqNtnfIrgFWIM4"},"_chains":{"BbHzzMKt/g+0DvbOvDIjeuPzNVhLwQ8loel0lVo5VJMG":{"chainKey":{"counter":0,"key":"SehFx9ZxToTygLA+LT+9LU4+TFC1DLdVkolJf9h3tzU="},"chainType":1,"messageKeys":{}}},"pendingPreKey":{"signedKeyId":10,"baseKey":"BddXil2QOiDjtWDNDZkyI+H/bO7JUiYH2vIvqr/lr+VR","preKeyId":7724499}}},"version":"v1"}