{"_sessions":{"BXUgp4qPi+UKEcpzp7sFmfQE92NMpwembP02XjQpznAL":{"registrationId":191672864,"currentRatchet":{"ephemeralKeyPair":{"pubKey":"BQX8lLEtK0fZ4KJz7xVnF/c/IymSIrAR3fgvJESDe/dW","privKey":"2HdTtHbjz6j4SQ4O7TpcX79ooaqclkAhnQoCwKMQa3E="},"lastRemoteEphemeralKey":"Bc05LmCV9mHJUnBUlKxtLBz49nNgbHM/yCJsID4btbV3","previousCounter":0,"rootKey":"kyBUpIEegMmL29Uer95wDi5n3nyuU3jaTknMO3fV6lk="},"indexInfo":{"baseKey":"BXUgp4qPi+UKEcpzp7sFmfQE92NMpwembP02XjQpznAL","baseKeyType":1,"closed":1746721111327,"used":1746721080064,"created":1746721080064,"remoteIdentityKey":"BdCkGycgmUJPyerpCZWjLvQvuxnFsnMoZlwDccciNEcV"},"_chains":{"BQX8lLEtK0fZ4KJz7xVnF/c/IymSIrAR3fgvJESDe/dW":{"chainKey":{"counter":0,"key":"gnou77PWJFELBSL7XPdPEyNRwL4Px4p3EJXoxaZfp4k="},"chainType":1,"messageKeys":{}}},"pendingPreKey":{"signedKeyId":0,"baseKey":"BXUgp4qPi+UKEcpzp7sFmfQE92NMpwembP02XjQpznAL","preKeyId":16031035}},"BS6Huh3kq1wJdX3DEm3eLZqzSwUpttNYayDlm2isyyYa":{"registrationId":191672864,"currentRatchet":{"ephemeralKeyPair":{"pubKey":"BUOMBv8Fsn76r9Ncp+ZskfT1Y7kcnbQAcMtxxjPEvqlL","privKey":"mJHmigKuTQejq5NXUcgz684JywdlLTQvAmQ3DuVlL3w="},"lastRemoteEphemeralKey":"Bc05LmCV9mHJUnBUlKxtLBz49nNgbHM/yCJsID4btbV3","previousCounter":0,"rootKey":"nOLGcfPrCZbtUXIgqayBSxM0GxM2dEEfITkchizYbeI="},"indexInfo":{"baseKey":"BS6Huh3kq1wJdX3DEm3eLZqzSwUpttNYayDlm2isyyYa","baseKeyType":1,"closed":-1,"used":1746721111008,"created":1746721111008,"remoteIdentityKey":"BdCkGycgmUJPyerpCZWjLvQvuxnFsnMoZlwDccciNEcV"},"_chains":{"BUOMBv8Fsn76r9Ncp+ZskfT1Y7kcnbQAcMtxxjPEvqlL":{"chainKey":{"counter":2,"key":"nxyJgtzpB+IYMn8rsl9Ou0gJBD1+y72oN/nyj39APMA="},"chainType":1,"messageKeys":{}}},"pendingPreKey":{"signedKeyId":0,"baseKey":"BS6Huh3kq1wJdX3DEm3eLZqzSwUpttNYayDlm2isyyYa","preKeyId":16031356}}},"version":"v1"}