{"_sessions":{"BbCfCp7ac62DZ9HC4kWQIOdX7+/jo5Z/kbKfPoQGvo5w":{"registrationId":721492463,"currentRatchet":{"ephemeralKeyPair":{"pubKey":"BWDmxBXVTCuBL7UE36BCZparQBZsGRerulKaSHgh4MNg","privKey":"yHMMqs5EAl9fxgNJ13HgsMJp1FXY3wcD6aB27/gEnUI="},"lastRemoteEphemeralKey":"BTDYPL9J5RuC2gFdp34yA4BLYfnMdg/89887qskWoGUY","previousCounter":0,"rootKey":"NHoveBtqBKudLlyqx78ZzoV2DJtijVm885g8keU/t1w="},"indexInfo":{"baseKey":"BbCfCp7ac62DZ9HC4kWQIOdX7+/jo5Z/kbKfPoQGvo5w","baseKeyType":1,"closed":1746721099360,"used":1746721069150,"created":1746721069149,"remoteIdentityKey":"BVBxzJXilBmYdmM85EPSSzJEgY43tvD8OhJmIqirTZpa"},"_chains":{"BWDmxBXVTCuBL7UE36BCZparQBZsGRerulKaSHgh4MNg":{"chainKey":{"counter":0,"key":"qL/XV6W+NS5INdUlyzG2vxVRdnbW4J/zzUnbdzRsetA="},"chainType":1,"messageKeys":{}}},"pendingPreKey":{"signedKeyId":0,"baseKey":"BbCfCp7ac62DZ9HC4kWQIOdX7+/jo5Z/kbKfPoQGvo5w"}},"Bfh/pVb4fAvF7KMUIXjXMxN76+aOshM9t5xToM5cTIxY":{"registrationId":721492463,"currentRatchet":{"ephemeralKeyPair":{"pubKey":"BSXb7Jd7HSPMfpLsHVAPB2N1+e/dLX8MDRIrTxOZjHRs","privKey":"eD3VfFngaD8wTQyXTLomG216N+ybt3qtA7d6HhUrdkw="},"lastRemoteEphemeralKey":"BTDYPL9J5RuC2gFdp34yA4BLYfnMdg/89887qskWoGUY","previousCounter":0,"rootKey":"/Hl3JzBZVKFGIEU0yTwLuCY1UvxtopgvwlWnI1g1qgs="},"indexInfo":{"baseKey":"Bfh/pVb4fAvF7KMUIXjXMxN76+aOshM9t5xToM5cTIxY","baseKeyType":1,"closed":-1,"used":1746721098803,"created":1746721098803,"remoteIdentityKey":"BVBxzJXilBmYdmM85EPSSzJEgY43tvD8OhJmIqirTZpa"},"_chains":{"BSXb7Jd7HSPMfpLsHVAPB2N1+e/dLX8MDRIrTxOZjHRs":{"chainKey":{"counter":2,"key":"qkA0g7ahx9BYVQ/3ofjuDWLkIh6xYBh6CaRM8dKDdCo="},"chainType":1,"messageKeys":{}}},"pendingPreKey":{"signedKeyId":0,"baseKey":"Bfh/pVb4fAvF7KMUIXjXMxN76+aOshM9t5xToM5cTIxY"}}},"version":"v1"}