{"_sessions":{"Bc+ryH1CfFVWeTXwxXK4A98xkH/mYxRTcIfpPhq4kfpK":{"registrationId":589847252,"currentRatchet":{"ephemeralKeyPair":{"pubKey":"BexcW5J+rBCs5HfrdXPq3jGz2r3n8nFxiRqoNMCSCehg","privKey":"GIyScikd0GmLHsj6v0NeYUeNjJmqK7DYyVHBp6UofGU="},"lastRemoteEphemeralKey":"BVhVgIIE2VntduGw0lsthIZQ5J/zvP3i5OrFEaxHKk9i","previousCounter":0,"rootKey":"lKf36jnMpS50OYogFjryhPk+8c5ifydE3UrMQIyPnow="},"indexInfo":{"baseKey":"Bc+ryH1CfFVWeTXwxXK4A98xkH/mYxRTcIfpPhq4kfpK","baseKeyType":1,"closed":-1,"used":1746714543267,"created":1746714543267,"remoteIdentityKey":"BVjYJibBY4oVk9hNLFNxIbWvH6BkuCIcH8dkuW6U4XcJ"},"_chains":{"BexcW5J+rBCs5HfrdXPq3jGz2r3n8nFxiRqoNMCSCehg":{"chainKey":{"counter":0,"key":"hUfTkFBof8DmTpCdpolN9wiraQdsVbXmoXBa5EubTeU="},"chainType":1,"messageKeys":{}}},"pendingPreKey":{"signedKeyId":0,"baseKey":"Bc+ryH1CfFVWeTXwxXK4A98xkH/mYxRTcIfpPhq4kfpK","preKeyId":16057550}}},"version":"v1"}