{"_sessions":{"BWbi+V7crkWHGXmSgK75yZE39JFJ/hMxXO7ix9LXiRwi":{"registrationId":1958971567,"currentRatchet":{"ephemeralKeyPair":{"pubKey":"BZSxFGDWZoCMYKE7lSidHQ7Pq1PuTl9EYTg7E9OCF8ti","privKey":"UAg47wd0Ehd2Q3MgKO55OdNeIxFFBEjaVMfPVZMEpkI="},"lastRemoteEphemeralKey":"BXsyQsaHzB6Jc7521UyIv2iD0rdLbxwP0g7AMawLKKgi","previousCounter":0,"rootKey":"33kQDoUY3NqGkp/dXpBUQEY6iqoU6NWJ2+Usanj0BWM="},"indexInfo":{"baseKey":"BWbi+V7crkWHGXmSgK75yZE39JFJ/hMxXO7ix9LXiRwi","baseKeyType":1,"closed":-1,"used":1746714525505,"created":1746714525505,"remoteIdentityKey":"BTxOwj0JEf8pzIkfDhjApWD2FaCaK6GUFnF2v3YhCpVC"},"_chains":{"BZSxFGDWZoCMYKE7lSidHQ7Pq1PuTl9EYTg7E9OCF8ti":{"chainKey":{"counter":0,"key":"+BY1M18nyi6wQ7CYY4+xcbBSVGG+QAII7mgTj1LZy2w="},"chainType":1,"messageKeys":{}}},"pendingPreKey":{"signedKeyId":0,"baseKey":"BWbi+V7crkWHGXmSgK75yZE39JFJ/hMxXO7ix9LXiRwi","preKeyId":5245641}}},"version":"v1"}