{"_sessions":{"BbPftVOU3UJcmvUzBK8x18eSZfslIg0zJzOGaU86Q2YQ":{"registrationId":1546585633,"currentRatchet":{"ephemeralKeyPair":{"pubKey":"Ba7z/QbnidJT4KIw1I3+XBvGWB1qaPdy3ZuHK9wjzd0J","privKey":"YDnLI9xYVsUVsJkw9kHUf4ERP2sPjFgUUhkLiWEWn0k="},"lastRemoteEphemeralKey":"Bab04n39QFhv/Gly16qmyE/3DaR8pnuhPpDb1ns2t/op","previousCounter":0,"rootKey":"3g3m7EPB2qfasv7gQq7ERqh4tfj+W09w719+9IfkCqg="},"indexInfo":{"baseKey":"BbPftVOU3UJcmvUzBK8x18eSZfslIg0zJzOGaU86Q2YQ","baseKeyType":1,"closed":1746721099336,"used":1746721069144,"created":1746721069144,"remoteIdentityKey":"BXhFeK1tAwGau0nx5qOwpUkkvqQI6mIa185IBk43N+UW"},"_chains":{"Ba7z/QbnidJT4KIw1I3+XBvGWB1qaPdy3ZuHK9wjzd0J":{"chainKey":{"counter":0,"key":"O7g7br0/nlnQsOGshkF8MZpD9vCeglYDLkHSArFDiKU="},"chainType":1,"messageKeys":{}}},"pendingPreKey":{"signedKeyId":5,"baseKey":"BbPftVOU3UJcmvUzBK8x18eSZfslIg0zJzOGaU86Q2YQ","preKeyId":4536611}},"Bb//rlkHsSYrAPP1gVrMh8ScYnSzXMFXu40H0IRZAkgD":{"registrationId":1546585633,"currentRatchet":{"ephemeralKeyPair":{"pubKey":"BZKvj8m4T6AvMlynq5XQBO0OH/FswR35Gw82aGP5/4BQ","privKey":"4Of5zrFFgETLaYgcqv6Jl6vRaQiU+Aq8wbFz6usiCWY="},"lastRemoteEphemeralKey":"Bd3QjXV3rfQsa938bRvw1Bm0UWb+7kB9brU7NslvPioX","previousCounter":0,"rootKey":"yXr4bu1dzDOdAG4mTRti1ikM6aWWpFKqiXssJPaxR0I="},"indexInfo":{"baseKey":"Bb//rlkHsSYrAPP1gVrMh8ScYnSzXMFXu40H0IRZAkgD","baseKeyType":1,"closed":-1,"used":1746721258587,"created":1746721098797,"remoteIdentityKey":"BXhFeK1tAwGau0nx5qOwpUkkvqQI6mIa185IBk43N+UW"},"_chains":{"Bd3QjXV3rfQsa938bRvw1Bm0UWb+7kB9brU7NslvPioX":{"chainKey":{"counter":0,"key":"D5qSaAVg7fJJADU1BQ/LWWQQVtudFJ5gCNH/hkHNyBY="},"chainType":2,"messageKeys":{}},"BZKvj8m4T6AvMlynq5XQBO0OH/FswR35Gw82aGP5/4BQ":{"chainKey":{"counter":1,"key":"lpkZgh3Hl52/aBSBVw1chiMVtm2uDYdD1Fu/kkD6BBw="},"chainType":1,"messageKeys":{}}}}},"version":"v1"}