{"_sessions":{"BVfJ/W5Suo7erQuzPLntDgoki/OJ5He4aceo3rv9Tuc0":{"registrationId":349538258,"currentRatchet":{"ephemeralKeyPair":{"pubKey":"BSSqa/yTKgOzoK8O509sI8mYMxx5w5MQnTfukbOA4zcP","privKey":"ULlt1F2Mf/qCvvJ8XlouNxZXULex3QY4EBZfktU9HF8="},"lastRemoteEphemeralKey":"BVyhlUgHa8YenN8EQIUvkyDa5MNaqtB8Nh9eE60R+ppU","previousCounter":0,"rootKey":"pW4k+CVwIpF6R5+s41Yd5+GIpqU4+CLAfCuOuAf6V9o="},"indexInfo":{"baseKey":"BVfJ/W5Suo7erQuzPLntDgoki/OJ5He4aceo3rv9Tuc0","baseKeyType":1,"closed":1746721107799,"used":1746721075923,"created":1746721075923,"remoteIdentityKey":"Bfmv5oQB4ExDdGfdcpGDrB5hYEHle/qVpXKmvHA++AFi"},"_chains":{"BSSqa/yTKgOzoK8O509sI8mYMxx5w5MQnTfukbOA4zcP":{"chainKey":{"counter":0,"key":"uJ6Xg7MIybqvDPGpZDp17I2ENvqFUm96AAMAC+YfGEE="},"chainType":1,"messageKeys":{}}},"pendingPreKey":{"signedKeyId":2,"baseKey":"BVfJ/W5Suo7erQuzPLntDgoki/OJ5He4aceo3rv9Tuc0","preKeyId":1342148}},"BU/RCx/yW+KmAVsFEI7XWIS5QfRGSFiEDuQJ0T3H3MtA":{"registrationId":349538258,"currentRatchet":{"ephemeralKeyPair":{"pubKey":"Bcs/weC6eiPDIqjssqqG/3NPvSjUD/FzFfRaEr5ufGE2","privKey":"4IuV9cTkCDsUtNjLqlhGaTnues+Dq/zmul7CsyW0+XQ="},"lastRemoteEphemeralKey":"BVyhlUgHa8YenN8EQIUvkyDa5MNaqtB8Nh9eE60R+ppU","previousCounter":0,"rootKey":"GcUevjY4ewuXGiTNpZ7EN11oMjJ2bd6djR8IIrluz9c="},"indexInfo":{"baseKey":"BU/RCx/yW+KmAVsFEI7XWIS5QfRGSFiEDuQJ0T3H3MtA","baseKeyType":1,"closed":-1,"used":1746721107483,"created":1746721107483,"remoteIdentityKey":"Bfmv5oQB4ExDdGfdcpGDrB5hYEHle/qVpXKmvHA++AFi"},"_chains":{"Bcs/weC6eiPDIqjssqqG/3NPvSjUD/FzFfRaEr5ufGE2":{"chainKey":{"counter":2,"key":"fIa38UrBEq0VOO0zJgCY5cQIyr4WbVeOgRCWJnF5RpM="},"chainType":1,"messageKeys":{}}},"pendingPreKey":{"signedKeyId":2,"baseKey":"BU/RCx/yW+KmAVsFEI7XWIS5QfRGSFiEDuQJ0T3H3MtA","preKeyId":1341973}}},"version":"v1"}