{"_sessions":{"BWeT4idzn87RIr3DiilrgFTmQlxARjRpXWB5PolN/sJ9":{"registrationId":1419807262,"currentRatchet":{"ephemeralKeyPair":{"pubKey":"BTas1lL7Z4HdAdoS/ii0oi7qQwaNyp0S4OH3HDLFFSYl","privKey":"mD6phoReqntlWZmR48AfmOJcECrdZzaGVcc0thsfNUY="},"lastRemoteEphemeralKey":"BfQGheFNOe0PHEsBH8JxgdE5Y7l/tnbUVhVa1jhlUgAA","previousCounter":0,"rootKey":"SyxS+scVOI7a2Y0mgd3xATtglbJQ8K+S/dU2MreR5vs="},"indexInfo":{"baseKey":"BWeT4idzn87RIr3DiilrgFTmQlxARjRpXWB5PolN/sJ9","baseKeyType":1,"closed":-1,"used":1746714525595,"created":1746714525595,"remoteIdentityKey":"BZKKtXaTOcCkdS0FfYo/QYblSPcfGl9O6KXrBbwCadUO"},"_chains":{"BTas1lL7Z4HdAdoS/ii0oi7qQwaNyp0S4OH3HDLFFSYl":{"chainKey":{"counter":0,"key":"P+jEgVGjyl/Mh5vcfLVj+wUFsND4XXzxubc8bO8jLf8="},"chainType":1,"messageKeys":{}}},"pendingPreKey":{"signedKeyId":8,"baseKey":"BWeT4idzn87RIr3DiilrgFTmQlxARjRpXWB5PolN/sJ9","preKeyId":6142797}}},"version":"v1"}