{"_sessions":{"BeV2Wk3jL4Kh4uaGfIOnpdY8Fg191DazaaXoCle7nkly":{"registrationId":1947196228,"currentRatchet":{"ephemeralKeyPair":{"pubKey":"BcbYGguKSmJ29hiQhlHg0/9lQkQJs07czEZPAuHXHTsg","privKey":"QLNjEg35hsMCuBu4mnvcJqt2x6QpHwO2Za3vPHcizE4="},"lastRemoteEphemeralKey":"BSJTpzlk3fU3AetuLouUHbgQgaN4DqujKWOWuorB+R8L","previousCounter":0,"rootKey":"9UD1aW5V3R13FJYVUDbmdTAKZXtZWdw6S4MV8VpPC5M="},"indexInfo":{"baseKey":"BeV2Wk3jL4Kh4uaGfIOnpdY8Fg191DazaaXoCle7nkly","baseKeyType":1,"closed":1746721099498,"used":1746721069291,"created":1746721069291,"remoteIdentityKey":"BXfTlJiTRAmT0MjQ+goJxqn23O34efS2ZM1rxrpG5qxD"},"_chains":{"BcbYGguKSmJ29hiQhlHg0/9lQkQJs07czEZPAuHXHTsg":{"chainKey":{"counter":0,"key":"PXawHIg02IgNCg5q+DwnoS6GCOMkVn8d1uNglclvGeo="},"chainType":1,"messageKeys":{}}},"pendingPreKey":{"signedKeyId":2,"baseKey":"BeV2Wk3jL4Kh4uaGfIOnpdY8Fg191DazaaXoCle7nkly","preKeyId":12088349}},"BYW0UtH1LfzykBa1CyLG1wGELDIiYmq/5Dzl72nv40Id":{"registrationId":1947196228,"currentRatchet":{"ephemeralKeyPair":{"pubKey":"BZZSVuRzolIIO+sp0I1Hb7BaJbJ4KchcjVMDPl0Kd/wv","privKey":"+DvkXOGysPXraCznQhp+C48yiXgpg+8nmQOGD2vWdnE="},"lastRemoteEphemeralKey":"BSJTpzlk3fU3AetuLouUHbgQgaN4DqujKWOWuorB+R8L","previousCounter":0,"rootKey":"zdBoF5LQeyBY6pJSf+olhdKP8x+7HLFP3I8G2SCy3tg="},"indexInfo":{"baseKey":"BYW0UtH1LfzykBa1CyLG1wGELDIiYmq/5Dzl72nv40Id","baseKeyType":1,"closed":-1,"used":1746721098942,"created":1746721098942,"remoteIdentityKey":"BXfTlJiTRAmT0MjQ+goJxqn23O34efS2ZM1rxrpG5qxD"},"_chains":{"BZZSVuRzolIIO+sp0I1Hb7BaJbJ4KchcjVMDPl0Kd/wv":{"chainKey":{"counter":2,"key":"F6yZJ1q71xXL0GuTzBF8d6U43JaQkLpFqOrpItrKC44="},"chainType":1,"messageKeys":{}}},"pendingPreKey":{"signedKeyId":2,"baseKey":"BYW0UtH1LfzykBa1CyLG1wGELDIiYmq/5Dzl72nv40Id","preKeyId":12088201}}},"version":"v1"}