{"_sessions":{"BT8SFxmOnZ28kT+7Ad/s0bZb/UYSk62F+/WeIsVt+CB8":{"registrationId":1844564209,"currentRatchet":{"ephemeralKeyPair":{"pubKey":"BaZSEAVTqJPF7iPeYOLjAflJ90lUmcW+tOIwMKi5mtVU","privKey":"OJ1PerJ9qzujqeLOy/fKl+I7iU67BM+TwRFJOdCrMGo="},"lastRemoteEphemeralKey":"BeuKx/EBQD7cXNr+bXsOQ9mHuoMlQaL09AB6bASK0M9R","previousCounter":0,"rootKey":"Kt8Mo7vSN0Qh+WIcRtvy8sWhF26j3U40Lh1lUClY/WE="},"indexInfo":{"baseKey":"BT8SFxmOnZ28kT+7Ad/s0bZb/UYSk62F+/WeIsVt+CB8","baseKeyType":1,"closed":1746721107853,"used":1746721076136,"created":1746721076136,"remoteIdentityKey":"BS3RS7aI8sVHnEJrZc/a/tIb4tIjJrdTwFhGWnbs8MQj"},"_chains":{"BaZSEAVTqJPF7iPeYOLjAflJ90lUmcW+tOIwMKi5mtVU":{"chainKey":{"counter":0,"key":"8mXjEWFUJBtOY8Ud7b80M9RvpasXi3ZwPAyoq+7s+ZM="},"chainType":1,"messageKeys":{}}},"pendingPreKey":{"signedKeyId":10,"baseKey":"BT8SFxmOnZ28kT+7Ad/s0bZb/UYSk62F+/WeIsVt+CB8","preKeyId":3768191}},"BWQ6P0FYEcU9Reaq35FF7jBcvZzpfb/jDhBFMjRNbp1P":{"registrationId":1844564209,"currentRatchet":{"ephemeralKeyPair":{"pubKey":"BcQyF3TeGt4gZLipwrf0oo70CJGqQSG51HTcYUQ7wLUS","privKey":"iAUfBKeb/bBhlhQOIeCX3+cvKzIqeJ0sUGu7bopSM3k="},"lastRemoteEphemeralKey":"BeuKx/EBQD7cXNr+bXsOQ9mHuoMlQaL09AB6bASK0M9R","previousCounter":0,"rootKey":"xRORbM79rITWVtUbcsJLuVHRC8pSoFuFaV469YzkalU="},"indexInfo":{"baseKey":"BWQ6P0FYEcU9Reaq35FF7jBcvZzpfb/jDhBFMjRNbp1P","baseKeyType":1,"closed":-1,"used":1746721107662,"created":1746721107662,"remoteIdentityKey":"BS3RS7aI8sVHnEJrZc/a/tIb4tIjJrdTwFhGWnbs8MQj"},"_chains":{"BcQyF3TeGt4gZLipwrf0oo70CJGqQSG51HTcYUQ7wLUS":{"chainKey":{"counter":2,"key":"Pxe7F84tPqI4AWSwEJ7prkunYrx/0l/jniY6fn0b6zQ="},"chainType":1,"messageKeys":{}}},"pendingPreKey":{"signedKeyId":10,"baseKey":"BWQ6P0FYEcU9Reaq35FF7jBcvZzpfb/jDhBFMjRNbp1P","preKeyId":3767322}}},"version":"v1"}