{"_sessions":{"BbCFduKTvb49Z8bGrTyiqTg9G0xae7zJ4hTW9NzhfqRv":{"registrationId":404932810,"currentRatchet":{"ephemeralKeyPair":{"pubKey":"BYUbQd3OqmuyetMzem79FdHf5Y2eAiILnU+xG5crQ9sN","privKey":"iEEZu/qgpckVPBATq1pLzRved/9Tg77LHodPEmrrlXQ="},"lastRemoteEphemeralKey":"BX7VAg/SNlNUIXK7pwNr5FP+MuevzGh76RNyLPgvmuFC","previousCounter":0,"rootKey":"t4PWu9WuYXG+eStZrbZTe9sD3e9Bg/GtNTiKGTCTbK0="},"indexInfo":{"baseKey":"BbCFduKTvb49Z8bGrTyiqTg9G0xae7zJ4hTW9NzhfqRv","baseKeyType":1,"closed":1746721099329,"used":1746721069117,"created":1746721069117,"remoteIdentityKey":"BXviBiRbxogB7Nl5fQ1Cju8YMfb8wQU1o1qRcda3IgEG"},"_chains":{"BYUbQd3OqmuyetMzem79FdHf5Y2eAiILnU+xG5crQ9sN":{"chainKey":{"counter":0,"key":"FvcaIPaosD2p3fVcxKDDLXqmG/mit5n50G6DtWA/6ig="},"chainType":1,"messageKeys":{}}},"pendingPreKey":{"signedKeyId":3449772,"baseKey":"BbCFduKTvb49Z8bGrTyiqTg9G0xae7zJ4hTW9NzhfqRv"}},"BRMxJS8CaGh1e5YYcUCgw/o8PeVGpq6Eulunl7lDnr87":{"registrationId":404932810,"currentRatchet":{"ephemeralKeyPair":{"pubKey":"BWIaUxQILYJZyF1cxcTacMLXnWyIscHxd0lUpUTDYRUq","privKey":"gIL/fptWKQ9snLAbYtO9xhkUo9eTYYFgZOYbcXKTSVg="},"lastRemoteEphemeralKey":"BX7VAg/SNlNUIXK7pwNr5FP+MuevzGh76RNyLPgvmuFC","previousCounter":0,"rootKey":"9sngHfQLhB/rMxH7jIbPqK4oQbhVH+rEPtwQ7586YtA="},"indexInfo":{"baseKey":"BRMxJS8CaGh1e5YYcUCgw/o8PeVGpq6Eulunl7lDnr87","baseKeyType":1,"closed":-1,"used":1746721098772,"created":1746721098772,"remoteIdentityKey":"BXviBiRbxogB7Nl5fQ1Cju8YMfb8wQU1o1qRcda3IgEG"},"_chains":{"BWIaUxQILYJZyF1cxcTacMLXnWyIscHxd0lUpUTDYRUq":{"chainKey":{"counter":2,"key":"jm1Yc5XiBkGdSjuhNZqBWqh1zLiBLE9hnHNiLM+DqKI="},"chainType":1,"messageKeys":{}}},"pendingPreKey":{"signedKeyId":3449772,"baseKey":"BRMxJS8CaGh1e5YYcUCgw/o8PeVGpq6Eulunl7lDnr87"}}},"version":"v1"}