{"_sessions":{"BUJ8SUxlVrFTS1xOI6RCZNxVyYgBx4KecPyAOwfrVCsC":{"registrationId":848796813,"currentRatchet":{"ephemeralKeyPair":{"pubKey":"BVVOkEjCeWqAvtkTsHdnykt/dMDL9yf+GGtX5x8GS9t6","privKey":"EEQpR4aH9lD0OCsfPXhE0HPeLJbuRBI+47lvuCoIv0w="},"lastRemoteEphemeralKey":"BXjCwM99REJ9+8xxB2G0qtvgKeNadIU7hTcJlwje0rNJ","previousCounter":0,"rootKey":"2vwP5yv3ExsAZ7kyN9ZrBxi3N+XUUyR/RoktT+JMZHI="},"indexInfo":{"baseKey":"BUJ8SUxlVrFTS1xOI6RCZNxVyYgBx4KecPyAOwfrVCsC","baseKeyType":1,"closed":1746721111371,"used":1746721080334,"created":1746721080334,"remoteIdentityKey":"BfXsXZjwtH4hZ+x1kxUPIs1+7LVKWuVoGXd+Y7O0JnJF"},"_chains":{"BVVOkEjCeWqAvtkTsHdnykt/dMDL9yf+GGtX5x8GS9t6":{"chainKey":{"counter":0,"key":"yrD7YPi1UyLjIjLLwKupkdf6Ca0DbpaRGqWH1urz24Y="},"chainType":1,"messageKeys":{}}},"pendingPreKey":{"signedKeyId":3,"baseKey":"BUJ8SUxlVrFTS1xOI6RCZNxVyYgBx4KecPyAOwfrVCsC","preKeyId":3696901}},"BXIsIbSyMuCfANnByUKBn5NHt7fnd/09REHkk7LHSEtR":{"registrationId":848796813,"currentRatchet":{"ephemeralKeyPair":{"pubKey":"Bbzw55ucwis6ligygvU5qsojxbusYIwnlQanq+5CILEv","privKey":"oOTfEg3YZP+qU8TqcpLkHQ5ewKgNlLCNXD8jjKCn9VI="},"lastRemoteEphemeralKey":"BXjCwM99REJ9+8xxB2G0qtvgKeNadIU7hTcJlwje0rNJ","previousCounter":0,"rootKey":"3pmq8Sqm6VdfYuHZGyfn2pS9K3M93d/PY3lqZdWOE28="},"indexInfo":{"baseKey":"BXIsIbSyMuCfANnByUKBn5NHt7fnd/09REHkk7LHSEtR","baseKeyType":1,"closed":-1,"used":1746721111247,"created":1746721111247,"remoteIdentityKey":"BfXsXZjwtH4hZ+x1kxUPIs1+7LVKWuVoGXd+Y7O0JnJF"},"_chains":{"Bbzw55ucwis6ligygvU5qsojxbusYIwnlQanq+5CILEv":{"chainKey":{"counter":2,"key":"akgI8E/u/lP3SepGhtNIpHgVTMKoiXoILxgWilYfCYk="},"chainType":1,"messageKeys":{}}},"pendingPreKey":{"signedKeyId":3,"baseKey":"BXIsIbSyMuCfANnByUKBn5NHt7fnd/09REHkk7LHSEtR","preKeyId":3696989}}},"version":"v1"}