{"_sessions":{"BXWQ4cPhm2ai0E0oIWeU/P1LQeF+1BQXhYuEolV2tmpK":{"registrationId":1618203671,"currentRatchet":{"ephemeralKeyPair":{"pubKey":"BfbLskP86puP22PIDzMoczHAyzn5Sv7zX17dDvbGgKsY","privKey":"gAhz+6josgvy0F9C+UF0P1zwxkJJVzXYj24UYr8w/WA="},"lastRemoteEphemeralKey":"BR6fTUyJ6Gcw9I+uG8odA00JcGT+zgjHa9g5/Ob32cBg","previousCounter":0,"rootKey":"79DInPGgbT6Qufa+OP/YxxX/QtYeJM2Ay9wQV3Tgc+w="},"indexInfo":{"baseKey":"BXWQ4cPhm2ai0E0oIWeU/P1LQeF+1BQXhYuEolV2tmpK","baseKeyType":1,"closed":1746721118451,"used":1746721087041,"created":1746721087041,"remoteIdentityKey":"BckwdPWlzv+ZDPDv3Gur5Zmh1Ntwv4pD+xkJYBi/2OYq"},"_chains":{"BfbLskP86puP22PIDzMoczHAyzn5Sv7zX17dDvbGgKsY":{"chainKey":{"counter":0,"key":"fEEZOgsP/vSfEVXUack60WLfyPDJ2ZcoAQ566TS+vx0="},"chainType":1,"messageKeys":{}}},"pendingPreKey":{"signedKeyId":0,"baseKey":"BXWQ4cPhm2ai0E0oIWeU/P1LQeF+1BQXhYuEolV2tmpK","preKeyId":5189639}},"BTdvGWSzf7YftwUmkM3M/EOT1F8J9QmwO7htJgAT3rhP":{"registrationId":1618203671,"currentRatchet":{"ephemeralKeyPair":{"pubKey":"BeB8Q/Y7by4sKEMlscgrNjwrDrYkCJx5OqjcJWSL7wxQ","privKey":"eDfkqSCQT2GNRaYOHmNRcUvxkaISgG4iFTjjdYP+0m8="},"lastRemoteEphemeralKey":"BR6fTUyJ6Gcw9I+uG8odA00JcGT+zgjHa9g5/Ob32cBg","previousCounter":0,"rootKey":"WWhnydwXtvmNpHHJD5dQvoI/6RJ7RtfgQ5+liql4/BY="},"indexInfo":{"baseKey":"BTdvGWSzf7YftwUmkM3M/EOT1F8J9QmwO7htJgAT3rhP","baseKeyType":1,"closed":-1,"used":1746721118007,"created":1746721118007,"remoteIdentityKey":"BckwdPWlzv+ZDPDv3Gur5Zmh1Ntwv4pD+xkJYBi/2OYq"},"_chains":{"BeB8Q/Y7by4sKEMlscgrNjwrDrYkCJx5OqjcJWSL7wxQ":{"chainKey":{"counter":2,"key":"DjhgVaOZS/omN9el8cm/GmnQgo5xYA/gF4bpGsJRCg0="},"chainType":1,"messageKeys":{}}},"pendingPreKey":{"signedKeyId":0,"baseKey":"BTdvGWSzf7YftwUmkM3M/EOT1F8J9QmwO7htJgAT3rhP","preKeyId":5189526}}},"version":"v1"}