{"_sessions":{"BY01Bpgr1f1ZrX9GvQR4xVqqhcOelOodUCDHp4+XhkJh":{"registrationId":1863763802,"currentRatchet":{"ephemeralKeyPair":{"pubKey":"BYDdOcl5+YkkovQR5dFGc3BTj4+GR0cj9wnVGSu5Wxh8","privKey":"6H+XYXQQV1tJU/TrY8q0XiOoBSc+MNTR2WYJppsf2Vk="},"lastRemoteEphemeralKey":"Bfaq/yO4VVOzmW11jBJlyw21SQlKa3+Ixc8BFN087/ZO","previousCounter":0,"rootKey":"n4pSY4xCAQRBG0Lj3W/17RD2fjqrfApDaWxSLDRu3Wg="},"indexInfo":{"baseKey":"BY01Bpgr1f1ZrX9GvQR4xVqqhcOelOodUCDHp4+XhkJh","baseKeyType":1,"closed":-1,"used":1746714522195,"created":1746714522195,"remoteIdentityKey":"BZGvMjTMaUvBnAqNnw6pR9WCmtn1gExOqvu4unPDPawu"},"_chains":{"BYDdOcl5+YkkovQR5dFGc3BTj4+GR0cj9wnVGSu5Wxh8":{"chainKey":{"counter":0,"key":"/28Z8J4sJlG6sv4KHhF/GyCsT76Bh+KecjPjArjUc14="},"chainType":1,"messageKeys":{}}},"pendingPreKey":{"signedKeyId":1,"baseKey":"BY01Bpgr1f1ZrX9GvQR4xVqqhcOelOodUCDHp4+XhkJh","preKeyId":399}}},"version":"v1"}