{"_sessions":{"BdG0pZ5P5kxJ1EnIJjAUy7JroH3Umk2IIErRnA4tmtBx":{"registrationId":2130367481,"currentRatchet":{"ephemeralKeyPair":{"pubKey":"Bb+PDCk8YXXCZ14VKKNssd24c/1V758T28srDH3D6kwx","privKey":"8MKtcwvh7Cb8hgO0JhZr8xRfU1SHV6Wt+HM9rmSxfU0="},"lastRemoteEphemeralKey":"BXlB9xNWzc/IsJNzGajXUEyHoN9a6qX7PCMRaR+6TNZP","previousCounter":0,"rootKey":"C/3gxKYFcTRS/Nn5A80INYRYcaxOlJKmN5Ibpmh/H/k="},"indexInfo":{"baseKey":"BdG0pZ5P5kxJ1EnIJjAUy7JroH3Umk2IIErRnA4tmtBx","baseKeyType":1,"closed":1746721114817,"used":1746721083923,"created":1746721083923,"remoteIdentityKey":"BdD7mbd8Hp6j+vLjvmI7WBUMVOZkCHci7DQTdyRVDWNs"},"_chains":{"Bb+PDCk8YXXCZ14VKKNssd24c/1V758T28srDH3D6kwx":{"chainKey":{"counter":0,"key":"MIdjkxs9fMBdlGOeiW9USxEAdQM6fWQRLOlgDmLNxGQ="},"chainType":1,"messageKeys":{}}},"pendingPreKey":{"signedKeyId":1,"baseKey":"BdG0pZ5P5kxJ1EnIJjAUy7JroH3Umk2IIErRnA4tmtBx"}},"BUIzEILWKngyk7MvV2OB9bXCjJLX7AEeptWqTYE4g1ZS":{"registrationId":2130367481,"currentRatchet":{"ephemeralKeyPair":{"pubKey":"BScyZZ9QcO6bgfltc/9oT30XOieaZa0qufQw8kalRMNh","privKey":"0PLjHp0rYBnkcBnmOrINos/Bt5kD9MOu0WCusn1xhF0="},"lastRemoteEphemeralKey":"BXlB9xNWzc/IsJNzGajXUEyHoN9a6qX7PCMRaR+6TNZP","previousCounter":0,"rootKey":"eNnihg6XOcSoNVfW8hKgH1n9Mc0WNUSniHW2lG01ZLw="},"indexInfo":{"baseKey":"BUIzEILWKngyk7MvV2OB9bXCjJLX7AEeptWqTYE4g1ZS","baseKeyType":1,"closed":-1,"used":1746721114680,"created":1746721114680,"remoteIdentityKey":"BdD7mbd8Hp6j+vLjvmI7WBUMVOZkCHci7DQTdyRVDWNs"},"_chains":{"BScyZZ9QcO6bgfltc/9oT30XOieaZa0qufQw8kalRMNh":{"chainKey":{"counter":2,"key":"ETyayAIfppTZelE4rgmdXnK36aJog5CoPv7q/USSKVA="},"chainType":1,"messageKeys":{}}},"pendingPreKey":{"signedKeyId":1,"baseKey":"BUIzEILWKngyk7MvV2OB9bXCjJLX7AEeptWqTYE4g1ZS"}}},"version":"v1"}