{"_sessions":{"BW5v5Ee4p5rPjrruXjhRDl/18uDVgVMnk0xxYYB45BFX":{"registrationId":331853725,"currentRatchet":{"ephemeralKeyPair":{"pubKey":"BUOuClDvXNOOkKWm2oLhXSkdb0L/yJXdp8tRrPXlVTlM","privKey":"uOv5DFBPKhumhoALklK5I2TeJeFcyDL3k7T2XIvPzXI="},"lastRemoteEphemeralKey":"BZM4BtOlsol+ZKOJgZ4P3KMfP/dN10Xdr8N/sumLErUy","previousCounter":0,"rootKey":"GGkvx34JNFuqk+ivmivPNss5o4A6XqYHA/+uxZcCRa0="},"indexInfo":{"baseKey":"BW5v5Ee4p5rPjrruXjhRDl/18uDVgVMnk0xxYYB45BFX","baseKeyType":1,"closed":-1,"used":1746714522343,"created":1746714522343,"remoteIdentityKey":"BYfkiv/CcFQ2ket7XvPdQBKqrVVOHfLEvw4/bWTbljwR"},"_chains":{"BUOuClDvXNOOkKWm2oLhXSkdb0L/yJXdp8tRrPXlVTlM":{"chainKey":{"counter":0,"key":"nKy6JJtaLsPCC0RLe4a+4cMCkVsfZviajFuQjQF6S5w="},"chainType":1,"messageKeys":{}}},"pendingPreKey":{"signedKeyId":7432697,"baseKey":"BW5v5Ee4p5rPjrruXjhRDl/18uDVgVMnk0xxYYB45BFX","preKeyId":19118}}},"version":"v1"}