{"_sessions":{"BejdGmQBWvTpjJl0vVSB5/8U8zg8zOS4DnlD5CjwGQkR":{"registrationId":235897685,"currentRatchet":{"ephemeralKeyPair":{"pubKey":"BffWY6PFeRmQ3tblEa/1k7buvw4vXIG0CYzI/Ec1zdFB","privKey":"GAb1Pe62LIpNg4VQaou+tUXG4kBbLA2//5K1sGdTzl0="},"lastRemoteEphemeralKey":"BVfx5JS3xpKsQZZqIuxjZeoIg+SmD/CBsmeh0GPQTnVV","previousCounter":0,"rootKey":"ZcYzMYnSA11xyxfNXA6PEFiWSIcS9Apo9eFkfv6jt5w="},"indexInfo":{"baseKey":"BejdGmQBWvTpjJl0vVSB5/8U8zg8zOS4DnlD5CjwGQkR","baseKeyType":1,"closed":1746721114784,"used":1746721083814,"created":1746721083814,"remoteIdentityKey":"BX0LlRW9ETNFmG4xPh+yZr7wN5Tnv2oSItGP60KGytBf"},"_chains":{"BffWY6PFeRmQ3tblEa/1k7buvw4vXIG0CYzI/Ec1zdFB":{"chainKey":{"counter":0,"key":"tdRkoxV+YSN4T5eKltDD7a1onq1UwT27VBEex/RjCWI="},"chainType":1,"messageKeys":{}}},"pendingPreKey":{"signedKeyId":2,"baseKey":"BejdGmQBWvTpjJl0vVSB5/8U8zg8zOS4DnlD5CjwGQkR","preKeyId":12812502}},"BWarCK1xPheSzyfyVh1Sue0WCX4k7pjwoXbUbneOu3BH":{"registrationId":235897685,"currentRatchet":{"ephemeralKeyPair":{"pubKey":"BaWIYi9JT72MIdDs8KWsf/5J6ULSBbd0Llvf86D83PUF","privKey":"GNaBXhFBqnRVHGscIYcFBgvj5/n7AI2XJgwna6YI110="},"lastRemoteEphemeralKey":"BVfx5JS3xpKsQZZqIuxjZeoIg+SmD/CBsmeh0GPQTnVV","previousCounter":0,"rootKey":"6zQsXj8z2qdoS6S+KnLmD3XjlGcUOX1eX1FAhFC0na4="},"indexInfo":{"baseKey":"BWarCK1xPheSzyfyVh1Sue0WCX4k7pjwoXbUbneOu3BH","baseKeyType":1,"closed":-1,"used":1746721114579,"created":1746721114579,"remoteIdentityKey":"BX0LlRW9ETNFmG4xPh+yZr7wN5Tnv2oSItGP60KGytBf"},"_chains":{"BaWIYi9JT72MIdDs8KWsf/5J6ULSBbd0Llvf86D83PUF":{"chainKey":{"counter":2,"key":"GcjDf8oO8Ka+Sd5SPvw8ty61m6zeVBVq37q7WWLuI8Q="},"chainType":1,"messageKeys":{}}},"pendingPreKey":{"signedKeyId":2,"baseKey":"BWarCK1xPheSzyfyVh1Sue0WCX4k7pjwoXbUbneOu3BH","preKeyId":12812504}}},"version":"v1"}