{"_sessions":{"BRJd/83U4YQDmBbWmvFKCGNRR+u0u9DIhrgJ/PPKXJYY":{"registrationId":61868650,"currentRatchet":{"ephemeralKeyPair":{"pubKey":"BdCqfEE/XgJei43e1BKvP/0r/qNxMmeO20OWGuDfj653","privKey":"OMhc89HyAKxdno8qz3VMmQ3Lqmpy+TYk3P760ku4dHg="},"lastRemoteEphemeralKey":"BajQXOvfO4K+e3YhB9a7/rguOYGuM1hsWF2oseLbtdAI","previousCounter":0,"rootKey":"gHyiqto2QQUTn8u13IuPxZvgIc1ZhhTiZtvS1L5mA64="},"indexInfo":{"baseKey":"BRJd/83U4YQDmBbWmvFKCGNRR+u0u9DIhrgJ/PPKXJYY","baseKeyType":1,"closed":1746721107765,"used":1746721075788,"created":1746721075788,"remoteIdentityKey":"BbLgfKzMBUMo2NNk7jiv4xatF7PVSTaNm6yg5rO9MCRC"},"_chains":{"BdCqfEE/XgJei43e1BKvP/0r/qNxMmeO20OWGuDfj653":{"chainKey":{"counter":0,"key":"OsbzGEqt+mIfYNDQ2K9tI4yrmrjEwvELVYlF7PslN40="},"chainType":1,"messageKeys":{}}},"pendingPreKey":{"signedKeyId":6,"baseKey":"BRJd/83U4YQDmBbWmvFKCGNRR+u0u9DIhrgJ/PPKXJYY","preKeyId":7728416}},"BRS0e+R1NbgQ176geYxGv+q0SoJ3b0Pe7zrSy8ZJeI9c":{"registrationId":61868650,"currentRatchet":{"ephemeralKeyPair":{"pubKey":"BQpczwMdQRf6w66B+AT/Sdao+lDSCw3zi+8fqddOyvNp","privKey":"2NgTXRxIU38Ita6+tGMAWw5OTAKBl9aIjZPxhY9vh0c="},"lastRemoteEphemeralKey":"BajQXOvfO4K+e3YhB9a7/rguOYGuM1hsWF2oseLbtdAI","previousCounter":0,"rootKey":"8EiiQ8cvnSqIIxpnUAnP4mQX0VstKdNp7k4quAQyNH8="},"indexInfo":{"baseKey":"BRS0e+R1NbgQ176geYxGv+q0SoJ3b0Pe7zrSy8ZJeI9c","baseKeyType":1,"closed":-1,"used":1746721107357,"created":1746721107357,"remoteIdentityKey":"BbLgfKzMBUMo2NNk7jiv4xatF7PVSTaNm6yg5rO9MCRC"},"_chains":{"BQpczwMdQRf6w66B+AT/Sdao+lDSCw3zi+8fqddOyvNp":{"chainKey":{"counter":2,"key":"4Mv/Mr3P553hjCdVynWQERvWdVURUcAwIa+qEOJlZuQ="},"chainType":1,"messageKeys":{}}},"pendingPreKey":{"signedKeyId":6,"baseKey":"BRS0e+R1NbgQ176geYxGv+q0SoJ3b0Pe7zrSy8ZJeI9c","preKeyId":7728466}}},"version":"v1"}