{"_sessions":{"BfJ/de+jh3otz5V+3K7FT5c3Kf+OkDSBy/irC5hi6EAD":{"registrationId":786801346,"currentRatchet":{"ephemeralKeyPair":{"pubKey":"BcO+HPXCh7Y8CfwVk8BhtSrMPAWVHc2vnl84vdskXps3","privKey":"aE8FlhqwhsR90HIK58zbvM2YwKqNfOzVLaJzMtQ7bnA="},"lastRemoteEphemeralKey":"BR7MidUlEOYboyUxhVEAG4HjlwLfx634cgGlDfHNdSga","previousCounter":0,"rootKey":"Hun4xIvv1efKmdiaOC/soMlUcZLab5UD1zg5kUbXzTk="},"indexInfo":{"baseKey":"BfJ/de+jh3otz5V+3K7FT5c3Kf+OkDSBy/irC5hi6EAD","baseKeyType":1,"closed":1746721111358,"used":1746721080256,"created":1746721080256,"remoteIdentityKey":"BYVyoXMzzxs4Dj7/1i7xmXf1fx1M1TKvYnHwBNgRQ0lP"},"_chains":{"BcO+HPXCh7Y8CfwVk8BhtSrMPAWVHc2vnl84vdskXps3":{"chainKey":{"counter":0,"key":"1x1GpLUNoBUDG4iup5BUWUC2lK9DT20S3uNUe2wojMA="},"chainType":1,"messageKeys":{}}},"pendingPreKey":{"signedKeyId":0,"baseKey":"BfJ/de+jh3otz5V+3K7FT5c3Kf+OkDSBy/irC5hi6EAD","preKeyId":1178443}},"BQ4xKQDifzB+S1PTA9ILlTvTjBZddeRR4jlgQpi12BFv":{"registrationId":786801346,"currentRatchet":{"ephemeralKeyPair":{"pubKey":"Bbomsqq/VvT//6Je7vdCh946Hdf4JOKumJNxIXzdCrMy","privKey":"UCp2RkDqG2R09CdZGk1l+iOUes8hhh75VYFgp4+aslw="},"lastRemoteEphemeralKey":"BR7MidUlEOYboyUxhVEAG4HjlwLfx634cgGlDfHNdSga","previousCounter":0,"rootKey":"P6ECElD6UoW3GE8ZoQcWDFcQogV8lC80DZlclpSky+M="},"indexInfo":{"baseKey":"BQ4xKQDifzB+S1PTA9ILlTvTjBZddeRR4jlgQpi12BFv","baseKeyType":1,"closed":-1,"used":1746721111179,"created":1746721111179,"remoteIdentityKey":"BYVyoXMzzxs4Dj7/1i7xmXf1fx1M1TKvYnHwBNgRQ0lP"},"_chains":{"Bbomsqq/VvT//6Je7vdCh946Hdf4JOKumJNxIXzdCrMy":{"chainKey":{"counter":2,"key":"ww7fUDyS9aklpFaR57n8lenwMPXsJro9gCZYifff1sw="},"chainType":1,"messageKeys":{}}},"pendingPreKey":{"signedKeyId":0,"baseKey":"BQ4xKQDifzB+S1PTA9ILlTvTjBZddeRR4jlgQpi12BFv","preKeyId":1177767}}},"version":"v1"}