{"_sessions":{"BerUwzQN7f4PwkIgOJMYS6NdycOW9EJzPDSSHSC0SKNC":{"registrationId":1042632266,"currentRatchet":{"ephemeralKeyPair":{"pubKey":"BRvih8Cx2Aj3h7hYljLpPAMIOlINjDSN0Jpx7fQt4VN7","privKey":"8FqhGjsoE6YWAEIc0EQVNLBg28dvOZdIiqBJutvLvVk="},"lastRemoteEphemeralKey":"BT6RH5MgQqUFveJXFUiMfAae+H4FxLI7l+jeFXdLHdI4","previousCounter":0,"rootKey":"ki3+tp+Q0yR01jtb0mVGNkLeuAnU5PvQEbyImvQuSyQ="},"indexInfo":{"baseKey":"BerUwzQN7f4PwkIgOJMYS6NdycOW9EJzPDSSHSC0SKNC","baseKeyType":1,"closed":-1,"used":1746714525886,"created":1746714525886,"remoteIdentityKey":"BfcWWigBPjH/M0tv/vTPOolzOF/OBCamoXr6Syn94y4N"},"_chains":{"BRvih8Cx2Aj3h7hYljLpPAMIOlINjDSN0Jpx7fQt4VN7":{"chainKey":{"counter":0,"key":"2Y6FqWQqEBC79xNGUOpeka7+9xQ+NSU7CW4pjj7XmN4="},"chainType":1,"messageKeys":{}}},"pendingPreKey":{"signedKeyId":1,"baseKey":"BerUwzQN7f4PwkIgOJMYS6NdycOW9EJzPDSSHSC0SKNC"}}},"version":"v1"}