{"_sessions":{"Bb0llE504G45foQuOqHGIQto0RB1OODJzxHcFYZ599Yu":{"registrationId":1222652369,"currentRatchet":{"ephemeralKeyPair":{"pubKey":"BepZMGjIROGlTeOc58gtkscQSUNF4XPp+nd3LlcqB65M","privKey":"mIOnNOkf7F/VYnAuT4uPabe6RKCCnx4+qKdpZzCEEHE="},"lastRemoteEphemeralKey":"BeXeyxvQjO7Y8b9wPl/JILmn1TK45adGodvTE8YBc/8x","previousCounter":0,"rootKey":"wLy49fEnr9GJb7TzUNuDn/LPAHrCwjGcxDg0gG3rZ6k="},"indexInfo":{"baseKey":"Bb0llE504G45foQuOqHGIQto0RB1OODJzxHcFYZ599Yu","baseKeyType":1,"closed":1746721114760,"used":1746721083687,"created":1746721083687,"remoteIdentityKey":"Be97xU92dT5y6eVwzl6tIGiSNm1nzCp6spySHWQtpy1c"},"_chains":{"BepZMGjIROGlTeOc58gtkscQSUNF4XPp+nd3LlcqB65M":{"chainKey":{"counter":0,"key":"fIB6rI0j9xkue5pvi1+PMlzWH5cal2KYZ9Ro7tJUUt4="},"chainType":1,"messageKeys":{}}},"pendingPreKey":{"signedKeyId":0,"baseKey":"Bb0llE504G45foQuOqHGIQto0RB1OODJzxHcFYZ599Yu","preKeyId":7454498}},"BcfV4YySkegom9xNr4eLVySpHQCf4z4Jg1FYb6mEo4kf":{"registrationId":1222652369,"currentRatchet":{"ephemeralKeyPair":{"pubKey":"BXfXXVxEkyQOvI6fLBD8lVeMzU7GQ+YdL2p4eGACyLZ6","privKey":"qK+xdtvWzS/bXgF5AfQzeHj4BgqvKxJEt6/dZhHGKlY="},"lastRemoteEphemeralKey":"BeXeyxvQjO7Y8b9wPl/JILmn1TK45adGodvTE8YBc/8x","previousCounter":0,"rootKey":"Q8XxjDIXzLdwCBCOSE1ebeYHxZgMMNalEcodkfCjBeQ="},"indexInfo":{"baseKey":"BcfV4YySkegom9xNr4eLVySpHQCf4z4Jg1FYb6mEo4kf","baseKeyType":1,"closed":-1,"used":1746721114472,"created":1746721114472,"remoteIdentityKey":"Be97xU92dT5y6eVwzl6tIGiSNm1nzCp6spySHWQtpy1c"},"_chains":{"BXfXXVxEkyQOvI6fLBD8lVeMzU7GQ+YdL2p4eGACyLZ6":{"chainKey":{"counter":2,"key":"ycCDbws3GkUszKuCpXtKYE3OWi84b4y1sepuMX/gyR0="},"chainType":1,"messageKeys":{}}},"pendingPreKey":{"signedKeyId":0,"baseKey":"BcfV4YySkegom9xNr4eLVySpHQCf4z4Jg1FYb6mEo4kf","preKeyId":7454524}}},"version":"v1"}