{"_sessions":{"BbVtU/sUKfQh4PDr2xZ7TY82R15udeuMDS2oNGQCvnMC":{"registrationId":118008308,"currentRatchet":{"ephemeralKeyPair":{"pubKey":"BfW0fnliVfT1IDuixCtEO3L9aIGCpsjJjNDC1QI2y4ww","privKey":"kBEgWETv6RTLkRuFSlFuJEptZ5igYG/VlNECZzbQT1I="},"lastRemoteEphemeralKey":"BdvDVBgOqKjprpR2aDM0cstvduQ033pcGqrs74yoM2MZ","previousCounter":0,"rootKey":"fCM44eFx4Fm7oJmtWDzXALMtMgOKcvYzQIwsN0GGhZk="},"indexInfo":{"baseKey":"BbVtU/sUKfQh4PDr2xZ7TY82R15udeuMDS2oNGQCvnMC","baseKeyType":1,"closed":-1,"used":1746714539785,"created":1746714539785,"remoteIdentityKey":"BewbUORYLQDRCphcyXo/e3GuJkVBCrHp+QYrm7BYEeJQ"},"_chains":{"BfW0fnliVfT1IDuixCtEO3L9aIGCpsjJjNDC1QI2y4ww":{"chainKey":{"counter":0,"key":"LsKtlNQe8qvvUspf6B2HRiXoMDSs4xkbYTl39bdj21k="},"chainType":1,"messageKeys":{}}},"pendingPreKey":{"signedKeyId":0,"baseKey":"BbVtU/sUKfQh4PDr2xZ7TY82R15udeuMDS2oNGQCvnMC","preKeyId":5097075}}},"version":"v1"}