{"_sessions":{"BZaZ8vR9fei2gSxYPRJdY0Bnb89dbqmyDxX+Gnn3ynxh":{"registrationId":1218936624,"currentRatchet":{"ephemeralKeyPair":{"pubKey":"BZ1XTrECr+il2+PEUkH9Mnu1nfXm/cWjLeV1Vfc+x31f","privKey":"yA6iKTt9BeOQY2G4NzKq8sm91EuznMVypyn3CiTAsHM="},"lastRemoteEphemeralKey":"BU4fBjPnKS91SRO9YQXltydTXB6hmI8VzL1sJ5usTK1m","previousCounter":0,"rootKey":"4dL+E4XBOGhgnCtb4+U79gg5by3RPIdA9s39WXgaryA="},"indexInfo":{"baseKey":"BZaZ8vR9fei2gSxYPRJdY0Bnb89dbqmyDxX+Gnn3ynxh","baseKeyType":1,"closed":1746721103999,"used":1746721072598,"created":1746721072598,"remoteIdentityKey":"BXoNrratquq1hDrbAssJE9gkEFNu2x0Ss5kcfwY3uWRs"},"_chains":{"BZ1XTrECr+il2+PEUkH9Mnu1nfXm/cWjLeV1Vfc+x31f":{"chainKey":{"counter":0,"key":"h2zoCkKtxETdUU60q1+lYhldxId+esNGRDlFehLu2Z4="},"chainType":1,"messageKeys":{}}},"pendingPreKey":{"signedKeyId":10,"baseKey":"BZaZ8vR9fei2gSxYPRJdY0Bnb89dbqmyDxX+Gnn3ynxh","preKeyId":7883067}},"BRWJUnnO2ZJcTtHHfGHmSX+VTZXG9OrxATfsSzn4N5kS":{"registrationId":1218936624,"currentRatchet":{"ephemeralKeyPair":{"pubKey":"BbkXakKX6HDjg2tOS42ipOgeyMGGSt47CCPgxoJ8+4Rv","privKey":"GGL+v29PesMYJ9ntUvc3ES4I1Qtare3HkznzrUbO20c="},"lastRemoteEphemeralKey":"BU4fBjPnKS91SRO9YQXltydTXB6hmI8VzL1sJ5usTK1m","previousCounter":0,"rootKey":"cwxBznLmzgwBqDZD3BX814H4WzbifhgmWMw/cpSWM/s="},"indexInfo":{"baseKey":"BRWJUnnO2ZJcTtHHfGHmSX+VTZXG9OrxATfsSzn4N5kS","baseKeyType":1,"closed":-1,"used":1746721103427,"created":1746721103427,"remoteIdentityKey":"BXoNrratquq1hDrbAssJE9gkEFNu2x0Ss5kcfwY3uWRs"},"_chains":{"BbkXakKX6HDjg2tOS42ipOgeyMGGSt47CCPgxoJ8+4Rv":{"chainKey":{"counter":2,"key":"cU1soT+x8qUiZkaN7GsM7n3Sc7gxQtcBZu2y1qdri4U="},"chainType":1,"messageKeys":{}}},"pendingPreKey":{"signedKeyId":10,"baseKey":"BRWJUnnO2ZJcTtHHfGHmSX+VTZXG9OrxATfsSzn4N5kS","preKeyId":7882995}}},"version":"v1"}