{"_sessions":{"BWoXCc7Js2gKwcz3b6iQmbsnuF4D9vlyA5Vec3FgL5Bk":{"registrationId":1806719108,"currentRatchet":{"ephemeralKeyPair":{"pubKey":"BVO5BXvreBT0DMgffXqMgzj3dJdHC14aapHYes1tk/Bf","privKey":"EGNa6L7q4tu9v+fQuvDuxeksVI8jA896d/+/q9PL7lQ="},"lastRemoteEphemeralKey":"Bc1n3CLsV3Z9RMUekJadu3y9hz9uUpVCBt5UKgfBjUMJ","previousCounter":0,"rootKey":"TPAbfl00azogPMCYTQT2hlIUXUEzeQRPNu8Bz+heXV8="},"indexInfo":{"baseKey":"BWoXCc7Js2gKwcz3b6iQmbsnuF4D9vlyA5Vec3FgL5Bk","baseKeyType":1,"closed":-1,"used":1746714529231,"created":1746714529231,"remoteIdentityKey":"BVQfgxgM0h5F3uxr8mdS6ezUkjOu6FAS2NtintU4hOkD"},"_chains":{"BVO5BXvreBT0DMgffXqMgzj3dJdHC14aapHYes1tk/Bf":{"chainKey":{"counter":0,"key":"pIaPDuxXZcbXzzVaUL+9gko6s8hr8fP706mbwwZiIRs="},"chainType":1,"messageKeys":{}}},"pendingPreKey":{"signedKeyId":4,"baseKey":"BWoXCc7Js2gKwcz3b6iQmbsnuF4D9vlyA5Vec3FgL5Bk","preKeyId":2090205}}},"version":"v1"}