{"_sessions":{"BcDWZVV7tiofCyc6dmG+UZVnL/e3Co0FWhS1c26X2tc6":{"registrationId":1526250451,"currentRatchet":{"ephemeralKeyPair":{"pubKey":"BU4Mnyu/R+dqbiRo526qusoavi19Rg4nUvlGrc/Z4S5r","privKey":"cFY0tnf5RWyPurb0wsIKSGgMGEQMkV7pAN0h9MpvLlY="},"lastRemoteEphemeralKey":"BTsN9rMRFz1ZYUr/ihEc50zoYx4VbArrMzeFNZlSijxL","previousCounter":0,"rootKey":"MeWYN+G9DDSeAAxrMj1aQqnzrecIYdo9EKQatAxYNJw="},"indexInfo":{"baseKey":"BcDWZVV7tiofCyc6dmG+UZVnL/e3Co0FWhS1c26X2tc6","baseKeyType":1,"closed":1746721107800,"used":1746721075927,"created":1746721075927,"remoteIdentityKey":"BVz7QzmaQtN4L4TgOilDCvU8b7BZxLZ22I3DJUMpXug5"},"_chains":{"BU4Mnyu/R+dqbiRo526qusoavi19Rg4nUvlGrc/Z4S5r":{"chainKey":{"counter":0,"key":"Sr199v6Przv2hAv+2WP+PZMNlSIng5tFzqDCADDmpO0="},"chainType":1,"messageKeys":{}}},"pendingPreKey":{"signedKeyId":5,"baseKey":"BcDWZVV7tiofCyc6dmG+UZVnL/e3Co0FWhS1c26X2tc6","preKeyId":14156537}},"BWKB7oWsZjHY/eujQ/8RDC7HRZk6k1nTJOKASUwqD4tM":{"registrationId":1526250451,"currentRatchet":{"ephemeralKeyPair":{"pubKey":"BXHWtrZikJQUuSksq9urrfOm7aMLpxvtmkdr/esSlZID","privKey":"eG43IkDG5DNmbrbeEt834OWsS8C+38nJG2C3F/H5CXE="},"lastRemoteEphemeralKey":"BTsN9rMRFz1ZYUr/ihEc50zoYx4VbArrMzeFNZlSijxL","previousCounter":0,"rootKey":"LBLrui/4jufTeiFifqe5NEMfOAxOdgcYXFqG5OzVakY="},"indexInfo":{"baseKey":"BWKB7oWsZjHY/eujQ/8RDC7HRZk6k1nTJOKASUwqD4tM","baseKeyType":1,"closed":-1,"used":1746721107487,"created":1746721107487,"remoteIdentityKey":"BVz7QzmaQtN4L4TgOilDCvU8b7BZxLZ22I3DJUMpXug5"},"_chains":{"BXHWtrZikJQUuSksq9urrfOm7aMLpxvtmkdr/esSlZID":{"chainKey":{"counter":2,"key":"9JbRA8o0Xphzfglq5hM93q2sNIBpGOFoyn+oI2Qam9s="},"chainType":1,"messageKeys":{}}},"pendingPreKey":{"signedKeyId":5,"baseKey":"BWKB7oWsZjHY/eujQ/8RDC7HRZk6k1nTJOKASUwqD4tM","preKeyId":14156333}}},"version":"v1"}