{"_sessions":{"BYe1gv8LDWl1AleTx6bIylZWGzlRvWpdPeW1ICNQ2/00":{"registrationId":1247615519,"currentRatchet":{"ephemeralKeyPair":{"pubKey":"BQhLYF0u7lbzlZUX/tJwbFTzqjoIt57O/9U6Bfu5769b","privKey":"8HwYbBMTFPBhDpPaucP1b/PlwvQzrwboYzfxfGhx9n8="},"lastRemoteEphemeralKey":"BecRLNWv1K9xzcWAgXTrqXDFm9Uxt3jfkabdyLXeTT1O","previousCounter":0,"rootKey":"7eXP/1OrVKVcQ5UYqUFIyOtgpgwNEMmZgxG6VjwhmEM="},"indexInfo":{"baseKey":"BYe1gv8LDWl1AleTx6bIylZWGzlRvWpdPeW1ICNQ2/00","baseKeyType":1,"closed":1746721104081,"used":1746721072864,"created":1746721072864,"remoteIdentityKey":"Bchl/J6oFgfbGlwJwm4qFVX+/e0bZDKqpv6wrcHujg8M"},"_chains":{"BQhLYF0u7lbzlZUX/tJwbFTzqjoIt57O/9U6Bfu5769b":{"chainKey":{"counter":0,"key":"hY5hH49PjdNx7QGJrYsZZbK6ZK23kTgGiBNotntIaDE="},"chainType":1,"messageKeys":{}}},"pendingPreKey":{"signedKeyId":5,"baseKey":"BYe1gv8LDWl1AleTx6bIylZWGzlRvWpdPeW1ICNQ2/00","preKeyId":9694961}},"BccoDXbeOjchaPLBM76/rDV+Sr3WUvEwgqfGyg4SoJUF":{"registrationId":1247615519,"currentRatchet":{"ephemeralKeyPair":{"pubKey":"BdKknD/0XJaUXsEsPJbmPrXFLwpZG01bLjK8Iy0rXixW","privKey":"aLPmrBooRukBk41A9YYOjLo3K4aN8SDHHsKup5ei43I="},"lastRemoteEphemeralKey":"BecRLNWv1K9xzcWAgXTrqXDFm9Uxt3jfkabdyLXeTT1O","previousCounter":0,"rootKey":"XmTcrD+9l3fr7l25XK6QItC0guEU9+4jNtvQnm8yYb8="},"indexInfo":{"baseKey":"BccoDXbeOjchaPLBM76/rDV+Sr3WUvEwgqfGyg4SoJUF","baseKeyType":1,"closed":-1,"used":1746721103731,"created":1746721103731,"remoteIdentityKey":"Bchl/J6oFgfbGlwJwm4qFVX+/e0bZDKqpv6wrcHujg8M"},"_chains":{"BdKknD/0XJaUXsEsPJbmPrXFLwpZG01bLjK8Iy0rXixW":{"chainKey":{"counter":2,"key":"KoAyUwpMUZdoqV7Iobjvlckaz9y5puktbQDPBHmYTXc="},"chainType":1,"messageKeys":{}}},"pendingPreKey":{"signedKeyId":5,"baseKey":"BccoDXbeOjchaPLBM76/rDV+Sr3WUvEwgqfGyg4SoJUF","preKeyId":9695160}}},"version":"v1"}