{"_sessions":{"BYbALRKfthozWieL+0JP424tWDgk7GkD17jyprIA0OpR":{"registrationId":763959493,"currentRatchet":{"ephemeralKeyPair":{"pubKey":"BUylIIPwCErB83ZqCLehyu40nKNSMgE7N3VtNkWfzlUm","privKey":"2IwItifevxH8yDPUUw26JZGOFG08EYEQrpMTUcScll8="},"lastRemoteEphemeralKey":"BRh5sDTlHFwGCUYIl1nL/kUa3Z63UCUfywvcdajPK4Rg","previousCounter":0,"rootKey":"XSmCTFMmfKZzc29ibz74bLY9Ed/NoJnmp5kPWtfZZYg="},"indexInfo":{"baseKey":"BYbALRKfthozWieL+0JP424tWDgk7GkD17jyprIA0OpR","baseKeyType":1,"closed":-1,"used":1746714532896,"created":1746714532896,"remoteIdentityKey":"BZkgphCuf95g0S/q/bFOdjjNQWWLvFW9rjKTaMpxw39e"},"_chains":{"BUylIIPwCErB83ZqCLehyu40nKNSMgE7N3VtNkWfzlUm":{"chainKey":{"counter":0,"key":"SFF+M/8dm4WI36TpPbUq5jwa/YfR//txnwK+GELwPNU="},"chainType":1,"messageKeys":{}}},"pendingPreKey":{"signedKeyId":1,"baseKey":"BYbALRKfthozWieL+0JP424tWDgk7GkD17jyprIA0OpR","preKeyId":13761602}}},"version":"v1"}