{"_sessions":{"BSltLe8uKvvbrDyODU/2Ro3n3hgYjFqCW6NLj2NE/QFC":{"registrationId":139928321,"currentRatchet":{"ephemeralKeyPair":{"pubKey":"BfzF7KZCv5HxUbDcPP8nV0z12T//gz6U9lhuKoyEHppd","privKey":"WBZJcKM6fBA+GN0zeY/natLgFgknGl/oHMzexRSvB0g="},"lastRemoteEphemeralKey":"Bdz+9RF9cJ8aj5wj7LuQGkR0F3p84BZmOldgLPFjl1AW","previousCounter":0,"rootKey":"/rJIAYKFpYjC2yVWuX7z9mccpPDrI9O2C8MHMELz4gU="},"indexInfo":{"baseKey":"BSltLe8uKvvbrDyODU/2Ro3n3hgYjFqCW6NLj2NE/QFC","baseKeyType":1,"closed":-1,"used":1746714522357,"created":1746714522357,"remoteIdentityKey":"BVHPvlux6O1vfaNgqOF5TbISLKDc5IxNyQ6RmmPTCqZ+"},"_chains":{"BfzF7KZCv5HxUbDcPP8nV0z12T//gz6U9lhuKoyEHppd":{"chainKey":{"counter":0,"key":"d8V8p/iVPd6gXB9eBH8ENldxEebZDtrQuyZHBc6e0cQ="},"chainType":1,"messageKeys":{}}},"pendingPreKey":{"signedKeyId":8,"baseKey":"BSltLe8uKvvbrDyODU/2Ro3n3hgYjFqCW6NLj2NE/QFC","preKeyId":7828172}}},"version":"v1"}