{"_sessions":{"BTvIoBbf8mWRy6dLaY7VfeEW84/eWy68J0LmIKBNo1dT":{"registrationId":1521306201,"currentRatchet":{"ephemeralKeyPair":{"pubKey":"BQTfdyoPvDJ7GD5LRp0T1ROV/s7DA8AJ1vA3L9Z8XFAn","privKey":"+NEILPahWQ0sPfp67XNM9Txjj1dpT+BjxZ6tWwoZSn0="},"lastRemoteEphemeralKey":"BU9J+6e5CPM5RL+tO1vP1v1kelkvPBKbES6SVPKMdgxc","previousCounter":0,"rootKey":"l7fUdbaH4TbO5r1eLHJ9V0IrtqPuIiaq/wzUZs4QSqo="},"indexInfo":{"baseKey":"BTvIoBbf8mWRy6dLaY7VfeEW84/eWy68J0LmIKBNo1dT","baseKeyType":1,"closed":1746721107825,"used":1746721076010,"created":1746721076010,"remoteIdentityKey":"BfDyrsPhgjMxRfllNmJwBDToYukFiac8A2cx/peksT5b"},"_chains":{"BQTfdyoPvDJ7GD5LRp0T1ROV/s7DA8AJ1vA3L9Z8XFAn":{"chainKey":{"counter":0,"key":"o2Xspem8iJSH3U05caIrZUjLGn9cMxswkhPYPNDhOWU="},"chainType":1,"messageKeys":{}}},"pendingPreKey":{"signedKeyId":4,"baseKey":"BTvIoBbf8mWRy6dLaY7VfeEW84/eWy68J0LmIKBNo1dT","preKeyId":4603221}},"BQGiOMETmfPVl1mOkPc0ODslcs3ulvmegRWQFHd9CDIL":{"registrationId":1521306201,"currentRatchet":{"ephemeralKeyPair":{"pubKey":"BSMG5jpnkeWdYcMMJh2lERMi4/5AXEpaIvtrZKbyu04D","privKey":"cG5unvrlwlqHswCA9vmrzWiFGgCCAaZPBgUt3UV51WU="},"lastRemoteEphemeralKey":"BU9J+6e5CPM5RL+tO1vP1v1kelkvPBKbES6SVPKMdgxc","previousCounter":0,"rootKey":"L3SUWJyMCVQIVUz/LZxvvN8cWTRLd7CoT8yHw5RjzO0="},"indexInfo":{"baseKey":"BQGiOMETmfPVl1mOkPc0ODslcs3ulvmegRWQFHd9CDIL","baseKeyType":1,"closed":-1,"used":1746721107558,"created":1746721107558,"remoteIdentityKey":"BfDyrsPhgjMxRfllNmJwBDToYukFiac8A2cx/peksT5b"},"_chains":{"BSMG5jpnkeWdYcMMJh2lERMi4/5AXEpaIvtrZKbyu04D":{"chainKey":{"counter":2,"key":"izHB4uNwFhJM/GvbV5B210ZIWG97xSOP9yOhqjWE0Gs="},"chainType":1,"messageKeys":{}}},"pendingPreKey":{"signedKeyId":4,"baseKey":"BQGiOMETmfPVl1mOkPc0ODslcs3ulvmegRWQFHd9CDIL","preKeyId":4603253}}},"version":"v1"}