{"_sessions":{"BSErk7uKJk4nsIu9dY11Yff4SUgMMUUqun7QrR5eeGZA":{"registrationId":1947196228,"currentRatchet":{"ephemeralKeyPair":{"pubKey":"BS+J7qQFzppsVmCQTXoKxQX2C8W9dQc9cXk6s2/6zrRh","privKey":"qIhdjNOQla8k5bo7KhhtzG9wwz9Pup3715/sidO1MF4="},"lastRemoteEphemeralKey":"BSJTpzlk3fU3AetuLouUHbgQgaN4DqujKWOWuorB+R8L","previousCounter":0,"rootKey":"CBmWbfRm4JfcB9T8kFaxcBZsUQ7h67W/jo0X3NAQLYo="},"indexInfo":{"baseKey":"BSErk7uKJk4nsIu9dY11Yff4SUgMMUUqun7QrR5eeGZA","baseKeyType":1,"closed":1746721118391,"used":1746721086928,"created":1746721086928,"remoteIdentityKey":"BXfTlJiTRAmT0MjQ+goJxqn23O34efS2ZM1rxrpG5qxD"},"_chains":{"BS+J7qQFzppsVmCQTXoKxQX2C8W9dQc9cXk6s2/6zrRh":{"chainKey":{"counter":0,"key":"+zJeb4FHn8OMIboZpaC2TlFj+ZtNplvM3xWjNwZSzk4="},"chainType":1,"messageKeys":{}}},"pendingPreKey":{"signedKeyId":2,"baseKey":"BSErk7uKJk4nsIu9dY11Yff4SUgMMUUqun7QrR5eeGZA"}},"BUcu56O0LLybV21my0Y2Ax9uS1D9ho2ErlH6F50x0wZx":{"registrationId":1947196228,"currentRatchet":{"ephemeralKeyPair":{"pubKey":"Bb9F1HL30+2M8uUPHsQYPCe5q093na7M5kTA150VYwxH","privKey":"ENqPM6a+x54Kkh2IR0jm5fuFaqxzZ5q1bTB3Xz85UlA="},"lastRemoteEphemeralKey":"BSJTpzlk3fU3AetuLouUHbgQgaN4DqujKWOWuorB+R8L","previousCounter":0,"rootKey":"AAFrlz40xOrAl0FCvKX6sRF5fhXzZN1CNjsdziRwDo8="},"indexInfo":{"baseKey":"BUcu56O0LLybV21my0Y2Ax9uS1D9ho2ErlH6F50x0wZx","baseKeyType":1,"closed":-1,"used":1746721117875,"created":1746721117875,"remoteIdentityKey":"BXfTlJiTRAmT0MjQ+goJxqn23O34efS2ZM1rxrpG5qxD"},"_chains":{"Bb9F1HL30+2M8uUPHsQYPCe5q093na7M5kTA150VYwxH":{"chainKey":{"counter":2,"key":"Whh87gKpWVMCEoNlgqCB2crdP6Smo1X85PYcvRKgbeo="},"chainType":1,"messageKeys":{}}},"pendingPreKey":{"signedKeyId":2,"baseKey":"BUcu56O0LLybV21my0Y2Ax9uS1D9ho2ErlH6F50x0wZx"}}},"version":"v1"}