{"_sessions":{"BfCy3hED1m0UmBmJdYaLKDf4RM4RTME5ys1AjWk1jdRh":{"registrationId":9324,"currentRatchet":{"ephemeralKeyPair":{"pubKey":"BV2VbsNZjO2oZq3TDrRaPWe67cn+jUxVpJYmUhnB4Btc","privKey":"4GzvT+w60hPYtDjrx7KdVHk0UuKptKIkPVZ4oCkJS2U="},"lastRemoteEphemeralKey":"BS7oa5IrbqPahkpm/YfoRc35QzxkF1Yua2Kqj/76qy59","previousCounter":0,"rootKey":"GPHPY0UzfqLxZkIImJm/5HUhJ1ANFd39rmcrgolVG68="},"indexInfo":{"baseKey":"BfCy3hED1m0UmBmJdYaLKDf4RM4RTME5ys1AjWk1jdRh","baseKeyType":1,"closed":1746721099066,"used":1746721068754,"created":1746721068754,"remoteIdentityKey":"Be6+XIPF6p7ai/YYTXrlJuDCL7q/p/TLP+cZBPFWB6te"},"_chains":{"BV2VbsNZjO2oZq3TDrRaPWe67cn+jUxVpJYmUhnB4Btc":{"chainKey":{"counter":0,"key":"2+pAUTFIJfigiw9MNxeIWLfDX9GuG/hrtMV9ATzDnr8="},"chainType":1,"messageKeys":{}}},"pendingPreKey":{"signedKeyId":1,"baseKey":"BfCy3hED1m0UmBmJdYaLKDf4RM4RTME5ys1AjWk1jdRh"}},"BbT0k78q8xHo2n8gs83rDFMHLTSH/NClp/tPYMz8sFEb":{"registrationId":9324,"currentRatchet":{"ephemeralKeyPair":{"pubKey":"Bdsd8I+8tz2xz82zyMdTO7R6ev2S2wnI+71qwTwweHtc","privKey":"SLhnrEAVYlM855Fs1nRUrTW9+XaY0n+4cQg9KSiKYXo="},"lastRemoteEphemeralKey":"BS7oa5IrbqPahkpm/YfoRc35QzxkF1Yua2Kqj/76qy59","previousCounter":0,"rootKey":"6cQagsxcO3ZyzQDCm0TEKUCWcbudZJbmHLEWUSM4+KU="},"indexInfo":{"baseKey":"BbT0k78q8xHo2n8gs83rDFMHLTSH/NClp/tPYMz8sFEb","baseKeyType":1,"closed":-1,"used":1746721098458,"created":1746721098458,"remoteIdentityKey":"Be6+XIPF6p7ai/YYTXrlJuDCL7q/p/TLP+cZBPFWB6te"},"_chains":{"Bdsd8I+8tz2xz82zyMdTO7R6ev2S2wnI+71qwTwweHtc":{"chainKey":{"counter":2,"key":"ZHca01yskVNlDe+67wBx5ivUGKh5sNwO8nWuCHVsUuQ="},"chainType":1,"messageKeys":{}}},"pendingPreKey":{"signedKeyId":1,"baseKey":"BbT0k78q8xHo2n8gs83rDFMHLTSH/NClp/tPYMz8sFEb"}}},"version":"v1"}