{"_sessions":{"BQb7rWsw8zl9cOzkjxi1AYFxJ6ZmI9zAQx5xRHD94245":{"registrationId":1318656359,"currentRatchet":{"ephemeralKeyPair":{"pubKey":"BZb6KZ2AjgJXwkSeZSOm90zXtAsmXDhOLuCbwbfyC3E/","privKey":"WPN/jgtwE5uViusg70A5G2phFAfgna/HhR8GjPySk3c="},"lastRemoteEphemeralKey":"Bbm5/FZx/HfY+QdST/hrTHUcOVNRzOGzBnhO9RUarL4H","previousCounter":0,"rootKey":"9XGDyWMEvCFwZZ/b2sRz3/w8uHipycc/XYFWGKmVam8="},"indexInfo":{"baseKey":"BQb7rWsw8zl9cOzkjxi1AYFxJ6ZmI9zAQx5xRHD94245","baseKeyType":1,"closed":-1,"used":1746714540074,"created":1746714540074,"remoteIdentityKey":"BYw1wHgDYkxHc2lhF8nJlhR9wDd0JZnFIgxFU86XMTZp"},"_chains":{"BZb6KZ2AjgJXwkSeZSOm90zXtAsmXDhOLuCbwbfyC3E/":{"chainKey":{"counter":0,"key":"NkHeH9flkayQcmSy6hNEIaHV/XxEcnUryD18B6uji3k="},"chainType":1,"messageKeys":{}}},"pendingPreKey":{"signedKeyId":2423886,"baseKey":"BQb7rWsw8zl9cOzkjxi1AYFxJ6ZmI9zAQx5xRHD94245","preKeyId":2426}}},"version":"v1"}