{"_sessions":{"BaE6jObAWCck5ogdq7sWm7bIAv8U3CGFuJNejWmvfZ5H":{"registrationId":52849200,"currentRatchet":{"ephemeralKeyPair":{"pubKey":"Ba0UvyDrSvJ670ryG6qFzKK67632yrCxNgHe/YYxtI4e","privKey":"cLfuyOdQfZTo3BrMQaSVXEODTmQdTHu6MFFNPGcOXUU="},"lastRemoteEphemeralKey":"BaIizfh2pvxqO2UEq5VXu5mDdeNA1LE7uRHdPCdm3IJ1","previousCounter":0,"rootKey":"RFvz0ZXoXXs1blUypXLbvtrzwQpD4e0BgxjXF+mr3eY="},"indexInfo":{"baseKey":"BaE6jObAWCck5ogdq7sWm7bIAv8U3CGFuJNejWmvfZ5H","baseKeyType":1,"closed":-1,"used":1746714536476,"created":1746714536476,"remoteIdentityKey":"Ba5La6tBpxa1dyiGYVDWMOjChdwvZtMFr+ky32+T2/c0"},"_chains":{"Ba0UvyDrSvJ670ryG6qFzKK67632yrCxNgHe/YYxtI4e":{"chainKey":{"counter":0,"key":"HC1VmyNIpv3Zt+n1JlTq/CgubUpFE8YfDV+CFHE+Bjc="},"chainType":1,"messageKeys":{}}},"pendingPreKey":{"signedKeyId":4,"baseKey":"BaE6jObAWCck5ogdq7sWm7bIAv8U3CGFuJNejWmvfZ5H","preKeyId":13369145}}},"version":"v1"}