{"_sessions":{"BWJ0DiF/233C4wNCUqVTM8Vs4Qc+O5IgqQ1TYHReOX1K":{"registrationId":1927903638,"currentRatchet":{"ephemeralKeyPair":{"pubKey":"BeR3aP6Rd7Ypgjl+M5E8Km/8Hqf774dUZT8g9JYNgnF/","privKey":"sCbrsvG/w4FP1Wjke29mcpwKWbBkKH4KItTvazOBCUk="},"lastRemoteEphemeralKey":"BUBH6QgM/aQJc8NCehK9nm/j79ffMjzrjPKnmZpCY/ds","previousCounter":0,"rootKey":"0SBEah3hfE4MItG/0og6ufMZ74Atz3B/LwK+MgATDFY="},"indexInfo":{"baseKey":"BWJ0DiF/233C4wNCUqVTM8Vs4Qc+O5IgqQ1TYHReOX1K","baseKeyType":1,"closed":-1,"used":1746714532815,"created":1746714532815,"remoteIdentityKey":"BfUNVp5ZouHW8QHOLckPp/sBmBrADR488W7cqHeYVppE"},"_chains":{"BeR3aP6Rd7Ypgjl+M5E8Km/8Hqf774dUZT8g9JYNgnF/":{"chainKey":{"counter":0,"key":"zU5WzVqENEUYY+LAaCGKnDm6EJ7TMF2LSt64ETbK5BQ="},"chainType":1,"messageKeys":{}}},"pendingPreKey":{"signedKeyId":2,"baseKey":"BWJ0DiF/233C4wNCUqVTM8Vs4Qc+O5IgqQ1TYHReOX1K","preKeyId":7230851}}},"version":"v1"}