{"_sessions":{"BVn/xV9n4fBVrHuR+P+N7B/jo4Qxr5HDIgbcJZMS0WJ/":{"registrationId":281140228,"currentRatchet":{"ephemeralKeyPair":{"pubKey":"BR+0lpCfu5yuQb87A1ZcW0wj6hwxENZrIsT6tcYtG9Zn","privKey":"qLsTGRdRyKBhKICsZeXs2FWJJQSfl+86kfQaQXpLzU0="},"lastRemoteEphemeralKey":"Bd6mpMMBoXnjrogldb1E4VQ32beKJqAl6DlBeRtOmhZI","previousCounter":0,"rootKey":"f58caNMEbyFr/Qaa3Ve7JHH9TqmKKatH2GmV+XGYOHE="},"indexInfo":{"baseKey":"BVn/xV9n4fBVrHuR+P+N7B/jo4Qxr5HDIgbcJZMS0WJ/","baseKeyType":1,"closed":1746721104034,"used":1746721072681,"created":1746721072681,"remoteIdentityKey":"BSQGhmqZUjU5MlWHPGA0lVAFVo+rZaxq7oI610DxLO85"},"_chains":{"BR+0lpCfu5yuQb87A1ZcW0wj6hwxENZrIsT6tcYtG9Zn":{"chainKey":{"counter":0,"key":"aQgX+4RCkAodGJfwZQ+1aAb/KooxhwgU/Zxtnw2d7zY="},"chainType":1,"messageKeys":{}}},"pendingPreKey":{"signedKeyId":0,"baseKey":"BVn/xV9n4fBVrHuR+P+N7B/jo4Qxr5HDIgbcJZMS0WJ/"}},"Be8Xiu5J2lDo84lCSKBKQN5tAe/8lK7sZzYpE9X3eMw4":{"registrationId":281140228,"currentRatchet":{"ephemeralKeyPair":{"pubKey":"BcfDEqcrYSFNrkHk5v7IiywChAYlkzXquAZ5AEkhdDE/","privKey":"kHbTbLrJUdpa12LfKe/wIjXAhZwLf71EA7Pyr+C1UHo="},"lastRemoteEphemeralKey":"Bd6mpMMBoXnjrogldb1E4VQ32beKJqAl6DlBeRtOmhZI","previousCounter":0,"rootKey":"bdvNqsE8sJjO0SYzuMbBAyG3NFvGLgbmcMmEprnn4No="},"indexInfo":{"baseKey":"Be8Xiu5J2lDo84lCSKBKQN5tAe/8lK7sZzYpE9X3eMw4","baseKeyType":1,"closed":-1,"used":1746721103513,"created":1746721103513,"remoteIdentityKey":"BSQGhmqZUjU5MlWHPGA0lVAFVo+rZaxq7oI610DxLO85"},"_chains":{"BcfDEqcrYSFNrkHk5v7IiywChAYlkzXquAZ5AEkhdDE/":{"chainKey":{"counter":2,"key":"YAacy6wqSmmW//4xc/d614qrO4cOHV4mWJnq987/PsI="},"chainType":1,"messageKeys":{}}},"pendingPreKey":{"signedKeyId":0,"baseKey":"Be8Xiu5J2lDo84lCSKBKQN5tAe/8lK7sZzYpE9X3eMw4"}}},"version":"v1"}