{"_sessions":{"Bca7KpPNsHasjKRr7PaCQbRhAjt47JaDz/dd+Bub1B0j":{"registrationId":670881513,"currentRatchet":{"ephemeralKeyPair":{"pubKey":"BdadsyG1/WLfu1n6rLx/jHoZLrQWGCvouJBu+CotxTx4","privKey":"EDN3o2dNhGSY+rU/u3xiNZoIfOPKjGaQfUIiLacDank="},"lastRemoteEphemeralKey":"BVHwshrJpjomxiO8a4ltdA1GkbR5LVlN+Z+oz3sCjI8t","previousCounter":0,"rootKey":"GY1Z6pFwvPouY0MbW3srwghsDNvCWXZqrvB5RFIW6ww="},"indexInfo":{"baseKey":"Bca7KpPNsHasjKRr7PaCQbRhAjt47JaDz/dd+Bub1B0j","baseKeyType":1,"closed":1746721104059,"used":1746721072788,"created":1746721072788,"remoteIdentityKey":"BSMmkgTuNhQQXUYjBxCvcu9PRQKM+IxbMtoLGMO6cH1V"},"_chains":{"BdadsyG1/WLfu1n6rLx/jHoZLrQWGCvouJBu+CotxTx4":{"chainKey":{"counter":0,"key":"FU6GU+pq/Xb+0qlhh4WwdQuJwP4XFtzj1UHxwzXIF0I="},"chainType":1,"messageKeys":{}}},"pendingPreKey":{"signedKeyId":3036116,"baseKey":"Bca7KpPNsHasjKRr7PaCQbRhAjt47JaDz/dd+Bub1B0j","preKeyId":9176}},"BXBoEUzWpUmrdMQhueoA9LdHVjOpUYbnnC78cerkK+4b":{"registrationId":670881513,"currentRatchet":{"ephemeralKeyPair":{"pubKey":"BUELGXw2dZQ4RTx9rJPk0koaY0WFM1iSSj0i/RYL+n8F","privKey":"OHO42X5dEwjOEjso88LGsjodFkkaHBz7M6RWsTwXSmE="},"lastRemoteEphemeralKey":"BVHwshrJpjomxiO8a4ltdA1GkbR5LVlN+Z+oz3sCjI8t","previousCounter":0,"rootKey":"YROFApyF8LHz7BWs9m+vBCIGyOZutH1iZDoAuTcPwxI="},"indexInfo":{"baseKey":"BXBoEUzWpUmrdMQhueoA9LdHVjOpUYbnnC78cerkK+4b","baseKeyType":1,"closed":-1,"used":1746721103631,"created":1746721103631,"remoteIdentityKey":"BSMmkgTuNhQQXUYjBxCvcu9PRQKM+IxbMtoLGMO6cH1V"},"_chains":{"BUELGXw2dZQ4RTx9rJPk0koaY0WFM1iSSj0i/RYL+n8F":{"chainKey":{"counter":2,"key":"nouCYtvDwrSNqZWYRCONasapGdc20JglihCkghLU8eA="},"chainType":1,"messageKeys":{}}},"pendingPreKey":{"signedKeyId":3036116,"baseKey":"BXBoEUzWpUmrdMQhueoA9LdHVjOpUYbnnC78cerkK+4b","preKeyId":9595}}},"version":"v1"}