{"_sessions":{"BQZ+fVoQc7Z5esr01KHDGOh8ZG1dTg64vuHOD13J8fg/":{"registrationId":1616708653,"currentRatchet":{"ephemeralKeyPair":{"pubKey":"BbLdl85oC8wm1quHJTQKyIy+3doBrst+1FoqFqIj4lEu","privKey":"oC9xB8JWgBSgiOy0yNLTXLLhWajw6yqxc7F17SPr8lE="},"lastRemoteEphemeralKey":"BY8OEQcMFQo1dJh2bjC7nRH4Z0dbCRHAS7UXyZ5xVnlM","previousCounter":0,"rootKey":"tXs4lE4byNIXWUipg19jxG9dni8Uxqkv5Ur6G+fiVB4="},"indexInfo":{"baseKey":"BQZ+fVoQc7Z5esr01KHDGOh8ZG1dTg64vuHOD13J8fg/","baseKeyType":1,"closed":-1,"used":1746714536369,"created":1746714536369,"remoteIdentityKey":"BSJNiMkJhwqOo6YXmeS3vnFldCXUHHCqVAD7KrW8bT41"},"_chains":{"BbLdl85oC8wm1quHJTQKyIy+3doBrst+1FoqFqIj4lEu":{"chainKey":{"counter":0,"key":"TtzdgEZgzsO9YTULuVrS3lYgimzjKq/zuG1Mf1hj5Cg="},"chainType":1,"messageKeys":{}}},"pendingPreKey":{"signedKeyId":9021274,"baseKey":"BQZ+fVoQc7Z5esr01KHDGOh8ZG1dTg64vuHOD13J8fg/","preKeyId":6388}}},"version":"v1"}