{"_sessions":{"BVUUOrlp+B0+eslxH1fL7G5CLvAXTzuHEhAtIX5u3f0+":{"registrationId":1177044156,"currentRatchet":{"ephemeralKeyPair":{"pubKey":"BY7+zR087Y01CyylLpPpwY5mjYY9gTSULSBt/F8P9qll","privKey":"SIA/K+5FdYcc0AEKiwitBHpMEVZ2wxYSepLIDNAvJVY="},"lastRemoteEphemeralKey":"BYXSA/JKE2zoTFEtK+nBfQcNg1lOXc2DAXgbfIBueTBp","previousCounter":0,"rootKey":"HufwRR8vbUt3Ua5eORrj20wOAJVVS+L+fxGkOosB6yo="},"indexInfo":{"baseKey":"BVUUOrlp+B0+eslxH1fL7G5CLvAXTzuHEhAtIX5u3f0+","baseKeyType":1,"closed":1746721104001,"used":1746721072604,"created":1746721072604,"remoteIdentityKey":"BcFuWd/ADsRPEXBtzERJoZYZ8evp1Aytzxml+1kmV0xv"},"_chains":{"BY7+zR087Y01CyylLpPpwY5mjYY9gTSULSBt/F8P9qll":{"chainKey":{"counter":0,"key":"pXrhW9PII7utz+8Tz3raWTjaEhJESl06zxWme9ZrLpc="},"chainType":1,"messageKeys":{}}},"pendingPreKey":{"signedKeyId":3,"baseKey":"BVUUOrlp+B0+eslxH1fL7G5CLvAXTzuHEhAtIX5u3f0+","preKeyId":2323795}},"BT28v7K0ekL5a5w0IclFIVFR4EmMbhr/bFF2jn0qpUFs":{"registrationId":1177044156,"currentRatchet":{"ephemeralKeyPair":{"pubKey":"BXQZQyYQbYeKybBEy2OPDfR1tABQrHaAykYu0twY5rQy","privKey":"KMgU9gJo433zhauqimhpQQFMH6XkiI5DKPM0/nsfHFI="},"lastRemoteEphemeralKey":"BYXSA/JKE2zoTFEtK+nBfQcNg1lOXc2DAXgbfIBueTBp","previousCounter":0,"rootKey":"Reg1eUo0meP5vxXaPW6D5Hw98ZJPis98kLKm2puYByI="},"indexInfo":{"baseKey":"BT28v7K0ekL5a5w0IclFIVFR4EmMbhr/bFF2jn0qpUFs","baseKeyType":1,"closed":-1,"used":1746721103434,"created":1746721103434,"remoteIdentityKey":"BcFuWd/ADsRPEXBtzERJoZYZ8evp1Aytzxml+1kmV0xv"},"_chains":{"BXQZQyYQbYeKybBEy2OPDfR1tABQrHaAykYu0twY5rQy":{"chainKey":{"counter":2,"key":"4q6j0Dg+fwkHOy78xuidfKh7x/XdWt3AMauLs5L71P8="},"chainType":1,"messageKeys":{}}},"pendingPreKey":{"signedKeyId":3,"baseKey":"BT28v7K0ekL5a5w0IclFIVFR4EmMbhr/bFF2jn0qpUFs","preKeyId":2324482}}},"version":"v1"}