{"_sessions":{"BW5ep1yMEHYFy1VWMxaV7qCsksy9eK0K7GNOC9+X8MkV":{"registrationId":1228619785,"currentRatchet":{"ephemeralKeyPair":{"pubKey":"BQCg4Wr6MO0qyPjRcdoLjkDr1JfPPtJvdhVidhGO2QVr","privKey":"+BcHkt6LDvBGHtH83gJc4kgrMvn5J8Gqdb9CVmZ9pEg="},"lastRemoteEphemeralKey":"Bc9evPW9XGPkZedbervk4WdjS+oVq3hIuDERrY83lvtx","previousCounter":0,"rootKey":"buagSflpTnpnAgQJBYUUblKQ5CbvBte8UyowcTjAR9c="},"indexInfo":{"baseKey":"BW5ep1yMEHYFy1VWMxaV7qCsksy9eK0K7GNOC9+X8MkV","baseKeyType":1,"closed":1746721103937,"used":1746721072499,"created":1746721072499,"remoteIdentityKey":"Bf5qgYIO0GhnjlH2hDZ1ron71dvkJPvUSJ/8sEmtC34B"},"_chains":{"BQCg4Wr6MO0qyPjRcdoLjkDr1JfPPtJvdhVidhGO2QVr":{"chainKey":{"counter":0,"key":"ZXFeUtY+GUllZaQzExDprG+Na7Dp5Luaz4SAvSRHQU0="},"chainType":1,"messageKeys":{}}},"pendingPreKey":{"signedKeyId":4,"baseKey":"BW5ep1yMEHYFy1VWMxaV7qCsksy9eK0K7GNOC9+X8MkV"}},"BZx3vxjv6z4RQBB6nCvN81mHbMJPzIU5A5uHP51uAIJ6":{"registrationId":1228619785,"currentRatchet":{"ephemeralKeyPair":{"pubKey":"BX8Q2t+1TVhd17sW03Q8dAxlolHC+hdyk7nwE5wJepwq","privKey":"WBtSc6bm409KkHiZoBsJEU/erbJtoabsP6I6wVYkQX0="},"lastRemoteEphemeralKey":"Bc9evPW9XGPkZedbervk4WdjS+oVq3hIuDERrY83lvtx","previousCounter":0,"rootKey":"8+TPFYf15f9h1r6uyjRx3LmWUSRYC/jS94CXhz2ll+8="},"indexInfo":{"baseKey":"BZx3vxjv6z4RQBB6nCvN81mHbMJPzIU5A5uHP51uAIJ6","baseKeyType":1,"closed":-1,"used":1746721103336,"created":1746721103336,"remoteIdentityKey":"Bf5qgYIO0GhnjlH2hDZ1ron71dvkJPvUSJ/8sEmtC34B"},"_chains":{"BX8Q2t+1TVhd17sW03Q8dAxlolHC+hdyk7nwE5wJepwq":{"chainKey":{"counter":2,"key":"UwbsGnKr6tM44CvgIaGn008VFJ7bstbn31t2+WBEXF0="},"chainType":1,"messageKeys":{}}},"pendingPreKey":{"signedKeyId":4,"baseKey":"BZx3vxjv6z4RQBB6nCvN81mHbMJPzIU5A5uHP51uAIJ6"}}},"version":"v1"}