{"_sessions":{"BYwcx5VURC7b2LFSLHfSIlVaOdR4dEWgerAngJ7N28l8":{"registrationId":1525997374,"currentRatchet":{"ephemeralKeyPair":{"pubKey":"BYzbuOlnsLugyJh9T5LnGYpDAT3nxnIdtrRj9ZopdmlL","privKey":"gMXTd2FEyCjLKhuBcdrew49hv6ljuI5T0nykf5k8Y0o="},"lastRemoteEphemeralKey":"BWSgI/mgn82w+zn096y11iy+qTZPPBSOhSFnezlvIq4/","previousCounter":0,"rootKey":"RKhUAHX+5axfvwivbKQF142ZOwUxZ+iQNNrb7AzgUbc="},"indexInfo":{"baseKey":"BYwcx5VURC7b2LFSLHfSIlVaOdR4dEWgerAngJ7N28l8","baseKeyType":1,"closed":1746721104091,"used":1746721072892,"created":1746721072892,"remoteIdentityKey":"BRjZWoY4i/c3ZP4FZum+FGmlcO0Qv71B3Lo2yLifs2FF"},"_chains":{"BYzbuOlnsLugyJh9T5LnGYpDAT3nxnIdtrRj9ZopdmlL":{"chainKey":{"counter":0,"key":"a3qj1fJ1MAs/W/kH4ZMiWJkO27LbFTd7pwgI+54KpoI="},"chainType":1,"messageKeys":{}}},"pendingPreKey":{"signedKeyId":5,"baseKey":"BYwcx5VURC7b2LFSLHfSIlVaOdR4dEWgerAngJ7N28l8","preKeyId":3695520}},"BQychFZiyfLYw72ETGuzCMz4dlqTHn1kU+xHjvVb/DEQ":{"registrationId":1525997374,"currentRatchet":{"ephemeralKeyPair":{"pubKey":"BY/MvgP/ruzQP1mGiqehhR2iN5X9xXuXtzHLkRbXGQIC","privKey":"oHDmGq6UzJBF3prnkmPjbEBT30DnSjLipMlF08PVIVQ="},"lastRemoteEphemeralKey":"BWSgI/mgn82w+zn096y11iy+qTZPPBSOhSFnezlvIq4/","previousCounter":0,"rootKey":"X/cB2UIp8P3Kv/f2ujHNYZ07kLCowwL6sP8fOd5kg6M="},"indexInfo":{"baseKey":"BQychFZiyfLYw72ETGuzCMz4dlqTHn1kU+xHjvVb/DEQ","baseKeyType":1,"closed":-1,"used":1746721103775,"created":1746721103775,"remoteIdentityKey":"BRjZWoY4i/c3ZP4FZum+FGmlcO0Qv71B3Lo2yLifs2FF"},"_chains":{"BY/MvgP/ruzQP1mGiqehhR2iN5X9xXuXtzHLkRbXGQIC":{"chainKey":{"counter":2,"key":"x73RG1Ke+d76FpmKjvruWV3bLoG8iMCpb16YXLn2g3U="},"chainType":1,"messageKeys":{}}},"pendingPreKey":{"signedKeyId":5,"baseKey":"BQychFZiyfLYw72ETGuzCMz4dlqTHn1kU+xHjvVb/DEQ","preKeyId":3695518}}},"version":"v1"}