{"_sessions":{"BQTU5Uj4oEDtMTa4ymetdSKSbHRReFvKV0JJLxErdHx7":{"registrationId":999785532,"currentRatchet":{"ephemeralKeyPair":{"pubKey":"BaDN645o8hDIz/xhDhajp8N4ClQssYyTDpIwhpUdrFoh","privKey":"gDauU47rA6hKECI6dC73yUondG+5y4Qbw1X8+WCBT3E="},"lastRemoteEphemeralKey":"BfvzmNYyC/QBGQJtWBMy9fYLWAJPzFtZOx4gfTPE9ZNk","previousCounter":0,"rootKey":"lmxh+jixJ+owAGnL6+9KaCJPJj5h5Q/5lhfViam0f9I="},"indexInfo":{"baseKey":"BQTU5Uj4oEDtMTa4ymetdSKSbHRReFvKV0JJLxErdHx7","baseKeyType":1,"closed":-1,"used":1746714525527,"created":1746714525527,"remoteIdentityKey":"BdJ47sfikQ8y//QrMn1Fwia6vAN7WQIDmxijV7eLIW4l"},"_chains":{"BaDN645o8hDIz/xhDhajp8N4ClQssYyTDpIwhpUdrFoh":{"chainKey":{"counter":0,"key":"mnu+rlhHuUYmjAF7i8HL/xjeB0o1CgXPjPUujbM6boo="},"chainType":1,"messageKeys":{}}},"pendingPreKey":{"signedKeyId":3,"baseKey":"BQTU5Uj4oEDtMTa4ymetdSKSbHRReFvKV0JJLxErdHx7","preKeyId":837169}}},"version":"v1"}