{"_sessions":{"BThNFHjn08MyKN9E6579bKqc6y6Jq80O7CRnQpfoq7lX":{"registrationId":1718912838,"currentRatchet":{"ephemeralKeyPair":{"pubKey":"BTYJsR7QEAzOR8DJ2bcAoEDqvtr3jkiQVQF+/ldJ7GEg","privKey":"GL0BQjd8P4/5bYiaXx4KIz3EPoNTmMdJgSPbr708mUk="},"lastRemoteEphemeralKey":"BYd18/Gq0pUkKAwI3/EQVwJAsTXSSsLdjLD1eMPQTb8v","previousCounter":0,"rootKey":"9u/YTekTW5CIY2076kqeL6lbmJCjLAbSugDH2Z9MTkU="},"indexInfo":{"baseKey":"BThNFHjn08MyKN9E6579bKqc6y6Jq80O7CRnQpfoq7lX","baseKeyType":1,"closed":1746721099081,"used":1746721068774,"created":1746721068774,"remoteIdentityKey":"BcRVrTOdLEloepeS9Vdo36B7A4qW/dNx+GSUcdFcelR7"},"_chains":{"BTYJsR7QEAzOR8DJ2bcAoEDqvtr3jkiQVQF+/ldJ7GEg":{"chainKey":{"counter":0,"key":"wgFfP6hWc/Vfq6TU+w1JbIzFTyZM6WA5diE01iHp72k="},"chainType":1,"messageKeys":{}}},"pendingPreKey":{"signedKeyId":1,"baseKey":"BThNFHjn08MyKN9E6579bKqc6y6Jq80O7CRnQpfoq7lX"}},"BaN9WPuFlH6OtvxaPOefEVs7yOQrT6M7+WsxXHCRCoVR":{"registrationId":1718912838,"currentRatchet":{"ephemeralKeyPair":{"pubKey":"BQsn8NkLtjMVYfSX8UML8XoF8hmTaMR+YJU0jaHCMTA+","privKey":"YBLQjH73Q7uoheYgpicEoaKFs2wT6tBw2xuyxeNM42U="},"lastRemoteEphemeralKey":"BYd18/Gq0pUkKAwI3/EQVwJAsTXSSsLdjLD1eMPQTb8v","previousCounter":0,"rootKey":"YPAO4KdozCPRdcREjFJSBzX0KGXGivY9Ik1z23XtXZI="},"indexInfo":{"baseKey":"BaN9WPuFlH6OtvxaPOefEVs7yOQrT6M7+WsxXHCRCoVR","baseKeyType":1,"closed":-1,"used":1746721098484,"created":1746721098484,"remoteIdentityKey":"BcRVrTOdLEloepeS9Vdo36B7A4qW/dNx+GSUcdFcelR7"},"_chains":{"BQsn8NkLtjMVYfSX8UML8XoF8hmTaMR+YJU0jaHCMTA+":{"chainKey":{"counter":2,"key":"1ZUaaV+JAsn9NX11cRlgB2/I1Wo4dH6KPoZBA0HXkFU="},"chainType":1,"messageKeys":{}}},"pendingPreKey":{"signedKeyId":1,"baseKey":"BaN9WPuFlH6OtvxaPOefEVs7yOQrT6M7+WsxXHCRCoVR"}}},"version":"v1"}