{"_sessions":{"BY8QYqY0ZPV74typDvkWGmelzB/LzQuylrnXgX7Fskl3":{"registrationId":1809507857,"currentRatchet":{"ephemeralKeyPair":{"pubKey":"BQVp8RgOs0LvdxFngCrTylzLi7gx+3foqLKt+FKhncgH","privKey":"gMxovud/ZpeovWh/FVu+cYrpf1SAX4lBpa558Rhh8Gk="},"lastRemoteEphemeralKey":"BT5sM8PekKkIBOYw7dmwwv98Ay4q5L9n189igfDuNbw+","previousCounter":0,"rootKey":"SorQCAOkPUCd9qNJvqlWuOieLge6wrqc3TY9Q38280U="},"indexInfo":{"baseKey":"BY8QYqY0ZPV74typDvkWGmelzB/LzQuylrnXgX7Fskl3","baseKeyType":1,"closed":-1,"used":1746714539838,"created":1746714539838,"remoteIdentityKey":"BQnVQm8r1F1Tr/7Zfoe7nhgcdkxeQm5TGNA+kDQQSsZm"},"_chains":{"BQVp8RgOs0LvdxFngCrTylzLi7gx+3foqLKt+FKhncgH":{"chainKey":{"counter":0,"key":"tk+jPOjHrgY9NFigp5CphTK7qcTSipDEqpsgxyMNXio="},"chainType":1,"messageKeys":{}}},"pendingPreKey":{"signedKeyId":5,"baseKey":"BY8QYqY0ZPV74typDvkWGmelzB/LzQuylrnXgX7Fskl3","preKeyId":6050336}}},"version":"v1"}