{"_sessions":{"BZ/KT6mQoEtPFeAHfNxCPtgtPJKRiCFpo/XdGt5n0aAl":{"registrationId":1859789331,"currentRatchet":{"ephemeralKeyPair":{"pubKey":"BeVY0YNAPy5D1A9LFflA53c5NoipV5We8UFSYGaceH5k","privKey":"IMe1fr8MSSmhnRHvCDhIAOiEGFiDUVwvXdJyCB0xWms="},"lastRemoteEphemeralKey":"BT8JCdQVwzX8xal0wh4M5ncQVEpdd8ELjbBqMRwEzO1W","previousCounter":0,"rootKey":"XHzg1kN7/OX90MvwYspEsiYDJPqdiWpoXpBJVUC5+X8="},"indexInfo":{"baseKey":"BZ/KT6mQoEtPFeAHfNxCPtgtPJKRiCFpo/XdGt5n0aAl","baseKeyType":1,"closed":-1,"used":1746714525531,"created":1746714525531,"remoteIdentityKey":"BbC1SJ5+KBDa5p+j2FM7fl3bSqhZekfylI8J1aBC2zhw"},"_chains":{"BeVY0YNAPy5D1A9LFflA53c5NoipV5We8UFSYGaceH5k":{"chainKey":{"counter":0,"key":"kC1xVw7UQMcd33RwDlC0VWF737W5Ix2wJE5nzwpvwv0="},"chainType":1,"messageKeys":{}}},"pendingPreKey":{"signedKeyId":0,"baseKey":"BZ/KT6mQoEtPFeAHfNxCPtgtPJKRiCFpo/XdGt5n0aAl","preKeyId":13130498}}},"version":"v1"}