{"_sessions":{"BcIj+4trnevR+9HRrOftNOQtBUzEhakj3yOfO5lE0txM":{"registrationId":143,"currentRatchet":{"ephemeralKeyPair":{"pubKey":"BYc07ZdBvRHGNS5Zla+4UT4Kr2HO9hHcnYE7LdzGgptK","privKey":"UKrgP9SFKqCjpuovsP/L5pjKuGWQGUy9O46FWLNUQl8="},"lastRemoteEphemeralKey":"BZxN46ExuMZ0V7B8TrSYKbfsO8/iu0HRknsaxdP7sIp5","previousCounter":0,"rootKey":"wB/t/Kj5GEjeqVgMQ4llD/w5++EORhLxazl/MIkfKjo="},"indexInfo":{"baseKey":"BcIj+4trnevR+9HRrOftNOQtBUzEhakj3yOfO5lE0txM","baseKeyType":1,"closed":-1,"used":1746714522255,"created":1746714522255,"remoteIdentityKey":"BXRfGIpLU1c0++NpWVXx8IhKyFPq47w05rDGifmyAsoD"},"_chains":{"BYc07ZdBvRHGNS5Zla+4UT4Kr2HO9hHcnYE7LdzGgptK":{"chainKey":{"counter":0,"key":"rZnm2zNz3heQlCuAJlrlm4naO5UHxOaavEfi6FJavVw="},"chainType":1,"messageKeys":{}}},"pendingPreKey":{"signedKeyId":1,"baseKey":"BcIj+4trnevR+9HRrOftNOQtBUzEhakj3yOfO5lE0txM"}}},"version":"v1"}