{"_sessions":{"BQ8/7t0VSdtCuitODZkbsIxtS2I9hV5F4fDvhXzcSqtH":{"registrationId":806693225,"currentRatchet":{"ephemeralKeyPair":{"pubKey":"BXdzIBGhAZrVuA0KNu0VM7bUOMpHodFYd657RgW9AnIL","privKey":"0HbbKIjCVsgxtPGUr/eshcYAdBGyJI2qFnVQR4KHUUo="},"lastRemoteEphemeralKey":"BQ49DNK8kEL+SSP+yC5Lk9oEeDiqEr4SBi4SVYfpcjsc","previousCounter":0,"rootKey":"nuG09+OgMuQpWFUdb8fip6pxWnGX7eUUq/BT2nvSNjg="},"indexInfo":{"baseKey":"BQ8/7t0VSdtCuitODZkbsIxtS2I9hV5F4fDvhXzcSqtH","baseKeyType":1,"closed":-1,"used":1746714529344,"created":1746714529344,"remoteIdentityKey":"BXbfSesOepmTaB6goqDgvFUpcKX+48p19TxyT0cZHdZI"},"_chains":{"BXdzIBGhAZrVuA0KNu0VM7bUOMpHodFYd657RgW9AnIL":{"chainKey":{"counter":0,"key":"12jUrfMOyq392stmxxXg0YFf5hiI0mb2JIqSVVR69d8="},"chainType":1,"messageKeys":{}}},"pendingPreKey":{"signedKeyId":4,"baseKey":"BQ8/7t0VSdtCuitODZkbsIxtS2I9hV5F4fDvhXzcSqtH","preKeyId":1481501}}},"version":"v1"}