{"_sessions":{"BeV5VlggJfnSJQwmVJX1ma5dzorEU6/7C/deQQ8P5lV3":{"registrationId":1328904546,"currentRatchet":{"ephemeralKeyPair":{"pubKey":"Ba1WXHF9kNlw+hq/m15nfOkUQtme8UQJliVvovuo2MoR","privKey":"6FKnjZyKLr3ipp+d7d2zren+Waa4/PlRrX8/Ztq8FVc="},"lastRemoteEphemeralKey":"BaDbsWeolATedX3IWXGPDP1SCsKYEyspYxFFxsSUrKgc","previousCounter":0,"rootKey":"kNKXuOIjFotCjnngiiRWPJsXipIlEmoJ3wGzRrrrDT0="},"indexInfo":{"baseKey":"BeV5VlggJfnSJQwmVJX1ma5dzorEU6/7C/deQQ8P5lV3","baseKeyType":1,"closed":-1,"used":1746714543370,"created":1746714543370,"remoteIdentityKey":"BT6RzUz1H7p8FKtuJHsmi/PEQPABipC9+yLjaREB7Itq"},"_chains":{"Ba1WXHF9kNlw+hq/m15nfOkUQtme8UQJliVvovuo2MoR":{"chainKey":{"counter":0,"key":"0CdH3tSjgPzir6R/BBRz8ubDxK2t5hzD5kps0TWTFZg="},"chainType":1,"messageKeys":{}}},"pendingPreKey":{"signedKeyId":1,"baseKey":"BeV5VlggJfnSJQwmVJX1ma5dzorEU6/7C/deQQ8P5lV3","preKeyId":8554939}}},"version":"v1"}