{"_sessions":{"BZAaAibh7zLWF6PHpeQz0oeoXmNzNNc2qpmTlWS97S5Y":{"registrationId":451923110,"currentRatchet":{"ephemeralKeyPair":{"pubKey":"BcPjGdDYpuMTtzkYVtOw6AbRIOuQvLKyaKCfLQ7w11MI","privKey":"YI790vFcRm8bvmPvWzvOMmg2+JQiOHtnWzI50RlKiXY="},"lastRemoteEphemeralKey":"BU1dd0egy9WlKZAg7vXn1/AZ0yg0/LVHHVUAYbkuXFN7","previousCounter":0,"rootKey":"dpL6sjMPgVk7TgMRoD7N6G+Cssp2iZF7OXGqqfdEqUc="},"indexInfo":{"baseKey":"BZAaAibh7zLWF6PHpeQz0oeoXmNzNNc2qpmTlWS97S5Y","baseKeyType":1,"closed":1746721099105,"used":1746721068820,"created":1746721068820,"remoteIdentityKey":"Bd7C5bTpHaJ+8S/TtvusIPf+vOd28Bzhxf3MRIHULkIE"},"_chains":{"BcPjGdDYpuMTtzkYVtOw6AbRIOuQvLKyaKCfLQ7w11MI":{"chainKey":{"counter":0,"key":"uwZR0IP2Bw29tWuYjYEJigFakPqKOfGaWJuftAWd/Gw="},"chainType":1,"messageKeys":{}}},"pendingPreKey":{"signedKeyId":1,"baseKey":"BZAaAibh7zLWF6PHpeQz0oeoXmNzNNc2qpmTlWS97S5Y"}},"BZPufrGgt3Ieuy7gS0HAt2ttod2uKeKtTu8plG51Wyte":{"registrationId":451923110,"currentRatchet":{"ephemeralKeyPair":{"pubKey":"BR13/O/UQqtrzcoJ0VyzQkoLa5SvDsqvYtG+RVPXuEwX","privKey":"aIIeiNb3L1cc5m5xQJjLRchkIkMND9TlAO7DdOnoYHw="},"lastRemoteEphemeralKey":"BU1dd0egy9WlKZAg7vXn1/AZ0yg0/LVHHVUAYbkuXFN7","previousCounter":0,"rootKey":"Bbnyu8rFkinR+5DchJkOX5JjKUXXvOYPr5tJKtJuhVI="},"indexInfo":{"baseKey":"BZPufrGgt3Ieuy7gS0HAt2ttod2uKeKtTu8plG51Wyte","baseKeyType":1,"closed":1746721257630,"used":1746721098530,"created":1746721098530,"remoteIdentityKey":"Bd7C5bTpHaJ+8S/TtvusIPf+vOd28Bzhxf3MRIHULkIE"},"_chains":{"BR13/O/UQqtrzcoJ0VyzQkoLa5SvDsqvYtG+RVPXuEwX":{"chainKey":{"counter":0,"key":"CZbXgocd5OZhBjYIAJdWrIEOU6xThUydkenMjPMqBFY="},"chainType":1,"messageKeys":{}}},"pendingPreKey":{"signedKeyId":1,"baseKey":"BZPufrGgt3Ieuy7gS0HAt2ttod2uKeKtTu8plG51Wyte"}},"BU087RBUPfkWcYU0cxlCOsCbw5unGBfsuKGfVrqm10dJ":{"registrationId":451923110,"currentRatchet":{"ephemeralKeyPair":{"pubKey":"Ba5Zk6fKR5oWFuUlzmz8dkRMNSPlm5xRhxfiVs1WDI52","privKey":"aBXW15/MIqFFTJ2taKY4hMXc+XRnIDL64+vCXWyHOlM="},"lastRemoteEphemeralKey":"BU1dd0egy9WlKZAg7vXn1/AZ0yg0/LVHHVUAYbkuXFN7","previousCounter":0,"rootKey":"+lr5EKc9F1lX4SabeEs5oKx0ZPOioCHsjmp5o0cqHdA="},"indexInfo":{"baseKey":"BU087RBUPfkWcYU0cxlCOsCbw5unGBfsuKGfVrqm10dJ","baseKeyType":1,"closed":-1,"used":1746721257619,"created":1746721257619,"remoteIdentityKey":"Bd7C5bTpHaJ+8S/TtvusIPf+vOd28Bzhxf3MRIHULkIE"},"_chains":{"Ba5Zk6fKR5oWFuUlzmz8dkRMNSPlm5xRhxfiVs1WDI52":{"chainKey":{"counter":1,"key":"YdmizHzppLYJ1gQSMND3CG5elg03cLstmNE48lguXcU="},"chainType":1,"messageKeys":{}}},"pendingPreKey":{"signedKeyId":1,"baseKey":"BU087RBUPfkWcYU0cxlCOsCbw5unGBfsuKGfVrqm10dJ"}}},"version":"v1"}