{"_sessions":{"BS0/s6mZiQnJZBGWUIvjg/EzNCdbi6uuisCJPfiqiPgR":{"registrationId":170476687,"currentRatchet":{"ephemeralKeyPair":{"pubKey":"BRaVtwhp3WR0zfcqgFGo3oWpw8ryLB3KENLnb7+HXBcC","privKey":"uBDhTPj2CdKLUzkpzyTLmEsqP8eq9CwHOEsf8DzimnI="},"lastRemoteEphemeralKey":"BfNXo4DndnRfe0+F1sGj5WChvcqxBwMCmdbYXIOvU6tw","previousCounter":0,"rootKey":"rWYHoHjPtFmo4HyL/7GvnV34+ve1VSTsLsciQlNHbro="},"indexInfo":{"baseKey":"BS0/s6mZiQnJZBGWUIvjg/EzNCdbi6uuisCJPfiqiPgR","baseKeyType":1,"closed":1746721118510,"used":1746721087256,"created":1746721087256,"remoteIdentityKey":"BZLGftntVxUtlGmuqeZUjBcNDXs0SyrVtgpEudrP0IVM"},"_chains":{"BRaVtwhp3WR0zfcqgFGo3oWpw8ryLB3KENLnb7+HXBcC":{"chainKey":{"counter":0,"key":"yq5DB+LwSh+tPL8jN5V+X0ZvukefbmqKc2XMnT/3334="},"chainType":1,"messageKeys":{}}},"pendingPreKey":{"signedKeyId":7,"baseKey":"BS0/s6mZiQnJZBGWUIvjg/EzNCdbi6uuisCJPfiqiPgR"}},"BZUJb1JDk1Di1nz0U6FsfMuE4XaT7UNbNPHfxx6NmnAP":{"registrationId":170476687,"currentRatchet":{"ephemeralKeyPair":{"pubKey":"BXKDFc4BkR0yhSJXqMx6SIaoCAP7JUbwHHCA3APHKWpx","privKey":"IOXb4hPvp3GNMI7y0QeB1h1RiHvd57FKaZBsN+NYcFQ="},"lastRemoteEphemeralKey":"BfNXo4DndnRfe0+F1sGj5WChvcqxBwMCmdbYXIOvU6tw","previousCounter":0,"rootKey":"xIxs/Z604rM7kzLj6albkFTmvpWYzsrJcnS4rH0OAQw="},"indexInfo":{"baseKey":"BZUJb1JDk1Di1nz0U6FsfMuE4XaT7UNbNPHfxx6NmnAP","baseKeyType":1,"closed":-1,"used":1746721118270,"created":1746721118270,"remoteIdentityKey":"BZLGftntVxUtlGmuqeZUjBcNDXs0SyrVtgpEudrP0IVM"},"_chains":{"BXKDFc4BkR0yhSJXqMx6SIaoCAP7JUbwHHCA3APHKWpx":{"chainKey":{"counter":2,"key":"Q9hIxdBrGLD1TRfikBXeWg8RnQrKwvuA7GaGubE4D7A="},"chainType":1,"messageKeys":{}}},"pendingPreKey":{"signedKeyId":7,"baseKey":"BZUJb1JDk1Di1nz0U6FsfMuE4XaT7UNbNPHfxx6NmnAP"}}},"version":"v1"}