{"_sessions":{"Bfc4fBaM5iO+SKgHPx/RMEC/eV9oN2NEIwmDUdC6Ax1I":{"registrationId":192173031,"currentRatchet":{"ephemeralKeyPair":{"pubKey":"Bae2+Aggtl8lXN+qiiJIsubWj0dXLrMtPod9TrmDtdNI","privKey":"SEIO2WTd6qqhEQL0Ng6kEZYYBR4dQfrJDv/7ZHoiOlQ="},"lastRemoteEphemeralKey":"BUZeACmo4Gw3NGCmpqHQF3gRkuQ+ln1ZnpRfH7qZUWgc","previousCounter":0,"rootKey":"9rs4i7NmCmebAKNweL5QcDnNaDnGPzJegVrBSIsSaYo="},"indexInfo":{"baseKey":"Bfc4fBaM5iO+SKgHPx/RMEC/eV9oN2NEIwmDUdC6Ax1I","baseKeyType":1,"closed":1746721114799,"used":1746721083849,"created":1746721083849,"remoteIdentityKey":"BU9G28GB3xpjlPs8UndBSEqNBJ49YC7ALYXw/H+ReMYM"},"_chains":{"Bae2+Aggtl8lXN+qiiJIsubWj0dXLrMtPod9TrmDtdNI":{"chainKey":{"counter":0,"key":"28sRmnWLFSkBa2gMvuZtlUghs1VyZCC608SOblOxyCs="},"chainType":1,"messageKeys":{}}},"pendingPreKey":{"signedKeyId":5590933,"baseKey":"Bfc4fBaM5iO+SKgHPx/RMEC/eV9oN2NEIwmDUdC6Ax1I","preKeyId":13909}},"BeANpR4POnac/HrzDS81yrymLDKYwDHl5cKUOsfN1Txm":{"registrationId":192173031,"currentRatchet":{"ephemeralKeyPair":{"pubKey":"Bdg7cwAsZCNBmhbiKF+i5f1mT/0y0cnyNgSZzsHyzlV5","privKey":"eGK3n1BwU6rhWxVHcOu635+/BGww7fDx8eguLp673Ww="},"lastRemoteEphemeralKey":"BUZeACmo4Gw3NGCmpqHQF3gRkuQ+ln1ZnpRfH7qZUWgc","previousCounter":0,"rootKey":"/rDKB/u6ya0C7GQONOSDK+SYhTazn8aelVCfxi8OZIg="},"indexInfo":{"baseKey":"BeANpR4POnac/HrzDS81yrymLDKYwDHl5cKUOsfN1Txm","baseKeyType":1,"closed":-1,"used":1746721114609,"created":1746721114609,"remoteIdentityKey":"BU9G28GB3xpjlPs8UndBSEqNBJ49YC7ALYXw/H+ReMYM"},"_chains":{"Bdg7cwAsZCNBmhbiKF+i5f1mT/0y0cnyNgSZzsHyzlV5":{"chainKey":{"counter":2,"key":"GQH68D69pu2iJnh3IRXAebSxs8dAYJJP9Yt9wDZtBjk="},"chainType":1,"messageKeys":{}}},"pendingPreKey":{"signedKeyId":5590933,"baseKey":"BeANpR4POnac/HrzDS81yrymLDKYwDHl5cKUOsfN1Txm","preKeyId":13947}}},"version":"v1"}