{"_sessions":{"Be91bk3/0Ys0BawSvMxnAhoBptx2VuiCATIqWVF+hulu":{"registrationId":1519697127,"currentRatchet":{"ephemeralKeyPair":{"pubKey":"BQ59qxIltI/sVZ0T80ag2aGcCPY9fmZIcYEOL1nOTL4/","privKey":"CL4WXBJ4tBDklHYDSuozWW0vghD8LfXC2aBhw8UJrHI="},"lastRemoteEphemeralKey":"BVE7gf2tLh8id2dgyUCVX4bDz6Hk0uXbjvO2TUvZZuV9","previousCounter":0,"rootKey":"vKZ5OnUqMqGVhVan3nIH9XN2KSpeLSy2/TSmSQf63hE="},"indexInfo":{"baseKey":"Be91bk3/0Ys0BawSvMxnAhoBptx2VuiCATIqWVF+hulu","baseKeyType":1,"closed":1746721107763,"used":1746721075782,"created":1746721075782,"remoteIdentityKey":"BRsT4nJHWQgQxqRg79iD0fDONb5wUOLIzRezznAbhQNl"},"_chains":{"BQ59qxIltI/sVZ0T80ag2aGcCPY9fmZIcYEOL1nOTL4/":{"chainKey":{"counter":0,"key":"MA5aB/M4eABPB2xYJiRuIlDFxA2J2n5wbfg/y38GUiQ="},"chainType":1,"messageKeys":{}}},"pendingPreKey":{"signedKeyId":8,"baseKey":"Be91bk3/0Ys0BawSvMxnAhoBptx2VuiCATIqWVF+hulu","preKeyId":5148749}},"BXEKHD+SzqsZtRavqROkXJEdDNYK/pN+Wx61xruqkntH":{"registrationId":1519697127,"currentRatchet":{"ephemeralKeyPair":{"pubKey":"BQBZRBVVrDB3E4V/LLLcO7v9xBHb5KraTnGeP+yiQz4e","privKey":"+IJtE4BqRDwbCGGizSUoa0JW83HAR/DwGQsfqruFiX0="},"lastRemoteEphemeralKey":"BVE7gf2tLh8id2dgyUCVX4bDz6Hk0uXbjvO2TUvZZuV9","previousCounter":0,"rootKey":"ojRXsdpr5XBADoKayjWk3jOoZMwGz5COozdis++Ppf8="},"indexInfo":{"baseKey":"BXEKHD+SzqsZtRavqROkXJEdDNYK/pN+Wx61xruqkntH","baseKeyType":1,"closed":-1,"used":1746721107353,"created":1746721107353,"remoteIdentityKey":"BRsT4nJHWQgQxqRg79iD0fDONb5wUOLIzRezznAbhQNl"},"_chains":{"BQBZRBVVrDB3E4V/LLLcO7v9xBHb5KraTnGeP+yiQz4e":{"chainKey":{"counter":2,"key":"n5RwZHhiA6k4uayakH+PAwG7fUbSKOfWUznNNp2IImU="},"chainType":1,"messageKeys":{}}},"pendingPreKey":{"signedKeyId":8,"baseKey":"BXEKHD+SzqsZtRavqROkXJEdDNYK/pN+Wx61xruqkntH","preKeyId":5148957}}},"version":"v1"}