{"_sessions":{"BU0FeJmd/7xx47tWXV5PboyEz67cYwKQHqJSKdFLnipi":{"registrationId":39407218,"currentRatchet":{"ephemeralKeyPair":{"pubKey":"Bb7nO90wnRUYVDkRLXC/x2dDSuQC1FQrL59zkFadnqMw","privKey":"wEKHQtFu7nJJBo03au5xR2ErpQpHL3LgJ8AddtLUaGo="},"lastRemoteEphemeralKey":"BSuCxQDHhmF8rHjzjBf1CRm6imtDbpHVo4pYYyEHFt8m","previousCounter":0,"rootKey":"wZdC4zs1yml173QrcJk3yryG/R0Bp71C+I4dOM6k+Ns="},"indexInfo":{"baseKey":"BU0FeJmd/7xx47tWXV5PboyEz67cYwKQHqJSKdFLnipi","baseKeyType":1,"closed":1746721118498,"used":1746721087214,"created":1746721087214,"remoteIdentityKey":"BZs/0DRSmaaAMySWZzHZQoidn6W54uZbWbjpOP+Db85d"},"_chains":{"Bb7nO90wnRUYVDkRLXC/x2dDSuQC1FQrL59zkFadnqMw":{"chainKey":{"counter":0,"key":"GJ6chw6gWT5yA0Nuf5D6H2RXDY0BIr4XJ02bh7kQbb4="},"chainType":1,"messageKeys":{}}},"pendingPreKey":{"signedKeyId":0,"baseKey":"BU0FeJmd/7xx47tWXV5PboyEz67cYwKQHqJSKdFLnipi","preKeyId":4539193}},"BRBSkfzOifFNkB1HWPGLs50BNc20UCzg6HWDcrZP6c83":{"registrationId":39407218,"currentRatchet":{"ephemeralKeyPair":{"pubKey":"BR0kaZvK6d0Z2zBlkRkKr5xSSLLxX2R3+F7CvubNgHlP","privKey":"aJlXSSQVjHId0OsVLpir3FDhz/QLVSNTdBArKChF+Hs="},"lastRemoteEphemeralKey":"BSuCxQDHhmF8rHjzjBf1CRm6imtDbpHVo4pYYyEHFt8m","previousCounter":0,"rootKey":"0pTRWt1fGIS27xzHFdciaCKykQbKJrZf59REddo28hY="},"indexInfo":{"baseKey":"BRBSkfzOifFNkB1HWPGLs50BNc20UCzg6HWDcrZP6c83","baseKeyType":1,"closed":-1,"used":1746721118219,"created":1746721118219,"remoteIdentityKey":"BZs/0DRSmaaAMySWZzHZQoidn6W54uZbWbjpOP+Db85d"},"_chains":{"BR0kaZvK6d0Z2zBlkRkKr5xSSLLxX2R3+F7CvubNgHlP":{"chainKey":{"counter":2,"key":"IOo4T1aJ7egOiYWbyW+I1GYiNoJxF4dfs9AxGDdQIiE="},"chainType":1,"messageKeys":{}}},"pendingPreKey":{"signedKeyId":0,"baseKey":"BRBSkfzOifFNkB1HWPGLs50BNc20UCzg6HWDcrZP6c83","preKeyId":4539116}}},"version":"v1"}