{"_sessions":{"BX0EQ+GnsXpN7ZZQGPrSTA50rY23GcUg0agjH6oQY3os":{"registrationId":273232405,"currentRatchet":{"ephemeralKeyPair":{"pubKey":"BV5pBfxtCd4DVPIGd1MZ96e7wO3lbjyP+7mKSgSsYY8l","privKey":"YCmu8gwfEq2vTr8m1jRIhjbJJ9RStpwD1lbBI/+OvVg="},"lastRemoteEphemeralKey":"BZjXKSUxlEVtZ99XE3BAbxpezI9QI0OiMuz9m8xe8MML","previousCounter":0,"rootKey":"jsD96CuWHF0LqPZFYmvFWonxiQTnVzCgyxIq9TUeVYQ="},"indexInfo":{"baseKey":"BX0EQ+GnsXpN7ZZQGPrSTA50rY23GcUg0agjH6oQY3os","baseKeyType":1,"closed":1746721099125,"used":1746721068886,"created":1746721068886,"remoteIdentityKey":"BTDM/YrV07/l5uxbxtUyxcaKw0aIpiXwI4yV+LDyGRpS"},"_chains":{"BV5pBfxtCd4DVPIGd1MZ96e7wO3lbjyP+7mKSgSsYY8l":{"chainKey":{"counter":0,"key":"roC1PVrhZBjq4xHS2Zp7f0Yzv7WzFVjsYFU0d6JhqzI="},"chainType":1,"messageKeys":{}}},"pendingPreKey":{"signedKeyId":12293625,"baseKey":"BX0EQ+GnsXpN7ZZQGPrSTA50rY23GcUg0agjH6oQY3os","preKeyId":654}},"BR+Heod4su29i1xHiWHp04XRgVnN3Gw0Hj3KudvuEoJ0":{"registrationId":273232405,"currentRatchet":{"ephemeralKeyPair":{"pubKey":"BZAxDPFB3+OYXCi8kLYsp7iCkUYJPuoMWnTOXYAznw5G","privKey":"+A+wHSQbSwCAl4c7+Ek1xM4lhuBMcCD981mnTCmJAHU="},"lastRemoteEphemeralKey":"BZjXKSUxlEVtZ99XE3BAbxpezI9QI0OiMuz9m8xe8MML","previousCounter":0,"rootKey":"l3mTTWKN9Lv9U0w2ZGxv8Oo0Fbli3d4jwaBwTvjwtSQ="},"indexInfo":{"baseKey":"BR+Heod4su29i1xHiWHp04XRgVnN3Gw0Hj3KudvuEoJ0","baseKeyType":1,"closed":-1,"used":1746721098585,"created":1746721098585,"remoteIdentityKey":"BTDM/YrV07/l5uxbxtUyxcaKw0aIpiXwI4yV+LDyGRpS"},"_chains":{"BZAxDPFB3+OYXCi8kLYsp7iCkUYJPuoMWnTOXYAznw5G":{"chainKey":{"counter":2,"key":"ev/jFZ8qOT/BHC3w+nPomF2v6Jpg4wL+UXoT5B5cAjU="},"chainType":1,"messageKeys":{}}},"pendingPreKey":{"signedKeyId":12293625,"baseKey":"BR+Heod4su29i1xHiWHp04XRgVnN3Gw0Hj3KudvuEoJ0","preKeyId":510}}},"version":"v1"}