{"_sessions":{"BQm2eDylXYzOLw5CnQqcPNDlreINQfBy2K7uwCq+H7V7":{"registrationId":1198257256,"currentRatchet":{"ephemeralKeyPair":{"pubKey":"Bfe86PbDnYKq2u95eM1Wfbk6nHGW07T13sVouz7o94ZS","privKey":"KHxq4IhO+U38TcFmM9KUjAvdzMKpNM/WQRqLcOZNSkk="},"lastRemoteEphemeralKey":"BZO4XuOM2z9llM3z7FlV+x4EkNbNDpYMQqTArREOaTlI","previousCounter":0,"rootKey":"Px3djix9Sq5WDwMehxSFCyFocuDAjUpVoUEPkwKuPrc="},"indexInfo":{"baseKey":"BQm2eDylXYzOLw5CnQqcPNDlreINQfBy2K7uwCq+H7V7","baseKeyType":1,"closed":-1,"used":1746714539815,"created":1746714539815,"remoteIdentityKey":"BbzEo/mpFmJ1rOLN6aaxBoEw29fk5asJkwgHfJM6k8d8"},"_chains":{"Bfe86PbDnYKq2u95eM1Wfbk6nHGW07T13sVouz7o94ZS":{"chainKey":{"counter":0,"key":"Gt65YXn2SpjvgIFCwexjCk2MO9Hffa5KSO0Fm68nPrQ="},"chainType":1,"messageKeys":{}}},"pendingPreKey":{"signedKeyId":1,"baseKey":"BQm2eDylXYzOLw5CnQqcPNDlreINQfBy2K7uwCq+H7V7","preKeyId":6365845}}},"version":"v1"}