{"_sessions":{"BWPLotij+703ffVvfz+RMmjskJEeNXjH2rXV1e9qx64v":{"registrationId":36,"currentRatchet":{"ephemeralKeyPair":{"pubKey":"BTFHnJ3XCshzoovLLkZhCRCpsGzE7tyKACKL63HS4vFK","privKey":"qOaDEyeGQ5nEDe5AvR/UP8AHD6y3ZOWOW3ZtZbW/XXg="},"lastRemoteEphemeralKey":"BWYC17myF3uVQLE+CzCAlgNVZ6Q9lD3GifSTxsU9g4x+","previousCounter":0,"rootKey":"Q2Ek6pT9bmb1u5PSDyd081cCQrnsxiUc+DSjGRsmzD8="},"indexInfo":{"baseKey":"BWPLotij+703ffVvfz+RMmjskJEeNXjH2rXV1e9qx64v","baseKeyType":1,"closed":-1,"used":1746714522259,"created":1746714522259,"remoteIdentityKey":"BTlE4IWqjTxYWBHGSfye1MR8pi4hLc6s5Hp+6A3NV5oO"},"_chains":{"BTFHnJ3XCshzoovLLkZhCRCpsGzE7tyKACKL63HS4vFK":{"chainKey":{"counter":0,"key":"8Ttdnpt8jNq27/NMVCRmOfIQSJZ/juH/auPVZT90Xeg="},"chainType":1,"messageKeys":{}}},"pendingPreKey":{"signedKeyId":1,"baseKey":"BWPLotij+703ffVvfz+RMmjskJEeNXjH2rXV1e9qx64v"}}},"version":"v1"}