{"_sessions":{"Bfywl3P7bkaVSXk5RyaIBMETkx6Ax580q5Uc2xdcDwcN":{"registrationId":2135866149,"currentRatchet":{"ephemeralKeyPair":{"pubKey":"BQsDI24v36TrJjJz3CnySMCj3qd+gVFWjKX/Je9PjLJ6","privKey":"WC3znapf7fNxUTfwc68ZFnH3UQI2TAXcXR52TZsl11E="},"lastRemoteEphemeralKey":"BRxf7wJvAgHALEzT/+S2z4aRemopVfudam+fqkcLXgYL","previousCounter":0,"rootKey":"s8LOIDS/+fHSMjhT/rXr9QfNWujcosNUycrsq9HgaW0="},"indexInfo":{"baseKey":"Bfywl3P7bkaVSXk5RyaIBMETkx6Ax580q5Uc2xdcDwcN","baseKeyType":1,"closed":1746721107771,"used":1746721075813,"created":1746721075813,"remoteIdentityKey":"BZ4X+8xvbxQCdB1SGd9acPsTv2WHcob1B0HINN0ilwxY"},"_chains":{"BQsDI24v36TrJjJz3CnySMCj3qd+gVFWjKX/Je9PjLJ6":{"chainKey":{"counter":0,"key":"VPb+zeGMg5AR+N3b8YdTr0CeFYOUkFgLxly/rTp9Q4A="},"chainType":1,"messageKeys":{}}},"pendingPreKey":{"signedKeyId":10,"baseKey":"Bfywl3P7bkaVSXk5RyaIBMETkx6Ax580q5Uc2xdcDwcN","preKeyId":5371796}},"BU0d4IsFkOvD6biEUarlzvqF6T6RhrMy8Mae/F6D0BJY":{"registrationId":2135866149,"currentRatchet":{"ephemeralKeyPair":{"pubKey":"BZmbbRXX8OYrHStV7cx75J/O8AwpFRlSw/k+UXegTVRH","privKey":"4GzPIGtIAwWSQ7CimkdNAY+W+W2RxOWiPInJvZCwr1Q="},"lastRemoteEphemeralKey":"BRxf7wJvAgHALEzT/+S2z4aRemopVfudam+fqkcLXgYL","previousCounter":0,"rootKey":"9/p/oeOu1wUr0ELT+IqULApK6Rqc/jHgodau48OS9kM="},"indexInfo":{"baseKey":"BU0d4IsFkOvD6biEUarlzvqF6T6RhrMy8Mae/F6D0BJY","baseKeyType":1,"closed":-1,"used":1746721107378,"created":1746721107378,"remoteIdentityKey":"BZ4X+8xvbxQCdB1SGd9acPsTv2WHcob1B0HINN0ilwxY"},"_chains":{"BZmbbRXX8OYrHStV7cx75J/O8AwpFRlSw/k+UXegTVRH":{"chainKey":{"counter":2,"key":"oIii9tSPnoeGF33ZUlPDUfyXaEdCpzFiZ3/q3ajiH/g="},"chainType":1,"messageKeys":{}}},"pendingPreKey":{"signedKeyId":10,"baseKey":"BU0d4IsFkOvD6biEUarlzvqF6T6RhrMy8Mae/F6D0BJY","preKeyId":5371151}}},"version":"v1"}