{"_sessions":{"BaSNdGsisgSOPm40NG3JtFC2tPO3DmY4M9QodIiGuBVJ":{"registrationId":1248167468,"currentRatchet":{"ephemeralKeyPair":{"pubKey":"Bes4fRkmsUqBrjTITqQnMDpOD65weKr5/PQlSMBxhSV+","privKey":"GOCdymbptjw19cK9cpN9lCmonsvybRDkHjUi62/3nWg="},"lastRemoteEphemeralKey":"BTlW4zCc0UzfsFXkkyhvaRVkC9z9JxVzFSnhaTo7E0he","previousCounter":0,"rootKey":"GjYUyI3xwNoBqqKRSX/3sQhsSNbI08N0VAGGWoSEnrc="},"indexInfo":{"baseKey":"BaSNdGsisgSOPm40NG3JtFC2tPO3DmY4M9QodIiGuBVJ","baseKeyType":1,"closed":1746721114804,"used":1746721083866,"created":1746721083866,"remoteIdentityKey":"BV8Jmh2WEez8hm6qOeJG/AfxMgP3MwiTxhnb+RQeF58y"},"_chains":{"Bes4fRkmsUqBrjTITqQnMDpOD65weKr5/PQlSMBxhSV+":{"chainKey":{"counter":0,"key":"hKvbkIVyCbDwGKN25eSsyvrnz/UVWQJ/wiS/tKxeIvM="},"chainType":1,"messageKeys":{}}},"pendingPreKey":{"signedKeyId":0,"baseKey":"BaSNdGsisgSOPm40NG3JtFC2tPO3DmY4M9QodIiGuBVJ","preKeyId":5995575}},"BX8Zj4k8eb0OsVeYAdrpUYuAlE5sd0l99JAa9QH4r9xq":{"registrationId":1248167468,"currentRatchet":{"ephemeralKeyPair":{"pubKey":"BTGS7dknRASNbbzOTHFVzNCSJpjP8aNeOj4nGxNN3eRy","privKey":"wJxALQzyq/sG0TOuN03m9joDXvg3og68iLtn5Wt2SVo="},"lastRemoteEphemeralKey":"BTlW4zCc0UzfsFXkkyhvaRVkC9z9JxVzFSnhaTo7E0he","previousCounter":0,"rootKey":"chzjmP5nWkl+azrcnCK9iMBmUgPtzpbuJXO8XZd+STI="},"indexInfo":{"baseKey":"BX8Zj4k8eb0OsVeYAdrpUYuAlE5sd0l99JAa9QH4r9xq","baseKeyType":1,"closed":-1,"used":1746721114626,"created":1746721114626,"remoteIdentityKey":"BV8Jmh2WEez8hm6qOeJG/AfxMgP3MwiTxhnb+RQeF58y"},"_chains":{"BTGS7dknRASNbbzOTHFVzNCSJpjP8aNeOj4nGxNN3eRy":{"chainKey":{"counter":2,"key":"FE1rZnuzUUiwScbMKDy84sCBetzxEELOBptbzz4qAHk="},"chainType":1,"messageKeys":{}}},"pendingPreKey":{"signedKeyId":0,"baseKey":"BX8Zj4k8eb0OsVeYAdrpUYuAlE5sd0l99JAa9QH4r9xq","preKeyId":5995615}}},"version":"v1"}