{"_sessions":{"BewOv+1D0gXsqLsl1MxwN2rGA9s9TlUXN1GdgJ51cI0w":{"registrationId":856814826,"currentRatchet":{"ephemeralKeyPair":{"pubKey":"BbdNg3ZqbK8LhDeA83Ub8pTmKlCEsKePlI+EWPEocBMw","privKey":"YME/UkiAKaAVRmkuLqv/2Lj0I/QZ83GnBLVuGMj+okI="},"lastRemoteEphemeralKey":"Bf3jC+h+8Ea7aqQ+2IP1c5Kd0hoEBcZzhxvkEsSn+9YT","previousCounter":0,"rootKey":"VPGdxkgB3LTCwc7ZAdnC3i0miZLKF1xzOOcwN4Z5iCw="},"indexInfo":{"baseKey":"BewOv+1D0gXsqLsl1MxwN2rGA9s9TlUXN1GdgJ51cI0w","baseKeyType":1,"closed":-1,"used":1746714532589,"created":1746714532589,"remoteIdentityKey":"Beg9O0j7o4IkboTYemyAZIMA9qUWQglZFo6vWKvYBxZ2"},"_chains":{"BbdNg3ZqbK8LhDeA83Ub8pTmKlCEsKePlI+EWPEocBMw":{"chainKey":{"counter":0,"key":"oJdjatUQsDmbBxEWeBsoDcY+KA/QglhxpN7e2yIGk18="},"chainType":1,"messageKeys":{}}},"pendingPreKey":{"signedKeyId":6,"baseKey":"BewOv+1D0gXsqLsl1MxwN2rGA9s9TlUXN1GdgJ51cI0w"}}},"version":"v1"}