{"_sessions":{"BWoP7COnlPOMiDq+C0L0rY6rWCqX0+sZKGiIN4rEnR90":{"registrationId":1064752890,"currentRatchet":{"ephemeralKeyPair":{"pubKey":"BbQ66rWIHf/ye5ZTSD54WFbnu7XX7lz5D1Y4q36b5CkA","privKey":"CC8gSfD3Tfebunc+ZDK337LF5wCwyHSG0qbEfSbbhUg="},"lastRemoteEphemeralKey":"BVHAiGQsaJIZIZ/9VCfWoDLAQwb4EW5zJNh1aUorLEw3","previousCounter":0,"rootKey":"5WmzfiLOSKyMsOUIsNxAZ0Oce4v57KUlzvNopr9+KRA="},"indexInfo":{"baseKey":"BWoP7COnlPOMiDq+C0L0rY6rWCqX0+sZKGiIN4rEnR90","baseKeyType":1,"closed":-1,"used":1746714529227,"created":1746714529227,"remoteIdentityKey":"BV8//jTdmMabEZ6u2mSa938H1fx2jfT+ZqjpfrkQ36YG"},"_chains":{"BbQ66rWIHf/ye5ZTSD54WFbnu7XX7lz5D1Y4q36b5CkA":{"chainKey":{"counter":0,"key":"W0Nm3LgGA04aQy8Z7nqOLweH8VGLjk81/ZM3LhGIzpY="},"chainType":1,"messageKeys":{}}},"pendingPreKey":{"signedKeyId":7,"baseKey":"BWoP7COnlPOMiDq+C0L0rY6rWCqX0+sZKGiIN4rEnR90","preKeyId":3385129}}},"version":"v1"}