{"_sessions":{"BZ8dl160w/4ON8GRuvn8my7UKTkmUpOD5+1f/hmR6ZQ9":{"registrationId":1665536563,"currentRatchet":{"ephemeralKeyPair":{"pubKey":"BVPNhoaRsfIp+oJPxCtqEjkKC83cuwQbYqm1o7e+u9kw","privKey":"qLwNpRB3xFIYJpcrQwueW3FOIlzr3tuRgGPaPFbktH4="},"lastRemoteEphemeralKey":"BRZB3apgWk4ZeNSVtgnDZjCXy38+qD23p/N4e8S936dr","previousCounter":0,"rootKey":"ssXKKUXkvRB6u0qkrKdaSyLUv/Z3Jc698A7EFTSbpZQ="},"indexInfo":{"baseKey":"BZ8dl160w/4ON8GRuvn8my7UKTkmUpOD5+1f/hmR6ZQ9","baseKeyType":1,"closed":1746721122217,"used":1746721090403,"created":1746721090403,"remoteIdentityKey":"BQvLjmJlfZSPT9+SuNN83QIQGneTnqqyldbpqp4ik4M4"},"_chains":{"BVPNhoaRsfIp+oJPxCtqEjkKC83cuwQbYqm1o7e+u9kw":{"chainKey":{"counter":0,"key":"4+1yO0LczrYoBntCJ1tcISnCkVM7BZLgFusIuFhEuko="},"chainType":1,"messageKeys":{}}},"pendingPreKey":{"signedKeyId":6880421,"baseKey":"BZ8dl160w/4ON8GRuvn8my7UKTkmUpOD5+1f/hmR6ZQ9","preKeyId":2013}},"BdHfVv1Rg6stLClyT0mSmQxBW7wyTa0obzB1rkZflbMB":{"registrationId":1665536563,"currentRatchet":{"ephemeralKeyPair":{"pubKey":"BeCCJXywA78SKHVn1M6nLTTvG4AfCQs2IVkOpjwo8oNr","privKey":"OJiy2+0oSTj/V6hf6j37eZEQt1VnZBniMthLswBilFg="},"lastRemoteEphemeralKey":"BRZB3apgWk4ZeNSVtgnDZjCXy38+qD23p/N4e8S936dr","previousCounter":0,"rootKey":"pTUFhi5b7QneNVZunoHztJUTRH/HzL1PdHHUu3qgh3w="},"indexInfo":{"baseKey":"BdHfVv1Rg6stLClyT0mSmQxBW7wyTa0obzB1rkZflbMB","baseKeyType":1,"closed":-1,"used":1746721121751,"created":1746721121751,"remoteIdentityKey":"BQvLjmJlfZSPT9+SuNN83QIQGneTnqqyldbpqp4ik4M4"},"_chains":{"BeCCJXywA78SKHVn1M6nLTTvG4AfCQs2IVkOpjwo8oNr":{"chainKey":{"counter":2,"key":"VDkfFmd91Ah+AC6abZCNsKYKuK7TII/M37yZG+YcI9A="},"chainType":1,"messageKeys":{}}},"pendingPreKey":{"signedKeyId":6880421,"baseKey":"BdHfVv1Rg6stLClyT0mSmQxBW7wyTa0obzB1rkZflbMB","preKeyId":2021}}},"version":"v1"}