{"_sessions":{"BYWGRFeCprJe0yjF9JUNl7u0eZgedqeLqFHmGDNlmmVi":{"registrationId":6614,"currentRatchet":{"ephemeralKeyPair":{"pubKey":"BcCpM65YVrqYrjOxFvIwROmASoHA9JkFOJHgQr1NN/Mg","privKey":"MHYaJvw9hi6+1C8KvIXgtmtzi75gE9VM42qi+N3rgmo="},"lastRemoteEphemeralKey":"Be178jsQzC2f56hrNSN2JDea/7VhjOfCwL5wZG3uVgtM","previousCounter":0,"rootKey":"3jQBlggvSKM3VnsTS6uIjLh+D68Blcp2tWcsHR1ufkA="},"indexInfo":{"baseKey":"BYWGRFeCprJe0yjF9JUNl7u0eZgedqeLqFHmGDNlmmVi","baseKeyType":1,"closed":-1,"used":1746714522239,"created":1746714522239,"remoteIdentityKey":"BSYcDGFY69E7EaKh8XDSn+9FXcAVHS1FvnOslCHsKnFx"},"_chains":{"BcCpM65YVrqYrjOxFvIwROmASoHA9JkFOJHgQr1NN/Mg":{"chainKey":{"counter":0,"key":"rxejJ3GIJ/Q7uHfnPje0egob+hE97j7MXKMZE58P+BQ="},"chainType":1,"messageKeys":{}}},"pendingPreKey":{"signedKeyId":1,"baseKey":"BYWGRFeCprJe0yjF9JUNl7u0eZgedqeLqFHmGDNlmmVi"}}},"version":"v1"}