{"_sessions":{"BaPVSNqwTl7PvHSGnxUpv7Y7gQ1CgZyTun2VHgYlSi4m":{"registrationId":1505431118,"currentRatchet":{"ephemeralKeyPair":{"pubKey":"BUSFmZ32PIjGpwCkkEmeID7y0Mlh5mBFYDeKnwpyC8ct","privKey":"sL4IHm7pmEbE5t1RSamNiTuEUMJPuKbiMGanYTVOGXU="},"lastRemoteEphemeralKey":"BTHDdcmibVD1orGsFv4ou7uddT2saP7RgPx2+35xuPBe","previousCounter":0,"rootKey":"FPPqB6GNZn5zwCYzPsCbvYr2MPpbbfvFpU55y1iiOD0="},"indexInfo":{"baseKey":"BaPVSNqwTl7PvHSGnxUpv7Y7gQ1CgZyTun2VHgYlSi4m","baseKeyType":1,"closed":1746721111338,"used":1746721080130,"created":1746721080130,"remoteIdentityKey":"BUBhISWsgh/yCNvLnAruhNjGs4KSTMW9smogcXpA3/J8"},"_chains":{"BUSFmZ32PIjGpwCkkEmeID7y0Mlh5mBFYDeKnwpyC8ct":{"chainKey":{"counter":0,"key":"TDEDePsJt81OCaVqUo1Fqhn0o0P+nE5NV7Gs4d/XQgs="},"chainType":1,"messageKeys":{}}},"pendingPreKey":{"signedKeyId":7,"baseKey":"BaPVSNqwTl7PvHSGnxUpv7Y7gQ1CgZyTun2VHgYlSi4m","preKeyId":6469141}},"BfJiFX4ASZBB/i1qMqF5jHbshiBEcnAOiPkfcN/UHnpw":{"registrationId":1505431118,"currentRatchet":{"ephemeralKeyPair":{"pubKey":"BewacPAsZ/ecGdig956STaFd8q/IeSHFhZ8iQfu6jyJe","privKey":"GOKVxv5o5WgWV1njRPt3NFw4GY7sNzHtI5PzejK7yl0="},"lastRemoteEphemeralKey":"BTHDdcmibVD1orGsFv4ou7uddT2saP7RgPx2+35xuPBe","previousCounter":0,"rootKey":"J9N5ymYhx/L+De5UC/whQkiVO3QwWdnEVSgAjU8IChk="},"indexInfo":{"baseKey":"BfJiFX4ASZBB/i1qMqF5jHbshiBEcnAOiPkfcN/UHnpw","baseKeyType":1,"closed":-1,"used":1746721111070,"created":1746721111070,"remoteIdentityKey":"BUBhISWsgh/yCNvLnAruhNjGs4KSTMW9smogcXpA3/J8"},"_chains":{"BewacPAsZ/ecGdig956STaFd8q/IeSHFhZ8iQfu6jyJe":{"chainKey":{"counter":2,"key":"VPesjrrhgZ+rtJk/BcuBpeOUEGT0pAK5h0v2MvApMTc="},"chainType":1,"messageKeys":{}}},"pendingPreKey":{"signedKeyId":7,"baseKey":"BfJiFX4ASZBB/i1qMqF5jHbshiBEcnAOiPkfcN/UHnpw","preKeyId":6469561}}},"version":"v1"}