{"_sessions":{"Bf7JMj456tgh3jgcI52VfC/WbHkhKnQ3GLykmWqEDaxp":{"registrationId":1851841387,"currentRatchet":{"ephemeralKeyPair":{"pubKey":"BXrREngeaWLtpy4R1d1DHf0wtwD5E07Tga8cwsAQF/9P","privKey":"WJol8DPlY4EQdipIDLpG0fjbwboZjo3LF4jxm6jDUU0="},"lastRemoteEphemeralKey":"BQeCQpmlu5rkQZLDF/dpgwZTJuEEzBesqQqCrWlsewwS","previousCounter":0,"rootKey":"Sgt1FhsXIwbLaeLhZEzLMxohG6qXdtFfjoSGsnjZeRM="},"indexInfo":{"baseKey":"Bf7JMj456tgh3jgcI52VfC/WbHkhKnQ3GLykmWqEDaxp","baseKeyType":1,"closed":1746721099462,"used":1746721069246,"created":1746721069246,"remoteIdentityKey":"BZHYQI9Rzv2CRp1dngvqbYOVSOdHIPsMdL3C05jzkj9i"},"_chains":{"BXrREngeaWLtpy4R1d1DHf0wtwD5E07Tga8cwsAQF/9P":{"chainKey":{"counter":0,"key":"GJBXICbI/W606XNinpA4tMpYtF5LtoBqSr2yxCV2+CA="},"chainType":1,"messageKeys":{}}},"pendingPreKey":{"signedKeyId":1,"baseKey":"Bf7JMj456tgh3jgcI52VfC/WbHkhKnQ3GLykmWqEDaxp","preKeyId":2822750}},"Ba2QGkzmg6ZQU5n6tFMRtDK/CU99bR/GADUCHSu2BVIa":{"registrationId":1851841387,"currentRatchet":{"ephemeralKeyPair":{"pubKey":"Bdy3OCVmuOrTF3tk8YhG1EiOOZhiA0KwWrvfprYy9QVW","privKey":"qM38ZIn6n0KvtYsycJj4XtMjIAchAKjLjh6x2mL+BEI="},"lastRemoteEphemeralKey":"BQeCQpmlu5rkQZLDF/dpgwZTJuEEzBesqQqCrWlsewwS","previousCounter":0,"rootKey":"wpJRwo0UcWGojKSULc9WyvLuuKl0QF8s+UDpN2n1jok="},"indexInfo":{"baseKey":"Ba2QGkzmg6ZQU5n6tFMRtDK/CU99bR/GADUCHSu2BVIa","baseKeyType":1,"closed":-1,"used":1746721098899,"created":1746721098899,"remoteIdentityKey":"BZHYQI9Rzv2CRp1dngvqbYOVSOdHIPsMdL3C05jzkj9i"},"_chains":{"Bdy3OCVmuOrTF3tk8YhG1EiOOZhiA0KwWrvfprYy9QVW":{"chainKey":{"counter":2,"key":"V5GRBKugq4U305xmY3UD5Yp70/ttshLoTl08NHDBnso="},"chainType":1,"messageKeys":{}}},"pendingPreKey":{"signedKeyId":1,"baseKey":"Ba2QGkzmg6ZQU5n6tFMRtDK/CU99bR/GADUCHSu2BVIa","preKeyId":2823562}}},"version":"v1"}