{"_sessions":{"BaowDwZoP+eIgwlcu0Xw6gE2qLbME1wMg0WfM2BemP8C":{"registrationId":589243426,"currentRatchet":{"ephemeralKeyPair":{"pubKey":"BSZLIG2F+C7FymflAcvpKj1en9H1s6mjgF99VvM3FsU1","privKey":"EFqQZ7x8C+SmBRuZvsXAdD0Vez7fPfX62fmudgriZV4="},"lastRemoteEphemeralKey":"BQNX5/3YqmrotzDzyfxbC/ciUefsyP38e5H//xQMuEVs","previousCounter":0,"rootKey":"MhMkU0YzEblau97vXkfIbfRyqhyjQySHSC359hR9km8="},"indexInfo":{"baseKey":"BaowDwZoP+eIgwlcu0Xw6gE2qLbME1wMg0WfM2BemP8C","baseKeyType":1,"closed":1746721107844,"used":1746721076110,"created":1746721076110,"remoteIdentityKey":"Bdz3q1OKlXlQDJlGMxXptpgPNUVKc0SI0FQ4fHWhmlhb"},"_chains":{"BSZLIG2F+C7FymflAcvpKj1en9H1s6mjgF99VvM3FsU1":{"chainKey":{"counter":0,"key":"lcr8Gt89wiO1Y+J51cjX1k29DcmQ0gRUKawkYLMWXy4="},"chainType":1,"messageKeys":{}}},"pendingPreKey":{"signedKeyId":1,"baseKey":"BaowDwZoP+eIgwlcu0Xw6gE2qLbME1wMg0WfM2BemP8C"}},"Ba1F8yaB8aVeIzbH754TzMVKNl/iycaz8C2Q+c91Tw09":{"registrationId":589243426,"currentRatchet":{"ephemeralKeyPair":{"pubKey":"BfwaIA9q/ZWcO00IKERWEJYAb4+XOTwGTf/wBkVuFRxR","privKey":"OBX6Zu3QTvShxYMlK2TPfGFaSJOAycwvLR2VUxvDSHY="},"lastRemoteEphemeralKey":"BQNX5/3YqmrotzDzyfxbC/ciUefsyP38e5H//xQMuEVs","previousCounter":0,"rootKey":"mr+RQUocIGtGs8IO1J80TFFhsoFhOyQ+2sjUO7sE5A8="},"indexInfo":{"baseKey":"Ba1F8yaB8aVeIzbH754TzMVKNl/iycaz8C2Q+c91Tw09","baseKeyType":1,"closed":-1,"used":1746721107645,"created":1746721107645,"remoteIdentityKey":"Bdz3q1OKlXlQDJlGMxXptpgPNUVKc0SI0FQ4fHWhmlhb"},"_chains":{"BfwaIA9q/ZWcO00IKERWEJYAb4+XOTwGTf/wBkVuFRxR":{"chainKey":{"counter":2,"key":"w8a8IPZXucy/Wc9APLdMVD8hUj262HYwwBZD/Blkk+4="},"chainType":1,"messageKeys":{}}},"pendingPreKey":{"signedKeyId":1,"baseKey":"Ba1F8yaB8aVeIzbH754TzMVKNl/iycaz8C2Q+c91Tw09"}}},"version":"v1"}