{"_sessions":{"BSrnGxSAu1jy3yDMQ6XrFNZcVH4ANRWK+pQZZR2ZbPca":{"registrationId":210904021,"currentRatchet":{"ephemeralKeyPair":{"pubKey":"BfD/HPLOwoJKAaPbUhi7Rl6HsSaFNC9zAiDrjh5Ypqdi","privKey":"UDcbdtD6XnbAWQ1TFVoOdncCZJWNW6ldSr8VgQ3PPXo="},"lastRemoteEphemeralKey":"BQ9S5DfcFu5QHnv2L4ChUduhakLqM4jmJuNL7bMERDpY","previousCounter":0,"rootKey":"4gWhaNbu4mlQQHhQE3ebZri1IxvRQjnn9DsyeZgiLwM="},"indexInfo":{"baseKey":"BSrnGxSAu1jy3yDMQ6XrFNZcVH4ANRWK+pQZZR2ZbPca","baseKeyType":1,"closed":-1,"used":1746714522286,"created":1746714522286,"remoteIdentityKey":"BYPV9P5andAXSJbGkXpmw1L1onLefeewHhlryo37mJc9"},"_chains":{"BfD/HPLOwoJKAaPbUhi7Rl6HsSaFNC9zAiDrjh5Ypqdi":{"chainKey":{"counter":0,"key":"X2DoEZUfRJOpWhFJWQTqFVXzOBVkQIvMoGq/9nrUTtQ="},"chainType":1,"messageKeys":{}}},"pendingPreKey":{"signedKeyId":0,"baseKey":"BSrnGxSAu1jy3yDMQ6XrFNZcVH4ANRWK+pQZZR2ZbPca","preKeyId":14925543}}},"version":"v1"}