{"_sessions":{"BXTs5D+inkNRzjGp4afJuSlZVCvrPDV20ki5Ci6O3x9L":{"registrationId":2145247296,"currentRatchet":{"ephemeralKeyPair":{"pubKey":"BYgW4c1xOKBMbsoAheEex+TF9kTfMfNsIm46PbglvzEL","privKey":"oMtgIv/oDAzER/C2wx71+u0wSsCDim5A8Fyx0QrIQmo="},"lastRemoteEphemeralKey":"BfL3HaVQKSsZr43ChSd/vr1B6vQSbjpOY0nI+gozMLRt","previousCounter":0,"rootKey":"xISsXkX5igFunBD4yhFL9bEwMbYzDFWOPw+G+ldbDiU="},"indexInfo":{"baseKey":"BXTs5D+inkNRzjGp4afJuSlZVCvrPDV20ki5Ci6O3x9L","baseKeyType":1,"closed":1746721107767,"used":1746721075797,"created":1746721075797,"remoteIdentityKey":"BRCMZ7hRiZEwVfpeAx85m+ESjISLclhWLtOTvW09pa1j"},"_chains":{"BYgW4c1xOKBMbsoAheEex+TF9kTfMfNsIm46PbglvzEL":{"chainKey":{"counter":0,"key":"vkg9T3HZ7MTOw1V8v10MFhQXLfLrVvgn/7xbfSyQKJM="},"chainType":1,"messageKeys":{}}},"pendingPreKey":{"signedKeyId":1,"baseKey":"BXTs5D+inkNRzjGp4afJuSlZVCvrPDV20ki5Ci6O3x9L"}},"BcXqBWJrX3c3FZGTAkzFXRhx7fLmZCG+eD+7AClb38YW":{"registrationId":2145247296,"currentRatchet":{"ephemeralKeyPair":{"pubKey":"BeucOdwvd/mO3Vh6UZdQ2Kq1NBT3MimepPn4LUKNT1Mf","privKey":"yAKdj6ARXVZfwk9gEououHdmF9qf6QXppevR2SpL7UI="},"lastRemoteEphemeralKey":"BfL3HaVQKSsZr43ChSd/vr1B6vQSbjpOY0nI+gozMLRt","previousCounter":0,"rootKey":"xOPhcDBgE3Cn1k1YUveSDmSo5vJM/RfuolahakmthCM="},"indexInfo":{"baseKey":"BcXqBWJrX3c3FZGTAkzFXRhx7fLmZCG+eD+7AClb38YW","baseKeyType":1,"closed":-1,"used":1746721107366,"created":1746721107365,"remoteIdentityKey":"BRCMZ7hRiZEwVfpeAx85m+ESjISLclhWLtOTvW09pa1j"},"_chains":{"BeucOdwvd/mO3Vh6UZdQ2Kq1NBT3MimepPn4LUKNT1Mf":{"chainKey":{"counter":2,"key":"hWmTIz6/3a6SWFQ2GXfEF5e6A4jqqA4j0f78zU/Vj/I="},"chainType":1,"messageKeys":{}}},"pendingPreKey":{"signedKeyId":1,"baseKey":"BcXqBWJrX3c3FZGTAkzFXRhx7fLmZCG+eD+7AClb38YW"}}},"version":"v1"}