{"_sessions":{"BYYRacW85NmIqxGOdr/dGmkQzb0BX6m4RkFOfXg+To0b":{"registrationId":3069,"currentRatchet":{"ephemeralKeyPair":{"pubKey":"BTDz6RzrbM6B+UKkiRBJZIyYIoSMRGiNUT3hZQqKNVoc","privKey":"uMx22RPMi/CTeTyt4BQ0f6teclAs7Wf0NvHChFXAhlE="},"lastRemoteEphemeralKey":"BRQDbgbz2gVcEXbCX98WqxLcgimaLctJKwAYWO9izqFd","previousCounter":0,"rootKey":"sYYsCM2BSnoCSoRMySR5bMhLoaqbui2q8cXY7Z1FRIw="},"indexInfo":{"baseKey":"BYYRacW85NmIqxGOdr/dGmkQzb0BX6m4RkFOfXg+To0b","baseKeyType":1,"closed":-1,"used":1746714522243,"created":1746714522243,"remoteIdentityKey":"BdDEN8eJGZmWXOwAg49NnjBbGv7YTQ4Kpo0+3E4UvChB"},"_chains":{"BTDz6RzrbM6B+UKkiRBJZIyYIoSMRGiNUT3hZQqKNVoc":{"chainKey":{"counter":0,"key":"ydPUM4XxU5nRpc9cUk4Ls3nX3Krmlgff0YZMGqc+iDw="},"chainType":1,"messageKeys":{}}},"pendingPreKey":{"signedKeyId":1,"baseKey":"BYYRacW85NmIqxGOdr/dGmkQzb0BX6m4RkFOfXg+To0b"}}},"version":"v1"}