{"_sessions":{"BQY9xH7LBkhIAeojmVVo/6luF/ZzltbXJE6Lo7m5uxtd":{"registrationId":1156090149,"currentRatchet":{"ephemeralKeyPair":{"pubKey":"BdWbSBalB8c023+x1pilHi3YBjliA0wOXQ/hQvl8wfww","privKey":"6H4K3VSe9dsPLbJ6GZYveu7kzr3DeHybweabpcwcbUQ="},"lastRemoteEphemeralKey":"BTX4F3/DG18przHEYwaz4aTGD1NRSsOgwhtZacJ54GFo","previousCounter":0,"rootKey":"YEHLKGwdvsD/+AXjqfr7qR9OG8+IFMiHXER4BLr1Mkg="},"indexInfo":{"baseKey":"BQY9xH7LBkhIAeojmVVo/6luF/ZzltbXJE6Lo7m5uxtd","baseKeyType":1,"closed":-1,"used":1746714525865,"created":1746714525865,"remoteIdentityKey":"BcfSTmngC7qmvPWTRvByDgDiXePG4c33CBJix/CWCXJm"},"_chains":{"BdWbSBalB8c023+x1pilHi3YBjliA0wOXQ/hQvl8wfww":{"chainKey":{"counter":0,"key":"guwuVOI7R6uhDmbscvPadrf27E9TYBQaEerQp6QNFm8="},"chainType":1,"messageKeys":{}}},"pendingPreKey":{"signedKeyId":16,"baseKey":"BQY9xH7LBkhIAeojmVVo/6luF/ZzltbXJE6Lo7m5uxtd"}}},"version":"v1"}