{"_sessions":{"BSBg0+Z1k9AGcc+pIMJexpfBJeIH0vEYM/jnH84ZSqYY":{"registrationId":1832339476,"currentRatchet":{"ephemeralKeyPair":{"pubKey":"BTUNvYvjoPS+HUrY1WXCUFanrrjOxlI/BcQCsEvc3pgW","privKey":"IEkCsNUJ6gfW8joXKKFH+a+RZa/RCt4hHHHD/7qM6E0="},"lastRemoteEphemeralKey":"BW0vzC2H3vE6iSSsKvExBB0rJfSaqcuGZk5QDdHR7kEA","previousCounter":0,"rootKey":"kM5mAXWtSob/xVRMv3azY0HfAVB8pM8YleW1gIfvtSM="},"indexInfo":{"baseKey":"BSBg0+Z1k9AGcc+pIMJexpfBJeIH0vEYM/jnH84ZSqYY","baseKeyType":1,"closed":-1,"used":1746714529137,"created":1746714529137,"remoteIdentityKey":"BfVb46UB+bbsWWFUZ2ps5YPCUUK1l1UQ30gYoVQIVm9B"},"_chains":{"BTUNvYvjoPS+HUrY1WXCUFanrrjOxlI/BcQCsEvc3pgW":{"chainKey":{"counter":0,"key":"LJ0YhvEWIPGKRL/6b6jgbUjsvZF7AVl2ix4lhTSI9Ys="},"chainType":1,"messageKeys":{}}},"pendingPreKey":{"signedKeyId":2,"baseKey":"BSBg0+Z1k9AGcc+pIMJexpfBJeIH0vEYM/jnH84ZSqYY","preKeyId":16039988}}},"version":"v1"}