{"_sessions":{"BaTh6/Ktc7tb75eVcXub+nuSjROQc2ve0aHAt11Tno0A":{"registrationId":1587418676,"currentRatchet":{"ephemeralKeyPair":{"pubKey":"BQF1rTJ0k0ydH4mmK8LK4A8CTTFhn00u7JQBmZh6HHgE","privKey":"UK3v/ebaU69ZoHvqDOXDe025Z8W6BevkKgjrE/Xsu1Y="},"lastRemoteEphemeralKey":"BYk7rLJUb839ESTrIG3lVJdSkiI/BTpHqa8bWHEjN7Rr","previousCounter":0,"rootKey":"Q391RH6GL3jqC72KnK/ReNvwpzukoTll+uZYj35YgGw="},"indexInfo":{"baseKey":"BaTh6/Ktc7tb75eVcXub+nuSjROQc2ve0aHAt11Tno0A","baseKeyType":1,"closed":1746721118495,"used":1746721087197,"created":1746721087197,"remoteIdentityKey":"BYWnUNtrR0z8XYGr/RiRetpRq4JsHWbnS6UuiWx9OSBa"},"_chains":{"BQF1rTJ0k0ydH4mmK8LK4A8CTTFhn00u7JQBmZh6HHgE":{"chainKey":{"counter":0,"key":"WNAdqvv+w9LD55TWFIlykyde8cGL4ZwzjGmGpC/x+Q8="},"chainType":1,"messageKeys":{}}},"pendingPreKey":{"signedKeyId":15,"baseKey":"BaTh6/Ktc7tb75eVcXub+nuSjROQc2ve0aHAt11Tno0A","preKeyId":13490793}},"Ba9yExXKYTMnGFSuq4gJrHNW1cvOYfNfYYZ3wasZzJcp":{"registrationId":1587418676,"currentRatchet":{"ephemeralKeyPair":{"pubKey":"BZTE0iimFq9M4zW++nKeAa3+Ih7ER07UDpKwodAa63hY","privKey":"6D2FgWB1PWgJJbSTNK0XIUTp8NWxLVvq+7nrvCzSyXM="},"lastRemoteEphemeralKey":"BYk7rLJUb839ESTrIG3lVJdSkiI/BTpHqa8bWHEjN7Rr","previousCounter":0,"rootKey":"w7FNsAB1UMS1O0cxxClalKBWgBOVCzuV9GH9pM1hy3k="},"indexInfo":{"baseKey":"Ba9yExXKYTMnGFSuq4gJrHNW1cvOYfNfYYZ3wasZzJcp","baseKeyType":1,"closed":-1,"used":1746721118199,"created":1746721118199,"remoteIdentityKey":"BYWnUNtrR0z8XYGr/RiRetpRq4JsHWbnS6UuiWx9OSBa"},"_chains":{"BZTE0iimFq9M4zW++nKeAa3+Ih7ER07UDpKwodAa63hY":{"chainKey":{"counter":2,"key":"q0hbwde0fmoKiC6lDSzMt3Pa8+E4/+OOt8Xqpcvwsxk="},"chainType":1,"messageKeys":{}}},"pendingPreKey":{"signedKeyId":15,"baseKey":"Ba9yExXKYTMnGFSuq4gJrHNW1cvOYfNfYYZ3wasZzJcp","preKeyId":13490741}}},"version":"v1"}