{"_sessions":{"BejtVMERWOAYUNkxYlTgTfE+knOTGHQ7UpTmbqt1/FAx":{"registrationId":536484840,"currentRatchet":{"ephemeralKeyPair":{"pubKey":"BRajmv5CNBOwGnj7qtStQHnbtA1ZEw5HyY7sI0TlaQEw","privKey":"SNxGcI9wep7GVYAeGQ71BPGnTsD7tViFPCX0lP8jqGc="},"lastRemoteEphemeralKey":"BZjCUSwvtpmiqPRwIB2N5/fXhfzF0XM8nOajOpJ42w5G","previousCounter":0,"rootKey":"u1dlf6P4lpULov4ih/mcAsZjYzNJljEsJibYmafAJRo="},"indexInfo":{"baseKey":"BejtVMERWOAYUNkxYlTgTfE+knOTGHQ7UpTmbqt1/FAx","baseKeyType":1,"closed":-1,"used":1746714532828,"created":1746714532828,"remoteIdentityKey":"BZSWx40VKETkORpZE4mC62qt1ZCYbR+AKND56Rxw8XNP"},"_chains":{"BRajmv5CNBOwGnj7qtStQHnbtA1ZEw5HyY7sI0TlaQEw":{"chainKey":{"counter":0,"key":"r47lytKGkpeaK36HdhWmpcdarvW9akqtt7eesD8UWro="},"chainType":1,"messageKeys":{}}},"pendingPreKey":{"signedKeyId":1,"baseKey":"BejtVMERWOAYUNkxYlTgTfE+knOTGHQ7UpTmbqt1/FAx","preKeyId":9946298}}},"version":"v1"}