{"_sessions":{"BemgQxUhepy2B4iA60gO2m1h2bkCH9giJ9u5Bck/J89W":{"registrationId":1590525750,"currentRatchet":{"ephemeralKeyPair":{"pubKey":"BY0zxVdZM4crKXuOvxJBwRAnshX7QOtedhl5ubcFoaYN","privKey":"8E7UXhXXKM1uZtgLjv9+Z2SNRTcCJxu0YFudp5vNz04="},"lastRemoteEphemeralKey":"Bf6GAE7oSEYnj+/7GhK2BlQ2kDCpolToQt36g+EJ5MgY","previousCounter":0,"rootKey":"5nTlZVph+mOjXoz4Dej0Zh1Ns+B1fxqkZ9ZweaGVGB4="},"indexInfo":{"baseKey":"BemgQxUhepy2B4iA60gO2m1h2bkCH9giJ9u5Bck/J89W","baseKeyType":1,"closed":-1,"used":1746714532866,"created":1746714532866,"remoteIdentityKey":"BZBrTOb4GYFe7uxFHKZLb40m/DBGcoat2Ttnub3GOzpU"},"_chains":{"BY0zxVdZM4crKXuOvxJBwRAnshX7QOtedhl5ubcFoaYN":{"chainKey":{"counter":0,"key":"Bojb9aE8To9RQ8IXjlIokH6AE63OZIsWzFYfOhj80eQ="},"chainType":1,"messageKeys":{}}},"pendingPreKey":{"signedKeyId":0,"baseKey":"BemgQxUhepy2B4iA60gO2m1h2bkCH9giJ9u5Bck/J89W","preKeyId":5144991}}},"version":"v1"}