{"_sessions":{"BYhOCA+QIqleZzoyst09d23JXFW3H0IKTA26xcv6gc87":{"registrationId":1577772830,"currentRatchet":{"ephemeralKeyPair":{"pubKey":"BevKEaUmUOZvr8F4GiOmfMCu0tY8Mph0uVnW+1t/nkle","privKey":"oMbggp+nxce5/mAK97rCto0tn49OBhUCqvEl2eWyzE0="},"lastRemoteEphemeralKey":"BQuKlVfbLUOHfbyjq9iORzaPGPQidMYxejH9ubZYfNs0","previousCounter":0,"rootKey":"jWldLoJQMYVikAJey4dwi44Z+Js/sXkcyN03OuIvQss="},"indexInfo":{"baseKey":"BYhOCA+QIqleZzoyst09d23JXFW3H0IKTA26xcv6gc87","baseKeyType":1,"closed":-1,"used":1746714529500,"created":1746714529500,"remoteIdentityKey":"Be/iCxWZlUi0/UK1hNaL41k6Fx3AbEM0cCsZV13joGZA"},"_chains":{"BevKEaUmUOZvr8F4GiOmfMCu0tY8Mph0uVnW+1t/nkle":{"chainKey":{"counter":0,"key":"o/AtInyWi8n03TLIeHRQcdjz04rD17A2eLlBHuqmc2A="},"chainType":1,"messageKeys":{}}},"pendingPreKey":{"signedKeyId":2,"baseKey":"BYhOCA+QIqleZzoyst09d23JXFW3H0IKTA26xcv6gc87"}}},"version":"v1"}