{"_sessions":{"BZgxoIbUE1lJ98rQ8psC+NKvdluFc7o8qIGam01Braka":{"registrationId":666499772,"currentRatchet":{"ephemeralKeyPair":{"pubKey":"Beu/NPesXKtGOiYJCxn/UuuxaQP/6+hxa/iM+QUaILc4","privKey":"WNOmhRAvgMu0/VUP2zJUymTmuLeh5BT9KF1dl3a5V3I="},"lastRemoteEphemeralKey":"Bcu53n+V3/n/SCaQ496L+K76jaN62wB/WJU/EIuwqIgS","previousCounter":0,"rootKey":"G8n7AOOlUw5m973vRH7purDKui+F8kbCJI407j/G9TA="},"indexInfo":{"baseKey":"BZgxoIbUE1lJ98rQ8psC+NKvdluFc7o8qIGam01Braka","baseKeyType":1,"closed":1746721107810,"used":1746721075965,"created":1746721075965,"remoteIdentityKey":"BY1g2Gsm+fc/TF8i1jAN1KJSxNuieyZRGu4qgnT1GpA/"},"_chains":{"Beu/NPesXKtGOiYJCxn/UuuxaQP/6+hxa/iM+QUaILc4":{"chainKey":{"counter":0,"key":"uy9uXPOR1hE+N4WBnEFfjUFGI4RQHzyeVLKc6VGsLC4="},"chainType":1,"messageKeys":{}}},"pendingPreKey":{"signedKeyId":16,"baseKey":"BZgxoIbUE1lJ98rQ8psC+NKvdluFc7o8qIGam01Braka","preKeyId":3194769}},"Bd80WZbWFc9QPeJMkBrfRXmRbTXO7e9rrEfmKrlHMYBq":{"registrationId":666499772,"currentRatchet":{"ephemeralKeyPair":{"pubKey":"BXNewk1p2egTCjXWRDnvR/KGUPx8agKAW7hXAABh9GI1","privKey":"wIwRsZfc3nfYqWnoFLG8/DtZtszDWTD+aVbwzY680Uw="},"lastRemoteEphemeralKey":"Bcu53n+V3/n/SCaQ496L+K76jaN62wB/WJU/EIuwqIgS","previousCounter":0,"rootKey":"xCHnrO1LO3FQaUcIs8yz2HiQv4pG++7hgATGkB6Kw1E="},"indexInfo":{"baseKey":"Bd80WZbWFc9QPeJMkBrfRXmRbTXO7e9rrEfmKrlHMYBq","baseKeyType":1,"closed":-1,"used":1746721107521,"created":1746721107521,"remoteIdentityKey":"BY1g2Gsm+fc/TF8i1jAN1KJSxNuieyZRGu4qgnT1GpA/"},"_chains":{"BXNewk1p2egTCjXWRDnvR/KGUPx8agKAW7hXAABh9GI1":{"chainKey":{"counter":2,"key":"atJR3R2KdSnV3SNWsHCj5pD4gd3Md4nExeCmy8srusc="},"chainType":1,"messageKeys":{}}},"pendingPreKey":{"signedKeyId":16,"baseKey":"Bd80WZbWFc9QPeJMkBrfRXmRbTXO7e9rrEfmKrlHMYBq","preKeyId":3195083}}},"version":"v1"}