{"_sessions":{"Bc1nHJXo5NtGmBENjRo66TMPxGxOSZOX1t8dpaPdVdcV":{"registrationId":835297046,"currentRatchet":{"ephemeralKeyPair":{"pubKey":"BWxnM7m9VJ8t+ce4L/7YKa7gjZ+4FkpqqyOMqjz5Owp5","privKey":"0HX/ulwFUMM6FDrEds6EkyKiuuSd5gXlNgniamtdGlQ="},"lastRemoteEphemeralKey":"BS2UMpZ2+UWNY8NjkuTqIfQYaAVAP8GNLps6bt6K8I9W","previousCounter":0,"rootKey":"Fc9swykMsZK4F+BD0ndGLMel0EiWZGfPo9YtTar7qxo="},"indexInfo":{"baseKey":"Bc1nHJXo5NtGmBENjRo66TMPxGxOSZOX1t8dpaPdVdcV","baseKeyType":1,"closed":-1,"used":1746714540111,"created":1746714540111,"remoteIdentityKey":"Bc9U0GKrCH0DQRjVS2CX6YKaWJaMoxAk6Y6dm5erg/0+"},"_chains":{"BWxnM7m9VJ8t+ce4L/7YKa7gjZ+4FkpqqyOMqjz5Owp5":{"chainKey":{"counter":0,"key":"FXB7zKFel6nCAMf3QSBVg6ZUzEpb3q/Umo5/ZDPU7hQ="},"chainType":1,"messageKeys":{}}},"pendingPreKey":{"signedKeyId":1,"baseKey":"Bc1nHJXo5NtGmBENjRo66TMPxGxOSZOX1t8dpaPdVdcV","preKeyId":8614945}}},"version":"v1"}