{"_sessions":{"BVwns52Mr+ep72VdfPymv6pol9EpY44SkHcIyyud+oV7":{"registrationId":1152081520,"currentRatchet":{"ephemeralKeyPair":{"pubKey":"BbWcGkWoIZOtB1nLlx3tyfvM+YdcC5fD4rd68OQ46cJO","privKey":"iJEMEJ2lo1Bpdh5ShhxjczMwPi2y62qgb/kF4e9HE0E="},"lastRemoteEphemeralKey":"BWmxnF+gR55Xprd/cY3j7mPgKwhrzoKVLbmQDeCoDCd2","previousCounter":0,"rootKey":"UD52ClTNrc9m9XTe+B/ZMl0stsCors1QPDzZXkwL7Qc="},"indexInfo":{"baseKey":"BVwns52Mr+ep72VdfPymv6pol9EpY44SkHcIyyud+oV7","baseKeyType":1,"closed":1746721107784,"used":1746721075858,"created":1746721075858,"remoteIdentityKey":"BedWF22mx1v5nG1M+U8aoO3B2J3I9Wn8n1Ie4Eb5s792"},"_chains":{"BbWcGkWoIZOtB1nLlx3tyfvM+YdcC5fD4rd68OQ46cJO":{"chainKey":{"counter":0,"key":"YwtlTs0PJ33UfRMklegWs1yjZp5zqY+7nfb/UcPvJ0w="},"chainType":1,"messageKeys":{}}},"pendingPreKey":{"signedKeyId":3,"baseKey":"BVwns52Mr+ep72VdfPymv6pol9EpY44SkHcIyyud+oV7","preKeyId":1774344}},"BWMs9RzHsJwj5wNbQMoQa6VJ4TFwlwMCG78eDalOwZIu":{"registrationId":1152081520,"currentRatchet":{"ephemeralKeyPair":{"pubKey":"Bb0BxscufIlX41VRYePjjb89ixbqHhCvLWt/WLFouTEM","privKey":"EJjsu8gt4y+I4LzkOgeWym5jgmLKQTwBa3XJ53FPgnk="},"lastRemoteEphemeralKey":"BWmxnF+gR55Xprd/cY3j7mPgKwhrzoKVLbmQDeCoDCd2","previousCounter":0,"rootKey":"/dmmYzgGlT5+kWyd1uateBmk2MIgVLTV23P+JHWB0DM="},"indexInfo":{"baseKey":"BWMs9RzHsJwj5wNbQMoQa6VJ4TFwlwMCG78eDalOwZIu","baseKeyType":1,"closed":-1,"used":1746721107423,"created":1746721107423,"remoteIdentityKey":"BedWF22mx1v5nG1M+U8aoO3B2J3I9Wn8n1Ie4Eb5s792"},"_chains":{"Bb0BxscufIlX41VRYePjjb89ixbqHhCvLWt/WLFouTEM":{"chainKey":{"counter":2,"key":"bVBSioRP5GqJ+d2BBZqeL7ecThsU/y1nZD8VB/Yb2Vo="},"chainType":1,"messageKeys":{}}},"pendingPreKey":{"signedKeyId":3,"baseKey":"BWMs9RzHsJwj5wNbQMoQa6VJ4TFwlwMCG78eDalOwZIu","preKeyId":1777618}}},"version":"v1"}