{"_sessions":{"BZa1n3yCW6k6RFovJpBh2PJx+05ICLaKLHOdse2AQLco":{"registrationId":118198015,"currentRatchet":{"ephemeralKeyPair":{"pubKey":"BZmM4yOFmefzBvGwYoDRDmgOciVPyfYDCtaizRrNfk1c","privKey":"EMvu4JOUenoya5Be1/FXmjC26z0vhBdLYhXxxTGkmV8="},"lastRemoteEphemeralKey":"BaSR6MeMadncx5rWhJwQaDn9mDdoN8njF4CQMWlHutAV","previousCounter":0,"rootKey":"MQxIFKZrWCp4R308AeS/0TPFTiISGkY36FQPovzO0cU="},"indexInfo":{"baseKey":"BZa1n3yCW6k6RFovJpBh2PJx+05ICLaKLHOdse2AQLco","baseKeyType":1,"closed":-1,"used":1746714522268,"created":1746714522268,"remoteIdentityKey":"BRkoKTJUzt43YoRdXIPhVJ2IPCntRuVvK/w3HJumnKdo"},"_chains":{"BZmM4yOFmefzBvGwYoDRDmgOciVPyfYDCtaizRrNfk1c":{"chainKey":{"counter":0,"key":"u3zl6c8PpMRAsBhLLBwoI9Qw16qjVcqAMxxyuk0lnkk="},"chainType":1,"messageKeys":{}}},"pendingPreKey":{"signedKeyId":14317446,"baseKey":"BZa1n3yCW6k6RFovJpBh2PJx+05ICLaKLHOdse2AQLco","preKeyId":13453}}},"version":"v1"}