{"_sessions":{"BYqY3QvhrexuczwTIS3NMHSZOtMLzR8I5Fq/lf/aBSBJ":{"registrationId":1483916046,"currentRatchet":{"ephemeralKeyPair":{"pubKey":"BUSoDqx/2GvHLv6EkkHEuUygUytiKUpBmNxVcSYHRO8m","privKey":"IGVAvpnkyEA0KbNewOKe7a20TLWUB0o8TvwFGCwQIlk="},"lastRemoteEphemeralKey":"Bagdjy6CJzPDj5kG344jhUXrFSQoyKKVeE9JYdZj0nJb","previousCounter":0,"rootKey":"AGDP3N1REO1iTh8xPBK/h6LxagS07jYKBdmsd/0TK0E="},"indexInfo":{"baseKey":"BYqY3QvhrexuczwTIS3NMHSZOtMLzR8I5Fq/lf/aBSBJ","baseKeyType":1,"closed":-1,"used":1746714540039,"created":1746714540039,"remoteIdentityKey":"BcY2Br9Ug5lBqYBwSInQiWagTUoZIB0C4B3W826qY5BM"},"_chains":{"BUSoDqx/2GvHLv6EkkHEuUygUytiKUpBmNxVcSYHRO8m":{"chainKey":{"counter":0,"key":"vJ0MEkbUrm2KiN/eQcT8zufTldKMDvsx3qXeJUKqV/c="},"chainType":1,"messageKeys":{}}},"pendingPreKey":{"signedKeyId":7,"baseKey":"BYqY3QvhrexuczwTIS3NMHSZOtMLzR8I5Fq/lf/aBSBJ","preKeyId":3404139}}},"version":"v1"}