{"_sessions":{"BX8GCEU3sZ0BhaOjMaruzTpNELgrBf4XmKoiAy6y8Ep2":{"registrationId":831183724,"currentRatchet":{"ephemeralKeyPair":{"pubKey":"Bdpim9n9kCNgedo3hJxTw/MjejanW7YTvpqnyusvPtEg","privKey":"MGolLXu4JKKoD1wlGgM4axC7BN/pSo1zajL2iv4/Alw="},"lastRemoteEphemeralKey":"BWgWeKBPl4uxgwOgKv9Gh5e/pK34uNF/z4Y71I2Cm0QN","previousCounter":0,"rootKey":"OprmiRnl5CsVRmRQyXKEbZl5oXvovPKIAMotRoX3AFc="},"indexInfo":{"baseKey":"BX8GCEU3sZ0BhaOjMaruzTpNELgrBf4XmKoiAy6y8Ep2","baseKeyType":1,"closed":1746721118397,"used":1746721086940,"created":1746721086940,"remoteIdentityKey":"BWbp0nGbZclt8zTWAL+gpbVsMVlNApybq1pEIerqm3Nb"},"_chains":{"Bdpim9n9kCNgedo3hJxTw/MjejanW7YTvpqnyusvPtEg":{"chainKey":{"counter":0,"key":"KSHfbecTlElEz8+CH3lBZottpMTGHvrB/ZD3S7DGq/8="},"chainType":1,"messageKeys":{}}},"pendingPreKey":{"signedKeyId":12112628,"baseKey":"BX8GCEU3sZ0BhaOjMaruzTpNELgrBf4XmKoiAy6y8Ep2","preKeyId":39658}},"BXpvhVKEigMpz5JHbe2BNSBgOS246UpCa/H4F1mm6L1K":{"registrationId":831183724,"currentRatchet":{"ephemeralKeyPair":{"pubKey":"BVQ2okUI6DXli89v/ivEHVv3stTr82u8777x0iTtKRE4","privKey":"uF6dapr8AQrJeyIT+nW3kCtqKpaaAofF4wGjCNhTUlM="},"lastRemoteEphemeralKey":"BWgWeKBPl4uxgwOgKv9Gh5e/pK34uNF/z4Y71I2Cm0QN","previousCounter":0,"rootKey":"z+q8gLy/Zj9ix0s51fF4RCuD4TEzo5a9PF+zzEgeCkw="},"indexInfo":{"baseKey":"BXpvhVKEigMpz5JHbe2BNSBgOS246UpCa/H4F1mm6L1K","baseKeyType":1,"closed":-1,"used":1746721117891,"created":1746721117891,"remoteIdentityKey":"BWbp0nGbZclt8zTWAL+gpbVsMVlNApybq1pEIerqm3Nb"},"_chains":{"BVQ2okUI6DXli89v/ivEHVv3stTr82u8777x0iTtKRE4":{"chainKey":{"counter":2,"key":"mJmnEC72ogeFZSQaHlfWEKa1lDJWtpgkfbEI8lW66BE="},"chainType":1,"messageKeys":{}}},"pendingPreKey":{"signedKeyId":12112628,"baseKey":"BXpvhVKEigMpz5JHbe2BNSBgOS246UpCa/H4F1mm6L1K","preKeyId":39622}}},"version":"v1"}