{"_sessions":{"BdiHGOoudBVaIxXBlVP+ueCBBreoECk55v9cGunw9Csq":{"registrationId":1239286529,"currentRatchet":{"ephemeralKeyPair":{"pubKey":"BRSEiJXiyMCKkmPf/GylQryh+pLlc7qt0YlJOmhK9mls","privKey":"0Ca/yQCeo6EF8l/LVK21npjzDQZCtSLIlbgsvKg1DWc="},"lastRemoteEphemeralKey":"BSx3hpwLZZ2qugeCuidTuUjE4QatHakLGcQz7QIa9BRm","previousCounter":0,"rootKey":"uZ4FM3B6xAfsBfH/+VYuWq6NsG0wDq3CWnbyK0S93bI="},"indexInfo":{"baseKey":"BdiHGOoudBVaIxXBlVP+ueCBBreoECk55v9cGunw9Csq","baseKeyType":1,"closed":-1,"used":1746714536567,"created":1746714536567,"remoteIdentityKey":"BXcFqbUbjWosah11bX8ZrJpbrE9d+4GeWiC+OiEqmXYI"},"_chains":{"BRSEiJXiyMCKkmPf/GylQryh+pLlc7qt0YlJOmhK9mls":{"chainKey":{"counter":0,"key":"iA8KhgcNgxKUhJNKl8vmtvp2QYdxctKjN9+FUBptxx0="},"chainType":1,"messageKeys":{}}},"pendingPreKey":{"signedKeyId":5,"baseKey":"BdiHGOoudBVaIxXBlVP+ueCBBreoECk55v9cGunw9Csq","preKeyId":13172374}}},"version":"v1"}