{"_sessions":{"BSNRDqial60IvcaRVR91QZIMlTOpG7Eft5rWr5wbwO4J":{"registrationId":170476687,"currentRatchet":{"ephemeralKeyPair":{"pubKey":"BY+70DW0FTFDqn+sKhvwSenTDpOJw7ZlrHzQ+vinZjBg","privKey":"EN0XtqV6tKtmxfpbMa7eIko5d8U2oZR2VcTR3IvQ+HI="},"lastRemoteEphemeralKey":"BfNXo4DndnRfe0+F1sGj5WChvcqxBwMCmdbYXIOvU6tw","previousCounter":0,"rootKey":"A0D/r3gMPzLAIhMHmY4dPENiqxOrttXmzHz/mTlk2hk="},"indexInfo":{"baseKey":"BSNRDqial60IvcaRVR91QZIMlTOpG7Eft5rWr5wbwO4J","baseKeyType":1,"closed":-1,"used":1746714540152,"created":1746714540152,"remoteIdentityKey":"BZLGftntVxUtlGmuqeZUjBcNDXs0SyrVtgpEudrP0IVM"},"_chains":{"BY+70DW0FTFDqn+sKhvwSenTDpOJw7ZlrHzQ+vinZjBg":{"chainKey":{"counter":0,"key":"hmnBCEk5WvBEG5baBNbyEqS1LLK6tpeLYfz7oj/aTZw="},"chainType":1,"messageKeys":{}}},"pendingPreKey":{"signedKeyId":7,"baseKey":"BSNRDqial60IvcaRVR91QZIMlTOpG7Eft5rWr5wbwO4J"}}},"version":"v1"}