{"_sessions":{"BXptNj5Y9b/D9s2Yi232Q7dvuCSEes8dcttjAtpOS7Ab":{"registrationId":2023152971,"currentRatchet":{"ephemeralKeyPair":{"pubKey":"BauGBSEelMJPYMCJSTCq22v755ONZuINTnCxNCW5C5hh","privKey":"ILkUv+Q12CHhwOQC+HtkLJgIQaXHpJPoLpas4X8gr1g="},"lastRemoteEphemeralKey":"BQVg6utNskksMDFrI0uiinaXTFGkPkDcdVAzc0yu04If","previousCounter":0,"rootKey":"STz0FSy54qzSNK59DRR+8DsdrM3NBcVphCGJ53ma1/M="},"indexInfo":{"baseKey":"BXptNj5Y9b/D9s2Yi232Q7dvuCSEes8dcttjAtpOS7Ab","baseKeyType":1,"closed":-1,"used":1746714525845,"created":1746714525845,"remoteIdentityKey":"BeNzNsF+tUddtFYySl0QS5iPWLjZF0JgiUV/w5eAwtEl"},"_chains":{"BauGBSEelMJPYMCJSTCq22v755ONZuINTnCxNCW5C5hh":{"chainKey":{"counter":0,"key":"O9e18TO0sqr7QZLHwG0cQ83LjdYLEY3Anj/X6PTFJro="},"chainType":1,"messageKeys":{}}},"pendingPreKey":{"signedKeyId":4,"baseKey":"BXptNj5Y9b/D9s2Yi232Q7dvuCSEes8dcttjAtpOS7Ab","preKeyId":2115217}}},"version":"v1"}