{"_sessions":{"Bd2Tb2/v9w+Na1MP51W7j1HSe93oQuuiWCWm4PVsfz8m":{"registrationId":1023376582,"currentRatchet":{"ephemeralKeyPair":{"pubKey":"BcAizqvrULOEssPU/9BiA1pse31etH3j6gCz0/51St0o","privKey":"0LyZA124Ub9Mmpf4MZsHgdw+67E7LJFenRVJy8nEams="},"lastRemoteEphemeralKey":"BRfXu1YjlEoueTZm4lmHR/u4m5vzJI7hPn9VkYFQBWtJ","previousCounter":0,"rootKey":"Uhm8XRj5tTJOK2XUzpdVcVMRsuuowZB1ljCvO4700iI="},"indexInfo":{"baseKey":"Bd2Tb2/v9w+Na1MP51W7j1HSe93oQuuiWCWm4PVsfz8m","baseKeyType":1,"closed":-1,"used":1746714529312,"created":1746714529312,"remoteIdentityKey":"BXppDxrnRBCuNXHkaYJDpcPy4/lfA7oPH8rBJTdL2cY1"},"_chains":{"BcAizqvrULOEssPU/9BiA1pse31etH3j6gCz0/51St0o":{"chainKey":{"counter":0,"key":"Iph5PMxH3G80xU/jp7c0/fLopAIekBQlilYv35iY7Ns="},"chainType":1,"messageKeys":{}}},"pendingPreKey":{"signedKeyId":1,"baseKey":"Bd2Tb2/v9w+Na1MP51W7j1HSe93oQuuiWCWm4PVsfz8m"}}},"version":"v1"}