{"_sessions":{"BS2hS3psmf6Nr1yfrRUCAzPWy4/eWp0+uKI64egzDXlJ":{"registrationId":1901293356,"currentRatchet":{"ephemeralKeyPair":{"pubKey":"BXDlfe6RijXaJl9dppAPkiUIrvULHknMrkT9wTw9ebov","privKey":"oDlmurKhbw2ORQVSA5S3511u5j0yR1CLJxZrfdZhHGI="},"lastRemoteEphemeralKey":"Bd25UC/oLuJ8ouqo7tgQmVpK91PWhgRqduH05o/7cpcu","previousCounter":0,"rootKey":"nMNKW2IT7N+HaVXFs+6vuHtwfpw9KEXcZIMzdDcrIrQ="},"indexInfo":{"baseKey":"BS2hS3psmf6Nr1yfrRUCAzPWy4/eWp0+uKI64egzDXlJ","baseKeyType":1,"closed":-1,"used":1746714525728,"created":1746714525728,"remoteIdentityKey":"BYxvo6Bsy0SZ+cNziG1PGsgQqTGI/pWgv2KYOtU3Mx1I"},"_chains":{"BXDlfe6RijXaJl9dppAPkiUIrvULHknMrkT9wTw9ebov":{"chainKey":{"counter":0,"key":"k5sUw1+AHdfqEviqlgvbPbi/W0iD2U4YRbfmMBJl3LA="},"chainType":1,"messageKeys":{}}},"pendingPreKey":{"signedKeyId":1466791,"baseKey":"BS2hS3psmf6Nr1yfrRUCAzPWy4/eWp0+uKI64egzDXlJ","preKeyId":2964}}},"version":"v1"}