{"_sessions":{"BQVXwoTmq2TeQ7ng7JYs3HrwDYshNTBPebr1CoB/afpe":{"registrationId":698621878,"currentRatchet":{"ephemeralKeyPair":{"pubKey":"BXxQyzgKGWWs8ckg1Zc4Y4Nn/Nq/G8WSdMU9HJhfFnku","privKey":"8FtKGuVmdAZIMavmrbpou5w0JJfTE5nenUZctUelF1c="},"lastRemoteEphemeralKey":"Be5TngJXO9K7zNuX6dRS1QwrfP4Ann3Ef0EIMGdNY1MH","previousCounter":0,"rootKey":"xVu0UWDoxDdZwqC6H24ZB3zEYLhkbM4qlnQal3d7vUY="},"indexInfo":{"baseKey":"BQVXwoTmq2TeQ7ng7JYs3HrwDYshNTBPebr1CoB/afpe","baseKeyType":1,"closed":1746721114767,"used":1746721083714,"created":1746721083714,"remoteIdentityKey":"BeQ+C6KbZ9Po9ML5+bBg0IjgSmIDs1wnEbtMslHAst5S"},"_chains":{"BXxQyzgKGWWs8ckg1Zc4Y4Nn/Nq/G8WSdMU9HJhfFnku":{"chainKey":{"counter":0,"key":"J8jOdrU3zt77Ma4HByTy3vWWHlHrmae1sYH6VZiG70Q="},"chainType":1,"messageKeys":{}}},"pendingPreKey":{"signedKeyId":3,"baseKey":"BQVXwoTmq2TeQ7ng7JYs3HrwDYshNTBPebr1CoB/afpe","preKeyId":1243697}},"BULbyws2w39jMnY4kQMVCUAqrpzbuX5Zz20WYvo9II0H":{"registrationId":698621878,"currentRatchet":{"ephemeralKeyPair":{"pubKey":"BZ6Sxy9RkyOTXATub8nsQGBYktoKPnHYb4Cil6iAMxgM","privKey":"AIKPCFQ62i7oOjZEOESzamd6huIRJ1RW0RVrrHx/Zlw="},"lastRemoteEphemeralKey":"Be5TngJXO9K7zNuX6dRS1QwrfP4Ann3Ef0EIMGdNY1MH","previousCounter":0,"rootKey":"ePASc2nCowvXHFYrzoTz7e9aq9EZ7Bq3/SZNc4eglQM="},"indexInfo":{"baseKey":"BULbyws2w39jMnY4kQMVCUAqrpzbuX5Zz20WYvo9II0H","baseKeyType":1,"closed":-1,"used":1746721114497,"created":1746721114497,"remoteIdentityKey":"BeQ+C6KbZ9Po9ML5+bBg0IjgSmIDs1wnEbtMslHAst5S"},"_chains":{"BZ6Sxy9RkyOTXATub8nsQGBYktoKPnHYb4Cil6iAMxgM":{"chainKey":{"counter":2,"key":"D9hB3thn2MRcVxHSfjRekAYVrvC2KnPmbmnge45aKWQ="},"chainType":1,"messageKeys":{}}},"pendingPreKey":{"signedKeyId":3,"baseKey":"BULbyws2w39jMnY4kQMVCUAqrpzbuX5Zz20WYvo9II0H","preKeyId":1243670}}},"version":"v1"}