{"_sessions":{"BZ4WRTXThjv/ayg6sDr1rQ2UOceYVjuBZ5kvPvK9OFQz":{"registrationId":2078243724,"currentRatchet":{"ephemeralKeyPair":{"pubKey":"BfhoJOd+hLkSJ0T/VRw7gfzwCz859Tmc5SyyJ22VOeh0","privKey":"wAx1LndWIWgRgvgV+hRDqTMSg0L+BX2VpJvo0AosJFU="},"lastRemoteEphemeralKey":"BSM8x1OLcd4WdjUHymYdmGAVSBKZhUNjc01LF5jHYnkP","previousCounter":0,"rootKey":"xV+ajmlR+anmorEwuvOfV7pgxB72EUZELM62fd/8W2k="},"indexInfo":{"baseKey":"BZ4WRTXThjv/ayg6sDr1rQ2UOceYVjuBZ5kvPvK9OFQz","baseKeyType":1,"closed":1746721104117,"used":1746721072975,"created":1746721072975,"remoteIdentityKey":"BZClkk/otX3oqYt4bmh8XrsqBcq41Vjgt7l5+AVom/Eb"},"_chains":{"BfhoJOd+hLkSJ0T/VRw7gfzwCz859Tmc5SyyJ22VOeh0":{"chainKey":{"counter":0,"key":"i0iQCSRTC47L+2jcCz59tLGvk99QgEmnzHV0z2qmZaI="},"chainType":1,"messageKeys":{}}},"pendingPreKey":{"signedKeyId":11,"baseKey":"BZ4WRTXThjv/ayg6sDr1rQ2UOceYVjuBZ5kvPvK9OFQz","preKeyId":6358908}},"Baw/aQcmML9/tQLwggBSGHPF6fahC+u44iRx703RelQf":{"registrationId":2078243724,"currentRatchet":{"ephemeralKeyPair":{"pubKey":"BT87SNq8plMvKlCL6tjpEvf7bNv5htPYOrFE8iRDTVlM","privKey":"UDnplPJooYURuErERT0B9zYAWYfHsg/viUg6B+EV/kc="},"lastRemoteEphemeralKey":"BSM8x1OLcd4WdjUHymYdmGAVSBKZhUNjc01LF5jHYnkP","previousCounter":0,"rootKey":"njRr1B9mdDlaruIY7ZTYub6x8E8WQqoCP458cLsag90="},"indexInfo":{"baseKey":"Baw/aQcmML9/tQLwggBSGHPF6fahC+u44iRx703RelQf","baseKeyType":1,"closed":-1,"used":1746721103897,"created":1746721103897,"remoteIdentityKey":"BZClkk/otX3oqYt4bmh8XrsqBcq41Vjgt7l5+AVom/Eb"},"_chains":{"BT87SNq8plMvKlCL6tjpEvf7bNv5htPYOrFE8iRDTVlM":{"chainKey":{"counter":2,"key":"O4a+2FtBSDQeQferDk2oAvm0xpV6hAta8vou85tjLD8="},"chainType":1,"messageKeys":{}}},"pendingPreKey":{"signedKeyId":11,"baseKey":"Baw/aQcmML9/tQLwggBSGHPF6fahC+u44iRx703RelQf","preKeyId":6358909}}},"version":"v1"}