{"_sessions":{"BU8yzAmn6oP6sRBMMuAYYUghEaEl8AXMkoU7Y1JClYY7":{"registrationId":661743525,"currentRatchet":{"ephemeralKeyPair":{"pubKey":"BV5+fx5m6HPLQfP3nmdU6/kADwXvb4BFH9zw0CqMt9Bx","privKey":"CLhllDBNXq8ACh34CsvWnSG5X0NyO9xqLA/kxEC2IWQ="},"lastRemoteEphemeralKey":"Bcc9X8CNIkAdqnA8sVXyzIUrFME/x7WvQ5V5wmh/IVlZ","previousCounter":0,"rootKey":"l5EktiNzJFLt8q/NKHTIYLl5RKUu8sDs+tnRgcdbZTQ="},"indexInfo":{"baseKey":"BU8yzAmn6oP6sRBMMuAYYUghEaEl8AXMkoU7Y1JClYY7","baseKeyType":1,"closed":-1,"used":1746714525514,"created":1746714525514,"remoteIdentityKey":"BYf8jKB1faAdMc6AWNmi5e5t9XJwVcpBj/EBl3TgjHpk"},"_chains":{"BV5+fx5m6HPLQfP3nmdU6/kADwXvb4BFH9zw0CqMt9Bx":{"chainKey":{"counter":0,"key":"h8WpkI4nvXyAWLaY77L82iUx9HQ8G8clJtr5vJI+LlI="},"chainType":1,"messageKeys":{}}},"pendingPreKey":{"signedKeyId":0,"baseKey":"BU8yzAmn6oP6sRBMMuAYYUghEaEl8AXMkoU7Y1JClYY7","preKeyId":5950547}}},"version":"v1"}