{"_sessions":{"BUxkcpmERQMMHalJx2/3cT7OfsrYSfn/dsnYm40xtp9y":{"registrationId":1564943749,"currentRatchet":{"ephemeralKeyPair":{"pubKey":"BStjxBbgFuSaIauBs/iCaCwyN2aTJ+g0bqwCFfYhsysi","privKey":"4GJkiJ9keN/yDurEbcWIQkkYQlw6MQy9beonS4KcDF8="},"lastRemoteEphemeralKey":"BZAW02eU2/wcGRDXRmIrB8WGX0zXTBpzsYZvWJ0ZYB9o","previousCounter":0,"rootKey":"TA20FCp/kvoISTa80RWQlvJUcXdyD6QRXNJcbYIKNcw="},"indexInfo":{"baseKey":"BUxkcpmERQMMHalJx2/3cT7OfsrYSfn/dsnYm40xtp9y","baseKeyType":1,"closed":-1,"used":1746714539982,"created":1746714539982,"remoteIdentityKey":"BToJ5WjMSixrmGB7c9pLSp0gRLYcRBPyVJsYwnj/ogJY"},"_chains":{"BStjxBbgFuSaIauBs/iCaCwyN2aTJ+g0bqwCFfYhsysi":{"chainKey":{"counter":0,"key":"bbXHt/OtGcvGR6wMteyih+nFRP7s2Lca4CrF2CsGho8="},"chainType":1,"messageKeys":{}}},"pendingPreKey":{"signedKeyId":17,"baseKey":"BUxkcpmERQMMHalJx2/3cT7OfsrYSfn/dsnYm40xtp9y","preKeyId":7684119}}},"version":"v1"}