{"_sessions":{"Bb/4ZsdRtGRqUFqMdNTYGKXmhbakE1GxY0a9SSP02it8":{"registrationId":616682891,"currentRatchet":{"ephemeralKeyPair":{"pubKey":"BfpZgXU2HMExahFoXiekkvr9afC6Isp/rwjTo4GqdOYh","privKey":"WCMVsPn1WgFxBIgQnxoyfdLK26BQ4h0M9kXuB+UbEkM="},"lastRemoteEphemeralKey":"BZIKErQIPe7MI4Yv4a4LLzC3YQQBJ1noSq2xFbyBu+k+","previousCounter":0,"rootKey":"eVuyKBQN4MdErxcdXuPlmlfcBcFHwFA4/Z4hsU+p97o="},"indexInfo":{"baseKey":"Bb/4ZsdRtGRqUFqMdNTYGKXmhbakE1GxY0a9SSP02it8","baseKeyType":1,"closed":-1,"used":1746714525636,"created":1746714525636,"remoteIdentityKey":"BQ11/LC1KPiU0tuTCRyOOzNcVyPRGG8bpSE2mQRUmqEc"},"_chains":{"BfpZgXU2HMExahFoXiekkvr9afC6Isp/rwjTo4GqdOYh":{"chainKey":{"counter":0,"key":"7YNZ5XUnONSkrMMmO9T7CrQfmC6O44YAjJEoxLOuYCo="},"chainType":1,"messageKeys":{}}},"pendingPreKey":{"signedKeyId":34,"baseKey":"Bb/4ZsdRtGRqUFqMdNTYGKXmhbakE1GxY0a9SSP02it8","preKeyId":6571252}}},"version":"v1"}