{"_sessions":{"BW1BTTqdvk0cgoFmSv8fXD+VAbQepZf6cqFshdkDDao/":{"registrationId":1805432712,"currentRatchet":{"ephemeralKeyPair":{"pubKey":"BVZknxGkU3FPlBkM38VGv6VbxWrm8VnBqZFfyE/lTrwi","privKey":"SIFeFjbUKDKgbMoD6VetTZVEi6rECAmypqx209E/xUU="},"lastRemoteEphemeralKey":"BZtDr0HTK8HIx0MyIEl2L2NJRKBmgAMm7nGPRTMImHgW","previousCounter":0,"rootKey":"sH/YkBJcS2SBSZXOgGgFoDWkb1hHSPqYKOXARosAvSI="},"indexInfo":{"baseKey":"BW1BTTqdvk0cgoFmSv8fXD+VAbQepZf6cqFshdkDDao/","baseKeyType":1,"closed":1746721114743,"used":1746721083597,"created":1746721083597,"remoteIdentityKey":"BWz3qf+mAp14ps25gcUm4LgllwlkVdV4VoKmx4SiXzYT"},"_chains":{"BVZknxGkU3FPlBkM38VGv6VbxWrm8VnBqZFfyE/lTrwi":{"chainKey":{"counter":0,"key":"fXdPHmEbJv6upy8nH2FczMR3zw+oQR8bKNOWQgS7dIU="},"chainType":1,"messageKeys":{}}},"pendingPreKey":{"signedKeyId":44,"baseKey":"BW1BTTqdvk0cgoFmSv8fXD+VAbQepZf6cqFshdkDDao/","preKeyId":8151597}},"BfPM/nDsF/Hm3Kv4cmuWA0HgfjINQH6+2yOc3uSTM+Vh":{"registrationId":1805432712,"currentRatchet":{"ephemeralKeyPair":{"pubKey":"BdKzrKLo/+s6c7wgZtZ5sYLVuZytNIcJcnQQpd8XGFw+","privKey":"6CcGbL7sARoNkQy309h/47SQJwAmraU76H14/b2vG3E="},"lastRemoteEphemeralKey":"BZtDr0HTK8HIx0MyIEl2L2NJRKBmgAMm7nGPRTMImHgW","previousCounter":0,"rootKey":"P+F+zK73ZPAxCRyJ95p+TQJFhSyhFUFYKh8yqjBUhl4="},"indexInfo":{"baseKey":"BfPM/nDsF/Hm3Kv4cmuWA0HgfjINQH6+2yOc3uSTM+Vh","baseKeyType":1,"closed":-1,"used":1746721114386,"created":1746721114386,"remoteIdentityKey":"BWz3qf+mAp14ps25gcUm4LgllwlkVdV4VoKmx4SiXzYT"},"_chains":{"BdKzrKLo/+s6c7wgZtZ5sYLVuZytNIcJcnQQpd8XGFw+":{"chainKey":{"counter":2,"key":"qNowrc8Oz1IRO1ajYVRkFODDRTLj7kscxQ0Qhmjmwio="},"chainType":1,"messageKeys":{}}},"pendingPreKey":{"signedKeyId":44,"baseKey":"BfPM/nDsF/Hm3Kv4cmuWA0HgfjINQH6+2yOc3uSTM+Vh","preKeyId":8151349}}},"version":"v1"}