{"_sessions":{"BR4ri+/23w/pzOf+bakQV11D4h7kN5qB6h3qBaByKLId":{"registrationId":315260228,"currentRatchet":{"ephemeralKeyPair":{"pubKey":"BUFKN9N5NPdcGvLqrAd/D/pRCDJUVAkPv9FW0FSUu/hZ","privKey":"qLJ84vKc/Q04NisD43s2yVB4C30ubeosPgB6PyZFomY="},"lastRemoteEphemeralKey":"BeF34XBIqcnNmROsKpeyadbQe8Ip7wb+AE9XcEhBL0NO","previousCounter":0,"rootKey":"SOtJon5mBZLXvcCi3Y25j1j2yHwx9lZ27VppFjCo67A="},"indexInfo":{"baseKey":"BR4ri+/23w/pzOf+bakQV11D4h7kN5qB6h3qBaByKLId","baseKeyType":1,"closed":-1,"used":1746714522433,"created":1746714522433,"remoteIdentityKey":"BbmDnjUrxRhF4HIE+2xaRslZPbBWMzZeGBhXwYbzkSta"},"_chains":{"BUFKN9N5NPdcGvLqrAd/D/pRCDJUVAkPv9FW0FSUu/hZ":{"chainKey":{"counter":0,"key":"LhuUpgkG5rM+wyqX1BIiFenyWTPtDkiWAkmTe8PMMdU="},"chainType":1,"messageKeys":{}}},"pendingPreKey":{"signedKeyId":7,"baseKey":"BR4ri+/23w/pzOf+bakQV11D4h7kN5qB6h3qBaByKLId","preKeyId":5739937}}},"version":"v1"}