{"_sessions":{"BdWnjdM/zP4DrHovt999prglk3WW+uNHu7LZnu8IhjVA":{"registrationId":1133971471,"currentRatchet":{"ephemeralKeyPair":{"pubKey":"BUd4nPC10irqt0vK6aoyqli6oRp0c09KdHJjcVMHhtst","privKey":"ADgnwNh+bRzMaSmrdq9dlNWCX62FUTC3l3AD0il/B0M="},"lastRemoteEphemeralKey":"Baa3Jmsg80gJ9Hp1B/YSfrq+qT9LeoExwMNcH4BVaDpi","previousCounter":0,"rootKey":"9GWDBURF5I24o8h9a3KzByKzAqrlFoGL3LpqiW+Ftxs="},"indexInfo":{"baseKey":"BdWnjdM/zP4DrHovt999prglk3WW+uNHu7LZnu8IhjVA","baseKeyType":1,"closed":-1,"used":1746714525697,"created":1746714525697,"remoteIdentityKey":"BYnSPsbOuWNG34LhogTBHwbHyzkSE4nt36HarJRqzYYt"},"_chains":{"BUd4nPC10irqt0vK6aoyqli6oRp0c09KdHJjcVMHhtst":{"chainKey":{"counter":0,"key":"aSUcI/IvDtLqPe5z8O+2cC/8o7ovHEC/dMJBHYEGcag="},"chainType":1,"messageKeys":{}}},"pendingPreKey":{"signedKeyId":12588354,"baseKey":"BdWnjdM/zP4DrHovt999prglk3WW+uNHu7LZnu8IhjVA","preKeyId":1848}}},"version":"v1"}