{"_sessions":{"BfGiRr3J2Ykx2nKfZS520kfM9DC1l6elC6BZXF1kgU8P":{"registrationId":1813363898,"currentRatchet":{"ephemeralKeyPair":{"pubKey":"BbPxoy7Nz+CXpvMHwgvREziV3bUJK5rmWHmh1JOyJd9a","privKey":"SAv9aS8sTjGSOMsgAqjYlBdUC+fuM1HCkp1lSBCtSUE="},"lastRemoteEphemeralKey":"BVcnLDOVwk+zfUU6m2BLzjZplQ9uHbFdW9r+pqdqn2Bg","previousCounter":0,"rootKey":"1BXTuvddPrG7TOC7N5X8yUyN1u3kkmtMX+wsYh6jaY0="},"indexInfo":{"baseKey":"BfGiRr3J2Ykx2nKfZS520kfM9DC1l6elC6BZXF1kgU8P","baseKeyType":1,"closed":-1,"used":1746714529350,"created":1746714529350,"remoteIdentityKey":"BbX62SPSzBMZX91xl+gE07P1dG8tO30N4OcEveFWcDRi"},"_chains":{"BbPxoy7Nz+CXpvMHwgvREziV3bUJK5rmWHmh1JOyJd9a":{"chainKey":{"counter":0,"key":"WFI6Sft4/9Ci83UDCuI970WjPFyFLzxP9gocBoi2/Po="},"chainType":1,"messageKeys":{}}},"pendingPreKey":{"signedKeyId":3,"baseKey":"BfGiRr3J2Ykx2nKfZS520kfM9DC1l6elC6BZXF1kgU8P","preKeyId":6609522}}},"version":"v1"}