{"_sessions":{"BT63i3uK4LcZ2EDbZn4+z7Eeq/joKYD+rbuUwXmN6YAD":{"registrationId":150196940,"currentRatchet":{"ephemeralKeyPair":{"pubKey":"BYZYZIkNvj6fCOKhBMeEowbVecO2fXt4S9HHUPz92MpA","privKey":"qCLZG891RSNmgWDLX8alFJ4YRknVRMQE7Dl06ZMqKVE="},"lastRemoteEphemeralKey":"BYJlOVG6ClHGkf7Rgt18LEpGHsvC68vCpIQ8o4L84tYm","previousCounter":0,"rootKey":"y7JIH5ULkVMShS2xOJywMLDaxBpleITkSaRrYk+G5Go="},"indexInfo":{"baseKey":"BT63i3uK4LcZ2EDbZn4+z7Eeq/joKYD+rbuUwXmN6YAD","baseKeyType":1,"closed":1746721118447,"used":1746721087029,"created":1746721087029,"remoteIdentityKey":"Be/KI0TNigbBM4QvSwhHj+cGfpjsRG0gn1pv2ZYyIMku"},"_chains":{"BYZYZIkNvj6fCOKhBMeEowbVecO2fXt4S9HHUPz92MpA":{"chainKey":{"counter":0,"key":"uI/b8WPg5hNKESTGE3aNrkE178JwpwsRa4vw/rwDBBw="},"chainType":1,"messageKeys":{}}},"pendingPreKey":{"signedKeyId":3,"baseKey":"BT63i3uK4LcZ2EDbZn4+z7Eeq/joKYD+rbuUwXmN6YAD"}},"BTRIHnMNs5xBAWQ3xhjgMdJ6qIGaVRu/kZlTp8DbR31Z":{"registrationId":150196940,"currentRatchet":{"ephemeralKeyPair":{"pubKey":"BUbeT16zaos1lh1pValPw0hvFBc3TAD6lhvyE2pyjEJi","privKey":"MGG7yOoTm02bpAguP2auXBwdC6nOPe1JqBilu+jgb34="},"lastRemoteEphemeralKey":"BYJlOVG6ClHGkf7Rgt18LEpGHsvC68vCpIQ8o4L84tYm","previousCounter":0,"rootKey":"EiiNpDXNl4jwGN/z0spATufE0LyTKUNgMTmJLPfgQQA="},"indexInfo":{"baseKey":"BTRIHnMNs5xBAWQ3xhjgMdJ6qIGaVRu/kZlTp8DbR31Z","baseKeyType":1,"closed":-1,"used":1746721117994,"created":1746721117994,"remoteIdentityKey":"Be/KI0TNigbBM4QvSwhHj+cGfpjsRG0gn1pv2ZYyIMku"},"_chains":{"BUbeT16zaos1lh1pValPw0hvFBc3TAD6lhvyE2pyjEJi":{"chainKey":{"counter":2,"key":"JjBVPZ17bjRvt107/m6w4LMIwZZdN9fKE3QhlzvbCAc="},"chainType":1,"messageKeys":{}}},"pendingPreKey":{"signedKeyId":3,"baseKey":"BTRIHnMNs5xBAWQ3xhjgMdJ6qIGaVRu/kZlTp8DbR31Z"}}},"version":"v1"}