{"_sessions":{"BaW+Gr/zo7z+KVAKm0I3vfnVpOcw/pOTfEAg9+09cW03":{"registrationId":194228541,"currentRatchet":{"ephemeralKeyPair":{"pubKey":"BR6gSk8mkUEJbCinkIUO6Lg1RUqXRs0wrIWAv/IC3KVH","privKey":"oHoqdS5T5v+FzlzuGKVvKgm4q4t+uwNAHJHd9VdZxG8="},"lastRemoteEphemeralKey":"BVhCN61wSqAKZfzFuO0OgV9srMH39+Dvq6P6H2Uh7YwK","previousCounter":0,"rootKey":"Ixgg1tAjr8qpsUc9FrN/tSbVCSWYV6RUMdL5+1vYw7g="},"indexInfo":{"baseKey":"BaW+Gr/zo7z+KVAKm0I3vfnVpOcw/pOTfEAg9+09cW03","baseKeyType":1,"closed":1746721103998,"used":1746721072591,"created":1746721072591,"remoteIdentityKey":"Ba2xRMTLLJ+5nNS/HK9tYoxNvNyq+3oNReDVUVyWcpNF"},"_chains":{"BR6gSk8mkUEJbCinkIUO6Lg1RUqXRs0wrIWAv/IC3KVH":{"chainKey":{"counter":0,"key":"R/a5vJJ80J6J8QnSJOfD/gmeFksiK+WDwNc51LR/b0Y="},"chainType":1,"messageKeys":{}}},"pendingPreKey":{"signedKeyId":0,"baseKey":"BaW+Gr/zo7z+KVAKm0I3vfnVpOcw/pOTfEAg9+09cW03","preKeyId":13593218}},"BTKXTs7FV9in7o+fi4Go5RfXpSGmeGYNgxhc0q5MxLpE":{"registrationId":194228541,"currentRatchet":{"ephemeralKeyPair":{"pubKey":"BYLNpnS7/oCd7AVtp1XkMStg8UUnvX5oZdxCZ9Jwn3Ab","privKey":"EOY9FVibOhkbOvJh9/vpZOMELrkKpNOB1tdZgpPQVkM="},"lastRemoteEphemeralKey":"BVhCN61wSqAKZfzFuO0OgV9srMH39+Dvq6P6H2Uh7YwK","previousCounter":0,"rootKey":"6WTY6vdpQsB6ZicylCGuZJl5S5mP7N+Ls3+UKzNvMgs="},"indexInfo":{"baseKey":"BTKXTs7FV9in7o+fi4Go5RfXpSGmeGYNgxhc0q5MxLpE","baseKeyType":1,"closed":-1,"used":1746721103420,"created":1746721103420,"remoteIdentityKey":"Ba2xRMTLLJ+5nNS/HK9tYoxNvNyq+3oNReDVUVyWcpNF"},"_chains":{"BYLNpnS7/oCd7AVtp1XkMStg8UUnvX5oZdxCZ9Jwn3Ab":{"chainKey":{"counter":2,"key":"5g0eX2ceN4NjUg7XiVKexGXcCE9M/SdXTFnB99uLWnY="},"chainType":1,"messageKeys":{}}},"pendingPreKey":{"signedKeyId":0,"baseKey":"BTKXTs7FV9in7o+fi4Go5RfXpSGmeGYNgxhc0q5MxLpE","preKeyId":13593542}}},"version":"v1"}