{"_sessions":{"BRaXtIujP9q3iZhBDawBAM31uvPnav2QK/3ecMpdk5ti":{"registrationId":627140643,"currentRatchet":{"ephemeralKeyPair":{"pubKey":"BXy72R2xVkYCl7XzCnZZbFt37QGTwdLq2fRnOKJfz2w4","privKey":"wMMhwAFdGb0OifkDV6RaJOgo7VWEur7pQObfEZgrZEI="},"lastRemoteEphemeralKey":"BW5LXkE24TOp3VeotbAQE9HNZJhUIed7S/+ZmwgBTPR1","previousCounter":0,"rootKey":"yOF0bfncwC7/FyKf4xoY7md8RkQRbVgdSVGe8FSsBrc="},"indexInfo":{"baseKey":"BRaXtIujP9q3iZhBDawBAM31uvPnav2QK/3ecMpdk5ti","baseKeyType":1,"closed":-1,"used":1746714532929,"created":1746714532929,"remoteIdentityKey":"BcK1+dWuqiQa9deeV22/99d50bg+ZAKRJGZ9FrTt9x8e"},"_chains":{"BXy72R2xVkYCl7XzCnZZbFt37QGTwdLq2fRnOKJfz2w4":{"chainKey":{"counter":0,"key":"RhacJpJ4/JAgpLhukfzacsUgalCjVGhu99EUNoZCT/U="},"chainType":1,"messageKeys":{}}},"pendingPreKey":{"signedKeyId":3,"baseKey":"BRaXtIujP9q3iZhBDawBAM31uvPnav2QK/3ecMpdk5ti","preKeyId":12876726}}},"version":"v1"}