{"_sessions":{"Be1Uek1KgW/6lYsXeww5aFhEuhfKzZXTgg+rHCZEXsx8":{"registrationId":1379070837,"currentRatchet":{"ephemeralKeyPair":{"pubKey":"BRAZf/zmyI3PWEwG4QD1kN7xM802vIdBIhbUP/7T0tES","privKey":"wCfJmzIgbf3bOpWTUwBmWKx4i9PP3MhDcxtbhnPC1UE="},"lastRemoteEphemeralKey":"BQcTfmSannr1npSvlYacdvQC1snBY7ys3unmX6vjGqBs","previousCounter":0,"rootKey":"WF+lAnqULx9akkC1Z5MRKy4Vc4iioTkb0zvxUBxP+4M="},"indexInfo":{"baseKey":"Be1Uek1KgW/6lYsXeww5aFhEuhfKzZXTgg+rHCZEXsx8","baseKeyType":1,"closed":-1,"used":1746714522352,"created":1746714522352,"remoteIdentityKey":"BYfOxOpEhK4tPkDQ4YFsWpvwtzaSYdv9fda3bMQbCZIq"},"_chains":{"BRAZf/zmyI3PWEwG4QD1kN7xM802vIdBIhbUP/7T0tES":{"chainKey":{"counter":0,"key":"uVPeC4rmcW99ubD0LcOkOtVAbueXf267iYfLd0mzI/I="},"chainType":1,"messageKeys":{}}},"pendingPreKey":{"signedKeyId":2,"baseKey":"Be1Uek1KgW/6lYsXeww5aFhEuhfKzZXTgg+rHCZEXsx8","preKeyId":4760197}}},"version":"v1"}