{"_sessions":{"Bb1z2R+BjxP4cj6N0K6w5T7mQeqeyxopruDywzgZc0cK":{"registrationId":140878616,"currentRatchet":{"ephemeralKeyPair":{"pubKey":"BbMczLBXio9PlStT7o50t8z87gHV6vZOuMdMJJ6oyHU5","privKey":"MMtDLVIn8QfdTtPzMdpNF8YOG6TSHMrZSzJgPcYQilU="},"lastRemoteEphemeralKey":"BeT+mJq/zMef3GdHDCdPOqeudtbE9tSKzKJZUzzklFcN","previousCounter":0,"rootKey":"XS5q4z0l/kWHjBX4BA5MJHHYlDvv5TLsb29BT1NLqac="},"indexInfo":{"baseKey":"Bb1z2R+BjxP4cj6N0K6w5T7mQeqeyxopruDywzgZc0cK","baseKeyType":1,"closed":-1,"used":1746714525723,"created":1746714525723,"remoteIdentityKey":"BZBG9iG0GMNYWwAmbDEvFYhl+BrN4PKJ6wfenGGoWlpq"},"_chains":{"BbMczLBXio9PlStT7o50t8z87gHV6vZOuMdMJJ6oyHU5":{"chainKey":{"counter":0,"key":"B5lkdxw9XHPiOGS8V+2wriW1nOmBR2y4xGK0lWCckmc="},"chainType":1,"messageKeys":{}}},"pendingPreKey":{"signedKeyId":3,"baseKey":"Bb1z2R+BjxP4cj6N0K6w5T7mQeqeyxopruDywzgZc0cK","preKeyId":13768374}}},"version":"v1"}