{"_sessions":{"BX3jt7DwnJQOMRCDmCACOJjFkWu0vG9gxSTFVgVpcypa":{"registrationId":1094582581,"currentRatchet":{"ephemeralKeyPair":{"pubKey":"BemZ9PhaI1icSPBCZVZ/jXg9uvH4XtqJk3iO1frkEKYd","privKey":"ACmOMeMKdWFZVtAOpKH0oF/su+aJ+DwRPot4qbxe6Vg="},"lastRemoteEphemeralKey":"BRWYTYVQYS+vay/+hkZ64dv8ZiVqY0efZxG4Ki9wiNNE","previousCounter":0,"rootKey":"m6aclVt6QRSKmM5E8WBcBo1kzB7AaBoaAEacgMb3yHg="},"indexInfo":{"baseKey":"BX3jt7DwnJQOMRCDmCACOJjFkWu0vG9gxSTFVgVpcypa","baseKeyType":1,"closed":1746721103925,"used":1746721072447,"created":1746721072447,"remoteIdentityKey":"BUV08bHeFF9ej8gU7gMthtSCsKdzia+tvW1DzkKquKt0"},"_chains":{"BemZ9PhaI1icSPBCZVZ/jXg9uvH4XtqJk3iO1frkEKYd":{"chainKey":{"counter":0,"key":"KMI5b6gN62O5hx7zIdOitUZ+aFTP6dUVfzIJiORolcY="},"chainType":1,"messageKeys":{}}},"pendingPreKey":{"signedKeyId":5,"baseKey":"BX3jt7DwnJQOMRCDmCACOJjFkWu0vG9gxSTFVgVpcypa","preKeyId":9625797}},"BfAz6D99y2GrSc19zN/ewN4xNj+xkR0VsYm9/7JB8oJy":{"registrationId":1094582581,"currentRatchet":{"ephemeralKeyPair":{"pubKey":"BYeYVQv4RTID8Y7QZfoW+MCs7vpJw04n9yGYMdcnaF0z","privKey":"6NmvZOKzYfw1hlCQrBxxhoJaVFMWyd4JXshX8FpeUUA="},"lastRemoteEphemeralKey":"BRWYTYVQYS+vay/+hkZ64dv8ZiVqY0efZxG4Ki9wiNNE","previousCounter":0,"rootKey":"iaOQwHwkc6vlZDTDoBbVi2CqRs2Dbmg/YR2lGezDTuw="},"indexInfo":{"baseKey":"BfAz6D99y2GrSc19zN/ewN4xNj+xkR0VsYm9/7JB8oJy","baseKeyType":1,"closed":-1,"used":1746721103298,"created":1746721103298,"remoteIdentityKey":"BUV08bHeFF9ej8gU7gMthtSCsKdzia+tvW1DzkKquKt0"},"_chains":{"BYeYVQv4RTID8Y7QZfoW+MCs7vpJw04n9yGYMdcnaF0z":{"chainKey":{"counter":2,"key":"qlqaqm/g/JO9jpv3dp1O3LmdwjglIyUGFYHtbZqn2c0="},"chainType":1,"messageKeys":{}}},"pendingPreKey":{"signedKeyId":5,"baseKey":"BfAz6D99y2GrSc19zN/ewN4xNj+xkR0VsYm9/7JB8oJy","preKeyId":9625989}}},"version":"v1"}