{"_sessions":{"Bcq9nvN9Tw1oPWJ6Q14uipaebKss5BAcn11lIwThw5N3":{"registrationId":116726189,"currentRatchet":{"ephemeralKeyPair":{"pubKey":"BUFYICOsDEviiEb2zKbWATkjQzSWmK/Bvnqb5KalfqJW","privKey":"wMVcwUBsvWO8quSJEUGUZvLJFst/JfY72w7iFagi+Hk="},"lastRemoteEphemeralKey":"BVpgZNMFfwyuG6zVroQW5B86d4vdKyKiBwMr8a13XQ9S","previousCounter":0,"rootKey":"9FrR5cy+nT5VDI+lQGrcQm1V6c22s90XzeQuS6/ISA8="},"indexInfo":{"baseKey":"Bcq9nvN9Tw1oPWJ6Q14uipaebKss5BAcn11lIwThw5N3","baseKeyType":1,"closed":-1,"used":1746714522178,"created":1746714522178,"remoteIdentityKey":"BeYU7k+cA1andTZ0axLxvr7QvTz4Ohjz9mLRtLw6I9x0"},"_chains":{"BUFYICOsDEviiEb2zKbWATkjQzSWmK/Bvnqb5KalfqJW":{"chainKey":{"counter":0,"key":"0sF6RWNq0LGSIFZSPiYLGibhY3SF98rAq1jP0CVc5v4="},"chainType":1,"messageKeys":{}}},"pendingPreKey":{"signedKeyId":1,"baseKey":"Bcq9nvN9Tw1oPWJ6Q14uipaebKss5BAcn11lIwThw5N3","preKeyId":685}}},"version":"v1"}