{"_sessions":{"BeegMS/htWfZ8XMtq1KHcapnySYku95JV0nAdaMlsN1Y":{"registrationId":1831055632,"currentRatchet":{"ephemeralKeyPair":{"pubKey":"BWmX1K0iqP+g5WziG6ySCWTatwKhbx4urQAhYSPfa6If","privKey":"8AZ5vhnUj6NjLqDS38WTPHmaurXPxBJ7vNdnrcWbYW0="},"lastRemoteEphemeralKey":"Bc4OLR3rC7x3PipwuphgVKufycf1bSFLGonvpfz57E8Q","previousCounter":0,"rootKey":"O5nDrAs9mSZeeJx5tgd4rhe1LOKUgxLOwmpmud+bLRg="},"indexInfo":{"baseKey":"BeegMS/htWfZ8XMtq1KHcapnySYku95JV0nAdaMlsN1Y","baseKeyType":1,"closed":-1,"used":1746714536181,"created":1746714536181,"remoteIdentityKey":"BQnh9KWA4GbVFmqJ7ih2GFiP0to9TBKNUHgYhHJejnUQ"},"_chains":{"BWmX1K0iqP+g5WziG6ySCWTatwKhbx4urQAhYSPfa6If":{"chainKey":{"counter":0,"key":"F8U0+n4GaBiIlut5mkXi2XXuWrxw8XA14KfQol0X2Ao="},"chainType":1,"messageKeys":{}}},"pendingPreKey":{"signedKeyId":8048188,"baseKey":"BeegMS/htWfZ8XMtq1KHcapnySYku95JV0nAdaMlsN1Y","preKeyId":25220}}},"version":"v1"}