{"_sessions":{"BQnPM0ZhoDewbxIRZDS9qQpwdlH1i7YC/51aTSpfyKdo":{"registrationId":1670832313,"currentRatchet":{"ephemeralKeyPair":{"pubKey":"BVMlHHx9y38+/TKWqnKFUz+0B2stDdbKDuCbsB+coV9A","privKey":"WCbWzp4SfMIzejXArcY2CdbaUEM8Ejx02KuF9qQMM2Q="},"lastRemoteEphemeralKey":"BdBDzcKK5QhdsH3ENmNLJhusUXnMfqbr6vtFGw4zkco+","previousCounter":0,"rootKey":"h2EspfeDEzHiJJAnHMxsUf5mXYfY/jPSA7zs83B+l+c="},"indexInfo":{"baseKey":"BQnPM0ZhoDewbxIRZDS9qQpwdlH1i7YC/51aTSpfyKdo","baseKeyType":1,"closed":1746721111331,"used":1746721080085,"created":1746721080085,"remoteIdentityKey":"BaRPT/ws9xbPf01fc15eBsmS3IJPyL+CZJbTRPCotcwy"},"_chains":{"BVMlHHx9y38+/TKWqnKFUz+0B2stDdbKDuCbsB+coV9A":{"chainKey":{"counter":0,"key":"2jL9MVPn6sgh1u04T2p7JZ1VLhe9LrrOcVTMSg3b4VQ="},"chainType":1,"messageKeys":{}}},"pendingPreKey":{"signedKeyId":13,"baseKey":"BQnPM0ZhoDewbxIRZDS9qQpwdlH1i7YC/51aTSpfyKdo","preKeyId":5084389}},"BU+B2R+6pUILo8YMiNlmWdcQNhqIscCNKi0gK20GyUNa":{"registrationId":1670832313,"currentRatchet":{"ephemeralKeyPair":{"pubKey":"BS84PPeN1JF+PLrM0TN+JJIuVp9x9bCr5b5gskbe409y","privKey":"4Mlq3W5WcffGd+KjT8kc7Z3lrhwTjAGMAmQFTBU+WWo="},"lastRemoteEphemeralKey":"BdBDzcKK5QhdsH3ENmNLJhusUXnMfqbr6vtFGw4zkco+","previousCounter":0,"rootKey":"hqaz3ixFEhk0L6Ua6+NzvdkZzIpZqmN8GIUhytBa0tc="},"indexInfo":{"baseKey":"BU+B2R+6pUILo8YMiNlmWdcQNhqIscCNKi0gK20GyUNa","baseKeyType":1,"closed":-1,"used":1746721111027,"created":1746721111027,"remoteIdentityKey":"BaRPT/ws9xbPf01fc15eBsmS3IJPyL+CZJbTRPCotcwy"},"_chains":{"BS84PPeN1JF+PLrM0TN+JJIuVp9x9bCr5b5gskbe409y":{"chainKey":{"counter":2,"key":"EkQToW483y3p0X+YS+oEY+74r8Dk1KprVWXeDo7eVs0="},"chainType":1,"messageKeys":{}}},"pendingPreKey":{"signedKeyId":13,"baseKey":"BU+B2R+6pUILo8YMiNlmWdcQNhqIscCNKi0gK20GyUNa","preKeyId":5084442}}},"version":"v1"}