{"_sessions":{"BSfcrz8HudGfERPw01qLQnI2I34DdPUci0oxKGBcwTcX":{"registrationId":1249871079,"currentRatchet":{"ephemeralKeyPair":{"pubKey":"BR4EEQeXTeDBKRlJj/d6XFls99tdYPuyOpf3J0cgIjgF","privKey":"EFjRaRjC/97FQK8E2IP7iKDxJIeFYNs7EtQRcX+5xUw="},"lastRemoteEphemeralKey":"BW6v5LIzUPkBiCT5UXfR/RGB8sQuvzjANzCH52k3mIFW","previousCounter":0,"rootKey":"e/JlbLgAXx/uFV9ewHJlOVzduHWD7ld6NeFf/bAM79c="},"indexInfo":{"baseKey":"BSfcrz8HudGfERPw01qLQnI2I34DdPUci0oxKGBcwTcX","baseKeyType":1,"closed":-1,"used":1746714543406,"created":1746714543406,"remoteIdentityKey":"BRv5tn6MgnEJW2u3yxhPIYNbdOByqZ4lXDfJ9XLfm6Qw"},"_chains":{"BR4EEQeXTeDBKRlJj/d6XFls99tdYPuyOpf3J0cgIjgF":{"chainKey":{"counter":0,"key":"wBBHYN2b4g9NXkUTsYIlowVd4SPjg0wAAxpqLCEaEWM="},"chainType":1,"messageKeys":{}}},"pendingPreKey":{"signedKeyId":12283448,"baseKey":"BSfcrz8HudGfERPw01qLQnI2I34DdPUci0oxKGBcwTcX"}}},"version":"v1"}