{"_sessions":{"BUQsI8tE8BPzJsDUVg2+i+B7Hlm4cJjQZbAGhOmvGd49":{"registrationId":1736635542,"currentRatchet":{"ephemeralKeyPair":{"pubKey":"Bf2ynWSkCTK47XqyCqpV6EKDSykrN25VZ3SSKQujgGke","privKey":"mNcJD401M2z1AgHahOvUcAp4bvXH1NUxGnullGtML1U="},"lastRemoteEphemeralKey":"BRPeZv3KaSdi06/1V6E9F3nPw83Dcv4S81Pbd9JwxcE3","previousCounter":0,"rootKey":"azQWr+S2l2nOLaqnKbSnpqErlBK6ztE5wg23iMtXjkk="},"indexInfo":{"baseKey":"BUQsI8tE8BPzJsDUVg2+i+B7Hlm4cJjQZbAGhOmvGd49","baseKeyType":1,"closed":1746721107753,"used":1746721075743,"created":1746721075743,"remoteIdentityKey":"BYX58bcUTQ08jAQXJQPe1dYgEIdXAVRkYJZO4kypZMJg"},"_chains":{"Bf2ynWSkCTK47XqyCqpV6EKDSykrN25VZ3SSKQujgGke":{"chainKey":{"counter":0,"key":"Hz/aDdqT7EuVVQv9L9afGWuU+VRKaCoiEjElv831oDk="},"chainType":1,"messageKeys":{}}},"pendingPreKey":{"signedKeyId":4,"baseKey":"BUQsI8tE8BPzJsDUVg2+i+B7Hlm4cJjQZbAGhOmvGd49","preKeyId":7290894}},"BTYXZWPWoFDFCFW8ekKV0U9nwQQNccbxTF3GHacwwWdv":{"registrationId":1736635542,"currentRatchet":{"ephemeralKeyPair":{"pubKey":"BTgA0XaJAmXnU41Sq8SRcPpvypIcjnPv2hLzKzmdZ5gv","privKey":"sC9zpPt/86G8Dvs8aLA768pjt7+lFoqVQkkS948DLnY="},"lastRemoteEphemeralKey":"BRPeZv3KaSdi06/1V6E9F3nPw83Dcv4S81Pbd9JwxcE3","previousCounter":0,"rootKey":"2z2Le2Ma7CXFrpqNIb7ITSLUAEmbwLUwgQsx+HEbsXQ="},"indexInfo":{"baseKey":"BTYXZWPWoFDFCFW8ekKV0U9nwQQNccbxTF3GHacwwWdv","baseKeyType":1,"closed":-1,"used":1746721107324,"created":1746721107324,"remoteIdentityKey":"BYX58bcUTQ08jAQXJQPe1dYgEIdXAVRkYJZO4kypZMJg"},"_chains":{"BTgA0XaJAmXnU41Sq8SRcPpvypIcjnPv2hLzKzmdZ5gv":{"chainKey":{"counter":2,"key":"QGBTJ1jrpFQWcXmoGawAuneuAZIzlMjyFKQQXYS0euM="},"chainType":1,"messageKeys":{}}},"pendingPreKey":{"signedKeyId":4,"baseKey":"BTYXZWPWoFDFCFW8ekKV0U9nwQQNccbxTF3GHacwwWdv","preKeyId":7291031}}},"version":"v1"}