{"_sessions":{"BRX85mudGSCKx2kV+NS79rjXJ1yGvhiqJUIAb65XnXhG":{"registrationId":1152081520,"currentRatchet":{"ephemeralKeyPair":{"pubKey":"BepImY/OvGcCRvBKDaNuZ/SjJzrydxm6J0nV5+p1cdlb","privKey":"aNzme/k7agHcKlPPdFl900rHpqaw8SWmskmrwFuu+Fc="},"lastRemoteEphemeralKey":"BWmxnF+gR55Xprd/cY3j7mPgKwhrzoKVLbmQDeCoDCd2","previousCounter":0,"rootKey":"rgpO001/O3SphS0pGCFmH0JR9WJvJg6wOmA+QxQuQeY="},"indexInfo":{"baseKey":"BRX85mudGSCKx2kV+NS79rjXJ1yGvhiqJUIAb65XnXhG","baseKeyType":1,"closed":-1,"used":1746714529218,"created":1746714529218,"remoteIdentityKey":"BedWF22mx1v5nG1M+U8aoO3B2J3I9Wn8n1Ie4Eb5s792"},"_chains":{"BepImY/OvGcCRvBKDaNuZ/SjJzrydxm6J0nV5+p1cdlb":{"chainKey":{"counter":0,"key":"A+j3j3CIZa/dRDD8E7pjYrE6QXtkfm2wNax5cqudk5U="},"chainType":1,"messageKeys":{}}},"pendingPreKey":{"signedKeyId":3,"baseKey":"BRX85mudGSCKx2kV+NS79rjXJ1yGvhiqJUIAb65XnXhG","preKeyId":1777567}}},"version":"v1"}