{"_sessions":{"BQdMVfj/z2n03KnuL1esfANLiIw0Shb+PgehY9l1+51f":{"registrationId":582334411,"currentRatchet":{"ephemeralKeyPair":{"pubKey":"BfQCSjV8lyITpvXv7gNoJW6nxYjlLPoSfRxrUbUChgxp","privKey":"uGMK9Khu+lNmlnRmi9sLORfv/aSiEo2TaBPsaBcXCE4="},"lastRemoteEphemeralKey":"BQBwoKzC1POL5YfNxScQdkZIYvpSGwX5vPBcDBobUmMT","previousCounter":0,"rootKey":"JcPKFWalKgXLFH98xPgbgoz73Ail4Q6OgZ2iJaq0xyE="},"indexInfo":{"baseKey":"BQdMVfj/z2n03KnuL1esfANLiIw0Shb+PgehY9l1+51f","baseKeyType":1,"closed":1746721099492,"used":1746721069275,"created":1746721069275,"remoteIdentityKey":"BZLii0cYb721z7Vz7UiU/bl2tH99tQEOKJhgkGu9qiZu"},"_chains":{"BfQCSjV8lyITpvXv7gNoJW6nxYjlLPoSfRxrUbUChgxp":{"chainKey":{"counter":0,"key":"SEaWvSuqFGwzUi/NOFnkf6yPxSE+xqFAUWUZ/joX4Bw="},"chainType":1,"messageKeys":{}}},"pendingPreKey":{"signedKeyId":7,"baseKey":"BQdMVfj/z2n03KnuL1esfANLiIw0Shb+PgehY9l1+51f","preKeyId":11871947}},"BZuW8VVwzxWrRkg51zV+9tIctll7dhOPWGiE4QPfq/Aw":{"registrationId":582334411,"currentRatchet":{"ephemeralKeyPair":{"pubKey":"BS2L/tU8F+WLgbSsHn2UB7iFq8UfDxsrmdVIAabfv1Rj","privKey":"+J73o8Ng4ujS9zBxoDV7D81ONQspmMX/0M2H1N8Jj1w="},"lastRemoteEphemeralKey":"BQBwoKzC1POL5YfNxScQdkZIYvpSGwX5vPBcDBobUmMT","previousCounter":0,"rootKey":"OULxdo4/TkcRqSGWoGRzkDqCf9VTC3NTBVYeuqzhRZU="},"indexInfo":{"baseKey":"BZuW8VVwzxWrRkg51zV+9tIctll7dhOPWGiE4QPfq/Aw","baseKeyType":1,"closed":-1,"used":1746721098927,"created":1746721098927,"remoteIdentityKey":"BZLii0cYb721z7Vz7UiU/bl2tH99tQEOKJhgkGu9qiZu"},"_chains":{"BS2L/tU8F+WLgbSsHn2UB7iFq8UfDxsrmdVIAabfv1Rj":{"chainKey":{"counter":2,"key":"chcKx1qkHt1A8OHYcmLLExkm7ww95Nj88em3MoOYKkw="},"chainType":1,"messageKeys":{}}},"pendingPreKey":{"signedKeyId":7,"baseKey":"BZuW8VVwzxWrRkg51zV+9tIctll7dhOPWGiE4QPfq/Aw","preKeyId":11872291}}},"version":"v1"}