{"_sessions":{"BU1ll9d+2gYqWpQkKsQdYIKdiLwBQMkOv3xIEhCPVqkZ":{"registrationId":2011963816,"currentRatchet":{"ephemeralKeyPair":{"pubKey":"Bbr7oNTyjvZ7Osf1POPQtnlAP7sFr9c8oozwpq3+ZWRG","privKey":"0I7ErqG31aglfYYmkZxsGF0y7oYKuVOZiLJVXaSlLnU="},"lastRemoteEphemeralKey":"BVdcWLY4SqFTHN/+i60iQB19ANK9ckS6fX+9FoI1Eixp","previousCounter":0,"rootKey":"s37zzlWHAWfk251l8nAj0hMdyjy5QL/jfG5dcJRM0kI="},"indexInfo":{"baseKey":"BU1ll9d+2gYqWpQkKsQdYIKdiLwBQMkOv3xIEhCPVqkZ","baseKeyType":1,"closed":1746721099511,"used":1746721069302,"created":1746721069302,"remoteIdentityKey":"BdjLWKrBZ4h6l2yA/+qEM8dfliqUJsFFUtsOMpIreKx7"},"_chains":{"Bbr7oNTyjvZ7Osf1POPQtnlAP7sFr9c8oozwpq3+ZWRG":{"chainKey":{"counter":0,"key":"5cVrBhjCamle6+VBqxxoLaIXpjWmD154WnXCsBQzqHQ="},"chainType":1,"messageKeys":{}}},"pendingPreKey":{"signedKeyId":4,"baseKey":"BU1ll9d+2gYqWpQkKsQdYIKdiLwBQMkOv3xIEhCPVqkZ"}},"BYc2xjAgw/4qtaK2KW/KT/DJhYyC4pebNLAm0mMUv+4h":{"registrationId":2011963816,"currentRatchet":{"ephemeralKeyPair":{"pubKey":"Be8i6giAIg7OJp9M3GC0rram8uvpLy+Tcx0PrZeePBou","privKey":"WAQlQapqe87biCkrQj72YEkqHut4pv3i3ofWw2tf5nc="},"lastRemoteEphemeralKey":"BVdcWLY4SqFTHN/+i60iQB19ANK9ckS6fX+9FoI1Eixp","previousCounter":0,"rootKey":"6B6r3ScTkFBAsRaCbBDjIssoka3mu5Kq63SVVRzfqVg="},"indexInfo":{"baseKey":"BYc2xjAgw/4qtaK2KW/KT/DJhYyC4pebNLAm0mMUv+4h","baseKeyType":1,"closed":-1,"used":1746721098953,"created":1746721098953,"remoteIdentityKey":"BdjLWKrBZ4h6l2yA/+qEM8dfliqUJsFFUtsOMpIreKx7"},"_chains":{"Be8i6giAIg7OJp9M3GC0rram8uvpLy+Tcx0PrZeePBou":{"chainKey":{"counter":2,"key":"EJ1v0MEC4WT3/7+FqSq1EqJ0D2Ct24wtvgMFj2PmnCo="},"chainType":1,"messageKeys":{}}},"pendingPreKey":{"signedKeyId":4,"baseKey":"BYc2xjAgw/4qtaK2KW/KT/DJhYyC4pebNLAm0mMUv+4h"}}},"version":"v1"}