{"_sessions":{"BTHUdNDfWvHdlX5FlZGsBUoFPlYZ/bcvfjggbmDs2rtN":{"registrationId":1452621844,"currentRatchet":{"ephemeralKeyPair":{"pubKey":"BR/srvqKvro88gdPhIRU7QtXoIRMPaLRQL5W6K+ZBkx6","privKey":"kNN/Uj22gw+kZCuBE4MuKdqCUtAPyS5cO9lrGJwH7W0="},"lastRemoteEphemeralKey":"Bd0iq3gpHxZpVv9TxD4cz6NPjJQ6icskt4Ey90o5rrY+","previousCounter":0,"rootKey":"HON0bt4EmAo13lSJC7R63+mPP8mkAYav1wrDr9CHCN8="},"indexInfo":{"baseKey":"BTHUdNDfWvHdlX5FlZGsBUoFPlYZ/bcvfjggbmDs2rtN","baseKeyType":1,"closed":-1,"used":1746714532818,"created":1746714532818,"remoteIdentityKey":"BZ2PgJf/7cBfXvsOPNQp88wXNxXZ9x2XRqomV81tMQFx"},"_chains":{"BR/srvqKvro88gdPhIRU7QtXoIRMPaLRQL5W6K+ZBkx6":{"chainKey":{"counter":0,"key":"c2zUqcCbjxdeGXV3vmuriTXkZhfFXk4onBBoWM3oqcU="},"chainType":1,"messageKeys":{}}},"pendingPreKey":{"signedKeyId":1,"baseKey":"BTHUdNDfWvHdlX5FlZGsBUoFPlYZ/bcvfjggbmDs2rtN"}}},"version":"v1"}