{"_sessions":{"BZnnYB7UI1XQOkwpMJd7gjoeVT5M1nM6HwfofKsRwmtY":{"registrationId":239187675,"currentRatchet":{"ephemeralKeyPair":{"pubKey":"BaWe9m7csUJKAUmkZeRhPxfMkI0rrOMSmJm5W2BlIJRm","privKey":"qDJ8qvQK4HxZLqN0T+r6sHAE0m3BTMZ/LVcHRgpNCnQ="},"lastRemoteEphemeralKey":"BTW4XqEzQXmjJmWh1ahiZEoSgfxhfOz9AfBOKYjsbCw4","previousCounter":0,"rootKey":"V15Q6bcNE8KsKg2AkPSVWN7S8JrYln+sxyakfhqPPUE="},"indexInfo":{"baseKey":"BZnnYB7UI1XQOkwpMJd7gjoeVT5M1nM6HwfofKsRwmtY","baseKeyType":2,"closed":-1,"used":1746721191821,"created":1746721191821,"remoteIdentityKey":"BWVy02ES3ZaPjtO/eG6lME/HGflXVcgbpdw1lpD8wT03"},"_chains":{"BTW4XqEzQXmjJmWh1ahiZEoSgfxhfOz9AfBOKYjsbCw4":{"chainKey":{"counter":0,"key":"0wbra7Br2Qnq3tCyZhmeNpg6jMjlMn7mqxk1u4Epnq0="},"chainType":2,"messageKeys":{}},"BaWe9m7csUJKAUmkZeRhPxfMkI0rrOMSmJm5W2BlIJRm":{"chainKey":{"counter":-1,"key":"w2m4IlrEnbq+Bt02fOhPFf83imLpBcsOHzJr4H92HSk="},"chainType":1,"messageKeys":{}}}}},"version":"v1"}