{"_sessions":{"BeYe80KBszyTnVB97s2vYgIgJrlmQuAie5h2tl1OBUFs":{"registrationId":1088560120,"currentRatchet":{"ephemeralKeyPair":{"pubKey":"BdVAmIPNv66Ywn14OboNwSV7i+oyQUMSUJHoXf/pMhIo","privKey":"OHMEr2+kPM0OZYOSNogRHAuH8zf4OyfJ0LIdQ4LdfHs="},"lastRemoteEphemeralKey":"BcGAy5xEgbRLzAufeXgStuLoAt2+mZ+Q48jahOicAHJZ","previousCounter":0,"rootKey":"y1xQ53RawOKu63R3lrJ3flt/TLdOTalxHFkrzFlzlCo="},"indexInfo":{"baseKey":"BeYe80KBszyTnVB97s2vYgIgJrlmQuAie5h2tl1OBUFs","baseKeyType":2,"closed":-1,"used":1746714799462,"created":1746714799462,"remoteIdentityKey":"Behp2QgsYBPq/QAWfW2xYtNsZAmpcB7M/6Nevp0SjKwF"},"_chains":{"BcGAy5xEgbRLzAufeXgStuLoAt2+mZ+Q48jahOicAHJZ":{"chainKey":{"counter":0,"key":"UypjU8PGkpRYUoQLLGBBFQ/3D8Nr3EuR7UVMNt320PY="},"chainType":2,"messageKeys":{}},"BdVAmIPNv66Ywn14OboNwSV7i+oyQUMSUJHoXf/pMhIo":{"chainKey":{"counter":-1,"key":"Bri9vzIIWQaWaGirPlx/IR9AbVylIggu4BJC2BqmRmo="},"chainType":1,"messageKeys":{}}}}},"version":"v1"}