{"_sessions":{"BTQv+9CPhKRxUL5XBC+IhFmfZCNyWocHFaovqY897cUT":{"registrationId":719006384,"currentRatchet":{"ephemeralKeyPair":{"pubKey":"BWDxunAxuOmpW+mO4EHJok56AWX3R6ZmIqnujo2LylEy","privKey":"0MNDsQKSeTfSmDOpfAIOh3Bnu+cTig8TvNVSumjnU1I="},"lastRemoteEphemeralKey":"BZ3nZKOUFc0bPUSfgeeMPS+q6pm2z61SqJvdXjSeJZxc","previousCounter":0,"rootKey":"fOCvwlZHOBB1Fnp1kVu2CmolkTK67s/FKdyuwUArFiU="},"indexInfo":{"baseKey":"BTQv+9CPhKRxUL5XBC+IhFmfZCNyWocHFaovqY897cUT","baseKeyType":1,"closed":-1,"used":1746714532782,"created":1746714532782,"remoteIdentityKey":"BRsEuHRQVCw618NqatdOck2hhchDob9NRqtAsFyCYqYl"},"_chains":{"BWDxunAxuOmpW+mO4EHJok56AWX3R6ZmIqnujo2LylEy":{"chainKey":{"counter":0,"key":"Zr+JnoI7fG7eynU+DKvuBCzjGE8Scna/k9Y5tjmGMOI="},"chainType":1,"messageKeys":{}}},"pendingPreKey":{"signedKeyId":3,"baseKey":"BTQv+9CPhKRxUL5XBC+IhFmfZCNyWocHFaovqY897cUT","preKeyId":3521449}}},"version":"v1"}