{"_sessions":{"BSkZcRoHRw6VhRGfMcnuflXS3euCUmbKvruPjA/oSAUw":{"registrationId":2092362651,"currentRatchet":{"ephemeralKeyPair":{"pubKey":"BY4mh5cmI5+pXiVFUuwrkFSM2Y9q1NlVGrbxizVfzZ0n","privKey":"YLZzbnWTGGwcYLwJ+8UOxazzA+8uxG+6Q6P/hn3Vnl4="},"lastRemoteEphemeralKey":"BXUjNk4UxejQlpwa2X7mmdvtaW0SPeo2ffAMxzXtnewm","previousCounter":0,"rootKey":"zWQN8dWtzpeSs1G2uuuNN/sreSK2mfsuj+kgku9e1KA="},"indexInfo":{"baseKey":"BSkZcRoHRw6VhRGfMcnuflXS3euCUmbKvruPjA/oSAUw","baseKeyType":1,"closed":1746721099331,"used":1746721069123,"created":1746721069123,"remoteIdentityKey":"Ba0HnDP+siASGkAVXYQW5bHlt2DIih5Q6jihEbOTY6QS"},"_chains":{"BY4mh5cmI5+pXiVFUuwrkFSM2Y9q1NlVGrbxizVfzZ0n":{"chainKey":{"counter":0,"key":"LVhxo3cuGbEayFhf+Czka+VOh99BLGumNFbdqzG5u0k="},"chainType":1,"messageKeys":{}}},"pendingPreKey":{"signedKeyId":11216749,"baseKey":"BSkZcRoHRw6VhRGfMcnuflXS3euCUmbKvruPjA/oSAUw","preKeyId":17255}},"BXkS8mDoBJ9dXTpjBLidBhLXQu0HhOk6lRIofj0uR4cl":{"registrationId":2092362651,"currentRatchet":{"ephemeralKeyPair":{"pubKey":"BbGKazUoiMNDRJpNLXyFnIixKRnR3eks067Mrk5tgAE5","privKey":"cHhb3xPYGIos2H5jUcxgSiXfDROA7S72rGF+R4nhRmA="},"lastRemoteEphemeralKey":"BXUjNk4UxejQlpwa2X7mmdvtaW0SPeo2ffAMxzXtnewm","previousCounter":0,"rootKey":"havDbe4K/RMa41ZXh3lDdEibYDRWyYUjTe0PGwgJf4Y="},"indexInfo":{"baseKey":"BXkS8mDoBJ9dXTpjBLidBhLXQu0HhOk6lRIofj0uR4cl","baseKeyType":1,"closed":-1,"used":1746721098779,"created":1746721098779,"remoteIdentityKey":"Ba0HnDP+siASGkAVXYQW5bHlt2DIih5Q6jihEbOTY6QS"},"_chains":{"BbGKazUoiMNDRJpNLXyFnIixKRnR3eks067Mrk5tgAE5":{"chainKey":{"counter":2,"key":"Daemp6DwVBCuxAzQ1bxIMz4Ir3CaDe7NcOX3PrQEG7E="},"chainType":1,"messageKeys":{}}},"pendingPreKey":{"signedKeyId":11216749,"baseKey":"BXkS8mDoBJ9dXTpjBLidBhLXQu0HhOk6lRIofj0uR4cl","preKeyId":17414}}},"version":"v1"}