{"_sessions":{"BX7yVzuIZkNNEDH32eO2nEUDQx0aKi3nWKqM4T9DdAt0":{"registrationId":1553289205,"currentRatchet":{"ephemeralKeyPair":{"pubKey":"BetKvwInRlw+63FrJCcdoOdljQ98VQ+4oLe10yUyzmFE","privKey":"OIyl29jls1pnLyTClbZPYQfvFKmNs1fVpO2pbc74gkw="},"lastRemoteEphemeralKey":"BQxzFKEFQQS8eeUjyf3OtyBozNcnGme2BVG59FNyaNYG","previousCounter":0,"rootKey":"L6fmnTwwWG8Sk8CV6Ehd4sVJz2eo4e02aFeDzQFKS5U="},"indexInfo":{"baseKey":"BX7yVzuIZkNNEDH32eO2nEUDQx0aKi3nWKqM4T9DdAt0","baseKeyType":1,"closed":-1,"used":1746714536171,"created":1746714536171,"remoteIdentityKey":"Bb/Sxe3hjB+wy+ON4R2kBjCn2ujFV2h2J2KctHNbWgtn"},"_chains":{"BetKvwInRlw+63FrJCcdoOdljQ98VQ+4oLe10yUyzmFE":{"chainKey":{"counter":0,"key":"haa3aZXd57w9xlrAIMzcqP7Yo5CSlhfCFflKwzSlP8g="},"chainType":1,"messageKeys":{}}},"pendingPreKey":{"signedKeyId":17,"baseKey":"BX7yVzuIZkNNEDH32eO2nEUDQx0aKi3nWKqM4T9DdAt0","preKeyId":16518587}}},"version":"v1"}