{"_sessions":{"Bc+7KAD7eusgvucE9+jLAoZkmijvlgBIHzSDlSgowcwR":{"registrationId":3811808222,"currentRatchet":{"ephemeralKeyPair":{"pubKey":"BTPWV4w8VDUwB8vaJGQMVx4uo0M3wWEV5obe3vafHB5B","privKey":"ODA8dMHSeCJbedhH+Uil0ynx6el0bsXtmitVwF1/yHA="},"lastRemoteEphemeralKey":"BRheXb7OJpAhV8degea4oenXDTfVRY4IFOzSVpi70gh5","previousCounter":0,"rootKey":"peNOfo6EvzsasXQsNtHKIYhtlimg0ur26T7vJsvF8rg="},"indexInfo":{"baseKey":"Bc+7KAD7eusgvucE9+jLAoZkmijvlgBIHzSDlSgowcwR","baseKeyType":1,"closed":1746721099127,"used":1746721068893,"created":1746721068893,"remoteIdentityKey":"BfzT5B16whCJiW5DAOWJj1EhW8ZO1ydNlX4hq0vc98N7"},"_chains":{"BTPWV4w8VDUwB8vaJGQMVx4uo0M3wWEV5obe3vafHB5B":{"chainKey":{"counter":0,"key":"MwV+Mg5NUnvbrDCtFJD9Etx+JMDQEH1d4gzba+x/fiM="},"chainType":1,"messageKeys":{}}},"pendingPreKey":{"signedKeyId":1,"baseKey":"Bc+7KAD7eusgvucE9+jLAoZkmijvlgBIHzSDlSgowcwR","preKeyId":34782}},"BU8o1zf55/mIt85D2c3z95XQo39Aed/uBK6eOHDuIvQt":{"registrationId":3811808222,"currentRatchet":{"ephemeralKeyPair":{"pubKey":"BVeJtqPSKmCjg1vt8lN6M7gyviSVjZKUqT9ix6z+rfJf","privKey":"sJ/wOXV3nruj019RBJWxpRHvMRfv3OBPhvTL4dFqA1A="},"lastRemoteEphemeralKey":"BRheXb7OJpAhV8degea4oenXDTfVRY4IFOzSVpi70gh5","previousCounter":0,"rootKey":"mp+U4W/t0Z/N5VjbA9e7iWXVaQr4JZL5Y9Qq3Nc4IaA="},"indexInfo":{"baseKey":"BU8o1zf55/mIt85D2c3z95XQo39Aed/uBK6eOHDuIvQt","baseKeyType":1,"closed":1746721277529,"used":1746721098591,"created":1746721098591,"remoteIdentityKey":"BfzT5B16whCJiW5DAOWJj1EhW8ZO1ydNlX4hq0vc98N7"},"_chains":{"BVeJtqPSKmCjg1vt8lN6M7gyviSVjZKUqT9ix6z+rfJf":{"chainKey":{"counter":1,"key":"+bMbzBa/4t7fT0JZSZm2UoFafJyP5QVkGCOoJvA0Vdk="},"chainType":1,"messageKeys":{}}},"pendingPreKey":{"signedKeyId":1,"baseKey":"BU8o1zf55/mIt85D2c3z95XQo39Aed/uBK6eOHDuIvQt","preKeyId":34767}},"Bcr6g2xWJOVES31eO29T7HCx+hFgWojN50jfUmu3HpUZ":{"registrationId":3811808222,"currentRatchet":{"ephemeralKeyPair":{"pubKey":"BU0ufumQt5QgrlBmVzrSy3t9/dBbA8uXR1LbYA5s/30n","privKey":"gI0A5HktV0uhGXawuVj7G/QJMqQh+eDT9CiLnvWyx0Q="},"lastRemoteEphemeralKey":"BRheXb7OJpAhV8degea4oenXDTfVRY4IFOzSVpi70gh5","previousCounter":0,"rootKey":"6wJwxs90gPJnOUgICUV9syNjGktoX4KM0qWMZKX3cgU="},"indexInfo":{"baseKey":"Bcr6g2xWJOVES31eO29T7HCx+hFgWojN50jfUmu3HpUZ","baseKeyType":1,"closed":-1,"used":1746721277518,"created":1746721277518,"remoteIdentityKey":"BfzT5B16whCJiW5DAOWJj1EhW8ZO1ydNlX4hq0vc98N7"},"_chains":{"BU0ufumQt5QgrlBmVzrSy3t9/dBbA8uXR1LbYA5s/30n":{"chainKey":{"counter":0,"key":"iv7KZtdCM55h+2+XzBL7BWzaBGjXNWjHPkP2cMdxyXc="},"chainType":1,"messageKeys":{}}},"pendingPreKey":{"signedKeyId":1,"baseKey":"Bcr6g2xWJOVES31eO29T7HCx+hFgWojN50jfUmu3HpUZ","preKeyId":34787}}},"version":"v1"}