{"_sessions":{"BYtPrIInneH4KWJ/3Tu2YLNh4WVg8Od3Zch5AAnPqMIb":{"registrationId":476592144,"currentRatchet":{"ephemeralKeyPair":{"pubKey":"BbbxhLaeip57OmDsCD5Q36Zsb4tnU7WTFxRjf2/cQ9p3","privKey":"yH0N8WhK9d9muNFAF+HOnXPSx8X1nKy6x4U9CHNREEk="},"lastRemoteEphemeralKey":"BRq0e/wyWwv4elyrmz9XsnU93MrSOyFq7rNnUXGwHicj","previousCounter":0,"rootKey":"qmkb+0rnepQNZPbA8E0DHN568QtCEEkq3ykIwLtvEy8="},"indexInfo":{"baseKey":"BYtPrIInneH4KWJ/3Tu2YLNh4WVg8Od3Zch5AAnPqMIb","baseKeyType":1,"closed":1746721104017,"used":1746721072642,"created":1746721072642,"remoteIdentityKey":"BYUhcsqEMJm1bUpjWhlgGfAzs3fsGNH1Z8YQO1AnOR49"},"_chains":{"BbbxhLaeip57OmDsCD5Q36Zsb4tnU7WTFxRjf2/cQ9p3":{"chainKey":{"counter":0,"key":"VTZFTaoTDgPbMC4eaEgzN7iMUnh9ZEzKUcbm6G80khM="},"chainType":1,"messageKeys":{}}},"pendingPreKey":{"signedKeyId":769409,"baseKey":"BYtPrIInneH4KWJ/3Tu2YLNh4WVg8Od3Zch5AAnPqMIb","preKeyId":2777}},"BfAdVcAHOgLVHeNoWkpleAagWzaL3fQvttwVfSueNVR2":{"registrationId":476592144,"currentRatchet":{"ephemeralKeyPair":{"pubKey":"BUodJNILJhEYU7FWN4WA5BVNq+TdTbXg69h9yIgCMoQZ","privKey":"kEg40diEigTbjLaV2gIjWwh6fGCeqGvuySTbpcRacF8="},"lastRemoteEphemeralKey":"BRq0e/wyWwv4elyrmz9XsnU93MrSOyFq7rNnUXGwHicj","previousCounter":0,"rootKey":"5jEGtEjgSbZI94803kzxJI8AZd6BEq0hT1hy6D1HYXU="},"indexInfo":{"baseKey":"BfAdVcAHOgLVHeNoWkpleAagWzaL3fQvttwVfSueNVR2","baseKeyType":1,"closed":-1,"used":1746721103472,"created":1746721103472,"remoteIdentityKey":"BYUhcsqEMJm1bUpjWhlgGfAzs3fsGNH1Z8YQO1AnOR49"},"_chains":{"BUodJNILJhEYU7FWN4WA5BVNq+TdTbXg69h9yIgCMoQZ":{"chainKey":{"counter":2,"key":"HecNGYp72MscFlDo7izcgCZsQs+adyNJGSSyc6UV7ms="},"chainType":1,"messageKeys":{}}},"pendingPreKey":{"signedKeyId":769409,"baseKey":"BfAdVcAHOgLVHeNoWkpleAagWzaL3fQvttwVfSueNVR2","preKeyId":2867}}},"version":"v1"}