{"_sessions":{"BdJJmP33EOD9K92e16bwRGXkq0zOIDFZhkpebnk50yEQ":{"registrationId":1650835951,"currentRatchet":{"ephemeralKeyPair":{"pubKey":"BXB0DZ96FS0zcQsLwU144xrT/OmbuGfv9y02rOOU4IM1","privKey":"sLBGrUF0i2xAXq4yvd9/wSEfMixuiE0QFoWgo8Qy21U="},"lastRemoteEphemeralKey":"BS/wo3fGQ5vttxfu40OL5nHr5J7vwJ9YUP40Yi9n8X8z","previousCounter":0,"rootKey":"qzvsqpEsPQ+bgcVSVDg8m5e3nMxzI5yCSluEUn/1eaA="},"indexInfo":{"baseKey":"BdJJmP33EOD9K92e16bwRGXkq0zOIDFZhkpebnk50yEQ","baseKeyType":1,"closed":-1,"used":1746714540116,"created":1746714540116,"remoteIdentityKey":"BeI+G/qo7AUcv2CAO64BBEAJNJkuHm89PmovvV0F0kZ1"},"_chains":{"BXB0DZ96FS0zcQsLwU144xrT/OmbuGfv9y02rOOU4IM1":{"chainKey":{"counter":0,"key":"1rUDWLLis5zwJqITW+od81UFaO9ZHMcHp2zC5fjihfQ="},"chainType":1,"messageKeys":{}}},"pendingPreKey":{"signedKeyId":5,"baseKey":"BdJJmP33EOD9K92e16bwRGXkq0zOIDFZhkpebnk50yEQ","preKeyId":14500215}}},"version":"v1"}