{"_sessions":{"Bdq5em8EIseAo6K+XrtFygWeIV9WkY70fnOwNSZ00aBq":{"registrationId":995856631,"currentRatchet":{"ephemeralKeyPair":{"pubKey":"Bbvay0+bqOk3ksJLNWKXWweaWWyJ0vm2g5V+KT3wkLMP","privKey":"EJBG/ab30eeQ1Bmyg/H8HvYkY3xiwMzv3H9ewvhKo1w="},"lastRemoteEphemeralKey":"BTYEUOBJKPpZURJ4ss+kLhzj4wJHaaOJWOY5rvaCyol1","previousCounter":0,"rootKey":"x773e49Yx7wHcKWopL17sREnKnaD0OWcPQih97unvYo="},"indexInfo":{"baseKey":"Bdq5em8EIseAo6K+XrtFygWeIV9WkY70fnOwNSZ00aBq","baseKeyType":1,"closed":1746721104120,"used":1746721072984,"created":1746721072984,"remoteIdentityKey":"BbA3AxL4av4ns+Ss4OQ7Min0Ae25QM+z8bZN12/w7jkh"},"_chains":{"Bbvay0+bqOk3ksJLNWKXWweaWWyJ0vm2g5V+KT3wkLMP":{"chainKey":{"counter":0,"key":"QblDmK1wX8tsHx9oH2bum/D80AT5hsp+WGTYv8l8lMc="},"chainType":1,"messageKeys":{}}},"pendingPreKey":{"signedKeyId":3756532,"baseKey":"Bdq5em8EIseAo6K+XrtFygWeIV9WkY70fnOwNSZ00aBq","preKeyId":7377}},"BfnNhWJwdXqm6ujPPUujm/93x02xW5uG2kS86/ylXRxL":{"registrationId":995856631,"currentRatchet":{"ephemeralKeyPair":{"pubKey":"BQ1z7Qve37VgAWaO5Kk0B5T04/RbUZjsB5aJQ1ibkjBH","privKey":"kJZMScHTMxpbE+2dTzywD6Ka5iB1XQBq6/+JKo9vcG4="},"lastRemoteEphemeralKey":"BTYEUOBJKPpZURJ4ss+kLhzj4wJHaaOJWOY5rvaCyol1","previousCounter":0,"rootKey":"e84vOuqI1oZAaijWW7kmODP2J7lN5u2qpKF9lVwoQOM="},"indexInfo":{"baseKey":"BfnNhWJwdXqm6ujPPUujm/93x02xW5uG2kS86/ylXRxL","baseKeyType":1,"closed":-1,"used":1746721103910,"created":1746721103910,"remoteIdentityKey":"BbA3AxL4av4ns+Ss4OQ7Min0Ae25QM+z8bZN12/w7jkh"},"_chains":{"BQ1z7Qve37VgAWaO5Kk0B5T04/RbUZjsB5aJQ1ibkjBH":{"chainKey":{"counter":2,"key":"f3GWdxuA8PznXlSmwiPZIEJSJ4SxpP02nIYt13GGWSo="},"chainType":1,"messageKeys":{}}},"pendingPreKey":{"signedKeyId":3756532,"baseKey":"BfnNhWJwdXqm6ujPPUujm/93x02xW5uG2kS86/ylXRxL","preKeyId":8083}}},"version":"v1"}