{"_sessions":{"BRpKHGv00Ay07VMoCGHIg8NunedCOFb7a+7AwcQPIcEG":{"registrationId":1249871079,"currentRatchet":{"ephemeralKeyPair":{"pubKey":"Bb0Z+5jmj3ym1wxjA6W3uQqAwOPvEHs7pni6f0wD1+Ja","privKey":"UFsie5JPasKMfgHk2epSNRSOeZkwA/iFKMuvK3/WRnQ="},"lastRemoteEphemeralKey":"BW6v5LIzUPkBiCT5UXfR/RGB8sQuvzjANzCH52k3mIFW","previousCounter":0,"rootKey":"1gmynyliWqdZ4K7ku8v4VUrC6PfzM1UVUjRpV8fzIfo="},"indexInfo":{"baseKey":"BRpKHGv00Ay07VMoCGHIg8NunedCOFb7a+7AwcQPIcEG","baseKeyType":1,"closed":1746721122213,"used":1746721090390,"created":1746721090390,"remoteIdentityKey":"BRv5tn6MgnEJW2u3yxhPIYNbdOByqZ4lXDfJ9XLfm6Qw"},"_chains":{"Bb0Z+5jmj3ym1wxjA6W3uQqAwOPvEHs7pni6f0wD1+Ja":{"chainKey":{"counter":0,"key":"l1PmsItfgGrKRpx5u73it2FwYFZOGZNIzY4zYcUfuhs="},"chainType":1,"messageKeys":{}}},"pendingPreKey":{"signedKeyId":12283448,"baseKey":"BRpKHGv00Ay07VMoCGHIg8NunedCOFb7a+7AwcQPIcEG"}},"BSNERNOqiJoP2VZVGScQyHL99PS8oCYO9281xso4CINS":{"registrationId":1249871079,"currentRatchet":{"ephemeralKeyPair":{"pubKey":"BVaAIeuE3Y54C3+EYoo5NwZkKyprjQc3jHcqm1Kntpcf","privKey":"gNj59KgNmm559GdCvTfLU3lMicU7ktJoHaMC7HDn0nM="},"lastRemoteEphemeralKey":"BW6v5LIzUPkBiCT5UXfR/RGB8sQuvzjANzCH52k3mIFW","previousCounter":0,"rootKey":"vHfPKy8tsbY/UgK0kQdJgJw9KDm5jNS2PBBLrdISKg8="},"indexInfo":{"baseKey":"BSNERNOqiJoP2VZVGScQyHL99PS8oCYO9281xso4CINS","baseKeyType":1,"closed":-1,"used":1746721121728,"created":1746721121728,"remoteIdentityKey":"BRv5tn6MgnEJW2u3yxhPIYNbdOByqZ4lXDfJ9XLfm6Qw"},"_chains":{"BVaAIeuE3Y54C3+EYoo5NwZkKyprjQc3jHcqm1Kntpcf":{"chainKey":{"counter":2,"key":"KxwLjFUZuyZ3mWW0FHYDKZShh6lZi7CMbD9g5iPcnAk="},"chainType":1,"messageKeys":{}}},"pendingPreKey":{"signedKeyId":12283448,"baseKey":"BSNERNOqiJoP2VZVGScQyHL99PS8oCYO9281xso4CINS"}}},"version":"v1"}