{"_sessions":{"BRCuPhvpJHxeulGFg2S+g+wNbgOvo87Eawcy3f9Yn5Vi":{"registrationId":1859473308,"currentRatchet":{"ephemeralKeyPair":{"pubKey":"BaBp20yOsP7LcVBMfOUPvPp4t50pdYnwa0wc3En5gh8c","privKey":"ABIjJzd4dYTGlbaXBTLBiZV8rKAokzSwQZPZOs6Wx1Y="},"lastRemoteEphemeralKey":"BQRIY2ed1vBzmBTAJ29pWqUkghJH7nDY7MMV3i3Fr1kG","previousCounter":0,"rootKey":"7zLUuI1ZywURU3n2INYCMMWaZQFb7pHXO1OPxaDswgI="},"indexInfo":{"baseKey":"BRCuPhvpJHxeulGFg2S+g+wNbgOvo87Eawcy3f9Yn5Vi","baseKeyType":1,"closed":-1,"used":1746714529188,"created":1746714529188,"remoteIdentityKey":"BWgjnYaBnENa75imZtOjBK2WX0PSDuklG/jRDlfA4Cg+"},"_chains":{"BaBp20yOsP7LcVBMfOUPvPp4t50pdYnwa0wc3En5gh8c":{"chainKey":{"counter":0,"key":"mzIiCwUImhok2rPSoFdBFDD9XK3teCUE/7eCS821lBo="},"chainType":1,"messageKeys":{}}},"pendingPreKey":{"signedKeyId":1,"baseKey":"BRCuPhvpJHxeulGFg2S+g+wNbgOvo87Eawcy3f9Yn5Vi","preKeyId":14364476}}},"version":"v1"}