{"_sessions":{"BeNvL7Q4WCrsuMnuWJB7CJlcOvpeW0ncoJKvCWXw86te":{"registrationId":869916753,"currentRatchet":{"ephemeralKeyPair":{"pubKey":"BSonyKh1a/4L8+7KVLcR9dQI/eADZvNuzpIK7jso4op2","privKey":"6B0ODiVICiVneFkSrHaznzKExlRXqgHUGUblbxN/E3k="},"lastRemoteEphemeralKey":"Bdokb6MrrQpKDW8kFdaMVH2HjSsmhsVjUwn6UozZEBgr","previousCounter":0,"rootKey":"vnPIh8vkd7W0pF8aell38Xpqr7rfj7SEq5z6Cw6nEGg="},"indexInfo":{"baseKey":"BeNvL7Q4WCrsuMnuWJB7CJlcOvpeW0ncoJKvCWXw86te","baseKeyType":1,"closed":-1,"used":1746714529142,"created":1746714529142,"remoteIdentityKey":"BehpDSfZaXByk6++A0jg1USjTJcgI421vIpRAm7dxex4"},"_chains":{"BSonyKh1a/4L8+7KVLcR9dQI/eADZvNuzpIK7jso4op2":{"chainKey":{"counter":0,"key":"Az6pftdp61QmKhzGaTSimmxz+BJghiE68ZomUhKFh9o="},"chainType":1,"messageKeys":{}}},"pendingPreKey":{"signedKeyId":3,"baseKey":"BeNvL7Q4WCrsuMnuWJB7CJlcOvpeW0ncoJKvCWXw86te","preKeyId":2283492}}},"version":"v1"}