{"_sessions":{"BfO7+mwyPJzrkpZ0JZmiKB2QBF176xXZubesXCy2K8YY":{"registrationId":404932810,"currentRatchet":{"ephemeralKeyPair":{"pubKey":"BalDE2jR3rwYTWNxThkII5qHm1Gd1hHxWl1nOuh7b8E/","privKey":"4DeQooh4qpCgMnJc/U75fn0sb+YWhoNJupCoj6vzy2E="},"lastRemoteEphemeralKey":"BX7VAg/SNlNUIXK7pwNr5FP+MuevzGh76RNyLPgvmuFC","previousCounter":0,"rootKey":"IjkOWu1cmIB74u3YBAGX34Ce2uUUzKztQsfR87UBJvQ="},"indexInfo":{"baseKey":"BfO7+mwyPJzrkpZ0JZmiKB2QBF176xXZubesXCy2K8YY","baseKeyType":1,"closed":-1,"used":1746714522272,"created":1746714522272,"remoteIdentityKey":"BXviBiRbxogB7Nl5fQ1Cju8YMfb8wQU1o1qRcda3IgEG"},"_chains":{"BalDE2jR3rwYTWNxThkII5qHm1Gd1hHxWl1nOuh7b8E/":{"chainKey":{"counter":0,"key":"RHdgctku8b45TFHd0oJ8TRG0If5bibhsmtkDgpU7Sxk="},"chainType":1,"messageKeys":{}}},"pendingPreKey":{"signedKeyId":3449772,"baseKey":"BfO7+mwyPJzrkpZ0JZmiKB2QBF176xXZubesXCy2K8YY"}}},"version":"v1"}