{"_sessions":{"BeXkW6oowK6cT9SDAQJOS5MiLwbNfd9/Efqc1VvPRl8I":{"registrationId":1212847456,"currentRatchet":{"ephemeralKeyPair":{"pubKey":"BQZWkDvk7Yx/YlWICrJQmXyT3ZbfarvHG1JctlIVSSFF","privKey":"IArYW23q7/ZtEnwgnnNaG+MR0SNP7vtrdJvxO4IEhVk="},"lastRemoteEphemeralKey":"BZ5cQq6KuulMatlncCXjR12QdhmyziberDJFVIjpOaUD","previousCounter":0,"rootKey":"JqOI5g7kZ0OmMUZ13/kn8EsJsvZ4CefzJsdWoZkfBrA="},"indexInfo":{"baseKey":"BeXkW6oowK6cT9SDAQJOS5MiLwbNfd9/Efqc1VvPRl8I","baseKeyType":1,"closed":1746721107812,"used":1746721075971,"created":1746721075971,"remoteIdentityKey":"BZFBg5qcKVAUd0L+1eUonIDl9y8U/2pyjScPPuuvhf4b"},"_chains":{"BQZWkDvk7Yx/YlWICrJQmXyT3ZbfarvHG1JctlIVSSFF":{"chainKey":{"counter":0,"key":"knd3AaDak3b2noxwWqYd9veJGlP2PDNlEandUtCnQRo="},"chainType":1,"messageKeys":{}}},"pendingPreKey":{"signedKeyId":7,"baseKey":"BeXkW6oowK6cT9SDAQJOS5MiLwbNfd9/Efqc1VvPRl8I","preKeyId":10294388}},"BbySlinE658RFV4tPyfQL6tDJ5M1P6DQwLDtyU3W5HBt":{"registrationId":1212847456,"currentRatchet":{"ephemeralKeyPair":{"pubKey":"BQNE7a+LE9de8pjv9IB1m+UX6P+yoee88tj8KFwcdpot","privKey":"+MxlFrD+07FlaLTdmWwF3n1qHw21gjfyJkYOrFtRsEY="},"lastRemoteEphemeralKey":"BZ5cQq6KuulMatlncCXjR12QdhmyziberDJFVIjpOaUD","previousCounter":0,"rootKey":"DGg/Xic3lstE3PenLyQ55+OJCUI9luGYSjVrQGiYi60="},"indexInfo":{"baseKey":"BbySlinE658RFV4tPyfQL6tDJ5M1P6DQwLDtyU3W5HBt","baseKeyType":1,"closed":-1,"used":1746721107526,"created":1746721107526,"remoteIdentityKey":"BZFBg5qcKVAUd0L+1eUonIDl9y8U/2pyjScPPuuvhf4b"},"_chains":{"BQNE7a+LE9de8pjv9IB1m+UX6P+yoee88tj8KFwcdpot":{"chainKey":{"counter":2,"key":"q4W53042YM0EcWfQKQ1v4fK1+y3bOCHDB6U8/vYEqJU="},"chainType":1,"messageKeys":{}}},"pendingPreKey":{"signedKeyId":7,"baseKey":"BbySlinE658RFV4tPyfQL6tDJ5M1P6DQwLDtyU3W5HBt","preKeyId":10293656}}},"version":"v1"}