{"_sessions":{"BTOau1FdvwB3F6Xf/uDwaWdrjHP5TR4j+EqVlHLGEQgs":{"registrationId":1307837849,"currentRatchet":{"ephemeralKeyPair":{"pubKey":"BVVR6BzZGqmg8/gFAAwTzziU9Px60/tycYpdkwG9cvUT","privKey":"CKXoAS7Pi5fPv7yu1TgpzWI8S4KDAq45Z8hcfHgPbms="},"lastRemoteEphemeralKey":"Bdr6RlHMKMqwWJlEiyBjMqf7MXCN1MaXttuWASvM+PoO","previousCounter":0,"rootKey":"bwwPNvna65UAVQ0h4UZ03PiB33j3x8F2tp/U8QcpYAQ="},"indexInfo":{"baseKey":"BTOau1FdvwB3F6Xf/uDwaWdrjHP5TR4j+EqVlHLGEQgs","baseKeyType":1,"closed":1746721103922,"used":1746721072433,"created":1746721072433,"remoteIdentityKey":"BaW+AkX/J5GGHExNbmMobR9sYMBV6SDgWtcshrIlvSx6"},"_chains":{"BVVR6BzZGqmg8/gFAAwTzziU9Px60/tycYpdkwG9cvUT":{"chainKey":{"counter":0,"key":"A2zUFmLe0WAWuHdXrXjxl/lnnRo2Hl56tBKGFrzrp14="},"chainType":1,"messageKeys":{}}},"pendingPreKey":{"signedKeyId":2,"baseKey":"BTOau1FdvwB3F6Xf/uDwaWdrjHP5TR4j+EqVlHLGEQgs","preKeyId":10659880}},"BRrajUmf3hyEBvocjX+/uXkMwJhBVLI4AAFbGOnVm0Fl":{"registrationId":1307837849,"currentRatchet":{"ephemeralKeyPair":{"pubKey":"BdyQt/+ZRmr+U1o/yu5u1YVydr6BY9cG1amWvDWyqVde","privKey":"KHNt1fnNSQKvMmHpdT7MG2cJyj5Mi3KaRHtD5RdvDkk="},"lastRemoteEphemeralKey":"Bdr6RlHMKMqwWJlEiyBjMqf7MXCN1MaXttuWASvM+PoO","previousCounter":0,"rootKey":"vLLgadXsP3ZNWmZ+Jme2uo9geoP48rB5ZE441rFnguI="},"indexInfo":{"baseKey":"BRrajUmf3hyEBvocjX+/uXkMwJhBVLI4AAFbGOnVm0Fl","baseKeyType":1,"closed":-1,"used":1746721103289,"created":1746721103289,"remoteIdentityKey":"BaW+AkX/J5GGHExNbmMobR9sYMBV6SDgWtcshrIlvSx6"},"_chains":{"BdyQt/+ZRmr+U1o/yu5u1YVydr6BY9cG1amWvDWyqVde":{"chainKey":{"counter":2,"key":"uwXgS4vbhzgAs1j0svSNaniGnoUm7Z5im6Ln4qe05yw="},"chainType":1,"messageKeys":{}}},"pendingPreKey":{"signedKeyId":2,"baseKey":"BRrajUmf3hyEBvocjX+/uXkMwJhBVLI4AAFbGOnVm0Fl","preKeyId":10659933}}},"version":"v1"}