{"_sessions":{"BVcwWxhhfNQ+HnAmppTGQQKs8wZFGrb2f4403wUBdS1n":{"registrationId":1361275385,"currentRatchet":{"ephemeralKeyPair":{"pubKey":"BXLf+YOKCiZpoPQ1vD8plRg37JDg9oO9Mi2QA1MDyDYN","privKey":"sIXzxJoKVI05WFnODG+1YvWFvM+uz5rhdzJnjSRlknQ="},"lastRemoteEphemeralKey":"BU9m9S7F4LtjIbOy5wSX+foNjdF3u8c/zCS+6jRoOyUZ","previousCounter":0,"rootKey":"fmc4NUthAdrCsUNlkqVg12DzhXG+LR9zpZL9cMav3bA="},"indexInfo":{"baseKey":"BVcwWxhhfNQ+HnAmppTGQQKs8wZFGrb2f4403wUBdS1n","baseKeyType":1,"closed":-1,"used":1746714525765,"created":1746714525765,"remoteIdentityKey":"BUUNeuuhw73/EwhlfRSjy42ywjKdzkHxwEVAWf4IbE92"},"_chains":{"BXLf+YOKCiZpoPQ1vD8plRg37JDg9oO9Mi2QA1MDyDYN":{"chainKey":{"counter":0,"key":"SdRphM0gXqtqo4hoTdKnp0ZO5N7pe+gb5NEjpPjFd1M="},"chainType":1,"messageKeys":{}}},"pendingPreKey":{"signedKeyId":6,"baseKey":"BVcwWxhhfNQ+HnAmppTGQQKs8wZFGrb2f4403wUBdS1n","preKeyId":13529671}}},"version":"v1"}