{"_sessions":{"BW8yCBPbX10UgQInIbwTDiH0UBBh4BRQcyaSqPEwcOsC":{"registrationId":1392882826,"currentRatchet":{"ephemeralKeyPair":{"pubKey":"BXnVsbXPU7HNAV06rm//CR6kOINXTS4lTbb8IKnMXQww","privKey":"MJmLiv+Zt0Zt4E8Rzel9vpCCelMQ5ck81C+E7SUTTmw="},"lastRemoteEphemeralKey":"BdhLubivpB4SwoxZJnyaUSCIAiZIRIED/SW5U3vtqg80","previousCounter":0,"rootKey":"gNpnzmJES7Sav62PU7beR/8CZvG/REOF9TQc+M7vKVw="},"indexInfo":{"baseKey":"BW8yCBPbX10UgQInIbwTDiH0UBBh4BRQcyaSqPEwcOsC","baseKeyType":1,"closed":-1,"used":1746714529559,"created":1746714529559,"remoteIdentityKey":"BVKb3nxGVYxTCswqYoK0KjM+bRP+kRmFRSzU5e+IOcxA"},"_chains":{"BXnVsbXPU7HNAV06rm//CR6kOINXTS4lTbb8IKnMXQww":{"chainKey":{"counter":0,"key":"jntofjNvZoQUxvFJh2eXYAONotz2sYxSOUx7cZHen2s="},"chainType":1,"messageKeys":{}}},"pendingPreKey":{"signedKeyId":1,"baseKey":"BW8yCBPbX10UgQInIbwTDiH0UBBh4BRQcyaSqPEwcOsC","preKeyId":7301349}}},"version":"v1"}