{"_sessions":{"BfG+sp3IIMf+s9M3dLR0kTxtIEU7E8ST/wplfsSsZy1+":{"registrationId":252541183,"currentRatchet":{"ephemeralKeyPair":{"pubKey":"BT013euMhkp0QFf2xrYbEpR4u2O7IBGza9IOn2DREmwD","privKey":"0K3nn2Ef3neX8GMDMtovPp63V9rnPggChNUmRN1arnM="},"lastRemoteEphemeralKey":"Balxcg8GCYzVKt52j1Xp31Z4XtqZWisl6FIZuCdKusJY","previousCounter":0,"rootKey":"Hj9Htj0hO6WUaGirV0Tk204qWkKUl6WlaK0aTbyn0ek="},"indexInfo":{"baseKey":"BfG+sp3IIMf+s9M3dLR0kTxtIEU7E8ST/wplfsSsZy1+","baseKeyType":1,"closed":-1,"used":1746714529155,"created":1746714529155,"remoteIdentityKey":"BbupLWGEsuotD4AJMyVkuyt/tK1LHssmhklfnN2BFUNS"},"_chains":{"BT013euMhkp0QFf2xrYbEpR4u2O7IBGza9IOn2DREmwD":{"chainKey":{"counter":0,"key":"Z0c8XCgXyMvdO02WJJkL+Nw6TxuuzFL9v9XwyAifzs8="},"chainType":1,"messageKeys":{}}},"pendingPreKey":{"signedKeyId":1,"baseKey":"BfG+sp3IIMf+s9M3dLR0kTxtIEU7E8ST/wplfsSsZy1+","preKeyId":13547019}}},"version":"v1"}