{"_sessions":{"BQ9RhPfEg2MJ3ZsouXwbNmaZm5flLk1L/3lpOqDSNGYd":{"registrationId":1521826006,"currentRatchet":{"ephemeralKeyPair":{"pubKey":"BVfDeOE0XZZgCeFfO0IkKvvAcfZkINtaX4brQkzk4fZO","privKey":"SB++KccCJrN3IL6gw1PQG+PhJfeEctzpqto0T15YX20="},"lastRemoteEphemeralKey":"BeH1/UDJJ6P7Ul1yLtv+T5V2EZTGJGhrfpjb4jtn/TJh","previousCounter":0,"rootKey":"hR9xo1xmQyrVN+v1prDKKVOLKFGDpPpb2mhIERnrfu0="},"indexInfo":{"baseKey":"BQ9RhPfEg2MJ3ZsouXwbNmaZm5flLk1L/3lpOqDSNGYd","baseKeyType":1,"closed":-1,"used":1746714525620,"created":1746714525620,"remoteIdentityKey":"BRCqgDtxby6H9jwRZugjwVInyFJRLeDJ5pUk3G5wgVwU"},"_chains":{"BVfDeOE0XZZgCeFfO0IkKvvAcfZkINtaX4brQkzk4fZO":{"chainKey":{"counter":0,"key":"twn2GRHH0rU+YFZ0SougStxMzku4ztsexZnnh7ui34g="},"chainType":1,"messageKeys":{}}},"pendingPreKey":{"signedKeyId":0,"baseKey":"BQ9RhPfEg2MJ3ZsouXwbNmaZm5flLk1L/3lpOqDSNGYd"}}},"version":"v1"}