{"_sessions":{"BWvfxrv+lBkmRvsE5Hl1zi7Q0Vy1Ax3VYBff2Uw8RZZB":{"registrationId":2831333064,"currentRatchet":{"ephemeralKeyPair":{"pubKey":"BSrUCuE3w6svCx4K28Ek0wvhQ45EBeDjx5bE3pZWni5k","privKey":"sPNd0Az7gPUkxS+k6LuT//QJiY5goDjaDR3+VBZ4m0E="},"lastRemoteEphemeralKey":"BR91UwiLyKVp72M8Ib+FhhZjgFWDNUfuiT6bll25v7gv","previousCounter":0,"rootKey":"0/Xh2ChArBh0YyYAvmqxLqKG0XJ7ZbVN5cujMk91r9Q="},"indexInfo":{"baseKey":"BWvfxrv+lBkmRvsE5Hl1zi7Q0Vy1Ax3VYBff2Uw8RZZB","baseKeyType":1,"closed":-1,"used":1746714522011,"created":1746714522011,"remoteIdentityKey":"BYlDSmYBD4lw+fkY7G1GvjA4mCHXCYAiEVVM/areiIJ1"},"_chains":{"BSrUCuE3w6svCx4K28Ek0wvhQ45EBeDjx5bE3pZWni5k":{"chainKey":{"counter":0,"key":"kD6xKK6mTjGH6N+W0eaFTonzGLt1ODL3uUd8D2XKRj4="},"chainType":1,"messageKeys":{}}},"pendingPreKey":{"signedKeyId":1,"baseKey":"BWvfxrv+lBkmRvsE5Hl1zi7Q0Vy1Ax3VYBff2Uw8RZZB","preKeyId":4956}}},"version":"v1"}