{"_sessions":{"BdrzhUojh0pNZnW0jE8ug0idTATT/aksaQ8eqVkPoG1q":{"registrationId":1506747145,"currentRatchet":{"ephemeralKeyPair":{"pubKey":"Bfhuewk3kiHxrBR37g7uO6LMCj3/eH+YntGLtLMGudVQ","privKey":"EJBMMFsfIitO0kP8Vcy3Hb1opImXbYkJMs7g22fQZG4="},"lastRemoteEphemeralKey":"BdD5p2Y0lxdTSyILuTAiB21kphsgIuswgFu1KAEATrJE","previousCounter":0,"rootKey":"pQBycMs+mNhVnmLqrTEoKPSihQS8fpk0I2G35INST4g="},"indexInfo":{"baseKey":"BdrzhUojh0pNZnW0jE8ug0idTATT/aksaQ8eqVkPoG1q","baseKeyType":1,"closed":1746721104066,"used":1746721072808,"created":1746721072808,"remoteIdentityKey":"BVSXul7oMui0jvDKfdhW4h7haEvvVNTvuvZ1O0r06/4Q"},"_chains":{"Bfhuewk3kiHxrBR37g7uO6LMCj3/eH+YntGLtLMGudVQ":{"chainKey":{"counter":0,"key":"hfYYkQnvLoGWNA0KiwykSV8xjCEHihkmMX9/l9PRfvQ="},"chainType":1,"messageKeys":{}}},"pendingPreKey":{"signedKeyId":2,"baseKey":"BdrzhUojh0pNZnW0jE8ug0idTATT/aksaQ8eqVkPoG1q","preKeyId":878936}},"Bfib3rM4ePjWdeVX227OHKmCP2BIS14dTinXrgojbAgs":{"registrationId":1506747145,"currentRatchet":{"ephemeralKeyPair":{"pubKey":"BUbH5Sd5Zdi/uTN3iVWIi6ZEkjJaJEpJdcxMnjMAwXU8","privKey":"oH9ZGZsksipbPIOBM7X7wVNKqLOn7MDy6y7snzHAd2g="},"lastRemoteEphemeralKey":"BdD5p2Y0lxdTSyILuTAiB21kphsgIuswgFu1KAEATrJE","previousCounter":0,"rootKey":"Miguv7xVLflf5g7oVJ6SnTPhnbYGv8mYAnKl3McbdKY="},"indexInfo":{"baseKey":"Bfib3rM4ePjWdeVX227OHKmCP2BIS14dTinXrgojbAgs","baseKeyType":1,"closed":-1,"used":1746721103656,"created":1746721103656,"remoteIdentityKey":"BVSXul7oMui0jvDKfdhW4h7haEvvVNTvuvZ1O0r06/4Q"},"_chains":{"BUbH5Sd5Zdi/uTN3iVWIi6ZEkjJaJEpJdcxMnjMAwXU8":{"chainKey":{"counter":2,"key":"62Mtz2sNtklBIyMuAWPlq3QNVi7SqNQi09IJVrlK+lM="},"chainType":1,"messageKeys":{}}},"pendingPreKey":{"signedKeyId":2,"baseKey":"Bfib3rM4ePjWdeVX227OHKmCP2BIS14dTinXrgojbAgs","preKeyId":878939}}},"version":"v1"}