{"_sessions":{"BVCVViJEUDYtCwpAjLJ1MGXGRQCVrcqtRRMJscrW3c5r":{"registrationId":2000757538,"currentRatchet":{"ephemeralKeyPair":{"pubKey":"Bb1PAwEphYvKRLOqNLrH9CWYc7rJaFYOnuYqxzPfpJt6","privKey":"aKotnxtKXrkkLNd0BZWxilD4Xta3aJ0U2cgdj2DJ4n8="},"lastRemoteEphemeralKey":"BdVGpTyjKsENXOwn5TRbjI+sQZBTN4bixTbGlqdoKGNk","previousCounter":0,"rootKey":"2G+TlogB0VVgWY1pfV9v8rZSZypQLXhG7M2Wmay9Zeo="},"indexInfo":{"baseKey":"BVCVViJEUDYtCwpAjLJ1MGXGRQCVrcqtRRMJscrW3c5r","baseKeyType":1,"closed":1746721104094,"used":1746721072898,"created":1746721072898,"remoteIdentityKey":"BaN9ljVxZsTyTfX9+8VQ3KgRK0vGf0YSwfQzbYq55s4z"},"_chains":{"Bb1PAwEphYvKRLOqNLrH9CWYc7rJaFYOnuYqxzPfpJt6":{"chainKey":{"counter":0,"key":"1q96x2GvBFldKm6RVlzhqeRcZUifxU2Enb6hDkA5V7U="},"chainType":1,"messageKeys":{}}},"pendingPreKey":{"signedKeyId":0,"baseKey":"BVCVViJEUDYtCwpAjLJ1MGXGRQCVrcqtRRMJscrW3c5r"}},"BchDQmzkdYe+TujkDCc6yuzkmqBcazjRyMEmV/IGlw8A":{"registrationId":2000757538,"currentRatchet":{"ephemeralKeyPair":{"pubKey":"Bbfb+4MI89HufMyYmkEBw6hxmIYBQ/fkLaTiLw0uhMZO","privKey":"ENpyXxHdp1z++HQPq1hIAXug3SpUdpZ/gr94x2ltp0g="},"lastRemoteEphemeralKey":"BdVGpTyjKsENXOwn5TRbjI+sQZBTN4bixTbGlqdoKGNk","previousCounter":0,"rootKey":"b1RbhKnoMmqdnCJWCMZ2eLvT2GgFWaUeGBOGpMGgjGk="},"indexInfo":{"baseKey":"BchDQmzkdYe+TujkDCc6yuzkmqBcazjRyMEmV/IGlw8A","baseKeyType":1,"closed":-1,"used":1746721103787,"created":1746721103787,"remoteIdentityKey":"BaN9ljVxZsTyTfX9+8VQ3KgRK0vGf0YSwfQzbYq55s4z"},"_chains":{"Bbfb+4MI89HufMyYmkEBw6hxmIYBQ/fkLaTiLw0uhMZO":{"chainKey":{"counter":2,"key":"OI7IC3D007NJ3wHpeI/XRIJiqJmmzSM8sRUs+r5mhTw="},"chainType":1,"messageKeys":{}}},"pendingPreKey":{"signedKeyId":0,"baseKey":"BchDQmzkdYe+TujkDCc6yuzkmqBcazjRyMEmV/IGlw8A"}}},"version":"v1"}