{"_sessions":{"BbvJ6KORSTQz4uk4wRC8ELMxuLnqGmYnqZmKdPfNWtIj":{"registrationId":10269917,"currentRatchet":{"ephemeralKeyPair":{"pubKey":"BWyJATRXNprCxUKMPbr3SOEZ9NSXfAxKqRGHXphU4Xsn","privKey":"KDMdfGzC1bzNhfe6egX/pPOWcD2bXMPoO5OJBZiVDm8="},"lastRemoteEphemeralKey":"BWaVdpHfOLf4QpFOd4xu1fnxdafYmJ7mOhRMTXuPSBJl","previousCounter":0,"rootKey":"UPnhwOMc2kHb5r5UAkLQnRXCmIlM7R9sBDCr3POU0JA="},"indexInfo":{"baseKey":"BbvJ6KORSTQz4uk4wRC8ELMxuLnqGmYnqZmKdPfNWtIj","baseKeyType":1,"closed":1746721104050,"used":1746721072754,"created":1746721072754,"remoteIdentityKey":"BX9fiQFsA9+NinWmXYOv8ljpVcXkQtDD10YsAJzsNmYw"},"_chains":{"BWyJATRXNprCxUKMPbr3SOEZ9NSXfAxKqRGHXphU4Xsn":{"chainKey":{"counter":0,"key":"lWZmk/fS9OXBKP7wHPbBEIg/Em4zBpRzIPayWegDAEM="},"chainType":1,"messageKeys":{}}},"pendingPreKey":{"signedKeyId":5851240,"baseKey":"BbvJ6KORSTQz4uk4wRC8ELMxuLnqGmYnqZmKdPfNWtIj","preKeyId":6220}},"BfHK6NQ4X3SoxaijU9RzkVMpclMshRIq4aQgPYJuWFhl":{"registrationId":10269917,"currentRatchet":{"ephemeralKeyPair":{"pubKey":"BZJsprH1BxZgq38+gIQN9x+w3V4qI8Zw1z7c97iF3RoN","privKey":"2Ij4/djpW9VVNZgP2/pLHhsVzKkWclwW3ZrowNIJOng="},"lastRemoteEphemeralKey":"BWaVdpHfOLf4QpFOd4xu1fnxdafYmJ7mOhRMTXuPSBJl","previousCounter":0,"rootKey":"IDk0eLVYYQ9V4xU4CLTAM6sm0DLJanECEoqsQbf5kTc="},"indexInfo":{"baseKey":"BfHK6NQ4X3SoxaijU9RzkVMpclMshRIq4aQgPYJuWFhl","baseKeyType":1,"closed":-1,"used":1746721103593,"created":1746721103593,"remoteIdentityKey":"BX9fiQFsA9+NinWmXYOv8ljpVcXkQtDD10YsAJzsNmYw"},"_chains":{"BZJsprH1BxZgq38+gIQN9x+w3V4qI8Zw1z7c97iF3RoN":{"chainKey":{"counter":2,"key":"LM8KrMkasroRIINtOk4m/o5QzH6XFXnuTJW7EjsyaoQ="},"chainType":1,"messageKeys":{}}},"pendingPreKey":{"signedKeyId":5851240,"baseKey":"BfHK6NQ4X3SoxaijU9RzkVMpclMshRIq4aQgPYJuWFhl","preKeyId":6199}}},"version":"v1"}