{"_sessions":{"BYdLX4k+fmUPZYqPslXwc7RIKCAREkIpflNXwCPPYskA":{"registrationId":1577772830,"currentRatchet":{"ephemeralKeyPair":{"pubKey":"BWGb2+UAGmjT39vBCI3SElNHpW7qZVc/pemAXNy6i95i","privKey":"sH6B/IwXsXz2KOJJeHmtUzGf/SK7+7Llzr8p3deKaHY="},"lastRemoteEphemeralKey":"BQuKlVfbLUOHfbyjq9iORzaPGPQidMYxejH9ubZYfNs0","previousCounter":0,"rootKey":"2jGP3FiNdDPi4uWK7LdXtYhR27URezRu5W5L8nymCEU="},"indexInfo":{"baseKey":"BYdLX4k+fmUPZYqPslXwc7RIKCAREkIpflNXwCPPYskA","baseKeyType":1,"closed":1746721107859,"used":1746721076148,"created":1746721076148,"remoteIdentityKey":"Be/iCxWZlUi0/UK1hNaL41k6Fx3AbEM0cCsZV13joGZA"},"_chains":{"BWGb2+UAGmjT39vBCI3SElNHpW7qZVc/pemAXNy6i95i":{"chainKey":{"counter":0,"key":"wNrWcWe7l2VDpauzTSi0ADRar56hdzCsWKAGy4rPTJY="},"chainType":1,"messageKeys":{}}},"pendingPreKey":{"signedKeyId":2,"baseKey":"BYdLX4k+fmUPZYqPslXwc7RIKCAREkIpflNXwCPPYskA"}},"BU8uwWEYe32cIzubREFqQoIheATWMz7BusbtMB3S8T9Q":{"registrationId":1577772830,"currentRatchet":{"ephemeralKeyPair":{"pubKey":"Bf8WoBj+JEAjgPmLrEW/I7Xqnmk/jh87QsSsffPIFSwe","privKey":"SOZQq58I8SNfa5EM7vJqzRGX3DJjd+WfEYox8sHWwUs="},"lastRemoteEphemeralKey":"BQuKlVfbLUOHfbyjq9iORzaPGPQidMYxejH9ubZYfNs0","previousCounter":0,"rootKey":"EMJkVRwX7TqKoNdgS86YUhrDZPn68q8e3Ay1OZm55no="},"indexInfo":{"baseKey":"BU8uwWEYe32cIzubREFqQoIheATWMz7BusbtMB3S8T9Q","baseKeyType":1,"closed":-1,"used":1746721107670,"created":1746721107670,"remoteIdentityKey":"Be/iCxWZlUi0/UK1hNaL41k6Fx3AbEM0cCsZV13joGZA"},"_chains":{"Bf8WoBj+JEAjgPmLrEW/I7Xqnmk/jh87QsSsffPIFSwe":{"chainKey":{"counter":2,"key":"8R1QQmc0rk/1/oBRgJCHPUk6wpVM+S+HU6s413UNUzg="},"chainType":1,"messageKeys":{}}},"pendingPreKey":{"signedKeyId":2,"baseKey":"BU8uwWEYe32cIzubREFqQoIheATWMz7BusbtMB3S8T9Q"}}},"version":"v1"}