{"_sessions":{"BWMRQAAvz2Q+JlyKWjdtXUhheQE9mmN72P6YNAZw9PJ9":{"registrationId":797700922,"currentRatchet":{"ephemeralKeyPair":{"pubKey":"BUmQiideUGGzmDDg023tP4OID3R1W9CB8HPJbFGuC2lv","privKey":"+GQA6GxR9Q/ZDFxS8juubMpKqQnphid1E1tG7b05p3M="},"lastRemoteEphemeralKey":"Bekojch+ctU9MsYgxJgZ1suC70pVrRPdoXJ6pK2jvsNH","previousCounter":0,"rootKey":"p17H2mclvCT0cD05kKSyBk2a/WqVhWrKxV0dfzVUAo8="},"indexInfo":{"baseKey":"BWMRQAAvz2Q+JlyKWjdtXUhheQE9mmN72P6YNAZw9PJ9","baseKeyType":1,"closed":-1,"used":1746714525536,"created":1746714525536,"remoteIdentityKey":"Baz+YHWwUuzFjfDHLpmBQUJEpzUnQlJDG+i7YsHTiVJt"},"_chains":{"BUmQiideUGGzmDDg023tP4OID3R1W9CB8HPJbFGuC2lv":{"chainKey":{"counter":0,"key":"K/PtQDJzrTb6Ds4igmdjis8W/je6RXlFd08nrLI+B04="},"chainType":1,"messageKeys":{}}},"pendingPreKey":{"signedKeyId":7,"baseKey":"BWMRQAAvz2Q+JlyKWjdtXUhheQE9mmN72P6YNAZw9PJ9","preKeyId":16020082}}},"version":"v1"}