{"_sessions":{"BVIYpWNDAspIT2srDyTpjeo0KIDozDietapfKP/szxw7":{"registrationId":1841053905,"currentRatchet":{"ephemeralKeyPair":{"pubKey":"Ba5dK+z4Tvk/xLfcwZlhDOqvOG40n/gPckpCeE1WqWZy","privKey":"qATuHaxrWO8gPXbO5Eij4LyRS5ebCSaJB4ANFtsEamc="},"lastRemoteEphemeralKey":"BX/83Cpbl6W2Y1bsDQhJs1jjPQAG9o03iiZvRmqCH7U4","previousCounter":0,"rootKey":"1F0N55lThTHo0rQNNvauk/hCEMmaXcQUbvS+dg2hyYw="},"indexInfo":{"baseKey":"BVIYpWNDAspIT2srDyTpjeo0KIDozDietapfKP/szxw7","baseKeyType":1,"closed":1746721111338,"used":1746721080126,"created":1746721080126,"remoteIdentityKey":"BZNjJoMM+sOmES1RJ8GZ/fQ6tMAJQrpDMiye9KKDsWxc"},"_chains":{"Ba5dK+z4Tvk/xLfcwZlhDOqvOG40n/gPckpCeE1WqWZy":{"chainKey":{"counter":0,"key":"F5LdkUKtSjxz+wST/8l1d2oCDuS7CbJit4L8dA/8emw="},"chainType":1,"messageKeys":{}}},"pendingPreKey":{"signedKeyId":1,"baseKey":"BVIYpWNDAspIT2srDyTpjeo0KIDozDietapfKP/szxw7","preKeyId":14590517}},"BQQKv2A7zd1y70Sf3dw8GbUMz2aR3lgYztHRpMzw/H4R":{"registrationId":1841053905,"currentRatchet":{"ephemeralKeyPair":{"pubKey":"BYshB1AbC01ZXaMM8ReyCjT5N/jMZ698fc/18fjlh7AW","privKey":"kCaJ4muCJBak2PUFFCIzOdTNdnL2OAwaBT1GUFNX3VE="},"lastRemoteEphemeralKey":"BX/83Cpbl6W2Y1bsDQhJs1jjPQAG9o03iiZvRmqCH7U4","previousCounter":0,"rootKey":"GEotbLuj7e12gc3yr4+yUv5vsJexuuMKsc64ntm4+bQ="},"indexInfo":{"baseKey":"BQQKv2A7zd1y70Sf3dw8GbUMz2aR3lgYztHRpMzw/H4R","baseKeyType":1,"closed":-1,"used":1746721111066,"created":1746721111065,"remoteIdentityKey":"BZNjJoMM+sOmES1RJ8GZ/fQ6tMAJQrpDMiye9KKDsWxc"},"_chains":{"BYshB1AbC01ZXaMM8ReyCjT5N/jMZ698fc/18fjlh7AW":{"chainKey":{"counter":2,"key":"OtjUpbs+rigiDzYGYVCCrvPOHAFr/usOLg/G8uejyOA="},"chainType":1,"messageKeys":{}}},"pendingPreKey":{"signedKeyId":1,"baseKey":"BQQKv2A7zd1y70Sf3dw8GbUMz2aR3lgYztHRpMzw/H4R","preKeyId":14590999}}},"version":"v1"}