{"_sessions":{"BcNafEvDUvHrvGgVaFiKaFpNeAe/AKLU/I0eWYHV3Nl2":{"registrationId":5755,"currentRatchet":{"ephemeralKeyPair":{"pubKey":"BZeDKTJNB/BnNyUPVYC6SBe7iPPHdbxHUCXEd//JlGxP","privKey":"qDDYlm9aPRlPFWCek0ba9/el2fHk6HtW5U6P5CJQMnI="},"lastRemoteEphemeralKey":"Bd/9ViL+EnGveD/7lMHrKuRkJYR+U++ZRKFwVmdw9CRB","previousCounter":0,"rootKey":"jLbuSSba7Zx5ad4PTdr/YLPkvwxDTfbPhnussy1+wis="},"indexInfo":{"baseKey":"BcNafEvDUvHrvGgVaFiKaFpNeAe/AKLU/I0eWYHV3Nl2","baseKeyType":1,"closed":-1,"used":1746714522206,"created":1746714522206,"remoteIdentityKey":"BXdbD9Ld7BJQsjzHQLAvcrJx0My1/AIRdkCbxYkl+mMR"},"_chains":{"BZeDKTJNB/BnNyUPVYC6SBe7iPPHdbxHUCXEd//JlGxP":{"chainKey":{"counter":0,"key":"omnUw/UI8diUoX8VsEGv5oK9cXb+W+0enl77aVKJYGY="},"chainType":1,"messageKeys":{}}},"pendingPreKey":{"signedKeyId":1,"baseKey":"BcNafEvDUvHrvGgVaFiKaFpNeAe/AKLU/I0eWYHV3Nl2"}}},"version":"v1"}