{"_sessions":{"BYXzb+JkcVYWUAsK33dsqa0NHgu1gXawAF2G9GdRCqkJ":{"registrationId":1998137281,"currentRatchet":{"ephemeralKeyPair":{"pubKey":"BRRQMvDJhArdXYYTEGz8NwFcL8Yo2Ax/CA9HsHI5HB0b","privKey":"iFrRYWzaNOSiRdViVCEV2vOm/B0vQu3Pqg35g+7CX2A="},"lastRemoteEphemeralKey":"BYuhXTyO3zo6DPrWhRhXIeZ/xq83QCNmynYeFSU+zR4r","previousCounter":0,"rootKey":"7n/ic7EJ+BRyJ4vSeHsIK5JaXM8V7jwCgys0JwM8taQ="},"indexInfo":{"baseKey":"BYXzb+JkcVYWUAsK33dsqa0NHgu1gXawAF2G9GdRCqkJ","baseKeyType":1,"closed":1746721099229,"used":1746721069019,"created":1746721069019,"remoteIdentityKey":"Bc0pBaX0tpadgnC3G6U1eaTsyeGzRY8YnE4mYJCHHXYp"},"_chains":{"BRRQMvDJhArdXYYTEGz8NwFcL8Yo2Ax/CA9HsHI5HB0b":{"chainKey":{"counter":0,"key":"lq8Vfh3kBWQwWUwBkjuZGlCKE7IGsVDCqrgx0vHb2mU="},"chainType":1,"messageKeys":{}}},"pendingPreKey":{"signedKeyId":1,"baseKey":"BYXzb+JkcVYWUAsK33dsqa0NHgu1gXawAF2G9GdRCqkJ"}},"BevxCuWtWiOhUOqIpHJNXnLKRJQcY1pjfFwGOD/yE0RA":{"registrationId":1998137281,"currentRatchet":{"ephemeralKeyPair":{"pubKey":"Be38NaJ1RFFHH7/RJaaLJYYCNP5MuH7VTdlo62cOd7RB","privKey":"qPVj/UtOLTfdJ98EAeZAu+qVLrnDMdBX0cdSrhB0s28="},"lastRemoteEphemeralKey":"BYuhXTyO3zo6DPrWhRhXIeZ/xq83QCNmynYeFSU+zR4r","previousCounter":0,"rootKey":"oVWtweAZHtZR7EEyzZbPfv4FRnieF7pz0fm0VubP9Vs="},"indexInfo":{"baseKey":"BevxCuWtWiOhUOqIpHJNXnLKRJQcY1pjfFwGOD/yE0RA","baseKeyType":1,"closed":-1,"used":1746721098692,"created":1746721098692,"remoteIdentityKey":"Bc0pBaX0tpadgnC3G6U1eaTsyeGzRY8YnE4mYJCHHXYp"},"_chains":{"Be38NaJ1RFFHH7/RJaaLJYYCNP5MuH7VTdlo62cOd7RB":{"chainKey":{"counter":2,"key":"E88UBIjAoud1ERU7BAc+l5kBjZgJQ+oEly8LJb73npI="},"chainType":1,"messageKeys":{}}},"pendingPreKey":{"signedKeyId":1,"baseKey":"BevxCuWtWiOhUOqIpHJNXnLKRJQcY1pjfFwGOD/yE0RA"}}},"version":"v1"}