{"_sessions":{"Bb5HTsPVNsL+f+JQPCLjEyyIzKug/X0rKC8e+Si118MH":{"registrationId":1239286529,"currentRatchet":{"ephemeralKeyPair":{"pubKey":"BQmV+QZELTdgFFVM627AtNG4eI2Kif6QA7Wq6y4raGYX","privKey":"sO5URVVRy9dMK85KQx1MCHWzwfB55AhYb1f+P++YpmU="},"lastRemoteEphemeralKey":"BSx3hpwLZZ2qugeCuidTuUjE4QatHakLGcQz7QIa9BRm","previousCounter":0,"rootKey":"Q+C+10bEm5cOS7tJiKOFrP73rTD4XiMTVvpnmZOvlvQ="},"indexInfo":{"baseKey":"Bb5HTsPVNsL+f+JQPCLjEyyIzKug/X0rKC8e+Si118MH","baseKeyType":1,"closed":1746721114817,"used":1746721083927,"created":1746721083927,"remoteIdentityKey":"BXcFqbUbjWosah11bX8ZrJpbrE9d+4GeWiC+OiEqmXYI"},"_chains":{"BQmV+QZELTdgFFVM627AtNG4eI2Kif6QA7Wq6y4raGYX":{"chainKey":{"counter":0,"key":"fAB9Swp8p20U4rZb6z79x42G52DUV3OTxJCxz/gmoy8="},"chainType":1,"messageKeys":{}}},"pendingPreKey":{"signedKeyId":5,"baseKey":"Bb5HTsPVNsL+f+JQPCLjEyyIzKug/X0rKC8e+Si118MH","preKeyId":13172465}},"BUVbcGLvWRJo6e9TjLdrsW1kvCI+RN2c/IXK9pEOqykI":{"registrationId":1239286529,"currentRatchet":{"ephemeralKeyPair":{"pubKey":"BUesAeTLReoPaxgTAqdFQUTTU+Wm9fbfQJblTP+wHU4y","privKey":"gGEjUkm3XB6B7V2pDUMjY4EYlK7IGveGMctj0KU3hns="},"lastRemoteEphemeralKey":"BSx3hpwLZZ2qugeCuidTuUjE4QatHakLGcQz7QIa9BRm","previousCounter":0,"rootKey":"+LS7EOCetMpQg0VI/ST71enFUkXp3Ogl9Xwad3Y+2Ns="},"indexInfo":{"baseKey":"BUVbcGLvWRJo6e9TjLdrsW1kvCI+RN2c/IXK9pEOqykI","baseKeyType":1,"closed":-1,"used":1746721114684,"created":1746721114684,"remoteIdentityKey":"BXcFqbUbjWosah11bX8ZrJpbrE9d+4GeWiC+OiEqmXYI"},"_chains":{"BUesAeTLReoPaxgTAqdFQUTTU+Wm9fbfQJblTP+wHU4y":{"chainKey":{"counter":2,"key":"ytV0i4REcAR62Z+gOv3qJKjUtI9yMCX+cJckyHbQjYU="},"chainType":1,"messageKeys":{}}},"pendingPreKey":{"signedKeyId":5,"baseKey":"BUVbcGLvWRJo6e9TjLdrsW1kvCI+RN2c/IXK9pEOqykI","preKeyId":13172333}}},"version":"v1"}