{"_sessions":{"BQHrVrr4VWktBZuCXXMryoSSE9hbhNW4eoUujyZ7pkJy":{"registrationId":2030258037,"currentRatchet":{"ephemeralKeyPair":{"pubKey":"BYz60am2ituwpxLyFkShpVMY93Q19z4v/kFJ1Ir5XxYm","privKey":"ICi3KM8YB/xZTYtC9miN9wcaLzXY4kN2mo1gBnAkon4="},"lastRemoteEphemeralKey":"BcPTu+bNrMcCK4Cc+tMt4RK8YRUzppnPbgsmwUtob+UD","previousCounter":0,"rootKey":"paiGhOpQvZjfkOTC0uTEWgoVpg2UJdisIQ+Fgt83ZJA="},"indexInfo":{"baseKey":"BQHrVrr4VWktBZuCXXMryoSSE9hbhNW4eoUujyZ7pkJy","baseKeyType":1,"closed":1746721114788,"used":1746721083836,"created":1746721083836,"remoteIdentityKey":"BQQvu5voDIbB+yQ9UMePmqNbG99vaqwWLTEzX4SHj4d2"},"_chains":{"BYz60am2ituwpxLyFkShpVMY93Q19z4v/kFJ1Ir5XxYm":{"chainKey":{"counter":0,"key":"UX9Dl0frxyjMUOS/Usdysk1/XO/opxl70w6DAJeokm0="},"chainType":1,"messageKeys":{}}},"pendingPreKey":{"signedKeyId":4,"baseKey":"BQHrVrr4VWktBZuCXXMryoSSE9hbhNW4eoUujyZ7pkJy"}},"BSZBcthtKulU4ZiVepojVY4VbNJ91gJpA4O3GoaQDOoF":{"registrationId":2030258037,"currentRatchet":{"ephemeralKeyPair":{"pubKey":"BaXyZPMgjqlGwAJnuBzBD1f+Jb94qX1DCyHmK0JIJvxx","privKey":"QFFeLu7k19H7TLUyA6RKQpdqi97km8tuRk7v7oPdzkI="},"lastRemoteEphemeralKey":"BcPTu+bNrMcCK4Cc+tMt4RK8YRUzppnPbgsmwUtob+UD","previousCounter":0,"rootKey":"L+GZkda8nahJDlDwoO4ak24/dIHk8dJLoVp5qU8GAq8="},"indexInfo":{"baseKey":"BSZBcthtKulU4ZiVepojVY4VbNJ91gJpA4O3GoaQDOoF","baseKeyType":1,"closed":-1,"used":1746721114597,"created":1746721114597,"remoteIdentityKey":"BQQvu5voDIbB+yQ9UMePmqNbG99vaqwWLTEzX4SHj4d2"},"_chains":{"BaXyZPMgjqlGwAJnuBzBD1f+Jb94qX1DCyHmK0JIJvxx":{"chainKey":{"counter":2,"key":"JX91lMKpXwLwyof4LYXM8GLNW56Q4HniM5jwNDb9YQU="},"chainType":1,"messageKeys":{}}},"pendingPreKey":{"signedKeyId":4,"baseKey":"BSZBcthtKulU4ZiVepojVY4VbNJ91gJpA4O3GoaQDOoF"}}},"version":"v1"}