{"_sessions":{"BTQgfptFApdMK0OXQ7BL1nO43HGymwUbY5dcYJhwGrhY":{"registrationId":613949983,"currentRatchet":{"ephemeralKeyPair":{"pubKey":"BTXVniIDY0kmmYI4FZzx6Nnhnqj8Jj5FXeyviH7BOPgo","privKey":"qC5FjGTXrH5fpQmWVkYqdLSofwLDQ6GaPL+S0kbAtWs="},"lastRemoteEphemeralKey":"BSZe8jb7hdVioVEkWNacDbLzLnrrgQ+YbOxl5HNuXf5e","previousCounter":0,"rootKey":"vxkWcK8HCBtdqNFq8EjouKfVWOeBSdKjrup6duTuR7Q="},"indexInfo":{"baseKey":"BTQgfptFApdMK0OXQ7BL1nO43HGymwUbY5dcYJhwGrhY","baseKeyType":1,"closed":-1,"used":1746714525828,"created":1746714525828,"remoteIdentityKey":"BYSSkXYEAwUm+vYUkNUIZ4QYlnRUq6lmNeQFEOvNwQEm"},"_chains":{"BTXVniIDY0kmmYI4FZzx6Nnhnqj8Jj5FXeyviH7BOPgo":{"chainKey":{"counter":0,"key":"5yNNFgsgIYcV2WFYDfVMjLLFyyPs/hqPGbsGSrWbEl4="},"chainType":1,"messageKeys":{}}},"pendingPreKey":{"signedKeyId":2,"baseKey":"BTQgfptFApdMK0OXQ7BL1nO43HGymwUbY5dcYJhwGrhY","preKeyId":1130208}}},"version":"v1"}