{"_sessions":{"BT4WtRm/juXbKvd8hJaPKC8R9Nh2er8yCNqy4DBgPlYq":{"registrationId":1361275385,"currentRatchet":{"ephemeralKeyPair":{"pubKey":"Bam95AtV+S04Da5x6tz71z7QWDCCyR3A74k1kGRuWsdP","privKey":"uJ/x3NWerChmGPf8w+oI6cKwCemi5LxyC9dHZxrz90k="},"lastRemoteEphemeralKey":"BU9m9S7F4LtjIbOy5wSX+foNjdF3u8c/zCS+6jRoOyUZ","previousCounter":0,"rootKey":"iofiSXBDZeFlc4+iCIf7RBZsRYY+f7H2QX/ZEQXYrsk="},"indexInfo":{"baseKey":"BT4WtRm/juXbKvd8hJaPKC8R9Nh2er8yCNqy4DBgPlYq","baseKeyType":1,"closed":1746721104064,"used":1746721072803,"created":1746721072803,"remoteIdentityKey":"BUUNeuuhw73/EwhlfRSjy42ywjKdzkHxwEVAWf4IbE92"},"_chains":{"Bam95AtV+S04Da5x6tz71z7QWDCCyR3A74k1kGRuWsdP":{"chainKey":{"counter":0,"key":"DPh+7X3sUKaHkt16qlS6/OVBjjd+WaiZgtj1s+hhNWY="},"chainType":1,"messageKeys":{}}},"pendingPreKey":{"signedKeyId":6,"baseKey":"BT4WtRm/juXbKvd8hJaPKC8R9Nh2er8yCNqy4DBgPlYq","preKeyId":13529740}},"BXcRLONact9wl2UrseJmGIeAbS+KT1DRs1XaPBQtGVhz":{"registrationId":1361275385,"currentRatchet":{"ephemeralKeyPair":{"pubKey":"BX++YO8P+JOjADA+/JtO7YMTRrZWsg7RCi11GtSuNnRR","privKey":"kNV9pXqL5HlPfKoWKD0cv9B6nnciYevs1qS9C6G1FF8="},"lastRemoteEphemeralKey":"BU9m9S7F4LtjIbOy5wSX+foNjdF3u8c/zCS+6jRoOyUZ","previousCounter":0,"rootKey":"0tR4zVJiK3uZZO9GTybJNjEJSb5m7xqOJf85k66RKPU="},"indexInfo":{"baseKey":"BXcRLONact9wl2UrseJmGIeAbS+KT1DRs1XaPBQtGVhz","baseKeyType":1,"closed":-1,"used":1746721103649,"created":1746721103649,"remoteIdentityKey":"BUUNeuuhw73/EwhlfRSjy42ywjKdzkHxwEVAWf4IbE92"},"_chains":{"BX++YO8P+JOjADA+/JtO7YMTRrZWsg7RCi11GtSuNnRR":{"chainKey":{"counter":2,"key":"id5SrPMBn2l+A6/cIr3fnY9zeLOXsPcwdW6RxI6djfM="},"chainType":1,"messageKeys":{}}},"pendingPreKey":{"signedKeyId":6,"baseKey":"BXcRLONact9wl2UrseJmGIeAbS+KT1DRs1XaPBQtGVhz","preKeyId":13530245}}},"version":"v1"}