{"_sessions":{"BbTsuVqSBJXZ/N0QVXd+1dxBkptJ8t6Hk8eEoFfML4cF":{"registrationId":1041828243,"currentRatchet":{"ephemeralKeyPair":{"pubKey":"Ba91nU9KA6smVhE1gAsy1GeckC2nZtYkb0+VJiiCs+9q","privKey":"mE0RcfRXBT7nxEhFzcTvW35aYYfC2BRoO296oEoaO08="},"lastRemoteEphemeralKey":"BW7wY6r8M93XBCkkMpuYDqb2d/0iO5CwNtm37OzbyM53","previousCounter":0,"rootKey":"zJI0UGK7ROJwviq0v0CPkADZ2B0uusn/CrfKqEXR/p0="},"indexInfo":{"baseKey":"BbTsuVqSBJXZ/N0QVXd+1dxBkptJ8t6Hk8eEoFfML4cF","baseKeyType":1,"closed":1746721118418,"used":1746721086978,"created":1746721086978,"remoteIdentityKey":"BbbW3ACg80YD7SshJn3DG76qVpo668wuOE11fs0Vd1kU"},"_chains":{"Ba91nU9KA6smVhE1gAsy1GeckC2nZtYkb0+VJiiCs+9q":{"chainKey":{"counter":0,"key":"BsgWnDLtVyxT4SQQ0ATjxbanhqGx9wHV4JvjNw7PFqo="},"chainType":1,"messageKeys":{}}},"pendingPreKey":{"signedKeyId":1,"baseKey":"BbTsuVqSBJXZ/N0QVXd+1dxBkptJ8t6Hk8eEoFfML4cF","preKeyId":5568229}},"BaqYyERx2hgRH0/B/IDJJPRC64S9VSVHzymVWqF4MHlL":{"registrationId":1041828243,"currentRatchet":{"ephemeralKeyPair":{"pubKey":"BUsPOEUfQ8WevKGdirsty7uI9093OjQxww8RzRQ4osIb","privKey":"UPeH4wFsFcS0PJgm30/IrDYeBBn8hoBFr3yZ9KeJtWo="},"lastRemoteEphemeralKey":"BW7wY6r8M93XBCkkMpuYDqb2d/0iO5CwNtm37OzbyM53","previousCounter":0,"rootKey":"XSQoGFVgvLnJu2ZdRCSws7Xef09/9l+IX3FjfIW7380="},"indexInfo":{"baseKey":"BaqYyERx2hgRH0/B/IDJJPRC64S9VSVHzymVWqF4MHlL","baseKeyType":1,"closed":-1,"used":1746721117933,"created":1746721117933,"remoteIdentityKey":"BbbW3ACg80YD7SshJn3DG76qVpo668wuOE11fs0Vd1kU"},"_chains":{"BUsPOEUfQ8WevKGdirsty7uI9093OjQxww8RzRQ4osIb":{"chainKey":{"counter":2,"key":"CB3zPS3yqHNBl5ouXBXbAmThWdgbx229OMa0oUBR/QA="},"chainType":1,"messageKeys":{}}},"pendingPreKey":{"signedKeyId":1,"baseKey":"BaqYyERx2hgRH0/B/IDJJPRC64S9VSVHzymVWqF4MHlL","preKeyId":5568046}}},"version":"v1"}