{"_sessions":{"BW8W9VDbC4QOBGY0RPv9iqMEgIl2zDO/L9KsZdek1MFZ":{"registrationId":408804008,"currentRatchet":{"ephemeralKeyPair":{"pubKey":"BbgDpHIP2hitWGux74i4p7TGc5N/OfeB+dTWa26Agxkd","privKey":"SFgR/NRNP3o2d14BCaB7qRpEpnUXLAZQrKqIJm93sFM="},"lastRemoteEphemeralKey":"Be/6IDGAblzb8wV9+Ae+GKj2U02yNo88o8hXoPstxSkj","previousCounter":0,"rootKey":"RTm/xiQhVQP9Nydzk3pqZAd4pdahmBbS8UmBbuQucas="},"indexInfo":{"baseKey":"BW8W9VDbC4QOBGY0RPv9iqMEgIl2zDO/L9KsZdek1MFZ","baseKeyType":1,"closed":-1,"used":1746714522069,"created":1746714522069,"remoteIdentityKey":"BTJhWILwVPNIxOB2kkpaoy2ZOoPubMCkHhfxrmwlOWxA"},"_chains":{"BbgDpHIP2hitWGux74i4p7TGc5N/OfeB+dTWa26Agxkd":{"chainKey":{"counter":0,"key":"4i5mnbFKjZsE2Lz02Wv0L5GOBT/UWMFQOm+rfZCWYBU="},"chainType":1,"messageKeys":{}}},"pendingPreKey":{"signedKeyId":3,"baseKey":"BW8W9VDbC4QOBGY0RPv9iqMEgIl2zDO/L9KsZdek1MFZ","preKeyId":6468452}}},"version":"v1"}