{"_sessions":{"BV1nmT2o3Lqc/qfL/2DqH7ad9/cENFUS4zc6I/ELOkFI":{"registrationId":1505431118,"currentRatchet":{"ephemeralKeyPair":{"pubKey":"BS+GPdBrM+OnOsfXfO292X3uvB8L+nb2tQL9nsumksVn","privKey":"2L1cuqGVkpl2Sfb0o7oj02P8QCr97NP7zz+qqiqco3s="},"lastRemoteEphemeralKey":"BTHDdcmibVD1orGsFv4ou7uddT2saP7RgPx2+35xuPBe","previousCounter":0,"rootKey":"qwNY4U6TwPr1idTlugiMN6oRrY80HrjJ9JAdWxkxKy8="},"indexInfo":{"baseKey":"BV1nmT2o3Lqc/qfL/2DqH7ad9/cENFUS4zc6I/ELOkFI","baseKeyType":1,"closed":-1,"used":1746714532750,"created":1746714532750,"remoteIdentityKey":"BUBhISWsgh/yCNvLnAruhNjGs4KSTMW9smogcXpA3/J8"},"_chains":{"BS+GPdBrM+OnOsfXfO292X3uvB8L+nb2tQL9nsumksVn":{"chainKey":{"counter":0,"key":"zX0LDbtCIGueacPMJ4hVZ2lbD3SkxPLR16KcSwA2Ry8="},"chainType":1,"messageKeys":{}}},"pendingPreKey":{"signedKeyId":7,"baseKey":"BV1nmT2o3Lqc/qfL/2DqH7ad9/cENFUS4zc6I/ELOkFI","preKeyId":6469051}}},"version":"v1"}