{"_sessions":{"BRsVIsS3Gju/tDfq/ATSHkU0/dxt6nVZ2m0kr8PCUKgr":{"registrationId":1761270358,"currentRatchet":{"ephemeralKeyPair":{"pubKey":"BcTWzBF6JUxY/4m6A/RC+3M79JBs/GLaC7k3+wugZBRv","privKey":"eNOZv9A3fihxJhDpOsdPNHcoUJAGF9sz+KFFfmxhV0A="},"lastRemoteEphemeralKey":"BQ5oDPz5TRFw6InwvTXx2bQlp4pb+7Y0/uyFqeZ4xhVG","previousCounter":0,"rootKey":"pa2C/mWyjOkRgbbyKgZ9W+7rZYPe/srqFt0n3PSF7Zc="},"indexInfo":{"baseKey":"BRsVIsS3Gju/tDfq/ATSHkU0/dxt6nVZ2m0kr8PCUKgr","baseKeyType":1,"closed":1746721118469,"used":1746721087103,"created":1746721087103,"remoteIdentityKey":"BY3QOmo4SbrZcEWn7IqZlFzB5udvH1VU6r3hpYTkqwsh"},"_chains":{"BcTWzBF6JUxY/4m6A/RC+3M79JBs/GLaC7k3+wugZBRv":{"chainKey":{"counter":0,"key":"/9f20pC/3g8DZBBErEr3lUJLPSdPP1RT0Zw24TmwW60="},"chainType":1,"messageKeys":{}}},"pendingPreKey":{"signedKeyId":6195434,"baseKey":"BRsVIsS3Gju/tDfq/ATSHkU0/dxt6nVZ2m0kr8PCUKgr","preKeyId":9710}},"Bd+7zUXq9mO9fzuOOAHTX/+nDxG4gsAd0d0dRbZWBJ8O":{"registrationId":1761270358,"currentRatchet":{"ephemeralKeyPair":{"pubKey":"BSN4GNW8GWNDlHFspUIXzXagROO2ApLppad3jGor+pxu","privKey":"aPmBDV8+o05z7Z3hMuvHff4hsZKCIz3I3MtAXaPlCGU="},"lastRemoteEphemeralKey":"BQ5oDPz5TRFw6InwvTXx2bQlp4pb+7Y0/uyFqeZ4xhVG","previousCounter":0,"rootKey":"SEfX50pQY0E11lZbP240od+jLEyZZ4uHREGO2UkPFCY="},"indexInfo":{"baseKey":"Bd+7zUXq9mO9fzuOOAHTX/+nDxG4gsAd0d0dRbZWBJ8O","baseKeyType":1,"closed":-1,"used":1746721118083,"created":1746721118083,"remoteIdentityKey":"BY3QOmo4SbrZcEWn7IqZlFzB5udvH1VU6r3hpYTkqwsh"},"_chains":{"BSN4GNW8GWNDlHFspUIXzXagROO2ApLppad3jGor+pxu":{"chainKey":{"counter":2,"key":"HYeFuYjjeLWyktUZ67EiRK6YamAVJYx50wWn2Aemeno="},"chainType":1,"messageKeys":{}}},"pendingPreKey":{"signedKeyId":6195434,"baseKey":"Bd+7zUXq9mO9fzuOOAHTX/+nDxG4gsAd0d0dRbZWBJ8O","preKeyId":9658}}},"version":"v1"}