{"_sessions":{"BW32J7ljcDnyJBMluKU0qK2bYhJJCGfdoVE7qd45Hskl":{"registrationId":1893181517,"currentRatchet":{"ephemeralKeyPair":{"pubKey":"BTi7aAIJzsUR7ucM1wovzlVIw0fRvTIMEGA1DP54ysAp","privKey":"SNGtZP5lYLtv17BStC5PiVjgRZEGkLdG+gAMmWfgKn8="},"lastRemoteEphemeralKey":"BVtirn8PrZgJlFxTpdRr4/ezgA0bD0E8AkgF5w95CIkG","previousCounter":0,"rootKey":"DuYc0t+Su43R0RISms7Yzk5FZmeoBG2Wcqb0HJ60iX4="},"indexInfo":{"baseKey":"BW32J7ljcDnyJBMluKU0qK2bYhJJCGfdoVE7qd45Hskl","baseKeyType":1,"closed":1746721104072,"used":1746721072827,"created":1746721072827,"remoteIdentityKey":"BcfgVrTtPItacf0+C+DDHTDRpN29Z2yoNkS46H9JT3cC"},"_chains":{"BTi7aAIJzsUR7ucM1wovzlVIw0fRvTIMEGA1DP54ysAp":{"chainKey":{"counter":0,"key":"sI6JcvxLUiLOt7pJWPjwQvdolk48nFoxhsGKOnpeIPw="},"chainType":1,"messageKeys":{}}},"pendingPreKey":{"signedKeyId":1,"baseKey":"BW32J7ljcDnyJBMluKU0qK2bYhJJCGfdoVE7qd45Hskl"}},"BQngjyA114N4KmhPjYp7+uUgjLlAwNWkavsHd7NDftt/":{"registrationId":1893181517,"currentRatchet":{"ephemeralKeyPair":{"pubKey":"BSKuarrXuLmiUXc3JRwAoxzoGSzwd8fzP/8ynS05GKdv","privKey":"0CtQMVj0ZxuuXm/0LJToZ46eR4teKMkfSGs9cjWPdXo="},"lastRemoteEphemeralKey":"BVtirn8PrZgJlFxTpdRr4/ezgA0bD0E8AkgF5w95CIkG","previousCounter":0,"rootKey":"6Qe5NjpYluHTQh6WM+NppDZDYZqwdNyXmesJHHA+NEo="},"indexInfo":{"baseKey":"BQngjyA114N4KmhPjYp7+uUgjLlAwNWkavsHd7NDftt/","baseKeyType":1,"closed":-1,"used":1746721103680,"created":1746721103680,"remoteIdentityKey":"BcfgVrTtPItacf0+C+DDHTDRpN29Z2yoNkS46H9JT3cC"},"_chains":{"BSKuarrXuLmiUXc3JRwAoxzoGSzwd8fzP/8ynS05GKdv":{"chainKey":{"counter":2,"key":"YrvjS+VhNl2W54jmxMNu+L8aF4CeBIWBCiwv4gHF3NA="},"chainType":1,"messageKeys":{}}},"pendingPreKey":{"signedKeyId":1,"baseKey":"BQngjyA114N4KmhPjYp7+uUgjLlAwNWkavsHd7NDftt/"}}},"version":"v1"}