{"_sessions":{"BUnc1vg3KLG60FRIaXrhxYnRIe/AvRkpqrd9d/V+8KpM":{"registrationId":13344,"currentRatchet":{"ephemeralKeyPair":{"pubKey":"BeXpPvJzqIAtrAekJyhhxn3sy0uzcm0gpwoJXmTj9UtP","privKey":"IGVc/Ot92RKM+uFHL4yRMfdYuByCA3ePX62CUsyXZFk="},"lastRemoteEphemeralKey":"BY9+QSagzb2TIl6/lvb5q1QnVs+wUtGgEnCz7TaOiTUQ","previousCounter":0,"rootKey":"5aAp4fDwLOz6MyswTMGwxNRmoZ5K4iFvo3SdQcAuNsQ="},"indexInfo":{"baseKey":"BUnc1vg3KLG60FRIaXrhxYnRIe/AvRkpqrd9d/V+8KpM","baseKeyType":1,"closed":-1,"used":1746714522075,"created":1746714522075,"remoteIdentityKey":"Baxte5HSuOZnhKKMqhOhsyq2wUrR9PHaFokpW78yy6hp"},"_chains":{"BeXpPvJzqIAtrAekJyhhxn3sy0uzcm0gpwoJXmTj9UtP":{"chainKey":{"counter":0,"key":"8ek5npba4b3toCbRHgbODNn1w44C0z5XLkddoAe5DD8="},"chainType":1,"messageKeys":{}}},"pendingPreKey":{"signedKeyId":0,"baseKey":"BUnc1vg3KLG60FRIaXrhxYnRIe/AvRkpqrd9d/V+8KpM","preKeyId":15541569}}},"version":"v1"}