{"_sessions":{"Bd1iv3KJIBLeCIvvjPf1edT0XcHMMNBBp756Mma+ZpwE":{"registrationId":306129176,"currentRatchet":{"ephemeralKeyPair":{"pubKey":"BRE2rsBpshoGCKrKS/tQMqZebk9hFfmnPjEauyf9PJZv","privKey":"wJNc89EkJvcNcmj9RYT+XSMwLI2qsS3YJ7cr68zX02Q="},"lastRemoteEphemeralKey":"BXW3BK8dmXRsUgdm4Jt5dc5K5jCyAEE6VHkkZaxNZOQG","previousCounter":0,"rootKey":"u3JybgzvbQ8akfc6zWArQ7S5sncWwL/i0kjRvZFVEoo="},"indexInfo":{"baseKey":"Bd1iv3KJIBLeCIvvjPf1edT0XcHMMNBBp756Mma+ZpwE","baseKeyType":1,"closed":-1,"used":1746714533029,"created":1746714533029,"remoteIdentityKey":"BfV/wPUB98JOgecjdjVUPsjMugkzm3vLM6CiQwvsZcxe"},"_chains":{"BRE2rsBpshoGCKrKS/tQMqZebk9hFfmnPjEauyf9PJZv":{"chainKey":{"counter":0,"key":"yD15l+cBuf8VHBsM+C7WUW4c9dg/Is3rQ5/56xFeLHQ="},"chainType":1,"messageKeys":{}}},"pendingPreKey":{"signedKeyId":6,"baseKey":"Bd1iv3KJIBLeCIvvjPf1edT0XcHMMNBBp756Mma+ZpwE","preKeyId":11717746}}},"version":"v1"}