{"_sessions":{"BQ5BdeIIlJ8T+cZqOFcNCOj+MsYx+uTw+QSnExiAogt0":{"registrationId":281140228,"currentRatchet":{"ephemeralKeyPair":{"pubKey":"BU+d8c+01jEJC4rr8YiUw+628DftEwFCrVUjG60M/VIQ","privKey":"EGiDIp69JkaW5S2GPJ+EehcYGeamXqRbLTAch5W5qHk="},"lastRemoteEphemeralKey":"Bd6mpMMBoXnjrogldb1E4VQ32beKJqAl6DlBeRtOmhZI","previousCounter":0,"rootKey":"rXyHo8q1w2F1TRKGfVkp0mVbsojD3rgtN+DO3reSVsY="},"indexInfo":{"baseKey":"BQ5BdeIIlJ8T+cZqOFcNCOj+MsYx+uTw+QSnExiAogt0","baseKeyType":1,"closed":-1,"used":1746714525676,"created":1746714525676,"remoteIdentityKey":"BSQGhmqZUjU5MlWHPGA0lVAFVo+rZaxq7oI610DxLO85"},"_chains":{"BU+d8c+01jEJC4rr8YiUw+628DftEwFCrVUjG60M/VIQ":{"chainKey":{"counter":0,"key":"9dTQ3hmizdi3EAYCPpZPxlqGzXeJJ1MMNayT1TYiVhY="},"chainType":1,"messageKeys":{}}},"pendingPreKey":{"signedKeyId":0,"baseKey":"BQ5BdeIIlJ8T+cZqOFcNCOj+MsYx+uTw+QSnExiAogt0"}}},"version":"v1"}