{"_sessions":{"BayFlKKTaIz7EvRPBBWOzI0aM3LWZeN3tBMtmoLRWzso":{"registrationId":1184095639,"currentRatchet":{"ephemeralKeyPair":{"pubKey":"BTI/sLI22iiRKlZEAAhuhHatb73U2DH7PWBw30FlYusA","privKey":"+LnpO3kwNm1PyhaLM/o/zxMqL3WxLDX0AGYuBUZFRGM="},"lastRemoteEphemeralKey":"BX3Mx9h9vVyNKJnM85F7Kgl3oGqa8GgRboQqcqcMaVQm","previousCounter":0,"rootKey":"JzBSz5oWiU73OY7XGhOA31R1FqjKL6KYzRrrtGpNKIw="},"indexInfo":{"baseKey":"BayFlKKTaIz7EvRPBBWOzI0aM3LWZeN3tBMtmoLRWzso","baseKeyType":1,"closed":1746721114761,"used":1746721083691,"created":1746721083691,"remoteIdentityKey":"BZ4lDXxa66S1WLWZAAuuFlWHdaxp1zOy76l9pNVeQjII"},"_chains":{"BTI/sLI22iiRKlZEAAhuhHatb73U2DH7PWBw30FlYusA":{"chainKey":{"counter":0,"key":"rNodZsknNAmmH1ScwQ4lJGoCst6vD8zkh861D/MW3Ws="},"chainType":1,"messageKeys":{}}},"pendingPreKey":{"signedKeyId":19,"baseKey":"BayFlKKTaIz7EvRPBBWOzI0aM3LWZeN3tBMtmoLRWzso"}},"BRbrGs3JoX9ECmEQaW3OIej+TehQKok3XLJcG9H3IW9c":{"registrationId":1184095639,"currentRatchet":{"ephemeralKeyPair":{"pubKey":"BRgvw2PoUDKAUeBVUX1L+8l/QTkVmV1zDo5krFcI7UJE","privKey":"KERYMw64IS5sfMCCRpg81omecPZS6Knd/UeHb6G8o0w="},"lastRemoteEphemeralKey":"BX3Mx9h9vVyNKJnM85F7Kgl3oGqa8GgRboQqcqcMaVQm","previousCounter":0,"rootKey":"XYh+Ixr3o8H31FzZWcWa+SZLnTdljT/Dzvb5Itj/844="},"indexInfo":{"baseKey":"BRbrGs3JoX9ECmEQaW3OIej+TehQKok3XLJcG9H3IW9c","baseKeyType":1,"closed":-1,"used":1746721114476,"created":1746721114476,"remoteIdentityKey":"BZ4lDXxa66S1WLWZAAuuFlWHdaxp1zOy76l9pNVeQjII"},"_chains":{"BRgvw2PoUDKAUeBVUX1L+8l/QTkVmV1zDo5krFcI7UJE":{"chainKey":{"counter":2,"key":"UFMDeGvMnIu8Y27qJvl2RDXCtZ6IlOFH8WfROgzHb28="},"chainType":1,"messageKeys":{}}},"pendingPreKey":{"signedKeyId":19,"baseKey":"BRbrGs3JoX9ECmEQaW3OIej+TehQKok3XLJcG9H3IW9c"}}},"version":"v1"}