{"_sessions":{"BVXn7cv3xEcJGvUWmk09SV3+4tuLe4tv0w+SCatbtFIO":{"registrationId":17127405,"currentRatchet":{"ephemeralKeyPair":{"pubKey":"BYuWp7FoErKL595TlQ5jrXOVXT4EWQlM60b3UE+wnfVJ","privKey":"KHtawfd8Mx40KAc7s6CzhujZT4Xj+ZB974t3uJ590XQ="},"lastRemoteEphemeralKey":"BectxwB2zl0UHsB8LETcr2HrZsqti0usEXkanLmN+7Ah","previousCounter":0,"rootKey":"n3/NPbO7z8lBqt1n8HRC1iVbsMy8USl4Ny7KD//ZrwQ="},"indexInfo":{"baseKey":"BVXn7cv3xEcJGvUWmk09SV3+4tuLe4tv0w+SCatbtFIO","baseKeyType":1,"closed":1746721104052,"used":1746721072761,"created":1746721072761,"remoteIdentityKey":"Bbg8zOpUtECXp+M+tjtdcMF6JXvUhr1yMp5Qt5Uipnco"},"_chains":{"BYuWp7FoErKL595TlQ5jrXOVXT4EWQlM60b3UE+wnfVJ":{"chainKey":{"counter":0,"key":"1VVPPrCslZk73lTpEjc4TmE+/0ypavp8FHcrhEgyxrA="},"chainType":1,"messageKeys":{}}},"pendingPreKey":{"signedKeyId":6,"baseKey":"BVXn7cv3xEcJGvUWmk09SV3+4tuLe4tv0w+SCatbtFIO","preKeyId":10546439}},"BYcDrRq1mAN18fJ4XFa/bjOPql9LbidealP4JURZXHwM":{"registrationId":17127405,"currentRatchet":{"ephemeralKeyPair":{"pubKey":"BZ/hpQMpjfhGqKfkOnebhAATwQdzrs7XWwAuQwZpiElF","privKey":"2HqmKMDzIQIoF1POBhUlITR0RgZq5WpVKIRwa6SaSkM="},"lastRemoteEphemeralKey":"BectxwB2zl0UHsB8LETcr2HrZsqti0usEXkanLmN+7Ah","previousCounter":0,"rootKey":"5X3v9E6qYidVf9yIY7GZKR0SLwTVpPpEbw10f/YaqKs="},"indexInfo":{"baseKey":"BYcDrRq1mAN18fJ4XFa/bjOPql9LbidealP4JURZXHwM","baseKeyType":1,"closed":-1,"used":1746721103600,"created":1746721103600,"remoteIdentityKey":"Bbg8zOpUtECXp+M+tjtdcMF6JXvUhr1yMp5Qt5Uipnco"},"_chains":{"BZ/hpQMpjfhGqKfkOnebhAATwQdzrs7XWwAuQwZpiElF":{"chainKey":{"counter":2,"key":"XsuwZB9JVLze+TnPVZoCBjDPTSeboqYfwQN2wbyT9Go="},"chainType":1,"messageKeys":{}}},"pendingPreKey":{"signedKeyId":6,"baseKey":"BYcDrRq1mAN18fJ4XFa/bjOPql9LbidealP4JURZXHwM","preKeyId":10546413}}},"version":"v1"}