{"_sessions":{"BQtAcNPb+wbbKPFhT6oQtdGJK05JH33840KFe6EFtndR":{"registrationId":1514466828,"currentRatchet":{"ephemeralKeyPair":{"pubKey":"BWxwkGxE/1XrA9nwrJgZ6j2ds1MxjnjNdAiWyT3eAERH","privKey":"WOUoSkcibMbXr//3qbY590+XJTFhE4hfhRtjVpWhSkE="},"lastRemoteEphemeralKey":"BeopQFAEkmwYGCSYqnXzeOD5iHYDlur0ACyM2CVrbQEk","previousCounter":0,"rootKey":"Dk5ieZmJsu9libtG3S58Z3Z6gBWW4rQL5k/NGgwW+yU="},"indexInfo":{"baseKey":"BQtAcNPb+wbbKPFhT6oQtdGJK05JH33840KFe6EFtndR","baseKeyType":1,"closed":-1,"used":1746714532623,"created":1746714532623,"remoteIdentityKey":"BbiBhPI1/wf9BrKHgiMjXI43o7G0R+UIEecY28A2b/dk"},"_chains":{"BWxwkGxE/1XrA9nwrJgZ6j2ds1MxjnjNdAiWyT3eAERH":{"chainKey":{"counter":0,"key":"f7JOzLX2+Avfj7jO9+8yP9S4vdwyJv7U2WzlDtyQuuc="},"chainType":1,"messageKeys":{}}},"pendingPreKey":{"signedKeyId":6,"baseKey":"BQtAcNPb+wbbKPFhT6oQtdGJK05JH33840KFe6EFtndR","preKeyId":15618945}}},"version":"v1"}