{"_sessions":{"Bep6znVi7Gvv2c1bybYzEPaxIMngPks/lbYyJbxf83pN":{"registrationId":183801200,"currentRatchet":{"ephemeralKeyPair":{"pubKey":"BW74Yx9rHmeOfaKgVDThgYvawQ64tnjKYR6dpvX7g3R2","privKey":"wDpxpUZkLrOI12MHV61h73tc/+rbhyfxNKDxcYEwkHM="},"lastRemoteEphemeralKey":"BfEtPVpkPFWnE9n0EBMdefYADwKxofkE5cC19SC9q0AW","previousCounter":0,"rootKey":"Y/chARtiL9F2LqmKXEQ/+hyQKHmy/fkj/mIkOHuMMao="},"indexInfo":{"baseKey":"Bep6znVi7Gvv2c1bybYzEPaxIMngPks/lbYyJbxf83pN","baseKeyType":1,"closed":1746721114810,"used":1746721083890,"created":1746721083890,"remoteIdentityKey":"BSn3yFygjlnAXvtXsKqpUQk/Clj/CjpjvWMGYtl9B2sm"},"_chains":{"BW74Yx9rHmeOfaKgVDThgYvawQ64tnjKYR6dpvX7g3R2":{"chainKey":{"counter":0,"key":"mfeCnGzKV2z5K8Z6YMW9BLDrYTTnsH6HNRkfVi8qwL0="},"chainType":1,"messageKeys":{}}},"pendingPreKey":{"signedKeyId":1,"baseKey":"Bep6znVi7Gvv2c1bybYzEPaxIMngPks/lbYyJbxf83pN","preKeyId":1075231}},"BdPGLMPEU2hoSk5+kwE/nFLCQOI5xAM4wJt8tgGuDSoL":{"registrationId":183801200,"currentRatchet":{"ephemeralKeyPair":{"pubKey":"BQR1iqKp2Vow4bSBruuhhI2efdgIhvSQVD4nAKj2hPZe","privKey":"SIAaup/qzPDMFdq0ozVn3mmEWSWUSVFOLR5ur8oSDXY="},"lastRemoteEphemeralKey":"BfEtPVpkPFWnE9n0EBMdefYADwKxofkE5cC19SC9q0AW","previousCounter":0,"rootKey":"efxXkhKaV+UlrRrFtD4UdIc6lUhdflU+tBOKoX9CbLk="},"indexInfo":{"baseKey":"BdPGLMPEU2hoSk5+kwE/nFLCQOI5xAM4wJt8tgGuDSoL","baseKeyType":1,"closed":-1,"used":1746721114648,"created":1746721114648,"remoteIdentityKey":"BSn3yFygjlnAXvtXsKqpUQk/Clj/CjpjvWMGYtl9B2sm"},"_chains":{"BQR1iqKp2Vow4bSBruuhhI2efdgIhvSQVD4nAKj2hPZe":{"chainKey":{"counter":2,"key":"3DdyWMKQyPfUcIwJWwHgdaoXi5n6USPlJgw1oW26+g4="},"chainType":1,"messageKeys":{}}},"pendingPreKey":{"signedKeyId":1,"baseKey":"BdPGLMPEU2hoSk5+kwE/nFLCQOI5xAM4wJt8tgGuDSoL","preKeyId":1075404}}},"version":"v1"}