{"_sessions":{"BU27CqAgopLi/hJHc5rhIO9poEBZt2nDdwZ8nIdygZBW":{"registrationId":2011963816,"currentRatchet":{"ephemeralKeyPair":{"pubKey":"Bb7fBCAejZ3+qTVK3iLW6ihw5fnKigETKie5PkEZoDBE","privKey":"SI3Wq1oRmuIO6KLmVmzHype52CGnWXxFYOMfSEoxDmQ="},"lastRemoteEphemeralKey":"BVdcWLY4SqFTHN/+i60iQB19ANK9ckS6fX+9FoI1Eixp","previousCounter":0,"rootKey":"pwEAYK2zqCr8mqFwASllx5eXLkqEJYKyKBECjGesLNE="},"indexInfo":{"baseKey":"BU27CqAgopLi/hJHc5rhIO9poEBZt2nDdwZ8nIdygZBW","baseKeyType":1,"closed":-1,"used":1746714522414,"created":1746714522414,"remoteIdentityKey":"BdjLWKrBZ4h6l2yA/+qEM8dfliqUJsFFUtsOMpIreKx7"},"_chains":{"Bb7fBCAejZ3+qTVK3iLW6ihw5fnKigETKie5PkEZoDBE":{"chainKey":{"counter":0,"key":"CGkYMtg87qgekUXFFDw5tbr1imznJT2m9zYCPN3dCTQ="},"chainType":1,"messageKeys":{}}},"pendingPreKey":{"signedKeyId":4,"baseKey":"BU27CqAgopLi/hJHc5rhIO9poEBZt2nDdwZ8nIdygZBW"}}},"version":"v1"}