{"_sessions":{"BQ9fUIgJHHpO5+bCiWFLLGKrMNvpqbJs71C3+zZBTMcr":{"registrationId":2087424085,"currentRatchet":{"ephemeralKeyPair":{"pubKey":"BdD+ZWoV7zxm5+Jggzv7b6sq5TRKKFJRNhTKJ2+n/Hc3","privKey":"YJbTXNOQ6G4qdZINuYLhpI/cfkGZZMVDFju4uTu2RnU="},"lastRemoteEphemeralKey":"BbpgY15k/SGvHGtVxiYTmsTWYuLroehprjOoBvVCUDEg","previousCounter":0,"rootKey":"5RuO6WAQqniVst39is5gXAzFN4FmLVvGfVnF32OmW3s="},"indexInfo":{"baseKey":"BQ9fUIgJHHpO5+bCiWFLLGKrMNvpqbJs71C3+zZBTMcr","baseKeyType":1,"closed":1746721111329,"used":1746721080077,"created":1746721080077,"remoteIdentityKey":"BVYD7PFtl9FGtn06NC7bs52uU/mYoX51DJ2QEHkHVh5N"},"_chains":{"BdD+ZWoV7zxm5+Jggzv7b6sq5TRKKFJRNhTKJ2+n/Hc3":{"chainKey":{"counter":0,"key":"jg7ew5rO2dNY9/v91WM3Ljd8CMizN9kYjjEG2Izd4Zw="},"chainType":1,"messageKeys":{}}},"pendingPreKey":{"signedKeyId":5,"baseKey":"BQ9fUIgJHHpO5+bCiWFLLGKrMNvpqbJs71C3+zZBTMcr"}},"BRqVz5M4madnITF5o9b00RUgA6+ogFYHPkZibbAfoDUF":{"registrationId":2087424085,"currentRatchet":{"ephemeralKeyPair":{"pubKey":"BTgP7ymDr04WeT6VNrg9b5n4wuPL94uVplZ9JZPeg3A3","privKey":"6Pr66J69OwzokEgSf626U2/Lr29EL2VNMlQBBB6W11c="},"lastRemoteEphemeralKey":"BbpgY15k/SGvHGtVxiYTmsTWYuLroehprjOoBvVCUDEg","previousCounter":0,"rootKey":"SuoMKB8C2bVRP6oSWQuo1SuqEHAvPWy7xAMNiM5I7AA="},"indexInfo":{"baseKey":"BRqVz5M4madnITF5o9b00RUgA6+ogFYHPkZibbAfoDUF","baseKeyType":1,"closed":-1,"used":1746721111019,"created":1746721111019,"remoteIdentityKey":"BVYD7PFtl9FGtn06NC7bs52uU/mYoX51DJ2QEHkHVh5N"},"_chains":{"BTgP7ymDr04WeT6VNrg9b5n4wuPL94uVplZ9JZPeg3A3":{"chainKey":{"counter":2,"key":"yD42JCr4wbHiEOi7ncrJ6lsB5qXtV71CUEoEC7NMhvY="},"chainType":1,"messageKeys":{}}},"pendingPreKey":{"signedKeyId":5,"baseKey":"BRqVz5M4madnITF5o9b00RUgA6+ogFYHPkZibbAfoDUF"}}},"version":"v1"}