{"_sessions":{"Bewz9BNzIgtwBIeXILD83aC26SK/hDB95OpLm6/EsQNY":{"registrationId":681007780,"currentRatchet":{"ephemeralKeyPair":{"pubKey":"BW2Qf0Ebmgtg0r8rTpWVTt6tEQhsSR2ufP1SenAZfYk0","privKey":"QEA86m+WQ8mWvZKi9JWJ2rrRtHEEAQwDBQSiWu5QsEg="},"lastRemoteEphemeralKey":"BehJszKkTqcy8uJF5hPpS6NYRFjXYR1n+BkJAjlINike","previousCounter":0,"rootKey":"0kebere0FP+hbmUV/Ojy+sWvyl/kJh/hz/wUd2aixNk="},"indexInfo":{"baseKey":"Bewz9BNzIgtwBIeXILD83aC26SK/hDB95OpLm6/EsQNY","baseKeyType":1,"closed":-1,"used":1746714525834,"created":1746714525834,"remoteIdentityKey":"BTcSWB+lgTkKtAVQaE0kau/uo39cz1GbJJYemS677qVn"},"_chains":{"BW2Qf0Ebmgtg0r8rTpWVTt6tEQhsSR2ufP1SenAZfYk0":{"chainKey":{"counter":0,"key":"sC3Jxj+D1sJZoF77236ddqxXSadEn/xZj1M2EcAClY8="},"chainType":1,"messageKeys":{}}},"pendingPreKey":{"signedKeyId":1,"baseKey":"Bewz9BNzIgtwBIeXILD83aC26SK/hDB95OpLm6/EsQNY","preKeyId":10093426}}},"version":"v1"}