{"_sessions":{"Bf85rG8BEHTz0PBfkJ8UdOnu7pzFXQBuYkHz9yJu1oFJ":{"registrationId":1525997374,"currentRatchet":{"ephemeralKeyPair":{"pubKey":"BYHNWW38iZzvCDpd6Hm902G0MLoDffod9XvyATdwiF0k","privKey":"YEuPvB9iBs8J3kYyQFiAYnkBDCKuSDiSjzJ/rcvnAkU="},"lastRemoteEphemeralKey":"BWSgI/mgn82w+zn096y11iy+qTZPPBSOhSFnezlvIq4/","previousCounter":0,"rootKey":"sttQprHXwKkdg91hZmNv1zorI8PYezqvwobMVDgmxao="},"indexInfo":{"baseKey":"Bf85rG8BEHTz0PBfkJ8UdOnu7pzFXQBuYkHz9yJu1oFJ","baseKeyType":1,"closed":-1,"used":1746714525861,"created":1746714525861,"remoteIdentityKey":"BRjZWoY4i/c3ZP4FZum+FGmlcO0Qv71B3Lo2yLifs2FF"},"_chains":{"BYHNWW38iZzvCDpd6Hm902G0MLoDffod9XvyATdwiF0k":{"chainKey":{"counter":0,"key":"sWqHQ0j2SWtCLfuN7msf1MJ4M/sJIKu+472E/2TUC9I="},"chainType":1,"messageKeys":{}}},"pendingPreKey":{"signedKeyId":5,"baseKey":"Bf85rG8BEHTz0PBfkJ8UdOnu7pzFXQBuYkHz9yJu1oFJ","preKeyId":3695285}}},"version":"v1"}