{"_sessions":{"BU4JiqQAsgawvdDvcMEwX+0ohxren5RxP5tfre7Bal5A":{"registrationId":422845497,"currentRatchet":{"ephemeralKeyPair":{"pubKey":"BeTQhdqhIIeSmTk/KC9E0Px3/Kxey0SHGg56Z5814FV3","privKey":"UH4iTyxl7ROpfqw1TR+LYLA+PQkjMOQkhBCDUJVVOEU="},"lastRemoteEphemeralKey":"BY+IkeSlllKyW9AdxXN9MUta44bG9yu0NMixXwWDKilR","previousCounter":0,"rootKey":"Xh4ZA+adux6Q1sEcrhHh8cQmZrQ2sIS18JgKmG5ABLM="},"indexInfo":{"baseKey":"BU4JiqQAsgawvdDvcMEwX+0ohxren5RxP5tfre7Bal5A","baseKeyType":1,"closed":-1,"used":1746714525554,"created":1746714525554,"remoteIdentityKey":"BRO2YrKe6XiGeMK2mFGRzsDlkOgVrhSrLlCZyinf2RF6"},"_chains":{"BeTQhdqhIIeSmTk/KC9E0Px3/Kxey0SHGg56Z5814FV3":{"chainKey":{"counter":0,"key":"MtL1AZwqGXcv2mLaMgejb4WhscYiy+fk2tOgb22/b1c="},"chainType":1,"messageKeys":{}}},"pendingPreKey":{"signedKeyId":2,"baseKey":"BU4JiqQAsgawvdDvcMEwX+0ohxren5RxP5tfre7Bal5A","preKeyId":13319442}}},"version":"v1"}