{"_sessions":{"BRvW0mm0MFwtfQQ+UJAGqwjftfYeTvSQOMkICrfp238f":{"registrationId":1242423787,"currentRatchet":{"ephemeralKeyPair":{"pubKey":"BWdXxxC7KNdIZIE9zHwO0PE4hfUVT5O4Ne7wfwa38pMp","privKey":"SPzKlTy1nXmlLEZsrJEV0xvM7fjupn7LODcU8s0dPUw="},"lastRemoteEphemeralKey":"BXKeO/WuOKJtTtrZKdogEYp9khv9Qfe7wpbc9d7JH7ZI","previousCounter":0,"rootKey":"vRwqoX37zpCe1MTEKp02LI69cHWYHwzVzrirxUq3Vq8="},"indexInfo":{"baseKey":"BRvW0mm0MFwtfQQ+UJAGqwjftfYeTvSQOMkICrfp238f","baseKeyType":1,"closed":-1,"used":1746714522153,"created":1746714522153,"remoteIdentityKey":"BW2KrGb2V/XlfADJooXtYGu36CsLYiRnSDpxsROYs0Bt"},"_chains":{"BWdXxxC7KNdIZIE9zHwO0PE4hfUVT5O4Ne7wfwa38pMp":{"chainKey":{"counter":0,"key":"CLr7fzxYoCUxaYmbEktiJmL952VLWTMaquAQ2iZ3CBg="},"chainType":1,"messageKeys":{}}},"pendingPreKey":{"signedKeyId":1,"baseKey":"BRvW0mm0MFwtfQQ+UJAGqwjftfYeTvSQOMkICrfp238f","preKeyId":6032}}},"version":"v1"}