{"_sessions":{"BQ24XOMCvwKYiYCOCXGMfOzSj9M/aiC+/fkr2CAsLz1o":{"registrationId":1544511918,"currentRatchet":{"ephemeralKeyPair":{"pubKey":"BZTxn99LsZXXH997h/tybTfTXZePm7uAGcCxs8ObOpEq","privKey":"0K/P44u5QHx42ivqRdF1qfsjTlA+6XX4WiiMbhMZ0l4="},"lastRemoteEphemeralKey":"BVXjdIrT3kyqnUgIT2IkY6YIiGZTKEUljLlPNqp3SmIl","previousCounter":0,"rootKey":"uttpk7edm1j5wc1nSTKpo7p93BufXpjguijQQlmz48M="},"indexInfo":{"baseKey":"BQ24XOMCvwKYiYCOCXGMfOzSj9M/aiC+/fkr2CAsLz1o","baseKeyType":1,"closed":-1,"used":1746714532792,"created":1746714532792,"remoteIdentityKey":"Be0cfS6qCifzbHoevJoPGH1MpqzFXIYt0P1H+yh38Nlw"},"_chains":{"BZTxn99LsZXXH997h/tybTfTXZePm7uAGcCxs8ObOpEq":{"chainKey":{"counter":0,"key":"c4d0+h64u8uMUd4QCcwT7Qlmh1JasUVDO8ouff5InUI="},"chainType":1,"messageKeys":{}}},"pendingPreKey":{"signedKeyId":1,"baseKey":"BQ24XOMCvwKYiYCOCXGMfOzSj9M/aiC+/fkr2CAsLz1o","preKeyId":9565527}}},"version":"v1"}