{"_sessions":{"BZpoiQcCq0dqpgTa1MoRBOLKnqwexU+ST1tP6ApDK+Vz":{"registrationId":759505788,"currentRatchet":{"ephemeralKeyPair":{"pubKey":"BQOgqewXIbqacgPqONF2XSU8T2EpxPdL/4RrT3SJqUFT","privKey":"UEFQV8wc9O1fiOWJRgjvo28ZFkf/sj57qYHnyDWMaFw="},"lastRemoteEphemeralKey":"BTM9JI/ESM33NQXRKze1GX0unqFWmGC5VOdlo9FV+rAv","previousCounter":0,"rootKey":"IYVSkCN0wzcH4TKr1TBleofoXlYnaN6isHty4U3Nbwc="},"indexInfo":{"baseKey":"BZpoiQcCq0dqpgTa1MoRBOLKnqwexU+ST1tP6ApDK+Vz","baseKeyType":1,"closed":-1,"used":1746714536248,"created":1746714536248,"remoteIdentityKey":"BTyMFJV4m1nE2OhfYN9upmz3yfx+UaPE/kcxm/pTVV03"},"_chains":{"BQOgqewXIbqacgPqONF2XSU8T2EpxPdL/4RrT3SJqUFT":{"chainKey":{"counter":0,"key":"YZFsfkxCvAN8AyRYsmgBTGf/VP3tGwc+Ywacsbu8QqA="},"chainType":1,"messageKeys":{}}},"pendingPreKey":{"signedKeyId":3,"baseKey":"BZpoiQcCq0dqpgTa1MoRBOLKnqwexU+ST1tP6ApDK+Vz","preKeyId":15716968}}},"version":"v1"}