{"_sessions":{"BSLve97jfVTc49JuPw0IDRiRmojz6X/k8GuGbpo50PhY":{"registrationId":852128226,"currentRatchet":{"ephemeralKeyPair":{"pubKey":"BbnOJInM6Zw8D+e80Br3KAvkiWASCJ+u5sJm3ZbMCtt/","privKey":"6DTumAOwacPZcTg44wlDb/x1dkro5it6L/KGfgupFnI="},"lastRemoteEphemeralKey":"BXrTvg4m3kZUJGPaeHiJopOh6sV530HxhD9/P5WbFu9K","previousCounter":0,"rootKey":"89ilthcCZCnNYX79Zgw6im0kHLDY1Zp1gHV5SnEkbCw="},"indexInfo":{"baseKey":"BSLve97jfVTc49JuPw0IDRiRmojz6X/k8GuGbpo50PhY","baseKeyType":1,"closed":1746721122176,"used":1746721090313,"created":1746721090313,"remoteIdentityKey":"BRtda0cOnQxUZ6DJT35vX9i57pMGXrCvVvUOHxEzt6kt"},"_chains":{"BbnOJInM6Zw8D+e80Br3KAvkiWASCJ+u5sJm3ZbMCtt/":{"chainKey":{"counter":0,"key":"o3WWnqeMXEr2rXHI6txgg3rhGUEuxuqfW2egK3Gw5SE="},"chainType":1,"messageKeys":{}}},"pendingPreKey":{"signedKeyId":5,"baseKey":"BSLve97jfVTc49JuPw0IDRiRmojz6X/k8GuGbpo50PhY","preKeyId":15780906}},"BeiPpYrdi4nSbIvgvnJP2Jb6cpS3TJvfR6D4Iogx3hBt":{"registrationId":852128226,"currentRatchet":{"ephemeralKeyPair":{"pubKey":"Bfa45Axy6wkeG2p/qpJs8dLH9u/D6Y1mQIzxyPWpkSF5","privKey":"sGW9CbLZouSzCdzDRA0p6XCkUHIBOXvnXxm6GSMZzkI="},"lastRemoteEphemeralKey":"BXrTvg4m3kZUJGPaeHiJopOh6sV530HxhD9/P5WbFu9K","previousCounter":0,"rootKey":"BmrNrI+ZMqLqgIiZaCbSa2Yc8XaoTczvmQdF6EEowmk="},"indexInfo":{"baseKey":"BeiPpYrdi4nSbIvgvnJP2Jb6cpS3TJvfR6D4Iogx3hBt","baseKeyType":1,"closed":-1,"used":1746721121621,"created":1746721121621,"remoteIdentityKey":"BRtda0cOnQxUZ6DJT35vX9i57pMGXrCvVvUOHxEzt6kt"},"_chains":{"Bfa45Axy6wkeG2p/qpJs8dLH9u/D6Y1mQIzxyPWpkSF5":{"chainKey":{"counter":2,"key":"4bCK+Hw9zEQ1ZcKVDpFwrzHqJ9LkNGQoZAm7/M79v90="},"chainType":1,"messageKeys":{}}},"pendingPreKey":{"signedKeyId":5,"baseKey":"BeiPpYrdi4nSbIvgvnJP2Jb6cpS3TJvfR6D4Iogx3hBt","preKeyId":15780942}}},"version":"v1"}