{"_sessions":{"BVTM5q82XOu7ixdsU0KOoIRenq04hPJBzqxp71EydGJl":{"registrationId":1200334861,"currentRatchet":{"ephemeralKeyPair":{"pubKey":"BduNwoVr7f07ndVLbiNdxDyXYI+7lR3LxaGS4fLt9N9K","privKey":"MJDwco1B2BPWPKzsMA4Xm/AKjHRaCkqi/3DK/9/MJU0="},"lastRemoteEphemeralKey":"BcZgVQO60DnTsFG/qnDwCd+QrrXE1YfRZ0GPRnEYK4FN","previousCounter":0,"rootKey":"sN8O26O7XlyEajqQgR1iJq3Ss5RRpaFkUR85YQzSXY0="},"indexInfo":{"baseKey":"BVTM5q82XOu7ixdsU0KOoIRenq04hPJBzqxp71EydGJl","baseKeyType":1,"closed":-1,"used":1746714522235,"created":1746714522235,"remoteIdentityKey":"BU7zTCKC8ti8GFroV41wZe2V3jC6ggY1qS2jPXgZRi5f"},"_chains":{"BduNwoVr7f07ndVLbiNdxDyXYI+7lR3LxaGS4fLt9N9K":{"chainKey":{"counter":0,"key":"X0pshgtnqq4FT/Ug7yvKLqWwJTQ376XktUVCZ+ZYRqU="},"chainType":1,"messageKeys":{}}},"pendingPreKey":{"signedKeyId":1,"baseKey":"BVTM5q82XOu7ixdsU0KOoIRenq04hPJBzqxp71EydGJl","preKeyId":3427402}}},"version":"v1"}