{"_sessions":{"BUQzZrB510NQT6uByZ9LKzlPDa3ubK74DcRvXWcgvUk+":{"registrationId":1365257837,"currentRatchet":{"ephemeralKeyPair":{"pubKey":"BTcGjQUrKiG4SUAzVa6t2heGICMZYWOSiTxTE/9YfoV2","privKey":"QAlTAXx71mmsWj/ECKM81DPVyGer0FEVSn8AwwZgUV8="},"lastRemoteEphemeralKey":"BYL+SNFKCeSjxToheL6aCNd/qTDKJLiOreniUi8mddxx","previousCounter":0,"rootKey":"kSSNCh7ItbWOV8urrrqHLf7NuTiUPPU50mUbmYXerp4="},"indexInfo":{"baseKey":"BUQzZrB510NQT6uByZ9LKzlPDa3ubK74DcRvXWcgvUk+","baseKeyType":1,"closed":1746721099152,"used":1746721068940,"created":1746721068940,"remoteIdentityKey":"BXk9PlmYmfN3i5fyzPQGblTLqSoYHtBOZpcwm1iArNJk"},"_chains":{"BTcGjQUrKiG4SUAzVa6t2heGICMZYWOSiTxTE/9YfoV2":{"chainKey":{"counter":0,"key":"AzBxObFwh9syGwfazGJJYwA+giWkAyTD6B784rxboH8="},"chainType":1,"messageKeys":{}}},"pendingPreKey":{"signedKeyId":3167132,"baseKey":"BUQzZrB510NQT6uByZ9LKzlPDa3ubK74DcRvXWcgvUk+","preKeyId":6923}},"BUeZLp+xUzspdbEWpGnSQOxXl/5hmOvyj/yH2mh0pAQH":{"registrationId":1365257837,"currentRatchet":{"ephemeralKeyPair":{"pubKey":"BWzyKpESz33FoD3R6rJBwbVSKjQfhOcGvVKNzElZ9Gpz","privKey":"6MDL2oZtMR5JG9IVJxlB6slCUURpImr4cLewL/aUvGA="},"lastRemoteEphemeralKey":"BYL+SNFKCeSjxToheL6aCNd/qTDKJLiOreniUi8mddxx","previousCounter":0,"rootKey":"YVRH/oZIXl85FZLzs7bp3Klf/bLyY/1nwjVCJvhBtgo="},"indexInfo":{"baseKey":"BUeZLp+xUzspdbEWpGnSQOxXl/5hmOvyj/yH2mh0pAQH","baseKeyType":1,"closed":-1,"used":1746721098625,"created":1746721098625,"remoteIdentityKey":"BXk9PlmYmfN3i5fyzPQGblTLqSoYHtBOZpcwm1iArNJk"},"_chains":{"BWzyKpESz33FoD3R6rJBwbVSKjQfhOcGvVKNzElZ9Gpz":{"chainKey":{"counter":2,"key":"ElSMERMt/pfIRCdgM//fs/yUjWdSsGuMQlqNnJdCNB4="},"chainType":1,"messageKeys":{}}},"pendingPreKey":{"signedKeyId":3167132,"baseKey":"BUeZLp+xUzspdbEWpGnSQOxXl/5hmOvyj/yH2mh0pAQH","preKeyId":6976}}},"version":"v1"}