{"_sessions":{"BaabXINadK/1nGORteu0ByQZf0fIaCJxZrwqR+YeTwRa":{"registrationId":1304923910,"currentRatchet":{"ephemeralKeyPair":{"pubKey":"BXDvXlA3Tvp9vIalZAIcJcto59n7mFT0uHkRd/+Wywkx","privKey":"4F5U6j5Nyqc6/AHXsxJyT7z4QDbWRZiAnHvBXfGL30Q="},"lastRemoteEphemeralKey":"BSJlpUs3Z2QK7ssazewYmuKRtXZgXY0SoY0RosjpBO5p","previousCounter":0,"rootKey":"H+GTyFqJN46poBtUarYvRlgBmy+6jBwQ9zKjG7hfk5k="},"indexInfo":{"baseKey":"BaabXINadK/1nGORteu0ByQZf0fIaCJxZrwqR+YeTwRa","baseKeyType":1,"closed":1746721114779,"used":1746721083777,"created":1746721083777,"remoteIdentityKey":"BTTNF06Iqku0Ogu6Kwy7z2pHS3W6N7N0eZngkRTMvEcp"},"_chains":{"BXDvXlA3Tvp9vIalZAIcJcto59n7mFT0uHkRd/+Wywkx":{"chainKey":{"counter":0,"key":"52TkkJQYC9uh9+ASd72q2b38OD1JA9MhEgym82AcD6s="},"chainType":1,"messageKeys":{}}},"pendingPreKey":{"signedKeyId":2,"baseKey":"BaabXINadK/1nGORteu0ByQZf0fIaCJxZrwqR+YeTwRa","preKeyId":4058005}},"BZCRjvR3x3QNeYRfGZXPSzZ/Uaulkx3MH7VM1NmjpK53":{"registrationId":1304923910,"currentRatchet":{"ephemeralKeyPair":{"pubKey":"BZplLK+x+PcU8oFukqbxjDQN8hbsZg/LNJblHP3HWTI5","privKey":"8K30OOnhKamfABEePHbf1VyZKRjGG94hmKNy1J/wylc="},"lastRemoteEphemeralKey":"BSJlpUs3Z2QK7ssazewYmuKRtXZgXY0SoY0RosjpBO5p","previousCounter":0,"rootKey":"GJZwdfHv6eI8hrw7ptdeccqxHTuHiYPseU2Y3Zgju2M="},"indexInfo":{"baseKey":"BZCRjvR3x3QNeYRfGZXPSzZ/Uaulkx3MH7VM1NmjpK53","baseKeyType":1,"closed":-1,"used":1746721114550,"created":1746721114550,"remoteIdentityKey":"BTTNF06Iqku0Ogu6Kwy7z2pHS3W6N7N0eZngkRTMvEcp"},"_chains":{"BZplLK+x+PcU8oFukqbxjDQN8hbsZg/LNJblHP3HWTI5":{"chainKey":{"counter":2,"key":"rGzoKgmnOw7GPRwYv0hhcE/m2ZUSorrG5nYJ64bIrzE="},"chainType":1,"messageKeys":{}}},"pendingPreKey":{"signedKeyId":2,"baseKey":"BZCRjvR3x3QNeYRfGZXPSzZ/Uaulkx3MH7VM1NmjpK53","preKeyId":4058505}}},"version":"v1"}