{"_sessions":{"BblGtzabp/ipxHTKbyJT8d/zIcpLaVwKK2jdJtKFNutd":{"registrationId":46131057,"currentRatchet":{"ephemeralKeyPair":{"pubKey":"BTJICixLiAyTjvtzH+/BRlXhDyrMYTkFezlTZtXPNNpy","privKey":"CHYLDJOwJZZ74AYlSYDYRf41wAQ5ff4y5BZZyetNkWk="},"lastRemoteEphemeralKey":"BVQN5VeAbHOo/rw5AT1jtbGXTxBc+e4W0M5NEkdyGBwA","previousCounter":0,"rootKey":"SoN85htheOkgYIRJuOorEreqOLAod8xqrzFipGrVOMw="},"indexInfo":{"baseKey":"BblGtzabp/ipxHTKbyJT8d/zIcpLaVwKK2jdJtKFNutd","baseKeyType":1,"closed":-1,"used":1746714529325,"created":1746714529325,"remoteIdentityKey":"BRT1McByvAggMwpDTipPB+zi8ixBB/h8SmWXJk5OgzlT"},"_chains":{"BTJICixLiAyTjvtzH+/BRlXhDyrMYTkFezlTZtXPNNpy":{"chainKey":{"counter":0,"key":"8o+on0/5D2qQ+uX+Sx3WHh+HeuBj2UoRRxZopzUKHTw="},"chainType":1,"messageKeys":{}}},"pendingPreKey":{"signedKeyId":1,"baseKey":"BblGtzabp/ipxHTKbyJT8d/zIcpLaVwKK2jdJtKFNutd","preKeyId":8777480}}},"version":"v1"}