{"_sessions":{"BTqzibNQ7q92/h1afTJHXRknZIBj+bN9ARNKgi3DwVBi":{"registrationId":1929759862,"currentRatchet":{"ephemeralKeyPair":{"pubKey":"Bc8rqHArspguuyolDd5cGilTehgLlPk/irpNAeST5pdc","privKey":"wPgAjBIbhMIbj/y9DjZsL4c/qMDcOdavWVNDfU3wNm4="},"lastRemoteEphemeralKey":"BdqdrXbCslYcjqxcKKV3+UnfZuUcVtGMdIZFHkJvQeUY","previousCounter":0,"rootKey":"ydKGUbjgoEC58f8zjO2vuWBeYA0o+UBcJNbQX0VnQCE="},"indexInfo":{"baseKey":"BTqzibNQ7q92/h1afTJHXRknZIBj+bN9ARNKgi3DwVBi","baseKeyType":1,"closed":1746721104039,"used":1746721072715,"created":1746721072715,"remoteIdentityKey":"BaYOdCxwedLfr8OBBzpfvUWDQDMnyMomvCOJZAq2go1N"},"_chains":{"Bc8rqHArspguuyolDd5cGilTehgLlPk/irpNAeST5pdc":{"chainKey":{"counter":0,"key":"X8y4SefekcYMJhvGTNCD76h9I1fnRqWn7KLk8UzprJ8="},"chainType":1,"messageKeys":{}}},"pendingPreKey":{"signedKeyId":8114733,"baseKey":"BTqzibNQ7q92/h1afTJHXRknZIBj+bN9ARNKgi3DwVBi","preKeyId":988}},"BXCN7+cLWOY7vEpCGV21CGThBhKGgtAvNfaER7Cstmx+":{"registrationId":1929759862,"currentRatchet":{"ephemeralKeyPair":{"pubKey":"BbnMNIgfwQ4D1Qgq8s0SfeHJ3fNbYDh49peSEVk2KJwq","privKey":"6KBTmgTUE+0CIA5zq5bPLbbERAozY6m2wCMVQsDFC2c="},"lastRemoteEphemeralKey":"BdqdrXbCslYcjqxcKKV3+UnfZuUcVtGMdIZFHkJvQeUY","previousCounter":0,"rootKey":"FOGLBEQE9zo9MZXXrqpuwpiUVgRMr15o52m1aIq9vtA="},"indexInfo":{"baseKey":"BXCN7+cLWOY7vEpCGV21CGThBhKGgtAvNfaER7Cstmx+","baseKeyType":1,"closed":-1,"used":1746721103548,"created":1746721103548,"remoteIdentityKey":"BaYOdCxwedLfr8OBBzpfvUWDQDMnyMomvCOJZAq2go1N"},"_chains":{"BbnMNIgfwQ4D1Qgq8s0SfeHJ3fNbYDh49peSEVk2KJwq":{"chainKey":{"counter":2,"key":"w/zHcFL6HRSzOmu7H4EiVNT1pOE6LBdYVUiiBQWtRIg="},"chainType":1,"messageKeys":{}}},"pendingPreKey":{"signedKeyId":8114733,"baseKey":"BXCN7+cLWOY7vEpCGV21CGThBhKGgtAvNfaER7Cstmx+","preKeyId":1613}}},"version":"v1"}