{"_sessions":{"BboipAd8I7WUgyCsUXnntwhzY67csFo4Qu+w8Y6HTi9G":{"registrationId":70,"currentRatchet":{"ephemeralKeyPair":{"pubKey":"BQQvOpjKYZf+x50Uh9AQAYzA4KRYrowN/AYH+40y2FVH","privKey":"QKWRKIw/qyQfpJpySUvhp4cqBH2PT13MKBlUU3qT0l0="},"lastRemoteEphemeralKey":"BRp4PYROCoVpPEBInDckIHnQxFjjUxNw/Ifho9OIxMgQ","previousCounter":0,"rootKey":"3LRDI5mQ097PIOYbPjqFKtdlPeo3gEmf6pKl9Saa+Qc="},"indexInfo":{"baseKey":"BboipAd8I7WUgyCsUXnntwhzY67csFo4Qu+w8Y6HTi9G","baseKeyType":1,"closed":-1,"used":1746714522035,"created":1746714522035,"remoteIdentityKey":"BXiVx/l9uoon8SvKG0V0rQxJmENTvTi6xCyMaIAcPOZk"},"_chains":{"BQQvOpjKYZf+x50Uh9AQAYzA4KRYrowN/AYH+40y2FVH":{"chainKey":{"counter":0,"key":"tlvYX3Pxnf9MQhXuu3MQXzYUAXSr4jA1klAd5plW+hQ="},"chainType":1,"messageKeys":{}}},"pendingPreKey":{"signedKeyId":1,"baseKey":"BboipAd8I7WUgyCsUXnntwhzY67csFo4Qu+w8Y6HTi9G"}}},"version":"v1"}