{"_sessions":{"BQSk78BjanljtRReR6QFeEguMtJfHN+w9TY3tXIWeBcy":{"registrationId":5,"currentRatchet":{"ephemeralKeyPair":{"pubKey":"Bb5AVnZS663RLE3OYWSI1g2117r5EApx6kui1eqvx/M0","privKey":"AL+nlBs1BC0xJXgm/DW7nnA+6zlqQJGoq9BVdBNf1Ww="},"lastRemoteEphemeralKey":"BaxA0ztlR5kgHWXz51bkcGeYAopYwZhNQa2eGObNnMJi","previousCounter":0,"rootKey":"ZHlksAVzgPwAfyOe6OtbFamI9eaicmZ3nXkX1JjUQvE="},"indexInfo":{"baseKey":"BQSk78BjanljtRReR6QFeEguMtJfHN+w9TY3tXIWeBcy","baseKeyType":1,"closed":1746721099109,"used":1746721068832,"created":1746721068832,"remoteIdentityKey":"BdcpnWZw7yCU8K/z/qo7Alov6HvvDkHBOnManufn2s16"},"_chains":{"Bb5AVnZS663RLE3OYWSI1g2117r5EApx6kui1eqvx/M0":{"chainKey":{"counter":0,"key":"BOt/trx8UdSwPLIo15Mjf2DkOxfjpqwdxInTLaxDtDA="},"chainType":1,"messageKeys":{}}},"pendingPreKey":{"signedKeyId":1,"baseKey":"BQSk78BjanljtRReR6QFeEguMtJfHN+w9TY3tXIWeBcy","preKeyId":4275}},"BfZmmjyazhUK3XpQUfL4KpLvGJ6jQGrCRnd2mws0UdI+":{"registrationId":5,"currentRatchet":{"ephemeralKeyPair":{"pubKey":"Bc93cj9h5HDWDZCZVeDsCNHaYAFMECDHELgLUmLcvEVE","privKey":"0B58BYx1l4+Flim0zsRVxek1Q5oZyGsKCcdXbrVUk0I="},"lastRemoteEphemeralKey":"BaxA0ztlR5kgHWXz51bkcGeYAopYwZhNQa2eGObNnMJi","previousCounter":0,"rootKey":"M2wIjy2XmlF3xSBDNzMQjMPGS4H6tKZn56nopp9e3dI="},"indexInfo":{"baseKey":"BfZmmjyazhUK3XpQUfL4KpLvGJ6jQGrCRnd2mws0UdI+","baseKeyType":1,"closed":1746721280681,"used":1746721098539,"created":1746721098539,"remoteIdentityKey":"BdcpnWZw7yCU8K/z/qo7Alov6HvvDkHBOnManufn2s16"},"_chains":{"Bc93cj9h5HDWDZCZVeDsCNHaYAFMECDHELgLUmLcvEVE":{"chainKey":{"counter":1,"key":"oYeLwKKwMoakl0+Q4Mq14SQpx9fitIb7RMTRR1Trcqo="},"chainType":1,"messageKeys":{}}},"pendingPreKey":{"signedKeyId":1,"baseKey":"BfZmmjyazhUK3XpQUfL4KpLvGJ6jQGrCRnd2mws0UdI+","preKeyId":4284}},"BY5IazhbfLPbHF3PlYOt9et/sOrnvS8v9ljmPHgR4PM6":{"registrationId":5,"currentRatchet":{"ephemeralKeyPair":{"pubKey":"BdFUWJj5C6qPD2o5HJby/jQgfNr1XfQvelQ545tS9cp7","privKey":"8Nw9ZAe95QIauLo58ZTo6NPFBcdzZyBiOks2FA8cz3M="},"lastRemoteEphemeralKey":"BaxA0ztlR5kgHWXz51bkcGeYAopYwZhNQa2eGObNnMJi","previousCounter":0,"rootKey":"BzMBnbnJsdJObZpjpV7+HIpbuytxz3xWE1W2hUCXXsY="},"indexInfo":{"baseKey":"BY5IazhbfLPbHF3PlYOt9et/sOrnvS8v9ljmPHgR4PM6","baseKeyType":1,"closed":1746721284899,"used":1746721280639,"created":1746721280639,"remoteIdentityKey":"BdcpnWZw7yCU8K/z/qo7Alov6HvvDkHBOnManufn2s16"},"_chains":{"BdFUWJj5C6qPD2o5HJby/jQgfNr1XfQvelQ545tS9cp7":{"chainKey":{"counter":-1,"key":"WYAWViQN8uObAMRHVrKKZOnZljJgwqBhOqEGE+TozEA="},"chainType":1,"messageKeys":{}}},"pendingPreKey":{"signedKeyId":1,"baseKey":"BY5IazhbfLPbHF3PlYOt9et/sOrnvS8v9ljmPHgR4PM6","preKeyId":4269}},"BWgnyTHihngeTBgxUU5K0bPu5wrM/3Iok9zri8ZZaRdj":{"registrationId":5,"currentRatchet":{"ephemeralKeyPair":{"pubKey":"Bfosbk+rbC6c0EhBGqPYSPtxUFNt0hcVguGZhyqi450r","privKey":"QKPPMVCIrwUYkYgvQzRIe8ROHskgn6h4zsGw6sqru1E="},"lastRemoteEphemeralKey":"BaxA0ztlR5kgHWXz51bkcGeYAopYwZhNQa2eGObNnMJi","previousCounter":0,"rootKey":"cBwo2BO3xn+g6mEzYxpWbIGKpAsXK1mQN3bUSqUfpdM="},"indexInfo":{"baseKey":"BWgnyTHihngeTBgxUU5K0bPu5wrM/3Iok9zri8ZZaRdj","baseKeyType":1,"closed":-1,"used":1746721284894,"created":1746721284894,"remoteIdentityKey":"BdcpnWZw7yCU8K/z/qo7Alov6HvvDkHBOnManufn2s16"},"_chains":{"Bfosbk+rbC6c0EhBGqPYSPtxUFNt0hcVguGZhyqi450r":{"chainKey":{"counter":0,"key":"auKH70XAI/piOk3YUweXFLhyRbmR82QNVuM51hZLBoc="},"chainType":1,"messageKeys":{}}},"pendingPreKey":{"signedKeyId":1,"baseKey":"BWgnyTHihngeTBgxUU5K0bPu5wrM/3Iok9zri8ZZaRdj","preKeyId":4272}}},"version":"v1"}