{"_sessions":{"BazNOQLgIkk6nYcpPVNPDxWwluRXzo6YA7Lmus3T+Th6":{"registrationId":631209150,"currentRatchet":{"ephemeralKeyPair":{"pubKey":"BVi9NeErKRvt+lVNosLfTIbiSp6ivCs7kFQOvZ9sLh0/","privKey":"+BMarV82ssbL/eE8E4e2WOnhMNzyLZrCDryT+/rWPW0="},"lastRemoteEphemeralKey":"BWmw/Dp6x4xPTt74Y8jb3pnGi4u0NDOuEd7xuuU2dAJI","previousCounter":0,"rootKey":"99bTY+XXcWHQAiRegjUriqw1B1XBi4AjiEQHZtU9urI="},"indexInfo":{"baseKey":"BazNOQLgIkk6nYcpPVNPDxWwluRXzo6YA7Lmus3T+Th6","baseKeyType":1,"closed":-1,"used":1746714529257,"created":1746714529257,"remoteIdentityKey":"BQpghROss4QSv47N6v95Y6k6JMVVvZlEaRXNP/Lo5LI3"},"_chains":{"BVi9NeErKRvt+lVNosLfTIbiSp6ivCs7kFQOvZ9sLh0/":{"chainKey":{"counter":0,"key":"jXANsX+2J5NUuOhBkB0UU+rrYwSDEmdPN4nPlDGbXhk="},"chainType":1,"messageKeys":{}}},"pendingPreKey":{"signedKeyId":0,"baseKey":"BazNOQLgIkk6nYcpPVNPDxWwluRXzo6YA7Lmus3T+Th6","preKeyId":118023}}},"version":"v1"}