{"_sessions":{"BVhnRZiQGMcGOq7L0wsDx1gqdAaKqFySl+jAxkwlRIkU":{"registrationId":561807139,"currentRatchet":{"ephemeralKeyPair":{"pubKey":"BY4qsLWADhqq9SfcCjkpdjkJrk+6aWHPFcQon8cNSUIX","privKey":"QArW67D0+H+4Bd/tPmVOC6g1JpbU5kqnfZaMPr43O1g="},"lastRemoteEphemeralKey":"BcYxpL9iTxWBBvt883Fq7EF89RFwxoBoJGYa6BNoonQM","previousCounter":0,"rootKey":"a5K3RlqIbv+UPOF/oOLgzZFXb44+tnqsoyEYBz4yrJU="},"indexInfo":{"baseKey":"BVhnRZiQGMcGOq7L0wsDx1gqdAaKqFySl+jAxkwlRIkU","baseKeyType":1,"closed":1746721103944,"used":1746721072526,"created":1746721072526,"remoteIdentityKey":"BcfeXhDhGpF177DBF8mfpo8vQNtXObChq464xhQbKLlC"},"_chains":{"BY4qsLWADhqq9SfcCjkpdjkJrk+6aWHPFcQon8cNSUIX":{"chainKey":{"counter":0,"key":"lgmSY4wAAW6ZEsNWV175sQEU2PUJEISa2BH6jyXUdD8="},"chainType":1,"messageKeys":{}}},"pendingPreKey":{"signedKeyId":8,"baseKey":"BVhnRZiQGMcGOq7L0wsDx1gqdAaKqFySl+jAxkwlRIkU","preKeyId":13333074}},"BR6QLeUh56AZ3R32jXo1gvc8A+N83X87rEd+fIlLoS9e":{"registrationId":561807139,"currentRatchet":{"ephemeralKeyPair":{"pubKey":"BTRlUf0mHSsXAPUJ1LwhxwVuRVFVNEhy4SguaYq/i91r","privKey":"gOK1pWaqlUAjwU+FpmLG9ZcyOBm3Vp9fVXFP0QfP1H0="},"lastRemoteEphemeralKey":"BcYxpL9iTxWBBvt883Fq7EF89RFwxoBoJGYa6BNoonQM","previousCounter":0,"rootKey":"sAQeMp+a+ez9fpMDbRFmdlTMrHzItBEBqooyDawCVBE="},"indexInfo":{"baseKey":"BR6QLeUh56AZ3R32jXo1gvc8A+N83X87rEd+fIlLoS9e","baseKeyType":1,"closed":-1,"used":1746721103360,"created":1746721103360,"remoteIdentityKey":"BcfeXhDhGpF177DBF8mfpo8vQNtXObChq464xhQbKLlC"},"_chains":{"BTRlUf0mHSsXAPUJ1LwhxwVuRVFVNEhy4SguaYq/i91r":{"chainKey":{"counter":2,"key":"1JSiJEt//uPLqKjPo665tK1qNZV7ud+6oKtkQvcIiA0="},"chainType":1,"messageKeys":{}}},"pendingPreKey":{"signedKeyId":8,"baseKey":"BR6QLeUh56AZ3R32jXo1gvc8A+N83X87rEd+fIlLoS9e","preKeyId":13332888}}},"version":"v1"}