{"_sessions":{"BT5haPqp8aYJwcpBncnuRa19nbs4SeGqjtJ1FQlxNVNZ":{"registrationId":237794523,"currentRatchet":{"ephemeralKeyPair":{"pubKey":"Bb1WVRKMnZyCutYB5oB5kHumSJOkfyqBuh2ar5wLsRQ1","privKey":"WOyZJc3FJ8AT7BEbEYLFMGWCb2Exv/GkQwgTYz7IbE4="},"lastRemoteEphemeralKey":"BR6H8gAnKkJn1SyKB5Z0KJU2THfAzFLwM7Q4vaeW05lQ","previousCounter":0,"rootKey":"+oq8XMEOPqii0GcshGw5154rZsJ4WO3tt7kTKVN6VYw="},"indexInfo":{"baseKey":"BT5haPqp8aYJwcpBncnuRa19nbs4SeGqjtJ1FQlxNVNZ","baseKeyType":1,"closed":-1,"used":1746714525760,"created":1746714525760,"remoteIdentityKey":"BZXctqrJTMGoQJpke9FVEacYOAsHHcfDNgPe50BoM99C"},"_chains":{"Bb1WVRKMnZyCutYB5oB5kHumSJOkfyqBuh2ar5wLsRQ1":{"chainKey":{"counter":0,"key":"UNBpThvvJ70I9Tz0iu72jXFG4r29p1NzNjTVAWDj7G4="},"chainType":1,"messageKeys":{}}},"pendingPreKey":{"signedKeyId":8205631,"baseKey":"BT5haPqp8aYJwcpBncnuRa19nbs4SeGqjtJ1FQlxNVNZ"}}},"version":"v1"}