{"_sessions":{"Be8FgrHq0KUrlujKa8WGqlTTSX0FYWKROP8N8FvPNgZG":{"registrationId":2145247296,"currentRatchet":{"ephemeralKeyPair":{"pubKey":"BWtz0YjArazHLAIHA3GJmc+sceYZfeHW0BcopsSj46QC","privKey":"qHumZ3dZneR4fx/1QBIULopgZbBueGYC0htS1K2WC3o="},"lastRemoteEphemeralKey":"BfL3HaVQKSsZr43ChSd/vr1B6vQSbjpOY0nI+gozMLRt","previousCounter":0,"rootKey":"CSe9GWnSqukeNWBXIt7DKkPbc2Ajtw5SgRM2S/Cb6gc="},"indexInfo":{"baseKey":"Be8FgrHq0KUrlujKa8WGqlTTSX0FYWKROP8N8FvPNgZG","baseKeyType":1,"closed":-1,"used":1746714529159,"created":1746714529159,"remoteIdentityKey":"BRCMZ7hRiZEwVfpeAx85m+ESjISLclhWLtOTvW09pa1j"},"_chains":{"BWtz0YjArazHLAIHA3GJmc+sceYZfeHW0BcopsSj46QC":{"chainKey":{"counter":0,"key":"hOWkzRSai4kAT/vvhHrHkpQ4uDT7+LaV8Rd6w0iIZw4="},"chainType":1,"messageKeys":{}}},"pendingPreKey":{"signedKeyId":1,"baseKey":"Be8FgrHq0KUrlujKa8WGqlTTSX0FYWKROP8N8FvPNgZG"}}},"version":"v1"}