{"_sessions":{"BW2i4wd5JEAuwvizNsFxE9GwM/CAIWaaca/yw9XKZrIT":{"registrationId":1246478827,"currentRatchet":{"ephemeralKeyPair":{"pubKey":"BV8dcqPYlx+voMTupA35gI+asGrd7A2rwNET1xHkv7Yq","privKey":"YN2WdDajIXPBd5+DfhTY1eH4A78bbRb6hJ4BYhDuEWI="},"lastRemoteEphemeralKey":"Babz4lD/dUW16KMThOcX6v6BPooyB9KP7EkzN4r9vos+","previousCounter":0,"rootKey":"wPZ3odjowuxGTcA96IIR+FYdK+Xi+aUFZTiFhH8KUU0="},"indexInfo":{"baseKey":"BW2i4wd5JEAuwvizNsFxE9GwM/CAIWaaca/yw9XKZrIT","baseKeyType":1,"closed":-1,"used":1746714529180,"created":1746714529180,"remoteIdentityKey":"BYzkhLimx2csyROv6QUxzC/H44LcM1XlPO9UuUwdhcZt"},"_chains":{"BV8dcqPYlx+voMTupA35gI+asGrd7A2rwNET1xHkv7Yq":{"chainKey":{"counter":0,"key":"dUw/WeK+9+tuq+BYKfzsgvXIoj6YPNL/zhr/ngPUSW8="},"chainType":1,"messageKeys":{}}},"pendingPreKey":{"signedKeyId":3,"baseKey":"BW2i4wd5JEAuwvizNsFxE9GwM/CAIWaaca/yw9XKZrIT","preKeyId":11477205}}},"version":"v1"}