{"_sessions":{"BVbjEXKGtIlkg6jo4kTqSIUqiw8PrTUVV9cHVfRNp/UI":{"registrationId":297475006,"currentRatchet":{"ephemeralKeyPair":{"pubKey":"BTRdZlTlVNgnVR5OQwwDXllL855K6ny9Oie/YqOLDIcR","privKey":"IDiTEC0HgvjC3U3kQNJpyWWlv0E94VLLLEkGh77HHkQ="},"lastRemoteEphemeralKey":"BWtG2XT3cIhs3+6TsrsygvPB5PjFuMLj0azpcoI2d3R1","previousCounter":0,"rootKey":"YWTvA3Opw9Grn7mUMXLt5eb5adJ1QRv0abPiX6zykVQ="},"indexInfo":{"baseKey":"BVbjEXKGtIlkg6jo4kTqSIUqiw8PrTUVV9cHVfRNp/UI","baseKeyType":1,"closed":-1,"used":1746714525626,"created":1746714525626,"remoteIdentityKey":"BfuyJ3bSVS5oIzrDYSZXmkhmvY+wssoaqjTueb3dAj1a"},"_chains":{"BTRdZlTlVNgnVR5OQwwDXllL855K6ny9Oie/YqOLDIcR":{"chainKey":{"counter":0,"key":"PAD9VZfsAY4sFa8HmBRSsVQ79ik1XMpfKOytFYvdnWE="},"chainType":1,"messageKeys":{}}},"pendingPreKey":{"signedKeyId":7099649,"baseKey":"BVbjEXKGtIlkg6jo4kTqSIUqiw8PrTUVV9cHVfRNp/UI","preKeyId":18096}}},"version":"v1"}