{"_sessions":{"BRhFUlczsZGdy4jKSHwwXWrMRpyjODKBqWhqmZJFjlUB":{"registrationId":1741421071,"currentRatchet":{"ephemeralKeyPair":{"pubKey":"BXB9TM9bGJRnybWPOkU/qDK+tLfr1+TFV4Nsowkd6ONW","privKey":"ANchm9JUt1hc8StB+WZFxF+tc65xS0gCkjPxxWYoIWE="},"lastRemoteEphemeralKey":"BXkJsjb7SAtBeZhwiDQGIBxt/L6Cxnb7zaRh4OdkneYx","previousCounter":0,"rootKey":"J8mqiMqZgwqMGTXfzq7QnpMvyMe3z/7+C8zxVq19sp8="},"indexInfo":{"baseKey":"BRhFUlczsZGdy4jKSHwwXWrMRpyjODKBqWhqmZJFjlUB","baseKeyType":1,"closed":-1,"used":1746714540229,"created":1746714540229,"remoteIdentityKey":"BaaMRWl6sdisWrxfZJveYFiSyTK4lL2WX5im8qHpdDVb"},"_chains":{"BXB9TM9bGJRnybWPOkU/qDK+tLfr1+TFV4Nsowkd6ONW":{"chainKey":{"counter":0,"key":"wZnMDwl2dpSYSlMmfAbz73Ic8UeC8KgzYWuMB2Xpntk="},"chainType":1,"messageKeys":{}}},"pendingPreKey":{"signedKeyId":0,"baseKey":"BRhFUlczsZGdy4jKSHwwXWrMRpyjODKBqWhqmZJFjlUB"}}},"version":"v1"}