{"_sessions":{"BdKlzw0E/ya08ScYnX6cwRSPMkcG9nqmbtsnFYM8uEAh":{"registrationId":1042314634,"currentRatchet":{"ephemeralKeyPair":{"pubKey":"BfLuKCh3acqd7i5fAxaoAdGfV2ZHI9j09lzkHOFXm0g8","privKey":"yB68JDzSvI5Y70TM9jny1IWOp0E4zCHBsM096+cYmXE="},"lastRemoteEphemeralKey":"BSiMxqF+tyIOSAYoYfkzHyMRmaiUnmA69NF7ZXgIAQ0y","previousCounter":0,"rootKey":"a5EALSusEN8Fn86keNMIx7EaR9qA1Tb1UYg50MebXsI="},"indexInfo":{"baseKey":"BdKlzw0E/ya08ScYnX6cwRSPMkcG9nqmbtsnFYM8uEAh","baseKeyType":1,"closed":1746721118466,"used":1746721087094,"created":1746721087094,"remoteIdentityKey":"BQHx6NhFTaQgbtxVf3QkGCkVm773hGgK3pSPF482aQ8G"},"_chains":{"BfLuKCh3acqd7i5fAxaoAdGfV2ZHI9j09lzkHOFXm0g8":{"chainKey":{"counter":0,"key":"xM3i1UfbhEN/gdDHP3WjLDIUJopMNnWo7+CWU/Z9Bys="},"chainType":1,"messageKeys":{}}},"pendingPreKey":{"signedKeyId":1,"baseKey":"BdKlzw0E/ya08ScYnX6cwRSPMkcG9nqmbtsnFYM8uEAh","preKeyId":1009834}},"BQKl2e0JUnGjXRAQ0j347iB5S3O/zh+PCNvhHMy8mBVo":{"registrationId":1042314634,"currentRatchet":{"ephemeralKeyPair":{"pubKey":"BXC8ZaXxJ1mLZxXPI6RQ3yW118R2UUPpm/irJDbpcboy","privKey":"8ADdutjfINREe44K5VYJOf3WZJ+c/5gyUHqsp92Q4nU="},"lastRemoteEphemeralKey":"BSiMxqF+tyIOSAYoYfkzHyMRmaiUnmA69NF7ZXgIAQ0y","previousCounter":0,"rootKey":"zRvfP/GIjb8kq7TiUkbamkWf0bxYbXyd7xsRvSw8vqY="},"indexInfo":{"baseKey":"BQKl2e0JUnGjXRAQ0j347iB5S3O/zh+PCNvhHMy8mBVo","baseKeyType":1,"closed":-1,"used":1746721118073,"created":1746721118073,"remoteIdentityKey":"BQHx6NhFTaQgbtxVf3QkGCkVm773hGgK3pSPF482aQ8G"},"_chains":{"BXC8ZaXxJ1mLZxXPI6RQ3yW118R2UUPpm/irJDbpcboy":{"chainKey":{"counter":2,"key":"WVtGlUc/V75cV1xphUR/DfmX3RNR6EMVLZ3EG/jnGlE="},"chainType":1,"messageKeys":{}}},"pendingPreKey":{"signedKeyId":1,"baseKey":"BQKl2e0JUnGjXRAQ0j347iB5S3O/zh+PCNvhHMy8mBVo","preKeyId":1009897}}},"version":"v1"}