{"_sessions":{"BUom70XHCO8Ts9i1+i3B4cBnCNI8nfpaOd9adAGZXwAY":{"registrationId":1359478430,"currentRatchet":{"ephemeralKeyPair":{"pubKey":"BfGbtXwG1grxC4on1Uqb5gg8sZnZ1DS6J3305VLuFR1s","privKey":"KAzp7WtZAVA9vakVxvmfhyM3+2zm5AsY7M3m1jbwb04="},"lastRemoteEphemeralKey":"BX6LQcizH5z0+EP53hjADTpjP0W3Wd0JcWPN+f10XQNj","previousCounter":0,"rootKey":"EYC5x0eZDD0fsfIVR6kgpQxIT4vAJzpSkFLc89ERoAg="},"indexInfo":{"baseKey":"BUom70XHCO8Ts9i1+i3B4cBnCNI8nfpaOd9adAGZXwAY","baseKeyType":1,"closed":1746721104100,"used":1746721072916,"created":1746721072916,"remoteIdentityKey":"BUlx+0Pe1DLj83FU9lIBHwiwHUicI/3SPR18f8/0leI9"},"_chains":{"BfGbtXwG1grxC4on1Uqb5gg8sZnZ1DS6J3305VLuFR1s":{"chainKey":{"counter":0,"key":"K4CishRHj4rfwRJ2/0hGkbFe76EbEYehzsx87A10Enk="},"chainType":1,"messageKeys":{}}},"pendingPreKey":{"signedKeyId":3,"baseKey":"BUom70XHCO8Ts9i1+i3B4cBnCNI8nfpaOd9adAGZXwAY"}},"BSAnsZ/7s2syVeLp8pNdbsIF8N5j3W/kqBLqV6rCSFcl":{"registrationId":1359478430,"currentRatchet":{"ephemeralKeyPair":{"pubKey":"BZtDntNI+injYaYHE3RU3OpVK5QjfEATRu40P/gDiVVh","privKey":"ECPv/QXVt4c7zbjznL2rj0Mw4Lfmc8oVr4Gy79JrrVc="},"lastRemoteEphemeralKey":"BX6LQcizH5z0+EP53hjADTpjP0W3Wd0JcWPN+f10XQNj","previousCounter":0,"rootKey":"3TqM5pzC2Rp8aYdoCbjiIMchEK0vepnJgNAw/stdhYU="},"indexInfo":{"baseKey":"BSAnsZ/7s2syVeLp8pNdbsIF8N5j3W/kqBLqV6rCSFcl","baseKeyType":1,"closed":-1,"used":1746721103824,"created":1746721103824,"remoteIdentityKey":"BUlx+0Pe1DLj83FU9lIBHwiwHUicI/3SPR18f8/0leI9"},"_chains":{"BZtDntNI+injYaYHE3RU3OpVK5QjfEATRu40P/gDiVVh":{"chainKey":{"counter":2,"key":"30z8BarKmjI/e5WVZ+0quGxjviOkQ4Z21PWHnBGwRO4="},"chainType":1,"messageKeys":{}}},"pendingPreKey":{"signedKeyId":3,"baseKey":"BSAnsZ/7s2syVeLp8pNdbsIF8N5j3W/kqBLqV6rCSFcl"}}},"version":"v1"}