{"_sessions":{"BYbxr4aznCrFiWb6JAWtxxWlxzO5YVt5hxez+RbBfbJj":{"registrationId":1370745464,"currentRatchet":{"ephemeralKeyPair":{"pubKey":"BcEXKFLW6eYsBMQQ036qjlB105meFvAe6Nvg5Rj8gdVu","privKey":"MGBVWm2E1l7DNsJjiaLeoCOLYUXhX2kRtUWRO+c+BEQ="},"lastRemoteEphemeralKey":"BffdloOQHJVaHR/katiGYpdWCf3944vLet4x3i7UjEwa","previousCounter":0,"rootKey":"c+fB7reIQhGBqPcV1zHt6MfCyWGYig2SLcmToYMl2O4="},"indexInfo":{"baseKey":"BYbxr4aznCrFiWb6JAWtxxWlxzO5YVt5hxez+RbBfbJj","baseKeyType":1,"closed":-1,"used":1746714529205,"created":1746714529205,"remoteIdentityKey":"Be13rKneYfZHO5lcGzMik4+jBenSI7NtB5aInmWWaRFT"},"_chains":{"BcEXKFLW6eYsBMQQ036qjlB105meFvAe6Nvg5Rj8gdVu":{"chainKey":{"counter":0,"key":"/Wuk8m4pP9wGSdbw+l8k1CIF8X1XmNKPj23MDKsoBqs="},"chainType":1,"messageKeys":{}}},"pendingPreKey":{"signedKeyId":1,"baseKey":"BYbxr4aznCrFiWb6JAWtxxWlxzO5YVt5hxez+RbBfbJj","preKeyId":8270610}}},"version":"v1"}