{"_sessions":{"BdUSvU7YHMDAG6lT6euGOKIloAOqjVry7tywkeFJBho8":{"registrationId":825295693,"currentRatchet":{"ephemeralKeyPair":{"pubKey":"BSJjgAY0NQwcHhud0EBmoId4KWlLrzA9IJR1zc/xYyRw","privKey":"2Afw3ShivG9mtW5gy9OZLLcszQGyUADD3/0gzKV4j3g="},"lastRemoteEphemeralKey":"BcFjNUIEI8wR7Ek4GaVLCBm951lM2W3mkq2U2Zm4n5lh","previousCounter":0,"rootKey":"OHX8eS8gEwMd5oE2dG8pARu0K+APq5CSZxAdAMIz8ss="},"indexInfo":{"baseKey":"BdUSvU7YHMDAG6lT6euGOKIloAOqjVry7tywkeFJBho8","baseKeyType":1,"closed":1746721107833,"used":1746721076051,"created":1746721076051,"remoteIdentityKey":"Bdy4mYuV1h2Y0pb0pEq4ONjX/OUXr4Oe6XAsMqo3xJ1j"},"_chains":{"BSJjgAY0NQwcHhud0EBmoId4KWlLrzA9IJR1zc/xYyRw":{"chainKey":{"counter":0,"key":"DQxzJ6t5kw8zVcXod+W4SLYMs815krkacqBl48pdfnA="},"chainType":1,"messageKeys":{}}},"pendingPreKey":{"signedKeyId":12,"baseKey":"BdUSvU7YHMDAG6lT6euGOKIloAOqjVry7tywkeFJBho8","preKeyId":1030431}},"Bd0wOEEfrMowkp8WHq3ietzg9AEDk1+J8LuQ4x+1nZVB":{"registrationId":825295693,"currentRatchet":{"ephemeralKeyPair":{"pubKey":"BQuky+F0yZcihNFVZNFaC+0JibwWl6bDACCse0gXCwYh","privKey":"sN6FAjG2d7MzCswJDU7HzZHUXgThSFVW15l2iQ7XW2c="},"lastRemoteEphemeralKey":"BcFjNUIEI8wR7Ek4GaVLCBm951lM2W3mkq2U2Zm4n5lh","previousCounter":0,"rootKey":"fB7K5jJom0uM0yBftEQcIG7ChGz1jAsB4sKCxbSr+MY="},"indexInfo":{"baseKey":"Bd0wOEEfrMowkp8WHq3ietzg9AEDk1+J8LuQ4x+1nZVB","baseKeyType":1,"closed":-1,"used":1746721107590,"created":1746721107590,"remoteIdentityKey":"Bdy4mYuV1h2Y0pb0pEq4ONjX/OUXr4Oe6XAsMqo3xJ1j"},"_chains":{"BQuky+F0yZcihNFVZNFaC+0JibwWl6bDACCse0gXCwYh":{"chainKey":{"counter":2,"key":"cWGJWhLHEuaBPJqPpbigCabaZ4608A2FP3kvDBhb/sE="},"chainType":1,"messageKeys":{}}},"pendingPreKey":{"signedKeyId":12,"baseKey":"Bd0wOEEfrMowkp8WHq3ietzg9AEDk1+J8LuQ4x+1nZVB","preKeyId":1030230}}},"version":"v1"}