{"_sessions":{"BbJe2FpqcPwWlhT8H/nRKlIJbbUo7OWA5u0/mNrE9UF0":{"registrationId":1683209609,"currentRatchet":{"ephemeralKeyPair":{"pubKey":"BcQYch11LpzISkMQW46pk0nGTCllbLY/huzS+hwUi6Vf","privKey":"YDAepweRzAiAvpoMriqZNdYilzn/zo1FsyNHejD2CnU="},"lastRemoteEphemeralKey":"Bfj37HwNu1NLrAeeD16oJ9PRktcMUVHjbnvtGE3pUK8a","previousCounter":0,"rootKey":"01mjNlzLfZygR9S2rMCIXgDWnxE04Qyets3g8p2dmMM="},"indexInfo":{"baseKey":"BbJe2FpqcPwWlhT8H/nRKlIJbbUo7OWA5u0/mNrE9UF0","baseKeyType":1,"closed":-1,"used":1746714536273,"created":1746714536273,"remoteIdentityKey":"BToZT4AePnM48WSx7dksEo1TwMwI2ulNUfM0uBSRf3MM"},"_chains":{"BcQYch11LpzISkMQW46pk0nGTCllbLY/huzS+hwUi6Vf":{"chainKey":{"counter":0,"key":"6juDC4ujcLxi2p6z96ZxHDAqD8HLrMCZMnnHOKj4Mso="},"chainType":1,"messageKeys":{}}},"pendingPreKey":{"signedKeyId":0,"baseKey":"BbJe2FpqcPwWlhT8H/nRKlIJbbUo7OWA5u0/mNrE9UF0"}}},"version":"v1"}