{"_sessions":{"BTWXJt9omRwKqd0HMKYJKnxRzbq5KpLBAJfK7ziZnHY6":{"registrationId":399044541,"currentRatchet":{"ephemeralKeyPair":{"pubKey":"BRvgO/8qxd3GWAcrtGTU9oPxra834AsiaK5bmnsYNlkX","privKey":"2IDEQevWqUYfpHzN7rp/P+AQnIsVGGfDsX4Q6eDTgX8="},"lastRemoteEphemeralKey":"BT+5Cx/7h3Zn6w2hLviHLq2VIkeSKNioCLzdoZn+pCoV","previousCounter":0,"rootKey":"TYzyE/fufhrLvCdFEx5EvGz2OImH7xjN/HGWHtQPpms="},"indexInfo":{"baseKey":"BTWXJt9omRwKqd0HMKYJKnxRzbq5KpLBAJfK7ziZnHY6","baseKeyType":1,"closed":-1,"used":1746714532744,"created":1746714532744,"remoteIdentityKey":"Baigqqs6YUBAkvP//GqeFFurD3mdyJ7Glb6lbnCpO+I4"},"_chains":{"BRvgO/8qxd3GWAcrtGTU9oPxra834AsiaK5bmnsYNlkX":{"chainKey":{"counter":0,"key":"c4eN/p2pDWQNhIpCMC8E/5LE8vq2dkJCePfOzMPzgIc="},"chainType":1,"messageKeys":{}}},"pendingPreKey":{"signedKeyId":5,"baseKey":"BTWXJt9omRwKqd0HMKYJKnxRzbq5KpLBAJfK7ziZnHY6","preKeyId":2728691}}},"version":"v1"}