{"_sessions":{"BYFL6Ig5v8jqTRrsR5GrdMSd4SoWfIOFxOm4Zr3XQqpd":{"registrationId":1824033455,"currentRatchet":{"ephemeralKeyPair":{"pubKey":"BUW3Ag1Nt1J2Do9vAd3yw0fDLlkGZTlsMYEcRJ39dlp0","privKey":"oHiZL5jygBwQ5o9vjJPirZvfv4+wgzYt1hYPYWNdtWY="},"lastRemoteEphemeralKey":"BUipwMh0HhdbFx0fJrik2LCNGOxAxgrSPGoiyfu8+eto","previousCounter":0,"rootKey":"nHcmuaudBfax8+L8nGE0ozMeDP52fjq1qjTeI1kyKHQ="},"indexInfo":{"baseKey":"BYFL6Ig5v8jqTRrsR5GrdMSd4SoWfIOFxOm4Zr3XQqpd","baseKeyType":1,"closed":-1,"used":1746714525578,"created":1746714525578,"remoteIdentityKey":"BdTgKf1NVitD0do/k75iSh2rPMfW9IbKFOVMWZnmju8z"},"_chains":{"BUW3Ag1Nt1J2Do9vAd3yw0fDLlkGZTlsMYEcRJ39dlp0":{"chainKey":{"counter":0,"key":"9MHukbwkg3XypyIzZNHDU5rTx0Sa4X+zgfv64BMges4="},"chainType":1,"messageKeys":{}}},"pendingPreKey":{"signedKeyId":3,"baseKey":"BYFL6Ig5v8jqTRrsR5GrdMSd4SoWfIOFxOm4Zr3XQqpd","preKeyId":12898789}}},"version":"v1"}