{"_sessions":{"BaG5qHBif11vaQTtTHCN1UneU9nMzcSMPzc2jeJqbule":{"registrationId":1190217061,"currentRatchet":{"ephemeralKeyPair":{"pubKey":"Bd2rfID7/vFMOk8Pmn18fSh/yCXge0sp3jGgj+rrZaoh","privKey":"8C9SPsDXAy4NHNmllsZ5Fs9r0Mag/o8QPpeENlh783A="},"lastRemoteEphemeralKey":"BROq0WmMyP6BKC0jlC5ewqFMTKqdnju5Wa4Tr5zYRPVq","previousCounter":0,"rootKey":"NY7k1ZTq2dfh1o7TbLPvvwdly0USwgtmfCd71UyivW4="},"indexInfo":{"baseKey":"BaG5qHBif11vaQTtTHCN1UneU9nMzcSMPzc2jeJqbule","baseKeyType":1,"closed":-1,"used":1746714536510,"created":1746714536510,"remoteIdentityKey":"BXXbFfmeXmb9svLC3oOS4GaqiAIDyOEYsSp/0V/g1zN1"},"_chains":{"Bd2rfID7/vFMOk8Pmn18fSh/yCXge0sp3jGgj+rrZaoh":{"chainKey":{"counter":0,"key":"dLComnCP+g1lw0gZMEZ6OpXlhgloCvci8klOEZ+OD6Q="},"chainType":1,"messageKeys":{}}},"pendingPreKey":{"signedKeyId":4474280,"baseKey":"BaG5qHBif11vaQTtTHCN1UneU9nMzcSMPzc2jeJqbule"}}},"version":"v1"}