{"_sessions":{"BWFU4Lyp4O/bR50p+HI+q0ST9GXhw82iI/n2memkZqJR":{"registrationId":1412798980,"currentRatchet":{"ephemeralKeyPair":{"pubKey":"BfeWJG+4ltuNUqrbrlcbHGY5mYpA6gm2Yti0HDctaVwF","privKey":"yPNVksIJcdpIYfShBxA/JaTADFDppvMn3wMnJK4iB2Y="},"lastRemoteEphemeralKey":"BShqR+4afivnE1LmyCxMP8kdd/8NuhOJ1wuvxfnrTpZ3","previousCounter":0,"rootKey":"4LgCmRR+8irZQufINXbUerv7tD4be3otd3uKpbUm+rg="},"indexInfo":{"baseKey":"BWFU4Lyp4O/bR50p+HI+q0ST9GXhw82iI/n2memkZqJR","baseKeyType":1,"closed":1746721111369,"used":1746721080325,"created":1746721080325,"remoteIdentityKey":"BfCsOwLbax+YqJzxvNmN7chZ77/jpXzLaXg6CLbWO7M5"},"_chains":{"BfeWJG+4ltuNUqrbrlcbHGY5mYpA6gm2Yti0HDctaVwF":{"chainKey":{"counter":0,"key":"2eosT3EaXzjGJ7Q4E/K4YsZ27/fL7dDygQsDI6eI7js="},"chainType":1,"messageKeys":{}}},"pendingPreKey":{"signedKeyId":6,"baseKey":"BWFU4Lyp4O/bR50p+HI+q0ST9GXhw82iI/n2memkZqJR","preKeyId":11869748}},"BcTwhVhJxcAKhOEH7Ll6UThVMF54Us2DlwF5TB7SrCIb":{"registrationId":1412798980,"currentRatchet":{"ephemeralKeyPair":{"pubKey":"BbQPjGt4Ip9t7tju8rcOp2W7KCTxCdtt1P18FeAb2CBk","privKey":"MBs4nVIipB3m+FEJ0FMNhBEVhYlPXLKVknccoxnG9k4="},"lastRemoteEphemeralKey":"BShqR+4afivnE1LmyCxMP8kdd/8NuhOJ1wuvxfnrTpZ3","previousCounter":0,"rootKey":"Q+wZrpjCnT82s2L15+v9yS32Nc9arwC5lbRvjdiSM6k="},"indexInfo":{"baseKey":"BcTwhVhJxcAKhOEH7Ll6UThVMF54Us2DlwF5TB7SrCIb","baseKeyType":1,"closed":-1,"used":1746721111239,"created":1746721111239,"remoteIdentityKey":"BfCsOwLbax+YqJzxvNmN7chZ77/jpXzLaXg6CLbWO7M5"},"_chains":{"BbQPjGt4Ip9t7tju8rcOp2W7KCTxCdtt1P18FeAb2CBk":{"chainKey":{"counter":2,"key":"h1j6aScj1dXKS0TINbU3sfcIr/1UNJmNIsnfYLoPFGA="},"chainType":1,"messageKeys":{}}},"pendingPreKey":{"signedKeyId":6,"baseKey":"BcTwhVhJxcAKhOEH7Ll6UThVMF54Us2DlwF5TB7SrCIb","preKeyId":11869734}}},"version":"v1"}