{"_sessions":{"Bayo6Jrem19Xe5aRU1MHjqwRTakapDLpeKAP9N2sulR9":{"registrationId":1553693540,"currentRatchet":{"ephemeralKeyPair":{"pubKey":"BQTCGd+YQrFwJ7a0Z8QjaCh05k9dWeYnpx62tbcXWAB7","privKey":"QNDfz1ck5D69ET1B0WZLpPhoXL1lddkcze2TBTISfWo="},"lastRemoteEphemeralKey":"BWeHqLPx1aS2cxY3aKLvsm+MYcq4Qfr0dqAzhGa+GMRC","previousCounter":0,"rootKey":"prUXBLptQAp7T1+9CaaqOrzWcQZNUjZM6+6yqBETorc="},"indexInfo":{"baseKey":"Bayo6Jrem19Xe5aRU1MHjqwRTakapDLpeKAP9N2sulR9","baseKeyType":1,"closed":-1,"used":1746714522312,"created":1746714522312,"remoteIdentityKey":"Be8HqVIKbXud1oep3XVYEyF8l83RqGzbT8Nqpwb20kZu"},"_chains":{"BQTCGd+YQrFwJ7a0Z8QjaCh05k9dWeYnpx62tbcXWAB7":{"chainKey":{"counter":0,"key":"om/h2HEeaQuNo00GahCri6Zve8tx5NRFwZdx5o+k4AM="},"chainType":1,"messageKeys":{}}},"pendingPreKey":{"signedKeyId":1,"baseKey":"Bayo6Jrem19Xe5aRU1MHjqwRTakapDLpeKAP9N2sulR9"}}},"version":"v1"}