{"_sessions":{"BUdor3vVOdZzA8zXznFQX43V0q1dWiyGVe4wgOjLqNRF":{"registrationId":1266809251,"currentRatchet":{"ephemeralKeyPair":{"pubKey":"BbbTed7yCmrgE4RgnoSZ1gpjEkP1fpsOYWOnqPDbZDV4","privKey":"uBkAuPOwh7OXnRoZ8EMgBMVqopy+fpnHMKbG4C3S33w="},"lastRemoteEphemeralKey":"BXbLFyk23TX4wY6sAgir8rNfvs9wOwVlkB2xxvHQLXFg","previousCounter":0,"rootKey":"aRNTILmdFMVXkAdJaCuSluukCRACFUBIaeAhFlVoTT8="},"indexInfo":{"baseKey":"BUdor3vVOdZzA8zXznFQX43V0q1dWiyGVe4wgOjLqNRF","baseKeyType":1,"closed":1746721107804,"used":1746721075939,"created":1746721075939,"remoteIdentityKey":"BaEeM+qx5nRDxVlvYtn0LTBlSTTc9A7PQ1Rh0MzBL8w5"},"_chains":{"BbbTed7yCmrgE4RgnoSZ1gpjEkP1fpsOYWOnqPDbZDV4":{"chainKey":{"counter":0,"key":"0hEXbBIaJQLYngCXw5ta2Du9EOVii2NjG3cVFie2plA="},"chainType":1,"messageKeys":{}}},"pendingPreKey":{"signedKeyId":20,"baseKey":"BUdor3vVOdZzA8zXznFQX43V0q1dWiyGVe4wgOjLqNRF","preKeyId":11545293}},"BYbVUVmT33bzmjDuqTyeH59MGQTgn1kepux1U+Z6zyFS":{"registrationId":1266809251,"currentRatchet":{"ephemeralKeyPair":{"pubKey":"Bc3YRKWmlm867vojfGGp4NL4KQ6xspa98CnIWwrSj35E","privKey":"CECix5s+/pIFvXwrs7A4RDtpSyW4ICKzpnlGMjB5ak0="},"lastRemoteEphemeralKey":"BXbLFyk23TX4wY6sAgir8rNfvs9wOwVlkB2xxvHQLXFg","previousCounter":0,"rootKey":"85YHSSnbb8Up6lvy+Ws62U0ZYPtpXQ1tAEtyaiiF31M="},"indexInfo":{"baseKey":"BYbVUVmT33bzmjDuqTyeH59MGQTgn1kepux1U+Z6zyFS","baseKeyType":1,"closed":-1,"used":1746721107499,"created":1746721107499,"remoteIdentityKey":"BaEeM+qx5nRDxVlvYtn0LTBlSTTc9A7PQ1Rh0MzBL8w5"},"_chains":{"Bc3YRKWmlm867vojfGGp4NL4KQ6xspa98CnIWwrSj35E":{"chainKey":{"counter":2,"key":"bGLGoJn68Zq3UxLERjgUrkcLedVBWQErrrIxDJSgSBk="},"chainType":1,"messageKeys":{}}},"pendingPreKey":{"signedKeyId":20,"baseKey":"BYbVUVmT33bzmjDuqTyeH59MGQTgn1kepux1U+Z6zyFS","preKeyId":11545469}}},"version":"v1"}