{"_sessions":{"BZxQgbWBOfohHLZp7itxWtEyo05cSRq8cB4b2VMV+Hkt":{"registrationId":399044541,"currentRatchet":{"ephemeralKeyPair":{"pubKey":"BfCQfwSeTiejmxx2PlWTtLOYlS9gqb9+4Fp51jNKz4op","privKey":"AFZpb2a5/A5g/j25gR2QCgEqMRnk7vAzg82KpABIiG8="},"lastRemoteEphemeralKey":"BT+5Cx/7h3Zn6w2hLviHLq2VIkeSKNioCLzdoZn+pCoV","previousCounter":0,"rootKey":"Er832M+R7iTRo0MRDgtAaNZLOqMljgBGK5ZooWnOwic="},"indexInfo":{"baseKey":"BZxQgbWBOfohHLZp7itxWtEyo05cSRq8cB4b2VMV+Hkt","baseKeyType":1,"closed":1746721111337,"used":1746721080122,"created":1746721080122,"remoteIdentityKey":"Baigqqs6YUBAkvP//GqeFFurD3mdyJ7Glb6lbnCpO+I4"},"_chains":{"BfCQfwSeTiejmxx2PlWTtLOYlS9gqb9+4Fp51jNKz4op":{"chainKey":{"counter":0,"key":"hlhVozxXKiw4+dBWmYB4YOU5982dSnYZ0UxJpgdGCFI="},"chainType":1,"messageKeys":{}}},"pendingPreKey":{"signedKeyId":5,"baseKey":"BZxQgbWBOfohHLZp7itxWtEyo05cSRq8cB4b2VMV+Hkt","preKeyId":2728501}},"BSISB3uJcVt4NYwllbsNCpZFMEZwr1a/Qcs7LzrmsNlt":{"registrationId":399044541,"currentRatchet":{"ephemeralKeyPair":{"pubKey":"BXqjR17J2F90PkUI5u4rwoLSwoE+7yI2wv/8h7PaqHwK","privKey":"EMZsDC9m7fj3JE/mVuwUQmlGOJSmUG2m65GR+9wo7lc="},"lastRemoteEphemeralKey":"BT+5Cx/7h3Zn6w2hLviHLq2VIkeSKNioCLzdoZn+pCoV","previousCounter":0,"rootKey":"hSOuaUcUOfbgHFhNH/iFMzsDbAC3XXJ7x3TTk+KOe7M="},"indexInfo":{"baseKey":"BSISB3uJcVt4NYwllbsNCpZFMEZwr1a/Qcs7LzrmsNlt","baseKeyType":1,"closed":-1,"used":1746721111061,"created":1746721111061,"remoteIdentityKey":"Baigqqs6YUBAkvP//GqeFFurD3mdyJ7Glb6lbnCpO+I4"},"_chains":{"BXqjR17J2F90PkUI5u4rwoLSwoE+7yI2wv/8h7PaqHwK":{"chainKey":{"counter":2,"key":"R40o5fZ98GCNmXOwN5QzsDnlii9C5wGF6bqVA9E4QAk="},"chainType":1,"messageKeys":{}}},"pendingPreKey":{"signedKeyId":5,"baseKey":"BSISB3uJcVt4NYwllbsNCpZFMEZwr1a/Qcs7LzrmsNlt","preKeyId":2728757}}},"version":"v1"}