{"_sessions":{"BW1CV8hj4bxPtOW5JqCrvAqoiCB21rIqoODPQ2jL94Q+":{"registrationId":424356171,"currentRatchet":{"ephemeralKeyPair":{"pubKey":"Baa/T+6IvDeX5A57tZErqbwCDl9j0ODZghvX7sp5jGc6","privKey":"kEH7b4B4IVQwjpvC3lmH3HOVG4DVD/zk/WmOWgZV4Go="},"lastRemoteEphemeralKey":"BY/yzWTO0aVoz1M0eMWWXXh6IyaH9dQR3j3uBsjfV0hW","previousCounter":0,"rootKey":"0LCATnh7NpQ8iwGmkbedCZ0KJRItPrX1S0/phWStjTk="},"indexInfo":{"baseKey":"BW1CV8hj4bxPtOW5JqCrvAqoiCB21rIqoODPQ2jL94Q+","baseKeyType":1,"closed":-1,"used":1746714525573,"created":1746714525573,"remoteIdentityKey":"BTlIzWrRrCO6dlcAExrIDGRBGllITWbqg/pOvRBLGEgC"},"_chains":{"Baa/T+6IvDeX5A57tZErqbwCDl9j0ODZghvX7sp5jGc6":{"chainKey":{"counter":0,"key":"3Uu9sMcTB9oZFxQnbEvYvZyZjqWvTqDek/pc/r5s468="},"chainType":1,"messageKeys":{}}},"pendingPreKey":{"signedKeyId":4,"baseKey":"BW1CV8hj4bxPtOW5JqCrvAqoiCB21rIqoODPQ2jL94Q+","preKeyId":15075360}}},"version":"v1"}