{"_sessions":{"BfQU+q3WLSSm8uVP1JkKIkBSibXP/r2Z6I1YvyF5J4FX":{"registrationId":825295693,"currentRatchet":{"ephemeralKeyPair":{"pubKey":"BZH1zNAtAPbPnktDlrLPNISXZ0oTclbXZOxPXgCkLVAH","privKey":"YLTQBVuL/57+DDlEF1TMZPtPmx1Kwg33ipwyUMi4dVg="},"lastRemoteEphemeralKey":"BcFjNUIEI8wR7Ek4GaVLCBm951lM2W3mkq2U2Zm4n5lh","previousCounter":0,"rootKey":"uF8Dyl4RBRkdu46HXyucItKk73peiCJS3PVsc89wVI4="},"indexInfo":{"baseKey":"BfQU+q3WLSSm8uVP1JkKIkBSibXP/r2Z6I1YvyF5J4FX","baseKeyType":1,"closed":-1,"used":1746714529422,"created":1746714529422,"remoteIdentityKey":"Bdy4mYuV1h2Y0pb0pEq4ONjX/OUXr4Oe6XAsMqo3xJ1j"},"_chains":{"BZH1zNAtAPbPnktDlrLPNISXZ0oTclbXZOxPXgCkLVAH":{"chainKey":{"counter":0,"key":"oZIpVIw8UfzxtQtuch7lDGU/G2rCchy86IbJ9s7Z6ZY="},"chainType":1,"messageKeys":{}}},"pendingPreKey":{"signedKeyId":12,"baseKey":"BfQU+q3WLSSm8uVP1JkKIkBSibXP/r2Z6I1YvyF5J4FX","preKeyId":1030609}}},"version":"v1"}