{"noiseKey":{"private":{"type":"Buffer","data":"YDN6AuzxGFf2hY+ZqanGvhduFMY6lTNkcMgEGVwklVA="},"public":{"type":"Buffer","data":"WLH1KTEBoUznv+Mwdmu6ZxNgyN1VoOE0FVzUFlk8oAU="}},"pairingEphemeralKeyPair":{"private":{"type":"Buffer","data":"qAHDMHqUCr5zhWAM85alfdyNDqoTQYMTEyyhNPYcNXY="},"public":{"type":"Buffer","data":"Hm9WIzOiRxT+QcW6zXcpACY2rk0nWBDze/gU5LsctH0="}},"signedIdentityKey":{"private":{"type":"Buffer","data":"8AID90tnrYGazt6ByAzbafYneA6oFkW7NAnR+TQIHVQ="},"public":{"type":"Buffer","data":"jqJsDMNd8AN/cRdthDdRxSAmzR0kTLEo7VfE+9xieG4="}},"signedPreKey":{"keyPair":{"private":{"type":"Buffer","data":"CGZVClS0jxFhzvmnTg5eF/5LWG+9hiz6rbr3cCdQpUY="},"public":{"type":"Buffer","data":"bPe6Kc0Fua9oFSKhsiLrbim6KdNvwhSEii2Ea4YSTHY="}},"signature":{"type":"Buffer","data":"f7INRqzkEXgIfbXctgs5g6qrx+RTvcnh23aOogQPA5J832krGEu+VA7gXeucOW8dbEC6S9GRI84dsnlZZvFJBA=="},"keyId":1},"registrationId":48,"advSecretKey":"Un8KSMY7HO8gtl0Cgd9hqQ1unGKDJMSV9dErMqkQJPY=","processedHistoryMessages":[{"key":{"remoteJid":"2347048676318@s.whatsapp.net","fromMe":true,"id":"A328FCC5FA9C8556C1DBF3F557C73A34"},"messageTimestamp":1746612343},{"key":{"remoteJid":"2347048676318@s.whatsapp.net","fromMe":true,"id":"5EC4BCDCDA4D0D290D88D8F3A5C0544C"},"messageTimestamp":1746612343}],"nextPreKeyId":61,"firstUnuploadedPreKeyId":61,"accountSyncCounter":1,"accountSettings":{"unarchiveChats":false},"registered":false,"account":{"details":"CNyCtP4CEN3g7MAGGAEgACgA","accountSignatureKey":"YLogfAHCIX0DNDPi+UXL1YXKQruLSKwi6GdxJWjZfXo=","accountSignature":"RZ6UMt65ng4mbhsmS/weNu4l48jKFhDN6y7ix0xkqjCBb5wDqTQ6kRFKLjkhcYTQAVf1I9trqdWHXB8E6xyOBg==","deviceSignature":"pI5RoS41oOBjWMiEFby6W66XPKhRvmtLyaqNyKx+0Zlpi1lKZT+0nBGnkFXqKbojrHALEX3BeRF1W2CFX+swDQ=="},"me":{"id":"2347048676318:27@s.whatsapp.net","lid":"55032053526716:27@lid","name":"TonnaBot 2.0"},"signalIdentities":[{"identifier":{"name":"2347048676318:27@s.whatsapp.net","deviceId":0},"identifierKey":{"type":"Buffer","data":"BWC6IHwBwiF9AzQz4vlFy9WFykK7i0isIuhncSVo2X16"}}],"platform":"android","routingInfo":{"type":"Buffer","data":"CAsIBQ=="},"lastAccountSyncTimestamp":1746627313,"lastPropHash":"2G4Amu","myAppStateKeyId":"AAAAAA9J"}