[{"senderKeyId":416283266,"senderChainKey":{"iteration":11,"seed":"0/+EOslUZApm/CWBX5C7VpM5Vi9Kda2/Fv0667F1U9k="},"senderSigningKey":{"public":"BZ323V1N0PbampGO7Jy1B5WpOokLID8JgsYH7KTvFPAY"},"senderMessageKeys":[]},{"senderKeyId":1757798985,"senderChainKey":{"iteration":3,"seed":"Xqz8NH/BD/2cb5FplVfrHc/auD5Kw7aLANkvStzV/DM="},"senderSigningKey":{"public":"BZkbmXxdtLEK217YpvJ7IDC8ZpHa0hMcOKJM7xKlPblb"},"senderMessageKeys":[]},{"senderKeyId":1757798985,"senderChainKey":{"iteration":0,"seed":"1ABV+EsWZFaFcvZ2RyFoVg55s2F7Q3JXmG2FNYAgBmQ="},"senderSigningKey":{"public":"BZkbmXxdtLEK217YpvJ7IDC8ZpHa0hMcOKJM7xKlPblb"},"senderMessageKeys":[]}]