{"_sessions":{"Ba3AnK8TuxR7CdApbs7oVieVJUlYwUirL5zpt4phDekY":{"registrationId":1189660619,"currentRatchet":{"ephemeralKeyPair":{"pubKey":"BRg4vD+2WiNeQCyFO80L1LZNQt9Rf64izRMLbodJG4wq","privKey":"qCv1ZFlYHWCb5qbR4VeqvadwsBmSVbKBYEftB8OfxUw="},"lastRemoteEphemeralKey":"BXsCLOSW48QS/40vDLuaJt5bATJ2p/RHY0bNDpAmTVQB","previousCounter":2,"rootKey":"Ur+p9kbExbQc1+aOr8Rwo0nE7wfpQTWdnDqQTNarkLg="},"indexInfo":{"baseKey":"Ba3AnK8TuxR7CdApbs7oVieVJUlYwUirL5zpt4phDekY","baseKeyType":1,"closed":-1,"used":1746627471364,"created":1746612497209,"remoteIdentityKey":"BVxKpG25iyQKG9H0wmuvZ2XQeeZU69y2jHav4K3wjaw2"},"_chains":{"BXsCLOSW48QS/40vDLuaJt5bATJ2p/RHY0bNDpAmTVQB":{"chainKey":{"counter":6,"key":"yaZQ27cvDire9drTqdAzY7NCIZzV9zDBCyuYk9i+vVA="},"chainType":2,"messageKeys":{"5":"DkVuXIu1n6vRk2w2E3MBhHs7ECatFaqHunyQKWn2BGI="}},"BRg4vD+2WiNeQCyFO80L1LZNQt9Rf64izRMLbodJG4wq":{"chainKey":{"counter":1,"key":"qla6+Z9T5tdEB5ZrGmGasYTr1u644m6zey6lhua1JWI="},"chainType":1,"messageKeys":{}}}}},"version":"v1"}