{"_sessions":{"BalTl5MxdjK6de78iiSaiuq3X1AnXuOJl4U0CqEzgsBq":{"registrationId":670473904,"currentRatchet":{"ephemeralKeyPair":{"pubKey":"BQdcDN3AP3oOKlvazGoRzP9U1poaQq3lR0Q4k+BzxPcP","privKey":"API3q4vnQBIKzTb2Lyw9uaIBHNo/uNV4dUdtAvQ6SGA="},"lastRemoteEphemeralKey":"BXJFLzoCdZRwvS4NCqCJer6h+KTHYldEGULSBeFPBVEq","previousCounter":0,"rootKey":"ubzliU9aF0JPruuVGaagoUZf8yI19pG+2Ened80h+ik="},"indexInfo":{"baseKey":"BalTl5MxdjK6de78iiSaiuq3X1AnXuOJl4U0CqEzgsBq","baseKeyType":1,"closed":-1,"used":1746612488645,"created":1746612488645,"remoteIdentityKey":"BYTS6EiSSbXCTkKR79DJ+DhB8h5DpRMuZbZ3bMiO/b0z"},"_chains":{"BQdcDN3AP3oOKlvazGoRzP9U1poaQq3lR0Q4k+BzxPcP":{"chainKey":{"counter":4,"key":"xGYKC4p06t6UvNhK7XMux5MGXbRU4ZnmXiZYHPR6Otg="},"chainType":1,"messageKeys":{}}},"pendingPreKey":{"signedKeyId":14074458,"baseKey":"BalTl5MxdjK6de78iiSaiuq3X1AnXuOJl4U0CqEzgsBq","preKeyId":2913}}},"version":"v1"}