{"_sessions":{"Bbuo80rPObgLb4ikr+nwRs34fQXo+t36t1DI7eSvXdlI":{"registrationId":453685360,"currentRatchet":{"ephemeralKeyPair":{"pubKey":"BX1cwHnPbrmHUKiIjG78tW3g+i6fy1hrYHgLqnuXWbB7","privKey":"IEiaM/CdKqkuSl8uq7FSZcWv6ecfBfXuPc8GTyU/23w="},"lastRemoteEphemeralKey":"BaQUpPlHo1xk2psuoozb3IHRZcedOzs3kj7fTflKOCJW","previousCounter":0,"rootKey":"gvAztzHuvvgr1rA4RkxavmQyZA1/wr1Dwr8GAcjbcZk="},"indexInfo":{"baseKey":"Bbuo80rPObgLb4ikr+nwRs34fQXo+t36t1DI7eSvXdlI","baseKeyType":1,"closed":-1,"used":1746612497290,"created":1746612497290,"remoteIdentityKey":"BRowkKg1xns21mtmqPD8c8jLPvivt81MCzMkddVsg2sg"},"_chains":{"BX1cwHnPbrmHUKiIjG78tW3g+i6fy1hrYHgLqnuXWbB7":{"chainKey":{"counter":4,"key":"jz79gjNdPzM3rKff/nSc0I+9L51QWbungmnPCOA3kUo="},"chainType":1,"messageKeys":{}}},"pendingPreKey":{"signedKeyId":20,"baseKey":"Bbuo80rPObgLb4ikr+nwRs34fQXo+t36t1DI7eSvXdlI"}}},"version":"v1"}