{"_sessions":{"BeAtMQJhG/omHGvN0CZiJNHrWDbxooWcoY2lSc+8TA1g":{"registrationId":107609911,"currentRatchet":{"ephemeralKeyPair":{"pubKey":"BVomUbTAjgCisgBkBTWUj6hDg5w9Qpc2oDMzrlVFrOMA","privKey":"WGpo0kcNgepR04dXHxT3oEeTw/n5mnWI8OREaTOydkI="},"lastRemoteEphemeralKey":"BQg1s1m3SdominG6RThl0OXn+OIzjYIYURtuSTGUEVs2","previousCounter":0,"rootKey":"Gp50Zb4tlipOdHFafZSZwrjd4pDDs3SFTVqsjIHKfEM="},"indexInfo":{"baseKey":"BeAtMQJhG/omHGvN0CZiJNHrWDbxooWcoY2lSc+8TA1g","baseKeyType":1,"closed":-1,"used":1746612499073,"created":1746612499073,"remoteIdentityKey":"Be6aAMPJc6ZwJwoAJK9pDmBRAxj/TF/k5yBDBQ3mEtZt"},"_chains":{"BVomUbTAjgCisgBkBTWUj6hDg5w9Qpc2oDMzrlVFrOMA":{"chainKey":{"counter":4,"key":"QQatqwy7P5P3pnfmfeIgqdG+lu5CDzPkbtfOeqSH4Vo="},"chainType":1,"messageKeys":{}}},"pendingPreKey":{"signedKeyId":1,"baseKey":"BeAtMQJhG/omHGvN0CZiJNHrWDbxooWcoY2lSc+8TA1g","preKeyId":9864519}}},"version":"v1"}