{"_sessions":{"BQFsahjDFSyV6R/mCczK0IGbH5CvxnwVQrere35j2ewb":{"registrationId":720919497,"currentRatchet":{"ephemeralKeyPair":{"pubKey":"BUxIoWIbikoUFFQsl6rJ6Dibma0IkkcfW1il+EYSyflp","privKey":"0DqJIsNbxwkdyZe8F1Sq4v1D6pTp0caMqVyZUjd+PV8="},"lastRemoteEphemeralKey":"BXvwaPW3GZN86CrB2O5JhC1PT0IE/gKIqgkRKg/6x2s3","previousCounter":0,"rootKey":"e1xhjg+a663MM1TimNdUo1JsMTg+i+h782TXHgXAwlo="},"indexInfo":{"baseKey":"BQFsahjDFSyV6R/mCczK0IGbH5CvxnwVQrere35j2ewb","baseKeyType":1,"closed":-1,"used":1746612488719,"created":1746612488719,"remoteIdentityKey":"BQoMOh5UCMkwfrcDZkbLnLLESgr9TgEpJONkEp4e0Rds"},"_chains":{"BUxIoWIbikoUFFQsl6rJ6Dibma0IkkcfW1il+EYSyflp":{"chainKey":{"counter":4,"key":"9w8hZ9iOujskET4hyzY4nhi4o+xWuE/Nto7av433QNA="},"chainType":1,"messageKeys":{}}},"pendingPreKey":{"signedKeyId":5,"baseKey":"BQFsahjDFSyV6R/mCczK0IGbH5CvxnwVQrere35j2ewb","preKeyId":15670705}}},"version":"v1"}