{"_sessions":{"BUPasQ57R0TCL07An3fmVlX5wX5wvqUGefWIHImrhwQT":{"registrationId":4573,"currentRatchet":{"ephemeralKeyPair":{"pubKey":"BXpMr2sl32VpVhtl26nDkcZrAI3OopPq/wxwwiaS3Fti","privKey":"YAiYNmArO6DYswo1Xx+nFRKW618ItN/slshXuefEYmc="},"lastRemoteEphemeralKey":"Bd3SQiBIIdOSVk0+xfdvME7baInNM8Wf4e1diA0DqJJ6","previousCounter":0,"rootKey":"QD/q78uyFmcViC1VxR1wfVnvmnIGwqAr7bHhcWR4XCE="},"indexInfo":{"baseKey":"BUPasQ57R0TCL07An3fmVlX5wX5wvqUGefWIHImrhwQT","baseKeyType":1,"closed":1746627382145,"used":1746627362246,"created":1746627362246,"remoteIdentityKey":"BaZLm+QLyScpRDsoWWfWfNQ1ulBvGjaA5ODD5Lp120F8"},"_chains":{"BXpMr2sl32VpVhtl26nDkcZrAI3OopPq/wxwwiaS3Fti":{"chainKey":{"counter":0,"key":"ctgQhRd2XBGT7GAF4Mzzz1Jx7D/zT6mgmgAIyXbAtHE="},"chainType":1,"messageKeys":{}}},"pendingPreKey":{"signedKeyId":1,"baseKey":"BUPasQ57R0TCL07An3fmVlX5wX5wvqUGefWIHImrhwQT"}},"BUa5phf1asVg9cqdiWA769Y7ox+BKdco1oU3ozFwH7R0":{"registrationId":4573,"currentRatchet":{"ephemeralKeyPair":{"pubKey":"BRNYKdat60sfCwxRjjoK0gogZvDln4HNYX2+ypvuRrI2","privKey":"6HxIVw9CbWzdDpee0YCMJcmj0qTtg1lh8UUhbq/vLWI="},"lastRemoteEphemeralKey":"Bd3SQiBIIdOSVk0+xfdvME7baInNM8Wf4e1diA0DqJJ6","previousCounter":0,"rootKey":"Hz7fFhMTBVa+mL6Z+wcESqtPIcNW2EuLZqvUB42cIfY="},"indexInfo":{"baseKey":"BUa5phf1asVg9cqdiWA769Y7ox+BKdco1oU3ozFwH7R0","baseKeyType":1,"closed":1746627404864,"used":1746627381678,"created":1746627381678,"remoteIdentityKey":"BaZLm+QLyScpRDsoWWfWfNQ1ulBvGjaA5ODD5Lp120F8"},"_chains":{"BRNYKdat60sfCwxRjjoK0gogZvDln4HNYX2+ypvuRrI2":{"chainKey":{"counter":0,"key":"YGi6pAZXGyIXrud5MqnmVP+DINr2anolKjfbfQcPRGw="},"chainType":1,"messageKeys":{}}},"pendingPreKey":{"signedKeyId":1,"baseKey":"BUa5phf1asVg9cqdiWA769Y7ox+BKdco1oU3ozFwH7R0"}},"BejwUAKTzGf1U2iF9X+R2YYqJvaHnv7Mk3uoIzI7XZJs":{"registrationId":4573,"currentRatchet":{"ephemeralKeyPair":{"pubKey":"BV+Og+p1BUsRHN9SpZB+sPX8/7Bov5jkFZ133BPU+x5x","privKey":"gPpr/IhbSuztpXuRTHDfCU0KbwGAxTwSQg1grhtD6UQ="},"lastRemoteEphemeralKey":"Bd3SQiBIIdOSVk0+xfdvME7baInNM8Wf4e1diA0DqJJ6","previousCounter":0,"rootKey":"Aid8QkRv6krpvvKwWQTKy2wyp9nTqJhhqyhxzUvnrso="},"indexInfo":{"baseKey":"BejwUAKTzGf1U2iF9X+R2YYqJvaHnv7Mk3uoIzI7XZJs","baseKeyType":1,"closed":-1,"used":1746627404504,"created":1746627404504,"remoteIdentityKey":"BaZLm+QLyScpRDsoWWfWfNQ1ulBvGjaA5ODD5Lp120F8"},"_chains":{"BV+Og+p1BUsRHN9SpZB+sPX8/7Bov5jkFZ133BPU+x5x":{"chainKey":{"counter":3,"key":"h/y999joSUyjx9eiCYfN/sFWvzEOUqEjLMzl5ZgpqZw="},"chainType":1,"messageKeys":{}}},"pendingPreKey":{"signedKeyId":1,"baseKey":"BejwUAKTzGf1U2iF9X+R2YYqJvaHnv7Mk3uoIzI7XZJs"}}},"version":"v1"}