{"_sessions":{"BSSP1iYu1VC3cMx8Ej6A1seUsw0fN9N9NebxzD4H6pBW":{"registrationId":571398510,"currentRatchet":{"ephemeralKeyPair":{"pubKey":"BWWgJ0/S554SRQ7C9ZrGcD+/qTrnZsDrjn5Hlr2oNvoG","privKey":"YMJLBEUntzWCJNY6UnuSW4xr5I28asqdL0P/Im2V43Y="},"lastRemoteEphemeralKey":"BVj/xQkYQ42hw6X1f/wysfJPU3cQZRgxKqpPlAzFGuIK","previousCounter":0,"rootKey":"764X3/t7yYGWKyfJRAfp7r/7RwCiJ7cLfs0rTffYsh4="},"indexInfo":{"baseKey":"BSSP1iYu1VC3cMx8Ej6A1seUsw0fN9N9NebxzD4H6pBW","baseKeyType":1,"closed":-1,"used":1746627351095,"created":1746627351095,"remoteIdentityKey":"BZ38fHpzCSZskWqZOiV2ZRDFVYhIqnfMD92TpkNARzdC"},"_chains":{"BWWgJ0/S554SRQ7C9ZrGcD+/qTrnZsDrjn5Hlr2oNvoG":{"chainKey":{"counter":0,"key":"43Df4B4mL/HWN82eNPYQXEYneRznlJ1B+4eEFPvmOl8="},"chainType":1,"messageKeys":{}}},"pendingPreKey":{"signedKeyId":10,"baseKey":"BSSP1iYu1VC3cMx8Ej6A1seUsw0fN9N9NebxzD4H6pBW","preKeyId":9787516}}},"version":"v1"}