{"_sessions":{"BX1USLXdqp7tb+neuugaC8nqu9rxrba/IWOGfWMhNix4":{"registrationId":1334100985,"currentRatchet":{"ephemeralKeyPair":{"pubKey":"Bdziaf7+Dvh3cI1YWo4AN3cbTc9AeKJoc8NmDW1wQ7B+","privKey":"eGA9vopwOtPUWWinwkbhqBzf9jEzl+53a6HdayhUNUQ="},"lastRemoteEphemeralKey":"BVgeWtIWNBekcf9uAbpmGq5QodMr5znK1g6i8F9o0lxQ","previousCounter":0,"rootKey":"IfO4vJVoNlN14YTp1bN8veKf5Uc09EdDakmC6wRI1J8="},"indexInfo":{"baseKey":"BX1USLXdqp7tb+neuugaC8nqu9rxrba/IWOGfWMhNix4","baseKeyType":1,"closed":-1,"used":1746612497149,"created":1746612497149,"remoteIdentityKey":"BVNj7kEW21c+U/XeTKv1S4ZRCFKwKn4pz9vXM3YWPsEO"},"_chains":{"Bdziaf7+Dvh3cI1YWo4AN3cbTc9AeKJoc8NmDW1wQ7B+":{"chainKey":{"counter":4,"key":"bxPl8TXj37/rse24Cc4BFcr81CHL/jC8tznjMhbLrJ8="},"chainType":1,"messageKeys":{}}},"pendingPreKey":{"signedKeyId":1,"baseKey":"BX1USLXdqp7tb+neuugaC8nqu9rxrba/IWOGfWMhNix4","preKeyId":588326}}},"version":"v1"}