{"_sessions":{"BZ0xRWaNUvdT4YABfw06bL07RNu/5kDqrf6vBvSY2cNy":{"registrationId":685554423,"currentRatchet":{"ephemeralKeyPair":{"pubKey":"BdffPFHBWKPYpoklP854wgkzx9BFRfnWemqRSKuThZ1/","privKey":"MOSoudXWf8EDMjKf63IRUwj619GVaH0RkDcfxeYdGU0="},"lastRemoteEphemeralKey":"BR74UEFDL36S+YOieD0BLejvBXKXrxY4qIZQD4Jy1891","previousCounter":0,"rootKey":"INUgWR+imn9pCfQKt87n/iW0z+oXRQp/aNAyusZ8dNc="},"indexInfo":{"baseKey":"BZ0xRWaNUvdT4YABfw06bL07RNu/5kDqrf6vBvSY2cNy","baseKeyType":1,"closed":-1,"used":1746612493096,"created":1746612493096,"remoteIdentityKey":"BQUfOE4jMH1i02BqIUkWsDUDzhvGR0V/5n2x2hEhynpY"},"_chains":{"BdffPFHBWKPYpoklP854wgkzx9BFRfnWemqRSKuThZ1/":{"chainKey":{"counter":4,"key":"1aQRx9FLzhJcYUCo/aSdNUnyi1OLkUP6VPqw44a3Ung="},"chainType":1,"messageKeys":{}}},"pendingPreKey":{"signedKeyId":2,"baseKey":"BZ0xRWaNUvdT4YABfw06bL07RNu/5kDqrf6vBvSY2cNy","preKeyId":617907}}},"version":"v1"}