{"_sessions":{"BWCAnW/hhszjEDmA2vdn8aD+IrUprllrgL/1IJvyb2E9":{"registrationId":1593685169,"currentRatchet":{"ephemeralKeyPair":{"pubKey":"BZ4QzbRd1y8zoNOsB9+f8Rcw6jXdpA/ZcqOlEPEvMik4","privKey":"QDdwS1CnMP+4DElKteL0lL64wX2LTPdHJW3AmhUy9E4="},"lastRemoteEphemeralKey":"BT9wTAG8g6+m4EiDrDidI28ptSgtDkWWlqKTASIPGhMQ","previousCounter":0,"rootKey":"RSlVOaF94fpv/347e9vYBLjTHf/G6DyCuwuNGUI75Wc="},"indexInfo":{"baseKey":"BWCAnW/hhszjEDmA2vdn8aD+IrUprllrgL/1IJvyb2E9","baseKeyType":1,"closed":-1,"used":1746612492699,"created":1746612492699,"remoteIdentityKey":"BRw3Wpt7rV6q6FQ74+ns5+1eOf+hcwqlib4ZgxD6ucJR"},"_chains":{"BZ4QzbRd1y8zoNOsB9+f8Rcw6jXdpA/ZcqOlEPEvMik4":{"chainKey":{"counter":4,"key":"/bxLcgMMzErybWPLJ3n6V4jMg9AsMPBd7KDjUgvUbYU="},"chainType":1,"messageKeys":{}}},"pendingPreKey":{"signedKeyId":1,"baseKey":"BWCAnW/hhszjEDmA2vdn8aD+IrUprllrgL/1IJvyb2E9"}}},"version":"v1"}