{"_sessions":{"Batjcdf/jyrmybKc+W0Md8ZpNsz4ULq6CCCLjNvysmxX":{"registrationId":667644811,"currentRatchet":{"ephemeralKeyPair":{"pubKey":"BQCFFlVvpBjFOcohkaUH4HuJIv6x03R/3Db8l4biE9h2","privKey":"2Ho+6BabJgeEd3x8jPIOeMnyNuVeJRyezxhbZ9HONE0="},"lastRemoteEphemeralKey":"BZPOMx6Ac2Mf8FMEVZTdoLqT0/vOuqkuafUU3UsuGYsd","previousCounter":0,"rootKey":"sVHmDaGU1LAQGg3CPx04nlitT2fRb5iMoFjW8qmlh2c="},"indexInfo":{"baseKey":"Batjcdf/jyrmybKc+W0Md8ZpNsz4ULq6CCCLjNvysmxX","baseKeyType":1,"closed":-1,"used":1746612492589,"created":1746612492589,"remoteIdentityKey":"BR5EDYaA8RWWKGvDwVnNygirXjlmcJ0orQSx36+UHnNf"},"_chains":{"BQCFFlVvpBjFOcohkaUH4HuJIv6x03R/3Db8l4biE9h2":{"chainKey":{"counter":4,"key":"ZprwXclsN0+x3luMEaNF7mPmMkEb8zTwKZc9BRxj66w="},"chainType":1,"messageKeys":{}}},"pendingPreKey":{"signedKeyId":4,"baseKey":"Batjcdf/jyrmybKc+W0Md8ZpNsz4ULq6CCCLjNvysmxX","preKeyId":10568862}}},"version":"v1"}