{"_sessions":{"BdX/izkRKNbUAzB33QjDgrhTmX//El6V7UZVULlmLn4D":{"registrationId":1893141125,"currentRatchet":{"ephemeralKeyPair":{"pubKey":"BYflrbC649GuWmsdM1tnpmB4YKaO4ZMvm9b6Orie50xv","privKey":"+MTUHqDb1e7NA9QVVpSR/59OBkhFFK5plbjWrq+ieXw="},"lastRemoteEphemeralKey":"BUz5P0W4XLEhiWGfC5BwNbxTY75rfPLZ5IUfRanfmuAi","previousCounter":0,"rootKey":"HRrzr9hX4sK5+5kcrh3QhBT7VnlB0jBmepw/8EVwJDw="},"indexInfo":{"baseKey":"BdX/izkRKNbUAzB33QjDgrhTmX//El6V7UZVULlmLn4D","baseKeyType":1,"closed":-1,"used":1746612497255,"created":1746612497255,"remoteIdentityKey":"BckBkpfKGnKbG125WOw9Sx/Z1RQPVSV2EhfTBXB4omhY"},"_chains":{"BYflrbC649GuWmsdM1tnpmB4YKaO4ZMvm9b6Orie50xv":{"chainKey":{"counter":4,"key":"BL249xRZAHbc83UVKXERkDTSBSTt5RCchXJYPM1bsgQ="},"chainType":1,"messageKeys":{}}},"pendingPreKey":{"signedKeyId":1,"baseKey":"BdX/izkRKNbUAzB33QjDgrhTmX//El6V7UZVULlmLn4D","preKeyId":10783092}}},"version":"v1"}