{"_sessions":{"BZWqYdAzPONHVSn7D0SW6/EyGQQYjPphc1A+vuXNgvJN":{"registrationId":1639635253,"currentRatchet":{"ephemeralKeyPair":{"pubKey":"BcdpFXhwE+5Vmqmk2d/k6TrLpcDWJzfHPmIFDz1CqoN1","privKey":"YPRhdkueZxKt78yWpNSJy5mWFLQ8qa5Qhpz5mxths1Y="},"lastRemoteEphemeralKey":"BTUb+efce9FgAarlWRBEBbSr+lrPI1M33axyChakElwl","previousCounter":0,"rootKey":"vO6UmGDdPibJ4FV8YmpZne+QDOBelHPTQ/L5bCSdYwk="},"indexInfo":{"baseKey":"BZWqYdAzPONHVSn7D0SW6/EyGQQYjPphc1A+vuXNgvJN","baseKeyType":1,"closed":-1,"used":1746612497384,"created":1746612497384,"remoteIdentityKey":"BSQkA8M870y0RGywfNVa/7TQ704U5Cz3DX6FJFt9lzVQ"},"_chains":{"BcdpFXhwE+5Vmqmk2d/k6TrLpcDWJzfHPmIFDz1CqoN1":{"chainKey":{"counter":5,"key":"CvRQaPOsJTqH4BrbkPBdz1byi0ObyHlJefcWouFBuHI="},"chainType":1,"messageKeys":{}}},"pendingPreKey":{"signedKeyId":13,"baseKey":"BZWqYdAzPONHVSn7D0SW6/EyGQQYjPphc1A+vuXNgvJN","preKeyId":5036543}}},"version":"v1"}