{"_sessions":{"BVOP6Bc/FKlNd47+sDXIRwDti1B+4kxSqzLzlsQc6c0/":{"registrationId":1224173898,"currentRatchet":{"ephemeralKeyPair":{"pubKey":"BYWm39qFKwsGqYxnV+k6I4aXbiJp3uM6pT/eaj7OFdJ9","privKey":"YHNdBesLKof/skcODbw6M7bMvvC7a8x5f++ZG21LvHs="},"lastRemoteEphemeralKey":"BcPN7Aek+F++tv5MxpCWlv3hAgQ1dQ30TbzjyhLiTCwZ","previousCounter":0,"rootKey":"5//zL2Quugpc4CngmHj35fHshS8sOxSpaOdYllgvIdk="},"indexInfo":{"baseKey":"BVOP6Bc/FKlNd47+sDXIRwDti1B+4kxSqzLzlsQc6c0/","baseKeyType":1,"closed":-1,"used":1746627350712,"created":1746627350712,"remoteIdentityKey":"BUkWOTtTFemY2PsAdoEn24ZfyZEskRbSfFKMDULrwmA7"},"_chains":{"BYWm39qFKwsGqYxnV+k6I4aXbiJp3uM6pT/eaj7OFdJ9":{"chainKey":{"counter":0,"key":"EyWWGKCYDX6+ecH4gMJtaGiE6LzTxax4S0yGn3lCgfQ="},"chainType":1,"messageKeys":{}}},"pendingPreKey":{"signedKeyId":16109816,"baseKey":"BVOP6Bc/FKlNd47+sDXIRwDti1B+4kxSqzLzlsQc6c0/","preKeyId":6630}}},"version":"v1"}