{"_sessions":{"BUWIGVxDbMAeWxvBSUtycADpVvfZdG2c/j+U/UUoNUcG":{"registrationId":718481545,"currentRatchet":{"ephemeralKeyPair":{"pubKey":"BR7djj9PC+/MFR1wqKyiTZ524DP0XX++QMT2PNsceocC","privKey":"IGF4SyRHaAmT7Hcm4TXWtk842xoegKnghIOfrOmttGo="},"lastRemoteEphemeralKey":"BbfJZHBglv7NxCGc/bwUU4K9W3dCM+t26GJMdkgsJ+pR","previousCounter":0,"rootKey":"lrpDTvXCOdHzSa+4VQ2p+yxBEP4YdsucEpXIfIazU8c="},"indexInfo":{"baseKey":"BUWIGVxDbMAeWxvBSUtycADpVvfZdG2c/j+U/UUoNUcG","baseKeyType":1,"closed":1746612696847,"used":1746612488496,"created":1746612488496,"remoteIdentityKey":"BVqkqBZV4F8m9qqDeiWhbZ+fsg6PqApHywGmM9h0eKlI"},"_chains":{"BR7djj9PC+/MFR1wqKyiTZ524DP0XX++QMT2PNsceocC":{"chainKey":{"counter":0,"key":"KfsuwMPbaykCZ/OiQXW7fmW1sxfuBu4EksSWX+bDqdc="},"chainType":1,"messageKeys":{}}},"pendingPreKey":{"signedKeyId":1,"baseKey":"BUWIGVxDbMAeWxvBSUtycADpVvfZdG2c/j+U/UUoNUcG","preKeyId":464}},"BZ+SfQb8HTGKYtTmKX81IuCoHqmonhUl8PGv6rwEQYAU":{"registrationId":718481545,"currentRatchet":{"ephemeralKeyPair":{"pubKey":"BUJTfZvMTaoS1Q0+0W7jTsf08yztesodXBdcI9I8M+Rp","privKey":"KLBleTve+qDZeE9jrewBuIRdlXIPjqE6WbNMMPeo7nk="},"lastRemoteEphemeralKey":"BbfJZHBglv7NxCGc/bwUU4K9W3dCM+t26GJMdkgsJ+pR","previousCounter":0,"rootKey":"xx1iz5d1CiUwPX/J7nhN9DCiXadH2sZaebsGaDpLhNM="},"indexInfo":{"baseKey":"BZ+SfQb8HTGKYtTmKX81IuCoHqmonhUl8PGv6rwEQYAU","baseKeyType":1,"closed":-1,"used":1746612696781,"created":1746612696781,"remoteIdentityKey":"BVqkqBZV4F8m9qqDeiWhbZ+fsg6PqApHywGmM9h0eKlI"},"_chains":{"BUJTfZvMTaoS1Q0+0W7jTsf08yztesodXBdcI9I8M+Rp":{"chainKey":{"counter":3,"key":"AFQNpR5VazgGfMKcXFK1p+O/3rct6gGpGhG9LkhrXPM="},"chainType":1,"messageKeys":{}}},"pendingPreKey":{"signedKeyId":1,"baseKey":"BZ+SfQb8HTGKYtTmKX81IuCoHqmonhUl8PGv6rwEQYAU","preKeyId":450}}},"version":"v1"}