{"_sessions":{"BTullKtJ15bxmEfsfavJ+m1svQIXKbpWDX390f2hPr4P":{"registrationId":120506333,"currentRatchet":{"ephemeralKeyPair":{"pubKey":"BVoLw2FjXD83EopdshnZTevBC+MVqpQLdZoYXUhCZYMk","privKey":"gK/bGwR+psvP/kSavDneF8HQsS0+B0Ymitrp/ygJBXE="},"lastRemoteEphemeralKey":"BRVGedXGNE3OfjgBdxkiGNEBtoftXMq3GLIvjEICCMcJ","previousCounter":0,"rootKey":"7MH6+0JB1GNOOmMKgKMgHswg6Ltxo6fAhnJrGpx0xSU="},"indexInfo":{"baseKey":"BTullKtJ15bxmEfsfavJ+m1svQIXKbpWDX390f2hPr4P","baseKeyType":1,"closed":-1,"used":1746627351044,"created":1746627351044,"remoteIdentityKey":"BUIwIFEQcZWWi0aknrtBT4OZ+5cuDmDdV5Srtfyx+xYu"},"_chains":{"BVoLw2FjXD83EopdshnZTevBC+MVqpQLdZoYXUhCZYMk":{"chainKey":{"counter":0,"key":"DVMeePS7mfupceNeCrGIEfCfC8sNkn2BZZ/mpTMuoOU="},"chainType":1,"messageKeys":{}}},"pendingPreKey":{"signedKeyId":7,"baseKey":"BTullKtJ15bxmEfsfavJ+m1svQIXKbpWDX390f2hPr4P","preKeyId":13707900}}},"version":"v1"}