{"_sessions":{"BYUj0Fuo2GYDNnjX+zeiSC5cIjLvNlN/hY5ARh2jlnES":{"registrationId":1336371691,"currentRatchet":{"ephemeralKeyPair":{"pubKey":"BZgrueMNF6n6Vl0PM6Vmv0QwjaB5idognoCrlC9jXVsq","privKey":"SNdtAOtMSHlMNOB96XueY8pfOcvmDO0/65kTNaHLk0Y="},"lastRemoteEphemeralKey":"BbuHpOHJeCmk7P6ALH+Wzkyp1Eg8wD0nkB/4faGy1/It","previousCounter":0,"rootKey":"gYxrEouSW0L8LcQDB2W1U8Hk51rfdTkTRYUmKXaPswk="},"indexInfo":{"baseKey":"BYUj0Fuo2GYDNnjX+zeiSC5cIjLvNlN/hY5ARh2jlnES","baseKeyType":1,"closed":-1,"used":1746612497114,"created":1746612497114,"remoteIdentityKey":"BS60l0BSvFfDJYi4THc+ugv129MNo3mV/q2RshMSofxD"},"_chains":{"BZgrueMNF6n6Vl0PM6Vmv0QwjaB5idognoCrlC9jXVsq":{"chainKey":{"counter":4,"key":"fH6jvN09t8iS/5RhD/9wAcvXzfna0K2Imc4YOQ2itfQ="},"chainType":1,"messageKeys":{}}},"pendingPreKey":{"signedKeyId":0,"baseKey":"BYUj0Fuo2GYDNnjX+zeiSC5cIjLvNlN/hY5ARh2jlnES","preKeyId":6534919}}},"version":"v1"}