{"_sessions":{"BRrdVVZO6Pihgvyj0Z0I1XD837H2udHi6NDpydLH3QNH":{"registrationId":1662779259,"currentRatchet":{"ephemeralKeyPair":{"pubKey":"BZEE9XwWBC7ypBhDY18CqwJafwBUKBM6h9wtUKCxQV1I","privKey":"kCsdNT+Xl7xNuGfEFuaNPWOQQNybtc/I4jtCKkfLZGs="},"lastRemoteEphemeralKey":"BaCwVa6uqSp9/SCZ0UTjeWDVZPM+i/URpWMsiZfMrVk3","previousCounter":0,"rootKey":"FyA4LUjjVl40wXEwFKsYhBp/mcnJlSTTYf1QMwmTE04="},"indexInfo":{"baseKey":"BRrdVVZO6Pihgvyj0Z0I1XD837H2udHi6NDpydLH3QNH","baseKeyType":1,"closed":-1,"used":1746612497066,"created":1746612497066,"remoteIdentityKey":"Beq4M5uxGjJM+utg+G7f8fW2am5ZzYH1RMPav8Qx6MBr"},"_chains":{"BZEE9XwWBC7ypBhDY18CqwJafwBUKBM6h9wtUKCxQV1I":{"chainKey":{"counter":4,"key":"YK0eDNRmUfbNep/lJK/d6BHNa6CcrEjQ67/o2ji0VAI="},"chainType":1,"messageKeys":{}}},"pendingPreKey":{"signedKeyId":8,"baseKey":"BRrdVVZO6Pihgvyj0Z0I1XD837H2udHi6NDpydLH3QNH","preKeyId":5337914}}},"version":"v1"}