{"_sessions":{"BXC5f3E74dxIxfyHU0y0HqqCcZjdbVuvORCkUOAeQ+M2":{"registrationId":1250541095,"currentRatchet":{"ephemeralKeyPair":{"pubKey":"BVfy658O0neemKRy0kmsy3D/xJSVjjI1ynZbA7jTrfFi","privKey":"iHzhuqDvGrCLpafVjY4unIuzE8zr82sLFEP450rEP0Q="},"lastRemoteEphemeralKey":"BfK89R9GoemOXaNOtayH7h48FTSrsVRcTAeAoZFNSskI","previousCounter":0,"rootKey":"jpAITgUO4dMCisjsKYO853itOZ7Qo2pfyI0iwO+4x28="},"indexInfo":{"baseKey":"BXC5f3E74dxIxfyHU0y0HqqCcZjdbVuvORCkUOAeQ+M2","baseKeyType":1,"closed":-1,"used":1746612496877,"created":1746612496877,"remoteIdentityKey":"BbtQUwOngclpqyTQeM/hKq+ycRffLLW9wT2S+vvYuxFH"},"_chains":{"BVfy658O0neemKRy0kmsy3D/xJSVjjI1ynZbA7jTrfFi":{"chainKey":{"counter":4,"key":"XSGUtDWfa7HJMTxEfw2HBYiwvzfotNnQIuP+wJn8PlU="},"chainType":1,"messageKeys":{}}},"pendingPreKey":{"signedKeyId":13047355,"baseKey":"BXC5f3E74dxIxfyHU0y0HqqCcZjdbVuvORCkUOAeQ+M2","preKeyId":30566}}},"version":"v1"}