{"_sessions":{"BXCocjgrykZz4GRN/ouvl4vLy6faEZdXwHyrXEbXmqMO":{"registrationId":1786984666,"currentRatchet":{"ephemeralKeyPair":{"pubKey":"Bd5uQHCUpUgmCeJPlQLt0XWasVjlhuIpaj2awPZ0aXAn","privKey":"eAmTWXHD+FQTv48HhTGc4AxPVlTUrsTzJVu/AWKgD2s="},"lastRemoteEphemeralKey":"Ba0REmiImkslG2uKMAnVTrztO6OfYa2LYAi1/LSsj2xT","previousCounter":0,"rootKey":"Etjd8M8zh6ADZfNxcX7j1OkITjMynEX85W5ZjTf93c0="},"indexInfo":{"baseKey":"BXCocjgrykZz4GRN/ouvl4vLy6faEZdXwHyrXEbXmqMO","baseKeyType":1,"closed":-1,"used":1746612493252,"created":1746612493252,"remoteIdentityKey":"BUlPeHxHY2qU0Ca1V4tGQkAN/YffHeeD2nKXMJjI61gD"},"_chains":{"Bd5uQHCUpUgmCeJPlQLt0XWasVjlhuIpaj2awPZ0aXAn":{"chainKey":{"counter":4,"key":"EPlcsP69QDhJDuN6vEBIx56RmhXZGaKGfaSbnbUy+fo="},"chainType":1,"messageKeys":{}}},"pendingPreKey":{"signedKeyId":16,"baseKey":"BXCocjgrykZz4GRN/ouvl4vLy6faEZdXwHyrXEbXmqMO","preKeyId":10192168}}},"version":"v1"}