{"_sessions":{"BQnnewR8Cb+OnlfoQjJPhMs/v4B4a/YgKoJ6NOeHTkBG":{"registrationId":1307900838,"currentRatchet":{"ephemeralKeyPair":{"pubKey":"BYyN+GF23qbBQci4XG04jqrkFy8blkmkIgtl9k6MkkcM","privKey":"+KJLXZnfVizca6tjEyNdyKswRClIMbWUeUFgTxosgHg="},"lastRemoteEphemeralKey":"BejMQF/cAeLyKQTL0RjCg/Dw3R0pdvzzzQoewV1chXIo","previousCounter":0,"rootKey":"OnNgBcL43aB/7ml/8aEA9qjdvrPuIybKXjmWPVObwKs="},"indexInfo":{"baseKey":"BQnnewR8Cb+OnlfoQjJPhMs/v4B4a/YgKoJ6NOeHTkBG","baseKeyType":1,"closed":-1,"used":1746627350924,"created":1746627350924,"remoteIdentityKey":"BXFKdegsro+oZiZY8dGCf6tI4aA94etFN4/3YoTBSKxI"},"_chains":{"BYyN+GF23qbBQci4XG04jqrkFy8blkmkIgtl9k6MkkcM":{"chainKey":{"counter":0,"key":"YHGMjDZRjh6852wVG+WY9gbWDLK4SruD3MyV56c7K/Q="},"chainType":1,"messageKeys":{}}},"pendingPreKey":{"signedKeyId":5,"baseKey":"BQnnewR8Cb+OnlfoQjJPhMs/v4B4a/YgKoJ6NOeHTkBG","preKeyId":4524377}}},"version":"v1"}