{"_sessions":{"BeVkfo/BbqLfoAIxtBTTZj1RZrd0i2kN4BDTvIJ1ZtVl":{"registrationId":1352866135,"currentRatchet":{"ephemeralKeyPair":{"pubKey":"BQtdJOAGV4r61wOm4lW0MApIpHBCIYMLY3HwoyNsguJ/","privKey":"oGOQX1mWTeh437/52t8G7O9xbZWTqotK1/JBCkELJUc="},"lastRemoteEphemeralKey":"Bd5lVP6oaUz0DCu58Uki9L7i+pW488jNGdfEqd/tZ/AL","previousCounter":0,"rootKey":"6a03epyYhVGXfvKK5di21ljSH8VsZWz9SWtUHsW/5RI="},"indexInfo":{"baseKey":"BeVkfo/BbqLfoAIxtBTTZj1RZrd0i2kN4BDTvIJ1ZtVl","baseKeyType":1,"closed":-1,"used":1746612492794,"created":1746612492794,"remoteIdentityKey":"BctHcPqnO71DYvHca0hL0iUNBlQKD+M3TYput9SHKX9d"},"_chains":{"BQtdJOAGV4r61wOm4lW0MApIpHBCIYMLY3HwoyNsguJ/":{"chainKey":{"counter":4,"key":"/qCUVCheamrO7WPpTXHoqhLEacGgetgeQW/S8dImUdM="},"chainType":1,"messageKeys":{}}},"pendingPreKey":{"signedKeyId":5958782,"baseKey":"BeVkfo/BbqLfoAIxtBTTZj1RZrd0i2kN4BDTvIJ1ZtVl"}}},"version":"v1"}