{"_sessions":{"BThOwir+EeuES3k16oxJbmgIQnVsOMk79dSCYDdDPBQh":{"registrationId":326090446,"currentRatchet":{"ephemeralKeyPair":{"pubKey":"BZbRa428IA+21MGg8HsU5Pg3XhoYltDaSGp6IrNxw9pC","privKey":"qKRLWy8x6qdxGXHJl8Qn5zYZIbbU/aM49mUyk0Znh0g="},"lastRemoteEphemeralKey":"BeVq8XSkI/z94OIDqMED+g5skU1ZpXIKn5ii2Nru+o8C","previousCounter":0,"rootKey":"kCKBNv3SrFjBImogDV0ZKitZX1c/wwQOhWHkpu+h3jg="},"indexInfo":{"baseKey":"BThOwir+EeuES3k16oxJbmgIQnVsOMk79dSCYDdDPBQh","baseKeyType":1,"closed":-1,"used":1746612497079,"created":1746612497079,"remoteIdentityKey":"BYM2D7NUtTI7lnw6aau3PoGjxVZShSEyWAwX4m4yRp4l"},"_chains":{"BZbRa428IA+21MGg8HsU5Pg3XhoYltDaSGp6IrNxw9pC":{"chainKey":{"counter":4,"key":"3aAskNich5B4Js9D+THAoxsMsRplp1ZFjqqB38oIQlA="},"chainType":1,"messageKeys":{}}},"pendingPreKey":{"signedKeyId":10,"baseKey":"BThOwir+EeuES3k16oxJbmgIQnVsOMk79dSCYDdDPBQh"}}},"version":"v1"}