{"_sessions":{"BUZRSNtjo2Ty0R1QwlgjdK/3CY07KH59cn7tpWBsuFQn":{"registrationId":1496276168,"currentRatchet":{"ephemeralKeyPair":{"pubKey":"BfAjTEAmayJXezJ3ESBJOi/ZozBKCElswJ0HzJY04AU0","privKey":"YFI9Mh1zIVCQ93RvhKIUFQ2oxC0W532K9c30zL/ac04="},"lastRemoteEphemeralKey":"Bag19XJ9H+vJFzi4YVfvno186umiWnvwzw8M0Q6LOy4Z","previousCounter":0,"rootKey":"uuVel4mtw3j8mJPeJpDk6HC98NMZzKfqn0N6EoGrYZw="},"indexInfo":{"baseKey":"BUZRSNtjo2Ty0R1QwlgjdK/3CY07KH59cn7tpWBsuFQn","baseKeyType":1,"closed":-1,"used":1746612488860,"created":1746612488860,"remoteIdentityKey":"BclA7sbrmnOb27SNh1KIAm6nRBgBRW64DdRZEHmWRV1m"},"_chains":{"BfAjTEAmayJXezJ3ESBJOi/ZozBKCElswJ0HzJY04AU0":{"chainKey":{"counter":4,"key":"kIduRIjWsyZ/wT9V0njI9Bv/YWNRgTyT3zsZQI8hRyE="},"chainType":1,"messageKeys":{}}},"pendingPreKey":{"signedKeyId":3,"baseKey":"BUZRSNtjo2Ty0R1QwlgjdK/3CY07KH59cn7tpWBsuFQn","preKeyId":3669830}}},"version":"v1"}