{"_sessions":{"BVLJJkcASAuVhTxoCTgy/82y6h6P2bxSi9jaxPEJj8MR":{"registrationId":540233018,"currentRatchet":{"ephemeralKeyPair":{"pubKey":"BVPBVvHy4360zyYrnBiGNy6rO/KDOa/3G0d/hwINTXlY","privKey":"QEPMALUewg/fWJry/yBd3hoNH+N+9EWeJfhlLeCyF24="},"lastRemoteEphemeralKey":"BfQ1VMVWb0qjaxSgO3ADRgklGi5wj0SnjuqGGTFfCT0n","previousCounter":0,"rootKey":"wFEeCJmbZFx0lbJUIJYNnvfWRs/NVTBTNSDd1KkiKJM="},"indexInfo":{"baseKey":"BVLJJkcASAuVhTxoCTgy/82y6h6P2bxSi9jaxPEJj8MR","baseKeyType":1,"closed":-1,"used":1746612493211,"created":1746612493211,"remoteIdentityKey":"BW4aEcdJUh7zOnd031vnddPE2vAPDu09CDNFz9bH5dwF"},"_chains":{"BVPBVvHy4360zyYrnBiGNy6rO/KDOa/3G0d/hwINTXlY":{"chainKey":{"counter":4,"key":"YUcPd0UY19CJQ8SuBNMSQFk11nNkv7OwX3tWX5wrThE="},"chainType":1,"messageKeys":{}}},"pendingPreKey":{"signedKeyId":9,"baseKey":"BVLJJkcASAuVhTxoCTgy/82y6h6P2bxSi9jaxPEJj8MR","preKeyId":14708469}}},"version":"v1"}