{"_sessions":{"BW0wa4HRVZB94Np7MnVjnU25B4f1IUBDML1mm2LeAZJ0":{"registrationId":1244407193,"currentRatchet":{"ephemeralKeyPair":{"pubKey":"Bc9Afql9Bsye9eqCvPB/ePt7tGWZVBV0mnGxKcyLRt1y","privKey":"8HWtXqaTfftxoKPrBW93S8sE+FqRNmbdRJx5IKnw9kw="},"lastRemoteEphemeralKey":"BU4Xjw1x6FJ/wJ1ISkd22LCaLaff3ms/3Zu2r8/U6dN9","previousCounter":0,"rootKey":"jwdRut9Xl6ivFopYQ+ggBu3F82+MACMvjZ+KSpDWpNw="},"indexInfo":{"baseKey":"BW0wa4HRVZB94Np7MnVjnU25B4f1IUBDML1mm2LeAZJ0","baseKeyType":1,"closed":1746627382223,"used":1746627362333,"created":1746627362333,"remoteIdentityKey":"BSLLQlWHOISre8bECO1zjiUvQZim9w9jvqvixCt9XMtK"},"_chains":{"Bc9Afql9Bsye9eqCvPB/ePt7tGWZVBV0mnGxKcyLRt1y":{"chainKey":{"counter":0,"key":"+QtXuNeNoxYZm40L2PbW7jGNwKUru6OA5xzwP7N1vYs="},"chainType":1,"messageKeys":{}}},"pendingPreKey":{"signedKeyId":2,"baseKey":"BW0wa4HRVZB94Np7MnVjnU25B4f1IUBDML1mm2LeAZJ0"}},"BYvGNfLURcPHG4mWu8nMW/OG3ZqNYrjX3sCsh2c7Dg4i":{"registrationId":1244407193,"currentRatchet":{"ephemeralKeyPair":{"pubKey":"BcBE5kpLLS7Qsu04NfDdSptQFBQwnfIcaiK/DKEGb5dp","privKey":"GIbTew0LlUW2GfACHcc0lviWPD6GvdINAzuv19Gg/2c="},"lastRemoteEphemeralKey":"BU4Xjw1x6FJ/wJ1ISkd22LCaLaff3ms/3Zu2r8/U6dN9","previousCounter":0,"rootKey":"Gj5Xn/RzBtvbGRkTtcR0cG0nKNJi6qrLFS12xYKXImY="},"indexInfo":{"baseKey":"BYvGNfLURcPHG4mWu8nMW/OG3ZqNYrjX3sCsh2c7Dg4i","baseKeyType":1,"closed":1746627404881,"used":1746627381761,"created":1746627381761,"remoteIdentityKey":"BSLLQlWHOISre8bECO1zjiUvQZim9w9jvqvixCt9XMtK"},"_chains":{"BcBE5kpLLS7Qsu04NfDdSptQFBQwnfIcaiK/DKEGb5dp":{"chainKey":{"counter":0,"key":"oL+fa6wK3ctzXFsvqzoVR/8eCSNYTKEbna8OpEgtKfE="},"chainType":1,"messageKeys":{}}},"pendingPreKey":{"signedKeyId":2,"baseKey":"BYvGNfLURcPHG4mWu8nMW/OG3ZqNYrjX3sCsh2c7Dg4i"}},"Bcj7hV4+IutxWAiWwVBgIGEBj1DO6is2sau2fySIFqdA":{"registrationId":1244407193,"currentRatchet":{"ephemeralKeyPair":{"pubKey":"Bc//4kSftJPlk01Tyhosqh7Fdm8fom7guCy06VPvX2wM","privKey":"WGNRt8dYmCu/Iu/uwtVaRR39RkAUwU2iZJqmPda+JVE="},"lastRemoteEphemeralKey":"BU4Xjw1x6FJ/wJ1ISkd22LCaLaff3ms/3Zu2r8/U6dN9","previousCounter":0,"rootKey":"7zsOGkMz3DAP9kgNhDjFO5TKL6ldI3KpRKI/W2qzKTw="},"indexInfo":{"baseKey":"Bcj7hV4+IutxWAiWwVBgIGEBj1DO6is2sau2fySIFqdA","baseKeyType":1,"closed":-1,"used":1746627404567,"created":1746627404567,"remoteIdentityKey":"BSLLQlWHOISre8bECO1zjiUvQZim9w9jvqvixCt9XMtK"},"_chains":{"Bc//4kSftJPlk01Tyhosqh7Fdm8fom7guCy06VPvX2wM":{"chainKey":{"counter":3,"key":"bC/xMCDDKJIy+f7kxJs7H/ZPdRkAjoVzPYhs+85Qngo="},"chainType":1,"messageKeys":{}}},"pendingPreKey":{"signedKeyId":2,"baseKey":"Bcj7hV4+IutxWAiWwVBgIGEBj1DO6is2sau2fySIFqdA"}}},"version":"v1"}