{"_sessions":{"BfJxTIZoQPiHabjAKLyi7LnflqaDRlxROpskKxCrR0wt":{"registrationId":1487364110,"currentRatchet":{"ephemeralKeyPair":{"pubKey":"BXyAcJB87owjq6pBkhzDCKTWUbE3f3XjSnt2h7BY85gz","privKey":"2I0wtmokmGTwAjNhRd7FiqERBpKCYfoPX+43iy8pp0g="},"lastRemoteEphemeralKey":"BceD8IbR5EDmnmxKDWcWxpVZM1YOfAuyt+KHMTKaDZdd","previousCounter":0,"rootKey":"Ka4mTfKHMFU9yeIlh1UUVBImMTGxvZKhwhNGjzEr6Ww="},"indexInfo":{"baseKey":"BfJxTIZoQPiHabjAKLyi7LnflqaDRlxROpskKxCrR0wt","baseKeyType":1,"closed":-1,"used":1746612498985,"created":1746612498985,"remoteIdentityKey":"BW2yxG4Yc4POOPyr+6ZK69IpICrkqxIe6D17l7gp1KBx"},"_chains":{"BXyAcJB87owjq6pBkhzDCKTWUbE3f3XjSnt2h7BY85gz":{"chainKey":{"counter":4,"key":"QxpYjoCwuAHbRO8Zh4OwPr9ClvT6vV0hr6EIs31OYts="},"chainType":1,"messageKeys":{}}},"pendingPreKey":{"signedKeyId":0,"baseKey":"BfJxTIZoQPiHabjAKLyi7LnflqaDRlxROpskKxCrR0wt"}}},"version":"v1"}