{"_sessions":{"BVVX3qivXadtcHz/I0zfE/oB270hB0/Lx8VnI008Rylv":{"registrationId":335450126,"currentRatchet":{"ephemeralKeyPair":{"pubKey":"BReLOOUIpqZEh9yWYORJtwjZVfLOSlAWk3uNW5HqT1oZ","privKey":"QP01Apq8di4j622K0iJr7xxJVQ3WwJ69XXPlWFIanGY="},"lastRemoteEphemeralKey":"Bc6ZmGeXJjSgb/nRrdM7z9SIKpDFiYFcb/TrTUOsIb8K","previousCounter":0,"rootKey":"qr1ee1kvKfgVA8dS5GLCnkT5M+1p0y5NtwvkzrHvEoI="},"indexInfo":{"baseKey":"BVVX3qivXadtcHz/I0zfE/oB270hB0/Lx8VnI008Rylv","baseKeyType":1,"closed":-1,"used":1746612497389,"created":1746612497389,"remoteIdentityKey":"BSVtJnL1wH2bTYl1TrqOsgp0bnMlZN0Y7NsNaWrpfGV1"},"_chains":{"BReLOOUIpqZEh9yWYORJtwjZVfLOSlAWk3uNW5HqT1oZ":{"chainKey":{"counter":4,"key":"lgpvKykxQQNb22CtVk+MdBxPY9YGVhnFYfG6La2oDso="},"chainType":1,"messageKeys":{}}},"pendingPreKey":{"signedKeyId":12,"baseKey":"BVVX3qivXadtcHz/I0zfE/oB270hB0/Lx8VnI008Rylv","preKeyId":9479411}}},"version":"v1"}