{"_sessions":{"BSfAf4hbxlBO7TZdYRFBcezkY1fRpAeEdQLFGKoda5kI":{"registrationId":1186829797,"currentRatchet":{"ephemeralKeyPair":{"pubKey":"BThHUeXbbEIqUugD/Jl8i3wnFFCTVxQMufsbJvaF75sj","privKey":"cPdi0Eo4Wydn7G4+STd9KKg9XaXBYLVlpANRD09pUXY="},"lastRemoteEphemeralKey":"BSfGhINMuGUi7BvMYtYAMaauzDyJIXFeOH9pv4ctLbwz","previousCounter":0,"rootKey":"nY+TBeDjCnDSV5EDQKSA2JyUSkkH1tk3OnalQeh/0xo="},"indexInfo":{"baseKey":"BSfAf4hbxlBO7TZdYRFBcezkY1fRpAeEdQLFGKoda5kI","baseKeyType":1,"closed":-1,"used":1746612492581,"created":1746612492581,"remoteIdentityKey":"BSzfy3zCN+wuYS2G5P5ZZ9b1+dzCXXzg5ULlkmrij796"},"_chains":{"BThHUeXbbEIqUugD/Jl8i3wnFFCTVxQMufsbJvaF75sj":{"chainKey":{"counter":4,"key":"wKnEr19CpN0skjR2aDNP8CgyRAcsScy365B3BIyMjZE="},"chainType":1,"messageKeys":{}}},"pendingPreKey":{"signedKeyId":11518023,"baseKey":"BSfAf4hbxlBO7TZdYRFBcezkY1fRpAeEdQLFGKoda5kI","preKeyId":16336}}},"version":"v1"}