{"_sessions":{"BdwovP6cGnuissHK3WQM81GTeYPFsprMqwWDt4b0Nuoy":{"registrationId":340661794,"currentRatchet":{"ephemeralKeyPair":{"pubKey":"BTx0mRSzxPurUfWz4oqKNMq302ZuJqkOpYrpeFc2Zph0","privKey":"KDqpnweWpMjRP2pW2OS+ZllyY/x0I6srbH8rTgMwf2c="},"lastRemoteEphemeralKey":"BfbZXxBPBMpfsreT/EYxH1bkJliTHSJOaJjx5yBw83d2","previousCounter":0,"rootKey":"xbCFrU6GJQTvCmp2YvrC7i+Ib+5KA4h5adjO6ODBQZc="},"indexInfo":{"baseKey":"BdwovP6cGnuissHK3WQM81GTeYPFsprMqwWDt4b0Nuoy","baseKeyType":1,"closed":-1,"used":1746612497228,"created":1746612497228,"remoteIdentityKey":"BcVOAJCbOeAy3zldEM6EORmojGKX5Y81yBq4BG9CXh9g"},"_chains":{"BTx0mRSzxPurUfWz4oqKNMq302ZuJqkOpYrpeFc2Zph0":{"chainKey":{"counter":4,"key":"ZCO5AyLCEdbxJJ3Z0PiOnrgs0U/A2p+eqSBuz9htGV8="},"chainType":1,"messageKeys":{}}},"pendingPreKey":{"signedKeyId":20,"baseKey":"BdwovP6cGnuissHK3WQM81GTeYPFsprMqwWDt4b0Nuoy","preKeyId":15692354}}},"version":"v1"}