{"_sessions":{"Ba0TDncYrfClg5IPPP0I09TcFUJtFVfRN30B12InnhdG":{"registrationId":795419427,"currentRatchet":{"ephemeralKeyPair":{"pubKey":"BVYwUyYt0hiflNm6iLY2GOuTcWtXj40yYuXjdMZVdeFT","privKey":"OBS1qUK1il1I6VuUHl2glbsSgEECkpaeYfTWYphMSmg="},"lastRemoteEphemeralKey":"BdUeP+gEAgCPi6K3V1gF4DZGnzJnU5k2vJi1g8KDYCMD","previousCounter":0,"rootKey":"6cf2+UZva1UWE/ApTXdDxiHB3V1xaXJqSiNH7jTEsQI="},"indexInfo":{"baseKey":"Ba0TDncYrfClg5IPPP0I09TcFUJtFVfRN30B12InnhdG","baseKeyType":1,"closed":-1,"used":1746627350774,"created":1746627350774,"remoteIdentityKey":"BcPogLDeTe7YnLnEnXP5blezNDxSSyfwiPoFpY8EY9lV"},"_chains":{"BVYwUyYt0hiflNm6iLY2GOuTcWtXj40yYuXjdMZVdeFT":{"chainKey":{"counter":0,"key":"tuFB1wWTIsi79qtnmZ3xykX7r83F5MEvm0o52+eHRQM="},"chainType":1,"messageKeys":{}}},"pendingPreKey":{"signedKeyId":59,"baseKey":"Ba0TDncYrfClg5IPPP0I09TcFUJtFVfRN30B12InnhdG","preKeyId":5643468}}},"version":"v1"}