{"_sessions":{"BTEifJyVjHZd75uJnW37io9dd27gIQAs4DtO1kxdHilO":{"registrationId":23054521,"currentRatchet":{"ephemeralKeyPair":{"pubKey":"BSMGBNqWkzRtFdYq0Yy60RiUbh4UugE4edmG0SH84+Qh","privKey":"8J7teL0KNEzjxGgClTuexhPP+8sZcfI8742vJ0qAWUM="},"lastRemoteEphemeralKey":"Bc23hF6/qK/+vQ1nuEQ+bPEX9/LCt1RbRo0DKtA2Lq5F","previousCounter":0,"rootKey":"Co3cW1vCLJM0OkNSXwla52qkmuraZjtgS87Ah/8aAK0="},"indexInfo":{"baseKey":"BTEifJyVjHZd75uJnW37io9dd27gIQAs4DtO1kxdHilO","baseKeyType":1,"closed":-1,"used":1746627350666,"created":1746627350666,"remoteIdentityKey":"BY45v9ggCI2rhUpnxusTjZmbZF7Q7LrbOBMUlucG2EIq"},"_chains":{"BSMGBNqWkzRtFdYq0Yy60RiUbh4UugE4edmG0SH84+Qh":{"chainKey":{"counter":0,"key":"Ipw9fnVYecFT6o36n5HeXCOTY9/8BAbZhciVUVycfbY="},"chainType":1,"messageKeys":{}}},"pendingPreKey":{"signedKeyId":0,"baseKey":"BTEifJyVjHZd75uJnW37io9dd27gIQAs4DtO1kxdHilO","preKeyId":2653849}}},"version":"v1"}