{"_sessions":{"Bda792b0YJTa+KFvEHZUNHUS/VXZJOYOxiO7rfYMGtN5":{"registrationId":1860831068,"currentRatchet":{"ephemeralKeyPair":{"pubKey":"Bb65h+HupBC9ubmxivZGUDAqUQqVJ3xePtWMTdkBO6tN","privKey":"EP18PtmuEtP6OvAPVxMlQMxPUTM18xT73SQcxhtYcV4="},"lastRemoteEphemeralKey":"BZ/jHv1KGDsjf6hNNUYRvfLFQSnt8Hf45uFUEZnCR7Q5","previousCounter":0,"rootKey":"fFOGNftFTNigc0bjPHWpA/4Hl9VXsY2+I6MjFg0Ndss="},"indexInfo":{"baseKey":"Bda792b0YJTa+KFvEHZUNHUS/VXZJOYOxiO7rfYMGtN5","baseKeyType":1,"closed":-1,"used":1746612497395,"created":1746612497395,"remoteIdentityKey":"Bcw4xwL5m1i0IqwX85j0A/K3CMFrwJ9ene+rhQH9PFR6"},"_chains":{"Bb65h+HupBC9ubmxivZGUDAqUQqVJ3xePtWMTdkBO6tN":{"chainKey":{"counter":4,"key":"FF15ZqUdPVuFDhlz0K9SPvVnlYtTRyU61LbnZeN4usg="},"chainType":1,"messageKeys":{}}},"pendingPreKey":{"signedKeyId":5,"baseKey":"Bda792b0YJTa+KFvEHZUNHUS/VXZJOYOxiO7rfYMGtN5","preKeyId":2998814}}},"version":"v1"}