{"_sessions":{"Bco6UcQby3N4G1CwSjmcK8bv88Ac3UPv2cosTkaxwiVK":{"registrationId":2026319972,"currentRatchet":{"ephemeralKeyPair":{"pubKey":"BbNKKl06jFLS75D0b/GylUUS7ev/R4qYddb+DStFUeYN","privKey":"yFTspSXpA0Km08ygUaARIK3znvAfop/UvF9uGCTqJVg="},"lastRemoteEphemeralKey":"BYHFbwDNiQ2d5nVVhOvZfKzN8rjIqdtWj3gt9izvNLZE","previousCounter":0,"rootKey":"DZNtspI0jDiA22vXZrXl8TSpmqsr9yGRCYOC7z64Vhc="},"indexInfo":{"baseKey":"Bco6UcQby3N4G1CwSjmcK8bv88Ac3UPv2cosTkaxwiVK","baseKeyType":1,"closed":-1,"used":1746612488872,"created":1746612488872,"remoteIdentityKey":"BUonnCeQ1DvIHv/DYuw8Fp267WNZWei3qHGEvFoYKAtB"},"_chains":{"BbNKKl06jFLS75D0b/GylUUS7ev/R4qYddb+DStFUeYN":{"chainKey":{"counter":4,"key":"WzCJbAiQaRAdyyh2ajESC0xCXAPrg+OPdVNOuYdLrqc="},"chainType":1,"messageKeys":{}}},"pendingPreKey":{"signedKeyId":2,"baseKey":"Bco6UcQby3N4G1CwSjmcK8bv88Ac3UPv2cosTkaxwiVK","preKeyId":8584914}}},"version":"v1"}