{"_sessions":{"BZ0/Rj8c6nye8u2XGGLs20Cm9aGNvRi6QULRd/Cw21Yr":{"registrationId":1542661805,"currentRatchet":{"ephemeralKeyPair":{"pubKey":"BfGFylAXHGliCHj6pjYU3XEbDYkU7RcJM9Urb4mMX4Ih","privKey":"IBWDCTWSlndCHdHulVOxSe9ejFCtnKapOcDg6HQSiGs="},"lastRemoteEphemeralKey":"BZGDcH1XrjQiUfAjrwplN604ewRHPNT1cPGMMJHWJrx8","previousCounter":0,"rootKey":"KcZ8tkdqR1PKAc9ewMiSbMYhU2GG89ZW9pQS/frg+zc="},"indexInfo":{"baseKey":"BZ0/Rj8c6nye8u2XGGLs20Cm9aGNvRi6QULRd/Cw21Yr","baseKeyType":1,"closed":-1,"used":1746612488411,"created":1746612488411,"remoteIdentityKey":"BViAZzweZsxoTuJWWtQgcqvd69vZT7GlyN7bZrvKUIkR"},"_chains":{"BfGFylAXHGliCHj6pjYU3XEbDYkU7RcJM9Urb4mMX4Ih":{"chainKey":{"counter":4,"key":"tjua2Xba6BMYeMvjzid7bLOWHtxtOvWQWMq1ZijFuao="},"chainType":1,"messageKeys":{}}},"pendingPreKey":{"signedKeyId":1,"baseKey":"BZ0/Rj8c6nye8u2XGGLs20Cm9aGNvRi6QULRd/Cw21Yr","preKeyId":13596869}}},"version":"v1"}