{"_sessions":{"BeD9ww7uft801LYU32/WckfU8jEwxFfeWBIQJ/DdWjw8":{"registrationId":1641937654,"currentRatchet":{"ephemeralKeyPair":{"pubKey":"Be0N6QeyQIaG4QDbrmhU+IQ7mXTnlqRjrS1Wf0R7jv8o","privKey":"kAAq7DRUL9h0m2v2C++YYqXeroH5Pw2eCm9GZ9ABEkA="},"lastRemoteEphemeralKey":"BYHzuUkisgaVahkFBAHG+1MqhukLmyB7b8ra4q/viHoD","previousCounter":0,"rootKey":"vZl63KOPpev7XUS9s8qWG3BwhrRQ+0Fo7SdD26WKces="},"indexInfo":{"baseKey":"BeD9ww7uft801LYU32/WckfU8jEwxFfeWBIQJ/DdWjw8","baseKeyType":1,"closed":-1,"used":1746612496973,"created":1746612496973,"remoteIdentityKey":"BT/CEAGieihynjPd+1kqKcKX0m6t0x+vqT2ZfKzR1Rpv"},"_chains":{"Be0N6QeyQIaG4QDbrmhU+IQ7mXTnlqRjrS1Wf0R7jv8o":{"chainKey":{"counter":4,"key":"Dv9QyIbYLUI7mcw1vTczsqCWCI4WE7zlbEHa1F9bXgU="},"chainType":1,"messageKeys":{}}},"pendingPreKey":{"signedKeyId":9,"baseKey":"BeD9ww7uft801LYU32/WckfU8jEwxFfeWBIQJ/DdWjw8","preKeyId":6141345}}},"version":"v1"}