{"_sessions":{"BX3Lr/ol8AexM+9gHYwTZelt9GB06xWnH7A7sSpcR3k1":{"registrationId":1477375999,"currentRatchet":{"ephemeralKeyPair":{"pubKey":"BUlNEsR6CbdefClGJzsq7JZkCexSW1eJtgLotV+60lku","privKey":"UK0npDLgZfHOyaD/KB9k0SD40OkPshWdz1uJraEnumI="},"lastRemoteEphemeralKey":"BTeR6F9kSKinOou/7v70Q9lHLwTHq+x44CBbUN4C710/","previousCounter":0,"rootKey":"k4XONN20uqhdL75DGBRsepKhNKizkiiz7vbCVfpOEGI="},"indexInfo":{"baseKey":"BX3Lr/ol8AexM+9gHYwTZelt9GB06xWnH7A7sSpcR3k1","baseKeyType":1,"closed":-1,"used":1746612496893,"created":1746612496893,"remoteIdentityKey":"BeN5wTFlK5W3UxY5FALSOxSYqBDrB6X/REJ98GUethxa"},"_chains":{"BUlNEsR6CbdefClGJzsq7JZkCexSW1eJtgLotV+60lku":{"chainKey":{"counter":4,"key":"zY2/Za8yTUDPTfgkNDVC8XwdpXYsU2me9lYhiUyCYdI="},"chainType":1,"messageKeys":{}}},"pendingPreKey":{"signedKeyId":0,"baseKey":"BX3Lr/ol8AexM+9gHYwTZelt9GB06xWnH7A7sSpcR3k1","preKeyId":8020313}}},"version":"v1"}