{"_sessions":{"BQEa+INiNcEWhpI6Wp0w8XW38/MfwLXzGenY+jD4oecL":{"registrationId":625997198,"currentRatchet":{"ephemeralKeyPair":{"pubKey":"BaymBQ5ZGG3jukBsh7SP9seADMez4KwXZ5p+xA3TSp99","privKey":"QOnytjU7kWKCTnPLLraTGjKoG3Ne+CC0tBFWeT6GcHk="},"lastRemoteEphemeralKey":"BdmYHRi+I30MTBqAMoJ1nvogXoqqgsp8WqieR9N8kLMl","previousCounter":0,"rootKey":"LtfpFIbagONu2FeUZ8QFwJ4jiHubTNvk+/hmcp6AKd8="},"indexInfo":{"baseKey":"BQEa+INiNcEWhpI6Wp0w8XW38/MfwLXzGenY+jD4oecL","baseKeyType":1,"closed":1746627382130,"used":1746627362198,"created":1746627362197,"remoteIdentityKey":"BX+hggah7alLicp41wxNecgyQVEwys1ZST44WArS/ys4"},"_chains":{"BaymBQ5ZGG3jukBsh7SP9seADMez4KwXZ5p+xA3TSp99":{"chainKey":{"counter":0,"key":"ZHoLGvHjJYP7OU6Dpp2q4JdZ5alsCBT1WKaa5t7Qgbo="},"chainType":1,"messageKeys":{}}},"pendingPreKey":{"signedKeyId":1,"baseKey":"BQEa+INiNcEWhpI6Wp0w8XW38/MfwLXzGenY+jD4oecL"}},"BdwQukXnio7TxETywyKSkyVWDi6v0MLtLKqU/rvsBDAf":{"registrationId":625997198,"currentRatchet":{"ephemeralKeyPair":{"pubKey":"BUY2S1zmDxVQ2aJmZ51swSq4I5ddreL28UseYfYk12ly","privKey":"KNJB8R2hCZrMfXN4+6doMZiV8Hih4ouZgtlCmRh9InA="},"lastRemoteEphemeralKey":"BdmYHRi+I30MTBqAMoJ1nvogXoqqgsp8WqieR9N8kLMl","previousCounter":0,"rootKey":"JRYA4Kw55WzGOXEt1Os/ngfk9ztjD56T4aoa3OgoW+A="},"indexInfo":{"baseKey":"BdwQukXnio7TxETywyKSkyVWDi6v0MLtLKqU/rvsBDAf","baseKeyType":1,"closed":1746627404857,"used":1746627381641,"created":1746627381641,"remoteIdentityKey":"BX+hggah7alLicp41wxNecgyQVEwys1ZST44WArS/ys4"},"_chains":{"BUY2S1zmDxVQ2aJmZ51swSq4I5ddreL28UseYfYk12ly":{"chainKey":{"counter":0,"key":"FczanX0ImxjOoBD+ntK2PrgzNkSLUY8TrmdRzRJNYrg="},"chainType":1,"messageKeys":{}}},"pendingPreKey":{"signedKeyId":1,"baseKey":"BdwQukXnio7TxETywyKSkyVWDi6v0MLtLKqU/rvsBDAf"}},"BTOeZ3ND9wlLFuxsQ6jWQFn/n/D2j/bPKSs8UddGJ9sT":{"registrationId":625997198,"currentRatchet":{"ephemeralKeyPair":{"pubKey":"BSnS4gfDr7LNbLWVAQuhobs6qcELpErwMNhv9cltMMFk","privKey":"+C9e/3TTpk4dSyP0OJ0Oow+PbmJg5nGm4F/DqEcMaEM="},"lastRemoteEphemeralKey":"BdmYHRi+I30MTBqAMoJ1nvogXoqqgsp8WqieR9N8kLMl","previousCounter":0,"rootKey":"AyP7jaerDSqAeUWKj8NgdIoCV3xHA+4uFCvm9LVr8EA="},"indexInfo":{"baseKey":"BTOeZ3ND9wlLFuxsQ6jWQFn/n/D2j/bPKSs8UddGJ9sT","baseKeyType":1,"closed":-1,"used":1746627404471,"created":1746627404471,"remoteIdentityKey":"BX+hggah7alLicp41wxNecgyQVEwys1ZST44WArS/ys4"},"_chains":{"BSnS4gfDr7LNbLWVAQuhobs6qcELpErwMNhv9cltMMFk":{"chainKey":{"counter":3,"key":"YXdi/Q9JgqNRquPNxxOiPehQH+ab0A5udncAToeFFis="},"chainType":1,"messageKeys":{}}},"pendingPreKey":{"signedKeyId":1,"baseKey":"BTOeZ3ND9wlLFuxsQ6jWQFn/n/D2j/bPKSs8UddGJ9sT"}}},"version":"v1"}