{"_sessions":{"Bc/HKXXXE6Gbj0l2miYDq4Zf7ovGcW+dy1jwILbGcvQA":{"registrationId":1351454024,"currentRatchet":{"ephemeralKeyPair":{"pubKey":"BfgbRqZG+9zKle9F5U5veVQXyWPhikRW1N7PEzPe2BED","privKey":"yGjD0DstoQvtRjI1g+edEsd97aHoKYdznHjuS5yujmw="},"lastRemoteEphemeralKey":"BRf/lpRILQUp20baj0iA+rPVmg8oo08YduwWHTUFtnUC","previousCounter":0,"rootKey":"jUG/oe56JiaZ9wwbxqUrx+uwj4OOu6PyPVGLzHZd3Sc="},"indexInfo":{"baseKey":"Bc/HKXXXE6Gbj0l2miYDq4Zf7ovGcW+dy1jwILbGcvQA","baseKeyType":1,"closed":-1,"used":1746627351588,"created":1746627351588,"remoteIdentityKey":"BcGCK7dAW0avSA18/8yyllUd2JzIuVtd8hMdCmTgYgxB"},"_chains":{"BfgbRqZG+9zKle9F5U5veVQXyWPhikRW1N7PEzPe2BED":{"chainKey":{"counter":0,"key":"GtPlKRDTs4F3hPjMaSx10P/8NuuGhVgQPvyyf0eUDjY="},"chainType":1,"messageKeys":{}}},"pendingPreKey":{"signedKeyId":14814043,"baseKey":"Bc/HKXXXE6Gbj0l2miYDq4Zf7ovGcW+dy1jwILbGcvQA","preKeyId":4379}}},"version":"v1"}