{"_sessions":{"BUj7it6whthf6DNI9k6Y2wOBDKzUFiLFY54aItpJPBV1":{"registrationId":108333393,"currentRatchet":{"ephemeralKeyPair":{"pubKey":"BXHLkE4OQJpN5YhH/yQPND10SuGWKBLAH74NNXKfWhBg","privKey":"cKGWbzzqRHZlovyNAihWSrWNRguLGwWYFahgm5eyWHU="},"lastRemoteEphemeralKey":"BWIabPQy/Pjbn909Yhl5UCfTA8Nfq+VK2CeHo4avDbQd","previousCounter":0,"rootKey":"gxvn3vNDcxIgTJ5HJqReHwh2iLmYY+faERFfhHDtRtc="},"indexInfo":{"baseKey":"BUj7it6whthf6DNI9k6Y2wOBDKzUFiLFY54aItpJPBV1","baseKeyType":1,"closed":-1,"used":1746612493268,"created":1746612493268,"remoteIdentityKey":"BfEUCgGKMnw0AGg1rSBjosKL7Bv65VwH++VeXMtZ0DB9"},"_chains":{"BXHLkE4OQJpN5YhH/yQPND10SuGWKBLAH74NNXKfWhBg":{"chainKey":{"counter":4,"key":"j52/pRmLEikLBWvvpMiaCS2EahihzAXruH2a0XfFgfE="},"chainType":1,"messageKeys":{}}},"pendingPreKey":{"signedKeyId":11217401,"baseKey":"BUj7it6whthf6DNI9k6Y2wOBDKzUFiLFY54aItpJPBV1","preKeyId":15662}}},"version":"v1"}