{"_sessions":{"BYcQlZX2WgW3hQQjQyq7Cv2RH7TDAJsE5gxge90tZHFI":{"registrationId":625390859,"currentRatchet":{"ephemeralKeyPair":{"pubKey":"BTV+Pi6Oq9MitlCykEjkCoeWx51dZOcq3q1AhNg3dP1J","privKey":"EJlc3lVKe9aZBV+En8UhMPqDwupVvn529BJklXAvzWk="},"lastRemoteEphemeralKey":"BYFcNihDuCBQKQYgmzrWCsPVEq12I/wBI4a4dj6FwpUT","previousCounter":0,"rootKey":"nNVMEO6K0T93qhT47741VmN0qnLHIl0m/clafLx+4KM="},"indexInfo":{"baseKey":"BYcQlZX2WgW3hQQjQyq7Cv2RH7TDAJsE5gxge90tZHFI","baseKeyType":1,"closed":1746627386422,"used":1746627365713,"created":1746627365713,"remoteIdentityKey":"BWtAkA7XzRiqapUVMRvLGSAbNYX+oQpKK05xm0SBJfJK"},"_chains":{"BTV+Pi6Oq9MitlCykEjkCoeWx51dZOcq3q1AhNg3dP1J":{"chainKey":{"counter":0,"key":"g0CrTh4viZ3bFzpwdL0xU67ndtpRasA3EASKXAoQ5ak="},"chainType":1,"messageKeys":{}}},"pendingPreKey":{"signedKeyId":12,"baseKey":"BYcQlZX2WgW3hQQjQyq7Cv2RH7TDAJsE5gxge90tZHFI","preKeyId":2565215}},"BRw9iTyIj233fRhkXmM4U3MXxwDSEOHgf7Dt9FbEcrsl":{"registrationId":625390859,"currentRatchet":{"ephemeralKeyPair":{"pubKey":"BQFHB1ToCWLlFGDe0G+zKhBufCyTJmxVSHrTZxRMoDAh","privKey":"qMwbhkpgkE5PcqYX7aSNVVLL/TpQGms7BwDWmkPm1Vw="},"lastRemoteEphemeralKey":"BYFcNihDuCBQKQYgmzrWCsPVEq12I/wBI4a4dj6FwpUT","previousCounter":0,"rootKey":"1kEEeFlQME49y8ggqS2IjtsaXbjjXxdDepo/VDxAwOQ="},"indexInfo":{"baseKey":"BRw9iTyIj233fRhkXmM4U3MXxwDSEOHgf7Dt9FbEcrsl","baseKeyType":1,"closed":1746627408671,"used":1746627385774,"created":1746627385774,"remoteIdentityKey":"BWtAkA7XzRiqapUVMRvLGSAbNYX+oQpKK05xm0SBJfJK"},"_chains":{"BQFHB1ToCWLlFGDe0G+zKhBufCyTJmxVSHrTZxRMoDAh":{"chainKey":{"counter":0,"key":"Fqycvf+JKCZ6WI96dPs4RnvgaQPyqWsWvigE0N5pbqo="},"chainType":1,"messageKeys":{}}},"pendingPreKey":{"signedKeyId":12,"baseKey":"BRw9iTyIj233fRhkXmM4U3MXxwDSEOHgf7Dt9FbEcrsl","preKeyId":2565384}},"BdAPQWby+esVwYlM2yQPeKRwOVGSrls84gan6hXEsjp7":{"registrationId":625390859,"currentRatchet":{"ephemeralKeyPair":{"pubKey":"BRjN4tO8wnkAw6oEXFLbzOb69ohS5JHodB7HlGuFVqAk","privKey":"yAcH8zznik16ZVCaB+t/LXXZRuO1XVw6nMVMRdjPXEI="},"lastRemoteEphemeralKey":"BYFcNihDuCBQKQYgmzrWCsPVEq12I/wBI4a4dj6FwpUT","previousCounter":0,"rootKey":"WfmL3lAcYVvoIeiLpHfIp7ygO3S30PSKcwuCXR2rJpo="},"indexInfo":{"baseKey":"BdAPQWby+esVwYlM2yQPeKRwOVGSrls84gan6hXEsjp7","baseKeyType":1,"closed":-1,"used":1746627408147,"created":1746627408147,"remoteIdentityKey":"BWtAkA7XzRiqapUVMRvLGSAbNYX+oQpKK05xm0SBJfJK"},"_chains":{"BRjN4tO8wnkAw6oEXFLbzOb69ohS5JHodB7HlGuFVqAk":{"chainKey":{"counter":3,"key":"ZhwPvMr20tNhWVkzP9tugl4Xtwb2en7w9mm4NjYbXkQ="},"chainType":1,"messageKeys":{}}},"pendingPreKey":{"signedKeyId":12,"baseKey":"BdAPQWby+esVwYlM2yQPeKRwOVGSrls84gan6hXEsjp7","preKeyId":2565043}}},"version":"v1"}