{"_sessions":{"BSs3UWlTLC5Wz42KjKOTGd0Imwi8R7MEKLTwmeKgIWBU":{"registrationId":1896457287,"currentRatchet":{"ephemeralKeyPair":{"pubKey":"BdNU4olBfEfBwTp9Mes/Uzwg0Vklz/x1HuBLf8glYppo","privKey":"gMqZdyTn0OIaz5qa3RpNv53uJSakNoa1Xm3Qc+B8d30="},"lastRemoteEphemeralKey":"BXJ8U7AM2Ec+PXuVbmatAhZGeqZAYpely3tLV4N9jQh8","previousCounter":0,"rootKey":"lLkOoariZdBITsTMDWPkJUX97lMmWAkkkyoHt+nASCw="},"indexInfo":{"baseKey":"BSs3UWlTLC5Wz42KjKOTGd0Imwi8R7MEKLTwmeKgIWBU","baseKeyType":1,"closed":-1,"used":1746612488586,"created":1746612488586,"remoteIdentityKey":"BTIrPTFF4B8ZUS4L3rya1EouqlcwYT5ec5Nhvv4Tn3Jr"},"_chains":{"BdNU4olBfEfBwTp9Mes/Uzwg0Vklz/x1HuBLf8glYppo":{"chainKey":{"counter":4,"key":"z68aXsAbyaJMme0W/DNImSosd87KWDiHp4wlNkLoUWs="},"chainType":1,"messageKeys":{}}},"pendingPreKey":{"signedKeyId":8936631,"baseKey":"BSs3UWlTLC5Wz42KjKOTGd0Imwi8R7MEKLTwmeKgIWBU"}}},"version":"v1"}