{"_sessions":{"BcID/2yGA1KtqvWiZpX1SM/TiTdc2kC3Hfj782BOIXxr":{"registrationId":2028982669,"currentRatchet":{"ephemeralKeyPair":{"pubKey":"BVpMzx2X37HE9bZKr+67OgQSLKUdmVf6WiUcxrUT7DUk","privKey":"SL+8RPHAkgZi533+MPFtiUnTAQrqON/wIjJreTmcxVI="},"lastRemoteEphemeralKey":"BaOafgToQj28xe0LjKbEb9ArPlDXQRDqiag3n9vdNaQ7","previousCounter":0,"rootKey":"JhKahCD2Zp8mxfPhmuQjfoXQdtVfz8OULe5O5NJvCtw="},"indexInfo":{"baseKey":"BcID/2yGA1KtqvWiZpX1SM/TiTdc2kC3Hfj782BOIXxr","baseKeyType":1,"closed":1746627382699,"used":1746627362710,"created":1746627362710,"remoteIdentityKey":"BW0vvLE8EH3EuYCGB8TBL8Ahs4MKPA+pFQgnK9JmGk0+"},"_chains":{"BVpMzx2X37HE9bZKr+67OgQSLKUdmVf6WiUcxrUT7DUk":{"chainKey":{"counter":0,"key":"0kFnw8Ry8ZfRt3V6E6PmZbWFAzI3Qz/9jggtuWcWPPs="},"chainType":1,"messageKeys":{}}},"pendingPreKey":{"signedKeyId":0,"baseKey":"BcID/2yGA1KtqvWiZpX1SM/TiTdc2kC3Hfj782BOIXxr","preKeyId":8992850}},"BVD009TCyBuRotp0xxfXJBfSUcn+LsX2/N2f6yl/4xI9":{"registrationId":2028982669,"currentRatchet":{"ephemeralKeyPair":{"pubKey":"BQupzM1GSZIjPT70VFSONaovFsto2x+Kmaf0p+cnj20v","privKey":"MPzukzNd7fLxaa0kEwHqdM0SGdeYgVxrgMblkDCmTHc="},"lastRemoteEphemeralKey":"BaOafgToQj28xe0LjKbEb9ArPlDXQRDqiag3n9vdNaQ7","previousCounter":0,"rootKey":"M9xmy0DDWAcbb7lx69RS9nJB0RDBSHp1Qt92fj2hXQ0="},"indexInfo":{"baseKey":"BVD009TCyBuRotp0xxfXJBfSUcn+LsX2/N2f6yl/4xI9","baseKeyType":1,"closed":1746627404939,"used":1746627382088,"created":1746627382088,"remoteIdentityKey":"BW0vvLE8EH3EuYCGB8TBL8Ahs4MKPA+pFQgnK9JmGk0+"},"_chains":{"BQupzM1GSZIjPT70VFSONaovFsto2x+Kmaf0p+cnj20v":{"chainKey":{"counter":0,"key":"xqSPl9w/NxwoEj036X7OHTbUBDNruh/i6iTMasejcg8="},"chainType":1,"messageKeys":{}}},"pendingPreKey":{"signedKeyId":0,"baseKey":"BVD009TCyBuRotp0xxfXJBfSUcn+LsX2/N2f6yl/4xI9","preKeyId":8992756}},"BTxNBw97EOII37Hpoxo3OxI6ZfhjSycfSEEY64rUJEkJ":{"registrationId":2028982669,"currentRatchet":{"ephemeralKeyPair":{"pubKey":"BXVtrvxuGxQ0tJbzK5jZ2xcKdrlt8DREs9+pduEJi/sQ","privKey":"GIZLbpkhQxwZI8m3Qf73YVSs+oGbgB4LkZ1tNKhdm2M="},"lastRemoteEphemeralKey":"BaOafgToQj28xe0LjKbEb9ArPlDXQRDqiag3n9vdNaQ7","previousCounter":0,"rootKey":"0hjQzbD3jLd1QZ6HxzW4oBid3daTfJpYBOAISeVI02E="},"indexInfo":{"baseKey":"BTxNBw97EOII37Hpoxo3OxI6ZfhjSycfSEEY64rUJEkJ","baseKeyType":1,"closed":-1,"used":1746627404824,"created":1746627404824,"remoteIdentityKey":"BW0vvLE8EH3EuYCGB8TBL8Ahs4MKPA+pFQgnK9JmGk0+"},"_chains":{"BXVtrvxuGxQ0tJbzK5jZ2xcKdrlt8DREs9+pduEJi/sQ":{"chainKey":{"counter":3,"key":"Tyn008beHDxCK9dIvuQxnps9AVLnrO+w0kz/xVS1080="},"chainType":1,"messageKeys":{}}},"pendingPreKey":{"signedKeyId":0,"baseKey":"BTxNBw97EOII37Hpoxo3OxI6ZfhjSycfSEEY64rUJEkJ","preKeyId":8992194}}},"version":"v1"}