{"_sessions":{"BXHJdybjG58ZtZOgdZDGaESGDQg5+SufJrHxyHoe2Bcc":{"registrationId":1002987827,"currentRatchet":{"ephemeralKeyPair":{"pubKey":"BfGFcUMBO5Wzy/wKHdslLJrxbtB5sePq86QnNV3/apNH","privKey":"SAFFGMlXZNWuyCbd2RPRvLDbRpDwWA7ymCJy3IWRwVc="},"lastRemoteEphemeralKey":"Ba/328DrEOwUpMXgywEJDAXB48+g+e+Z5+FcVZVHFZwS","previousCounter":0,"rootKey":"1VhwringAVq00cshO7oo7MXiGGIvjqenEh6u9DTrL6U="},"indexInfo":{"baseKey":"BXHJdybjG58ZtZOgdZDGaESGDQg5+SufJrHxyHoe2Bcc","baseKeyType":1,"closed":-1,"used":1746627351627,"created":1746627351627,"remoteIdentityKey":"BQ+FhmHb5O8ynzese72//KxIlavZu5FK7jPxrz/jUZc9"},"_chains":{"BfGFcUMBO5Wzy/wKHdslLJrxbtB5sePq86QnNV3/apNH":{"chainKey":{"counter":0,"key":"Gi7zPCSt/aOS4QHwIFQHOCn+EKFLgwwry4f0ILdyRlc="},"chainType":1,"messageKeys":{}}},"pendingPreKey":{"signedKeyId":1,"baseKey":"BXHJdybjG58ZtZOgdZDGaESGDQg5+SufJrHxyHoe2Bcc","preKeyId":7539653}}},"version":"v1"}