{"_sessions":{"BefeUfiku8UVGQaPqJzAh4Noy5e/89MiXHr90gPiSMVn":{"registrationId":1426395339,"currentRatchet":{"ephemeralKeyPair":{"pubKey":"BWs8nNxxAYYGXbZopHMwyK/jGZcmoZ4VKScxxKzm2ZJ0","privKey":"+BmQZbbX+b5VSWs34NpOlMJ2vNhl4GdtBU1IEHzKT3U="},"lastRemoteEphemeralKey":"BWORuff+eIAE4txyx/dlloPE2/cre1f0uLYddrqokl98","previousCounter":0,"rootKey":"063qvyeTODwFz8ZEELpLs5ZM1UydJiRh9QUWoNJbzEQ="},"indexInfo":{"baseKey":"BefeUfiku8UVGQaPqJzAh4Noy5e/89MiXHr90gPiSMVn","baseKeyType":1,"closed":-1,"used":1746612499033,"created":1746612499033,"remoteIdentityKey":"BSBu1V7OWHlWb+2R2Etu2XFduLUXUv8DLGA+YHPgU9kQ"},"_chains":{"BWs8nNxxAYYGXbZopHMwyK/jGZcmoZ4VKScxxKzm2ZJ0":{"chainKey":{"counter":4,"key":"BJWbFF8NwfTipoKZPiHGEzdbbVi2Mr3WvDGeTB6CFGo="},"chainType":1,"messageKeys":{}}},"pendingPreKey":{"signedKeyId":3,"baseKey":"BefeUfiku8UVGQaPqJzAh4Noy5e/89MiXHr90gPiSMVn","preKeyId":10864610}}},"version":"v1"}