{"_sessions":{"BeP2xYsrRptABpsiZ8JR/DmfjFOnfYbNmZ/hNqaasWF2":{"registrationId":1383236222,"currentRatchet":{"ephemeralKeyPair":{"pubKey":"BVZz7LKkRfn6gjlXM4hcEV6FhAtmEUEG14UHTOyP5ihQ","privKey":"IDWRYWk1088w1qYZRUzzbx/LIDRCAEl6mvTWoxN3B10="},"lastRemoteEphemeralKey":"BeDWBak5AZqtQm91zLdp2hCJVFLRV/Iac/QIktJrK+xG","previousCounter":0,"rootKey":"bqOd9F59DO/BO6i6YjlzLXUcm6Ug2WhZbeev9YQFGyQ="},"indexInfo":{"baseKey":"BeP2xYsrRptABpsiZ8JR/DmfjFOnfYbNmZ/hNqaasWF2","baseKeyType":1,"closed":-1,"used":1746612493291,"created":1746612493291,"remoteIdentityKey":"BekXL+m3aYJ/edJCK5mCMUJtYd99ChFAQNKCYV+xWKIa"},"_chains":{"BVZz7LKkRfn6gjlXM4hcEV6FhAtmEUEG14UHTOyP5ihQ":{"chainKey":{"counter":4,"key":"fIjbYDGX+NpEe1ptF4pXaTaI48Ac7dp1F6+31QUb7GE="},"chainType":1,"messageKeys":{}}},"pendingPreKey":{"signedKeyId":1,"baseKey":"BeP2xYsrRptABpsiZ8JR/DmfjFOnfYbNmZ/hNqaasWF2","preKeyId":755670}}},"version":"v1"}