{"_sessions":{"Bdf9PWWVPb3SxZW5tBIl6mOwIr+6whZfwpVthv8fucdf":{"registrationId":984391731,"currentRatchet":{"ephemeralKeyPair":{"pubKey":"BctpBhgx86R3i1k9LoQi1Ym6uF5wl8vpMhgmQi4XET8f","privKey":"QAsdS/2PI3rLei8HhPab2rB//KOmRKD+7KZgKHkFtWQ="},"lastRemoteEphemeralKey":"BY4sQ18c2349lGUCJakM3FAZFwyktFf3N+kt1KhWYNos","previousCounter":0,"rootKey":"6p7IdQEQSYrYjqFLt86zxqlDZznfRvo4au6DWmsIWBA="},"indexInfo":{"baseKey":"Bdf9PWWVPb3SxZW5tBIl6mOwIr+6whZfwpVthv8fucdf","baseKeyType":1,"closed":-1,"used":1746612493238,"created":1746612493238,"remoteIdentityKey":"BXtCK18wyr537L3UphQlk8glvSMqjQAernM2HqxDCj0G"},"_chains":{"BctpBhgx86R3i1k9LoQi1Ym6uF5wl8vpMhgmQi4XET8f":{"chainKey":{"counter":4,"key":"CkbdkonnPfYax1S2lNSmGgzZBnQyRQARtMvNcWyuu2Q="},"chainType":1,"messageKeys":{}}},"pendingPreKey":{"signedKeyId":16,"baseKey":"Bdf9PWWVPb3SxZW5tBIl6mOwIr+6whZfwpVthv8fucdf"}}},"version":"v1"}