{"_sessions":{"BUGMgZ2vsZ/oAIpwlzxxsopibATcOtq/3iDXGZZtBiVB":{"registrationId":1621585731,"currentRatchet":{"ephemeralKeyPair":{"pubKey":"BdapFguuNAmfYGbYW1/ZyMDEuZpiVbXJ/8LhNomRrMh+","privKey":"QI4lM4JKeZ3ms6QFmWR/UcKXPAdYEKcwzM7XqpduwEs="},"lastRemoteEphemeralKey":"BaeALSmshB/bAVaoGhpZFww1EwYKDkZcBUOwYpIF+hFD","previousCounter":0,"rootKey":"sIIFhnCicz5bhlE11dsr1g92kuK/H4xmfm6suBlY6dw="},"indexInfo":{"baseKey":"BUGMgZ2vsZ/oAIpwlzxxsopibATcOtq/3iDXGZZtBiVB","baseKeyType":1,"closed":-1,"used":1746612488632,"created":1746612488632,"remoteIdentityKey":"BdHqAT1DvJYB9M4cexwQbkxCrn5TG6rvyFu5MFJEvv0c"},"_chains":{"BdapFguuNAmfYGbYW1/ZyMDEuZpiVbXJ/8LhNomRrMh+":{"chainKey":{"counter":4,"key":"8brN4+4V81TK344HVnumw+oD6lKaOJBLyPs9TfIDQzw="},"chainType":1,"messageKeys":{}}},"pendingPreKey":{"signedKeyId":0,"baseKey":"BUGMgZ2vsZ/oAIpwlzxxsopibATcOtq/3iDXGZZtBiVB","preKeyId":2179439}}},"version":"v1"}