{"_sessions":{"BWv8du7PpINatgROO5L/zRrpJnmuItCpAddpSWKb0EU8":{"registrationId":256703590,"currentRatchet":{"ephemeralKeyPair":{"pubKey":"BQKd0lnZB0UwA8dPzlKIIUOHbO/eFweL8NaloFpn0MwX","privKey":"0GczQx7IDVJtwJF46+1IVBmw+Vp7YKlk30o3CXFriWE="},"lastRemoteEphemeralKey":"BceXXtW8LwAerVWMen8c6Vx6k4yamWxo31NrsF3Rdckt","previousCounter":0,"rootKey":"xVKdssGlhKWgF5zmhjwb2S3tjLmxVZHS7BTQM5yoPJc="},"indexInfo":{"baseKey":"BWv8du7PpINatgROO5L/zRrpJnmuItCpAddpSWKb0EU8","baseKeyType":1,"closed":-1,"used":1746612493121,"created":1746612493121,"remoteIdentityKey":"BS6QfP1OeyXB9uNDHOzTImSUzQmZzV5tpy0OUzNVUIJk"},"_chains":{"BQKd0lnZB0UwA8dPzlKIIUOHbO/eFweL8NaloFpn0MwX":{"chainKey":{"counter":4,"key":"0yxQJy2IO8YzXWvtkyPbIMxGdT4tuLA4XzCl9aXHpZw="},"chainType":1,"messageKeys":{}}},"pendingPreKey":{"signedKeyId":3077985,"baseKey":"BWv8du7PpINatgROO5L/zRrpJnmuItCpAddpSWKb0EU8","preKeyId":2742}}},"version":"v1"}