{"_sessions":{"BeIkea6uyEZM9f4Vz/C9X0qjU3mr0WAiHZBeEBpq2iwx":{"registrationId":1959349404,"currentRatchet":{"ephemeralKeyPair":{"pubKey":"BeSqms/4zkgomrf8KUlV7OnJT6P8gb3vVLZHq9HFsfl4","privKey":"+AUcJiHCqPlmslVUlfBbCWCwcn0CRqv9pfKXBzq6JkM="},"lastRemoteEphemeralKey":"BehGB2oLWoIRqMpZrJFz/XYT9XI3Ej1dBaY8ycEn6Htr","previousCounter":0,"rootKey":"4EMS0zdZcW8RTAf8vx4btG3EBOW/ZFVa7h6Jz6uuqio="},"indexInfo":{"baseKey":"BeIkea6uyEZM9f4Vz/C9X0qjU3mr0WAiHZBeEBpq2iwx","baseKeyType":1,"closed":-1,"used":1746612499015,"created":1746612499015,"remoteIdentityKey":"BWxk9qeUb9Z57sLL6MXzox4Z0fjZZkwpvtllEh/wd5Vl"},"_chains":{"BeSqms/4zkgomrf8KUlV7OnJT6P8gb3vVLZHq9HFsfl4":{"chainKey":{"counter":4,"key":"S/yy8Mbr0blaNS5rCPk0ldXs2f1oHJEg9itEU4HUuBI="},"chainType":1,"messageKeys":{}}},"pendingPreKey":{"signedKeyId":0,"baseKey":"BeIkea6uyEZM9f4Vz/C9X0qjU3mr0WAiHZBeEBpq2iwx"}}},"version":"v1"}