{"_sessions":{"BR9XzlVL0jn4Teo6do7ogZagqo0rNjOQIIbLxoxiIZgb":{"registrationId":1635117333,"currentRatchet":{"ephemeralKeyPair":{"pubKey":"BSF7i8LPHysPLe2KyKCVqGDs3P2rBxggYM0X5dNIDd0J","privKey":"UOSnYvO69eZokDmXQLOQOYM4nzTnWfzcFey0SNCCm3Q="},"lastRemoteEphemeralKey":"BcPLG/RZknEsUoteVFM8muoU0ecrh+Crc16IkQTSEkcv","previousCounter":0,"rootKey":"Bfgb1vt507Do7JCl8yivACA21w+01KLsmib31k5HEHs="},"indexInfo":{"baseKey":"BR9XzlVL0jn4Teo6do7ogZagqo0rNjOQIIbLxoxiIZgb","baseKeyType":1,"closed":-1,"used":1746612488772,"created":1746612488772,"remoteIdentityKey":"BUXE+fq8esnVEK5LDmgoum3/QlGIBzJg0sK5ms07+0ZZ"},"_chains":{"BSF7i8LPHysPLe2KyKCVqGDs3P2rBxggYM0X5dNIDd0J":{"chainKey":{"counter":4,"key":"svR4c5ASAiNaV3Zgp6cE1Sp+vYj0bsGfENQ4IbY/4tw="},"chainType":1,"messageKeys":{}}},"pendingPreKey":{"signedKeyId":2,"baseKey":"BR9XzlVL0jn4Teo6do7ogZagqo0rNjOQIIbLxoxiIZgb","preKeyId":13066449}}},"version":"v1"}