{"_sessions":{"BbTmwPgfmD7V+mMNgXGNuxbDZl5XdGioDNE8ZYqysx8n":{"registrationId":450320010,"currentRatchet":{"ephemeralKeyPair":{"pubKey":"BenwID5orzmiuR5+1ULG//6+SbVwatD5xTpQ+zyNodxK","privKey":"wAUh+GYTAUy1eAdy3eCKtsvd8MqmKzXWwLz5bI0hcEw="},"lastRemoteEphemeralKey":"BUkuxez/wt/MOprQTPq1Ke+MWSh7OWsVJWhTLtKM39En","previousCounter":0,"rootKey":"UKL70gjP/eVKPc51isj+XG5TXy53AQakCpa1nZg3kj4="},"indexInfo":{"baseKey":"BbTmwPgfmD7V+mMNgXGNuxbDZl5XdGioDNE8ZYqysx8n","baseKeyType":1,"closed":-1,"used":1746627350802,"created":1746627350802,"remoteIdentityKey":"BYesNPJVpByq3rpdJZt/GuTfBs9EsoXSiAg4DXfo3wZx"},"_chains":{"BenwID5orzmiuR5+1ULG//6+SbVwatD5xTpQ+zyNodxK":{"chainKey":{"counter":0,"key":"7rkprrwLubzHwdpA0DrqDeVH29eh2Xl+U6BsLxAvBeM="},"chainType":1,"messageKeys":{}}},"pendingPreKey":{"signedKeyId":15,"baseKey":"BbTmwPgfmD7V+mMNgXGNuxbDZl5XdGioDNE8ZYqysx8n","preKeyId":15224299}}},"version":"v1"}