{"_sessions":{"BQLlkKSBsAPcF4wao/ezqCMBJbhCJdwpOStf4OS40i1F":{"registrationId":819109530,"currentRatchet":{"ephemeralKeyPair":{"pubKey":"BV0OFagXlvXL2e4vuY5ngmUI0lgQP/M8lD/PZ6ef48p8","privKey":"8IKh3ZbDaWXUe9zk2LZzJvDYL1TKN8idjSG2eRrRG0c="},"lastRemoteEphemeralKey":"BVVFhTgIQdkQL59ih8JWVp6sKaAT8nDCIU3o9lyrD1IJ","previousCounter":0,"rootKey":"p8WE/PfrvgyF8akNuFr1rcmzgf3or76BGaI7WCgiYiw="},"indexInfo":{"baseKey":"BQLlkKSBsAPcF4wao/ezqCMBJbhCJdwpOStf4OS40i1F","baseKeyType":1,"closed":-1,"used":1746612497339,"created":1746612497339,"remoteIdentityKey":"BS6fzial+3AGS0LvNgg8m9G2XWbCgLIjak/WKmbCqxpr"},"_chains":{"BV0OFagXlvXL2e4vuY5ngmUI0lgQP/M8lD/PZ6ef48p8":{"chainKey":{"counter":4,"key":"iRQh21z0Rs4XAfpKr6v4k/d0UM2CNZo6hr21q1z6ZBA="},"chainType":1,"messageKeys":{}}},"pendingPreKey":{"signedKeyId":0,"baseKey":"BQLlkKSBsAPcF4wao/ezqCMBJbhCJdwpOStf4OS40i1F","preKeyId":6613187}}},"version":"v1"}