{"_sessions":{"BU2tG6GKRyS5IPPCIbyUXjHPCVKe1XyonTm9St6Xrwl2":{"registrationId":371247473,"currentRatchet":{"ephemeralKeyPair":{"pubKey":"BXsA8VSx4cXHvBXo2f2LSWDJnpCTbcpcqtQNwgEdlxlY","privKey":"oMiOaEwQMq0mDIAUkmedOJWSMG6coVRUCP5dmrxEWnc="},"lastRemoteEphemeralKey":"BVDwOhX+EY4SpcG8VEPeUaJ5cghKD+JVMdN0aYYrJk53","previousCounter":0,"rootKey":"N+Hg0MeFaW8R47npy2pChuU7vVq4wAX6H1tzepiYnt0="},"indexInfo":{"baseKey":"BU2tG6GKRyS5IPPCIbyUXjHPCVKe1XyonTm9St6Xrwl2","baseKeyType":1,"closed":-1,"used":1746627350706,"created":1746627350706,"remoteIdentityKey":"BX3WlLtNAISD07eChD1/cCg4ePq9PzHK2R8xYOTKTBti"},"_chains":{"BXsA8VSx4cXHvBXo2f2LSWDJnpCTbcpcqtQNwgEdlxlY":{"chainKey":{"counter":0,"key":"wqE4mBeiOIthjd1SSFWp3haSTjyZQVXU4JpuFq1nHRM="},"chainType":1,"messageKeys":{}}},"pendingPreKey":{"signedKeyId":2,"baseKey":"BU2tG6GKRyS5IPPCIbyUXjHPCVKe1XyonTm9St6Xrwl2","preKeyId":15668109}}},"version":"v1"}