{"_sessions":{"BennVwRCFMXTeguV0qcGR6SWNWiBd/3OeCIrC29epbtz":{"registrationId":1355045700,"currentRatchet":{"ephemeralKeyPair":{"pubKey":"BdaUO2110EyQYosh2a9gnqk+rslV75IFor4HboIOTzRw","privKey":"IMJGmDwEzhg41exehDU40mjGAGNhPob7vYx3czBrQXU="},"lastRemoteEphemeralKey":"Bf9Nx0WPmYugSqhLNoN0JbPURzVUacBZiycb4SdwlJtf","previousCounter":0,"rootKey":"dhpDvbwp+slXvrNiT/on06q+RiUAKXuwQqlwdAprXZo="},"indexInfo":{"baseKey":"BennVwRCFMXTeguV0qcGR6SWNWiBd/3OeCIrC29epbtz","baseKeyType":1,"closed":-1,"used":1746612496993,"created":1746612496993,"remoteIdentityKey":"BY4eFvtb6e4nXZFU+Bg5d/5Q7GiQ21UJoGP4EUSbiKc1"},"_chains":{"BdaUO2110EyQYosh2a9gnqk+rslV75IFor4HboIOTzRw":{"chainKey":{"counter":4,"key":"JLUfrC3ICyw5cGe746VzvhL8yLiPVzZjKzacLmWTcLY="},"chainType":1,"messageKeys":{}}},"pendingPreKey":{"signedKeyId":3,"baseKey":"BennVwRCFMXTeguV0qcGR6SWNWiBd/3OeCIrC29epbtz","preKeyId":2339951}}},"version":"v1"}