{"_sessions":{"BYFCwfokIn4ceDlR2AqfyZb1+1d8IkHeoAf/Cc1MxSlf":{"registrationId":516815997,"currentRatchet":{"ephemeralKeyPair":{"pubKey":"BUgZriZ2HJWi7GgKgstiKWgX9UDVlbIIb1TqXF0llTUN","privKey":"GE3AljgIkFMByoO9IOIpbLRV0mB/DnmIdPMsXkD/P1w="},"lastRemoteEphemeralKey":"BcZz2wqECbnWlxBPTVPNgO6Wl3JIhqJh4gonwmQ2CgVF","previousCounter":0,"rootKey":"EB+zSJHWxtqXh4sn+1tM5X5mgTLs7Z/DQ89+hQrC4vc="},"indexInfo":{"baseKey":"BYFCwfokIn4ceDlR2AqfyZb1+1d8IkHeoAf/Cc1MxSlf","baseKeyType":1,"closed":-1,"used":1746612488578,"created":1746612488578,"remoteIdentityKey":"BQtqu7okzguloBIXOEr9Vjv4K7JsLjP1zNg4aNcmV046"},"_chains":{"BUgZriZ2HJWi7GgKgstiKWgX9UDVlbIIb1TqXF0llTUN":{"chainKey":{"counter":4,"key":"UvEyG+nLqef7JBGkJ1nxHLoESgGx4yeEGOxH582nUNY="},"chainType":1,"messageKeys":{}}},"pendingPreKey":{"signedKeyId":3188418,"baseKey":"BYFCwfokIn4ceDlR2AqfyZb1+1d8IkHeoAf/Cc1MxSlf","preKeyId":2369}}},"version":"v1"}