{"_sessions":{"Bbdm7FRjxadWyJT80JcftJ9aAR5S5R8K5xDF9ePTqJ95":{"registrationId":1255366281,"currentRatchet":{"ephemeralKeyPair":{"pubKey":"BZyiRul/qwH0In2Oxso7FUb+XOwSvMzkQR6GM7hwRbRA","privKey":"AOLaGIQ4166D2KjB9hKQBKdbp9UEztXsH/L79HkYn3M="},"lastRemoteEphemeralKey":"Bb+3xmJiF3tNTFotpTJi5jbWq3CqF3FPOkaNwPROOqkT","previousCounter":0,"rootKey":"A+xsJElZdwebNhfCghmsVcte5NfXS6zPh/YyQS0AIlw="},"indexInfo":{"baseKey":"Bbdm7FRjxadWyJT80JcftJ9aAR5S5R8K5xDF9ePTqJ95","baseKeyType":1,"closed":-1,"used":1746612493019,"created":1746612493019,"remoteIdentityKey":"Baa1qQJbYFA4rfIRa9SPbwTv4QUIYvwS20bnO59cCv98"},"_chains":{"BZyiRul/qwH0In2Oxso7FUb+XOwSvMzkQR6GM7hwRbRA":{"chainKey":{"counter":4,"key":"Az+nNZ/CTirmK6+eTi2cKl+ISHGNUusAEnDD4iMCP5Q="},"chainType":1,"messageKeys":{}}},"pendingPreKey":{"signedKeyId":3,"baseKey":"Bbdm7FRjxadWyJT80JcftJ9aAR5S5R8K5xDF9ePTqJ95","preKeyId":6754977}}},"version":"v1"}