{"_sessions":{"BdU/YBev09Sck4icKahj516aP7srhRmmfgltE2NkprFO":{"registrationId":1626704981,"currentRatchet":{"ephemeralKeyPair":{"pubKey":"BY3l7VpST3VTScmdBhz91fAvMaSgREcHthmfVeE3Tu5E","privKey":"KPYxe89xQusfhKNZEo4JZrvRo1sCtx1qD1ODiKLGDkc="},"lastRemoteEphemeralKey":"BTSjdjyTg3a31P4faQ4YeZKQjx2/PQibdGtHMWxjj8g/","previousCounter":0,"rootKey":"yy41efA4hVfHBWoYjmgpN6bliHyy2JMH5iITj+MxC4M="},"indexInfo":{"baseKey":"BdU/YBev09Sck4icKahj516aP7srhRmmfgltE2NkprFO","baseKeyType":1,"closed":-1,"used":1746612499038,"created":1746612499038,"remoteIdentityKey":"BSSW3+ib7KhoF/t6pW5MA2Z9glpKSSLm1p6YYWAOraMz"},"_chains":{"BY3l7VpST3VTScmdBhz91fAvMaSgREcHthmfVeE3Tu5E":{"chainKey":{"counter":4,"key":"aYbQVK9y1FFizUkj8yyukVg5IT00eaJxHvIHK49GkZA="},"chainType":1,"messageKeys":{}}},"pendingPreKey":{"signedKeyId":0,"baseKey":"BdU/YBev09Sck4icKahj516aP7srhRmmfgltE2NkprFO","preKeyId":1848876}}},"version":"v1"}