{"_sessions":{"BYCiPf1YeFXogNQ4sQw1M0DG5sb5SMyt4uxfJMfSlFZr":{"registrationId":644290202,"currentRatchet":{"ephemeralKeyPair":{"pubKey":"BerdVQ/I74/5E3rLkbbxme/jhXsHfuzNsS5pDAwWwdBp","privKey":"0Fxxn0IMcXye7E15G7d8ufCPlJcBcUhxJaeh9ArG91I="},"lastRemoteEphemeralKey":"Baek2rN2Su0/ynQ8fKht4aLIy3wxST11dw2vDtbLqzUy","previousCounter":0,"rootKey":"lbp4YuEr0MZQy9DKYY6V5XuVH1Qpn0ChzCQlUct4ujM="},"indexInfo":{"baseKey":"BYCiPf1YeFXogNQ4sQw1M0DG5sb5SMyt4uxfJMfSlFZr","baseKeyType":1,"closed":-1,"used":1746612695022,"created":1746612695022,"remoteIdentityKey":"BQP3U5UMWl471HfW9LMDTedr3FMVAjYLOohf06DFmABe"},"_chains":{"BerdVQ/I74/5E3rLkbbxme/jhXsHfuzNsS5pDAwWwdBp":{"chainKey":{"counter":0,"key":"Xx3+5dGpYeiUPODCpVnPLUSwqJ7AHpNEgg1JR01LoF8="},"chainType":1,"messageKeys":{}}},"pendingPreKey":{"signedKeyId":1,"baseKey":"BYCiPf1YeFXogNQ4sQw1M0DG5sb5SMyt4uxfJMfSlFZr"}}},"version":"v1"}