{"_sessions":{"BQqDLUzgVQwDdAopxLfjPwu9J9CPDng4CGvdiM3dqrM5":{"registrationId":599915766,"currentRatchet":{"ephemeralKeyPair":{"pubKey":"BfFIEprrlfZpZfkBDH7/sRz6UHhA7EG7TQ+F1z1CZ6YX","privKey":"aOIvPFLEceNXPLiEGSO9qEFLfYkTxqfc/QgoJ+Ooe1I="},"lastRemoteEphemeralKey":"BQTaLzP31n/CWZqIwhebScAPHGqjien5p+eKpfPJDJos","previousCounter":0,"rootKey":"V05x4m0fgr7Ln3grnraARxpO7zujcsn/do0iltiON1U="},"indexInfo":{"baseKey":"BQqDLUzgVQwDdAopxLfjPwu9J9CPDng4CGvdiM3dqrM5","baseKeyType":1,"closed":-1,"used":1746612488733,"created":1746612488733,"remoteIdentityKey":"BR/4tg6mlWsBpP2IwhroDsvrWHus0ZkYcVCjHs6gP/0N"},"_chains":{"BfFIEprrlfZpZfkBDH7/sRz6UHhA7EG7TQ+F1z1CZ6YX":{"chainKey":{"counter":4,"key":"GrvWrbkHeMcY4D/mj5/YHGgeJwAA7H8NDT9s7lN6RGI="},"chainType":1,"messageKeys":{}}},"pendingPreKey":{"signedKeyId":5,"baseKey":"BQqDLUzgVQwDdAopxLfjPwu9J9CPDng4CGvdiM3dqrM5","preKeyId":4242711}}},"version":"v1"}