{"_sessions":{"BT8zL4EdrA87u5jd33I04G635E+7NK4/SnagQGIqUwUu":{"registrationId":1628504538,"currentRatchet":{"ephemeralKeyPair":{"pubKey":"BUm5HsZHonbKbcRbG8fCMh4y7Gx0TvL3A4fugbyCbLU2","privKey":"YMEUD8iYvwOY6gR2n5v4FsDS5PByEkT33G13FG+YC1I="},"lastRemoteEphemeralKey":"BdyN1QAn2QZgI4m+eE31Ju1EbCj2YtAq6IgDhy/Evloh","previousCounter":4,"rootKey":"G/MD/DbZfxK5bMBuOlvo5t/Ou0p1I4/GjIM7I4GjoB4="},"indexInfo":{"baseKey":"BT8zL4EdrA87u5jd33I04G635E+7NK4/SnagQGIqUwUu","baseKeyType":1,"closed":-1,"used":1746641552107,"created":1746612496823,"remoteIdentityKey":"BakOCiTvlo0eGCqpL6UPtxyLMfx0ca5MZ7mg36Ggc0oB"},"_chains":{"BdyN1QAn2QZgI4m+eE31Ju1EbCj2YtAq6IgDhy/Evloh":{"chainKey":{"counter":1,"key":"tg0olGxccCn5CrU5yJWI829CpX7KjxBSVVrI2QkKQSc="},"chainType":2,"messageKeys":{}},"BUm5HsZHonbKbcRbG8fCMh4y7Gx0TvL3A4fugbyCbLU2":{"chainKey":{"counter":-1,"key":"golbXpcBgQbkD9aDuHmQEi4YX4tBfDd5cCf+Mc21VNc="},"chainType":1,"messageKeys":{}}}}},"version":"v1"}