{"_sessions":{"BVTq79VmmhFqHmR76wVqnUfSnGELaOVq6IJU8LcwQ7lV":{"registrationId":209352814,"currentRatchet":{"ephemeralKeyPair":{"pubKey":"BcmMn7OXcM9wIo7kA62vq7kjbewxgw1St0skY3HI88Ah","privKey":"SATst/2uVzr1HUbevcHTNtcHmc7g48A5md9xqRePBn4="},"lastRemoteEphemeralKey":"BaXGFcnligbsQrcDwywT2jEPNdplzSUTre6JhoAAORNj","previousCounter":0,"rootKey":"8TKSoFHCK3x3PotOp0JcDbew1VmH+uANvKiO9UmNEUo="},"indexInfo":{"baseKey":"BVTq79VmmhFqHmR76wVqnUfSnGELaOVq6IJU8LcwQ7lV","baseKeyType":1,"closed":-1,"used":1746612493345,"created":1746612493345,"remoteIdentityKey":"BZb340dX1AgvgQNwqXB2I+ATPPXaOzAXTDmC8zPOUv0z"},"_chains":{"BcmMn7OXcM9wIo7kA62vq7kjbewxgw1St0skY3HI88Ah":{"chainKey":{"counter":4,"key":"/OhETTlNdG61Vx8OSaI68+agpe2Ix7SNiMwSH6fVbvc="},"chainType":1,"messageKeys":{}}},"pendingPreKey":{"signedKeyId":3,"baseKey":"BVTq79VmmhFqHmR76wVqnUfSnGELaOVq6IJU8LcwQ7lV","preKeyId":2678831}}},"version":"v1"}