{"_sessions":{"BYk+Y3yWdIORK/yhSRHq5Xyymb6FY1yfEDV4XJhKA71I":{"registrationId":64959164,"currentRatchet":{"ephemeralKeyPair":{"pubKey":"Bbh2bMdoyJMS3jxch98buyPNr9Bq+R0UuEo3YWp9chgc","privKey":"EORvfo+tjHnYkxNN+Qm7Or56IZikB/wPTArNd5JsZ3k="},"lastRemoteEphemeralKey":"BdMk2ixDcsaiGNIbI68btNBI1wTL3oJqS8Biuj4qcsov","previousCounter":0,"rootKey":"plgH7EHvSAaxUz71k7/0ClbN9ascvYEryk9u59zvkLM="},"indexInfo":{"baseKey":"BYk+Y3yWdIORK/yhSRHq5Xyymb6FY1yfEDV4XJhKA71I","baseKeyType":1,"closed":-1,"used":1746612498933,"created":1746612498933,"remoteIdentityKey":"Bc3GgFEFcDzKQ0Giei1kAUgRQL96R7AeF0J9adBxZSkk"},"_chains":{"Bbh2bMdoyJMS3jxch98buyPNr9Bq+R0UuEo3YWp9chgc":{"chainKey":{"counter":4,"key":"KpMaaxD3+KRHei5DfN0wxdr+2HnFMCjXKyr5x9Gp2LY="},"chainType":1,"messageKeys":{}}},"pendingPreKey":{"signedKeyId":14487645,"baseKey":"BYk+Y3yWdIORK/yhSRHq5Xyymb6FY1yfEDV4XJhKA71I","preKeyId":2920}}},"version":"v1"}