{"_sessions":{"BeK8+NKu0T3gmvJC/jZUeT/90gF5rxUy43oQVf2dIQkY":{"registrationId":1139204347,"currentRatchet":{"ephemeralKeyPair":{"pubKey":"BXHFHy0NGTgzthecDLxFrvg6JHWQsKp0L5tlnoWq2Yso","privKey":"CIy6L/0mxO/K42RKOmhy+WUWjAREJuZTJsWLLVOq9H4="},"lastRemoteEphemeralKey":"BTZz7g9chPJQrAqcko9fE1Nk9/RelNsaE2Hzg1M71T1r","previousCounter":0,"rootKey":"Pc03GI/AhMaHbAPAkAJfiuIyKrwX/OsiaJznspS8DXI="},"indexInfo":{"baseKey":"BeK8+NKu0T3gmvJC/jZUeT/90gF5rxUy43oQVf2dIQkY","baseKeyType":1,"closed":-1,"used":1746612497370,"created":1746612497369,"remoteIdentityKey":"BTRaESAoHwboUGMr0FzqZr0UsDlOpmJ0dQ4DCVyEfzsd"},"_chains":{"BXHFHy0NGTgzthecDLxFrvg6JHWQsKp0L5tlnoWq2Yso":{"chainKey":{"counter":4,"key":"LF6Hywsd3LUsktiCifP2QSqEppbbdD3ZaXHoay0nbV0="},"chainType":1,"messageKeys":{}}},"pendingPreKey":{"signedKeyId":7,"baseKey":"BeK8+NKu0T3gmvJC/jZUeT/90gF5rxUy43oQVf2dIQkY","preKeyId":15637088}}},"version":"v1"}