{"_sessions":{"Bcfe3x66AMR7Mkv+uhPZyWWel92suUj84mwucCe3MTMi":{"registrationId":40405189,"currentRatchet":{"ephemeralKeyPair":{"pubKey":"BQ6TtURx0OiE7FYxaDYAEiHAvok7yee3SQHNeAPmBcVd","privKey":"+CF2apFvSnvHbclJyjhTTDVFtSS9FKGFUe9H7z1M81k="},"lastRemoteEphemeralKey":"Bbd5DgnG8EBnHwO203tyaXHBKCegkHaJvt817GRBLsBK","previousCounter":0,"rootKey":"0Uk96D1dXdfEz0yhnfNJsWBpKhJ9Zp5+2LUIYoZNvFM="},"indexInfo":{"baseKey":"Bcfe3x66AMR7Mkv+uhPZyWWel92suUj84mwucCe3MTMi","baseKeyType":1,"closed":-1,"used":1746612492598,"created":1746612492598,"remoteIdentityKey":"BRI+KYmmCE9iYpFQwKAv4sPsVUrgcjRe8NYk2ZBO9pgx"},"_chains":{"BQ6TtURx0OiE7FYxaDYAEiHAvok7yee3SQHNeAPmBcVd":{"chainKey":{"counter":4,"key":"JvvJx5kTgdcrk5yGaXr7MW2VNFe7znHMGDMWJjhvBlI="},"chainType":1,"messageKeys":{}}},"pendingPreKey":{"signedKeyId":7,"baseKey":"Bcfe3x66AMR7Mkv+uhPZyWWel92suUj84mwucCe3MTMi","preKeyId":6830905}}},"version":"v1"}