{"_sessions":{"BbsK1evOIXVdOfoMgeHRnpWYkFELvsBoS8tkJPau82tU":{"registrationId":859122156,"currentRatchet":{"ephemeralKeyPair":{"pubKey":"BVhOtLfH5QDSjcZ5h6rsxQ+OteSfy9rzygw8b3+9mmZ8","privKey":"QMH/0R4jbOIwMEnWT0abyW0jVn5sZKy5Y8BryCur3F4="},"lastRemoteEphemeralKey":"BfVibf6znZIgrDSCB9j4RlTD9H2zUOgyZWxLW4t+lhh7","previousCounter":0,"rootKey":"iU9dttQ3uuIdq4EpNMsYKKoTPCpcECrMlB6Gra3FX70="},"indexInfo":{"baseKey":"BbsK1evOIXVdOfoMgeHRnpWYkFELvsBoS8tkJPau82tU","baseKeyType":1,"closed":-1,"used":1746612488521,"created":1746612488521,"remoteIdentityKey":"BfvIm+z1murKcYUD3GGaYlbMKHo+8b+C20gAgWboz0xW"},"_chains":{"BVhOtLfH5QDSjcZ5h6rsxQ+OteSfy9rzygw8b3+9mmZ8":{"chainKey":{"counter":4,"key":"2bzl7WHBISXDIMECbSUU5K3PLb7BLjtaZHIRTQSk27E="},"chainType":1,"messageKeys":{}}},"pendingPreKey":{"signedKeyId":2,"baseKey":"BbsK1evOIXVdOfoMgeHRnpWYkFELvsBoS8tkJPau82tU","preKeyId":2248947}}},"version":"v1"}