{"_sessions":{"BZH+Tr0Y5umZC8pboJRnxynQL5xh645LkXUvy17VF9l8":{"registrationId":289254194,"currentRatchet":{"ephemeralKeyPair":{"pubKey":"BdDQIniL/Uo2P02b/TOlZR0lzcUQ8dY+ckkqBR7dLxRb","privKey":"cAbRbYCCXVH50hrfrMdaUK2nlzpTXQtaKiWOaWQxC0g="},"lastRemoteEphemeralKey":"BSaiopuAGshbcrexfvwRGUmQiJYZdrEyCSJSkCPHrIJu","previousCounter":0,"rootKey":"wMPoTdDGAfCx08cjKp9/rNmDq1nvupFvQrvlDo6DuNs="},"indexInfo":{"baseKey":"BZH+Tr0Y5umZC8pboJRnxynQL5xh645LkXUvy17VF9l8","baseKeyType":1,"closed":-1,"used":1746612497155,"created":1746612497155,"remoteIdentityKey":"BbaDDrTs9km8XBUiwwVJ9WgymJGRTQD0bRxsXwVqR5he"},"_chains":{"BdDQIniL/Uo2P02b/TOlZR0lzcUQ8dY+ckkqBR7dLxRb":{"chainKey":{"counter":4,"key":"R3YDF43OUEp558X4YmKLhGyN+JuWQB83rAcqeOzStdo="},"chainType":1,"messageKeys":{}}},"pendingPreKey":{"signedKeyId":10,"baseKey":"BZH+Tr0Y5umZC8pboJRnxynQL5xh645LkXUvy17VF9l8"}}},"version":"v1"}