{"_sessions":{"BQAswmAKsBgyEK+f5+PBgV54NFlhqbvKPA0HTdCfnL5G":{"registrationId":1059851156,"currentRatchet":{"ephemeralKeyPair":{"pubKey":"BW8+NqBRK9/13M6ODC/UelAs/Ii6OyyHo3KoK1Lq0cQF","privKey":"CMA8eJyxVT5CRCF2GrWAY8OWaFCCl7GVXAF1DBzgG2U="},"lastRemoteEphemeralKey":"BQY0Uqv4rjw0lRiOL/r6p+JkvUn1sa9J3TCGwy1peENU","previousCounter":0,"rootKey":"jcjEDoY9Oru+FeoO/1QU09xMCDUof9Hz8Q7Qq7UWyJM="},"indexInfo":{"baseKey":"BQAswmAKsBgyEK+f5+PBgV54NFlhqbvKPA0HTdCfnL5G","baseKeyType":1,"closed":-1,"used":1746627557973,"created":1746627350961,"remoteIdentityKey":"BV0d+H9PIwvNs7exsH2hBeIfNQ9GF2QBJ+IiF/jvmdML"},"_chains":{"BQY0Uqv4rjw0lRiOL/r6p+JkvUn1sa9J3TCGwy1peENU":{"chainKey":{"counter":0,"key":"LV/+lX6/WJJt+qAu1AA75YpBCcuYjVsi7FMm3yentyk="},"chainType":2,"messageKeys":{}},"BW8+NqBRK9/13M6ODC/UelAs/Ii6OyyHo3KoK1Lq0cQF":{"chainKey":{"counter":-1,"key":"Y/tV5OljZ90XGEeTbU2qUWVXXsJ/r3c2w8pQAtRR410="},"chainType":1,"messageKeys":{}}}}},"version":"v1"}