{"_sessions":{"BZmZnmxbbkIpoTW3rJVqMOezbB1egTk98Hch7li8/M8w":{"registrationId":1239361665,"currentRatchet":{"ephemeralKeyPair":{"pubKey":"BRUTac+jFCuC94F0h54IWpnUhOpzXuKOZV/TXrEO4Jdd","privKey":"QA6eBm5riX3kZNeD17t27Qg9BKta6L4Bl7LoeBgX2Fc="},"lastRemoteEphemeralKey":"BdLsmMpoYYQ7Oi2gieKdlXvBiopyicmlryHhWsLEm+8D","previousCounter":0,"rootKey":"E4breM+GlHtRCiHejYshE1ni6JQTCp1ee00OejllWHc="},"indexInfo":{"baseKey":"BZmZnmxbbkIpoTW3rJVqMOezbB1egTk98Hch7li8/M8w","baseKeyType":1,"closed":1746627465766,"used":1746612492819,"created":1746612492819,"remoteIdentityKey":"BQaoKB8aYS7kMhcoyuko7nFfhpKrvG4QU40r0QOrI1w2"},"_chains":{"BRUTac+jFCuC94F0h54IWpnUhOpzXuKOZV/TXrEO4Jdd":{"chainKey":{"counter":2,"key":"Ll3g8S6XsyNif3oyhBplONoyvRIwArsAETHj4caBhT4="},"chainType":1,"messageKeys":{}}},"pendingPreKey":{"signedKeyId":9,"baseKey":"BZmZnmxbbkIpoTW3rJVqMOezbB1egTk98Hch7li8/M8w","preKeyId":14823508}},"BcDwf262lKIfv6tJJz8WwCwsLDRtbvDvQefluXVB0w0K":{"registrationId":1239361665,"currentRatchet":{"ephemeralKeyPair":{"pubKey":"BX77x+6UqCkAl0dnpguC+N61RahU4e2Og/kLFQbI7TIp","privKey":"OATeatFSp6fKAr3SeY6+NBdv1hZfuINhVjI9SH0M40k="},"lastRemoteEphemeralKey":"BdLsmMpoYYQ7Oi2gieKdlXvBiopyicmlryHhWsLEm+8D","previousCounter":0,"rootKey":"VUxCv42PXe7ULvkrHHaIviZdj+EPb0+Mmdb96vAdEJQ="},"indexInfo":{"baseKey":"BcDwf262lKIfv6tJJz8WwCwsLDRtbvDvQefluXVB0w0K","baseKeyType":1,"closed":1746627466378,"used":1746627465753,"created":1746627465753,"remoteIdentityKey":"BQaoKB8aYS7kMhcoyuko7nFfhpKrvG4QU40r0QOrI1w2"},"_chains":{"BX77x+6UqCkAl0dnpguC+N61RahU4e2Og/kLFQbI7TIp":{"chainKey":{"counter":-1,"key":"w0cFPzb41INbPDRSdGlKlcQRPf62MlCneax45mYVtiU="},"chainType":1,"messageKeys":{}}},"pendingPreKey":{"signedKeyId":9,"baseKey":"BcDwf262lKIfv6tJJz8WwCwsLDRtbvDvQefluXVB0w0K","preKeyId":14824357}},"BbJzSpnK9HgJbsjocljhVeoC7qyAnlIyth9MxiQ/vXIi":{"registrationId":1239361665,"currentRatchet":{"ephemeralKeyPair":{"pubKey":"BSrdjQzUIPyRrQJ2jdw4HqCLg2FH1yGE9WHh6wqGT/BA","privKey":"oG7G/5pkTvYJuxgefup1VHPPo9SVlZzc9Iz8RZRtU00="},"lastRemoteEphemeralKey":"BdLsmMpoYYQ7Oi2gieKdlXvBiopyicmlryHhWsLEm+8D","previousCounter":0,"rootKey":"QBaQKEKnbdMiJQZvnUf52RVVfZooXq3r47djj9IGKNw="},"indexInfo":{"baseKey":"BbJzSpnK9HgJbsjocljhVeoC7qyAnlIyth9MxiQ/vXIi","baseKeyType":1,"closed":1746627466941,"used":1746627466374,"created":1746627466374,"remoteIdentityKey":"BQaoKB8aYS7kMhcoyuko7nFfhpKrvG4QU40r0QOrI1w2"},"_chains":{"BSrdjQzUIPyRrQJ2jdw4HqCLg2FH1yGE9WHh6wqGT/BA":{"chainKey":{"counter":-1,"key":"3cXxx1hi++Trh3EeVF5YD/tUCYcrp+Ayg7h4aTtigD0="},"chainType":1,"messageKeys":{}}},"pendingPreKey":{"signedKeyId":9,"baseKey":"BbJzSpnK9HgJbsjocljhVeoC7qyAnlIyth9MxiQ/vXIi","preKeyId":14824853}},"BWvxP6+npwPyxIU2x0bG479riuk8gPT2tF7f7EKw4dVI":{"registrationId":1239361665,"currentRatchet":{"ephemeralKeyPair":{"pubKey":"Bd8oLdDQLWcC9x+RRT393+tJpwjSJqIG5uQOg9F6VWll","privKey":"GJHXV2RkhyJ7it2UbVR1GJsA6+/0NlJEhqTJrWUSKkw="},"lastRemoteEphemeralKey":"BdLsmMpoYYQ7Oi2gieKdlXvBiopyicmlryHhWsLEm+8D","previousCounter":0,"rootKey":"hqR2WKvbL19tSFAIVCyU/J+qW/QNHd/FTJ/wTLzP4Nc="},"indexInfo":{"baseKey":"BWvxP6+npwPyxIU2x0bG479riuk8gPT2tF7f7EKw4dVI","baseKeyType":1,"closed":-1,"used":1746627466938,"created":1746627466938,"remoteIdentityKey":"BQaoKB8aYS7kMhcoyuko7nFfhpKrvG4QU40r0QOrI1w2"},"_chains":{"Bd8oLdDQLWcC9x+RRT393+tJpwjSJqIG5uQOg9F6VWll":{"chainKey":{"counter":1,"key":"4bt33gUciOSY7+mu7ukkdRYVN8PMLOosiRuXhGeP5Mg="},"chainType":1,"messageKeys":{}}},"pendingPreKey":{"signedKeyId":9,"baseKey":"BWvxP6+npwPyxIU2x0bG479riuk8gPT2tF7f7EKw4dVI","preKeyId":14824352}}},"version":"v1"}