{"_sessions":{"BbmdktC4FDpqva3Jk1IF1M48umjn5yQZyg0Dib0c1m0m":{"registrationId":830668233,"currentRatchet":{"ephemeralKeyPair":{"pubKey":"BW/rJM3ZWNoNypib/JQc+watse2PFuVP6/fqq3MX7Elt","privKey":"+M0x4Y/rhqVrBOq78kLjEvHp93lAiSReO6bkWohDIUk="},"lastRemoteEphemeralKey":"BY3Q1ooHX78xL9qCJu+b71cSz3dfYk0OEbsp0E4mRlxG","previousCounter":0,"rootKey":"BNfR074Rli/0XEX9t1eCj6PPdnyaU+mi2I0koNG0yBw="},"indexInfo":{"baseKey":"BbmdktC4FDpqva3Jk1IF1M48umjn5yQZyg0Dib0c1m0m","baseKeyType":1,"closed":-1,"used":1746612497086,"created":1746612497086,"remoteIdentityKey":"Bciut5qDqA4uGioE6rOEWLjICXWIsmPtPSCLvHmH4flx"},"_chains":{"BW/rJM3ZWNoNypib/JQc+watse2PFuVP6/fqq3MX7Elt":{"chainKey":{"counter":4,"key":"qd+OhHjM+Jvs1UYJBzDcmJEZM5/+TA8+QbfdXvZg8ek="},"chainType":1,"messageKeys":{}}},"pendingPreKey":{"signedKeyId":1,"baseKey":"BbmdktC4FDpqva3Jk1IF1M48umjn5yQZyg0Dib0c1m0m","preKeyId":713226}}},"version":"v1"}