{"_sessions":{"BfU3gHgQbCfW4CyIDOLrimlDINzKc+EmXxg5gGKOtIhJ":{"registrationId":512567813,"currentRatchet":{"ephemeralKeyPair":{"pubKey":"BXKv5mkv4ZBTgefhAExdfwD8gdXlehcKQqYUx+67yOlM","privKey":"iAF/sXgQg9a/JMl8XXWXNEE5YVd68zjaQvG0IPvkqWY="},"lastRemoteEphemeralKey":"BfbYqXlLeFQYD/D9Y92FM7YLfMx6fJWKnxpnaESsyIgc","previousCounter":0,"rootKey":"YP8T5pChESYiU2FBOaSHkDfkFjzq5zs8JJBuwenKFVo="},"indexInfo":{"baseKey":"BfU3gHgQbCfW4CyIDOLrimlDINzKc+EmXxg5gGKOtIhJ","baseKeyType":1,"closed":-1,"used":1746612493127,"created":1746612493127,"remoteIdentityKey":"BebE+3loxx78e5xPwmDeka8K6KFTBxh+rlJ7WBKJ1m9O"},"_chains":{"BXKv5mkv4ZBTgefhAExdfwD8gdXlehcKQqYUx+67yOlM":{"chainKey":{"counter":4,"key":"Z3Zr2X8WO2YB3vUkc4lRq6Hr6yXVCoArqT45ecsl1mo="},"chainType":1,"messageKeys":{}}},"pendingPreKey":{"signedKeyId":10,"baseKey":"BfU3gHgQbCfW4CyIDOLrimlDINzKc+EmXxg5gGKOtIhJ","preKeyId":2212445}}},"version":"v1"}