{"_sessions":{"BYRMqZrdL20qCIqr1ZOYXRhLMz7vXV3TkzbLG4Z5Py9B":{"registrationId":1802136291,"currentRatchet":{"ephemeralKeyPair":{"pubKey":"BVpgMg05XIDEHUVOtGOvbtBOK7C0/QxypN2r9Q5ntwpF","privKey":"IKx1R3SFWSYyFO2iee45a8d2QWIsM7JBJx8hT991xE0="},"lastRemoteEphemeralKey":"BbYZF6bVCzPYM2sAKU6zJxH+p7H6B5cPaWwFALTn/I50","previousCounter":0,"rootKey":"VXfXnLN+xWLLYPBmVASK013O5r/Y/bdsxy0fN5GcwA4="},"indexInfo":{"baseKey":"BYRMqZrdL20qCIqr1ZOYXRhLMz7vXV3TkzbLG4Z5Py9B","baseKeyType":1,"closed":-1,"used":1746612488824,"created":1746612488824,"remoteIdentityKey":"BZaUahR56e89/NyKbM1zMGBimtiHdu+2OhanQp6WLsM9"},"_chains":{"BVpgMg05XIDEHUVOtGOvbtBOK7C0/QxypN2r9Q5ntwpF":{"chainKey":{"counter":4,"key":"T+nlq3p94kJci8wzcaU5UPXRD3nmwAuTIACDMbE9eao="},"chainType":1,"messageKeys":{}}},"pendingPreKey":{"signedKeyId":1,"baseKey":"BYRMqZrdL20qCIqr1ZOYXRhLMz7vXV3TkzbLG4Z5Py9B","preKeyId":11170756}}},"version":"v1"}