{"_sessions":{"BWXpzyP3Le9dKJ31dfFn9Np4N85MbVHQLeBevrkzFuxX":{"registrationId":47,"currentRatchet":{"ephemeralKeyPair":{"pubKey":"BYx9uRRu7DODKaDxprbKEtY72bj5rfMv3b9mJOUnAfx7","privKey":"OGs2ihLVL2ceJS5M/KwsCOHc4CigooOhOf/g5DPMhGk="},"lastRemoteEphemeralKey":"BTfupQzVqNrqsheezK4LjwaP5Lulf4lAWT9IKswfwy1B","previousCounter":0,"rootKey":"LgEwjKeKPaukae5uQnjPbadFroTJgOVQSpR/hBrVx3g="},"indexInfo":{"baseKey":"BWXpzyP3Le9dKJ31dfFn9Np4N85MbVHQLeBevrkzFuxX","baseKeyType":1,"closed":-1,"used":1746612488505,"created":1746612488505,"remoteIdentityKey":"BWaMIFHIArh6I1C0+uo0osCr6Rifov7yq1s428kY5QkV"},"_chains":{"BYx9uRRu7DODKaDxprbKEtY72bj5rfMv3b9mJOUnAfx7":{"chainKey":{"counter":4,"key":"3jvxrBWwFpJ4gcBAzA0b/uDvpHzjXJxlc6eQqJMC8DE="},"chainType":1,"messageKeys":{}}},"pendingPreKey":{"signedKeyId":1,"baseKey":"BWXpzyP3Le9dKJ31dfFn9Np4N85MbVHQLeBevrkzFuxX"}}},"version":"v1"}