{"_sessions":{"BT8W75uo+KEItV47raD/1t6Ec9oNYiimITB/Ls7RZ0oi":{"registrationId":1155626797,"currentRatchet":{"ephemeralKeyPair":{"pubKey":"Bd6+c+L/Y/fDC9T1/r0QCxvGS5+mWrbwk/Vl0VN70wl5","privKey":"iFFXBijPzKM11D/DX+q2Vw5q9wuu4zYRF2d7v7dZzEs="},"lastRemoteEphemeralKey":"BfwLbHHnjb5J7l7cVgLjHz3DxVHkssYuu2HnUsr4PM9L","previousCounter":0,"rootKey":"U6a9AjNjkL5icGYxv6BM6QWZFAbEsJHlpw5BI+hnazA="},"indexInfo":{"baseKey":"BT8W75uo+KEItV47raD/1t6Ec9oNYiimITB/Ls7RZ0oi","baseKeyType":1,"closed":-1,"used":1746612496888,"created":1746612496888,"remoteIdentityKey":"BV+O8mhwakiXFgc4sDWnoXDtkCUTVsHRSpQ6yF737msY"},"_chains":{"Bd6+c+L/Y/fDC9T1/r0QCxvGS5+mWrbwk/Vl0VN70wl5":{"chainKey":{"counter":4,"key":"nvBC1hOMW0uV1KNn3jSPNEibeJi00U0rfWhGG4vlHSk="},"chainType":1,"messageKeys":{}}},"pendingPreKey":{"signedKeyId":5,"baseKey":"BT8W75uo+KEItV47raD/1t6Ec9oNYiimITB/Ls7RZ0oi","preKeyId":5729327}}},"version":"v1"}