{"_sessions":{"BVHF+o3oUON5vHCmF8A/4okDNw2ae60/IyFh/ABfsAt1":{"registrationId":1714587869,"currentRatchet":{"ephemeralKeyPair":{"pubKey":"BZSnYw5LwvoER0ZYu0e/fedN3RTs2osyf0NKOtUEgn9b","privKey":"eIucpz/OtNl5WaflvF7JtiewIaPHdyVtuM+OMCValk0="},"lastRemoteEphemeralKey":"BSTBt/YkmQ6+P65XPUXmPqzecbJy0MvpjYRzSs1EouNI","previousCounter":0,"rootKey":"H8PzbYXXAT5UZ+tBueoov6mLboh8VqjyIrkuKx5d4ws="},"indexInfo":{"baseKey":"BVHF+o3oUON5vHCmF8A/4okDNw2ae60/IyFh/ABfsAt1","baseKeyType":1,"closed":-1,"used":1746627351634,"created":1746627351634,"remoteIdentityKey":"BVc80Wjzx7nI+NTRfYDi5R+Ek+P8NNTGxY7QciWSaWQv"},"_chains":{"BZSnYw5LwvoER0ZYu0e/fedN3RTs2osyf0NKOtUEgn9b":{"chainKey":{"counter":0,"key":"dkdkV0JEd8FxZ/TtQy0MEjWLnI+lXizEWiPG5QTUCfY="},"chainType":1,"messageKeys":{}}},"pendingPreKey":{"signedKeyId":22,"baseKey":"BVHF+o3oUON5vHCmF8A/4okDNw2ae60/IyFh/ABfsAt1","preKeyId":736854}}},"version":"v1"}