{"_sessions":{"Bayiekr4D0scBDKgjn+kWMJqH2EKXIYihUNgW2kI7BgO":{"registrationId":1042694973,"currentRatchet":{"ephemeralKeyPair":{"pubKey":"Bc4V2wLNpY0IqOpXPgHEj7mvbp1UEcyQCjNgmrY1VPNz","privKey":"ABKDiUTTWjYurZVjCT4MbmFvJ3gGuxrnGT8tP4Tpr1U="},"lastRemoteEphemeralKey":"BdtB3pvdq3CjF4wFgmAg085s5uauKrIaOSOotHyRRuc8","previousCounter":0,"rootKey":"I0Rl7NZHkxjP8DGcZ+6josBNc4e8dAi7Qkc2TaZmIFs="},"indexInfo":{"baseKey":"Bayiekr4D0scBDKgjn+kWMJqH2EKXIYihUNgW2kI7BgO","baseKeyType":1,"closed":-1,"used":1746612496941,"created":1746612496941,"remoteIdentityKey":"BQWxG7JwksLYWe5LKMt2wYXXLaFwAhYfaG/fsCeZcSNf"},"_chains":{"Bc4V2wLNpY0IqOpXPgHEj7mvbp1UEcyQCjNgmrY1VPNz":{"chainKey":{"counter":4,"key":"wuPgdTrphBQ4Vh+ty7DtCiQ8qvfCJjexQtP9cEGuXps="},"chainType":1,"messageKeys":{}}},"pendingPreKey":{"signedKeyId":2,"baseKey":"Bayiekr4D0scBDKgjn+kWMJqH2EKXIYihUNgW2kI7BgO","preKeyId":16615512}}},"version":"v1"}