{"_sessions":{"BVTbmGUcnmiHfBHGhk1DjI+wVnokfn4eLLGplx9Bkskb":{"registrationId":2111610554,"currentRatchet":{"ephemeralKeyPair":{"pubKey":"BY2hllMSJBc5r3bQ4SZsPeYqIaRFHbJK7D9vZGyy0Wsy","privKey":"mB+jiYTaMsf1YNX5dR+5MSu/kvCOhPjJAIf7BONGOUw="},"lastRemoteEphemeralKey":"BUMvHAeTLue8cFxglv1OX2/7JzxW/4hX0rgajPBAFWUk","previousCounter":0,"rootKey":"lCOo9LbyI8Hyq0+8oyC4p1HDK9SG8YiTrQJ35IqFq8A="},"indexInfo":{"baseKey":"BVTbmGUcnmiHfBHGhk1DjI+wVnokfn4eLLGplx9Bkskb","baseKeyType":1,"closed":-1,"used":1746612497054,"created":1746612497054,"remoteIdentityKey":"BXWVSduNCs3EXMIgxQ7Ba83XKB60szlrGKQxC5VnkxFi"},"_chains":{"BY2hllMSJBc5r3bQ4SZsPeYqIaRFHbJK7D9vZGyy0Wsy":{"chainKey":{"counter":4,"key":"EJn7QI+yWjiF6qypT42iLdaXpiQMrKuRbL6rJecsA5g="},"chainType":1,"messageKeys":{}}},"pendingPreKey":{"signedKeyId":0,"baseKey":"BVTbmGUcnmiHfBHGhk1DjI+wVnokfn4eLLGplx9Bkskb","preKeyId":14943883}}},"version":"v1"}