{"_sessions":{"BetjWrMCRWCcOi8Wu5ZZlF8Kpe6fjEJg3qI58kY8SQUE":{"registrationId":11101,"currentRatchet":{"ephemeralKeyPair":{"pubKey":"BbNaXfAwrJuWDrpMNs/KMwjcZpsz2AlhA0wZ2x27vmIG","privKey":"CCMzO9Y+IyQXcJTMObvhAOhy5Rct4Wpr1tu+jrV9tXk="},"lastRemoteEphemeralKey":"BSNu4WYpkLjmb1+ocpKSaSHZDWXEL8D5NtIDJpjKt8Qa","previousCounter":0,"rootKey":"XzcWwZJoP97wlXGP6w4cjBaeiFlqzIKatnusaeWof9k="},"indexInfo":{"baseKey":"BetjWrMCRWCcOi8Wu5ZZlF8Kpe6fjEJg3qI58kY8SQUE","baseKeyType":1,"closed":-1,"used":1746612488381,"created":1746612488381,"remoteIdentityKey":"BUhuQFX88RhMdZr0WvQEI7CR6l/gkRBm3sDQ5om+ocYl"},"_chains":{"BbNaXfAwrJuWDrpMNs/KMwjcZpsz2AlhA0wZ2x27vmIG":{"chainKey":{"counter":4,"key":"aoyajXxAapnO563WPneqwmjBQPwfSXEUFMLiKcx1xh0="},"chainType":1,"messageKeys":{}}},"pendingPreKey":{"signedKeyId":0,"baseKey":"BetjWrMCRWCcOi8Wu5ZZlF8Kpe6fjEJg3qI58kY8SQUE","preKeyId":1963570}}},"version":"v1"}