{"_sessions":{"BSLNqd4DUN8xTbn4KKbz8wF5Wv5MsaE+1I3mOrQ3foMT":{"registrationId":894473881,"currentRatchet":{"ephemeralKeyPair":{"pubKey":"BWYIrvAcLMMwRa3UHrqgZ+TUhZxJTbzri/GoICKocsVy","privKey":"MPbTaVCiK9NDywC+6RRzEfra99LGW6lfM9aoKZS3MVQ="},"lastRemoteEphemeralKey":"BRoOJWWAncgEr7BIP+CQI7CqaLHCkb0r2bpN9UOIOphk","previousCounter":0,"rootKey":"A5kvdBu9DZGflv74u14ZdDqDNRPtxjW70e6yG5k0/U4="},"indexInfo":{"baseKey":"BSLNqd4DUN8xTbn4KKbz8wF5Wv5MsaE+1I3mOrQ3foMT","baseKeyType":1,"closed":-1,"used":1746612496935,"created":1746612496935,"remoteIdentityKey":"BcrYsShkwsVpLk3k8dwplSp+KYidQq3cgpJ74eAhImNO"},"_chains":{"BWYIrvAcLMMwRa3UHrqgZ+TUhZxJTbzri/GoICKocsVy":{"chainKey":{"counter":4,"key":"sHdgftnlv43cTDOanN9xD3MJldcDAysrPcwSlISyeZw="},"chainType":1,"messageKeys":{}}},"pendingPreKey":{"signedKeyId":2,"baseKey":"BSLNqd4DUN8xTbn4KKbz8wF5Wv5MsaE+1I3mOrQ3foMT","preKeyId":13114251}}},"version":"v1"}