{"_sessions":{"Baf9vZWVYPFiCImhBtIIkID9aAdh+OpGhwuGoYxp2wAW":{"registrationId":2092851570,"currentRatchet":{"ephemeralKeyPair":{"pubKey":"BfqXNi7k9fEFsWuwT30Cuz2mr+WXEWpFNWNS2M2NTfgs","privKey":"CLsJpnFUAYbUzVZt15iFx9fQeVgu2/MZ7gg+Y+VLsn8="},"lastRemoteEphemeralKey":"BUCaR/R056bexNTh0EZY42vgJpAGndPgAHorvn0x1tsY","previousCounter":0,"rootKey":"kQ0fogaN+sYxBl3Em9lvNavlWjkGGdFe/nWrc3p8mPA="},"indexInfo":{"baseKey":"Baf9vZWVYPFiCImhBtIIkID9aAdh+OpGhwuGoYxp2wAW","baseKeyType":1,"closed":-1,"used":1746612497302,"created":1746612497302,"remoteIdentityKey":"Ba3H/L1AjfPi6xGdIMmET9SgaSlI2r49AJwT425hiqkB"},"_chains":{"BfqXNi7k9fEFsWuwT30Cuz2mr+WXEWpFNWNS2M2NTfgs":{"chainKey":{"counter":4,"key":"Vp9hGcQQyNVJWnn9EFpbYjv3PfGk9T1F3Q2PIywFN8s="},"chainType":1,"messageKeys":{}}},"pendingPreKey":{"signedKeyId":4,"baseKey":"Baf9vZWVYPFiCImhBtIIkID9aAdh+OpGhwuGoYxp2wAW","preKeyId":11679616}}},"version":"v1"}