{"_sessions":{"BVQUMzXVvEy9W342c9GVpQqPRy0P9LwAG4LCbX0sggJP":{"registrationId":1285823727,"currentRatchet":{"ephemeralKeyPair":{"pubKey":"Baam5PuCn0B/oEHdIxQ8FYu8lnrfjQ3EGzbHo6aRqOkF","privKey":"WEYaSF1Fsewfa8edt74Q3hUJ47+4C7+11F/9OCMlJmk="},"lastRemoteEphemeralKey":"BTx/09L/KYVm8niCFDotQO7167Rvsf2Xo4Wkn2LOUp4X","previousCounter":0,"rootKey":"7LxIVRNN+ouWYYhsxXhUEi14PgnemiFHw9x1KYhnInM="},"indexInfo":{"baseKey":"BVQUMzXVvEy9W342c9GVpQqPRy0P9LwAG4LCbX0sggJP","baseKeyType":1,"closed":1746627382451,"used":1746627362529,"created":1746627362529,"remoteIdentityKey":"BV1TAes5FYj4BVKsZw6zvKkazI15jjV83x+YEr8+h3AN"},"_chains":{"Baam5PuCn0B/oEHdIxQ8FYu8lnrfjQ3EGzbHo6aRqOkF":{"chainKey":{"counter":0,"key":"mHbFdpiO735ist4pEDhy7+WRRKyVibSVYMcuAsLlOAE="},"chainType":1,"messageKeys":{}}},"pendingPreKey":{"signedKeyId":3,"baseKey":"BVQUMzXVvEy9W342c9GVpQqPRy0P9LwAG4LCbX0sggJP","preKeyId":12662528}},"BVyngDVTtRZqqFpzmnW0UlSKCkb2Ew9pZzSr9knnzn4/":{"registrationId":1285823727,"currentRatchet":{"ephemeralKeyPair":{"pubKey":"BZJhE50yzz71pzYpDgL9uusPXNU96UP9vKMNpZutww1r","privKey":"mGfuM+WizV+pdaw8+cqQfxPdFBCcZ/KiQKAUKag51UU="},"lastRemoteEphemeralKey":"BTx/09L/KYVm8niCFDotQO7167Rvsf2Xo4Wkn2LOUp4X","previousCounter":0,"rootKey":"DUpRlMKxHcKZ2amGQVbiyWTb9dhcAnUo10CXa4Sd30E="},"indexInfo":{"baseKey":"BVyngDVTtRZqqFpzmnW0UlSKCkb2Ew9pZzSr9knnzn4/","baseKeyType":1,"closed":1746627404908,"used":1746627381928,"created":1746627381928,"remoteIdentityKey":"BV1TAes5FYj4BVKsZw6zvKkazI15jjV83x+YEr8+h3AN"},"_chains":{"BZJhE50yzz71pzYpDgL9uusPXNU96UP9vKMNpZutww1r":{"chainKey":{"counter":0,"key":"xfxI6UN14uDNlJSSo7cKxE4SvedBQyOEETKxfMc+w74="},"chainType":1,"messageKeys":{}}},"pendingPreKey":{"signedKeyId":3,"baseKey":"BVyngDVTtRZqqFpzmnW0UlSKCkb2Ew9pZzSr9knnzn4/","preKeyId":12662726}},"BW5xPuazPzhSaRVJ+lPS2dexLsZr8MQZyQ+11UWSqQMR":{"registrationId":1285823727,"currentRatchet":{"ephemeralKeyPair":{"pubKey":"BbZngfhrL/UB+1LBm2c83UUKveTyAmwqxy6l32RQRIU5","privKey":"MIpzv/4RHl+vjjUIE6VCik6Ob2FnxlUG/Oa4GX7QVFY="},"lastRemoteEphemeralKey":"BTx/09L/KYVm8niCFDotQO7167Rvsf2Xo4Wkn2LOUp4X","previousCounter":0,"rootKey":"dqAXrhiiDfm3YhED3/f79Yr7fdX2sXBG5HC5MqBHwVw="},"indexInfo":{"baseKey":"BW5xPuazPzhSaRVJ+lPS2dexLsZr8MQZyQ+11UWSqQMR","baseKeyType":1,"closed":-1,"used":1746627404697,"created":1746627404697,"remoteIdentityKey":"BV1TAes5FYj4BVKsZw6zvKkazI15jjV83x+YEr8+h3AN"},"_chains":{"BbZngfhrL/UB+1LBm2c83UUKveTyAmwqxy6l32RQRIU5":{"chainKey":{"counter":3,"key":"jpFZ29VwcnWS6kWSXfOhw5DdDNFXiUcYx1ODGOjur+Y="},"chainType":1,"messageKeys":{}}},"pendingPreKey":{"signedKeyId":3,"baseKey":"BW5xPuazPzhSaRVJ+lPS2dexLsZr8MQZyQ+11UWSqQMR","preKeyId":12662103}}},"version":"v1"}