{"_sessions":{"BZJn+AgOPwz98o1x5geGiqTXkIv437IwK3Mz5HU4t/9q":{"registrationId":618570668,"currentRatchet":{"ephemeralKeyPair":{"pubKey":"Beb6V8dT1RydyXk5xdiHytPDo4t+PwvH//8KX9erymFS","privKey":"eOJDHAE16BBgwr6fdxWMJDBmjz1YmE95c346e2ToHFo="},"lastRemoteEphemeralKey":"BWa/d8MjNlWevx1Avh2/zaWo9/e4BSPYwa2tOBkjWsto","previousCounter":0,"rootKey":"iSCr/nT22f4hp0hpnfFPm+b4e4dVQNFpXy5p4mo4hko="},"indexInfo":{"baseKey":"BZJn+AgOPwz98o1x5geGiqTXkIv437IwK3Mz5HU4t/9q","baseKeyType":1,"closed":-1,"used":1746612492746,"created":1746612492746,"remoteIdentityKey":"Be5A22nuNd0uthX5o/uB7F9vXqDnrtZQIcwu+KDHtrlJ"},"_chains":{"Beb6V8dT1RydyXk5xdiHytPDo4t+PwvH//8KX9erymFS":{"chainKey":{"counter":4,"key":"Hxy9pVhO4OzC7W+Bu29EUIW8vOm2DyebkCpBSa1Jko4="},"chainType":1,"messageKeys":{}}},"pendingPreKey":{"signedKeyId":1,"baseKey":"BZJn+AgOPwz98o1x5geGiqTXkIv437IwK3Mz5HU4t/9q","preKeyId":1965945}}},"version":"v1"}