{"_sessions":{"BdMPG9pnA03prKWQtQr3mctwaMT1fdFblh49lOk9XeJx":{"registrationId":103627309,"currentRatchet":{"ephemeralKeyPair":{"pubKey":"BXL0TjTA6mlhfbPXc9rmXY5MEr7pFU/fJaKxMzowNf0k","privKey":"IE7abrYoaRVKtZjrXP0L6zGL814eWd2RbURQzhn+BEU="},"lastRemoteEphemeralKey":"BcQv+W+zbGTN28ehNtxCAdJLwU9XQsWrd54PVGa+K+R3","previousCounter":0,"rootKey":"YhCpRT64seG01xLZ3/jegY8FMcMBzwRidLp/Cwej9Hk="},"indexInfo":{"baseKey":"BdMPG9pnA03prKWQtQr3mctwaMT1fdFblh49lOk9XeJx","baseKeyType":1,"closed":-1,"used":1746612497048,"created":1746612497048,"remoteIdentityKey":"BUU6pDqmo9kaTKL4cL23cu7q7lVE3XT3UEdEK7dMHKAp"},"_chains":{"BXL0TjTA6mlhfbPXc9rmXY5MEr7pFU/fJaKxMzowNf0k":{"chainKey":{"counter":4,"key":"j6zfPfiNVvZ9OAqBECzrrIoQcg/kVfRydJQHvNYTkSI="},"chainType":1,"messageKeys":{}}},"pendingPreKey":{"signedKeyId":17,"baseKey":"BdMPG9pnA03prKWQtQr3mctwaMT1fdFblh49lOk9XeJx","preKeyId":16319681}}},"version":"v1"}