{"_sessions":{"BbnM7xIvvAbvvUH6HhkJXQujp7LPMoVapWg9txHJ21gF":{"registrationId":683212693,"currentRatchet":{"ephemeralKeyPair":{"pubKey":"BQUN7cSBLrbFYwrByorDzxuPsrnJgfksXBcGPFd+0bFQ","privKey":"QKx5LnjrZ6MxBFaRZgLMid4vZH1YG0QvPrB70vXzOVY="},"lastRemoteEphemeralKey":"BTfYI9Tx2PGrl3RhCeHil2ZFp0AzKPUCimY+3sMtyUYa","previousCounter":0,"rootKey":"9tzgbJ9oNh5ca3lbRiZ29yjFXTrgsqWP8E9jMI0cU9Y="},"indexInfo":{"baseKey":"BbnM7xIvvAbvvUH6HhkJXQujp7LPMoVapWg9txHJ21gF","baseKeyType":1,"closed":-1,"used":1746612488897,"created":1746612488897,"remoteIdentityKey":"BWw0zEbSchuBZ0QBP+JFa2w7UFNTBm6ikebTTiiJo+Yy"},"_chains":{"BQUN7cSBLrbFYwrByorDzxuPsrnJgfksXBcGPFd+0bFQ":{"chainKey":{"counter":4,"key":"obTJTZGc4r7XTN3yYFbYPbhphET8XEyPkb7MbJJk/V8="},"chainType":1,"messageKeys":{}}},"pendingPreKey":{"signedKeyId":10,"baseKey":"BbnM7xIvvAbvvUH6HhkJXQujp7LPMoVapWg9txHJ21gF","preKeyId":11150880}}},"version":"v1"}