{"_sessions":{"BfqzboZc8djsIIBXMONm7NF+nB9bAAsd9Nt4PSRTSoki":{"registrationId":1206410652,"currentRatchet":{"ephemeralKeyPair":{"pubKey":"Bfyw8lWvw2EcED2NCNbFot+nJ2JD8aKNIxV5cu7mFmMk","privKey":"yMPGSAO1fnvwaYfijF/4q3WussrEdgpQZknUjuccU3U="},"lastRemoteEphemeralKey":"Bdn2g6YmdVkfXYFsYu918dFoGCeROi2wL1lfCFo1oOoB","previousCounter":0,"rootKey":"AVkzPg0cY0OBCVIInY4r+YX0I0Il2Nso3XdAoUUBugI="},"indexInfo":{"baseKey":"BfqzboZc8djsIIBXMONm7NF+nB9bAAsd9Nt4PSRTSoki","baseKeyType":1,"closed":-1,"used":1746627350786,"created":1746627350786,"remoteIdentityKey":"BUlXgEIa7ZKwDlkdrnQ1mSiSC4KyRc9p6SuvnIqMD9xx"},"_chains":{"Bfyw8lWvw2EcED2NCNbFot+nJ2JD8aKNIxV5cu7mFmMk":{"chainKey":{"counter":0,"key":"YRxnWR98UrJT76q4167GhdrFPPcLt9+Vwsvyh6syE/0="},"chainType":1,"messageKeys":{}}},"pendingPreKey":{"signedKeyId":4,"baseKey":"BfqzboZc8djsIIBXMONm7NF+nB9bAAsd9Nt4PSRTSoki","preKeyId":14638930}}},"version":"v1"}