{"_sessions":{"BT/fEdJ9ImDn90wOM6DatsU1XmOSwWcpJAdlG7+In6B4":{"registrationId":536571299,"currentRatchet":{"ephemeralKeyPair":{"pubKey":"BVF6h+e4AnWraMsAyyruNEqupnRjhKLYKQQS+m8v7Boq","privKey":"qHfqvQIsupHmA2nu4RiXz2XVpNNy9IKIgL0xWyjRsVA="},"lastRemoteEphemeralKey":"BdmFuTGjTnuH/73k8rV9hxdtaZN2PwwNSmphIxBX+/Jz","previousCounter":0,"rootKey":"+D5f612jdSfVEgrXxpqXH0LUu4GpkSBY6Phlp/POzj4="},"indexInfo":{"baseKey":"BT/fEdJ9ImDn90wOM6DatsU1XmOSwWcpJAdlG7+In6B4","baseKeyType":1,"closed":-1,"used":1746612493305,"created":1746612493305,"remoteIdentityKey":"BQcHZ7Gp9UsOzQxwmPW/aqy3lYbwSgtb57+JRunTrYF6"},"_chains":{"BVF6h+e4AnWraMsAyyruNEqupnRjhKLYKQQS+m8v7Boq":{"chainKey":{"counter":4,"key":"2x8a/TSpldKqYfb+4blWkT0LtdzWfDKsMXHW2DOjnnA="},"chainType":1,"messageKeys":{}}},"pendingPreKey":{"signedKeyId":9,"baseKey":"BT/fEdJ9ImDn90wOM6DatsU1XmOSwWcpJAdlG7+In6B4","preKeyId":11719441}}},"version":"v1"}