{"_sessions":{"BSxAXCBbAcWM4DFVA3W0jP45ZUhSbk8C1s075zTvnohx":{"registrationId":919074685,"currentRatchet":{"ephemeralKeyPair":{"pubKey":"Bbuxme4xDOV2NXB+nDkRUOl2VGsQVrfjHfOA2wnV5otp","privKey":"SFm/iKkp8SvOz/7YuEdTrwkX0tUNLQaENgGjTg+LsVw="},"lastRemoteEphemeralKey":"BU0BsC6fbOvpviY76JG/BTFkuATF8ui9muQLwVebc7Yn","previousCounter":0,"rootKey":"YAsDAROrVt0dK2WocpqKaWANPOzqn5yle+dNGof2AQU="},"indexInfo":{"baseKey":"BSxAXCBbAcWM4DFVA3W0jP45ZUhSbk8C1s075zTvnohx","baseKeyType":1,"closed":-1,"used":1746612492739,"created":1746612492739,"remoteIdentityKey":"BQ6f1aBufnxcUTXjwTLOYUit9fMh7ysv7rmwGTWys4ZN"},"_chains":{"Bbuxme4xDOV2NXB+nDkRUOl2VGsQVrfjHfOA2wnV5otp":{"chainKey":{"counter":4,"key":"DdoDgSMGBy8g3kEHwBvicfpbBlkcNtavdyf80cvKgis="},"chainType":1,"messageKeys":{}}},"pendingPreKey":{"signedKeyId":10,"baseKey":"BSxAXCBbAcWM4DFVA3W0jP45ZUhSbk8C1s075zTvnohx","preKeyId":9957763}}},"version":"v1"}