{"_sessions":{"BR70tIBWfgi9vJHslz0HxsLWkupXgayvjHuidgZpDmcG":{"registrationId":2129365011,"currentRatchet":{"ephemeralKeyPair":{"pubKey":"BTNHVF4sUCBW6lDuqpFqg3cCUl7l9woIWAq+NVn2EkZN","privKey":"uIJKRPvytTJgj79O79TgJIKLaLQ79Fpcq4dAXhiNREY="},"lastRemoteEphemeralKey":"BZwZhx7vn7uSO70jCDCwNYYlF/kBHEeMKGXWk/B5ItpP","previousCounter":0,"rootKey":"suu/8HRlqdKumDXFNoPXu92Pve1o9DZZyxV8yL5WDS0="},"indexInfo":{"baseKey":"BR70tIBWfgi9vJHslz0HxsLWkupXgayvjHuidgZpDmcG","baseKeyType":1,"closed":-1,"used":1746612488582,"created":1746612488582,"remoteIdentityKey":"BTfnF8n30D65/X1/0vWApktLr4LjAo2q787eJT+pRVtu"},"_chains":{"BTNHVF4sUCBW6lDuqpFqg3cCUl7l9woIWAq+NVn2EkZN":{"chainKey":{"counter":4,"key":"oo65R9re4JgiMiXaBAM7FW07FTnqnHEAUcaMzgXG93w="},"chainType":1,"messageKeys":{}}},"pendingPreKey":{"signedKeyId":1,"baseKey":"BR70tIBWfgi9vJHslz0HxsLWkupXgayvjHuidgZpDmcG"}}},"version":"v1"}