{"_sessions":{"BS+yHeoehNNfpASRGupBquuKZQpkvFTJTt9SIpVrWcwS":{"registrationId":1837277900,"currentRatchet":{"ephemeralKeyPair":{"pubKey":"BbD2zbfFPFGFoT7njL5ZARaG5QmzClKVQ8N4iZlUN91G","privKey":"2PxRHZYJNoSk3dZM9Ce/wT2W7/vmKrExr+7efJ7fonI="},"lastRemoteEphemeralKey":"BS+Szj6wOM2MnXzuF+DbTtwHvD0sXq3DZFC3qORoUX9V","previousCounter":2,"rootKey":"4o5O4Z6dKhaI/S/1PH81V1H7R5ZQ8WAk9uaq3wH4ocI="},"indexInfo":{"baseKey":"BS+yHeoehNNfpASRGupBquuKZQpkvFTJTt9SIpVrWcwS","baseKeyType":1,"closed":-1,"used":1746627465098,"created":1746612496953,"remoteIdentityKey":"BY9iqjFYsZDeSq7UCJubV0Xwc0/qCSh67md/m2CL25QL"},"_chains":{"BS+Szj6wOM2MnXzuF+DbTtwHvD0sXq3DZFC3qORoUX9V":{"chainKey":{"counter":0,"key":"1W50Kz5zSvpGNUdiPlDhcNyCbna19WbvtzShINHlj3E="},"chainType":2,"messageKeys":{}},"BbD2zbfFPFGFoT7njL5ZARaG5QmzClKVQ8N4iZlUN91G":{"chainKey":{"counter":1,"key":"f5ATJhoD4tVnGvt9vhxlo8n0MXEZlocSZqSqujSujo4="},"chainType":1,"messageKeys":{}}}}},"version":"v1"}