{"_sessions":{"Bepkg9h8XKMVZYYQdWJFdtBgYSkNTvQQqHSFYurbfEEb":{"registrationId":1909504243,"currentRatchet":{"ephemeralKeyPair":{"pubKey":"BcrZnnR3YdtXFKbDu/7BAZJl2LuWTLsXBMCsN73B/2o5","privKey":"6Muo/MBrT0kbG2E4JdpX16nSyeMFHa7AuG2MEMj6E0M="},"lastRemoteEphemeralKey":"BXmrkbRCH9YTadTKLHayr6oj3peqAcT9johRCU0WEWoF","previousCounter":0,"rootKey":"xqKb+Uid5QnXZWpImLcU/EzCWayxY2FkOLVMCP0G3I0="},"indexInfo":{"baseKey":"Bepkg9h8XKMVZYYQdWJFdtBgYSkNTvQQqHSFYurbfEEb","baseKeyType":1,"closed":-1,"used":1746627351567,"created":1746627351567,"remoteIdentityKey":"BWUSkavKaXXYT8L3b4GnQjHpHpUR/Nj+U2KjEq4fNU5C"},"_chains":{"BcrZnnR3YdtXFKbDu/7BAZJl2LuWTLsXBMCsN73B/2o5":{"chainKey":{"counter":0,"key":"K+SEKgP/N27pRmv5tSgFra4a21R6Y51vloep4G7vKds="},"chainType":1,"messageKeys":{}}},"pendingPreKey":{"signedKeyId":8,"baseKey":"Bepkg9h8XKMVZYYQdWJFdtBgYSkNTvQQqHSFYurbfEEb","preKeyId":14056705}}},"version":"v1"}