{"_sessions":{"BVK9jWQEnMDYWonyEtR3uNtd+B+d2qQA1f517yDob15a":{"registrationId":1862750414,"currentRatchet":{"ephemeralKeyPair":{"pubKey":"Bc+zFplwl65NfW6/e0qD9ORgRiGKNCfuFGv3QMzaMkRq","privKey":"2C+cBJFnQtUKbWEwwtMEwUnJ4AL33CaYX2wWM+t+6EY="},"lastRemoteEphemeralKey":"BfEVkfpTeHBfMDRZ88TTASHq3lPUjn6HpDSHQOd1jOsr","previousCounter":0,"rootKey":"m1hh+Mruu/cnZFoCuPM+uuvSlK0XpLPONCrQSLEXGFA="},"indexInfo":{"baseKey":"BVK9jWQEnMDYWonyEtR3uNtd+B+d2qQA1f517yDob15a","baseKeyType":1,"closed":-1,"used":1746612492763,"created":1746612492763,"remoteIdentityKey":"BfGG1YhxzAJt4gdbzaLJ/bnhXefm5CJ8MUuy7DMQ/TNa"},"_chains":{"Bc+zFplwl65NfW6/e0qD9ORgRiGKNCfuFGv3QMzaMkRq":{"chainKey":{"counter":4,"key":"VUN/enaj7SWc4VlfpBNikSEhdUs9QRuJKhHHqw2p3hs="},"chainType":1,"messageKeys":{}}},"pendingPreKey":{"signedKeyId":3,"baseKey":"BVK9jWQEnMDYWonyEtR3uNtd+B+d2qQA1f517yDob15a"}}},"version":"v1"}