{"_sessions":{"Bfs2/yApvRse1VE4uCc+qqFHyr0XhEwjBzWTX2PcjQgr":{"registrationId":2042948779,"currentRatchet":{"ephemeralKeyPair":{"pubKey":"BQTpyK+d+/ijiC6yy8gO80Gj5mh8GetJ0QMipiUikD4Q","privKey":"YN/q6bO/kNvL0gQbDMnW366kma4w4naIVPQGVEeki04="},"lastRemoteEphemeralKey":"BVSFnYBUrvaJTbPcf22suB90oOFoNYSP/7hZMp91KmVp","previousCounter":0,"rootKey":"bs/Y+6w/CErF85Mm5qKV0TzpAnWWlHGOgdcuK2c9b1s="},"indexInfo":{"baseKey":"Bfs2/yApvRse1VE4uCc+qqFHyr0XhEwjBzWTX2PcjQgr","baseKeyType":1,"closed":-1,"used":1746612493245,"created":1746612493245,"remoteIdentityKey":"BeENxiFciHJy2pgqqYl6BJ7ilZPQcfSrQe6tSi71aswH"},"_chains":{"BQTpyK+d+/ijiC6yy8gO80Gj5mh8GetJ0QMipiUikD4Q":{"chainKey":{"counter":4,"key":"ei7qQJwJGzWeTQfhA+zzT6Y1szawrZzRQ3nEn1msi4s="},"chainType":1,"messageKeys":{}}},"pendingPreKey":{"signedKeyId":1,"baseKey":"Bfs2/yApvRse1VE4uCc+qqFHyr0XhEwjBzWTX2PcjQgr","preKeyId":5074933}}},"version":"v1"}