{"_sessions":{"BaN9HI61E4nM1XauDkj/E2iANOm2Nt4Mo5zzurpllfxh":{"registrationId":790893954,"currentRatchet":{"ephemeralKeyPair":{"pubKey":"Bc8HbdfaRBVKwRdHiGvInBYyEQMmGAlohhW9Wq9XQdYp","privKey":"0B7bCDTf+olEBjn9XuOKdiYZkjjSChP5hNLLbOVd0G0="},"lastRemoteEphemeralKey":"BXHuIUlTakv9KA+9q0+OSu05nyr5Ew+F5jDgWCYflwok","previousCounter":0,"rootKey":"xwr8TLnxzblNPxtDEY8lgn1AMYP58g55EA9dk0ArNRM="},"indexInfo":{"baseKey":"BaN9HI61E4nM1XauDkj/E2iANOm2Nt4Mo5zzurpllfxh","baseKeyType":1,"closed":-1,"used":1746627350649,"created":1746627350649,"remoteIdentityKey":"BRhymzXDyBIHjWR7GEmj2bZWbEhPUYmSO0IwibbikdQr"},"_chains":{"Bc8HbdfaRBVKwRdHiGvInBYyEQMmGAlohhW9Wq9XQdYp":{"chainKey":{"counter":0,"key":"MKgNpR+/OscuW2U0oY0kJI1Lar6FJQLgxeK7NronS+8="},"chainType":1,"messageKeys":{}}},"pendingPreKey":{"signedKeyId":1,"baseKey":"BaN9HI61E4nM1XauDkj/E2iANOm2Nt4Mo5zzurpllfxh"}}},"version":"v1"}