{"_sessions":{"BU02FKbpTYJb49Z0C/87ZYH0Opj/sOG5KWEkGpwEDLxi":{"registrationId":670027346,"currentRatchet":{"ephemeralKeyPair":{"pubKey":"Bfzgp8DblKj32wyz4Dyy2Q2U9AmHITOjeDHspk2lxJMh","privKey":"IFuV0wDtEdbgoIf7jQn3wozqeslqEDq5foAijevvDXs="},"lastRemoteEphemeralKey":"BQT3rDgyCD/BRLrBFFdNTzzIRyBaX25VWl0GM7Mdvf5G","previousCounter":0,"rootKey":"zK2QnsdzeUnMetUxxFEv9NAzSSs6d9iwoXxjDx4kHsg="},"indexInfo":{"baseKey":"BU02FKbpTYJb49Z0C/87ZYH0Opj/sOG5KWEkGpwEDLxi","baseKeyType":1,"closed":-1,"used":1746612492715,"created":1746612492715,"remoteIdentityKey":"BacPBWHbd0X1EEdY7gkiz/4fFsxwzU8oxzrs5BWLNTBP"},"_chains":{"Bfzgp8DblKj32wyz4Dyy2Q2U9AmHITOjeDHspk2lxJMh":{"chainKey":{"counter":4,"key":"WP4a23aTooS/8K35ZpNFApaIwTbk8ZApQYKKkA4/tXw="},"chainType":1,"messageKeys":{}}},"pendingPreKey":{"signedKeyId":4,"baseKey":"BU02FKbpTYJb49Z0C/87ZYH0Opj/sOG5KWEkGpwEDLxi","preKeyId":2657648}}},"version":"v1"}