{"_sessions":{"BYCSyRuw9eBEpqWBD6PUw5yYLYMlRo3oHSBsnmjA5p8p":{"registrationId":665967407,"currentRatchet":{"ephemeralKeyPair":{"pubKey":"BcgXThZ0nQnC9UwovhVpjiyYSbIGzFW9+iSW14KoPSMZ","privKey":"uO8QSHn0RwVVPPEWWQX3zjJABTBYg2Kk9LbTjuEVgUI="},"lastRemoteEphemeralKey":"BcqmG6MViPEVakMbRhm9mSFfpZiGeLX6a9pj5UNyji5t","previousCounter":0,"rootKey":"BudPYRzuq+PUDQj/2wCeoBWmQtidrhKhecbKH3wYcQ0="},"indexInfo":{"baseKey":"BYCSyRuw9eBEpqWBD6PUw5yYLYMlRo3oHSBsnmjA5p8p","baseKeyType":1,"closed":-1,"used":1746612493058,"created":1746612493058,"remoteIdentityKey":"BbyV95q7Q7uKjxrBgyjkxhb81KwQOFinUnr58E2fQ7xa"},"_chains":{"BcgXThZ0nQnC9UwovhVpjiyYSbIGzFW9+iSW14KoPSMZ":{"chainKey":{"counter":4,"key":"gs60h0B4hegVg0lKpvYgPVVP/xPUMwTu7nnkRSqxiGk="},"chainType":1,"messageKeys":{}}},"pendingPreKey":{"signedKeyId":6,"baseKey":"BYCSyRuw9eBEpqWBD6PUw5yYLYMlRo3oHSBsnmjA5p8p","preKeyId":7741817}}},"version":"v1"}