{"_sessions":{"BdspaG6zfGy1gTkI3J7A/I24qRP/3qTuSjFher/sescm":{"registrationId":231486032,"currentRatchet":{"ephemeralKeyPair":{"pubKey":"BaSJec6IxzoX0ciH24WhofpjjF7yVzw/EF/r06kigYYk","privKey":"COJwXpiT6Fe2e/v+F9DypZdsO5h78TjYMOPIfYuk4ks="},"lastRemoteEphemeralKey":"BQ8KB3MgwyZRIvgvJYYmN6Yy1oS3IVnPaQ4HbqHBslQU","previousCounter":0,"rootKey":"9fxaYKAqrCW5HC3HrCS+Z1mP0VBNlfXnbUFA3HAzIoY="},"indexInfo":{"baseKey":"BdspaG6zfGy1gTkI3J7A/I24qRP/3qTuSjFher/sescm","baseKeyType":1,"closed":-1,"used":1746627350868,"created":1746627350868,"remoteIdentityKey":"BfSYA1+hFy5WuYfDHawb9mYuNg6wbjjjrFHVWx+T8JVN"},"_chains":{"BaSJec6IxzoX0ciH24WhofpjjF7yVzw/EF/r06kigYYk":{"chainKey":{"counter":0,"key":"xGl4eku3H3lwPmeGIrP+mu06Pr7R/MMH4v+0vhA45AI="},"chainType":1,"messageKeys":{}}},"pendingPreKey":{"signedKeyId":21,"baseKey":"BdspaG6zfGy1gTkI3J7A/I24qRP/3qTuSjFher/sescm","preKeyId":13520744}}},"version":"v1"}