{"_sessions":{"Bd1wXng+vuHIQLUPzczjQxg4VxfjKbvzCrQSQMerSRoT":{"registrationId":1508547093,"currentRatchet":{"ephemeralKeyPair":{"pubKey":"BU1xujLXZD1dt5rDNAnSwSTUxubPhOuqB0oFDIYO3W8E","privKey":"6JHJa9wlTG4ldje7JpComTeOaHCDiVkEGJDrX21ik0o="},"lastRemoteEphemeralKey":"Be4duL37+vQojfgb+O2nggODKIk3Iqfl59HkdiGdb9MH","previousCounter":0,"rootKey":"FUhBXg4xtjxoXN6Moluqnh8goNgDA4ZaUYj85D7DA4o="},"indexInfo":{"baseKey":"Bd1wXng+vuHIQLUPzczjQxg4VxfjKbvzCrQSQMerSRoT","baseKeyType":2,"closed":-1,"used":1746627343174,"created":1746627343174,"remoteIdentityKey":"Beej76aDmfaFy2UFTh77E+bW7EP6hNSmEkWMn0FnkRsp"},"_chains":{"Be4duL37+vQojfgb+O2nggODKIk3Iqfl59HkdiGdb9MH":{"chainKey":{"counter":1,"key":"RvZ2dPR6mBhLeLOZcslKGctRbUCwcmpF1iNPrccUPsA="},"chainType":2,"messageKeys":{}},"BU1xujLXZD1dt5rDNAnSwSTUxubPhOuqB0oFDIYO3W8E":{"chainKey":{"counter":0,"key":"6yVnGFdwKpbHW01YQQQH6mRQy6hSJ0wOcqxVL6zjpUE="},"chainType":1,"messageKeys":{}}}}},"version":"v1"}