{"_sessions":{"BRqONauX99dPJd3EdNC1HYe0NGzIlWgvuAowVsGaTbQP":{"registrationId":1623205365,"currentRatchet":{"ephemeralKeyPair":{"pubKey":"BULDvbqnagBh60SizMCYsBa18zY4B/DEm+Sd+0vXNtNE","privKey":"yO7lNWhBEhf+0IcQpQf04DLnVrE4HtA7AYPcu7/u/HA="},"lastRemoteEphemeralKey":"BfndafajMv+kgwwNCswSAI29ku7Q0QVDh1Xi/yIe4/c2","previousCounter":0,"rootKey":"xgL6q3dST1tRruhGNxDZCFFXmCBn15xuWCt5nCRx1y8="},"indexInfo":{"baseKey":"BRqONauX99dPJd3EdNC1HYe0NGzIlWgvuAowVsGaTbQP","baseKeyType":1,"closed":-1,"used":1746612499119,"created":1746612499119,"remoteIdentityKey":"BeNwzlz54xwrDm4cHseHCHxx4R73Bw2xHt9iG3ob1Mtj"},"_chains":{"BULDvbqnagBh60SizMCYsBa18zY4B/DEm+Sd+0vXNtNE":{"chainKey":{"counter":4,"key":"75qGVXUHKr0qNerI7K/fHRkzjjul7+zXgCej+ce02Ks="},"chainType":1,"messageKeys":{}}},"pendingPreKey":{"signedKeyId":1,"baseKey":"BRqONauX99dPJd3EdNC1HYe0NGzIlWgvuAowVsGaTbQP","preKeyId":16160283}}},"version":"v1"}