{"_sessions":{"BYt/eHqA9jOmnJumM0xnBJtQv4xZtWjX0FwMq16l/5wU":{"registrationId":660522567,"currentRatchet":{"ephemeralKeyPair":{"pubKey":"BaMmd4iVEC+ysV5GjGgnSv2t4HmsWvNyKHPCwZDM+IdB","privKey":"UNrDYGz8LRz2FBhVPItf3HALG//qD/J5OnebaW7lc34="},"lastRemoteEphemeralKey":"BaaMi0eLRdUIBRFLQy0ltmEyubidRx/A+TkDKuwPR3ZU","previousCounter":0,"rootKey":"KyIJtOv2YlI8he+PF8ny8WwVKt7gd1b+2GKKS+0ke00="},"indexInfo":{"baseKey":"BYt/eHqA9jOmnJumM0xnBJtQv4xZtWjX0FwMq16l/5wU","baseKeyType":1,"closed":-1,"used":1746612498980,"created":1746612498980,"remoteIdentityKey":"BeVW5Ag4+gTeUeqKi8sAaTNStFLEA9+Ba+kVGxj/0edp"},"_chains":{"BaMmd4iVEC+ysV5GjGgnSv2t4HmsWvNyKHPCwZDM+IdB":{"chainKey":{"counter":4,"key":"hVexfAOPjDY4cr9WU6Flh4+qODpTOdYC3+AfbEAa4oo="},"chainType":1,"messageKeys":{}}},"pendingPreKey":{"signedKeyId":5,"baseKey":"BYt/eHqA9jOmnJumM0xnBJtQv4xZtWjX0FwMq16l/5wU","preKeyId":8289686}}},"version":"v1"}