{"_sessions":{"BZzSl7TiX1UE/+7RXR2MqMQUdyogr3OZACC5FrNCS50f":{"registrationId":239187675,"currentRatchet":{"ephemeralKeyPair":{"pubKey":"Bfx6pp8I6CH1hxISufXbYMTF2Qm0hyc5soPF3G2ZW/Qq","privKey":"MOq4J2iz2Kxy1gFOc/J5cUEKlHQW0xWlw0Pblrw2YXU="},"lastRemoteEphemeralKey":"BTa6gAXSU+eB7Ujn6WDLIRXPoZgACF4uFsB3wjfGMVpp","previousCounter":0,"rootKey":"Wk0XmHH9+6AZ7FYcJmQBkVAn7kI76QMfLr2bs084jME="},"indexInfo":{"baseKey":"BZzSl7TiX1UE/+7RXR2MqMQUdyogr3OZACC5FrNCS50f","baseKeyType":2,"closed":-1,"used":1746641427531,"created":1746612418330,"remoteIdentityKey":"BWVy02ES3ZaPjtO/eG6lME/HGflXVcgbpdw1lpD8wT03"},"_chains":{"BayDLmiQ0imDwFVZJJ9d1Hu/BLk/vaAJtnhk69f2HgFy":{"chainKey":{"counter":0},"chainType":2,"messageKeys":{}},"BSLL04LpwhSwRBkPB60HOLK2xVZhTmbWzPQjxxHywB1h":{"chainKey":{"counter":0},"chainType":2,"messageKeys":{}},"BYkGoEJu0eFdGIRPJADTW2xYHA+Ip2fCM+v8DzCNWOct":{"chainKey":{"counter":0},"chainType":2,"messageKeys":{}},"BTnrI2T7h8nQwVosIISzh1z2Yg4nDe8edUejv2EEFsoZ":{"chainKey":{"counter":1},"chainType":2,"messageKeys":{}},"Be1fQ4NtAinbUFeOWIrFU4V9EHMugwH3634cZ6XJtnVg":{"chainKey":{"counter":0},"chainType":2,"messageKeys":{}},"BSfOwMZVkxp6cur3NjCS7dVp4OJKeehsmfoyghbFklh1":{"chainKey":{"counter":0},"chainType":2,"messageKeys":{}},"BV1x+TJd3bqbxMgk3Yc/bGcbw0Qv5t9XsrSiJVY9G7oh":{"chainKey":{"counter":1},"chainType":2,"messageKeys":{}},"Bb54DUFJqoEcmFYX0lGucyuWjasGQYXvT0Qm43G8mTty":{"chainKey":{"counter":0},"chainType":2,"messageKeys":{}},"BbUwLwJwX8qea43aK9GGQKlWq2r1jBU3i3nQ8v7e2eJS":{"chainKey":{"counter":0},"chainType":2,"messageKeys":{}},"BTQiamuZqypWXqhmHvoLP0CmCmOFAEHSj2O9U3p+WX51":{"chainKey":{"counter":0},"chainType":2,"messageKeys":{}},"BaRqcIPBdMqPuCPmwYaEaRCLs3PT9wCkhS5rjAKLB3Au":{"chainKey":{"counter":0},"chainType":2,"messageKeys":{}},"BXAft/Nf4Gufz6BPO72F3VsR6WIwXvyBxQGdFLjhu1Ev":{"chainKey":{"counter":0},"chainType":2,"messageKeys":{}},"BX9vT94DLqliyKLzjIe2oUqBgKaAh9OsonjFpfJN1iQR":{"chainKey":{"counter":0},"chainType":2,"messageKeys":{}},"BQ7LNF/ZglLDu7Ibp39sdkZ/7BrFc+lcJGJx0mldLl8A":{"chainKey":{"counter":0},"chainType":2,"messageKeys":{}},"BTa6gAXSU+eB7Ujn6WDLIRXPoZgACF4uFsB3wjfGMVpp":{"chainKey":{"counter":0,"key":"OMark9syQil/o+4FB2p1RInd+K2QNhZKbXtzK5o6ESs="},"chainType":2,"messageKeys":{}},"Bfx6pp8I6CH1hxISufXbYMTF2Qm0hyc5soPF3G2ZW/Qq":{"chainKey":{"counter":-1,"key":"t1Baan5zsGYujeaxZZgKJqN/rCUM5MXgvU9tp5QabGw="},"chainType":1,"messageKeys":{}}}}},"version":"v1"}