{"_sessions":{"BVLZuxzuhWSk7CNJJE17FqQWjVKpTzxS9PCUQnwAiOFg":{"registrationId":626520378,"currentRatchet":{"ephemeralKeyPair":{"pubKey":"BcZ+08YfsdD6fQQ0Hu03sDRHvW3+YqxonDHOGA5Va0E1","privKey":"YEFjdG/HOH+ZPpUKV5w/aJddxOLLuaD0BC/vR3yRp3M="},"lastRemoteEphemeralKey":"BYzkN+FU4ilVKCNHGJCgAgHQguMqfP75kp54PqyIJ7g0","previousCounter":0,"rootKey":"CWG0OXJ2d+9PK4joIpcK3zrO3/a1mSqBAFK+6W4bIx0="},"indexInfo":{"baseKey":"BVLZuxzuhWSk7CNJJE17FqQWjVKpTzxS9PCUQnwAiOFg","baseKeyType":1,"closed":-1,"used":1746612496817,"created":1746612496817,"remoteIdentityKey":"BRGwCIhJKM5y4g3SUrE1Rz66FEXMdiGQmb9dsXPXukc5"},"_chains":{"BcZ+08YfsdD6fQQ0Hu03sDRHvW3+YqxonDHOGA5Va0E1":{"chainKey":{"counter":4,"key":"VwiiO3haFjW8Qa4CS2Y+0oRw6Uff830pG4lTsvCCNZU="},"chainType":1,"messageKeys":{}}},"pendingPreKey":{"signedKeyId":2,"baseKey":"BVLZuxzuhWSk7CNJJE17FqQWjVKpTzxS9PCUQnwAiOFg","preKeyId":12119809}}},"version":"v1"}