{"_sessions":{"BacXBgqoDq+9rLusxUl8rV+gI2ABPKzali8GwXI1fyYe":{"registrationId":820447217,"currentRatchet":{"ephemeralKeyPair":{"pubKey":"BdXeV7SUOokMgRWHNfghLSKOBuK4sLN/iXDHIrZ+xsZ5","privKey":"sNnaeK2nZAasM1mlxZjt0hIZBBlZhWKlxbvzrezSsEA="},"lastRemoteEphemeralKey":"BRe/+WuDYjJDEQT28QUQ7e8odUZEWksQFKnLhAo8RJMH","previousCounter":0,"rootKey":"RYSSdD7XdoYIHrTl8aGE6LzqUvYKuXoxk7FUQ4zkD9E="},"indexInfo":{"baseKey":"BacXBgqoDq+9rLusxUl8rV+gI2ABPKzali8GwXI1fyYe","baseKeyType":1,"closed":-1,"used":1746627351100,"created":1746627351100,"remoteIdentityKey":"BXfVWb0T/YJYwN1OMijesys5EfJLo6YJ3dZokEi2h3t2"},"_chains":{"BdXeV7SUOokMgRWHNfghLSKOBuK4sLN/iXDHIrZ+xsZ5":{"chainKey":{"counter":0,"key":"YfKf3tYycP0x8U81JNdU/QCX3rqjoda82KHK+r5Pnp4="},"chainType":1,"messageKeys":{}}},"pendingPreKey":{"signedKeyId":4,"baseKey":"BacXBgqoDq+9rLusxUl8rV+gI2ABPKzali8GwXI1fyYe","preKeyId":842062}}},"version":"v1"}