{"_sessions":{"BVpIp/GwzLd6mvdWoMwGv/AkZlQXNND1hi1FxlbLT1k7":{"registrationId":219197251,"currentRatchet":{"ephemeralKeyPair":{"pubKey":"BXAyLSQUecY89T4JAQ6r7tcCn9auwPQjqkhr/O+fpx8f","privKey":"gJSj9I/TX75Mts7r75MzlwKLFot7Fe0NiUr8skqAcm8="},"lastRemoteEphemeralKey":"BQ7Help1vSutmpT6uoLMESGe02N6tgTf1jHNQ1nUzdYT","previousCounter":0,"rootKey":"dXoo80bfauFRHUChr50A4DrjC9bVJkUyb5kP8ElyEb4="},"indexInfo":{"baseKey":"BVpIp/GwzLd6mvdWoMwGv/AkZlQXNND1hi1FxlbLT1k7","baseKeyType":1,"closed":-1,"used":1746612497279,"created":1746612497279,"remoteIdentityKey":"BccZfvSREbaoV4gEjhps2hO8tP1lc9k9MVhhdOFfEGtA"},"_chains":{"BXAyLSQUecY89T4JAQ6r7tcCn9auwPQjqkhr/O+fpx8f":{"chainKey":{"counter":4,"key":"IDAsNNWPmzzatObRholDwO1Rkc2MP8O2rRVGuVUUk6U="},"chainType":1,"messageKeys":{}}},"pendingPreKey":{"signedKeyId":3,"baseKey":"BVpIp/GwzLd6mvdWoMwGv/AkZlQXNND1hi1FxlbLT1k7"}}},"version":"v1"}