{"_sessions":{"BV60S+wtlRau7bCul4xs4HcG/cWxPVXowfvqjr/ztHRH":{"registrationId":155262451,"currentRatchet":{"ephemeralKeyPair":{"pubKey":"BSiaVpKsDV83nedj1dqDCFW/TChhPyo4gBKXZcKrcQZN","privKey":"0PUfkK120Wsmd3SJgVJ/RZnqefvd9AEYfFS+C/XTRns="},"lastRemoteEphemeralKey":"BUs7DNCP5T2q7P5Tm2ewr14ERs8Y6/RpS/bfpC3Mzx4A","previousCounter":0,"rootKey":"7thvmS/CUUq12mJZGmJ/gyi/TMEp+EiO9AXTToD9GT0="},"indexInfo":{"baseKey":"BV60S+wtlRau7bCul4xs4HcG/cWxPVXowfvqjr/ztHRH","baseKeyType":1,"closed":-1,"used":1746612497268,"created":1746612497268,"remoteIdentityKey":"Bewb8lysbxiFpJZkSHVmoB/GS90KWKL4T6yfbSXYHs9K"},"_chains":{"BSiaVpKsDV83nedj1dqDCFW/TChhPyo4gBKXZcKrcQZN":{"chainKey":{"counter":4,"key":"0ezy34PaOuWaogIfpWij6ZXRNb1BXGlTDIrK8TSe4a8="},"chainType":1,"messageKeys":{}}},"pendingPreKey":{"signedKeyId":11056856,"baseKey":"BV60S+wtlRau7bCul4xs4HcG/cWxPVXowfvqjr/ztHRH","preKeyId":80259}}},"version":"v1"}