{"_sessions":{"BRINjnAWIGZdZ3V5bKX9MzvS4KDw74++YzORLcOPaMJv":{"registrationId":324748151,"currentRatchet":{"ephemeralKeyPair":{"pubKey":"BXEMNaRMk+WDUqkpD4XElEw3srB6F2wbWIY2wvX4WmU7","privKey":"SPPJjEf/VJtXjG8M+wkY9HBKh+YWK4laM8z/H/DGQX4="},"lastRemoteEphemeralKey":"BRCZWp7vlf4J5Rl6zTxr3u3xyz7XrrrDTsEyy/7ROZsO","previousCounter":0,"rootKey":"+cF8boDDwCUW0KFjxcm11ve0bejm2bZNjXNaOC/rvJo="},"indexInfo":{"baseKey":"BRINjnAWIGZdZ3V5bKX9MzvS4KDw74++YzORLcOPaMJv","baseKeyType":1,"closed":-1,"used":1746612497242,"created":1746612497242,"remoteIdentityKey":"BQ7N0UPLbYy+lEYVQn1RsUDM/ZEkakWe9Cr4Z0wBbpAD"},"_chains":{"BXEMNaRMk+WDUqkpD4XElEw3srB6F2wbWIY2wvX4WmU7":{"chainKey":{"counter":4,"key":"twHqpM3ICplYpK+6gVHZWAw3+5VC721/9agbC4EN474="},"chainType":1,"messageKeys":{}}},"pendingPreKey":{"signedKeyId":4,"baseKey":"BRINjnAWIGZdZ3V5bKX9MzvS4KDw74++YzORLcOPaMJv","preKeyId":9391453}}},"version":"v1"}