{"_sessions":{"BQtuD3cRNHXZqibmIamXhC1vPZ/xTXBAlyV/Ey9h6zko":{"registrationId":133691061,"currentRatchet":{"ephemeralKeyPair":{"pubKey":"BQx3mYtDv7DK15eUIVh1eELq5iohvBTe/Sd18PJlhedt","privKey":"6I/zjdrCSck8sFo6OcEsX0TDKMnMKbsJ4z9PxB5HGEk="},"lastRemoteEphemeralKey":"BVA6Lrv+Zvzjhj4VYzyOhO+267u2pQy0k71nmvapWQ4i","previousCounter":0,"rootKey":"WGbXGx3T8Yh7Q4uOiMvLaVJR9deF/G7fcA/ZGnSamEg="},"indexInfo":{"baseKey":"BQtuD3cRNHXZqibmIamXhC1vPZ/xTXBAlyV/Ey9h6zko","baseKeyType":1,"closed":-1,"used":1746612493051,"created":1746612493051,"remoteIdentityKey":"BTJKYfLa8MeF7JpE1LKXZws9UcTfAX6rMC08bqfMpPY6"},"_chains":{"BQx3mYtDv7DK15eUIVh1eELq5iohvBTe/Sd18PJlhedt":{"chainKey":{"counter":4,"key":"mCtosdYCM8DlVWZDX9AWyMduSljdp5TgYblTO0QbzFM="},"chainType":1,"messageKeys":{}}},"pendingPreKey":{"signedKeyId":1,"baseKey":"BQtuD3cRNHXZqibmIamXhC1vPZ/xTXBAlyV/Ey9h6zko","preKeyId":16525581}}},"version":"v1"}