{"_sessions":{"Bfbzi3zwTpwjBMx2nMzxIH5TQpEEGyNz76HyGy5s19sa":{"registrationId":994130850,"currentRatchet":{"ephemeralKeyPair":{"pubKey":"Be+mY5a43+xxdh6RPzNu0eon8ccEePltk5+G1/1Q6vVd","privKey":"gEFo1lO3gaCRVNxl/lu60m0RCjFBO33gO6xvIJeQsUY="},"lastRemoteEphemeralKey":"BfmuTlqxPQZ4y6i11kNFJtpiSU3KDZ9hQTWQS/BRrg4e","previousCounter":0,"rootKey":"v4Vn3snHSEntoGICrl5+k686gIEzWp+N5OH5PSewT+0="},"indexInfo":{"baseKey":"Bfbzi3zwTpwjBMx2nMzxIH5TQpEEGyNz76HyGy5s19sa","baseKeyType":1,"closed":-1,"used":1746612488456,"created":1746612488456,"remoteIdentityKey":"Bd/C7LORx4D/BzSdbVvxiItd9lluPk+voyUw50nJQuE9"},"_chains":{"Be+mY5a43+xxdh6RPzNu0eon8ccEePltk5+G1/1Q6vVd":{"chainKey":{"counter":4,"key":"gSuaGfNUkDNtR+9yCPlx8w6/hXWUaYgwOHwhMXg32+c="},"chainType":1,"messageKeys":{}}},"pendingPreKey":{"signedKeyId":1,"baseKey":"Bfbzi3zwTpwjBMx2nMzxIH5TQpEEGyNz76HyGy5s19sa"}}},"version":"v1"}