{"_sessions":{"BX3PA+BicErEBKLHy3B2b3nHqV/klyIuIGD9cwIz+Txn":{"registrationId":1045151651,"currentRatchet":{"ephemeralKeyPair":{"pubKey":"BfAOZWTds+LmZGJZk8/kHnr+S/gZxJ6btiYiFdXGqsNE","privKey":"cLS/kTuD9XWzX9yp93tDTj7IJkhQhd9sBY9Tu+KrGlo="},"lastRemoteEphemeralKey":"Ba0Y0H0mrTo9FB1K8RqgFIuPhd+j3PGzcaz6BCeLKvkh","previousCounter":0,"rootKey":"jzHxfQ/B0HJ0uxTggEZvHA8zs8b/PkrJS9IycEpL+6M="},"indexInfo":{"baseKey":"BX3PA+BicErEBKLHy3B2b3nHqV/klyIuIGD9cwIz+Txn","baseKeyType":1,"closed":-1,"used":1746627351595,"created":1746627351595,"remoteIdentityKey":"BbbBAzDN5GvXj8mTwuBF/qckEdHgh23yAQfc8N5ccWlQ"},"_chains":{"BfAOZWTds+LmZGJZk8/kHnr+S/gZxJ6btiYiFdXGqsNE":{"chainKey":{"counter":0,"key":"GF8F3XW8YMZNvCzFI5VrNdkaNcOI9ke68rE75idRoVc="},"chainType":1,"messageKeys":{}}},"pendingPreKey":{"signedKeyId":11,"baseKey":"BX3PA+BicErEBKLHy3B2b3nHqV/klyIuIGD9cwIz+Txn","preKeyId":656508}}},"version":"v1"}