{"_sessions":{"BZwatYobqi4Lac456x174WM4vXFgnKzsUv3Z+PSOwPJ7":{"registrationId":920684429,"currentRatchet":{"ephemeralKeyPair":{"pubKey":"BchwV3icf/jTBuO5kFzfSl8rWKw3IJpg4Y149z529fVD","privKey":"sGZnTiu7QHWhsXHHXd98lqJYR3+5ZMeQMreGF/vXM3A="},"lastRemoteEphemeralKey":"BfFCwTLCFWXq+FyBH3hgTwhhkcAPzxzd9uZC1t3iCb1z","previousCounter":0,"rootKey":"81vwMInvorDizaG0RkPOSMfdcBL0Fj670fuKu2pzQS8="},"indexInfo":{"baseKey":"BZwatYobqi4Lac456x174WM4vXFgnKzsUv3Z+PSOwPJ7","baseKeyType":1,"closed":-1,"used":1746612493218,"created":1746612493218,"remoteIdentityKey":"BTcEW2J8LCKs7tV6OK/GDQDeGrbGc7gCAlcLHnmYM015"},"_chains":{"BchwV3icf/jTBuO5kFzfSl8rWKw3IJpg4Y149z529fVD":{"chainKey":{"counter":4,"key":"h3UT29BvkJ2fD+/YV2haeyFzDv5hYIKaHtF0IoddvYI="},"chainType":1,"messageKeys":{}}},"pendingPreKey":{"signedKeyId":0,"baseKey":"BZwatYobqi4Lac456x174WM4vXFgnKzsUv3Z+PSOwPJ7","preKeyId":9341670}}},"version":"v1"}