{"_sessions":{"BQokj51+4nW+zGcB5B7HchN/HRuMjdhx9qFU+nJ7oIAH":{"registrationId":60084361,"currentRatchet":{"ephemeralKeyPair":{"pubKey":"BarxdBn0zmkiB18l+XOuMTvNgna/gWSzBYrR0X7ZnjcX","privKey":"4KH5RXMQ1drrjqjCmpDw7Iv81LpxXMhLC2V1RN20klU="},"lastRemoteEphemeralKey":"BVXQTkADN9hfG5dc+fMBDOZErspAjIOJM9PaSOzuWqMR","previousCounter":0,"rootKey":"eAex8IP2EjCmgeVzDxUqzwthjzt6a25f11PE0gQenHs="},"indexInfo":{"baseKey":"BQokj51+4nW+zGcB5B7HchN/HRuMjdhx9qFU+nJ7oIAH","baseKeyType":1,"closed":-1,"used":1746627351203,"created":1746627351203,"remoteIdentityKey":"BepmqZhiI5TJo0Qbof3tSApFqGw5zm9ge/EU3bi4G284"},"_chains":{"BarxdBn0zmkiB18l+XOuMTvNgna/gWSzBYrR0X7ZnjcX":{"chainKey":{"counter":0,"key":"NMsqIWsei3MbjTU0uesBSD7XZ/Bkxl1YSjaxwSalW/g="},"chainType":1,"messageKeys":{}}},"pendingPreKey":{"signedKeyId":11422080,"baseKey":"BQokj51+4nW+zGcB5B7HchN/HRuMjdhx9qFU+nJ7oIAH","preKeyId":3165}}},"version":"v1"}