{"_sessions":{"BVME9vxqc6bpze7AeQ8fzaFOAM5OXSQ6fiiBqd2hHoIo":{"registrationId":2010344438,"currentRatchet":{"ephemeralKeyPair":{"pubKey":"BbniWD8FWUCfjcQG5zbZy9LxM1Llls1i/XrvvvTuPh5/","privKey":"IJIqGX4Ia6p79SRytvAfFPqJ9uBXivMi7CNwVzPbRVY="},"lastRemoteEphemeralKey":"BQg3+rigo7wdq25uxEDiiDgRtdorfibwU4UmAE11JuYG","previousCounter":0,"rootKey":"CMUrIasC4/A+188F4jpzRA82bdjpF4yV8bNWHXoq5tQ="},"indexInfo":{"baseKey":"BVME9vxqc6bpze7AeQ8fzaFOAM5OXSQ6fiiBqd2hHoIo","baseKeyType":1,"closed":-1,"used":1746612497128,"created":1746612497128,"remoteIdentityKey":"BY4rHt6So8kRH35n70FCFMvn4zFc6jiCBtaqsEAsYYUv"},"_chains":{"BbniWD8FWUCfjcQG5zbZy9LxM1Llls1i/XrvvvTuPh5/":{"chainKey":{"counter":4,"key":"fTpEkXJGoZy5976Vyxispd8rKtTBZzp6vsiMCu7P+OE="},"chainType":1,"messageKeys":{}}},"pendingPreKey":{"signedKeyId":1,"baseKey":"BVME9vxqc6bpze7AeQ8fzaFOAM5OXSQ6fiiBqd2hHoIo","preKeyId":9645747}}},"version":"v1"}