{"_sessions":{"Bck5Z7Ai8YoCJdR62JjsmJyzGlnp+CkpOdYDAq9EUgdW":{"registrationId":576769026,"currentRatchet":{"ephemeralKeyPair":{"pubKey":"BWHrZFfvwqYVX7v9qUefEM+hbaXnjnOzHTbEUw/aLod4","privKey":"2LCLSwyPZ4mTQCUt3JktB9fhv/sp9tbe99knyPZ3Elk="},"lastRemoteEphemeralKey":"BUijOsbwGyLWKTy8A5CZp0DvwStf55kZQUqC2wStL9x/","previousCounter":0,"rootKey":"8b2NpVsfjJRI7ANbvNOe7pu67CjPBh2LTkdiWMF5FLA="},"indexInfo":{"baseKey":"Bck5Z7Ai8YoCJdR62JjsmJyzGlnp+CkpOdYDAq9EUgdW","baseKeyType":1,"closed":-1,"used":1746612497333,"created":1746612497333,"remoteIdentityKey":"Ba6zIQq5Gv69LSkCMQbfarqpGs2REltDurDbtG3/yCY9"},"_chains":{"BWHrZFfvwqYVX7v9qUefEM+hbaXnjnOzHTbEUw/aLod4":{"chainKey":{"counter":4,"key":"/WLMTKoAmC+glNF+N2n/3lUwaOebnzq/u6FegvSHs2g="},"chainType":1,"messageKeys":{}}},"pendingPreKey":{"signedKeyId":12,"baseKey":"Bck5Z7Ai8YoCJdR62JjsmJyzGlnp+CkpOdYDAq9EUgdW","preKeyId":12669669}}},"version":"v1"}