{"_sessions":{"BXekgfgjPgnd7InWPRtKSRCBp/4JVgYAT8SzJzVa+eNH":{"registrationId":1462683642,"currentRatchet":{"ephemeralKeyPair":{"pubKey":"BSkb4Jm0ssMW9lsavWI6/2I1gdJWrj/hmNwTeAV8GHh/","privKey":"QAUtzZGTyzB4KULy0/HQs89uGsQy9yPx/LxqZhWQX3s="},"lastRemoteEphemeralKey":"BXPKjP40mZSThh0o3HbDQ/QR0WRSlAVITqRRO7gi8Vw3","previousCounter":0,"rootKey":"LNUKHPm75M7YWlgsTjVRmjBPQpXX17O2vX7g0PWDTUo="},"indexInfo":{"baseKey":"BXekgfgjPgnd7InWPRtKSRCBp/4JVgYAT8SzJzVa+eNH","baseKeyType":1,"closed":-1,"used":1746612499104,"created":1746612499104,"remoteIdentityKey":"BUuuXEPCPMb1IsijrK6xZN3MzKVf/72kWcWSLM7dNbFD"},"_chains":{"BSkb4Jm0ssMW9lsavWI6/2I1gdJWrj/hmNwTeAV8GHh/":{"chainKey":{"counter":4,"key":"nphb9UO8lHNnuSL8lsG0PwzMPXZ8aVlt2oq0Z79d/wc="},"chainType":1,"messageKeys":{}}},"pendingPreKey":{"signedKeyId":0,"baseKey":"BXekgfgjPgnd7InWPRtKSRCBp/4JVgYAT8SzJzVa+eNH","preKeyId":11500810}}},"version":"v1"}