{"_sessions":{"BZxzxvz8uQJcxLl/Z/oUdEBS6ROVLlTBippzkGVkEqYG":{"registrationId":1707259617,"currentRatchet":{"ephemeralKeyPair":{"pubKey":"BSzAIKgTFHyZUoP88vVCEyLzFuLU192ZAC4sVIWoGggg","privKey":"iE84J1YZzQyBwggZihblYXzoZcwIqmSQUsaWc9AKKEY="},"lastRemoteEphemeralKey":"BYEUCPhLRmfNIfaM/FH7W/bNM+Gb6+xjwviCe9NAhC0V","previousCounter":0,"rootKey":"j8f0pvXelz5QuFn5u7efmD025WkkUH8nZ6FKRBlWYcU="},"indexInfo":{"baseKey":"BZxzxvz8uQJcxLl/Z/oUdEBS6ROVLlTBippzkGVkEqYG","baseKeyType":1,"closed":-1,"used":1746612496836,"created":1746612496836,"remoteIdentityKey":"Bfuyw1xjzPjZd9FevYKGAaoFziArbN6u193vP8ZyV1g0"},"_chains":{"BSzAIKgTFHyZUoP88vVCEyLzFuLU192ZAC4sVIWoGggg":{"chainKey":{"counter":4,"key":"CGs3oBTHpyanp04+x7ftUsm1ynZFHQ6zU/aAsKZPOdw="},"chainType":1,"messageKeys":{}}},"pendingPreKey":{"signedKeyId":4,"baseKey":"BZxzxvz8uQJcxLl/Z/oUdEBS6ROVLlTBippzkGVkEqYG","preKeyId":4746442}}},"version":"v1"}