{"_sessions":{"Bb4QoQWukAWi91IzUdEHoztlbNRVtebAA9ifs+0EWzgr":{"registrationId":69198801,"currentRatchet":{"ephemeralKeyPair":{"pubKey":"BRlY7aFF6tNQCl/uvxyoRrABR8lw+hwEos+xvJgNjbws","privKey":"sNToZBT362LWIHpvbyMuNUD/uK7jF9O/y1R39RyjpEo="},"lastRemoteEphemeralKey":"BUW0W4nZDiHgExEG6V+JUCmxbZD3PQUSdb1PLJLxx7sa","previousCounter":0,"rootKey":"lpbChrvUgY24YpjS6NEvEC+SwrnaFSMpvfdzHWdgl+U="},"indexInfo":{"baseKey":"Bb4QoQWukAWi91IzUdEHoztlbNRVtebAA9ifs+0EWzgr","baseKeyType":1,"closed":-1,"used":1746612493203,"created":1746612493203,"remoteIdentityKey":"BbzgUyOABOYqYuXpSIZn5ZfURuVYOmfKj4KCxTmB635y"},"_chains":{"BRlY7aFF6tNQCl/uvxyoRrABR8lw+hwEos+xvJgNjbws":{"chainKey":{"counter":4,"key":"5khL+ZV816ootR4PBKFTk7WTPYrpKDFDUoLeh4E3C7k="},"chainType":1,"messageKeys":{}}},"pendingPreKey":{"signedKeyId":5,"baseKey":"Bb4QoQWukAWi91IzUdEHoztlbNRVtebAA9ifs+0EWzgr","preKeyId":5424434}}},"version":"v1"}