{"_sessions":{"BSZBQKX9U4s1NYUXx2/5Ocpq0qwRg66lWCDQOqoQmdU1":{"registrationId":1330752511,"currentRatchet":{"ephemeralKeyPair":{"pubKey":"BS4MovryGWyj3Gvad0/IGAMsb9wrmrTrRXO4iqfab/E6","privKey":"mGoCIdcO2cYP+n/NBfAbDbQ8RHtnOxRenmtfYgCvFlw="},"lastRemoteEphemeralKey":"BbC7CxmDVHwKLT8j27W5KmenaaZLtIkBUG+T5IYe95gF","previousCounter":0,"rootKey":"UyG3KzYqP52H0/XsZ3VQrF0ymmDV7SJ/NpunxRIE/58="},"indexInfo":{"baseKey":"BSZBQKX9U4s1NYUXx2/5Ocpq0qwRg66lWCDQOqoQmdU1","baseKeyType":1,"closed":-1,"used":1746612492989,"created":1746612492989,"remoteIdentityKey":"BdJdAk6nVF7ngGUpYkUoRYB57qcLbCq/jivcMrJAVNoP"},"_chains":{"BS4MovryGWyj3Gvad0/IGAMsb9wrmrTrRXO4iqfab/E6":{"chainKey":{"counter":4,"key":"BobCXGJacF95yX5wlqgUZdv19wl9ZLFpq/JD/J0/pKQ="},"chainType":1,"messageKeys":{}}},"pendingPreKey":{"signedKeyId":14,"baseKey":"BSZBQKX9U4s1NYUXx2/5Ocpq0qwRg66lWCDQOqoQmdU1","preKeyId":15744089}}},"version":"v1"}