{"_sessions":{"BcEUuiMpPgISDAolXhl/CjCXqslp+F/Bxv3RdgHg9aw3":{"registrationId":3062817470,"currentRatchet":{"ephemeralKeyPair":{"pubKey":"BRGuyhxi2iBho+xMG/0+vlOsxnjP1K8IvG9GCVgOVe4S","privKey":"4JMSPN3stqfbU2Wl4KvPnNVWMdF4jdcibERIEKd3GlI="},"lastRemoteEphemeralKey":"BY6mzLHHCi5qo/RFOQQrYVODSChmqp+8rAmY/MFkM0UA","previousCounter":0,"rootKey":"p61NW+4jqzMgMoHeLYBbihAy4jNpj0KfX0FjLtPyscE="},"indexInfo":{"baseKey":"BcEUuiMpPgISDAolXhl/CjCXqslp+F/Bxv3RdgHg9aw3","baseKeyType":1,"closed":-1,"used":1746612497202,"created":1746612497202,"remoteIdentityKey":"BfVXk+qYGrgthncppPLUE9U5z5MSOk1yQKY1L4XJiA42"},"_chains":{"BRGuyhxi2iBho+xMG/0+vlOsxnjP1K8IvG9GCVgOVe4S":{"chainKey":{"counter":4,"key":"xjEq8+uMTos6icPcp40CmYANqMk3zNGrVqO7YNeZocY="},"chainType":1,"messageKeys":{}}},"pendingPreKey":{"signedKeyId":5349019,"baseKey":"BcEUuiMpPgISDAolXhl/CjCXqslp+F/Bxv3RdgHg9aw3"}}},"version":"v1"}