{"_sessions":{"BU+Ka4KUQNC2v/9TjNhiZ4IkAoyMFEGQCe1G5zvYkVlK":{"registrationId":78390450,"currentRatchet":{"ephemeralKeyPair":{"pubKey":"BSydLvmnPa1DGX/Ju5i8jcIjO/ZBeRLnXhkT/Y0yODYf","privKey":"AHuDfgVB2xJvkjWxCk3qg0DKBPtgE6CFeDo+OOGKMVw="},"lastRemoteEphemeralKey":"Bc7ugdtgGI5Qfsel+7pp4sVWE6nv7gYvVKjvXuNz+ekR","previousCounter":0,"rootKey":"+CRYhu//Sbj2jE0kZVnuWr02vO+0wJ0UwKTATRMThA4="},"indexInfo":{"baseKey":"BU+Ka4KUQNC2v/9TjNhiZ4IkAoyMFEGQCe1G5zvYkVlK","baseKeyType":1,"closed":-1,"used":1746612488841,"created":1746612488841,"remoteIdentityKey":"BcLNU3jqIs+i/GmfWaZ0YAdP3hj8l4V8f51W7YsElo95"},"_chains":{"BSydLvmnPa1DGX/Ju5i8jcIjO/ZBeRLnXhkT/Y0yODYf":{"chainKey":{"counter":4,"key":"H55291cpMm/859a8dh0sPtLzJtqu2as5jSn1SiKPXJc="},"chainType":1,"messageKeys":{}}},"pendingPreKey":{"signedKeyId":3,"baseKey":"BU+Ka4KUQNC2v/9TjNhiZ4IkAoyMFEGQCe1G5zvYkVlK","preKeyId":2513333}}},"version":"v1"}