{"_sessions":{"BS/FZaGBEavJuZWyLWVcx6P67h48uh24F7mVwQTvUdNn":{"registrationId":2098288584,"currentRatchet":{"ephemeralKeyPair":{"pubKey":"BTNt71AbseK9nBCboxBZ8yB6V1Vy9MXi1Wqndf2PoPIH","privKey":"YEcfDsL1HXHgtlaX+bqNZ39YMLy0CCEp6zRknACjX08="},"lastRemoteEphemeralKey":"BYV4UoXRSx6gLlPIZhacLHd6pjMKvExmsG8AcO9dljdh","previousCounter":0,"rootKey":"mO8qpDSE1Ws3P1jU7U0PS9odSHxktMbVYmhUS1820Kw="},"indexInfo":{"baseKey":"BS/FZaGBEavJuZWyLWVcx6P67h48uh24F7mVwQTvUdNn","baseKeyType":1,"closed":-1,"used":1746612695191,"created":1746612695191,"remoteIdentityKey":"BXHBTFhcWrJr7LfOyr+WhXBorwc+rVP5BOl5BWB1Bfsx"},"_chains":{"BTNt71AbseK9nBCboxBZ8yB6V1Vy9MXi1Wqndf2PoPIH":{"chainKey":{"counter":0,"key":"pghjn8WQclmqBOKKHj2XWysT6BjB5LLQNsLlhRK1hiY="},"chainType":1,"messageKeys":{}}},"pendingPreKey":{"signedKeyId":1,"baseKey":"BS/FZaGBEavJuZWyLWVcx6P67h48uh24F7mVwQTvUdNn","preKeyId":4221097}}},"version":"v1"}