{"_sessions":{"BZT6GCHRYfh2oucXf8/AMOQos2lyRoXbVu6i9iCbNKAI":{"registrationId":11266980,"currentRatchet":{"ephemeralKeyPair":{"pubKey":"BcOvisBLRsL6hdWuFXQ1/cPpRBeQJO75i2bYDVpZ3/83","privKey":"qHMunagPHcnXkQa7boL2iYbjzcADBKlYx/fj+PRRhHw="},"lastRemoteEphemeralKey":"BS+FewiBWkXLtq3kZHjkEErIOE9XVRbKswWdZ/8w/Dwh","previousCounter":0,"rootKey":"0pnnfC/dsEXt3cnEyrkBagtTb6eUMx9vJi9m1vFbsvc="},"indexInfo":{"baseKey":"BZT6GCHRYfh2oucXf8/AMOQos2lyRoXbVu6i9iCbNKAI","baseKeyType":1,"closed":-1,"used":1746627351141,"created":1746627351141,"remoteIdentityKey":"BTRRkcUgCo1D17Lb+aTozepTQ/soBK2LP0lCXq93m6Nu"},"_chains":{"BcOvisBLRsL6hdWuFXQ1/cPpRBeQJO75i2bYDVpZ3/83":{"chainKey":{"counter":0,"key":"sDs2NM9KlWjKP+EI7Tp0x5ecxA7N9MqtSL4EyHQZMrE="},"chainType":1,"messageKeys":{}}},"pendingPreKey":{"signedKeyId":14,"baseKey":"BZT6GCHRYfh2oucXf8/AMOQos2lyRoXbVu6i9iCbNKAI","preKeyId":14387520}}},"version":"v1"}