{"_sessions":{"BWOPbrsBuQ1GD29jwVz5HBq7keWyV90DEUHnuCqUUhJu":{"registrationId":116095178,"currentRatchet":{"ephemeralKeyPair":{"pubKey":"BTg8hCwf9R17KnhojfNjU4djOMG6jFBRJ9lVKT0UPT9K","privKey":"eJLsNxU+Y94X9FVk7o4W1ZQN5s4byKrc7QF+9uREMn0="},"lastRemoteEphemeralKey":"Ba6DTB797TcW39EQgYFSONAVjJlib3QGx+qx3j9YZSFk","previousCounter":0,"rootKey":"nsNV97Pa6V/1qPueLqxjbmYaxh63wzIOsX4BAWA/0oE="},"indexInfo":{"baseKey":"BWOPbrsBuQ1GD29jwVz5HBq7keWyV90DEUHnuCqUUhJu","baseKeyType":1,"closed":-1,"used":1746612488682,"created":1746612488682,"remoteIdentityKey":"BX6rxXX3D0eE85lD+lA+riayAnhgd7kmIyFUuamAWX09"},"_chains":{"BTg8hCwf9R17KnhojfNjU4djOMG6jFBRJ9lVKT0UPT9K":{"chainKey":{"counter":4,"key":"jB5ysnnd9UenyiNVYZ6rcP/dQ+OsBO3N8qCgI0OfPTE="},"chainType":1,"messageKeys":{}}},"pendingPreKey":{"signedKeyId":10451265,"baseKey":"BWOPbrsBuQ1GD29jwVz5HBq7keWyV90DEUHnuCqUUhJu"}}},"version":"v1"}