{"_sessions":{"BQS3XjOJTRh2o7QDgAGyiEA9acI2DB3Zy0zTb/CSTOBB":{"registrationId":250047988,"currentRatchet":{"ephemeralKeyPair":{"pubKey":"BeVDSPtxs2+k8hGVmcrmTh+NJd/0wrpbPdFJhpU+NiY4","privKey":"WNO3Zihpb+kJIEgE3hyvFjyMskD0Tt85ABPNG/mFJWQ="},"lastRemoteEphemeralKey":"BXRyj7PAgrltTqtLJDV1ukF3xv0H5DRqjsWAjg9cwZ0p","previousCounter":0,"rootKey":"zdWE7yZzEcDCbEBqdC6PWExmVz9Nt/kBxhIa1qvMGTQ="},"indexInfo":{"baseKey":"BQS3XjOJTRh2o7QDgAGyiEA9acI2DB3Zy0zTb/CSTOBB","baseKeyType":1,"closed":-1,"used":1746612492982,"created":1746612492982,"remoteIdentityKey":"Be0u+fIYL+qdEav9KYc54fu1XW6J7tQtx/l3LTErr4cQ"},"_chains":{"BeVDSPtxs2+k8hGVmcrmTh+NJd/0wrpbPdFJhpU+NiY4":{"chainKey":{"counter":4,"key":"5EcNz/Bnz0IrghkoY57M8JIY7NQ2GnhfYGjJB0MYExs="},"chainType":1,"messageKeys":{}}},"pendingPreKey":{"signedKeyId":3,"baseKey":"BQS3XjOJTRh2o7QDgAGyiEA9acI2DB3Zy0zTb/CSTOBB","preKeyId":8342395}}},"version":"v1"}