{"_sessions":{"BcCSBrBMnt6gTElYu1zn1z3TD+whuPmqFnu1dihftBcj":{"registrationId":1257396539,"currentRatchet":{"ephemeralKeyPair":{"pubKey":"BcWT/xcoG+KbwT5xa6zkzwfNBNKVJT/K3lA1HlGj/Zdk","privKey":"0IkpwJR9uzLsCEdjr1Ev5jVL3Pw6/ADB6Cpf/QWYoW8="},"lastRemoteEphemeralKey":"BTYYMkN+cO7tbuCbxl1QDrzUq6nj1sbijWO1qvFb8Y5O","previousCounter":0,"rootKey":"rFqNUt44Fr5LghgLPgXVAEaBA6Q/Etx+YKK3b36lt30="},"indexInfo":{"baseKey":"BcCSBrBMnt6gTElYu1zn1z3TD+whuPmqFnu1dihftBcj","baseKeyType":1,"closed":-1,"used":1746612498908,"created":1746612498908,"remoteIdentityKey":"Balfd6QacSjl9nJ3+0X0sJTGMHInFzn/fXq0IVegSxMO"},"_chains":{"BcWT/xcoG+KbwT5xa6zkzwfNBNKVJT/K3lA1HlGj/Zdk":{"chainKey":{"counter":4,"key":"UYSH5IZlbLDWhlEegReTa+bskSst4P0eGIxmg7Bb7w8="},"chainType":1,"messageKeys":{}}},"pendingPreKey":{"signedKeyId":6772780,"baseKey":"BcCSBrBMnt6gTElYu1zn1z3TD+whuPmqFnu1dihftBcj","preKeyId":2629}}},"version":"v1"}