{"_sessions":{"BcNnF0+UHuVVObPVhfbLl954TTiomJ4eKKEeChHF01Q+":{"registrationId":981773373,"currentRatchet":{"ephemeralKeyPair":{"pubKey":"Bf8ukEHfKR4xYrJKl7VEgkjPhGIFPzqM3xFod5rNxgsX","privKey":"WMz4QpHc2995XTmiz8gsvotceBfuJdOWO+dAds+L+ng="},"lastRemoteEphemeralKey":"BaVZS+vMKl2Pg/23KNrmRDdTG4UmLwEBjEgC03fRgQcW","previousCounter":0,"rootKey":"yc9CMJkhMfHopioSnYYk40z/sksKqexHRG/cifD6cvI="},"indexInfo":{"baseKey":"BcNnF0+UHuVVObPVhfbLl954TTiomJ4eKKEeChHF01Q+","baseKeyType":1,"closed":1746627382182,"used":1746627362286,"created":1746627362286,"remoteIdentityKey":"BX9nwYBpM6dTz2LxZ52R5Lv/IcfsPapyeYWIU3QsUDlq"},"_chains":{"Bf8ukEHfKR4xYrJKl7VEgkjPhGIFPzqM3xFod5rNxgsX":{"chainKey":{"counter":0,"key":"BfPjSRl6j8eZ7mb2vXONjS4hr0xrJbZOFk3CJ9ekPQw="},"chainType":1,"messageKeys":{}}},"pendingPreKey":{"signedKeyId":2,"baseKey":"BcNnF0+UHuVVObPVhfbLl954TTiomJ4eKKEeChHF01Q+","preKeyId":7125}},"Ba3qN+Y1lcyn1VLNh2CHeDicl2D0ypOMrqkF9LpHl+hp":{"registrationId":981773373,"currentRatchet":{"ephemeralKeyPair":{"pubKey":"BYHUimHVYB8WT8hocmBODRPs+ASWvV81nAO3mmevd1IX","privKey":"GMOnDyaSlB93ZP/64s5kb3Y7g+u3Ci7mnzXPgqXQYkA="},"lastRemoteEphemeralKey":"BaVZS+vMKl2Pg/23KNrmRDdTG4UmLwEBjEgC03fRgQcW","previousCounter":0,"rootKey":"ui2dMONIMWC/3ohZ09GoGQqBxUBxgC/J0Q/Lxz7qeEI="},"indexInfo":{"baseKey":"Ba3qN+Y1lcyn1VLNh2CHeDicl2D0ypOMrqkF9LpHl+hp","baseKeyType":1,"closed":1746627404874,"used":1746627381719,"created":1746627381719,"remoteIdentityKey":"BX9nwYBpM6dTz2LxZ52R5Lv/IcfsPapyeYWIU3QsUDlq"},"_chains":{"BYHUimHVYB8WT8hocmBODRPs+ASWvV81nAO3mmevd1IX":{"chainKey":{"counter":0,"key":"LP5uUzMboO10lR+xnSCbfw+0V5FtlLwD89QyNdH0sx4="},"chainType":1,"messageKeys":{}}},"pendingPreKey":{"signedKeyId":2,"baseKey":"Ba3qN+Y1lcyn1VLNh2CHeDicl2D0ypOMrqkF9LpHl+hp","preKeyId":6833}},"BdZQuHInmfFB/kwFGq+pF773uEjReeFL/Xw1PmfwuhJA":{"registrationId":981773373,"currentRatchet":{"ephemeralKeyPair":{"pubKey":"BYBf3XqDQoZsxjzvMmj834q8p5qthu2zO/eZiiyiQSor","privKey":"+IylSo4zORFpX4/TOseziHckrKkHWDZzdXkomVcjRWE="},"lastRemoteEphemeralKey":"BaVZS+vMKl2Pg/23KNrmRDdTG4UmLwEBjEgC03fRgQcW","previousCounter":0,"rootKey":"5jTxzImrsJi9S+2zDihcX0yvBTCKKH5LH0rGoq7Gfyg="},"indexInfo":{"baseKey":"BdZQuHInmfFB/kwFGq+pF773uEjReeFL/Xw1PmfwuhJA","baseKeyType":1,"closed":-1,"used":1746627404537,"created":1746627404537,"remoteIdentityKey":"BX9nwYBpM6dTz2LxZ52R5Lv/IcfsPapyeYWIU3QsUDlq"},"_chains":{"BYBf3XqDQoZsxjzvMmj834q8p5qthu2zO/eZiiyiQSor":{"chainKey":{"counter":3,"key":"J/5Gs9ItF8suB7+Fmzj+dc3U34JjyuEzQFWHacd4H2c="},"chainType":1,"messageKeys":{}}},"pendingPreKey":{"signedKeyId":2,"baseKey":"BdZQuHInmfFB/kwFGq+pF773uEjReeFL/Xw1PmfwuhJA","preKeyId":6901}}},"version":"v1"}