{"_sessions":{"BfO+aSOp+fdbMTqdB2/C20+GhDNfFahL2SMLyyKfL4Jy":{"registrationId":574230151,"currentRatchet":{"ephemeralKeyPair":{"pubKey":"BcI34gy6c01IjyI3ynxiqDKD5RGKF+RY6uWKeJ+Jw4ZJ","privKey":"yEYxfNVpJO66DcMThVFZGnlkjt/Lqb7PCVMOglnScVM="},"lastRemoteEphemeralKey":"BdMXALdMF8DLnfdEJKBPKygYhXxZofdbc5ko1GaRiy5y","previousCounter":0,"rootKey":"bmEn613H9DFKjM83TOR8BkEcdb0i5Y2e1AfuVARCfiQ="},"indexInfo":{"baseKey":"BfO+aSOp+fdbMTqdB2/C20+GhDNfFahL2SMLyyKfL4Jy","baseKeyType":1,"closed":1746627382617,"used":1746627362660,"created":1746627362660,"remoteIdentityKey":"BaffBOOAgeACBh0KcPAh8XBkFcZucDuXTKSLYrCxaNZn"},"_chains":{"BcI34gy6c01IjyI3ynxiqDKD5RGKF+RY6uWKeJ+Jw4ZJ":{"chainKey":{"counter":0,"key":"V1b8sRh27n23ewbYBPBgvLYgDMFi5AKtW9+ydOUu+Qg="},"chainType":1,"messageKeys":{}}},"pendingPreKey":{"signedKeyId":2,"baseKey":"BfO+aSOp+fdbMTqdB2/C20+GhDNfFahL2SMLyyKfL4Jy","preKeyId":6011354}},"BRNRj/wPDBqNNmw+XJPERdlOJm8D8UHnCUI75OopPQ0p":{"registrationId":574230151,"currentRatchet":{"ephemeralKeyPair":{"pubKey":"BflyN+Wa9R9c9a13Sxz2lE6ji9hY6OtpFmPlwAgSx8gH","privKey":"yJ0DEIbj7dsD7phhpgo2zlI0ipYlJ4b4/yhFSbEXZVs="},"lastRemoteEphemeralKey":"BdMXALdMF8DLnfdEJKBPKygYhXxZofdbc5ko1GaRiy5y","previousCounter":0,"rootKey":"kmlo8bVd/EOc3ZLpVuIRV+H9bVDc9UETgx9afRQl3ng="},"indexInfo":{"baseKey":"BRNRj/wPDBqNNmw+XJPERdlOJm8D8UHnCUI75OopPQ0p","baseKeyType":1,"closed":1746627404933,"used":1746627382040,"created":1746627382040,"remoteIdentityKey":"BaffBOOAgeACBh0KcPAh8XBkFcZucDuXTKSLYrCxaNZn"},"_chains":{"BflyN+Wa9R9c9a13Sxz2lE6ji9hY6OtpFmPlwAgSx8gH":{"chainKey":{"counter":0,"key":"WCCpPK7uQF+/KKvZ3QVyEzcVKC8FSCd28jpW6IGSOCM="},"chainType":1,"messageKeys":{}}},"pendingPreKey":{"signedKeyId":2,"baseKey":"BRNRj/wPDBqNNmw+XJPERdlOJm8D8UHnCUI75OopPQ0p","preKeyId":6010997}},"BdH3mqDwZHdKIrzMkl5jyAzi4IBNJsBk9yIkJOBHEdYa":{"registrationId":574230151,"currentRatchet":{"ephemeralKeyPair":{"pubKey":"Baj2W47k8LCiECuC7U+fYi+v9g2awzKmyrhTqRxDcElR","privKey":"GMvdh5vVPwMDS5v6uw1P/i+2IlLN9j2nBmxCFIl0KXI="},"lastRemoteEphemeralKey":"BdMXALdMF8DLnfdEJKBPKygYhXxZofdbc5ko1GaRiy5y","previousCounter":0,"rootKey":"tbUyKwKL17CIS8NSb2vCjHfF8xpC34rLyLpOEMgi4T4="},"indexInfo":{"baseKey":"BdH3mqDwZHdKIrzMkl5jyAzi4IBNJsBk9yIkJOBHEdYa","baseKeyType":1,"closed":-1,"used":1746627404786,"created":1746627404786,"remoteIdentityKey":"BaffBOOAgeACBh0KcPAh8XBkFcZucDuXTKSLYrCxaNZn"},"_chains":{"Baj2W47k8LCiECuC7U+fYi+v9g2awzKmyrhTqRxDcElR":{"chainKey":{"counter":3,"key":"Wzvzg4WqiF+nTpmyKC+jH1AhvaPne8N1DnlxMbbQMt8="},"chainType":1,"messageKeys":{}}},"pendingPreKey":{"signedKeyId":2,"baseKey":"BdH3mqDwZHdKIrzMkl5jyAzi4IBNJsBk9yIkJOBHEdYa","preKeyId":6011037}}},"version":"v1"}