{"_sessions":{"Bd10HmnrC7g8qrR8lWK3ZTWl357dHBf5WYt+wqKYx4kL":{"registrationId":629818986,"currentRatchet":{"ephemeralKeyPair":{"pubKey":"BVSxNsxuGRQuMnHRON8KjT9vJG3b8O3E82q1vIH/kN8E","privKey":"qE78+xMjvgzwBhFCDRcrIq9unOfNoql7QOjJCi88CUs="},"lastRemoteEphemeralKey":"BaGLrTfOERU6cO96iY25Plhc7UqQdAcP9rz1l/JBM2w5","previousCounter":0,"rootKey":"mrNKrK3iFk/qCu0A2pOY8iv+R/8qnjzraz1OX0yO0FU="},"indexInfo":{"baseKey":"Bd10HmnrC7g8qrR8lWK3ZTWl357dHBf5WYt+wqKYx4kL","baseKeyType":1,"closed":-1,"used":1746612488830,"created":1746612488830,"remoteIdentityKey":"BUkhg3pfWKjBP6TmdX8W2/OoZeoXHBEXP705St5bj1h5"},"_chains":{"BVSxNsxuGRQuMnHRON8KjT9vJG3b8O3E82q1vIH/kN8E":{"chainKey":{"counter":4,"key":"NiYCgz4cOAGVNgN8rMSy4AchYwYT12kSoz0Nika85Ak="},"chainType":1,"messageKeys":{}}},"pendingPreKey":{"signedKeyId":8,"baseKey":"Bd10HmnrC7g8qrR8lWK3ZTWl357dHBf5WYt+wqKYx4kL","preKeyId":468844}}},"version":"v1"}