{"_sessions":{"BScjXqkL9E+iR+wgbLxcQFnhVwjfGnHKQ3iizl2+U4R2":{"registrationId":368227284,"currentRatchet":{"ephemeralKeyPair":{"pubKey":"BSByCdqpXkWP0MdwJ5RV+P5n5JhzgHOC2N/c21MEmh5Y","privKey":"SK5izjTrVkjhBxxydfiLkgITeTX2ZXXH/qInh6rdBE8="},"lastRemoteEphemeralKey":"BWmYpdFCPDVwtpQ+OJ9scDdpksXqjfB57X7V7ZWtvU5i","previousCounter":0,"rootKey":"WoxXmaMnoMEKWCktMfvAdVOklS9kD1SpUu0oUv18e/s="},"indexInfo":{"baseKey":"BScjXqkL9E+iR+wgbLxcQFnhVwjfGnHKQ3iizl2+U4R2","baseKeyType":1,"closed":-1,"used":1746612488965,"created":1746612488965,"remoteIdentityKey":"BbLT2rvkO3VbdFTWjaARw63bkkUYVojroRzewpDq5gxc"},"_chains":{"BSByCdqpXkWP0MdwJ5RV+P5n5JhzgHOC2N/c21MEmh5Y":{"chainKey":{"counter":4,"key":"gmESJBQWY1YrNjxottdFa2hKlmKes2iDSEt6x1Kose8="},"chainType":1,"messageKeys":{}}},"pendingPreKey":{"signedKeyId":2,"baseKey":"BScjXqkL9E+iR+wgbLxcQFnhVwjfGnHKQ3iizl2+U4R2","preKeyId":9790275}}},"version":"v1"}