{"_sessions":{"BaNNRXMntNX05Oiceu1RPOXne5FGi26k98Nh1xKtvM9p":{"registrationId":8977745,"currentRatchet":{"ephemeralKeyPair":{"pubKey":"BUQZwB6rqT4Pm8hIB/s92pnZJBikWkBeEiQCJKHE7Cwj","privKey":"qDle8SFdCy8YNuHDaFaPNdLb+Bi6odrsP6bFERd0GHw="},"lastRemoteEphemeralKey":"BXemsAWBcjh4n4+uKoRU9GtgALdqeMfO8gfbKBCwrdRt","previousCounter":0,"rootKey":"kOOK9MslCbkJYlv3Z7p1i3OGb6A4gD8UOrjlAsxXrlA="},"indexInfo":{"baseKey":"BaNNRXMntNX05Oiceu1RPOXne5FGi26k98Nh1xKtvM9p","baseKeyType":1,"closed":-1,"used":1746612497042,"created":1746612497042,"remoteIdentityKey":"BX7mHYldyWZG+08N06qsfbrhA85omO29/OWsb6ig8N8c"},"_chains":{"BUQZwB6rqT4Pm8hIB/s92pnZJBikWkBeEiQCJKHE7Cwj":{"chainKey":{"counter":4,"key":"aLkDG5j9PDvofnUyNtfmnWQsBT0zdkNcwW9n10HL4yk="},"chainType":1,"messageKeys":{}}},"pendingPreKey":{"signedKeyId":14310522,"baseKey":"BaNNRXMntNX05Oiceu1RPOXne5FGi26k98Nh1xKtvM9p","preKeyId":2251}}},"version":"v1"}