{"_sessions":{"BbQdNY7u0RuQKKNkRUm5b7qd41/2RTjQDF6GUkUt6HN6":{"registrationId":237979131,"currentRatchet":{"ephemeralKeyPair":{"pubKey":"BQmN68/j6FlUVxi/VHoRDZvA2so64QQjI/MGxtbcnewh","privKey":"eEt+HH4FVnTopzAXEo3KsXq5L+XGkSiWuIowbgrO738="},"lastRemoteEphemeralKey":"Bfc2F93CLmEjvL2/irLTxNzSn+zwa476W+XDL+vlqD9B","previousCounter":0,"rootKey":"4rMZzV0Tc8UIOIcGEN9NNX42OM5pHS9pz3iZe29g/Bw="},"indexInfo":{"baseKey":"BbQdNY7u0RuQKKNkRUm5b7qd41/2RTjQDF6GUkUt6HN6","baseKeyType":1,"closed":-1,"used":1746612493261,"created":1746612493261,"remoteIdentityKey":"BTZi/9xDbkxnkx3bEM0rWM4sDnofaLWaZynnbPgN3yJn"},"_chains":{"BQmN68/j6FlUVxi/VHoRDZvA2so64QQjI/MGxtbcnewh":{"chainKey":{"counter":4,"key":"y6kDEhO153iBuIhDJoisvXUGeVxcKlts/4gMQI4guvw="},"chainType":1,"messageKeys":{}}},"pendingPreKey":{"signedKeyId":2,"baseKey":"BbQdNY7u0RuQKKNkRUm5b7qd41/2RTjQDF6GUkUt6HN6","preKeyId":7144585}}},"version":"v1"}