{"_sessions":{"BXMtwyvWuhjsWZQHldYKx4OGvq+4j1eehY9PWwX6Y4kY":{"registrationId":1284712176,"currentRatchet":{"ephemeralKeyPair":{"pubKey":"BTPg9jaSAH/A3JfUWtcLUVPflzprorSowsZO+SPmkn8a","privKey":"YMyEFOxqf+734wDlmoWJXLZyUbYm7v+Pm8AXEfUMxmg="},"lastRemoteEphemeralKey":"BREQUPKivly1Ws7KZin6gUA6ojogr2nxAQO5KuyFgPoo","previousCounter":0,"rootKey":"6hn3s5TgLdjobIUCKfxyNdcurGFZbYHSBGyJABPJcv8="},"indexInfo":{"baseKey":"BXMtwyvWuhjsWZQHldYKx4OGvq+4j1eehY9PWwX6Y4kY","baseKeyType":1,"closed":-1,"used":1746612488867,"created":1746612488867,"remoteIdentityKey":"Bc2RIbiAE2319t0ddDsvKwVrvBee1kR9SsI17pCGAbgD"},"_chains":{"BTPg9jaSAH/A3JfUWtcLUVPflzprorSowsZO+SPmkn8a":{"chainKey":{"counter":4,"key":"bhuGBlgLbPi2MdFwYiQdjPek3HBPzp7E/u+513OLrdI="},"chainType":1,"messageKeys":{}}},"pendingPreKey":{"signedKeyId":9,"baseKey":"BXMtwyvWuhjsWZQHldYKx4OGvq+4j1eehY9PWwX6Y4kY","preKeyId":9695928}}},"version":"v1"}