{"_sessions":{"BX7DcI5NXkTNH5AQARICmO65+ZCY3WaDkLRfKFrQ885u":{"registrationId":549150055,"currentRatchet":{"ephemeralKeyPair":{"pubKey":"BZX0K8XPqS6rKx7a2RPWdC6Yr7LB3O9kFVF5G5D+n7dm","privKey":"yDfxflrqIMLIH1D3nb4/6cNoyhuR536c4xtXlF6AiFc="},"lastRemoteEphemeralKey":"BfbiSAtF6Nd4dwFaLuchRRzaLFT9fE1bNAXz8/lbrTIK","previousCounter":0,"rootKey":"BWaotiRDZvf712dLqL/EF7UbOpJwxmrQC4bQKH68i0s="},"indexInfo":{"baseKey":"BX7DcI5NXkTNH5AQARICmO65+ZCY3WaDkLRfKFrQ885u","baseKeyType":1,"closed":-1,"used":1746612497183,"created":1746612497183,"remoteIdentityKey":"BaHcnwK6kvUclRxYILFMj2jymt1Sc3zW8TPulXjzicxO"},"_chains":{"BZX0K8XPqS6rKx7a2RPWdC6Yr7LB3O9kFVF5G5D+n7dm":{"chainKey":{"counter":4,"key":"Y6A2CEL4Tsrnklq30yTNxUaaKXCNH2yoooIAIvMe5Ek="},"chainType":1,"messageKeys":{}}},"pendingPreKey":{"signedKeyId":1,"baseKey":"BX7DcI5NXkTNH5AQARICmO65+ZCY3WaDkLRfKFrQ885u","preKeyId":14824512}}},"version":"v1"}