{"_sessions":{"BaH8eCbAUfmKeMXThx7yNPuvV2gXnKEj1eRmF1Hit7EX":{"registrationId":760690526,"currentRatchet":{"ephemeralKeyPair":{"pubKey":"BVibnykdYVbmLUTHrj5bJTjkb2fLRl6wT6W0SWDEzm17","privKey":"6Fo/SogaBq6bxN3XVuWLRT4PMS6DDU3pj4w/nx2ntXE="},"lastRemoteEphemeralKey":"BWKi8g2nVKlBEbsRhFwWFjP9cYub9b7GrKQV6B50lpRr","previousCounter":0,"rootKey":"iRtvSqnVZxRlk4fSHwl9vZKQTTPmCmeQL2ZcEQE/FN0="},"indexInfo":{"baseKey":"BaH8eCbAUfmKeMXThx7yNPuvV2gXnKEj1eRmF1Hit7EX","baseKeyType":1,"closed":-1,"used":1746612493312,"created":1746612493312,"remoteIdentityKey":"Baha4bKfCTgMBqsl1TBWhRloyjaFmoDgMLXjl0w4VeJR"},"_chains":{"BVibnykdYVbmLUTHrj5bJTjkb2fLRl6wT6W0SWDEzm17":{"chainKey":{"counter":4,"key":"IYfQqT+WWWBCzWF/SpJN04aShVZRJx1aWxX9IxYds48="},"chainType":1,"messageKeys":{}}},"pendingPreKey":{"signedKeyId":7,"baseKey":"BaH8eCbAUfmKeMXThx7yNPuvV2gXnKEj1eRmF1Hit7EX","preKeyId":10492423}}},"version":"v1"}