{"_sessions":{"Bb9535UBNeNm+R+F2cAuEQ3Fj5PcUOmtKGp4SvtY9nwF":{"registrationId":1178301286,"currentRatchet":{"ephemeralKeyPair":{"pubKey":"BbvIDhtIKtgxrZyAkLlUmH97/tlIDeFYWBS2AgyQMAQx","privKey":"QOVvjG+mTk1WtVpYjqbNbVVfvPxgr7pJ8vGyhfexJmU="},"lastRemoteEphemeralKey":"BdV0ZEND9ar9f/3B4m4Chm3sWAw5tK+VLgKNLJQgdA9q","previousCounter":0,"rootKey":"FAAS2S6eLvaERgZAyyVlp45md3zZnq4gE7P4am1eErI="},"indexInfo":{"baseKey":"Bb9535UBNeNm+R+F2cAuEQ3Fj5PcUOmtKGp4SvtY9nwF","baseKeyType":1,"closed":-1,"used":1746612493195,"created":1746612493195,"remoteIdentityKey":"BVNIVoCxKpH03ellzaoX0iC+9Db8OpFGJ3UuvK78JwlM"},"_chains":{"BbvIDhtIKtgxrZyAkLlUmH97/tlIDeFYWBS2AgyQMAQx":{"chainKey":{"counter":4,"key":"nv9D+NfqOUACaDBgjsYtp8GMeWAvUdfV5lxZrSX8Xj4="},"chainType":1,"messageKeys":{}}},"pendingPreKey":{"signedKeyId":3,"baseKey":"Bb9535UBNeNm+R+F2cAuEQ3Fj5PcUOmtKGp4SvtY9nwF"}}},"version":"v1"}