{"_sessions":{"BagHWFd6UIDVIYHssGpfN3qJQ0FhnGnj6l9c0fSDT/BM":{"registrationId":406056035,"currentRatchet":{"ephemeralKeyPair":{"pubKey":"BfPJhlCRZtzxz/bKYQqIVjBd3Ln8MGS4HWeXAaTgpPhZ","privKey":"aJexX03qgQPppSlqbxmy9Vuug5oiO2eg/5DxGHMa5GI="},"lastRemoteEphemeralKey":"Bcykf71+cJIJjuqmu4uNXKZkJfK7TnxE+DqEN7YQz5V7","previousCounter":0,"rootKey":"LA1xQFXsvbShXxgMU+m457ujUwqSyhCbTWaCY0Kijx4="},"indexInfo":{"baseKey":"BagHWFd6UIDVIYHssGpfN3qJQ0FhnGnj6l9c0fSDT/BM","baseKeyType":1,"closed":-1,"used":1746612492625,"created":1746612492625,"remoteIdentityKey":"Bb2ZfaWcCgq2pAjk5yYnT5Ngy6JS6dmfge1JVQKLZD43"},"_chains":{"BfPJhlCRZtzxz/bKYQqIVjBd3Ln8MGS4HWeXAaTgpPhZ":{"chainKey":{"counter":4,"key":"MJXhjUnu6bh4Ms22Cw/QqGQ0jJhlybEbUFWkrLZ5aHo="},"chainType":1,"messageKeys":{}}},"pendingPreKey":{"signedKeyId":10,"baseKey":"BagHWFd6UIDVIYHssGpfN3qJQ0FhnGnj6l9c0fSDT/BM","preKeyId":11034958}}},"version":"v1"}