{"_sessions":{"Bd9oKcBHXOMqpvL35tqvEOUo2kdaVotI2Oj7mCqh06gK":{"registrationId":1548606789,"currentRatchet":{"ephemeralKeyPair":{"pubKey":"BRGqFkqRSkwhkNjZ16zLam74RYMjtLxssZdfXn4y0GhC","privKey":"AOtaiXZe/g0hX+gPgP5UUk0VmHEtv0Dtc1VspcyKsGw="},"lastRemoteEphemeralKey":"BaVA8w2c5P1U4zmJ6PBHIT4xcdI03l9HfQ4S6saPC5pI","previousCounter":0,"rootKey":"1V6Me6NBhVdCiswO5/gCDf9416oQGqCd5f6+3wMya0c="},"indexInfo":{"baseKey":"Bd9oKcBHXOMqpvL35tqvEOUo2kdaVotI2Oj7mCqh06gK","baseKeyType":1,"closed":-1,"used":1746612695149,"created":1746612695149,"remoteIdentityKey":"BfUFA/iisVfoDf5pVN+zcaE744tHXa+0iw2KFNyX0VIu"},"_chains":{"BRGqFkqRSkwhkNjZ16zLam74RYMjtLxssZdfXn4y0GhC":{"chainKey":{"counter":0,"key":"oZgUG5DI6fk8WDlyNa+hng7A1LEd0ILa8rOCZuJe2LQ="},"chainType":1,"messageKeys":{}}},"pendingPreKey":{"signedKeyId":4,"baseKey":"Bd9oKcBHXOMqpvL35tqvEOUo2kdaVotI2Oj7mCqh06gK","preKeyId":2409692}}},"version":"v1"}