{"_sessions":{"BZUzglIypRVIxHJw+nCoLaNbwzXjOzJIim1qidPQ91E8":{"registrationId":955328309,"currentRatchet":{"ephemeralKeyPair":{"pubKey":"BdTDb2jt2Cc20S7LrHSUzIxtn9rMwHY9lieC5pwElo4b","privKey":"GKAHqtFW95k3/tqBXEk7wDwNoua9cy/LLWh6UbDNJmc="},"lastRemoteEphemeralKey":"BUiYFxvVs9nKuiv5rhQUj/YJxupyI07cdp1XlRcs9BFj","previousCounter":0,"rootKey":"RwK6K3t4WFArQ/UiJwTbfHZQHdhaoRjWQhzq2Htjad0="},"indexInfo":{"baseKey":"BZUzglIypRVIxHJw+nCoLaNbwzXjOzJIim1qidPQ91E8","baseKeyType":1,"closed":-1,"used":1746612488567,"created":1746612488567,"remoteIdentityKey":"BaOl0sTmzxP0E+yi4sCX7aQLsH9KNR55IiE7k7l+6DFL"},"_chains":{"BdTDb2jt2Cc20S7LrHSUzIxtn9rMwHY9lieC5pwElo4b":{"chainKey":{"counter":4,"key":"VSfXf10aRjypShvnr89x2jGdXg9kHbKxYeuZ71bw9KM="},"chainType":1,"messageKeys":{}}},"pendingPreKey":{"signedKeyId":8,"baseKey":"BZUzglIypRVIxHJw+nCoLaNbwzXjOzJIim1qidPQ91E8","preKeyId":6446020}}},"version":"v1"}