{"_sessions":{"BZBwEN57U09INOSjh4d5sW4kQ9UNiwMg566Tak095I5k":{"registrationId":1086977996,"currentRatchet":{"ephemeralKeyPair":{"pubKey":"BbkpfZ9Y3PZjzLd2Qr2s9JiWXlJ91A0jDsaa/wU+zmYW","privKey":"SHJCVYBWe8bko/Fip13Qb80xN59AAyL3FTZEKu/Yw18="},"lastRemoteEphemeralKey":"BaPUzZyFh6LqU6FXVMwn6qQSx6tQHawoLN77DW/gf4UU","previousCounter":0,"rootKey":"KQCVkq/j00NCwp6MlPKTogYQgZWMjtavebqC0ZvkcAQ="},"indexInfo":{"baseKey":"BZBwEN57U09INOSjh4d5sW4kQ9UNiwMg566Tak095I5k","baseKeyType":1,"closed":-1,"used":1746612488950,"created":1746612488950,"remoteIdentityKey":"BUDKUnRMu+5Wac9auO1FjCg1OX3Giw2iU08RSfpVDFUi"},"_chains":{"BbkpfZ9Y3PZjzLd2Qr2s9JiWXlJ91A0jDsaa/wU+zmYW":{"chainKey":{"counter":4,"key":"2EvKV+fMR1uo/Kg6NEwUmReYF8+MXc+4IE6kNdvLl/Q="},"chainType":1,"messageKeys":{}}},"pendingPreKey":{"signedKeyId":5,"baseKey":"BZBwEN57U09INOSjh4d5sW4kQ9UNiwMg566Tak095I5k"}}},"version":"v1"}