{"_sessions":{"Bcxq1gwedKMHAeNJX+PS1fSHlMrPJknvy22bnzv0Wh8F":{"registrationId":1127372685,"currentRatchet":{"ephemeralKeyPair":{"pubKey":"BYbGe6qWliu6Ux0jjm6dSYosyiGQtdJNEREB9mJJd3Qy","privKey":"INmWHt3GtIJF0AFgnxFuuV1GtGD5zhSWDmSajUFaaFM="},"lastRemoteEphemeralKey":"BfF7j6F6RahQcv5GLKzZ1fZT4uXFl/HsAYe745XikA0y","previousCounter":0,"rootKey":"qRy91WNd5eynVt5jC6Ff4WC9wRsIsw9WQMzNgI1moNs="},"indexInfo":{"baseKey":"Bcxq1gwedKMHAeNJX+PS1fSHlMrPJknvy22bnzv0Wh8F","baseKeyType":1,"closed":-1,"used":1746612488466,"created":1746612488466,"remoteIdentityKey":"BQHzYg+JLY220jD0BulIrpCF6aty02d0hM+6a7xvGycE"},"_chains":{"BYbGe6qWliu6Ux0jjm6dSYosyiGQtdJNEREB9mJJd3Qy":{"chainKey":{"counter":4,"key":"jJX6aALMu2eQh60vydjcHPLGbCZAlXqjF0nwM/tzNl0="},"chainType":1,"messageKeys":{}}},"pendingPreKey":{"signedKeyId":2,"baseKey":"Bcxq1gwedKMHAeNJX+PS1fSHlMrPJknvy22bnzv0Wh8F"}}},"version":"v1"}