{"_sessions":{"BS0zaJGCvpB/Cx6EOHAydR87nS7bc+jJIe4pTXe7XkMb":{"registrationId":255,"currentRatchet":{"ephemeralKeyPair":{"pubKey":"BXLcitb326zi4cBGOGGeKBw7SfVWCCPOOduq/ocgr8he","privKey":"iIugVsk8vo82GasP5aGJzKkHOILlh5cMM/7AtnMU0UA="},"lastRemoteEphemeralKey":"BYtHqwP+FY8/R0FHY3jBJBwaYorqaRDMIwqEXjbdRtsZ","previousCounter":0,"rootKey":"8umsLInG78ZGJph8KdmfM71ytxXEV46yxd7Y6J9SlNo="},"indexInfo":{"baseKey":"BS0zaJGCvpB/Cx6EOHAydR87nS7bc+jJIe4pTXe7XkMb","baseKeyType":1,"closed":-1,"used":1746612488461,"created":1746612488461,"remoteIdentityKey":"BXCN/SdhUijdlkJz/JqtoKC6Tsx3gWpLY8HFr/oZZjAG"},"_chains":{"BXLcitb326zi4cBGOGGeKBw7SfVWCCPOOduq/ocgr8he":{"chainKey":{"counter":4,"key":"ntP7C7ylJpBmg1cWMHSwSOeKj09Zygq7vWGSf8e6rPo="},"chainType":1,"messageKeys":{}}},"pendingPreKey":{"signedKeyId":1,"baseKey":"BS0zaJGCvpB/Cx6EOHAydR87nS7bc+jJIe4pTXe7XkMb"}}},"version":"v1"}