{"_sessions":{"BW+eS+jQks0FXlxkkQeKFRPLWb5lE7HkVTtpTz+bWRFw":{"registrationId":1821560184,"currentRatchet":{"ephemeralKeyPair":{"pubKey":"BYlOi7jC4dDCVbZe0d1VRfnEda+6qFTJnXd4jcA44PgA","privKey":"0KDbcBVSaE1nfL/xekvKhrKtV1Lt8YizkGktkwSk/1w="},"lastRemoteEphemeralKey":"BRyBKITLC+ywEGmH45owEtDDIHOqU8QpPXxHWJVxIAEl","previousCounter":0,"rootKey":"qvsRnSioMAfnQ0GJc9JN1TJIwp0qmXEEg+NtC3vAz9k="},"indexInfo":{"baseKey":"BW+eS+jQks0FXlxkkQeKFRPLWb5lE7HkVTtpTz+bWRFw","baseKeyType":1,"closed":-1,"used":1746612497060,"created":1746612497060,"remoteIdentityKey":"BeFZTt8Ramahi6glgiymdyEneLZuaW12s4QuinjyhIc9"},"_chains":{"BYlOi7jC4dDCVbZe0d1VRfnEda+6qFTJnXd4jcA44PgA":{"chainKey":{"counter":4,"key":"mkWyQenENk/66hM85VxkcZn9VCRa+othNPQrA6LZuIU="},"chainType":1,"messageKeys":{}}},"pendingPreKey":{"signedKeyId":1,"baseKey":"BW+eS+jQks0FXlxkkQeKFRPLWb5lE7HkVTtpTz+bWRFw","preKeyId":9137419}}},"version":"v1"}