{"_sessions":{"BU7GVvtx9VLcbwQ4fI5FntxKGU/Bhasfe1NAFDNBG+dl":{"registrationId":673068420,"currentRatchet":{"ephemeralKeyPair":{"pubKey":"BaaB+xZCRwfEq3sitrb08tN4O8XtHIjH+bfuIGPoxZoU","privKey":"OCBni/q7+t2fyPOlk8XdJkCvf9qfTHRykX/TcV7funs="},"lastRemoteEphemeralKey":"BTt2EwNjXEz2sw7Tj1IVXGS0+jJEf+Z8P5/cqgLu6wlV","previousCounter":0,"rootKey":"0jxxVvdi5dxMZzQ64l6Uc33FmkcCqke7Qv9DttVO3Sc="},"indexInfo":{"baseKey":"BU7GVvtx9VLcbwQ4fI5FntxKGU/Bhasfe1NAFDNBG+dl","baseKeyType":1,"closed":-1,"used":1746627350983,"created":1746627350983,"remoteIdentityKey":"BU74jneFgxTG8e6T5/UO/haFmaF1aqiNyoMeQlEVHQ9O"},"_chains":{"BaaB+xZCRwfEq3sitrb08tN4O8XtHIjH+bfuIGPoxZoU":{"chainKey":{"counter":0,"key":"0jAT5eKCqtLTW2KhNJ4dbYpzpfGScTsIicxgxbtaTAQ="},"chainType":1,"messageKeys":{}}},"pendingPreKey":{"signedKeyId":7,"baseKey":"BU7GVvtx9VLcbwQ4fI5FntxKGU/Bhasfe1NAFDNBG+dl","preKeyId":13113593}}},"version":"v1"}