{"_sessions":{"BQL4f+RwMI97QUmpnPlHU+dkoXAyGhdKtCUwGMECY5xd":{"registrationId":1417513448,"currentRatchet":{"ephemeralKeyPair":{"pubKey":"Be3rx9k/YBrkuwdkDlVjv6Kz+FyhRVf1F/kbRqU2bmt2","privKey":"YP9z+ciLa30b1pXXosBDuSug37kvoT0ZsvGDMM2Qa18="},"lastRemoteEphemeralKey":"Be+9uhpKii+7XH8aRRUefxHKAXrUCtoPF5YGRMP2hAgY","previousCounter":0,"rootKey":"xfXbhz+XCiggzwvn22QtTSM0A0z0oBC0Br29BaJ/0p0="},"indexInfo":{"baseKey":"BQL4f+RwMI97QUmpnPlHU+dkoXAyGhdKtCUwGMECY5xd","baseKeyType":1,"closed":-1,"used":1746612493232,"created":1746612493232,"remoteIdentityKey":"BTOdkDvgTKkPGtbheuVC3ErdBFAo3Am+H/Z5voBvIGFw"},"_chains":{"Be3rx9k/YBrkuwdkDlVjv6Kz+FyhRVf1F/kbRqU2bmt2":{"chainKey":{"counter":4,"key":"p1r+Kxx+YmhiQn9WjV/D2YIndUGe30gB7mGtMx/sfQA="},"chainType":1,"messageKeys":{}}},"pendingPreKey":{"signedKeyId":949155,"baseKey":"BQL4f+RwMI97QUmpnPlHU+dkoXAyGhdKtCUwGMECY5xd","preKeyId":5639}}},"version":"v1"}