{"_sessions":{"BZGKvBtDd0a3ZRCcBKnkBvIjy+UodEyvEIqmY6aJsasR":{"registrationId":904635767,"currentRatchet":{"ephemeralKeyPair":{"pubKey":"BRFTCyFvNqsCC/yc5ImH7DnXKinyXz571L484WJInZcg","privKey":"WLwbYXf3M/gdWffieqF7oHC4kWo2rlyC1ghjhH50ymE="},"lastRemoteEphemeralKey":"BYJpUb6McmMMcASAicaMSEbwTwDTcfdJsxoFmK3rf0Ak","previousCounter":0,"rootKey":"Q0YAUB1N8G78wgiNWrkNuH4c0M06R55YGYJmb7QRmFU="},"indexInfo":{"baseKey":"BZGKvBtDd0a3ZRCcBKnkBvIjy+UodEyvEIqmY6aJsasR","baseKeyType":1,"closed":-1,"used":1746612492873,"created":1746612492873,"remoteIdentityKey":"BRWR3kr8872pc+Z5GNPMhGAX5842TeqhLfK7biCxcUJj"},"_chains":{"BRFTCyFvNqsCC/yc5ImH7DnXKinyXz571L484WJInZcg":{"chainKey":{"counter":4,"key":"7GqCH2hmKvApoMDrlH5S3ADlUrTnDUUoqtbrPhJ//5Y="},"chainType":1,"messageKeys":{}}},"pendingPreKey":{"signedKeyId":1,"baseKey":"BZGKvBtDd0a3ZRCcBKnkBvIjy+UodEyvEIqmY6aJsasR","preKeyId":7504608}}},"version":"v1"}