{"_sessions":{"Be8aNI7wzriajOkaubU2SS3avHSLcGgxk+Fh/9vB1QUK":{"registrationId":1312639379,"currentRatchet":{"ephemeralKeyPair":{"pubKey":"BVHVi1AP45/j9zHYdtcjsM4vsHCgKsZ1tDp95TfBzeoZ","privKey":"6GAtuIIczaMIXayyTEY2cGK5SkKDrnZgUsrCFAcXk38="},"lastRemoteEphemeralKey":"BTDFdxW7AxcLz0sHdIP7xmpFbFyXg+ho6sP6UgWqGMwq","previousCounter":0,"rootKey":"P/XhCbjL7uMQDAF6DYs4AbZH39WRLo/JyEBxixSgFRs="},"indexInfo":{"baseKey":"Be8aNI7wzriajOkaubU2SS3avHSLcGgxk+Fh/9vB1QUK","baseKeyType":1,"closed":-1,"used":1746627350906,"created":1746627350906,"remoteIdentityKey":"BVDCHKV+l6vd8CqqsAruEQIyd/Mw/BF5hmHHnoh1RpMz"},"_chains":{"BVHVi1AP45/j9zHYdtcjsM4vsHCgKsZ1tDp95TfBzeoZ":{"chainKey":{"counter":0,"key":"LhHoBf8V1rIHdFbguSP3L0EBxKs0hOIL314Fc9CURq8="},"chainType":1,"messageKeys":{}}},"pendingPreKey":{"signedKeyId":11,"baseKey":"Be8aNI7wzriajOkaubU2SS3avHSLcGgxk+Fh/9vB1QUK","preKeyId":15485075}}},"version":"v1"}