{"_sessions":{"BX7ovISydh+fMY1IlKwLcf8DZVl68gWyLbQwtybAAOFy":{"registrationId":599700736,"currentRatchet":{"ephemeralKeyPair":{"pubKey":"Be8Mi3SW3aEqE1h+2XQoVxMciDGvWEo2op9NUUiQr28k","privKey":"gEuzQ0QGZ6+MRAisjt7eB66b0q2ZnlYxQA2Sh4b6WXo="},"lastRemoteEphemeralKey":"BX+2LPnNmFuXm1pzNdSrut3zyBgu0UhqNePC8xOo/hpU","previousCounter":0,"rootKey":"xZDnzYNu6mWgVnctKmuOSlyKzfaAPrF1SrIAQhGx0l0="},"indexInfo":{"baseKey":"BX7ovISydh+fMY1IlKwLcf8DZVl68gWyLbQwtybAAOFy","baseKeyType":1,"closed":-1,"used":1746633065062,"created":1746612695165,"remoteIdentityKey":"BTRHBCP9r+dtK0ikikJyFO5ZlEQhbceKH0Uo6ZbDaysZ"},"_chains":{"BX+2LPnNmFuXm1pzNdSrut3zyBgu0UhqNePC8xOo/hpU":{"chainKey":{"counter":1,"key":"n7HoMjpUAGheQlZthI4c4MZouhin3tQtNqdIuunKrFM="},"chainType":2,"messageKeys":{}},"Be8Mi3SW3aEqE1h+2XQoVxMciDGvWEo2op9NUUiQr28k":{"chainKey":{"counter":-1,"key":"Aje9f5bW/6Ix2MFW6btckSCgBJ9+94pleOXvHzmV5f0="},"chainType":1,"messageKeys":{}}}}},"version":"v1"}