{"_sessions":{"BfFTE7XwSahwtb27sQMu5eJlLkbmk5ZZzZGOiyD82Jd9":{"registrationId":565104022,"currentRatchet":{"ephemeralKeyPair":{"pubKey":"BZcqmWkuIsUixGKCYLg15+di0ov9laqfZ3I7Dq3K0khU","privKey":"YOJie8Z1yeToX3yKA5bUe7pkqDN5/ZWSQZttTlMF5GM="},"lastRemoteEphemeralKey":"BUOuYL0poAfEDm0XsaSEtWkHw7KNkUUjSSFWqy4wZZBN","previousCounter":0,"rootKey":"4yNO2M87dHcyImizW69s+giFth/IkhTyFK4+3wZJrCM="},"indexInfo":{"baseKey":"BfFTE7XwSahwtb27sQMu5eJlLkbmk5ZZzZGOiyD82Jd9","baseKeyType":1,"closed":-1,"used":1746627350761,"created":1746627350761,"remoteIdentityKey":"BSSHw71zODup3pamJbvDTXMnrJGGB6/nstxhllCJnDkA"},"_chains":{"BZcqmWkuIsUixGKCYLg15+di0ov9laqfZ3I7Dq3K0khU":{"chainKey":{"counter":0,"key":"159zgs4vhNmUS4UITobDeCtOpXqlfqleMosbE95Yrds="},"chainType":1,"messageKeys":{}}},"pendingPreKey":{"signedKeyId":1,"baseKey":"BfFTE7XwSahwtb27sQMu5eJlLkbmk5ZZzZGOiyD82Jd9","preKeyId":7296665}}},"version":"v1"}