{"_sessions":{"Bck6OoRtovv7kGgqLTyRsu97HNtRaGOSljM/BQKDf24h":{"registrationId":1583927690,"currentRatchet":{"ephemeralKeyPair":{"pubKey":"BS3cN9vqFxco3XTbv/K0DCf2Eusl+2CVSPxmpAp0kgEo","privKey":"CB9csk7KmoLpp3kxiuHlJbmD3FjtCeWogPlY+HXg21M="},"lastRemoteEphemeralKey":"BQg1loIaIwTWMEXtkHE5d+x0Je91nu8tKBTSM8ZwS/sV","previousCounter":0,"rootKey":"Z7K6G3b0p0mNDw+/SqXp2ly3rPExN2x5ipx7N6MsHQs="},"indexInfo":{"baseKey":"Bck6OoRtovv7kGgqLTyRsu97HNtRaGOSljM/BQKDf24h","baseKeyType":1,"closed":-1,"used":1746612497285,"created":1746612497285,"remoteIdentityKey":"BcEqJQKfOauHCteqgwhsBjME2BV6NGvulP7AMPspQu87"},"_chains":{"BS3cN9vqFxco3XTbv/K0DCf2Eusl+2CVSPxmpAp0kgEo":{"chainKey":{"counter":4,"key":"bY4MSe1fWNwH2NdvBKciO8uf4rFWBzJKm2lQu3jXK4U="},"chainType":1,"messageKeys":{}}},"pendingPreKey":{"signedKeyId":8,"baseKey":"Bck6OoRtovv7kGgqLTyRsu97HNtRaGOSljM/BQKDf24h"}}},"version":"v1"}