{"_sessions":{"BV5iWB3Um9U/nMFa2k2Xo5EY1mgmnVVnmZ9UFpGLL012":{"registrationId":2006362788,"currentRatchet":{"ephemeralKeyPair":{"pubKey":"BQCc7JSw+mzsrM8iV7vDLWYJZmfAxig5O/V9wUVnfo8n","privKey":"YLH1M/ndM5Tn8INuOfZ0S783dYPVzZ1QRUGFv5ej9lU="},"lastRemoteEphemeralKey":"Basv9kliarACsDASuaS+U+P5y63Xb/MFe7tNuvJfPUZ1","previousCounter":0,"rootKey":"SxuLkkVI3QHu1B1KS70HOM/ZckfXGiyXpiwRPlJnpfY="},"indexInfo":{"baseKey":"BV5iWB3Um9U/nMFa2k2Xo5EY1mgmnVVnmZ9UFpGLL012","baseKeyType":1,"closed":-1,"used":1746612488795,"created":1746612488795,"remoteIdentityKey":"BdCmflN6jWDuy7SrwfLpbGob6Md0VsycdDcbrzPQ0HNh"},"_chains":{"BQCc7JSw+mzsrM8iV7vDLWYJZmfAxig5O/V9wUVnfo8n":{"chainKey":{"counter":4,"key":"ii1uAh6drBbzOXGiI3IcMKjbG/oS1NxoV/J9Z/nFBdg="},"chainType":1,"messageKeys":{}}},"pendingPreKey":{"signedKeyId":3,"baseKey":"BV5iWB3Um9U/nMFa2k2Xo5EY1mgmnVVnmZ9UFpGLL012","preKeyId":2424669}}},"version":"v1"}