{"_sessions":{"BcrGAgtCZty0vnImaHrXzyJQJvGFV4zsu05J4keHWBse":{"registrationId":8301,"currentRatchet":{"ephemeralKeyPair":{"pubKey":"BTERDRSSS3wUKBabmlWsqQQzi6KZtzMZRlnC6JVMhQBD","privKey":"mNoW9/uGPVJFxxD3WgGWohZrAn3GvaVzhhRM8gGxXGY="},"lastRemoteEphemeralKey":"BeNIlha2Q8Yzd52Sabn5XVnJAM4d/LAjKjglxuKjBhIb","previousCounter":0,"rootKey":"AYnUptaSiyVC+h0hjL2vdqg7vQON0a1c9TWiNDG9EGQ="},"indexInfo":{"baseKey":"BcrGAgtCZty0vnImaHrXzyJQJvGFV4zsu05J4keHWBse","baseKeyType":1,"closed":1746627382128,"used":1746627362185,"created":1746627362185,"remoteIdentityKey":"BSK9gcHRfimqnI+njvte/v1CWRknLkYT/NVaSHg/JppU"},"_chains":{"BTERDRSSS3wUKBabmlWsqQQzi6KZtzMZRlnC6JVMhQBD":{"chainKey":{"counter":0,"key":"x/zsE4DMFumWOPysn79KK4dywwhWgXSWGCLF7nHfUBE="},"chainType":1,"messageKeys":{}}},"pendingPreKey":{"signedKeyId":1,"baseKey":"BcrGAgtCZty0vnImaHrXzyJQJvGFV4zsu05J4keHWBse","preKeyId":2195}},"BYxplg219sTe/7uq7Ge8pdyYvN3tAP4FSi32D0NSCzxt":{"registrationId":8301,"currentRatchet":{"ephemeralKeyPair":{"pubKey":"BcTq1hU4hFUCvi37Pc48LeBco3+DUNGSHboMsHUnyIU7","privKey":"uFOwBgcd84i3mhijGco9qKVPN+2WDx/D6VdBxt7UtEo="},"lastRemoteEphemeralKey":"BeNIlha2Q8Yzd52Sabn5XVnJAM4d/LAjKjglxuKjBhIb","previousCounter":0,"rootKey":"Iw1zw5Uf6jgPvbdICQPDU7e4ygao9DVRpGuccoOnSxE="},"indexInfo":{"baseKey":"BYxplg219sTe/7uq7Ge8pdyYvN3tAP4FSi32D0NSCzxt","baseKeyType":1,"closed":1746627404855,"used":1746627381632,"created":1746627381632,"remoteIdentityKey":"BSK9gcHRfimqnI+njvte/v1CWRknLkYT/NVaSHg/JppU"},"_chains":{"BcTq1hU4hFUCvi37Pc48LeBco3+DUNGSHboMsHUnyIU7":{"chainKey":{"counter":0,"key":"R7aXQ1nFY0JsEGXkJQbhZnMNpg0qyU7DB/KzmQXV4zM="},"chainType":1,"messageKeys":{}}},"pendingPreKey":{"signedKeyId":1,"baseKey":"BYxplg219sTe/7uq7Ge8pdyYvN3tAP4FSi32D0NSCzxt","preKeyId":2194}},"BVq+cUWJkcUmLErcMUrYQyWQGIyLuCJzsDgOSTlT2F9T":{"registrationId":8301,"currentRatchet":{"ephemeralKeyPair":{"pubKey":"BZaunK0gt6NSxxpvc53aGOSNvZteAMkihUdwwU0hwDZo","privKey":"WPnTJ8fZwimFkQxj9d3Nkx4mCNrRfaPhCQfeo7LOEnc="},"lastRemoteEphemeralKey":"BeNIlha2Q8Yzd52Sabn5XVnJAM4d/LAjKjglxuKjBhIb","previousCounter":0,"rootKey":"nto+60L9wF+sWpCbJMMdXr76muZOawZ0X40wglrADbU="},"indexInfo":{"baseKey":"BVq+cUWJkcUmLErcMUrYQyWQGIyLuCJzsDgOSTlT2F9T","baseKeyType":1,"closed":-1,"used":1746627404464,"created":1746627404464,"remoteIdentityKey":"BSK9gcHRfimqnI+njvte/v1CWRknLkYT/NVaSHg/JppU"},"_chains":{"BZaunK0gt6NSxxpvc53aGOSNvZteAMkihUdwwU0hwDZo":{"chainKey":{"counter":3,"key":"t/uOOMe+SUjZQdpTXtUffnclKTQmsswjs1aZre8VCSo="},"chainType":1,"messageKeys":{}}},"pendingPreKey":{"signedKeyId":1,"baseKey":"BVq+cUWJkcUmLErcMUrYQyWQGIyLuCJzsDgOSTlT2F9T","preKeyId":1939}}},"version":"v1"}