{"_sessions":{"BZ/NWH5MuiDPUUWTj7euOhOoBVpzcP8/Qyg5/87Qvpwb":{"registrationId":15784,"currentRatchet":{"ephemeralKeyPair":{"pubKey":"BSxn3E06e4icC9FoR5pxHwWX9GwJ0T6b9Z8iGRjCWWBX","privKey":"OOjOpTlj408AU8T+6wZIvTH36a47kbvzRSBITtdrAmw="},"lastRemoteEphemeralKey":"BWd5ccSpn9oB7BrJZ7wfZ53lnGOvOGXowYCLPCcyetMn","previousCounter":0,"rootKey":"lfShcW/P6Htt4PAXVcb0OPthwKjj+CZOZz4upULVw6Q="},"indexInfo":{"baseKey":"BZ/NWH5MuiDPUUWTj7euOhOoBVpzcP8/Qyg5/87Qvpwb","baseKeyType":1,"closed":1746627382167,"used":1746627362257,"created":1746627362257,"remoteIdentityKey":"BfERVe5jujsZ/cELHy602FldIkwxg+WQlmyHrr2saxUy"},"_chains":{"BSxn3E06e4icC9FoR5pxHwWX9GwJ0T6b9Z8iGRjCWWBX":{"chainKey":{"counter":0,"key":"0z21HrW42GgkdvasWvL6pTk094bGsnmqFoQYqK/z+mU="},"chainType":1,"messageKeys":{}}},"pendingPreKey":{"signedKeyId":1,"baseKey":"BZ/NWH5MuiDPUUWTj7euOhOoBVpzcP8/Qyg5/87Qvpwb","preKeyId":226}},"BUoK/2Wc36dveuIsqFFyWA6PduPq3i7k4xy6qRJDPmV8":{"registrationId":15784,"currentRatchet":{"ephemeralKeyPair":{"pubKey":"BSoyNw/BiKuOCZS9fwPv+vB/4twLbiuOe1n6zYcTIog0","privKey":"OHDMzkAAQVNfh12XiA6smY4dTWZ3RoOhT36H+y5HZGM="},"lastRemoteEphemeralKey":"BWd5ccSpn9oB7BrJZ7wfZ53lnGOvOGXowYCLPCcyetMn","previousCounter":0,"rootKey":"bAIg4A+sep84zVlFBdC5kQNqe9reYmE6fADxX6nI2nE="},"indexInfo":{"baseKey":"BUoK/2Wc36dveuIsqFFyWA6PduPq3i7k4xy6qRJDPmV8","baseKeyType":1,"closed":1746627404866,"used":1746627381688,"created":1746627381688,"remoteIdentityKey":"BfERVe5jujsZ/cELHy602FldIkwxg+WQlmyHrr2saxUy"},"_chains":{"BSoyNw/BiKuOCZS9fwPv+vB/4twLbiuOe1n6zYcTIog0":{"chainKey":{"counter":0,"key":"1GD53/B+u8nW2Z3Y+I1P5+O8zJfxKOQiNagFhwnvqiE="},"chainType":1,"messageKeys":{}}},"pendingPreKey":{"signedKeyId":1,"baseKey":"BUoK/2Wc36dveuIsqFFyWA6PduPq3i7k4xy6qRJDPmV8","preKeyId":43}},"BWz8AyNuDaK50Ry2Zf+VxcjP0cE5kWRKRMmIPvPS0VJn":{"registrationId":15784,"currentRatchet":{"ephemeralKeyPair":{"pubKey":"BRFqbpdpYA6oH9Dir5q8rzj1xxoIaR5H3iODtZ08L3Mr","privKey":"kHjTySslVLlIfcnGfjlR2doDGX6pneU7Eag+LY3Yhk4="},"lastRemoteEphemeralKey":"BWd5ccSpn9oB7BrJZ7wfZ53lnGOvOGXowYCLPCcyetMn","previousCounter":0,"rootKey":"oqqAU4CZ/ki9QhbY1LIdAHeE1dr3iF0eA/Ov73Crm0M="},"indexInfo":{"baseKey":"BWz8AyNuDaK50Ry2Zf+VxcjP0cE5kWRKRMmIPvPS0VJn","baseKeyType":1,"closed":-1,"used":1746627404511,"created":1746627404511,"remoteIdentityKey":"BfERVe5jujsZ/cELHy602FldIkwxg+WQlmyHrr2saxUy"},"_chains":{"BRFqbpdpYA6oH9Dir5q8rzj1xxoIaR5H3iODtZ08L3Mr":{"chainKey":{"counter":3,"key":"uq388ePPaonSFj0PBvblv/P58bl+hAulC8hV4fFkMP0="},"chainType":1,"messageKeys":{}}},"pendingPreKey":{"signedKeyId":1,"baseKey":"BWz8AyNuDaK50Ry2Zf+VxcjP0cE5kWRKRMmIPvPS0VJn","preKeyId":755}}},"version":"v1"}