{"_sessions":{"BeC6sge4EVz9XGoP6QuCytEN+MGaBoJr47/M3OKf6FhM":{"registrationId":633277620,"currentRatchet":{"ephemeralKeyPair":{"pubKey":"BRB79ReLglG5RcHv5UDFVU9qgzNTOjW1wpsXis8Apq0q","privKey":"4HH6Gf8s5cY5HIc+Yz8zZCUXqVuyg4SW+xE/i3ZrVFM="},"lastRemoteEphemeralKey":"BcdCyVcR7lvjPhfLuk0JuF/EKjNpLWyQunX+u7vfB9ZY","previousCounter":0,"rootKey":"m56tQcsn/aeDpg+5dbnsI4pEfY88ZHXvfMcD4SoXy5k="},"indexInfo":{"baseKey":"BeC6sge4EVz9XGoP6QuCytEN+MGaBoJr47/M3OKf6FhM","baseKeyType":1,"closed":1746627382274,"used":1746627362363,"created":1746627362363,"remoteIdentityKey":"Bflru7kOKTxLiStY34jelGlZXBTjwV/lD+ulzj8qvsQe"},"_chains":{"BRB79ReLglG5RcHv5UDFVU9qgzNTOjW1wpsXis8Apq0q":{"chainKey":{"counter":0,"key":"jwic1UuoOPLViTxBJ2wRcoKjG0poTzJv9Yls8rYQvts="},"chainType":1,"messageKeys":{}}},"pendingPreKey":{"signedKeyId":1,"baseKey":"BeC6sge4EVz9XGoP6QuCytEN+MGaBoJr47/M3OKf6FhM"}},"BZAVIvO3MR737r4QnzpzvgYTxWqHQn92151y8pt2X8dS":{"registrationId":633277620,"currentRatchet":{"ephemeralKeyPair":{"pubKey":"BZTEjaCTLM06urzvJA7vgi62mxkbrBX3rdVKRVvP5/sy","privKey":"oPL4ABRAYFy9YQ3lyvN5/KZGaRtd8sDlcdfFwZ3WtUw="},"lastRemoteEphemeralKey":"BcdCyVcR7lvjPhfLuk0JuF/EKjNpLWyQunX+u7vfB9ZY","previousCounter":0,"rootKey":"FV1rl9FW4+GbnAK29JKu958g8iCDeXCr0QBhkoWzqJs="},"indexInfo":{"baseKey":"BZAVIvO3MR737r4QnzpzvgYTxWqHQn92151y8pt2X8dS","baseKeyType":1,"closed":1746627404886,"used":1746627381791,"created":1746627381791,"remoteIdentityKey":"Bflru7kOKTxLiStY34jelGlZXBTjwV/lD+ulzj8qvsQe"},"_chains":{"BZTEjaCTLM06urzvJA7vgi62mxkbrBX3rdVKRVvP5/sy":{"chainKey":{"counter":0,"key":"ujTUJATxWzWyJCJU5nss2l8MSEIpjbj+N1lfql9BVwU="},"chainType":1,"messageKeys":{}}},"pendingPreKey":{"signedKeyId":1,"baseKey":"BZAVIvO3MR737r4QnzpzvgYTxWqHQn92151y8pt2X8dS"}},"BY1kc2Lgy1KjT0nW8/dTb7B/zO0/s54q02vr3LsfuAZ7":{"registrationId":633277620,"currentRatchet":{"ephemeralKeyPair":{"pubKey":"BXhF5LSggpRcx7BY/GBix+hftAkbwoIBW7wswJlTlJwP","privKey":"yDP+OShAuhl7X5mjP5KFv0ilD9sujvaChTZuH+69bXs="},"lastRemoteEphemeralKey":"BcdCyVcR7lvjPhfLuk0JuF/EKjNpLWyQunX+u7vfB9ZY","previousCounter":0,"rootKey":"QBXcS/pUPZ33qEs2aShCyIb3GbyhZ8QrjCf2zUCqsZg="},"indexInfo":{"baseKey":"BY1kc2Lgy1KjT0nW8/dTb7B/zO0/s54q02vr3LsfuAZ7","baseKeyType":1,"closed":-1,"used":1746627404588,"created":1746627404588,"remoteIdentityKey":"Bflru7kOKTxLiStY34jelGlZXBTjwV/lD+ulzj8qvsQe"},"_chains":{"BXhF5LSggpRcx7BY/GBix+hftAkbwoIBW7wswJlTlJwP":{"chainKey":{"counter":3,"key":"pmT/uAwLpn9IoXSNZvfWHw5QnfYzuP7Lx2QYf2HA/nE="},"chainType":1,"messageKeys":{}}},"pendingPreKey":{"signedKeyId":1,"baseKey":"BY1kc2Lgy1KjT0nW8/dTb7B/zO0/s54q02vr3LsfuAZ7"}}},"version":"v1"}