{"_sessions":{"BWUqiG+i5lz5gB98Hk+4Xte4QAPtLNpmC0cP7HB3TO42":{"registrationId":1244052232,"currentRatchet":{"ephemeralKeyPair":{"pubKey":"BZDJylnmE1zRkSetEZvYl6w4ezUOozrTT1rkrrHk1Pxi","privKey":"SIZNNdslyxd3Q8SoLJ+y7O5bP7ehBURUMuqBEFu5fFY="},"lastRemoteEphemeralKey":"BSqyw+bU2lR50srONqh7NmRXp8DCatjylT2vdM6cvwMc","previousCounter":0,"rootKey":"9MHFEhzQsoi9E0lslcOBkiscyjO0brG6rqR+X4vKv+k="},"indexInfo":{"baseKey":"BWUqiG+i5lz5gB98Hk+4Xte4QAPtLNpmC0cP7HB3TO42","baseKeyType":1,"closed":-1,"used":1746612496830,"created":1746612496830,"remoteIdentityKey":"BTthwXmdFkaMb1zFeVcHplfImf3aEPTjFksEAp71bvU0"},"_chains":{"BZDJylnmE1zRkSetEZvYl6w4ezUOozrTT1rkrrHk1Pxi":{"chainKey":{"counter":4,"key":"rPD3iDy6BLB3rlhXjhKyqKn+e8s0SbRYzi1XdFFNKh0="},"chainType":1,"messageKeys":{}}},"pendingPreKey":{"signedKeyId":22,"baseKey":"BWUqiG+i5lz5gB98Hk+4Xte4QAPtLNpmC0cP7HB3TO42","preKeyId":1313037}}},"version":"v1"}