{"_sessions":{"BZExsoNobdq8DG0JUwGRUtf9WQBSeEPx6SPotqhf+lU7":{"registrationId":1504244639,"currentRatchet":{"ephemeralKeyPair":{"pubKey":"BcTaW1+NMCov22sm5pfFOPfP5sSkuc6N85eSlzvQuT8D","privKey":"OElUid210ff3yWdU9ZtWIY5uDoOryMGYu16Ij2SrvkQ="},"lastRemoteEphemeralKey":"BUfe3iW8VqsftgKdz/iMgd0UACrBQd4r9k94HJoeYUta","previousCounter":0,"rootKey":"9QcENlO4veW4tHDVCnETYX1aFwiGYSQP8OJNIM6uoeM="},"indexInfo":{"baseKey":"BZExsoNobdq8DG0JUwGRUtf9WQBSeEPx6SPotqhf+lU7","baseKeyType":1,"closed":-1,"used":1746612492879,"created":1746612492879,"remoteIdentityKey":"BXLY+YJcFNQM/X4vFDhstYZGaaaQg0KVn8IEbguLbDMC"},"_chains":{"BcTaW1+NMCov22sm5pfFOPfP5sSkuc6N85eSlzvQuT8D":{"chainKey":{"counter":4,"key":"NoXfVi2zXYmnU5gpfC79kHHRLiDm1twzZ+t+qNjYFbY="},"chainType":1,"messageKeys":{}}},"pendingPreKey":{"signedKeyId":3,"baseKey":"BZExsoNobdq8DG0JUwGRUtf9WQBSeEPx6SPotqhf+lU7","preKeyId":15537925}}},"version":"v1"}