{"_sessions":{"BVFob58bILqjRLCHda6UwoJGo0NV6RdVnmjMQrV41gBJ":{"registrationId":1708214969,"currentRatchet":{"ephemeralKeyPair":{"pubKey":"BdcE6K77ctRLXup2YAoGTuPW5zLVxVAGI5pKJA8UKPZH","privKey":"wEqajQiVb4SS68+g9ASxiaQunMCFTkApOlV3A8aRvWY="},"lastRemoteEphemeralKey":"BXIFLffr/Wel0uHLZGRqvdseaume9TV5HJBT8SSncrVB","previousCounter":0,"rootKey":"clhog8Gpw/uImcqngZ/WKU46JpO61cRXfrb04V6Jf9c="},"indexInfo":{"baseKey":"BVFob58bILqjRLCHda6UwoJGo0NV6RdVnmjMQrV41gBJ","baseKeyType":1,"closed":-1,"used":1746612497036,"created":1746612497036,"remoteIdentityKey":"BdrdN4YxZqfmrXGolcSS57AteK8U4+Dzom+PEzR/dT9T"},"_chains":{"BdcE6K77ctRLXup2YAoGTuPW5zLVxVAGI5pKJA8UKPZH":{"chainKey":{"counter":4,"key":"iOvnDa9iDdnEDcytofqDxobDB2XE8msHLOemdDkmeo8="},"chainType":1,"messageKeys":{}}},"pendingPreKey":{"signedKeyId":11,"baseKey":"BVFob58bILqjRLCHda6UwoJGo0NV6RdVnmjMQrV41gBJ","preKeyId":9515540}}},"version":"v1"}