{"_sessions":{"BYBFBPMM+0uRvbPh1ITDJxlAQlUs1zKPDgyjI/3aNJRk":{"registrationId":1695206866,"currentRatchet":{"ephemeralKeyPair":{"pubKey":"BVgKlzIkI6U2n1i9aEYcIoTHS8L5rqfnje8laSKdBv5V","privKey":"sGu/LsZBoZRaVpyD8/iM6lFaRglFkA9JrNCgSrzQLVc="},"lastRemoteEphemeralKey":"BU5MyBSAYPNw8Qtvx473Y82Hxv1TRewgV3WeFsEKFHw1","previousCounter":0,"rootKey":"YRsMrFnWi3PBziOCWFMFJehBHQwMc9CBsFo8qRf2T3Q="},"indexInfo":{"baseKey":"BYBFBPMM+0uRvbPh1ITDJxlAQlUs1zKPDgyjI/3aNJRk","baseKeyType":1,"closed":-1,"used":1746612497170,"created":1746612497170,"remoteIdentityKey":"Bc5F/LLGO5UIycapXPCDjImTAheZ4fRnaLxzEfrUgLZ8"},"_chains":{"BVgKlzIkI6U2n1i9aEYcIoTHS8L5rqfnje8laSKdBv5V":{"chainKey":{"counter":4,"key":"8xhQ6tILE1d7wnaYJ2BI109VzCp0yqvsilPwhDvKkyY="},"chainType":1,"messageKeys":{}}},"pendingPreKey":{"signedKeyId":2,"baseKey":"BYBFBPMM+0uRvbPh1ITDJxlAQlUs1zKPDgyjI/3aNJRk","preKeyId":14394710}}},"version":"v1"}