{"_sessions":{"BVCv0tzLupdKDaXOB+gMTKS6K3ju9vBD2FbHIadpQn5w":{"registrationId":424414781,"currentRatchet":{"ephemeralKeyPair":{"pubKey":"BVbjqqitMgB9HuSS7iUeVogPrRXEXMBFGb3csb7YfkRO","privKey":"uBCyzdNbGR+53YKgSJeHQjQ4pwMuJs5HIBmdlHRzeEo="},"lastRemoteEphemeralKey":"Benl9auU6SzFBtjzNbvZBn5mBG6DwG5mGAFjCrEvPJ0K","previousCounter":0,"rootKey":"y+bQOBhtUWJQiStwhde+5OVnoB90EiaYV0E2p0Grvzk="},"indexInfo":{"baseKey":"BVCv0tzLupdKDaXOB+gMTKS6K3ju9vBD2FbHIadpQn5w","baseKeyType":1,"closed":-1,"used":1746612488451,"created":1746612488451,"remoteIdentityKey":"BUsEP8jk4EeWOvPh4DwmG0THvYutp5FMgibP/jfNvQ4I"},"_chains":{"BVbjqqitMgB9HuSS7iUeVogPrRXEXMBFGb3csb7YfkRO":{"chainKey":{"counter":4,"key":"E5Ww4HfUokY8luZ3TlcgU9tZwpQxTsU2uIryeBzX6B8="},"chainType":1,"messageKeys":{}}},"pendingPreKey":{"signedKeyId":1,"baseKey":"BVCv0tzLupdKDaXOB+gMTKS6K3ju9vBD2FbHIadpQn5w"}}},"version":"v1"}