{"_sessions":{"BQlfJxFxmOy5t5IZnT5IHodrFB83Mqk08jEMHlbRiUsr":{"registrationId":1373653865,"currentRatchet":{"ephemeralKeyPair":{"pubKey":"BdPzGlPS2JWUTRSNKOdBzPT9vqWqa0GMgDW9bxBqrrsE","privKey":"KPpqGCPYPWxA7seztcoFUzdz/1CUvAEoyidjeL/OuWg="},"lastRemoteEphemeralKey":"Bd9mK+gFxh7fHEIagJydDfsGWb4L7i1/FzaRHYF0stJp","previousCounter":0,"rootKey":"btQhAZezGT1u6/Vd6GwEXzsApm522PryrY7O0q5aobM="},"indexInfo":{"baseKey":"BQlfJxFxmOy5t5IZnT5IHodrFB83Mqk08jEMHlbRiUsr","baseKeyType":1,"closed":-1,"used":1746612493043,"created":1746612493043,"remoteIdentityKey":"BcGgnHXbF6NkM5GV/kQOqoWmstSRMqYKpzo7vBL/TOwh"},"_chains":{"BdPzGlPS2JWUTRSNKOdBzPT9vqWqa0GMgDW9bxBqrrsE":{"chainKey":{"counter":4,"key":"kgRDl1dImtLyEGLI2CzpwxJxGQYKgDs6hZ4gDyK706k="},"chainType":1,"messageKeys":{}}},"pendingPreKey":{"signedKeyId":1,"baseKey":"BQlfJxFxmOy5t5IZnT5IHodrFB83Mqk08jEMHlbRiUsr","preKeyId":5699959}}},"version":"v1"}