{"_sessions":{"Ba+guCmnITmBc7QHQmTqtUp+Bow0pq83mmZ5hxOod8Q0":{"registrationId":1607437548,"currentRatchet":{"ephemeralKeyPair":{"pubKey":"BSesZIp+D9i/fLXrABXdfPRRpnh2z4vpWyB3jrX3S18j","privKey":"SI/kMxuluGuTYpChA/bt8U/QdddEIInmo+p3j1ERZUc="},"lastRemoteEphemeralKey":"Bc5fC0zDctSNHyxT/nDSJt+feOtXzUA/8UoMQduzHKlj","previousCounter":0,"rootKey":"97z2Wvmi+9nHWCH+9GUeOSTp4mdBjO0jpBFJLuc8Ov4="},"indexInfo":{"baseKey":"Ba+guCmnITmBc7QHQmTqtUp+Bow0pq83mmZ5hxOod8Q0","baseKeyType":1,"closed":-1,"used":1746612496899,"created":1746612496899,"remoteIdentityKey":"BTtTKYiSPTOxk+zKzmzuSjIuq8hU+jTtAuKFMuFzU152"},"_chains":{"BSesZIp+D9i/fLXrABXdfPRRpnh2z4vpWyB3jrX3S18j":{"chainKey":{"counter":4,"key":"gh/h5TpQaze5pAI/XTdKDP1w9m8wK7nKCd1POl6JMbQ="},"chainType":1,"messageKeys":{}}},"pendingPreKey":{"signedKeyId":0,"baseKey":"Ba+guCmnITmBc7QHQmTqtUp+Bow0pq83mmZ5hxOod8Q0","preKeyId":8495566}}},"version":"v1"}