{"_sessions":{"BYvV2EcjeZ2c0Nl57WoQn5qu9cWRU/w7N4/Cy2gWDsUf":{"registrationId":118,"currentRatchet":{"ephemeralKeyPair":{"pubKey":"BeDWUsu0kLfPrxABkfa+3y1r2eey+sbabHwg5lAjILFi","privKey":"YEPwcBHaLxDxYrAqGSQoA7JdYQUdX8EYM3ECm57+TXo="},"lastRemoteEphemeralKey":"BcK+JTWF/IQIqhjjItIkfbdBknblGL4ni2my90XXlBwk","previousCounter":0,"rootKey":"xdIUKpcifD00x9Qtj03/GOCgVhS3Glw94q/KOaNc9wo="},"indexInfo":{"baseKey":"BYvV2EcjeZ2c0Nl57WoQn5qu9cWRU/w7N4/Cy2gWDsUf","baseKeyType":1,"closed":-1,"used":1746612488404,"created":1746612488404,"remoteIdentityKey":"BUgXMA3RPaHzDxFDKcHPcxDw5HxnXGFDB0NXBNzTiIAJ"},"_chains":{"BeDWUsu0kLfPrxABkfa+3y1r2eey+sbabHwg5lAjILFi":{"chainKey":{"counter":4,"key":"W5W4j4N0Qd37tN3kdTb9cLVJTVhs7hDPzzGfYM/k2uI="},"chainType":1,"messageKeys":{}}},"pendingPreKey":{"signedKeyId":1,"baseKey":"BYvV2EcjeZ2c0Nl57WoQn5qu9cWRU/w7N4/Cy2gWDsUf"}}},"version":"v1"}