{"_sessions":{"BRxsb2x3GO2IAiic0Ky2K6fHAQeteLThpu3PUKwBC/BG":{"registrationId":2092591337,"currentRatchet":{"ephemeralKeyPair":{"pubKey":"BdyL1lQqPYVLJLo6tV55Cfh3H2n7CtRZDGPIGVI9g7EC","privKey":"+JvFDhe0XZschtqHx2kcdhfQzxfPrdCc9uuw9Ajuu2A="},"lastRemoteEphemeralKey":"Bc3QQihWDFX9VQz8pfM+Vd36ZYP/JuMe83GkyVHj5e4U","previousCounter":0,"rootKey":"tVDLGTHDCjiIlUT7hYz35huUFyBadIoOiXEaaP1iD1Y="},"indexInfo":{"baseKey":"BRxsb2x3GO2IAiic0Ky2K6fHAQeteLThpu3PUKwBC/BG","baseKeyType":1,"closed":-1,"used":1746612488760,"created":1746612488760,"remoteIdentityKey":"BUIy8Tk2+nyw92GwbSZeqzAhfRR33V9fSkt0YinOR3pv"},"_chains":{"BdyL1lQqPYVLJLo6tV55Cfh3H2n7CtRZDGPIGVI9g7EC":{"chainKey":{"counter":4,"key":"i/o5KPFJFuUGEwJJlIcGd7yfPY97K8am6fRquACMxDU="},"chainType":1,"messageKeys":{}}},"pendingPreKey":{"signedKeyId":0,"baseKey":"BRxsb2x3GO2IAiic0Ky2K6fHAQeteLThpu3PUKwBC/BG","preKeyId":5907972}}},"version":"v1"}