{"_sessions":{"BWBIJmVKAJZrH+kBPlXJ8J6EqhNS1PEECzRCRss5omAl":{"registrationId":2790,"currentRatchet":{"ephemeralKeyPair":{"pubKey":"BRJmyecSxFkhbc0i2YOUcL9edeBDqpW0Q0MyrGwz7BEw","privKey":"GO1pfYOoVm8jJnZDqMJ4Rz+Cu2xCL6QSqUwU1TRtaX0="},"lastRemoteEphemeralKey":"BVT75c0O7K8PwZHD+6S3mrp/C2pLdqBg/rDhlVrwCyMz","previousCounter":0,"rootKey":"GnNcTb/vloRp0cSd4FPR2ZyqiWapdcwC1RXmXjXxzNs="},"indexInfo":{"baseKey":"BWBIJmVKAJZrH+kBPlXJ8J6EqhNS1PEECzRCRss5omAl","baseKeyType":1,"closed":1746627382174,"used":1746627362268,"created":1746627362268,"remoteIdentityKey":"BQubgDk0T+/5wNOYDJ7P9zEccMbbTkZDPwXnoN6DpsYQ"},"_chains":{"BRJmyecSxFkhbc0i2YOUcL9edeBDqpW0Q0MyrGwz7BEw":{"chainKey":{"counter":0,"key":"DjX1EhFicVKg6E6rNAy3b5B7EH+whwkxiXj/ikjMZKo="},"chainType":1,"messageKeys":{}}},"pendingPreKey":{"signedKeyId":0,"baseKey":"BWBIJmVKAJZrH+kBPlXJ8J6EqhNS1PEECzRCRss5omAl","preKeyId":12290402}},"BbCoW1EJfozi2JWWo+wafDQCrWriCysf2ZV/NcDNGwJf":{"registrationId":2790,"currentRatchet":{"ephemeralKeyPair":{"pubKey":"BaamLNmvWUyPe/SNjybSsLajg5PFN/Q3mmms6Vm5xoYm","privKey":"WBdJFc2X7lujJGvOcNRyo0aFC6TeUjFDOD5Y5bxVDmo="},"lastRemoteEphemeralKey":"BVT75c0O7K8PwZHD+6S3mrp/C2pLdqBg/rDhlVrwCyMz","previousCounter":0,"rootKey":"f4wqONqzGhKmuXhV3NsJ3wqAu3k5rCZHsR1gDxBgqjg="},"indexInfo":{"baseKey":"BbCoW1EJfozi2JWWo+wafDQCrWriCysf2ZV/NcDNGwJf","baseKeyType":1,"closed":1746627404870,"used":1746627381703,"created":1746627381703,"remoteIdentityKey":"BQubgDk0T+/5wNOYDJ7P9zEccMbbTkZDPwXnoN6DpsYQ"},"_chains":{"BaamLNmvWUyPe/SNjybSsLajg5PFN/Q3mmms6Vm5xoYm":{"chainKey":{"counter":0,"key":"diwuU7aL5Hv0oX2iibkjeVeGT78ca9KkB5Rf+ZtPJh0="},"chainType":1,"messageKeys":{}}},"pendingPreKey":{"signedKeyId":0,"baseKey":"BbCoW1EJfozi2JWWo+wafDQCrWriCysf2ZV/NcDNGwJf","preKeyId":12290389}},"BWozP4AVSNlLN7kYeWSrLfZoGPT8W5tpAUJ7dasJd6Qq":{"registrationId":2790,"currentRatchet":{"ephemeralKeyPair":{"pubKey":"BW+dqx743ZyG+nUnAuU09yiCy9B6wszyU2F4jTr2bU19","privKey":"QJFafox/DwBg9HahLQ9fdfUJboDwsfuMQFtpWHB5PkI="},"lastRemoteEphemeralKey":"BVT75c0O7K8PwZHD+6S3mrp/C2pLdqBg/rDhlVrwCyMz","previousCounter":0,"rootKey":"ScoUMtMx374+5EcuErw9RC+XCRmTTxxrzXLA1bm3/eI="},"indexInfo":{"baseKey":"BWozP4AVSNlLN7kYeWSrLfZoGPT8W5tpAUJ7dasJd6Qq","baseKeyType":1,"closed":-1,"used":1746627404523,"created":1746627404523,"remoteIdentityKey":"BQubgDk0T+/5wNOYDJ7P9zEccMbbTkZDPwXnoN6DpsYQ"},"_chains":{"BW+dqx743ZyG+nUnAuU09yiCy9B6wszyU2F4jTr2bU19":{"chainKey":{"counter":3,"key":"PWkveOFkhpKRENr8pTRJv7okUJa318zb7kke/1Oyzo8="},"chainType":1,"messageKeys":{}}},"pendingPreKey":{"signedKeyId":0,"baseKey":"BWozP4AVSNlLN7kYeWSrLfZoGPT8W5tpAUJ7dasJd6Qq","preKeyId":12290384}}},"version":"v1"}