{"_sessions":{"BdqIdzQhhkeuMEU1aoUQvJtbThFasCGnIkHtOR/29mVr":{"registrationId":879103298,"currentRatchet":{"ephemeralKeyPair":{"pubKey":"BbonZ6sTkMoj6stLyAP3u8Zu/xBGb2TWqUR62CniKj9j","privKey":"6Nk5EeOXYny6/ATXZsq0K1AJVvozgFol0MuZEV7FOEY="},"lastRemoteEphemeralKey":"BR1V9krmeYols0uMu1bAcYLQYlX71UQ2VUIYoQKg1mNv","previousCounter":0,"rootKey":"qcJg+GWe7gu98KwvNaS/+ouirCzkrFpb8/s928cRCG4="},"indexInfo":{"baseKey":"BdqIdzQhhkeuMEU1aoUQvJtbThFasCGnIkHtOR/29mVr","baseKeyType":2,"closed":-1,"used":1746627430347,"created":1746627430347,"remoteIdentityKey":"BS4kLzLqL49W8CGaV7xOMOTGN0tNilVGsd8sbN4YWj88"},"_chains":{"BR1V9krmeYols0uMu1bAcYLQYlX71UQ2VUIYoQKg1mNv":{"chainKey":{"counter":5,"key":"PK8tnrfU7i6864X2JKg9f+vWDWIqiUhgy3k4GIY72sQ="},"chainType":2,"messageKeys":{}},"BbonZ6sTkMoj6stLyAP3u8Zu/xBGb2TWqUR62CniKj9j":{"chainKey":{"counter":0,"key":"Upro59LCXD3H67MWBT4KUCgn8OqUyVR1THwkgZqyLRs="},"chainType":1,"messageKeys":{}}}}},"version":"v1"}