{"_sessions":{"BXznA3AgVSFg+TJQrFV1r1IaKKyOGxFN4uxGKROZGN81":{"registrationId":377895509,"currentRatchet":{"ephemeralKeyPair":{"pubKey":"BYDYtgA3Sj0qNfINAaH94Lt/D2wpJbgBlA2GualwgYlY","privKey":"sLOcdMCBXJ40bDJZrd0K4y0ixGOscP+MS3+TnRNcYHA="},"lastRemoteEphemeralKey":"BaE9dKsE5Dei2Lcs4ofiONtjmPq+sy0nmqFqhuVv0xgD","previousCounter":0,"rootKey":"pssrHvPsObfmZ6I3o9PfUF6v2btyjgRAEr2M8l7di+o="},"indexInfo":{"baseKey":"BXznA3AgVSFg+TJQrFV1r1IaKKyOGxFN4uxGKROZGN81","baseKeyType":1,"closed":-1,"used":1746627350877,"created":1746627350877,"remoteIdentityKey":"BanRQixGERLibItLHdfpy8DoMMfpWSOIS+kblV348Rg2"},"_chains":{"BYDYtgA3Sj0qNfINAaH94Lt/D2wpJbgBlA2GualwgYlY":{"chainKey":{"counter":0,"key":"MbWhjHUQ/VYBcpkl3diqJDzOhn7M/MqtPldQT5Ud8SY="},"chainType":1,"messageKeys":{}}},"pendingPreKey":{"signedKeyId":7,"baseKey":"BXznA3AgVSFg+TJQrFV1r1IaKKyOGxFN4uxGKROZGN81","preKeyId":10797490}}},"version":"v1"}