{"_sessions":{"BULc3ATB66hwB97M0l0M3Vz8ZYDgLEXRsUkZYvzZEWwH":{"registrationId":3493,"currentRatchet":{"ephemeralKeyPair":{"pubKey":"BQnFFWAEkFJqYz8mZvJZD4Wmx/aiKmywWt/wEvAJxCQj","privKey":"kCF5dA4DqSwIqC0JupF23/MjkEPbBZ1Z+/9avOUcdXs="},"lastRemoteEphemeralKey":"BQ9QRw/fkHgt14JgcUJ746QCKgi0kwM1QbNPCzUURj8H","previousCounter":0,"rootKey":"fpyKfUaALnvlEwRtWGwPCI76RxizaID+OK9N2mHA30E="},"indexInfo":{"baseKey":"BULc3ATB66hwB97M0l0M3Vz8ZYDgLEXRsUkZYvzZEWwH","baseKeyType":1,"closed":1746627382318,"used":1746627362406,"created":1746627362406,"remoteIdentityKey":"Bb9T8RhCKE/RgyPVYBXEJ00CuoKiTDMDGp/YtjRcgCRV"},"_chains":{"BQnFFWAEkFJqYz8mZvJZD4Wmx/aiKmywWt/wEvAJxCQj":{"chainKey":{"counter":0,"key":"lzwRMfllhQFB180kHxlouP/ojbndiqP99YlcI/EgrHg="},"chainType":1,"messageKeys":{}}},"pendingPreKey":{"signedKeyId":1,"baseKey":"BULc3ATB66hwB97M0l0M3Vz8ZYDgLEXRsUkZYvzZEWwH"}},"BTf83ZGJBjdaFzQKaOMBh65nSeL27KQkFLfJu4E7zfN2":{"registrationId":3493,"currentRatchet":{"ephemeralKeyPair":{"pubKey":"BRXDZIdMFTUr8NE30bBaJ10ch3yz/1TXsF3XfD4zDWln","privKey":"0LZkMgvxRYGDR7aKmfnI1ZZXrt7x9eShyGj+ulKmglo="},"lastRemoteEphemeralKey":"BQ9QRw/fkHgt14JgcUJ746QCKgi0kwM1QbNPCzUURj8H","previousCounter":0,"rootKey":"T+SCgvM+3nup/skPuw6ygDaqpm5MItMBSw6X1SbGp2Y="},"indexInfo":{"baseKey":"BTf83ZGJBjdaFzQKaOMBh65nSeL27KQkFLfJu4E7zfN2","baseKeyType":1,"closed":1746627404893,"used":1746627381833,"created":1746627381833,"remoteIdentityKey":"Bb9T8RhCKE/RgyPVYBXEJ00CuoKiTDMDGp/YtjRcgCRV"},"_chains":{"BRXDZIdMFTUr8NE30bBaJ10ch3yz/1TXsF3XfD4zDWln":{"chainKey":{"counter":0,"key":"O77qSHKEYirtjn6BY8wYDWhZGKGJ9K/Sa5LSPEVBA6k="},"chainType":1,"messageKeys":{}}},"pendingPreKey":{"signedKeyId":1,"baseKey":"BTf83ZGJBjdaFzQKaOMBh65nSeL27KQkFLfJu4E7zfN2"}},"BT7WEPBqfSOT7tpEzoc3u64rQ4lRCP/PvdQ2HQRUX69N":{"registrationId":3493,"currentRatchet":{"ephemeralKeyPair":{"pubKey":"BUugH2/S1YF9PqV16UR2jLzGd2cHF1ZL2gmlTNp/Lipr","privKey":"cIP99VHIwAcMrepCDLX/+CiJR9R2rU8wZeF+HrN5H08="},"lastRemoteEphemeralKey":"BQ9QRw/fkHgt14JgcUJ746QCKgi0kwM1QbNPCzUURj8H","previousCounter":0,"rootKey":"n98jcG8TFzxSvCzkh/Ot0fjBemGB7zFkq/D8yC6ltIk="},"indexInfo":{"baseKey":"BT7WEPBqfSOT7tpEzoc3u64rQ4lRCP/PvdQ2HQRUX69N","baseKeyType":1,"closed":-1,"used":1746627404618,"created":1746627404618,"remoteIdentityKey":"Bb9T8RhCKE/RgyPVYBXEJ00CuoKiTDMDGp/YtjRcgCRV"},"_chains":{"BUugH2/S1YF9PqV16UR2jLzGd2cHF1ZL2gmlTNp/Lipr":{"chainKey":{"counter":3,"key":"OKU2MQ8dlA7qDsch8Rv5JXzt6/LAZnoUn1sUl1GJJE4="},"chainType":1,"messageKeys":{}}},"pendingPreKey":{"signedKeyId":1,"baseKey":"BT7WEPBqfSOT7tpEzoc3u64rQ4lRCP/PvdQ2HQRUX69N"}}},"version":"v1"}