{"_sessions":{"BVnq79vpnLyCnqlEdOKmKqFQ2VdByEun7ZSkmvBBW1Qe":{"registrationId":1228910618,"currentRatchet":{"ephemeralKeyPair":{"pubKey":"BSEeWyfG1OJoH4Ynmr9P5JkvMx2UE0p7CGE5bi+2jKhz","privKey":"sEnY1j2d6Z+dzEQLyOxASDU4QaO7opvSxNS29qp6jWU="},"lastRemoteEphemeralKey":"BY1/Fu6Xth9G18cT7rytDLsDkrYL36WOwCDzd6qAENI8","previousCounter":0,"rootKey":"QCapwGPkFVGdN8mTaw/tSSiyjYCCrIlQ0FBHXNwZ/pQ="},"indexInfo":{"baseKey":"BVnq79vpnLyCnqlEdOKmKqFQ2VdByEun7ZSkmvBBW1Qe","baseKeyType":1,"closed":-1,"used":1746612497401,"created":1746612497401,"remoteIdentityKey":"BWyeS5gDaWuuFN6c23M7R1L2Gvp12DfWY6M0pL+9GOJv"},"_chains":{"BSEeWyfG1OJoH4Ynmr9P5JkvMx2UE0p7CGE5bi+2jKhz":{"chainKey":{"counter":4,"key":"f+rZH6UvWzrk8VvUAza2Piue9KQDqydCol/riZHDYsM="},"chainType":1,"messageKeys":{}}},"pendingPreKey":{"signedKeyId":1657142,"baseKey":"BVnq79vpnLyCnqlEdOKmKqFQ2VdByEun7ZSkmvBBW1Qe","preKeyId":482}}},"version":"v1"}