{"_sessions":{"BWSHF8LBC+4+6quMhjp1TzVBe5Hf1vREwDSEBV+Rb7gZ":{"registrationId":1619211779,"currentRatchet":{"ephemeralKeyPair":{"pubKey":"Bc+gtduapoxebbjVnLe2HQ//ZOtpyaOu/p7lhcQaPixv","privKey":"mC+G9JNaw0kaJ6TW1H2TyHvjojIeXd70VztL9V7FAEs="},"lastRemoteEphemeralKey":"BRjI0H8oYKwUmSfJa2XCdl0ETT5tOK0Oc85YY44hrK0q","previousCounter":0,"rootKey":"KW7RIlJz7v6yGdhHn6ND2MgmrQ4krGIBQvsboH0Kkhs="},"indexInfo":{"baseKey":"BWSHF8LBC+4+6quMhjp1TzVBe5Hf1vREwDSEBV+Rb7gZ","baseKeyType":1,"closed":-1,"used":1746612492892,"created":1746612492892,"remoteIdentityKey":"BbUzp5hrrcGd4mNVV/SgkBWso2NCZ68S5BzgeDtvd514"},"_chains":{"Bc+gtduapoxebbjVnLe2HQ//ZOtpyaOu/p7lhcQaPixv":{"chainKey":{"counter":4,"key":"KaLSkvqlnkrAUoRsw2qTTQAd1kYAfpg1orMCYrj7QP4="},"chainType":1,"messageKeys":{}}},"pendingPreKey":{"signedKeyId":20,"baseKey":"BWSHF8LBC+4+6quMhjp1TzVBe5Hf1vREwDSEBV+Rb7gZ","preKeyId":4440752}}},"version":"v1"}