{"_sessions":{"BRB6mOzK9hdUw+nKd7vahkcDAIEQKMsazDjKuTkHfXYU":{"registrationId":1709722212,"currentRatchet":{"ephemeralKeyPair":{"pubKey":"BSSXvop4xyIiQBS4+YJpai/G4FkvyCHsGG8bnx0LReRE","privKey":"iIrb9pbm7zw5SqNNgwMA4ORMZ+0VfUC9xqTIJCKH1l4="},"lastRemoteEphemeralKey":"BedBza6UbNv5hrPuDmjK5xhPomwY5w8tNcve0Sh/0Hwh","previousCounter":0,"rootKey":"ZC9IN/9GsBGBmx2EVQUbp/gE1x0blK0Xs+ETOoeZ9gI="},"indexInfo":{"baseKey":"BRB6mOzK9hdUw+nKd7vahkcDAIEQKMsazDjKuTkHfXYU","baseKeyType":1,"closed":-1,"used":1746612499056,"created":1746612499056,"remoteIdentityKey":"BX3sPJpv/0mGn+ZBAgZvWO2x4Y4ue9UuVf3YRa9rgXUc"},"_chains":{"BSSXvop4xyIiQBS4+YJpai/G4FkvyCHsGG8bnx0LReRE":{"chainKey":{"counter":4,"key":"5VUirBlTUFoPwiq0Y6aQ6fU1vx0ONrisZMbCBvoMmBs="},"chainType":1,"messageKeys":{}}},"pendingPreKey":{"signedKeyId":3,"baseKey":"BRB6mOzK9hdUw+nKd7vahkcDAIEQKMsazDjKuTkHfXYU","preKeyId":10606827}}},"version":"v1"}