{"_sessions":{"Bepae2xt1NFm+lXoCq8xGXbnb96BgoB10/CUAhundpsB":{"registrationId":1908231303,"currentRatchet":{"ephemeralKeyPair":{"pubKey":"BSR5j+Zqq4Hqg9zq4vuPhtik6plLu8pJYmQH9cz3lmNg","privKey":"QNfRay/4qQmArrsG2DsP6W5HjZLaKxll+MNHl2bxKU4="},"lastRemoteEphemeralKey":"BX08/XuFYhAFpiSVQVhBKHqaPIGMR6v2dwjeibS9KPB0","previousCounter":0,"rootKey":"fU0fO8/HciWZdDN8Ksw/HVL2SYapQZfiYqBKX0zwTTs="},"indexInfo":{"baseKey":"Bepae2xt1NFm+lXoCq8xGXbnb96BgoB10/CUAhundpsB","baseKeyType":1,"closed":1746627382664,"used":1746627362701,"created":1746627362701,"remoteIdentityKey":"BRyhmn++Yu77cjLN0e5BodHmyfR6VTnS0rWRYSBR2Q0z"},"_chains":{"BSR5j+Zqq4Hqg9zq4vuPhtik6plLu8pJYmQH9cz3lmNg":{"chainKey":{"counter":0,"key":"UtRcTXgmXRq1z4GJARpyE2idCYzAhdnJo1HIn0VTKjw="},"chainType":1,"messageKeys":{}}},"pendingPreKey":{"signedKeyId":6,"baseKey":"Bepae2xt1NFm+lXoCq8xGXbnb96BgoB10/CUAhundpsB","preKeyId":4175344}},"BW9mwaWp5EBDsGncaPXNlPfi+Gnc6hZzUf3DUip08qgb":{"registrationId":1908231303,"currentRatchet":{"ephemeralKeyPair":{"pubKey":"Bak9Ebpx2fc/g4C+wxTeAvM0uSv5f1k+AAouwSvVi+UB","privKey":"OL1M/NMC/h8zlapRPrQIFvcWDM6u6tpA9AVfP5iFPFk="},"lastRemoteEphemeralKey":"BX08/XuFYhAFpiSVQVhBKHqaPIGMR6v2dwjeibS9KPB0","previousCounter":0,"rootKey":"Ot+kmIHBhl4iBWqaVrQD7Ig4ICwcRzsyGQ1hsnoi570="},"indexInfo":{"baseKey":"BW9mwaWp5EBDsGncaPXNlPfi+Gnc6hZzUf3DUip08qgb","baseKeyType":1,"closed":1746627404938,"used":1746627382077,"created":1746627382077,"remoteIdentityKey":"BRyhmn++Yu77cjLN0e5BodHmyfR6VTnS0rWRYSBR2Q0z"},"_chains":{"Bak9Ebpx2fc/g4C+wxTeAvM0uSv5f1k+AAouwSvVi+UB":{"chainKey":{"counter":0,"key":"IA2fN49MfkylgZEI+uLJ4BIJUNtWMgN6wPBBbqWj/p4="},"chainType":1,"messageKeys":{}}},"pendingPreKey":{"signedKeyId":6,"baseKey":"BW9mwaWp5EBDsGncaPXNlPfi+Gnc6hZzUf3DUip08qgb","preKeyId":4175362}},"BcJpMu8CJyfiMznLvG5GyxAroPXAOpNlmbSfeN6ceZAs":{"registrationId":1908231303,"currentRatchet":{"ephemeralKeyPair":{"pubKey":"BbFXaOXMu0m3tvjopcAT3+kxALSsf7712grSQvbdmqUP","privKey":"oLMNbvmUHCCVyfmlRcOACGM0SZEqwXXeo/bTOFFPoGw="},"lastRemoteEphemeralKey":"BX08/XuFYhAFpiSVQVhBKHqaPIGMR6v2dwjeibS9KPB0","previousCounter":0,"rootKey":"LARBzyPUIrGjybahtSQr192Q1As25lEuTJleWbae2U8="},"indexInfo":{"baseKey":"BcJpMu8CJyfiMznLvG5GyxAroPXAOpNlmbSfeN6ceZAs","baseKeyType":1,"closed":-1,"used":1746627404813,"created":1746627404813,"remoteIdentityKey":"BRyhmn++Yu77cjLN0e5BodHmyfR6VTnS0rWRYSBR2Q0z"},"_chains":{"BbFXaOXMu0m3tvjopcAT3+kxALSsf7712grSQvbdmqUP":{"chainKey":{"counter":3,"key":"HE47SjFxyd+Ra1PJ0IPiCkakK53gYhpvfy2ZcLvgT3M="},"chainType":1,"messageKeys":{}}},"pendingPreKey":{"signedKeyId":6,"baseKey":"BcJpMu8CJyfiMznLvG5GyxAroPXAOpNlmbSfeN6ceZAs","preKeyId":4175094}}},"version":"v1"}