{"_sessions":{"BaIEDChk5dv4Civ6XgMKv+p11uu8+NH4CqL9uUSD4dQ8":{"registrationId":1957833316,"currentRatchet":{"ephemeralKeyPair":{"pubKey":"Bbw2R/O3DfSa74XU+U0tBlUWvST5bUpoa3Ts2Mgy6Rsl","privKey":"QDm9CAlIdVl1sPOid/v4bqZgY6KMo3Z/wneJxKxuqE8="},"lastRemoteEphemeralKey":"BRTYoowpoW7OYw/W8Il+DXEoyBkIQJV3aVfre7/7M+NZ","previousCounter":0,"rootKey":"lIoR9HQ4E1jcVIEeyeRW7XuB+Pov2ntB22urAW6fOtA="},"indexInfo":{"baseKey":"BaIEDChk5dv4Civ6XgMKv+p11uu8+NH4CqL9uUSD4dQ8","baseKeyType":1,"closed":-1,"used":1746627350990,"created":1746627350990,"remoteIdentityKey":"BWnw7IXW0WDEvVJ41qfGZdf8xj+/u3NYHDVfTMmycjd6"},"_chains":{"Bbw2R/O3DfSa74XU+U0tBlUWvST5bUpoa3Ts2Mgy6Rsl":{"chainKey":{"counter":0,"key":"uFQ8JAQmY1I6gf5YLMnCJFBEUBR+gYG+nU+Ov0FkdzU="},"chainType":1,"messageKeys":{}}},"pendingPreKey":{"signedKeyId":1,"baseKey":"BaIEDChk5dv4Civ6XgMKv+p11uu8+NH4CqL9uUSD4dQ8","preKeyId":4003213}}},"version":"v1"}