{"_sessions":{"Bd0bSiG54d/g18Gx3xS6oRBIrzT/5N/p6DUNpb1uzUY2":{"registrationId":1577120488,"currentRatchet":{"ephemeralKeyPair":{"pubKey":"Bc8sGUm+tjtE3euMr+F9hMzpXq7//CNHpMSe0VzN060h","privKey":"QCY8lFVKzXF72rdfqLAaLDCfJ3YzIVS7SEPYfw7sq0c="},"lastRemoteEphemeralKey":"BQms7jYK865HHUeinMoPiaHEv572W/ENkQBBArHJoHtt","previousCounter":0,"rootKey":"T18QqDjWOu5bgGpRSnBeT8wxKXieoYqEX/K7v9Ye4aI="},"indexInfo":{"baseKey":"Bd0bSiG54d/g18Gx3xS6oRBIrzT/5N/p6DUNpb1uzUY2","baseKeyType":1,"closed":-1,"used":1746627351211,"created":1746627351211,"remoteIdentityKey":"BUO4UqwblriIO65z1TuLkuFOwaWmUZ14anlAS7YoRAhm"},"_chains":{"Bc8sGUm+tjtE3euMr+F9hMzpXq7//CNHpMSe0VzN060h":{"chainKey":{"counter":0,"key":"ZApAxPoRSK1vzbJfV+lfsU/HbFhz9vpEwbLxBMMuQkE="},"chainType":1,"messageKeys":{}}},"pendingPreKey":{"signedKeyId":16,"baseKey":"Bd0bSiG54d/g18Gx3xS6oRBIrzT/5N/p6DUNpb1uzUY2"}}},"version":"v1"}