{"_sessions":{"Bb8VBHXKs/h42A471AsWIeWU0c7O20CdBKOSLx+p8Msn":{"registrationId":187123158,"currentRatchet":{"ephemeralKeyPair":{"pubKey":"BRpm32bXk3LwnONQXgs4rlrWSKvX9FfrcaFhZhFdnZU5","privKey":"+Jc3jvz8HaPybLQP58+Q6gTC/cy07bqFVXnIROGwe00="},"lastRemoteEphemeralKey":"BdsY5QefEjoac3whwanGl3u8EVNGjgkSkOdhTfvSvjEF","previousCounter":0,"rootKey":"AUNPPKKhyrv/GzqnsgMFkRFlLzxGQNzXsd55X9loc0M="},"indexInfo":{"baseKey":"Bb8VBHXKs/h42A471AsWIeWU0c7O20CdBKOSLx+p8Msn","baseKeyType":1,"closed":-1,"used":1746612497417,"created":1746612497417,"remoteIdentityKey":"BUX0LG52OE6be+8btNKibeO3N/VvwReZ7Q5MzFdRPIBq"},"_chains":{"BRpm32bXk3LwnONQXgs4rlrWSKvX9FfrcaFhZhFdnZU5":{"chainKey":{"counter":4,"key":"g70LixIpt2inMu6xaGaaucXDXvlge5aQuCGbRY6efGQ="},"chainType":1,"messageKeys":{}}},"pendingPreKey":{"signedKeyId":1,"baseKey":"Bb8VBHXKs/h42A471AsWIeWU0c7O20CdBKOSLx+p8Msn","preKeyId":1819371}}},"version":"v1"}