{"_sessions":{"BacpUR3AIP0MGCSEf17EP+x17Hrkbgg+FaNNhWRhvf1f":{"registrationId":1581370165,"currentRatchet":{"ephemeralKeyPair":{"pubKey":"BSj6qObttw/KpCaOl1Z99ZOZNGz5RRarxq1i03M8jL1L","privKey":"IMCrZwZvZs1aQuQb8pzWvf3ZQ2tpNgTJw2dH2avrdHw="},"lastRemoteEphemeralKey":"BThajsjZqL1ofdayBjWCjPDKRNcHebtu647DCn231XB6","previousCounter":0,"rootKey":"l5g6PLlKnedAY2Z/pnulvyEGYzJcfCFo/yeUSiGsmRc="},"indexInfo":{"baseKey":"BacpUR3AIP0MGCSEf17EP+x17Hrkbgg+FaNNhWRhvf1f","baseKeyType":1,"closed":-1,"used":1746612493162,"created":1746612493162,"remoteIdentityKey":"BasSnsBy+yH9ci4RSXwrl6SHd7HEintS2z/Kye+f4OIZ"},"_chains":{"BSj6qObttw/KpCaOl1Z99ZOZNGz5RRarxq1i03M8jL1L":{"chainKey":{"counter":4,"key":"bwyO/zPVmsVB5YhLKJchmMb3aKry9PTLhpYvCiDfNbI="},"chainType":1,"messageKeys":{}}},"pendingPreKey":{"signedKeyId":2,"baseKey":"BacpUR3AIP0MGCSEf17EP+x17Hrkbgg+FaNNhWRhvf1f","preKeyId":4114505}}},"version":"v1"}