{"_sessions":{"BeVlK4Ol+8FXET80KYU3SAIUxfjGVomAdPcccH2n0ak+":{"registrationId":1651089968,"currentRatchet":{"ephemeralKeyPair":{"pubKey":"BQFaToRP8IhPJ4VuEP3XVe9ZepDMHmffTz/pkOCI7kkd","privKey":"AFNbZffU+ts59NTjhsWZrgt6gycZZaNK7RR4vR1bN2I="},"lastRemoteEphemeralKey":"BYss7jIbkwqqj9K61ni0MY1z2+Ru8VVgloq5cB6AQ21K","previousCounter":0,"rootKey":"U9Q3wfrEln933NjV0/wsjMXLHtUYM8U9f6ajMSslSQU="},"indexInfo":{"baseKey":"BeVlK4Ol+8FXET80KYU3SAIUxfjGVomAdPcccH2n0ak+","baseKeyType":1,"closed":-1,"used":1746612497107,"created":1746612497107,"remoteIdentityKey":"BYJ8Y3zmgfxmmu57A/Kfd0rPF8UeyLq9Ivy4jBTYSO00"},"_chains":{"BQFaToRP8IhPJ4VuEP3XVe9ZepDMHmffTz/pkOCI7kkd":{"chainKey":{"counter":4,"key":"xhSvij9XP6FNHHMK1UN1GSDpceNsxqcEhVHK70B+KgM="},"chainType":1,"messageKeys":{}}},"pendingPreKey":{"signedKeyId":3,"baseKey":"BeVlK4Ol+8FXET80KYU3SAIUxfjGVomAdPcccH2n0ak+","preKeyId":5764652}}},"version":"v1"}