{"_sessions":{"BQNWnunySBNsyHJujf1j7q+YouuxKM22sHxsQW3bDn5c":{"registrationId":423209169,"currentRatchet":{"ephemeralKeyPair":{"pubKey":"BWwa6d4Kr/woxqNf0sIYxxHsUyupE/GXo4uDbAZPMblA","privKey":"CBbHRgfnGW+wcAo4CsLwnpHqWpZjj6f1/XfkLB8atVA="},"lastRemoteEphemeralKey":"BR+/lQgYgv6PAvW2iaNu74xwnJxVpZeyQHgG2F3YXpQw","previousCounter":0,"rootKey":"bvp8bdxnYzPcpdjALTt5KFYNeVwceiUP5QiqL26zJgs="},"indexInfo":{"baseKey":"BQNWnunySBNsyHJujf1j7q+YouuxKM22sHxsQW3bDn5c","baseKeyType":1,"closed":-1,"used":1746612493004,"created":1746612493004,"remoteIdentityKey":"Bdu+0rLZRscrbrUhMcXrqcVx0/VuYZi5FpsPR2EQecwE"},"_chains":{"BWwa6d4Kr/woxqNf0sIYxxHsUyupE/GXo4uDbAZPMblA":{"chainKey":{"counter":4,"key":"jIsurQ1/bu9pFxP7U7NRKBGqfFnarMt7aahLsn4qbC8="},"chainType":1,"messageKeys":{}}},"pendingPreKey":{"signedKeyId":0,"baseKey":"BQNWnunySBNsyHJujf1j7q+YouuxKM22sHxsQW3bDn5c","preKeyId":9065062}}},"version":"v1"}