{"_sessions":{"BY4exVuatDSxYsagoYnpy7o8TyJlOarX0WGDET777mYP":{"registrationId":499652156,"currentRatchet":{"ephemeralKeyPair":{"pubKey":"BdlzuFibKRcNcMBzJ04E/5FCyDmHvWDWNzms4DBIPWY7","privKey":"uA09HXFlzQjzbeORoAxXD9YKRdDYcJoR87mE5VRU+HE="},"lastRemoteEphemeralKey":"BSisEi15SjK/FcaWz7/S4ecOSCfNWp4qRQ9bt9/BUkEl","previousCounter":0,"rootKey":"ClHBOGHBlI66IIZL/5FS3MaSRJeh+j5aDUVVgjpyFAY="},"indexInfo":{"baseKey":"BY4exVuatDSxYsagoYnpy7o8TyJlOarX0WGDET777mYP","baseKeyType":1,"closed":-1,"used":1746612492946,"created":1746612492946,"remoteIdentityKey":"BZythcSc2KhVDETs4/gRafrPFSCd0JL9zm79gVGtF0Ef"},"_chains":{"BdlzuFibKRcNcMBzJ04E/5FCyDmHvWDWNzms4DBIPWY7":{"chainKey":{"counter":4,"key":"mfHgW7jBiBCJoFFT7s4B0EcM9DCQ2VIV/HyWdBMIcYQ="},"chainType":1,"messageKeys":{}}},"pendingPreKey":{"signedKeyId":0,"baseKey":"BY4exVuatDSxYsagoYnpy7o8TyJlOarX0WGDET777mYP"}}},"version":"v1"}