{"_sessions":{"BXrKpClDqFOzxYF6J/smY5gu8Xvkm7odiLFnef75PmIc":{"registrationId":117111699,"currentRatchet":{"ephemeralKeyPair":{"pubKey":"BQO9VHMOIsEf1nHbfVRYaqJftxj9pw4VjO3rL0u0Fu0s","privKey":"YD/hKO00T1PVKN4lS/L+mLoMJeqLc2Tjx46WE3+1Sk0="},"lastRemoteEphemeralKey":"BRxjCaHqx3bi7AVkroTIXolX2L1ZJbIgTU165t5US1wd","previousCounter":0,"rootKey":"89yuTwu7c++UD0UmsXIuhsln0cs7WMqm8Jv4Obon4dk="},"indexInfo":{"baseKey":"BXrKpClDqFOzxYF6J/smY5gu8Xvkm7odiLFnef75PmIc","baseKeyType":1,"closed":-1,"used":1746612496967,"created":1746612496967,"remoteIdentityKey":"BRWbfXZ3PabtoX5jNafTuVAHyEOaR12UHMhuIyECCZQw"},"_chains":{"BQO9VHMOIsEf1nHbfVRYaqJftxj9pw4VjO3rL0u0Fu0s":{"chainKey":{"counter":4,"key":"nxJQr6GBMYPWar2oWwISPcgDRTpQuq3Yk1hXzuXlFLI="},"chainType":1,"messageKeys":{}}},"pendingPreKey":{"signedKeyId":6,"baseKey":"BXrKpClDqFOzxYF6J/smY5gu8Xvkm7odiLFnef75PmIc"}}},"version":"v1"}