{"_sessions":{"BVcOdZsrDdS5y/Zfiq1bQJ77AOgxHqeSBJFEa4EUvvpA":{"registrationId":756605955,"currentRatchet":{"ephemeralKeyPair":{"pubKey":"BRDUcFxctN/C3gOrIPA/SdBOZ2o9ZZgHCc9GIpsz/DJ6","privKey":"sK0fPh+oX+ylNEO01zWKW8/Nr9UOfLEVzTMsb7TgNmE="},"lastRemoteEphemeralKey":"BcSnUxnXkWyyrwuiIEROTjJbM2v1btuxA7bfbVa2TGwQ","previousCounter":0,"rootKey":"EFywDClviyLGE9m8ET+jBUlq8V8HlDXyvODrhV5wvwE="},"indexInfo":{"baseKey":"BVcOdZsrDdS5y/Zfiq1bQJ77AOgxHqeSBJFEa4EUvvpA","baseKeyType":1,"closed":-1,"used":1746612492772,"created":1746612492772,"remoteIdentityKey":"BQr4+piU6Yh3bxRQwJ8eE9TbUxuh3qLszn/LJYR5gD9y"},"_chains":{"BRDUcFxctN/C3gOrIPA/SdBOZ2o9ZZgHCc9GIpsz/DJ6":{"chainKey":{"counter":4,"key":"3PrWd5ur9kwgciRrPRpyMpjZ2Eedy3m1Hd3xkPKd+OQ="},"chainType":1,"messageKeys":{}}},"pendingPreKey":{"signedKeyId":4447847,"baseKey":"BVcOdZsrDdS5y/Zfiq1bQJ77AOgxHqeSBJFEa4EUvvpA","preKeyId":517}}},"version":"v1"}