{"_sessions":{"BWNo93fSMpWr2Wz8cMibc+gOXKNM3b3ceptH3yYpiWoU":{"registrationId":2109807129,"currentRatchet":{"ephemeralKeyPair":{"pubKey":"BRbYEVRcbgwcnFsmi/kbJjhgS4qZnZKjvweEnvP53E1L","privKey":"IJPqUI66zeiNfJLixv5Sv8LzMnBqlJ3wjgDl8e9eqGA="},"lastRemoteEphemeralKey":"BVI6WWKOkbIv+HKHjfdOZXxkbGdpsYrbmXKpyybdDT8z","previousCounter":0,"rootKey":"Biv4Y4GEoqhb7GRgo8CKFuiYFlKopRAAVqbxqz/Mbzo="},"indexInfo":{"baseKey":"BWNo93fSMpWr2Wz8cMibc+gOXKNM3b3ceptH3yYpiWoU","baseKeyType":1,"closed":-1,"used":1746612492969,"created":1746612492969,"remoteIdentityKey":"BSfhA3n6x5epFd/1OPh3o3U3Bx9SZczUkufofYRBOTwN"},"_chains":{"BRbYEVRcbgwcnFsmi/kbJjhgS4qZnZKjvweEnvP53E1L":{"chainKey":{"counter":4,"key":"TvL8fdeiEqtIza5i7gFTZ74+iNP+7CURESqEmQAZSTg="},"chainType":1,"messageKeys":{}}},"pendingPreKey":{"signedKeyId":18,"baseKey":"BWNo93fSMpWr2Wz8cMibc+gOXKNM3b3ceptH3yYpiWoU","preKeyId":4963766}}},"version":"v1"}