{"_sessions":{"BfpPGP+4HHO4je20s/1cFYd942FifuCpWhp7w++vF8J8":{"registrationId":1717932812,"currentRatchet":{"ephemeralKeyPair":{"pubKey":"BaYVW6KHe/AkSazekWioebDgywMJDlmcD/Xq2k4zqh9A","privKey":"MHFMHyiaIBJXlIOiMRoG34C7dEZvTcBg29j3CnJEg1A="},"lastRemoteEphemeralKey":"BQaVGI5OYYIRiWCk1FopEALyHw9KmtZoUxbSL3A3VRFB","previousCounter":0,"rootKey":"NFeyGFzfOv+zo/KMpV5+IdKyJFSi1z+zllyhSUkEW4g="},"indexInfo":{"baseKey":"BfpPGP+4HHO4je20s/1cFYd942FifuCpWhp7w++vF8J8","baseKeyType":1,"closed":1746627382287,"used":1746627362393,"created":1746627362393,"remoteIdentityKey":"BYZwbwLJc8087Ba3Ko2KfTJRPYfayYnJLGp2ATAwr6xs"},"_chains":{"BaYVW6KHe/AkSazekWioebDgywMJDlmcD/Xq2k4zqh9A":{"chainKey":{"counter":0,"key":"bEhmWvXWXUB9YfwmQmJyX7dRVjbyT5iItcM6sjQoHIk="},"chainType":1,"messageKeys":{}}},"pendingPreKey":{"signedKeyId":3,"baseKey":"BfpPGP+4HHO4je20s/1cFYd942FifuCpWhp7w++vF8J8"}},"BS0T2CS50bp3E7WdEZiJnhidNwvFmpX77G5tYfUDk/5g":{"registrationId":1717932812,"currentRatchet":{"ephemeralKeyPair":{"pubKey":"BaK1Z1klXumE+XhDyJYluXt6kX/+PKoKXHxsmqZHBYd0","privKey":"UAX2PVlOVxczBV/O9Ku31JavSHR4dbBihT0sKX6CL3w="},"lastRemoteEphemeralKey":"BQaVGI5OYYIRiWCk1FopEALyHw9KmtZoUxbSL3A3VRFB","previousCounter":0,"rootKey":"G4AshLi82nVaeqt9tptIXhsssUZAYYz8PceVYrisL6s="},"indexInfo":{"baseKey":"BS0T2CS50bp3E7WdEZiJnhidNwvFmpX77G5tYfUDk/5g","baseKeyType":1,"closed":1746627404891,"used":1746627381823,"created":1746627381823,"remoteIdentityKey":"BYZwbwLJc8087Ba3Ko2KfTJRPYfayYnJLGp2ATAwr6xs"},"_chains":{"BaK1Z1klXumE+XhDyJYluXt6kX/+PKoKXHxsmqZHBYd0":{"chainKey":{"counter":0,"key":"a/Txal2OjQvPkFC0MZWtSGU6V8J5Hf7ivu4HGaM7Cww="},"chainType":1,"messageKeys":{}}},"pendingPreKey":{"signedKeyId":3,"baseKey":"BS0T2CS50bp3E7WdEZiJnhidNwvFmpX77G5tYfUDk/5g"}},"Bbk3k4B5r6+jOSbWpJcS/ORId/GXIILjRfh3ItwbHhh8":{"registrationId":1717932812,"currentRatchet":{"ephemeralKeyPair":{"pubKey":"BbugP/bLh9epD6xY6PC744LdBQLr6BM94JVm+9eHvVJ6","privKey":"IEZsMKthT/qcAu3xRBawFTgf0zmxfBFAslpkuxcTrUM="},"lastRemoteEphemeralKey":"BQaVGI5OYYIRiWCk1FopEALyHw9KmtZoUxbSL3A3VRFB","previousCounter":0,"rootKey":"INbYqLskqBexGoBfpzu0YY/VaDas6WzK2kP8vex/bBg="},"indexInfo":{"baseKey":"Bbk3k4B5r6+jOSbWpJcS/ORId/GXIILjRfh3ItwbHhh8","baseKeyType":1,"closed":-1,"used":1746627404610,"created":1746627404610,"remoteIdentityKey":"BYZwbwLJc8087Ba3Ko2KfTJRPYfayYnJLGp2ATAwr6xs"},"_chains":{"BbugP/bLh9epD6xY6PC744LdBQLr6BM94JVm+9eHvVJ6":{"chainKey":{"counter":3,"key":"RyxlBq7T9dGXqwi7xHkAPfIAPywlzN4/ajmlH4Cx2dg="},"chainType":1,"messageKeys":{}}},"pendingPreKey":{"signedKeyId":3,"baseKey":"Bbk3k4B5r6+jOSbWpJcS/ORId/GXIILjRfh3ItwbHhh8"}}},"version":"v1"}