{"_sessions":{"BcGEkmcTI8Htv3yVErcO824eaMnbCd8MqmEwtAtCA9t3":{"registrationId":919288226,"currentRatchet":{"ephemeralKeyPair":{"pubKey":"BcKFI1ySaM1/Xp8oWAYELNAoah9sXkVct6u22GuASTtE","privKey":"aIFR2zu6I4jAh81cmyqgG2/Oe+mz/mPdDQbNLui8s2k="},"lastRemoteEphemeralKey":"BRAQOdVGiAtHbpjodBE4IZz8BNNxJqU7+ot3o+4NwcMT","previousCounter":0,"rootKey":"/xdK6CvRz1behwFWIFrGCE715LRx0/LG95N4IEbrfyw="},"indexInfo":{"baseKey":"BcGEkmcTI8Htv3yVErcO824eaMnbCd8MqmEwtAtCA9t3","baseKeyType":1,"closed":-1,"used":1746612493141,"created":1746612493141,"remoteIdentityKey":"BUzd6rGfpJdC+33nnxjGqHTcyZiRCFy8sY2Oka3N84UO"},"_chains":{"BcKFI1ySaM1/Xp8oWAYELNAoah9sXkVct6u22GuASTtE":{"chainKey":{"counter":4,"key":"AX7iSrnvWJCTEGCjKw2Wip1lzB1Wbf/kGhHk4ZrYc5s="},"chainType":1,"messageKeys":{}}},"pendingPreKey":{"signedKeyId":4423625,"baseKey":"BcGEkmcTI8Htv3yVErcO824eaMnbCd8MqmEwtAtCA9t3"}}},"version":"v1"}