{"_sessions":{"BS0UjkyPiIwKTbaV7QukBZ+CrU/+ZPnRxAQvKPJIT8Z8":{"registrationId":840648421,"currentRatchet":{"ephemeralKeyPair":{"pubKey":"BfRCqh/DImIUlwm/gIH6cVBl5czdrhpZP+KeaNHd7FRj","privKey":"MFBlVjDLuAUuBYbTSbO+SuvnXXc+Ay4xQks5RM4Lk2k="},"lastRemoteEphemeralKey":"BXkjpCKqBEnh1iWuo5/M6S1EIQPdBndxcjnKJkj7nUoF","previousCounter":0,"rootKey":"xW1EJnErtmG5WeZy9aJqvlWiiAIgR8hRv5S80b2TiRs="},"indexInfo":{"baseKey":"BS0UjkyPiIwKTbaV7QukBZ+CrU/+ZPnRxAQvKPJIT8Z8","baseKeyType":1,"closed":-1,"used":1746627350684,"created":1746627350684,"remoteIdentityKey":"BZP6Cqbrj/KyVJ1F5PqXIPIXC7Q3VvVFmyqVkJRXUzAT"},"_chains":{"BfRCqh/DImIUlwm/gIH6cVBl5czdrhpZP+KeaNHd7FRj":{"chainKey":{"counter":0,"key":"MFYKwAGyW1uoAqmc+0nKULLAtFQ/ezN1dmC7wBkrSL8="},"chainType":1,"messageKeys":{}}},"pendingPreKey":{"signedKeyId":11,"baseKey":"BS0UjkyPiIwKTbaV7QukBZ+CrU/+ZPnRxAQvKPJIT8Z8","preKeyId":11491361}}},"version":"v1"}