{"_sessions":{"BSFNH/NHZ0xuDf7gV1pFXDQMEfJUc2LSoCOd4Sl06jQx":{"registrationId":2141984041,"currentRatchet":{"ephemeralKeyPair":{"pubKey":"BcX/YjpGiAwhKq9VyEiP87j6WLmax6Wc/fEktqBrLQJj","privKey":"qNJVQFKHw6NMzX7dx6WOE6oKZgpLAEvmxYfqiC9kzG4="},"lastRemoteEphemeralKey":"BYN0P6Y/FtiI8UbT9dHQgMKL+XeHOK665vml+J7VY7xd","previousCounter":0,"rootKey":"RR5Nd7OwGCDWQTm+2igvetzQn/E7mLJ/ng2pgFXewYI="},"indexInfo":{"baseKey":"BSFNH/NHZ0xuDf7gV1pFXDQMEfJUc2LSoCOd4Sl06jQx","baseKeyType":1,"closed":-1,"used":1746627351056,"created":1746627351056,"remoteIdentityKey":"BWuha/5uExWyQoCmCojc1oQTU4XfcOZvzPPOvpB7gE4F"},"_chains":{"BcX/YjpGiAwhKq9VyEiP87j6WLmax6Wc/fEktqBrLQJj":{"chainKey":{"counter":0,"key":"O4BUYwgIAudpQMHgYNnvrDr/W2azn3scFoCdNKOkfVI="},"chainType":1,"messageKeys":{}}},"pendingPreKey":{"signedKeyId":12,"baseKey":"BSFNH/NHZ0xuDf7gV1pFXDQMEfJUc2LSoCOd4Sl06jQx","preKeyId":5136609}}},"version":"v1"}