{"_sessions":{"BY5Z/Zw6PdKl10RxDyBQE5eOcryNZCyT+YWaAvbOEkBU":{"registrationId":335137820,"currentRatchet":{"ephemeralKeyPair":{"pubKey":"BZlOesSfPNs6smGJ2f5Spw9TWfkVu/qKDjFWq6hjr1l2","privKey":"CFs6OoigdQpYbpMn+OVJCUAVJhBG1LtN/2B/Pkzz/Ho="},"lastRemoteEphemeralKey":"BTHMCFtXK6miRezSSp+WxfzC0zn7rDiUNRTlajbm7HV9","previousCounter":0,"rootKey":"QI87ps5Eh+iTNCh/aruz5XIyVtSeghqb93agFMDZy90="},"indexInfo":{"baseKey":"BY5Z/Zw6PdKl10RxDyBQE5eOcryNZCyT+YWaAvbOEkBU","baseKeyType":1,"closed":1746627382503,"used":1746627362576,"created":1746627362576,"remoteIdentityKey":"BY4AjTrDjtxysaeptBL8W2IgfDH+xB6LYN6pvNui8iNa"},"_chains":{"BZlOesSfPNs6smGJ2f5Spw9TWfkVu/qKDjFWq6hjr1l2":{"chainKey":{"counter":0,"key":"h20reojlM0lw3GExBPbo70/W3mGECdgrRHtDkXZS6ns="},"chainType":1,"messageKeys":{}}},"pendingPreKey":{"signedKeyId":0,"baseKey":"BY5Z/Zw6PdKl10RxDyBQE5eOcryNZCyT+YWaAvbOEkBU","preKeyId":6157784}},"Bc2Hvz9aknqkNPX2stq6CoaGDirxnsjowL72XL8B8E59":{"registrationId":335137820,"currentRatchet":{"ephemeralKeyPair":{"pubKey":"BQEonN4v9ESTZQL8NXi0PWX7N1lLV4QLrxJj0jIxTXRs","privKey":"8MM2cGk4GDhnZB1GrtUXL/qbKn2pdO2bffy7tUp1OFs="},"lastRemoteEphemeralKey":"BTHMCFtXK6miRezSSp+WxfzC0zn7rDiUNRTlajbm7HV9","previousCounter":0,"rootKey":"ntb9MVHcAjgpgU9SPlhWX0qd5hQRrrAdHAeDo0LUs4w="},"indexInfo":{"baseKey":"Bc2Hvz9aknqkNPX2stq6CoaGDirxnsjowL72XL8B8E59","baseKeyType":1,"closed":1746627404914,"used":1746627381973,"created":1746627381973,"remoteIdentityKey":"BY4AjTrDjtxysaeptBL8W2IgfDH+xB6LYN6pvNui8iNa"},"_chains":{"BQEonN4v9ESTZQL8NXi0PWX7N1lLV4QLrxJj0jIxTXRs":{"chainKey":{"counter":0,"key":"dH0yBQ6ArKd53/fcT0r5QpQnx7UAQ35NdyIYhWkK3TE="},"chainType":1,"messageKeys":{}}},"pendingPreKey":{"signedKeyId":0,"baseKey":"Bc2Hvz9aknqkNPX2stq6CoaGDirxnsjowL72XL8B8E59","preKeyId":6157431}},"BUyJTRVx9dDq5w27rj0qw4UrJcCCMUUqZHYiEJeCEag/":{"registrationId":335137820,"currentRatchet":{"ephemeralKeyPair":{"pubKey":"BbgCK4muvOMBwSRyt01097JqX/OnsgdB5XeT7EP7XTVv","privKey":"UKnJM7/VpveXnJ1ec4ANMmEzVnju39lopcbQolS5oEs="},"lastRemoteEphemeralKey":"BTHMCFtXK6miRezSSp+WxfzC0zn7rDiUNRTlajbm7HV9","previousCounter":0,"rootKey":"hY1+/IHX4XGLpeGC1p5qL/1GakxoeJxdAJTmyr0TBYY="},"indexInfo":{"baseKey":"BUyJTRVx9dDq5w27rj0qw4UrJcCCMUUqZHYiEJeCEag/","baseKeyType":1,"closed":-1,"used":1746627404728,"created":1746627404728,"remoteIdentityKey":"BY4AjTrDjtxysaeptBL8W2IgfDH+xB6LYN6pvNui8iNa"},"_chains":{"BbgCK4muvOMBwSRyt01097JqX/OnsgdB5XeT7EP7XTVv":{"chainKey":{"counter":3,"key":"oSyQJBed27nUBC7lZgpY0HoQUaBJwIJMR3J2QkONl4E="},"chainType":1,"messageKeys":{}}},"pendingPreKey":{"signedKeyId":0,"baseKey":"BUyJTRVx9dDq5w27rj0qw4UrJcCCMUUqZHYiEJeCEag/","preKeyId":6157914}}},"version":"v1"}