{"_sessions":{"BdwL/mxKm34kMzg9PIm2CQToF4oknkduk1Lu1bF4b7I+":{"registrationId":386782711,"currentRatchet":{"ephemeralKeyPair":{"pubKey":"BYmvqfAzZ5E9JrEKEH21XKBfSOF8z8Uv6kPI5xJ/fJ1D","privKey":"6J1E11lBqbAbFrSIsFtWtf4fVYoXhgNAl0O7jWDtP24="},"lastRemoteEphemeralKey":"BZ09udwJNzDtkTUJxbrOMTfHuLsgujJX+IkxhxsJKOdH","previousCounter":0,"rootKey":"pnTzNXsTin/FU/ZUa0K48T74i20W3FgimzXL1b/Ownk="},"indexInfo":{"baseKey":"BdwL/mxKm34kMzg9PIm2CQToF4oknkduk1Lu1bF4b7I+","baseKeyType":1,"closed":-1,"used":1746612493011,"created":1746612493011,"remoteIdentityKey":"BfqzQJcPmzJKnf3Errhu5+BCo+ehAO4OnF8aFr6kJ3EN"},"_chains":{"BYmvqfAzZ5E9JrEKEH21XKBfSOF8z8Uv6kPI5xJ/fJ1D":{"chainKey":{"counter":4,"key":"hS0KWRN5GCNIIfs4TlR2euAuAq4uijVCtdwoO9dWE8A="},"chainType":1,"messageKeys":{}}},"pendingPreKey":{"signedKeyId":1,"baseKey":"BdwL/mxKm34kMzg9PIm2CQToF4oknkduk1Lu1bF4b7I+"}}},"version":"v1"}