{"_sessions":{"BU4WYSEkiE9jlS5XoahPDRJ31CcqxGnlaH9N5jR0h08j":{"registrationId":1982104370,"currentRatchet":{"ephemeralKeyPair":{"pubKey":"BX0SrFjmqLacrybK1q9N1jjzFG2kMOfPCnDxuL9NNKJv","privKey":"CLC2JLg+/CUrfBdtWT9QDzJM9tNtExFWTbOga1E5rFU="},"lastRemoteEphemeralKey":"BY7QKHWfP28hvAnoZJxIN+vHckkovec5lNsAlzAbV4gH","previousCounter":0,"rootKey":"7mIqbGfbRiCSDlt28HSqEGW09kP5aqLK9Q10TZ345Lk="},"indexInfo":{"baseKey":"BU4WYSEkiE9jlS5XoahPDRJ31CcqxGnlaH9N5jR0h08j","baseKeyType":1,"closed":-1,"used":1746627350883,"created":1746627350883,"remoteIdentityKey":"BegCPnzTxH+1i6FvKYTmnd2tDlBqMPMY17NZXa3SwyoG"},"_chains":{"BX0SrFjmqLacrybK1q9N1jjzFG2kMOfPCnDxuL9NNKJv":{"chainKey":{"counter":0,"key":"Sw1FSIMIK2hnQrmxlGYIumwnkJ1RhUmsJ5I94+CiAWA="},"chainType":1,"messageKeys":{}}},"pendingPreKey":{"signedKeyId":7,"baseKey":"BU4WYSEkiE9jlS5XoahPDRJ31CcqxGnlaH9N5jR0h08j","preKeyId":4040155}}},"version":"v1"}