{"_sessions":{"BTUrgM5hdl8PUruiI59v+ebL7bSb9NMJFOK3aMGQuVc6":{"registrationId":753583580,"currentRatchet":{"ephemeralKeyPair":{"pubKey":"BVQJvruY3FPgx4CVsE2PF0X8b3DEjhvUjWhm2evwULsD","privKey":"GLsJ06qH8BpunmiITwgXFM2HpmBXMSL6PvwspHRjQUk="},"lastRemoteEphemeralKey":"BTkF6/+w/0wUXfBljvUGfaoPXuUkHRus7IP/MqfyP0sC","previousCounter":0,"rootKey":"DUWOQdKjJC53Qve5Tc8Xp6yCziUIYMxz8Ddz3xVM/sI="},"indexInfo":{"baseKey":"BTUrgM5hdl8PUruiI59v+ebL7bSb9NMJFOK3aMGQuVc6","baseKeyType":1,"closed":-1,"used":1746612498992,"created":1746612498992,"remoteIdentityKey":"BfSEjNoibjBWozzvLz2WaKcKr9G0XvGfWlfYh5JvWwpZ"},"_chains":{"BVQJvruY3FPgx4CVsE2PF0X8b3DEjhvUjWhm2evwULsD":{"chainKey":{"counter":4,"key":"VSW8+oF3ZvWGulhndnxSo+lxjJTgBiFqPCF70A18ivk="},"chainType":1,"messageKeys":{}}},"pendingPreKey":{"signedKeyId":4,"baseKey":"BTUrgM5hdl8PUruiI59v+ebL7bSb9NMJFOK3aMGQuVc6","preKeyId":9038460}}},"version":"v1"}