{"_sessions":{"BeW0DCLWU5M3TuviZzx/BSvvKAuxPWa/Yy86zpZpxwEa":{"registrationId":1243424532,"currentRatchet":{"ephemeralKeyPair":{"pubKey":"BV9UcPTKIC5dAxJ+czMhgMhBbfVuDLAZVarZpMnOcwUL","privKey":"eJux5t8fFJ4u1Vqnwal/QY7SDLSS/mM9cVQpg9l+YFM="},"lastRemoteEphemeralKey":"BcTIA5Bg+rYqxqnFFClDCuOFFnopWWIYeCVuDNgTRn8G","previousCounter":0,"rootKey":"VLARyVrN9LiKtQAUWWqcGoHQlA+rGpszpb+DNtUv0zE="},"indexInfo":{"baseKey":"BeW0DCLWU5M3TuviZzx/BSvvKAuxPWa/Yy86zpZpxwEa","baseKeyType":1,"closed":-1,"used":1746627350856,"created":1746627350856,"remoteIdentityKey":"BXKtubfS/ZIxd7Haz+tTL8j72BinpvzVjXJLllnk+mZw"},"_chains":{"BV9UcPTKIC5dAxJ+czMhgMhBbfVuDLAZVarZpMnOcwUL":{"chainKey":{"counter":0,"key":"J5ktx0P+PksjxDRqaJYu0NV61mS4FQCnMTnYKLPQGvk="},"chainType":1,"messageKeys":{}}},"pendingPreKey":{"signedKeyId":3,"baseKey":"BeW0DCLWU5M3TuviZzx/BSvvKAuxPWa/Yy86zpZpxwEa","preKeyId":3373431}}},"version":"v1"}