{"_sessions":{"BQdHLQmh+/0I3F+savkiIB48JuZ9ijECXxNpuX0AA1le":{"registrationId":1261678609,"currentRatchet":{"ephemeralKeyPair":{"pubKey":"BXnYGXeE75GoXz6FhzQy1mQC5CUNXOGuvkPnhj3i1WcL","privKey":"QFdB9TOoUI1SbCSXxGZaEFr0Hf52bJ4f5tw9pxo613M="},"lastRemoteEphemeralKey":"BReFR/dRpuEahk3sQBj3I0lQRbMukgAlEDPEss06Ow0q","previousCounter":2,"rootKey":"booq0D0+XHGb+3hGorHdXTG8bPl8W8DPWOt5ANTolfg="},"indexInfo":{"baseKey":"BQdHLQmh+/0I3F+savkiIB48JuZ9ijECXxNpuX0AA1le","baseKeyType":1,"closed":-1,"used":1746627463421,"created":1746612488974,"remoteIdentityKey":"Bbi9kh0FM1iLeQtPNcBtD5kIi6FAx8gnjWyWsHzNjrYT"},"_chains":{"BReFR/dRpuEahk3sQBj3I0lQRbMukgAlEDPEss06Ow0q":{"chainKey":{"counter":1,"key":"khHkLgP+l+v5pomtbwZplgi0pCzgUg/dCaX9JuB+yr0="},"chainType":2,"messageKeys":{}},"BXnYGXeE75GoXz6FhzQy1mQC5CUNXOGuvkPnhj3i1WcL":{"chainKey":{"counter":1,"key":"D7QqyqmaDCyuYRjlqX+l8pZIg1cgcSSqLkljteDftTo="},"chainType":1,"messageKeys":{}}}}},"version":"v1"}