{"_sessions":{"BTlMb7Pi5VXoyrR/DslKjf7wucyuxSgjhDx3VN/hd9In":{"registrationId":430783174,"currentRatchet":{"ephemeralKeyPair":{"pubKey":"BYgM1d97WWZ23YAUCVOPd9ELxj84JFA6oph1Ds7eQWEr","privKey":"UCn+FxHRAD73jW6IUr/7oFE9mkK25yAL6BrVKTTRelI="},"lastRemoteEphemeralKey":"BSAZtQP3xH7EMKPUyngveRy98EI1nhqqSMI+ziFyOmoG","previousCounter":0,"rootKey":"hans1Cm5el9db5MbvTra0TbXihXNOnYXeTzLP7CpcFg="},"indexInfo":{"baseKey":"BTlMb7Pi5VXoyrR/DslKjf7wucyuxSgjhDx3VN/hd9In","baseKeyType":1,"closed":1746627386456,"used":1746627365785,"created":1746627365785,"remoteIdentityKey":"BY8N0TsWrtpv8i7TKV2wvkSmLzEkMHQzby7IYqjeQGpI"},"_chains":{"BYgM1d97WWZ23YAUCVOPd9ELxj84JFA6oph1Ds7eQWEr":{"chainKey":{"counter":0,"key":"ikKrzbUrhlcUqRJk288I9kWdtAS964wfVvN00l1wL7A="},"chainType":1,"messageKeys":{}}},"pendingPreKey":{"signedKeyId":17,"baseKey":"BTlMb7Pi5VXoyrR/DslKjf7wucyuxSgjhDx3VN/hd9In","preKeyId":2836169}},"BV/oElB6Dm5gcMdHXEI2DqybqWeW15l/gJCyA8XPQCcA":{"registrationId":430783174,"currentRatchet":{"ephemeralKeyPair":{"pubKey":"BVdJhUKEI5b4nDChvBoYCpfcOHfKKl4dV5iK3dlSMigB","privKey":"cEK6gA4k2BG2+MvQJ0fUqfUh0c6fTlHFGPUKbb5DT24="},"lastRemoteEphemeralKey":"BSAZtQP3xH7EMKPUyngveRy98EI1nhqqSMI+ziFyOmoG","previousCounter":0,"rootKey":"zg+B6jEm7vwLIi49jSOXJgNnwwVNJvEpkncU4I28+ys="},"indexInfo":{"baseKey":"BV/oElB6Dm5gcMdHXEI2DqybqWeW15l/gJCyA8XPQCcA","baseKeyType":1,"closed":1746627408697,"used":1746627385851,"created":1746627385850,"remoteIdentityKey":"BY8N0TsWrtpv8i7TKV2wvkSmLzEkMHQzby7IYqjeQGpI"},"_chains":{"BVdJhUKEI5b4nDChvBoYCpfcOHfKKl4dV5iK3dlSMigB":{"chainKey":{"counter":0,"key":"dI54FQNEa7Pc5VJfyvYfmZU/mDbpTB/iXQ8r2yQAN3c="},"chainType":1,"messageKeys":{}}},"pendingPreKey":{"signedKeyId":17,"baseKey":"BV/oElB6Dm5gcMdHXEI2DqybqWeW15l/gJCyA8XPQCcA","preKeyId":2836175}},"BcKoLjnqKpftFaU9UFsSklJ+4S+22KnmT5Bhh1NQ8iov":{"registrationId":430783174,"currentRatchet":{"ephemeralKeyPair":{"pubKey":"BQBj+ozPv2EJh7hZOzSns2OpawA3lIDslMsGocDP2hMu","privKey":"AA2FyDetpT9ZMDbr+hA0b1CZ6ev92vFTc2T2DxwiAHY="},"lastRemoteEphemeralKey":"BSAZtQP3xH7EMKPUyngveRy98EI1nhqqSMI+ziFyOmoG","previousCounter":0,"rootKey":"KrH3ZIKw8eA9RhNFVLVrTAeUGpuOwh4Ddh7CRpwRy2o="},"indexInfo":{"baseKey":"BcKoLjnqKpftFaU9UFsSklJ+4S+22KnmT5Bhh1NQ8iov","baseKeyType":1,"closed":-1,"used":1746627408220,"created":1746627408220,"remoteIdentityKey":"BY8N0TsWrtpv8i7TKV2wvkSmLzEkMHQzby7IYqjeQGpI"},"_chains":{"BQBj+ozPv2EJh7hZOzSns2OpawA3lIDslMsGocDP2hMu":{"chainKey":{"counter":3,"key":"cc65+vswMQ/Ux9yD/iAcgN57+rNouDxy8WnUmoc+1VI="},"chainType":1,"messageKeys":{}}},"pendingPreKey":{"signedKeyId":17,"baseKey":"BcKoLjnqKpftFaU9UFsSklJ+4S+22KnmT5Bhh1NQ8iov","preKeyId":2836143}}},"version":"v1"}