{"_sessions":{"BQ0au3EDlpus8eLHLew2FWkzoyqb2EN+5yCewDKpHPYQ":{"registrationId":257007968,"currentRatchet":{"ephemeralKeyPair":{"pubKey":"BX5Q6xb5/7G4PZ6rmfi1YN40fL0P/XRcz53qO5f7DfMb","privKey":"OJ1B367H4UYYdACSRWD/c2bWL9WG7Sej3Z0wpHMJ+FM="},"lastRemoteEphemeralKey":"BSg7UfeYZn/YrFyy4dud6WU2lGsSyoN2bWChBlJFvfIA","previousCounter":0,"rootKey":"VBo6hibqOkyFotHqgKyFx60n6CQqtUIM+DkXcODjOwA="},"indexInfo":{"baseKey":"BQ0au3EDlpus8eLHLew2FWkzoyqb2EN+5yCewDKpHPYQ","baseKeyType":1,"closed":-1,"used":1746612496882,"created":1746612496882,"remoteIdentityKey":"BWsVr9BIWd4n76ao93rEQEYQzAuol24YXVKgnMLUxlNe"},"_chains":{"BX5Q6xb5/7G4PZ6rmfi1YN40fL0P/XRcz53qO5f7DfMb":{"chainKey":{"counter":4,"key":"A35iws2Zeecd5Hi92WKMpezZ10erxTVMIG/eGSNHlK8="},"chainType":1,"messageKeys":{}}},"pendingPreKey":{"signedKeyId":1,"baseKey":"BQ0au3EDlpus8eLHLew2FWkzoyqb2EN+5yCewDKpHPYQ"}}},"version":"v1"}