{"_sessions":{"BQim4HfDXYeJnEZTPLzdY93HM2tAHM6A4rvbQXarXrVO":{"registrationId":8131,"currentRatchet":{"ephemeralKeyPair":{"pubKey":"BVltdNBqRZ3ZiZzmdfz5qOtBMbTus3yptodyol8/HWMi","privKey":"GEKfL99OAMulgZZZjuZH7sQJW6aNUT6PuGbS7phY4mo="},"lastRemoteEphemeralKey":"Bb8g8nAEO3Nv4Zw5sDuB0xQyQM4/e9/6Jp9IE5vA5cEn","previousCounter":0,"rootKey":"9BkT2Q53Kf43wD66T48YGUvve5DGyajzZjsuTJZrvVQ="},"indexInfo":{"baseKey":"BQim4HfDXYeJnEZTPLzdY93HM2tAHM6A4rvbQXarXrVO","baseKeyType":1,"closed":1746627382228,"used":1746627362342,"created":1746627362342,"remoteIdentityKey":"BT5KDZGRzPchPOXEHW/j0ST88G5qdVYvsoOB62bBf98G"},"_chains":{"BVltdNBqRZ3ZiZzmdfz5qOtBMbTus3yptodyol8/HWMi":{"chainKey":{"counter":0,"key":"RxyxxqXL6IoPxsiTPwemOCcOE9vcQLslEFme2t4ICrw="},"chainType":1,"messageKeys":{}}},"pendingPreKey":{"signedKeyId":1,"baseKey":"BQim4HfDXYeJnEZTPLzdY93HM2tAHM6A4rvbQXarXrVO"}},"BbeMX4txj69dZwOKtGsdLCx8ZWq4K9/kGdQ/KNMEG042":{"registrationId":8131,"currentRatchet":{"ephemeralKeyPair":{"pubKey":"BQ+g/C7GspFVVOAjYihk0Zlr/68b4qBtITMVM5ola1NJ","privKey":"cDv14+JUVXY2Rmlh+kgGJ3BLbbPxAGpo4eObdjR48n0="},"lastRemoteEphemeralKey":"Bb8g8nAEO3Nv4Zw5sDuB0xQyQM4/e9/6Jp9IE5vA5cEn","previousCounter":0,"rootKey":"1fXHW/8jIF7GvlU6Z0FtQ4d3hXuWBQYOUH3UOTiunf0="},"indexInfo":{"baseKey":"BbeMX4txj69dZwOKtGsdLCx8ZWq4K9/kGdQ/KNMEG042","baseKeyType":1,"closed":1746627404883,"used":1746627381772,"created":1746627381772,"remoteIdentityKey":"BT5KDZGRzPchPOXEHW/j0ST88G5qdVYvsoOB62bBf98G"},"_chains":{"BQ+g/C7GspFVVOAjYihk0Zlr/68b4qBtITMVM5ola1NJ":{"chainKey":{"counter":0,"key":"26Tt0mzWdoPcM7Ei0J32o1JJ5bvyjL/T8N2i3pw9i7g="},"chainType":1,"messageKeys":{}}},"pendingPreKey":{"signedKeyId":1,"baseKey":"BbeMX4txj69dZwOKtGsdLCx8ZWq4K9/kGdQ/KNMEG042"}},"BUfQDsvRUOLgN23o2o94DTTHli7HUuYADP6j476IgIUv":{"registrationId":8131,"currentRatchet":{"ephemeralKeyPair":{"pubKey":"BfbF2SgoM/VssQ4IOIqIUf5ETYLsKVmib6EzsjLeMI1x","privKey":"6PD6V4jI/2muD6w2hUcb3wZ3k5+guTQaFZ1Ia3w542s="},"lastRemoteEphemeralKey":"Bb8g8nAEO3Nv4Zw5sDuB0xQyQM4/e9/6Jp9IE5vA5cEn","previousCounter":0,"rootKey":"vHVSOZZ240GSITvTKna3kkNv9czWiMrk4sIvcrg/r40="},"indexInfo":{"baseKey":"BUfQDsvRUOLgN23o2o94DTTHli7HUuYADP6j476IgIUv","baseKeyType":1,"closed":-1,"used":1746627404574,"created":1746627404574,"remoteIdentityKey":"BT5KDZGRzPchPOXEHW/j0ST88G5qdVYvsoOB62bBf98G"},"_chains":{"BfbF2SgoM/VssQ4IOIqIUf5ETYLsKVmib6EzsjLeMI1x":{"chainKey":{"counter":3,"key":"njVtEM6SCeMniYE8r9u9CvIIc5YblAFFggGtGbCKuYo="},"chainType":1,"messageKeys":{}}},"pendingPreKey":{"signedKeyId":1,"baseKey":"BUfQDsvRUOLgN23o2o94DTTHli7HUuYADP6j476IgIUv"}}},"version":"v1"}