{"_sessions":{"BVM4KrHrTWj/rHXWvrQ/nZtu/AFnHUE0H92XB2lja5gQ":{"registrationId":1645612100,"currentRatchet":{"ephemeralKeyPair":{"pubKey":"BdnirD46KKIzEzNYMc8k/nQvisB/WGR+Eju3OHVtC+la","privKey":"cNGfsii4VrPZFEE9Mn/Kw821fwZYLpJfQwTOSlL8YVs="},"lastRemoteEphemeralKey":"BT6+AR99gJYLDdoQMsZYAsJm+8dJe6xkPHyH/++cOx4H","previousCounter":0,"rootKey":"DQHTXOPcV3gsgmiwP7aQ1+lZW1uOUDRMZ2bP0kg1MBs="},"indexInfo":{"baseKey":"BVM4KrHrTWj/rHXWvrQ/nZtu/AFnHUE0H92XB2lja5gQ","baseKeyType":1,"closed":1746627382405,"used":1746627362477,"created":1746627362477,"remoteIdentityKey":"BVHBvsXZ7k9fr44rs3DHM2qHO4K+xxTGPWkDgJdzfG4X"},"_chains":{"BdnirD46KKIzEzNYMc8k/nQvisB/WGR+Eju3OHVtC+la":{"chainKey":{"counter":0,"key":"hlnTrCV4NnHSjrh+6DorCt29ILR1vx7/nnuKgqOB3iU="},"chainType":1,"messageKeys":{}}},"pendingPreKey":{"signedKeyId":0,"baseKey":"BVM4KrHrTWj/rHXWvrQ/nZtu/AFnHUE0H92XB2lja5gQ","preKeyId":3416660}},"BZHQp7LfxYCwinrDsC+22OCWF4Z08a/ndIJoAxXsBTIx":{"registrationId":1645612100,"currentRatchet":{"ephemeralKeyPair":{"pubKey":"Bbi7ggV8163AyBf7Q5alW2RmQaF5wHarY0kWakMSf4c5","privKey":"OMKbdBIXsEpkFqDAwvEVZtVRRCf/33efa7r6q46+x3I="},"lastRemoteEphemeralKey":"BT6+AR99gJYLDdoQMsZYAsJm+8dJe6xkPHyH/++cOx4H","previousCounter":0,"rootKey":"maitjwfxXXJlCQZnUDYAJeaSs81bX2s/9jgTFu+kgUo="},"indexInfo":{"baseKey":"BZHQp7LfxYCwinrDsC+22OCWF4Z08a/ndIJoAxXsBTIx","baseKeyType":1,"closed":1746627404902,"used":1746627381890,"created":1746627381890,"remoteIdentityKey":"BVHBvsXZ7k9fr44rs3DHM2qHO4K+xxTGPWkDgJdzfG4X"},"_chains":{"Bbi7ggV8163AyBf7Q5alW2RmQaF5wHarY0kWakMSf4c5":{"chainKey":{"counter":0,"key":"8c+Z21f7NYyD5rlJtxnbnUHZmJE0uQfdNJbt6Z8ZHzE="},"chainType":1,"messageKeys":{}}},"pendingPreKey":{"signedKeyId":0,"baseKey":"BZHQp7LfxYCwinrDsC+22OCWF4Z08a/ndIJoAxXsBTIx","preKeyId":3417947}},"BR65eU66I+VDqZO+reXqsyw0ZC1t4fA08zCDMyJZi5s4":{"registrationId":1645612100,"currentRatchet":{"ephemeralKeyPair":{"pubKey":"BedIqIWr0lHnU231y68GSRbzalFliTm9nYJVVnAVL1cB","privKey":"mK4krzOANf49wzPwYW/d1wfpEC+0pqmAXsZUzkIuvk4="},"lastRemoteEphemeralKey":"BT6+AR99gJYLDdoQMsZYAsJm+8dJe6xkPHyH/++cOx4H","previousCounter":0,"rootKey":"IP0la+ktwG6KNr8SD3WgP2faS8m7dQfcj7A3owmuPs8="},"indexInfo":{"baseKey":"BR65eU66I+VDqZO+reXqsyw0ZC1t4fA08zCDMyJZi5s4","baseKeyType":1,"closed":-1,"used":1746627404662,"created":1746627404662,"remoteIdentityKey":"BVHBvsXZ7k9fr44rs3DHM2qHO4K+xxTGPWkDgJdzfG4X"},"_chains":{"BedIqIWr0lHnU231y68GSRbzalFliTm9nYJVVnAVL1cB":{"chainKey":{"counter":3,"key":"Vy1L9hgQsuWzRPfOICGGq2oCf0fKmxtxiion3DJuAmE="},"chainType":1,"messageKeys":{}}},"pendingPreKey":{"signedKeyId":0,"baseKey":"BR65eU66I+VDqZO+reXqsyw0ZC1t4fA08zCDMyJZi5s4","preKeyId":3415858}}},"version":"v1"}