{"_sessions":{"BRMECGzi/Z2IYt6PDwrbR2FaUNjhbC7LZn+Xd+f+NzoJ":{"registrationId":1530548506,"currentRatchet":{"ephemeralKeyPair":{"pubKey":"BX+cw9QQjbsR0c9H7T+O5qOY+k33IWQe9Ec/F6lCUcB+","privKey":"uN8H0D9UuiFsRT7hetN1Cy8wbiF8JW51OXSAxzz4oH0="},"lastRemoteEphemeralKey":"BZ0n+WVpmpvFs12N4LlmZzHLAgSsSDRSD03QWMZc7dAi","previousCounter":0,"rootKey":"7YBLJ6nMdmf48qVxrQEBk+Tyma+eRwvoFaxFFKDHddo="},"indexInfo":{"baseKey":"BRMECGzi/Z2IYt6PDwrbR2FaUNjhbC7LZn+Xd+f+NzoJ","baseKeyType":1,"closed":-1,"used":1746627350847,"created":1746627350847,"remoteIdentityKey":"BWxJOWoDmeGxImkMlgVBrNlaSR92imORc9SxeSlNd6MO"},"_chains":{"BX+cw9QQjbsR0c9H7T+O5qOY+k33IWQe9Ec/F6lCUcB+":{"chainKey":{"counter":0,"key":"DVWqXkWOt6P9yGPpf+olCsZGSX1Sp83mccFTIDfWypc="},"chainType":1,"messageKeys":{}}},"pendingPreKey":{"signedKeyId":3,"baseKey":"BRMECGzi/Z2IYt6PDwrbR2FaUNjhbC7LZn+Xd+f+NzoJ","preKeyId":16633952}}},"version":"v1"}