{"_sessions":{"BY2dWSSsTztMXnMBYyNRxxqFHD6tIwbxrnIfo0Nk0agQ":{"registrationId":1835395743,"currentRatchet":{"ephemeralKeyPair":{"pubKey":"Bc0QGHOv7HdHsKl3ul4Qh4K0CsBwdNhnsJ5+B1VyTbJ8","privKey":"kH9Spmj8gKwD3fbPqD3/8KZH3+ZAyG8pj2mWT1NCfFs="},"lastRemoteEphemeralKey":"BTxSHP4vLwKb/DNa0n+KbgPBYQmbSKmGU1K2AtlfLQMB","previousCounter":0,"rootKey":"HlleymwTczjneGwptEgHCr73JSqcktkEqlFpoA7KPB8="},"indexInfo":{"baseKey":"BY2dWSSsTztMXnMBYyNRxxqFHD6tIwbxrnIfo0Nk0agQ","baseKeyType":1,"closed":-1,"used":1746612497374,"created":1746612497374,"remoteIdentityKey":"BU4BxjUqQ9ckbGh2veFScY/yZ8QLxpmKcL0F0RbjuO5I"},"_chains":{"Bc0QGHOv7HdHsKl3ul4Qh4K0CsBwdNhnsJ5+B1VyTbJ8":{"chainKey":{"counter":4,"key":"evVmmtOoRd7nUADySWPJ6xgt2fM8LEVW6dA7OBGalMQ="},"chainType":1,"messageKeys":{}}},"pendingPreKey":{"signedKeyId":1,"baseKey":"BY2dWSSsTztMXnMBYyNRxxqFHD6tIwbxrnIfo0Nk0agQ"}}},"version":"v1"}