{"_sessions":{"BeVcLI4/ZYobchQwsz2g3ipFvq0kyY3o+MQgfFF87JMM":{"registrationId":3712,"currentRatchet":{"ephemeralKeyPair":{"pubKey":"BTpfHeE1/aBE+76sGtjDjxeIkNFwuXYzCbAkFgIRljlh","privKey":"iH7/zND6tnyAzNqjJ2BT+4shjlQb8xA1AyEEWHsD+2Y="},"lastRemoteEphemeralKey":"BVv93FcYgrBiS5SRnOYnOcFP6P+IR8+vRejSyrENArsF","previousCounter":0,"rootKey":"L4dN+dVPk9B2HjVO/BM9vunqp7+hvURuIFb+E7KAWqw="},"indexInfo":{"baseKey":"BeVcLI4/ZYobchQwsz2g3ipFvq0kyY3o+MQgfFF87JMM","baseKeyType":1,"closed":-1,"used":1746635360936,"created":1746635360936,"remoteIdentityKey":"BXKTLkdJDGQaPfmL0QdI/q3PSx/qqHtusXBks+s6XZMG"},"_chains":{"BTpfHeE1/aBE+76sGtjDjxeIkNFwuXYzCbAkFgIRljlh":{"chainKey":{"counter":1,"key":"2SmFJzBJzhgkz0ZiUIzuO3dfVthNQgnjjp8G3AwmCRo="},"chainType":1,"messageKeys":{}}},"pendingPreKey":{"signedKeyId":0,"baseKey":"BeVcLI4/ZYobchQwsz2g3ipFvq0kyY3o+MQgfFF87JMM","preKeyId":13378357}}},"version":"v1"}