{"_sessions":{"BbI9Fq1W4cHeaXIdqTIIIY4TLFTMF0WrYhTC4b3x6U9R":{"registrationId":6404,"currentRatchet":{"ephemeralKeyPair":{"pubKey":"BVsEhFSydyJdbbC2v2biWPW6zOowgMQRw5KoelExr7oS","privKey":"OFfTF19NrZUDlYEmmUPkZyUgFXHXzJdd4yK1GzcUWWk="},"lastRemoteEphemeralKey":"BZusr/xcStDqvlUP//3nktr29QFBFw57UV8w8IwlVodB","previousCounter":0,"rootKey":"DimvPNG6RqBH/0n3mjYvrYk/vN0YderHq+UoLfskvUQ="},"indexInfo":{"baseKey":"BbI9Fq1W4cHeaXIdqTIIIY4TLFTMF0WrYhTC4b3x6U9R","baseKeyType":1,"closed":1746627382365,"used":1746627362452,"created":1746627362452,"remoteIdentityKey":"BQDuNAV3OGFTaK7BrbmnbjeHozfA2pZ9hdd97XB1bu5U"},"_chains":{"BVsEhFSydyJdbbC2v2biWPW6zOowgMQRw5KoelExr7oS":{"chainKey":{"counter":0,"key":"fn4ZCHpD5Kd6HLIPwgwBMCr15dqqU+hBebrTGKvqJgk="},"chainType":1,"messageKeys":{}}},"pendingPreKey":{"signedKeyId":1,"baseKey":"BbI9Fq1W4cHeaXIdqTIIIY4TLFTMF0WrYhTC4b3x6U9R","preKeyId":617}},"BXUxQGyFuyecCLh+nRKvPKVGoD0oe8rhlvEJqDee4B1P":{"registrationId":6404,"currentRatchet":{"ephemeralKeyPair":{"pubKey":"BWgkprsSXIEcdY8kOzrabKrc+j4mAF49EVssmisXnhkB","privKey":"EAVuMKpuG0wvsEzIdzn2PaqKrbL9KcPZ2UF3S/nk3Hk="},"lastRemoteEphemeralKey":"BZusr/xcStDqvlUP//3nktr29QFBFw57UV8w8IwlVodB","previousCounter":0,"rootKey":"alJJFyC+sk6tKdYUmUdI6pW2W9HMfkh1SdluDl3fRmQ="},"indexInfo":{"baseKey":"BXUxQGyFuyecCLh+nRKvPKVGoD0oe8rhlvEJqDee4B1P","baseKeyType":1,"closed":1746627404900,"used":1746627381869,"created":1746627381869,"remoteIdentityKey":"BQDuNAV3OGFTaK7BrbmnbjeHozfA2pZ9hdd97XB1bu5U"},"_chains":{"BWgkprsSXIEcdY8kOzrabKrc+j4mAF49EVssmisXnhkB":{"chainKey":{"counter":0,"key":"hxMNoLREzR03LEi2N0BdTBcfgXgyLeO0S5M5b607Hdw="},"chainType":1,"messageKeys":{}}},"pendingPreKey":{"signedKeyId":1,"baseKey":"BXUxQGyFuyecCLh+nRKvPKVGoD0oe8rhlvEJqDee4B1P","preKeyId":45}},"BR6vGRSL7XkCoAE5OGh9b5Nm+OznF1eaRshNrTfjHoRW":{"registrationId":6404,"currentRatchet":{"ephemeralKeyPair":{"pubKey":"BajJJ7Z2kmNjIpFIYjxnDkJfYxIpSJH8ecnDgEBlqrg1","privKey":"8GUJfO2aczC3xGOOHNVJU7V3HTB8ccCpGut5LsgAymM="},"lastRemoteEphemeralKey":"BZusr/xcStDqvlUP//3nktr29QFBFw57UV8w8IwlVodB","previousCounter":0,"rootKey":"rRHBLQ36JtvCcNrOzj3/lAZWfhxiBZnrncM588mCC5A="},"indexInfo":{"baseKey":"BR6vGRSL7XkCoAE5OGh9b5Nm+OznF1eaRshNrTfjHoRW","baseKeyType":1,"closed":-1,"used":1746627404647,"created":1746627404647,"remoteIdentityKey":"BQDuNAV3OGFTaK7BrbmnbjeHozfA2pZ9hdd97XB1bu5U"},"_chains":{"BajJJ7Z2kmNjIpFIYjxnDkJfYxIpSJH8ecnDgEBlqrg1":{"chainKey":{"counter":0,"key":"X6zNv/B6MHwYcxdbjH/NEHHTnH20PlkIZD1XZQzwMmw="},"chainType":1,"messageKeys":{}}},"pendingPreKey":{"signedKeyId":1,"baseKey":"BR6vGRSL7XkCoAE5OGh9b5Nm+OznF1eaRshNrTfjHoRW","preKeyId":1}}},"version":"v1"}