{"_sessions":{"Bbua7bnKJasZ0y0IJ0UeIES+qgdOJv8zT5kYdRt+5Tgu":{"registrationId":1800051762,"currentRatchet":{"ephemeralKeyPair":{"pubKey":"Beu/ax3ss3EgttwjYWKwwEbGbu1LGCj0fV+jQiZucN9l","privKey":"aCRLohEBXT3VEkh6fQGNfEvrXcQFKUByKGRCGOzazVM="},"lastRemoteEphemeralKey":"BRX0NUUN2xBVNc9ZcRjodQMz/R4lX7zUq8dfe3o2JFc1","previousCounter":0,"rootKey":"/zsP3tKbk1y2v6P+ohYA91qh4V8CjX6RLKNgPjkbZCw="},"indexInfo":{"baseKey":"Bbua7bnKJasZ0y0IJ0UeIES+qgdOJv8zT5kYdRt+5Tgu","baseKeyType":1,"closed":-1,"used":1746612493106,"created":1746612493106,"remoteIdentityKey":"BYTkz9psdAogYQwahabwkgwl2uah30hwKflahjgixX95"},"_chains":{"Beu/ax3ss3EgttwjYWKwwEbGbu1LGCj0fV+jQiZucN9l":{"chainKey":{"counter":4,"key":"M7D7d7B5/y8B4PC+ww0nywswvxYDYE/esrp1CEBuNVw="},"chainType":1,"messageKeys":{}}},"pendingPreKey":{"signedKeyId":6,"baseKey":"Bbua7bnKJasZ0y0IJ0UeIES+qgdOJv8zT5kYdRt+5Tgu","preKeyId":9338414}}},"version":"v1"}