{"_sessions":{"BZreZt5GjIbptNryP13QSRkEX42LLPa7ul9IN8nc7BVX":{"registrationId":1140317585,"currentRatchet":{"ephemeralKeyPair":{"pubKey":"BWnbu0E2ki2GM6x9Jfmmjt1SBXiJcdcEHHoeJXA1YVJG","privKey":"4EH3V50T74VvL/DqAlYqa4i021wbcH9SpzbhGz/otUc="},"lastRemoteEphemeralKey":"BfOOQphC5BkV5jpqszmq+0a0pEfMKgJog6N4r2l37REh","previousCounter":0,"rootKey":"w651rva52ssjVjPQGFOCukXY4gBFZYymdR/5zg2oguY="},"indexInfo":{"baseKey":"BZreZt5GjIbptNryP13QSRkEX42LLPa7ul9IN8nc7BVX","baseKeyType":1,"closed":-1,"used":1746612493114,"created":1746612493114,"remoteIdentityKey":"Bbc7zFzNrbWsbx9OC+QIGtLh0ohi01DFpTwvV/l3eXAK"},"_chains":{"BWnbu0E2ki2GM6x9Jfmmjt1SBXiJcdcEHHoeJXA1YVJG":{"chainKey":{"counter":4,"key":"Q6ZS3caTK/7MWsqGdpyLUw3ZGamhIYAT3m+1mQqKWws="},"chainType":1,"messageKeys":{}}},"pendingPreKey":{"signedKeyId":1,"baseKey":"BZreZt5GjIbptNryP13QSRkEX42LLPa7ul9IN8nc7BVX","preKeyId":1000271}}},"version":"v1"}