{"_sessions":{"BTJE8WFtQtDHg50SiO2Jbgo/omUMLSZFQjM9JqGtE59T":{"registrationId":54133414,"currentRatchet":{"ephemeralKeyPair":{"pubKey":"Bd+/FLr4pUgH/43G9AuouoSrcZfinqzbukqtVkgrtxxl","privKey":"sAIKsR6gahnDEVJgcMX5I35e3+yFJcocqBXeblASTnw="},"lastRemoteEphemeralKey":"Bf0s1B1lKpmGifWLro9dv4woyRSfsSGQv/qa0f+nNiw6","previousCounter":0,"rootKey":"0/5MusRHV9jZFuK15Yzmjl4VSjJLzl/RrywyH1psqUQ="},"indexInfo":{"baseKey":"BTJE8WFtQtDHg50SiO2Jbgo/omUMLSZFQjM9JqGtE59T","baseKeyType":1,"closed":-1,"used":1746612499067,"created":1746612499067,"remoteIdentityKey":"BZnLL/HWr8uLkkEZNUwuK/BAj3MqlLy6V66gB5k5YLV1"},"_chains":{"Bd+/FLr4pUgH/43G9AuouoSrcZfinqzbukqtVkgrtxxl":{"chainKey":{"counter":4,"key":"uBljv6zHC341B0uUBPcLxcLz7Wq8aZ11MQfkxDFOJEA="},"chainType":1,"messageKeys":{}}},"pendingPreKey":{"signedKeyId":2,"baseKey":"BTJE8WFtQtDHg50SiO2Jbgo/omUMLSZFQjM9JqGtE59T","preKeyId":542524}}},"version":"v1"}