{"_sessions":{"BbsEoB9tYT2vSs0PSnPPD/Pn4OjVWyGebu9ZTMK3Wocd":{"registrationId":1230596104,"currentRatchet":{"ephemeralKeyPair":{"pubKey":"Be6T9sNqlRZlViWkqO69GDrvcfnAyRmUBgpFmFJDZ4oM","privKey":"kJrLxQGKGfmgLOC16738Zm/lnR4DpfH/r/+PoWQx1Gs="},"lastRemoteEphemeralKey":"BVO57zkF9yUEqmFUcDOc8keJsVBR2vmAqAxCJ0VKR0pW","previousCounter":0,"rootKey":"7wsDejLt+dv2AYAGemkbdjrI3Gg0vQkYyUyFAbIqBIw="},"indexInfo":{"baseKey":"BbsEoB9tYT2vSs0PSnPPD/Pn4OjVWyGebu9ZTMK3Wocd","baseKeyType":1,"closed":-1,"used":1746612492962,"created":1746612492962,"remoteIdentityKey":"BcXXILIeCSjTeHoO6WpJbabGCcfMM24pzTa96Oip4VdQ"},"_chains":{"Be6T9sNqlRZlViWkqO69GDrvcfnAyRmUBgpFmFJDZ4oM":{"chainKey":{"counter":4,"key":"basrmoqRYXbeHvgO5ZZRyH5iDigfPxRYLblKVAF99JM="},"chainType":1,"messageKeys":{}}},"pendingPreKey":{"signedKeyId":9,"baseKey":"BbsEoB9tYT2vSs0PSnPPD/Pn4OjVWyGebu9ZTMK3Wocd","preKeyId":198715}}},"version":"v1"}