{"_sessions":{"BfRQaGsbpCTNeqQSoiqiQ78G0ANgVpoWYY05c9Kk1hko":{"registrationId":1480314763,"currentRatchet":{"ephemeralKeyPair":{"pubKey":"BVjgrHjvb7GccnLZnVSXxUbxFy0A64JkS57wt9BJjUgw","privKey":"IENhCM1qLBzcTWEYLDLCeyZyuk3LZdNe8myW6uUKiUs="},"lastRemoteEphemeralKey":"BQD1DopjnVWjXQ4/+zAM2gbQij+/7elQ5FQ6gTgw+Vof","previousCounter":0,"rootKey":"Y69dE8eCsL152tDvNHog7/7A+dVa8CdgGUIn4J+7oQ8="},"indexInfo":{"baseKey":"BfRQaGsbpCTNeqQSoiqiQ78G0ANgVpoWYY05c9Kk1hko","baseKeyType":1,"closed":-1,"used":1746612493035,"created":1746612493035,"remoteIdentityKey":"BWH8D4wz9bZxVlwljB54mPh+ENe2YeCOroj7bIbIlT0C"},"_chains":{"BVjgrHjvb7GccnLZnVSXxUbxFy0A64JkS57wt9BJjUgw":{"chainKey":{"counter":4,"key":"xqegJJloQJt+BItb0dnkO4Al7hPA7mISaVn71yk8CFc="},"chainType":1,"messageKeys":{}}},"pendingPreKey":{"signedKeyId":1,"baseKey":"BfRQaGsbpCTNeqQSoiqiQ78G0ANgVpoWYY05c9Kk1hko","preKeyId":3007582}}},"version":"v1"}