{"_sessions":{"BTw2YYigDaYVrznAv6LNzRqHvdmHVAObDmsZeyornjsU":{"registrationId":520593575,"currentRatchet":{"ephemeralKeyPair":{"pubKey":"BVgsyVjfWQ/KYQmDo6QBkkcAM/SzE+HLqOvzCz7UI6cs","privKey":"wF8DAAUBnWkf0riPG7La7umqKT/79SlmVeJ1X9JGc1c="},"lastRemoteEphemeralKey":"BQZOoVnEet43lvkHyh+ol1DlUezLa3YGZQD4VkA4V4xY","previousCounter":0,"rootKey":"vT3mM8j8bWcaJd6Wy+NLKXvRwkP/dPpJVUsIrzO16qc="},"indexInfo":{"baseKey":"BTw2YYigDaYVrznAv6LNzRqHvdmHVAObDmsZeyornjsU","baseKeyType":1,"closed":-1,"used":1746612488902,"created":1746612488902,"remoteIdentityKey":"BR9s9GbrSR/JRU71dlYrfqUfAucEqTyB+X4owr/jN/9U"},"_chains":{"BVgsyVjfWQ/KYQmDo6QBkkcAM/SzE+HLqOvzCz7UI6cs":{"chainKey":{"counter":4,"key":"1eZ5cr9sfIdqfbmjAQyTTYKDBj3jvASq5AWuBRs+ToQ="},"chainType":1,"messageKeys":{}}},"pendingPreKey":{"signedKeyId":2,"baseKey":"BTw2YYigDaYVrznAv6LNzRqHvdmHVAObDmsZeyornjsU","preKeyId":8623417}}},"version":"v1"}