{"_sessions":{"BawcIbgUiR3bp0slPbIOTn5tH3w9t6FkNpt6tfaeDEVL":{"registrationId":956846047,"currentRatchet":{"ephemeralKeyPair":{"pubKey":"BRZsullGSum8wvkeZm03pRoKl8f6mhIr0PeRxzSbxXUi","privKey":"kOgAbznQpVL9rbnQ0sgcLfjU68buoNDoSb1AZPGEI0c="},"lastRemoteEphemeralKey":"BWJdwO+Kh8wEWu1Vo6pDEsGSa4JJtTf2Rr3rWxtJnb15","previousCounter":0,"rootKey":"3WvkgV4TSERizl4dMP7Crau6M5KEv1jty7qFwkdv3Yk="},"indexInfo":{"baseKey":"BawcIbgUiR3bp0slPbIOTn5tH3w9t6FkNpt6tfaeDEVL","baseKeyType":1,"closed":-1,"used":1746612493134,"created":1746612493134,"remoteIdentityKey":"BWSl3f/WqMEXC2Y+qGJgAVrxha1kFCXCeAKgleyrqilS"},"_chains":{"BRZsullGSum8wvkeZm03pRoKl8f6mhIr0PeRxzSbxXUi":{"chainKey":{"counter":4,"key":"oJRGtSOyvoWELkcbceoiWkxrGnHryiSi33cW/ojJeVM="},"chainType":1,"messageKeys":{}}},"pendingPreKey":{"signedKeyId":2,"baseKey":"BawcIbgUiR3bp0slPbIOTn5tH3w9t6FkNpt6tfaeDEVL","preKeyId":9074382}}},"version":"v1"}