{"_sessions":{"BeU1a39og0ILCnDV7Zshf6q2d79K3WVIKiQh5QHYyOU4":{"registrationId":1691546623,"currentRatchet":{"ephemeralKeyPair":{"pubKey":"BbiTXPTZWJx+sdOXr2FSeY2KbbL7PotshVNv5V/ybNl5","privKey":"0MUtW9gnQ+18Q3LOTA5ai/wpM9Tu/ixGIdYS1dSCckM="},"lastRemoteEphemeralKey":"BVoBajMD2TQA+hw9fBk2NFoJ+WZc9bi/+QvdvYjCSM8l","previousCounter":0,"rootKey":"NhPpxkuDAZToYFKNg6ZZ66cZ7dsSkge2ocn0r6g4gLY="},"indexInfo":{"baseKey":"BeU1a39og0ILCnDV7Zshf6q2d79K3WVIKiQh5QHYyOU4","baseKeyType":1,"closed":-1,"used":1746612499021,"created":1746612499021,"remoteIdentityKey":"BWia0F1wZe8Youm4r0RYeecKqpAhzUrIb8gBupdV0fhs"},"_chains":{"BbiTXPTZWJx+sdOXr2FSeY2KbbL7PotshVNv5V/ybNl5":{"chainKey":{"counter":4,"key":"mzVAW8EeqMFuxsw22sSbynHqdeQlvP+xX9y369F0xLY="},"chainType":1,"messageKeys":{}}},"pendingPreKey":{"signedKeyId":2,"baseKey":"BeU1a39og0ILCnDV7Zshf6q2d79K3WVIKiQh5QHYyOU4","preKeyId":7658606}}},"version":"v1"}