{"_sessions":{"BQu6ShCjvtZ17p2GPqTrSJEKNo8p0JReB6AMh7/erPoJ":{"registrationId":510058730,"currentRatchet":{"ephemeralKeyPair":{"pubKey":"BVbqH89xOPLwRAUXCpfdNC8QkDmt+sbCBTX1OfzPHlk5","privKey":"+HTJYRLixgclD6OpqttSXFDwzTi4yuD/fF5CRZ8b6Eo="},"lastRemoteEphemeralKey":"BXMsP95SgT28TJe7bYBHIY4L4ZNQk2GHf+uusqg7Ca4n","previousCounter":0,"rootKey":"PsySUhwN5uDjVmyCPZ4gnq3rgeIyTX1syDUh18ZourM="},"indexInfo":{"baseKey":"BQu6ShCjvtZ17p2GPqTrSJEKNo8p0JReB6AMh7/erPoJ","baseKeyType":1,"closed":-1,"used":1746612497163,"created":1746612497163,"remoteIdentityKey":"BRKRJgL5+pqAYF7BEHtvrB/dtjLfECPXF3RiX4Msee8N"},"_chains":{"BVbqH89xOPLwRAUXCpfdNC8QkDmt+sbCBTX1OfzPHlk5":{"chainKey":{"counter":4,"key":"4vLbDLo1QPiLVlu1nKUZ20quDVhmz2F2RzW1vBlnaEI="},"chainType":1,"messageKeys":{}}},"pendingPreKey":{"signedKeyId":3,"baseKey":"BQu6ShCjvtZ17p2GPqTrSJEKNo8p0JReB6AMh7/erPoJ","preKeyId":15835976}}},"version":"v1"}