{"_sessions":{"BbZh8xI/whc1AyoVS3mY/V3lzoAq+UgRfEu/Ge1Bngwo":{"registrationId":1788623740,"currentRatchet":{"ephemeralKeyPair":{"pubKey":"BdJet1LvKwlfdA/JDIWTGuqvkbTlQM9P9GcHX5tVEuki","privKey":"WHPmbGhsvNefUhGhS25D9tD2xllVchCVlJzSvsceyEo="},"lastRemoteEphemeralKey":"BaknU0Opk/AmEFt1ggO8Vei3jdXvM9eaAmpuFlLKrTEd","previousCounter":0,"rootKey":"gKhMv6maqZk3AqzgWFGcYSIOYLwsUBiAk1QWjwXyCwQ="},"indexInfo":{"baseKey":"BbZh8xI/whc1AyoVS3mY/V3lzoAq+UgRfEu/Ge1Bngwo","baseKeyType":1,"closed":1746627386426,"used":1746627365724,"created":1746627365724,"remoteIdentityKey":"BVlBvTPmJvLBZYsCm8sOBOxUGutfsnHZFOz9/xnQnmM7"},"_chains":{"BdJet1LvKwlfdA/JDIWTGuqvkbTlQM9P9GcHX5tVEuki":{"chainKey":{"counter":0,"key":"TU12ZYpZ1YQ0mN5RHPnvqutZ35SG4oti3/p2DjIDtd0="},"chainType":1,"messageKeys":{}}},"pendingPreKey":{"signedKeyId":3,"baseKey":"BbZh8xI/whc1AyoVS3mY/V3lzoAq+UgRfEu/Ge1Bngwo"}},"BZu/4F5Hn3bpd+15ZVeOylalE4QiisKGdhGkhHmfkb8B":{"registrationId":1788623740,"currentRatchet":{"ephemeralKeyPair":{"pubKey":"BUdfGdRqVNCV6wBUTpCzmdwlAdP6Tj/PdK5kjG3GrkpH","privKey":"kCsIzx2WAVuw2icRMMP41fiTfWydrcS+qX9k1S6nU2c="},"lastRemoteEphemeralKey":"BaknU0Opk/AmEFt1ggO8Vei3jdXvM9eaAmpuFlLKrTEd","previousCounter":0,"rootKey":"5vPvB/l8xcYxGlMnvwhKir2xqgakZ2b4X1dXcIe410o="},"indexInfo":{"baseKey":"BZu/4F5Hn3bpd+15ZVeOylalE4QiisKGdhGkhHmfkb8B","baseKeyType":1,"closed":1746627408674,"used":1746627385784,"created":1746627385784,"remoteIdentityKey":"BVlBvTPmJvLBZYsCm8sOBOxUGutfsnHZFOz9/xnQnmM7"},"_chains":{"BUdfGdRqVNCV6wBUTpCzmdwlAdP6Tj/PdK5kjG3GrkpH":{"chainKey":{"counter":0,"key":"OQJaeZ7eAHMfGA57ovjDpijHJLuJIvWRoCyeM7JjKag="},"chainType":1,"messageKeys":{}}},"pendingPreKey":{"signedKeyId":3,"baseKey":"BZu/4F5Hn3bpd+15ZVeOylalE4QiisKGdhGkhHmfkb8B"}},"BSr+TIkZF8k9ADLEVWPPCf9oU7EXFsm1gsIvYWu3C7gN":{"registrationId":1788623740,"currentRatchet":{"ephemeralKeyPair":{"pubKey":"BQQ7GdQNkOlptD/WOs77HaA8EvtN47tlXJbz5Is2AxgU","privKey":"mK19Cx6WGYFrBNWGrAUaau1kaiBkhfx83oLpzVn5nEo="},"lastRemoteEphemeralKey":"BaknU0Opk/AmEFt1ggO8Vei3jdXvM9eaAmpuFlLKrTEd","previousCounter":0,"rootKey":"d0FDu5VJNN4qMOsXH3ieG7eg3JySmY5gZryHNq5KIuQ="},"indexInfo":{"baseKey":"BSr+TIkZF8k9ADLEVWPPCf9oU7EXFsm1gsIvYWu3C7gN","baseKeyType":1,"closed":-1,"used":1746627408156,"created":1746627408156,"remoteIdentityKey":"BVlBvTPmJvLBZYsCm8sOBOxUGutfsnHZFOz9/xnQnmM7"},"_chains":{"BQQ7GdQNkOlptD/WOs77HaA8EvtN47tlXJbz5Is2AxgU":{"chainKey":{"counter":3,"key":"jEZzGOxgGj3O1RKnam/oyVkz7Qo09W1GbG0JC6bRpIs="},"chainType":1,"messageKeys":{}}},"pendingPreKey":{"signedKeyId":3,"baseKey":"BSr+TIkZF8k9ADLEVWPPCf9oU7EXFsm1gsIvYWu3C7gN"}}},"version":"v1"}