{"_sessions":{"BcSXvzo+o0HXfKuWUnQFp0UAYUJX3cVODSg/SaxbdXYh":{"registrationId":1201782991,"currentRatchet":{"ephemeralKeyPair":{"pubKey":"BYUUoG1pZO8OjdllXHOnxW0zE8uO+Z+ZR4WPrQkrlRpx","privKey":"2NdWxwl+oqhELCed3R8m7vwd+KuucONDes5mB6Ik1Hs="},"lastRemoteEphemeralKey":"BR+i5BZ/oyzVxbIs/B2qwdZoQoX/M9Ohc+3o0bB3yIgc","previousCounter":0,"rootKey":"76k0eve0XYTyt8747qPxhB4LZl2BoIyvxswQuph99W0="},"indexInfo":{"baseKey":"BcSXvzo+o0HXfKuWUnQFp0UAYUJX3cVODSg/SaxbdXYh","baseKeyType":1,"closed":-1,"used":1746612493176,"created":1746612493176,"remoteIdentityKey":"BShgYqIB4xcyN5s3krIMaVPJ8qAr8lUwVIeh45qdusAn"},"_chains":{"BYUUoG1pZO8OjdllXHOnxW0zE8uO+Z+ZR4WPrQkrlRpx":{"chainKey":{"counter":4,"key":"Rxmmj55BBUaRsWgustkBNhCoewjHGt12GKPkL1lnLYU="},"chainType":1,"messageKeys":{}}},"pendingPreKey":{"signedKeyId":1,"baseKey":"BcSXvzo+o0HXfKuWUnQFp0UAYUJX3cVODSg/SaxbdXYh","preKeyId":8917295}}},"version":"v1"}