{"_sessions":{"BW2QYw4dtox+ch7wMiggBj8GvZqACVxa8mCUYvozKuFG":{"registrationId":936841176,"currentRatchet":{"ephemeralKeyPair":{"pubKey":"BcNlI3EpNjUnUDamXFsooUH0jPL5EXZeT5VzMIiTSeta","privKey":"iLmhtHDTZBd3Sj1vrFh5ZiuOa1GK2Bu8JFdmCxGEaH4="},"lastRemoteEphemeralKey":"BSfiWzkBkm2F+1qwjzQ4LU12Hdya+t7pt7GeayrvRP5Z","previousCounter":4,"rootKey":"ibS608/gn8Wuiwo3yrK8M8hgP/rfgjpJXurI8XBrFOU="},"indexInfo":{"baseKey":"BW2QYw4dtox+ch7wMiggBj8GvZqACVxa8mCUYvozKuFG","baseKeyType":1,"closed":-1,"used":1746627798948,"created":1746612492730,"remoteIdentityKey":"BcCCy7/WWdRlVSxbPtTqAy/P1cXdhNVblt+XfplEUQtS"},"_chains":{"BSfiWzkBkm2F+1qwjzQ4LU12Hdya+t7pt7GeayrvRP5Z":{"chainKey":{"counter":0,"key":"CPSUak+wmY7Yzrok77BKUdHZzDP17zh6/JGdnW9mY4U="},"chainType":2,"messageKeys":{}},"BcNlI3EpNjUnUDamXFsooUH0jPL5EXZeT5VzMIiTSeta":{"chainKey":{"counter":-1,"key":"nWJtbq/3HLWVu6sigcjCKLW96eBkayI72/p9TACHrSY="},"chainType":1,"messageKeys":{}}}}},"version":"v1"}