{"_sessions":{"BcfPtc1hfAXNsSDBBZrHf6VB+swsQQKuy+hxUM+Gvvpe":{"registrationId":195,"currentRatchet":{"ephemeralKeyPair":{"pubKey":"BSy0gxHHvODj1HKhGZSkxKzL3JBSMWgAsbNR/hNnGxt2","privKey":"oHOpaBCbZAT+Md+hBk7m852TpXd3rI/jGSIQ9njJI3A="},"lastRemoteEphemeralKey":"BS102hz9MtavfidejDC3LWu4bl9Cl7awxskxhjPIvMov","previousCounter":0,"rootKey":"pmIec9WGWooyj7o66Or47i8+R5SpUrn8Vf6RVDo6So4="},"indexInfo":{"baseKey":"BcfPtc1hfAXNsSDBBZrHf6VB+swsQQKuy+hxUM+Gvvpe","baseKeyType":1,"closed":1746627382123,"used":1746627362161,"created":1746627362161,"remoteIdentityKey":"BRXFV8bL956XGcJurPpoUJoujnVFcCgb/QMAJAyvDqYO"},"_chains":{"BSy0gxHHvODj1HKhGZSkxKzL3JBSMWgAsbNR/hNnGxt2":{"chainKey":{"counter":0,"key":"s6YNcHkKFnvsZ3NiRqL9D3MH4p5/JtmTE8jRcniVZEU="},"chainType":1,"messageKeys":{}}},"pendingPreKey":{"signedKeyId":1,"baseKey":"BcfPtc1hfAXNsSDBBZrHf6VB+swsQQKuy+hxUM+Gvvpe"}},"BXiDbDQ4dYWBV3Mz1yJvQS9453WVPjRyLUgMPdkrcPMg":{"registrationId":195,"currentRatchet":{"ephemeralKeyPair":{"pubKey":"BbIHR9tSSMatcwdEG68NVjgHh+7vmLQPm2VAiHrXEEw2","privKey":"UKemkgVzvn5yC+TUeP9qcsRLilR6wbQObXuIoC/W/GQ="},"lastRemoteEphemeralKey":"BS102hz9MtavfidejDC3LWu4bl9Cl7awxskxhjPIvMov","previousCounter":0,"rootKey":"Vn3RZcv/6qQjYiuD3j/PGTd46go75IcRoVJAGC+gLho="},"indexInfo":{"baseKey":"BXiDbDQ4dYWBV3Mz1yJvQS9453WVPjRyLUgMPdkrcPMg","baseKeyType":1,"closed":1746627404852,"used":1746627381610,"created":1746627381610,"remoteIdentityKey":"BRXFV8bL956XGcJurPpoUJoujnVFcCgb/QMAJAyvDqYO"},"_chains":{"BbIHR9tSSMatcwdEG68NVjgHh+7vmLQPm2VAiHrXEEw2":{"chainKey":{"counter":0,"key":"GiCISmqgQI9HnXCBtsqvVbiBj+Z9LC9kN9aKqjF3uH4="},"chainType":1,"messageKeys":{}}},"pendingPreKey":{"signedKeyId":1,"baseKey":"BXiDbDQ4dYWBV3Mz1yJvQS9453WVPjRyLUgMPdkrcPMg"}},"BbDJOpmCsndv/3rkoGEAk7WIOIIjXempeB87FKdiNXxN":{"registrationId":195,"currentRatchet":{"ephemeralKeyPair":{"pubKey":"BVjct51CAKZcLMkkRGGv6g+7QKuF83CSyulHg9LIFhRB","privKey":"UFdE5Dm3rnO9LnxAUYeiN3VIIuA8ng5SJtB/VpLzdUM="},"lastRemoteEphemeralKey":"BS102hz9MtavfidejDC3LWu4bl9Cl7awxskxhjPIvMov","previousCounter":0,"rootKey":"J9jCAREJYSZaBP/CLHsIW7pHwNi+aeDfyPFjV3mOANo="},"indexInfo":{"baseKey":"BbDJOpmCsndv/3rkoGEAk7WIOIIjXempeB87FKdiNXxN","baseKeyType":1,"closed":-1,"used":1746627404448,"created":1746627404448,"remoteIdentityKey":"BRXFV8bL956XGcJurPpoUJoujnVFcCgb/QMAJAyvDqYO"},"_chains":{"BVjct51CAKZcLMkkRGGv6g+7QKuF83CSyulHg9LIFhRB":{"chainKey":{"counter":3,"key":"v8vTw4lilN37gdETd2bxyj2LCuTSE/Cn9OvmFqBKkiU="},"chainType":1,"messageKeys":{}}},"pendingPreKey":{"signedKeyId":1,"baseKey":"BbDJOpmCsndv/3rkoGEAk7WIOIIjXempeB87FKdiNXxN"}}},"version":"v1"}