{"_sessions":{"BaUwPQcRamifWbekMmImMs2a+41S1ivGGEev5J36YR8I":{"registrationId":1397744481,"currentRatchet":{"ephemeralKeyPair":{"pubKey":"BeLKsQ8qmzniGop5kq8mgQlU4Z7PDsUooqabARPgZoUL","privKey":"MP/W+kvT94L+rIDW3CiewXA7btneRGUYQERTdkUH4UU="},"lastRemoteEphemeralKey":"BVhJuMpE8e7B6dDxawQa65yJCIsnRNYYIEKpd85SlV9o","previousCounter":0,"rootKey":"x7uihNUAh2mtw20Rxp2/3QFNWsCrhzOqpBGF1mces9A="},"indexInfo":{"baseKey":"BaUwPQcRamifWbekMmImMs2a+41S1ivGGEev5J36YR8I","baseKeyType":1,"closed":-1,"used":1746612497030,"created":1746612497030,"remoteIdentityKey":"BVQ596vi90aceVR082JTrrTYFR/onLaJ+L4Am0/ZpjVs"},"_chains":{"BeLKsQ8qmzniGop5kq8mgQlU4Z7PDsUooqabARPgZoUL":{"chainKey":{"counter":4,"key":"k1lxzb0fVtoSunwz4XF+m/nnJome+EXxLHuXxbFSe1M="},"chainType":1,"messageKeys":{}}},"pendingPreKey":{"signedKeyId":9020451,"baseKey":"BaUwPQcRamifWbekMmImMs2a+41S1ivGGEev5J36YR8I"}}},"version":"v1"}