{"_sessions":{"BfW0gZF4bo5nvMOdkwm1gVxzfnwolt6rgUSQnP4Bm4kE":{"registrationId":58765289,"currentRatchet":{"ephemeralKeyPair":{"pubKey":"Bc7q/AJmTS6mI3k7BPo4Hd32apM0n0ICWcuFJNFZNUxk","privKey":"2Nmmq3Cqsq/iAlpO4ALBWpA8b0tzRzOjpHO/Zqhd1Eg="},"lastRemoteEphemeralKey":"BTsZjfYN+ov6NabTpqfImeGgWbDXniuULyyVDsjHtRBH","previousCounter":0,"rootKey":"fGt5Eur/evQOlcEWTT+cgPPml1KGoCp2wxDe099xNdk="},"indexInfo":{"baseKey":"BfW0gZF4bo5nvMOdkwm1gVxzfnwolt6rgUSQnP4Bm4kE","baseKeyType":1,"closed":-1,"used":1746612488537,"created":1746612488537,"remoteIdentityKey":"BZ2RlGrrADBDKRe4CL+ZudtzfcQKm5MGIRRoU5KHZYZI"},"_chains":{"Bc7q/AJmTS6mI3k7BPo4Hd32apM0n0ICWcuFJNFZNUxk":{"chainKey":{"counter":4,"key":"4wNoyb9vsX2wlggpWjSJSPhVvafx11Qta1bYKUsBZrI="},"chainType":1,"messageKeys":{}}},"pendingPreKey":{"signedKeyId":12974116,"baseKey":"BfW0gZF4bo5nvMOdkwm1gVxzfnwolt6rgUSQnP4Bm4kE","preKeyId":3209}}},"version":"v1"}