{"_sessions":{"BRcBlhJNHltTK9VXkyZqLXiktpqs/Q09adKyCIxCYVcm":{"registrationId":753046406,"currentRatchet":{"ephemeralKeyPair":{"pubKey":"Be1uHyWTv77g4+rqPYlN2h2ds8+zvrj2p6GY23UD3DJq","privKey":"sI5w++INC7SwMnbOIj+XLfvUnKkvLKKKjioYgbmV5XI="},"lastRemoteEphemeralKey":"Bfr2jKUJ+4r2PeKuM53z7mQovhUB878Pc+DhxRbiJpVF","previousCounter":0,"rootKey":"2YKk+KiQOD26+f2NsXP7ziLu1Y5fOjwM/TgP4fkAHbI="},"indexInfo":{"baseKey":"BRcBlhJNHltTK9VXkyZqLXiktpqs/Q09adKyCIxCYVcm","baseKeyType":2,"closed":-1,"used":1746627316475,"created":1746627316475,"remoteIdentityKey":"BfXpraoq/kJrj1R33qkZmg7MYTtsi0QYu5Y2QSLNMsZ8"},"_chains":{"Bfr2jKUJ+4r2PeKuM53z7mQovhUB878Pc+DhxRbiJpVF":{"chainKey":{"counter":0,"key":"3RmuryqxyWd3mhFAj+zpF0cXnZL8Ty0OZSSIBH4hI0Y="},"chainType":2,"messageKeys":{}},"Be1uHyWTv77g4+rqPYlN2h2ds8+zvrj2p6GY23UD3DJq":{"chainKey":{"counter":5,"key":"9C/iZc7EdbnDoWkgL+v0ArshcNqVzdgpmlX9lUBUUag="},"chainType":1,"messageKeys":{}}}}},"version":"v1"}