{"_sessions":{"BQaprJBqxrgfYhI16bzTRTBmUNuanddjW1p5sRlrOgwa":{"registrationId":955494909,"currentRatchet":{"ephemeralKeyPair":{"pubKey":"BUgNrdzd0I9S0q3XPN0y25HG8icb+RltueBLrIkA6PQq","privKey":"EKMcRMHrqExf5POBQNMbs6jSoU6FDuOmkY5Vtsbf9Gg="},"lastRemoteEphemeralKey":"BdGrOeP6W5WX7H2QIcocLpprtmGyfzmBKxt6UAfd4Nsd","previousCounter":0,"rootKey":"axcqhSMat5G0+/LADotFYWHgNSMLaUDWZvGtC8SGjjs="},"indexInfo":{"baseKey":"BQaprJBqxrgfYhI16bzTRTBmUNuanddjW1p5sRlrOgwa","baseKeyType":1,"closed":-1,"used":1746612493275,"created":1746612493275,"remoteIdentityKey":"BaJgX7JCpLUMLmLfgL6dio1d2W+h5PPgoYdygcEaSo5l"},"_chains":{"BUgNrdzd0I9S0q3XPN0y25HG8icb+RltueBLrIkA6PQq":{"chainKey":{"counter":4,"key":"h3CqN697IcJFT5qqjqFNjWoC+NW5X7ptuh5xfioIerY="},"chainType":1,"messageKeys":{}}},"pendingPreKey":{"signedKeyId":9457403,"baseKey":"BQaprJBqxrgfYhI16bzTRTBmUNuanddjW1p5sRlrOgwa","preKeyId":4101}}},"version":"v1"}