{"_sessions":{"BeqXWIqY3leVfIoHXzn3RkySMSFYTpQQRaaxqy6iWClo":{"registrationId":910488135,"currentRatchet":{"ephemeralKeyPair":{"pubKey":"Bf9uk5pnlWJK7kpr0BWzSm5ELz5VTsRHN/y4zoxhZg06","privKey":"4PhzEw6RJNhguyCSkZqVA5eS9oytel5CzfwmgJvHeWI="},"lastRemoteEphemeralKey":"BUxdVqXP4GolZrie3dnhTrNtelKo7nAK4vSfbH76GRAx","previousCounter":0,"rootKey":"jAngipjXyZQ5sEuSaVAqphr6InrVQb8PEF6EpdsPnm8="},"indexInfo":{"baseKey":"BeqXWIqY3leVfIoHXzn3RkySMSFYTpQQRaaxqy6iWClo","baseKeyType":1,"closed":-1,"used":1746627351193,"created":1746627351193,"remoteIdentityKey":"BTKOthq0GgVDwaWdSDYzFcBAg8AZcX3uv11vv1PHuZwk"},"_chains":{"Bf9uk5pnlWJK7kpr0BWzSm5ELz5VTsRHN/y4zoxhZg06":{"chainKey":{"counter":1,"key":"ncSLOmegQFYSJn+aA4abhegHi2yz5EREXoRhBO0DMOc="},"chainType":1,"messageKeys":{}}},"pendingPreKey":{"signedKeyId":5,"baseKey":"BeqXWIqY3leVfIoHXzn3RkySMSFYTpQQRaaxqy6iWClo","preKeyId":11388412}}},"version":"v1"}