{"_sessions":{"BTEl2IjRYZi90fkzaO7vjukieMLljFNLuvNq52OB4BB4":{"registrationId":24,"currentRatchet":{"ephemeralKeyPair":{"pubKey":"BXNuiLIQBZIb2lnSqNrnIMQvQZNEHBXrXiMdJtlV0fpR","privKey":"qEG4TA1YFXfLu26/50YWb5NKLwT+XHBN0lWNPaiKF0c="},"lastRemoteEphemeralKey":"BVL0Kigj8HPvyngzxxNOorrzBysBHzwMtjc70iYMxBlw","previousCounter":0,"rootKey":"+qpnlqERa8dr+e3zGUhtxtpt5DBNFGodYvvXqwj+ekg="},"indexInfo":{"baseKey":"BTEl2IjRYZi90fkzaO7vjukieMLljFNLuvNq52OB4BB4","baseKeyType":1,"closed":1746612708290,"used":1746612488470,"created":1746612488470,"remoteIdentityKey":"BR7gZ1F8i88pvdrDExeUbnLIPjAQ5wwhKlMO7JBWZjZo"},"_chains":{"BXNuiLIQBZIb2lnSqNrnIMQvQZNEHBXrXiMdJtlV0fpR":{"chainKey":{"counter":1,"key":"E3V9y8C3k/mhIELRO96DCOoBShPlwk8ka+jOEW9nv5Y="},"chainType":1,"messageKeys":{}}},"pendingPreKey":{"signedKeyId":1,"baseKey":"BTEl2IjRYZi90fkzaO7vjukieMLljFNLuvNq52OB4BB4"}},"BWinD+OhEqU9o4Wfd0kZHbL1MR9AnkXJWOdscMVsxkkN":{"registrationId":24,"currentRatchet":{"ephemeralKeyPair":{"pubKey":"BZFLc89/Klp5FcikjB2VEwb/rws3aJp++TYob3faWYs6","privKey":"cM0e0VWBDU08FOb8z98vObAJ5Tq07skXu5AEeGSKDGs="},"lastRemoteEphemeralKey":"BVL0Kigj8HPvyngzxxNOorrzBysBHzwMtjc70iYMxBlw","previousCounter":0,"rootKey":"92sd+ybrk+rzlq023cQMkbeaZE82is5gimkjGEK8U6A="},"indexInfo":{"baseKey":"BWinD+OhEqU9o4Wfd0kZHbL1MR9AnkXJWOdscMVsxkkN","baseKeyType":1,"closed":-1,"used":1746612708278,"created":1746612708278,"remoteIdentityKey":"BR7gZ1F8i88pvdrDExeUbnLIPjAQ5wwhKlMO7JBWZjZo"},"_chains":{"BZFLc89/Klp5FcikjB2VEwb/rws3aJp++TYob3faWYs6":{"chainKey":{"counter":2,"key":"Sgtzct99hUQQm3IN0hhToaZzaFsDn8a61WfLTF1txwo="},"chainType":1,"messageKeys":{}}},"pendingPreKey":{"signedKeyId":1,"baseKey":"BWinD+OhEqU9o4Wfd0kZHbL1MR9AnkXJWOdscMVsxkkN"}}},"version":"v1"}