{"_sessions":{"Bd9GenMW0wZe7+B5a0ZAfEpQJS5hB9eSzxrBKNvhmcMh":{"registrationId":169407322,"currentRatchet":{"ephemeralKeyPair":{"pubKey":"BZOA2prjucW58wX7iCaQzI2lesided8wTIAWKwR6sOsB","privKey":"2DiMRgFtGAxUbX5x3Jnzh736VAvWmqArO4fcFRjIYkM="},"lastRemoteEphemeralKey":"BU41OvO0OfdvY8PNc3Tg6XElNqRjUjwN8oOgQhTfLpht","previousCounter":0,"rootKey":"/zs7Z7y/JQSSQ4pYB/YewIVY6TOZMEehdfiP+2TR4tQ="},"indexInfo":{"baseKey":"Bd9GenMW0wZe7+B5a0ZAfEpQJS5hB9eSzxrBKNvhmcMh","baseKeyType":1,"closed":-1,"used":1746612493354,"created":1746612493354,"remoteIdentityKey":"BfqCBTGMwUJtrKL76ZmkTJZmcUgYWzI6mIKCzE5d34RE"},"_chains":{"BZOA2prjucW58wX7iCaQzI2lesided8wTIAWKwR6sOsB":{"chainKey":{"counter":4,"key":"5ZDmQGsNsKEEhKWRZsK49Ehla5VKL1qacNxaNlvW53Y="},"chainType":1,"messageKeys":{}}},"pendingPreKey":{"signedKeyId":1,"baseKey":"Bd9GenMW0wZe7+B5a0ZAfEpQJS5hB9eSzxrBKNvhmcMh","preKeyId":6091712}}},"version":"v1"}