{"_sessions":{"BRKxsFmXx2sC7FjKTcY6WFuxc113Qlmth9O06PfuPgEV":{"registrationId":1683841812,"currentRatchet":{"ephemeralKeyPair":{"pubKey":"BYNEW+E8iVQlAmVIHAqGYgLm7OTpLJUC2l9TsUXmIX1W","privKey":"iCXTYqfRnVCKewJpC7WAxekkOIjF4vyrTSWPK1mjhVo="},"lastRemoteEphemeralKey":"BaQBD6X9AcQeaesBZYQn6FcEkcUslkpBKlZBz5hmMl0P","previousCounter":0,"rootKey":"U0AA2+psVXOzYvNBGoXm/EHhbNeZAKcPSJ6UzfncbPQ="},"indexInfo":{"baseKey":"BRKxsFmXx2sC7FjKTcY6WFuxc113Qlmth9O06PfuPgEV","baseKeyType":1,"closed":-1,"used":1746612488510,"created":1746612488510,"remoteIdentityKey":"BQwNNPTytatrA4Y16J8phCoOAypR6RBcumvtpIZ3xHZB"},"_chains":{"BYNEW+E8iVQlAmVIHAqGYgLm7OTpLJUC2l9TsUXmIX1W":{"chainKey":{"counter":4,"key":"RIVoLZNDKVtcoFZonU0KQ9FCH2VQV4bcrKYq6mVQgSs="},"chainType":1,"messageKeys":{}}},"pendingPreKey":{"signedKeyId":7,"baseKey":"BRKxsFmXx2sC7FjKTcY6WFuxc113Qlmth9O06PfuPgEV","preKeyId":3050958}}},"version":"v1"}