{"_sessions":{"BXI11Q/5TeUEJ78LrfYF8qnaWEiJwSX1uX3olJzwJGkk":{"registrationId":70,"currentRatchet":{"ephemeralKeyPair":{"pubKey":"BSxcaUDWOiRASpxE+/LQPsGGlq8AQLahmNCE/19ogklI","privKey":"mFPNA1VxbTtLzh1gX/VlBOe17VIJ7n1C/QG7pqdlBG8="},"lastRemoteEphemeralKey":"BT/HS9Rit3FKZivupYYVKtyWVp1ySEdGbDpYIzOXn14r","previousCounter":0,"rootKey":"e4xzbbOZLT6/iOjg1WLisz8/Gg9XkzpI+s8/7KJxlKA="},"indexInfo":{"baseKey":"BXI11Q/5TeUEJ78LrfYF8qnaWEiJwSX1uX3olJzwJGkk","baseKeyType":1,"closed":1746627382326,"used":1746627362432,"created":1746627362432,"remoteIdentityKey":"Bar+/5gknVZ1s5pwydH/aen34+vFWVfexsKkC6SSRl8p"},"_chains":{"BSxcaUDWOiRASpxE+/LQPsGGlq8AQLahmNCE/19ogklI":{"chainKey":{"counter":0,"key":"tANY98EkBHI6B1Z6ehKNq5ACb/gElTEdWskN05ioDyM="},"chainType":1,"messageKeys":{}}},"pendingPreKey":{"signedKeyId":1,"baseKey":"BXI11Q/5TeUEJ78LrfYF8qnaWEiJwSX1uX3olJzwJGkk","preKeyId":20}},"BSM72PK1wFgntmTZDuzg6ZyQ9XMHS6jN7ycrrBZjjh1a":{"registrationId":70,"currentRatchet":{"ephemeralKeyPair":{"pubKey":"BcQ0cryuPmjbs8KmCT1MlyXMh90JnwuWRtxK24AVx/9t","privKey":"wK/8ZUQtJRWEG1ptbLkIznsj7vmJtPr4eDIsE9nrWWk="},"lastRemoteEphemeralKey":"BT/HS9Rit3FKZivupYYVKtyWVp1ySEdGbDpYIzOXn14r","previousCounter":0,"rootKey":"l8pDcSo1lGv6yyR2cDk1AgDbg/X3lP2rCf2g79jJCs8="},"indexInfo":{"baseKey":"BSM72PK1wFgntmTZDuzg6ZyQ9XMHS6jN7ycrrBZjjh1a","baseKeyType":1,"closed":1746627404897,"used":1746627381853,"created":1746627381853,"remoteIdentityKey":"Bar+/5gknVZ1s5pwydH/aen34+vFWVfexsKkC6SSRl8p"},"_chains":{"BcQ0cryuPmjbs8KmCT1MlyXMh90JnwuWRtxK24AVx/9t":{"chainKey":{"counter":0,"key":"9YGuNSpA2xHxWujB5LaVMHulPGT4Zdht6cKFsMDcf4Q="},"chainType":1,"messageKeys":{}}},"pendingPreKey":{"signedKeyId":1,"baseKey":"BSM72PK1wFgntmTZDuzg6ZyQ9XMHS6jN7ycrrBZjjh1a","preKeyId":16}},"BUtRieNdClr0EMZIUUWkKp4xM7qHYR1AoR0x5+VIVhVJ":{"registrationId":70,"currentRatchet":{"ephemeralKeyPair":{"pubKey":"BWbmIaLWQ3TeHJWZewUQiq9OFYjsS4MSqBYnZi5Dv045","privKey":"8G0itLK4nRa4GP8CpfEvg7ZZAPcllurhVUFZAoipS1Q="},"lastRemoteEphemeralKey":"BT/HS9Rit3FKZivupYYVKtyWVp1ySEdGbDpYIzOXn14r","previousCounter":0,"rootKey":"rLw49j75/cjFq2/H6Xd2NIhTYpyo1RohPvZsoJHrRTU="},"indexInfo":{"baseKey":"BUtRieNdClr0EMZIUUWkKp4xM7qHYR1AoR0x5+VIVhVJ","baseKeyType":1,"closed":-1,"used":1746627404635,"created":1746627404635,"remoteIdentityKey":"Bar+/5gknVZ1s5pwydH/aen34+vFWVfexsKkC6SSRl8p"},"_chains":{"BWbmIaLWQ3TeHJWZewUQiq9OFYjsS4MSqBYnZi5Dv045":{"chainKey":{"counter":3,"key":"KxBAtQ48R5TZujkSiYLGx1Lyo3Z5EkrZYIDnS5j0+to="},"chainType":1,"messageKeys":{}}},"pendingPreKey":{"signedKeyId":1,"baseKey":"BUtRieNdClr0EMZIUUWkKp4xM7qHYR1AoR0x5+VIVhVJ","preKeyId":2}}},"version":"v1"}