{"_sessions":{"BfZbMgup1pSDSdUTbGdnqJ6mtoH41g/Gmc4USa0zDYF5":{"registrationId":1578044161,"currentRatchet":{"ephemeralKeyPair":{"pubKey":"BbisWO2FpeDkqAN4eGbDGGY3RZHSVkZkOL+63a6fkAM6","privKey":"oAsGenZFrmIZKC7xid6LsBgr+DUh8NvkJ49j39qsdH8="},"lastRemoteEphemeralKey":"BX4OcDEOU3qePLk7ejzEzSHwv06p20HjQyoNPtF5tkB6","previousCounter":0,"rootKey":"Fn8VfVhhAEDscNZnR3hSLoFgziCmkn/ysDvV6pV8Sss="},"indexInfo":{"baseKey":"BfZbMgup1pSDSdUTbGdnqJ6mtoH41g/Gmc4USa0zDYF5","baseKeyType":1,"closed":-1,"used":1746612492654,"created":1746612492654,"remoteIdentityKey":"BXUgtklFivj5EbJFESUgjZRoZz+8LB3kkq3cABoIxQ0l"},"_chains":{"BbisWO2FpeDkqAN4eGbDGGY3RZHSVkZkOL+63a6fkAM6":{"chainKey":{"counter":4,"key":"6CCcCZTdKH9KasfneYyoTxlEbeKtqV6finV9xwbI6rA="},"chainType":1,"messageKeys":{}}},"pendingPreKey":{"signedKeyId":3,"baseKey":"BfZbMgup1pSDSdUTbGdnqJ6mtoH41g/Gmc4USa0zDYF5"}}},"version":"v1"}