{"_sessions":{"BX4RpdhF3xY9cPN8Qfbgq2eXfQE3mHlO9XTEO3r1WGYt":{"registrationId":1293958230,"currentRatchet":{"ephemeralKeyPair":{"pubKey":"Be4J26d0xfKmAAXD0ipOADxP/eEo/bhKZSpBKIA1Bopj","privKey":"KAJzCTM2LHLad6iwJkdxOvKJwGa8BEfIjIy4DI1OAFU="},"lastRemoteEphemeralKey":"BUiLYLXUkwVXdtjuaFYQAvVYlQgZi81GpdgFUmqHs8MA","previousCounter":0,"rootKey":"iiMAx4jRfsALTc1/iB4qjNhHakRPzyEPFlraS59/UJI="},"indexInfo":{"baseKey":"BX4RpdhF3xY9cPN8Qfbgq2eXfQE3mHlO9XTEO3r1WGYt","baseKeyType":1,"closed":-1,"used":1746612493283,"created":1746612493283,"remoteIdentityKey":"BUPW5GA9FXyYJ82NCFlqJnsB0WliU2TVZrXDkjEGteYo"},"_chains":{"Be4J26d0xfKmAAXD0ipOADxP/eEo/bhKZSpBKIA1Bopj":{"chainKey":{"counter":4,"key":"LjXlr59gubRgKWk96IoJSS4yTKzLKJdkpaLW/Bwm9TI="},"chainType":1,"messageKeys":{}}},"pendingPreKey":{"signedKeyId":12613555,"baseKey":"BX4RpdhF3xY9cPN8Qfbgq2eXfQE3mHlO9XTEO3r1WGYt","preKeyId":1028}}},"version":"v1"}