{"_sessions":{"BV+nbMIhJnBPB+VCld6fLQxoxy5/cgQin67AKSyEbOwZ":{"registrationId":1688054506,"currentRatchet":{"ephemeralKeyPair":{"pubKey":"BRzmjx8LfdRpdFyIorVyxtNF+mYxn8R2LnS0puWySU0U","privKey":"+Llf4WNGGAK7lJkPCxwrB0/0GQN2lKl/8yC5A1oqi1Q="},"lastRemoteEphemeralKey":"BY3SAUQwoYXWECOdl2QZ6MricAogg75dbIgsCurHVh0W","previousCounter":0,"rootKey":"NMyPLLMb7ZVb7k3Qbq47MxnUsM0KmhwL3iDhUv6k+R8="},"indexInfo":{"baseKey":"BV+nbMIhJnBPB+VCld6fLQxoxy5/cgQin67AKSyEbOwZ","baseKeyType":1,"closed":-1,"used":1746612493168,"created":1746612493168,"remoteIdentityKey":"BdjsGu6Q1wDFbxFqONdsChtdomkXtE/vQ/2SX6CUCilR"},"_chains":{"BRzmjx8LfdRpdFyIorVyxtNF+mYxn8R2LnS0puWySU0U":{"chainKey":{"counter":4,"key":"tL6uA02kCdsN5/FmTeV2Xne6GR7dvOGcnx2yiejxkSs="},"chainType":1,"messageKeys":{}}},"pendingPreKey":{"signedKeyId":0,"baseKey":"BV+nbMIhJnBPB+VCld6fLQxoxy5/cgQin67AKSyEbOwZ"}}},"version":"v1"}