{"_sessions":{"BeGd9NFBXBM9eICV6Z8e2gTFVQopfDgCTOjftTBGMKVJ":{"registrationId":714741954,"currentRatchet":{"ephemeralKeyPair":{"pubKey":"BecIfvN4wyqw3s2qgT6NO9rmzpH2TFB5CJMw1AVOxkx2","privKey":"qMGV1MonCSqdNJplSVzyVhDW2aUzXJQrEpaHHqNydXA="},"lastRemoteEphemeralKey":"BZoZRaE2F+G4PpxiX+N+yGUJUGkw7vYDNsuJw3qqafFG","previousCounter":0,"rootKey":"2eNS8cgbN/VwjXkRCEBYIGcHP3d4dPITsFcnmKiEAH8="},"indexInfo":{"baseKey":"BeGd9NFBXBM9eICV6Z8e2gTFVQopfDgCTOjftTBGMKVJ","baseKeyType":1,"closed":-1,"used":1746612497421,"created":1746612497421,"remoteIdentityKey":"BajDenML2NL6YvuJQUvCiP6cKaNAateqKFkxZ8x6W+cf"},"_chains":{"BecIfvN4wyqw3s2qgT6NO9rmzpH2TFB5CJMw1AVOxkx2":{"chainKey":{"counter":4,"key":"E0FUl643PoajmAGCV7NcQ8kobgyzplhjxurCGO7/0Zs="},"chainType":1,"messageKeys":{}}},"pendingPreKey":{"signedKeyId":395010,"baseKey":"BeGd9NFBXBM9eICV6Z8e2gTFVQopfDgCTOjftTBGMKVJ"}}},"version":"v1"}