{"_sessions":{"Bbqe3HzvnuANyUrCqsQQrwcHfO1v1UeACadmhS7HiN9s":{"registrationId":584940444,"currentRatchet":{"ephemeralKeyPair":{"pubKey":"BWdJC/C2aaMKKnPjaWZ7vz+ZRY3280K985Me6tMkRTlN","privKey":"yMBOLjSDEqrlODwBY1UEDhWRrPYSL6sALr+A6MiVh0Y="},"lastRemoteEphemeralKey":"BQomH1vl+TkFiP3gPvL8w7yWOaNel2PyRIvpoLO0QCcT","previousCounter":0,"rootKey":"8FjDojdagvtnOvXgDY1TIC9pvIcuSoOQK+a5Gf+R2Eo="},"indexInfo":{"baseKey":"Bbqe3HzvnuANyUrCqsQQrwcHfO1v1UeACadmhS7HiN9s","baseKeyType":1,"closed":-1,"used":1746612493189,"created":1746612493189,"remoteIdentityKey":"Be7r+Xq4fsgCm548BUK1jOZML/kNWbIu+StGoph5Mscl"},"_chains":{"BWdJC/C2aaMKKnPjaWZ7vz+ZRY3280K985Me6tMkRTlN":{"chainKey":{"counter":4,"key":"MzQB6xgiyaTkxA6OUH5yhXkU87QNdpuwhkszvgaHo/M="},"chainType":1,"messageKeys":{}}},"pendingPreKey":{"signedKeyId":4,"baseKey":"Bbqe3HzvnuANyUrCqsQQrwcHfO1v1UeACadmhS7HiN9s"}}},"version":"v1"}