{"_sessions":{"BfLB0w8yWIxn+ouFx2mot46Upd/xHNTl5PNmsoNhjZ82":{"registrationId":472807042,"currentRatchet":{"ephemeralKeyPair":{"pubKey":"BbXlX+j8RNGNL9/vhIGMmJWf5FtD3ElIAroDxp+9lfod","privKey":"SMYSEnmfyJRwqERMWiK0JR5TqW3JOHWfAV2Hzja1bVY="},"lastRemoteEphemeralKey":"BSCPGN/FOkXjUCAF3CshgyMc3uCaPwNKt14ojtF5q4I3","previousCounter":2,"rootKey":"Luo6TbbW9IgtTYZNMaMK0xur5FebeZJn15UDdlvzqfg="},"indexInfo":{"baseKey":"BfLB0w8yWIxn+ouFx2mot46Upd/xHNTl5PNmsoNhjZ82","baseKeyType":1,"closed":-1,"used":1746627431962,"created":1746612496859,"remoteIdentityKey":"BaAsQCf/WFwb9uOfswTFXtD8pDVy6nlBcflW+e7v0bpl"},"_chains":{"BSCPGN/FOkXjUCAF3CshgyMc3uCaPwNKt14ojtF5q4I3":{"chainKey":{"counter":1,"key":"WDX1EsOITqxwao8CJxbsXq0iBhKHsLKxyEdbjOI2Us8="},"chainType":2,"messageKeys":{}},"BbXlX+j8RNGNL9/vhIGMmJWf5FtD3ElIAroDxp+9lfod":{"chainKey":{"counter":1,"key":"SsNb4XAxvluyDjHUlmrG2e4XDINHEyQfePPh0ANiUHY="},"chainType":1,"messageKeys":{}}}}},"version":"v1"}