{"_sessions":{"BS4VOeBE2CzOu1Zas0BwAbkvhUxE/yivZ9VWRWhnaWFn":{"registrationId":783528729,"currentRatchet":{"ephemeralKeyPair":{"pubKey":"BXuliDpPm257AQebVOHMzZNVbS5D5tUC+QskKIL7d+c8","privKey":"YNa6cgGjs4u3sZr/3SZ/9sMbRQ5hwWn6QsB6MilMXGY="},"lastRemoteEphemeralKey":"BX3/IGGwtMpKZ+aofY0Xh2aPawujnl6lyqGf7Ar6KfVM","previousCounter":2,"rootKey":"Jrhmli+/V/eEzvj5C0W6o9piYwvxuMd5fAxxGCgZi6g="},"indexInfo":{"baseKey":"BS4VOeBE2CzOu1Zas0BwAbkvhUxE/yivZ9VWRWhnaWFn","baseKeyType":1,"closed":-1,"used":1746627472796,"created":1746612497142,"remoteIdentityKey":"BQYIO8uEgF95co5rkasZv6KsGIDr/CFydRf8CH7t3yFa"},"_chains":{"BX3/IGGwtMpKZ+aofY0Xh2aPawujnl6lyqGf7Ar6KfVM":{"chainKey":{"counter":1,"key":"qZbvqCFZ3wer0eerZbA/4yiZpX5383DOs7bdARZJAi4="},"chainType":2,"messageKeys":{}},"BXuliDpPm257AQebVOHMzZNVbS5D5tUC+QskKIL7d+c8":{"chainKey":{"counter":1,"key":"KbBo32N9ZDsXEBFFRgIcUDguauSz71silNmwUBtpoDQ="},"chainType":1,"messageKeys":{}}}}},"version":"v1"}