{"_sessions":{"BQFUhx7Jh+vDD6/t3IuIk91EvPs30oxbFdnP1M+Ix3FH":{"registrationId":1284329440,"currentRatchet":{"ephemeralKeyPair":{"pubKey":"BQIFbjVN0Vvzl3rm0l1aPHVAWDcUTRb/Y7Qx9WFCAmQC","privKey":"IIkFIF/nWNzz2tUod3gnD3ZrT95D/fWpzc7k0x/odGY="},"lastRemoteEphemeralKey":"BWRXBotOUV1bo6c54jciYMD3kDhq/4AKiU2MN4Y+sX0S","previousCounter":0,"rootKey":"920PvtnvdfsUQtYKC5fEabfyU4wa66WScBJq7ghGlO4="},"indexInfo":{"baseKey":"BQFUhx7Jh+vDD6/t3IuIk91EvPs30oxbFdnP1M+Ix3FH","baseKeyType":1,"closed":-1,"used":1746612488960,"created":1746612488960,"remoteIdentityKey":"BTLeLe7VmPFlPh3PWiwuYjEwVZ4mEDn4PJC48rK7yVxZ"},"_chains":{"BQIFbjVN0Vvzl3rm0l1aPHVAWDcUTRb/Y7Qx9WFCAmQC":{"chainKey":{"counter":4,"key":"0rdgqcgOn5mt9Qkt9cb6cK9OdtKf/h1OL5qU9TGr7AA="},"chainType":1,"messageKeys":{}}},"pendingPreKey":{"signedKeyId":3,"baseKey":"BQFUhx7Jh+vDD6/t3IuIk91EvPs30oxbFdnP1M+Ix3FH"}}},"version":"v1"}