{"_sessions":{"BY6cuB00wAeQYpxqYT+Pq/NTFOvT71Yn3LxtkVT3o1YF":{"registrationId":549261702,"currentRatchet":{"ephemeralKeyPair":{"pubKey":"BfjtsTbuGOs6hO0BpZjjS4P6MY2x9t/GVX/abpbSwWUo","privKey":"KOfsJmphgt0YNxPnRfwcyMAUjhoJfJVwegcUsBBR00Y="},"lastRemoteEphemeralKey":"BbcOZ2rIUt6yAqwruJuWfRQ4cdExZad2/BW/xFDp5MRG","previousCounter":0,"rootKey":"Fa/Q14Vu27H9cI0fiDQvNDCLDgSCPFrzYRg/fReeEh8="},"indexInfo":{"baseKey":"BY6cuB00wAeQYpxqYT+Pq/NTFOvT71Yn3LxtkVT3o1YF","baseKeyType":1,"closed":-1,"used":1746627350700,"created":1746627350700,"remoteIdentityKey":"BW8xqtq0oE+cm4SGuznOGpYQ4sA2TbOsiFFdTX0JE2Uk"},"_chains":{"BfjtsTbuGOs6hO0BpZjjS4P6MY2x9t/GVX/abpbSwWUo":{"chainKey":{"counter":0,"key":"Cz0GWGANMcKr/95nxzIcDJ93pmzDtEYSkY52gjfNiP0="},"chainType":1,"messageKeys":{}}},"pendingPreKey":{"signedKeyId":3,"baseKey":"BY6cuB00wAeQYpxqYT+Pq/NTFOvT71Yn3LxtkVT3o1YF","preKeyId":6761038}}},"version":"v1"}