{"_sessions":{"Bc/6NgSjLD965J54QQYNzrMLO0ZeqaD/A3UR5ecwlyhG":{"registrationId":106416316,"currentRatchet":{"ephemeralKeyPair":{"pubKey":"BaQjt31c5vlgqDF2plob32k6ejsYqGnaLSZgkErd8pMe","privKey":"gPzjDE7M6Wqnm7pJFFRLJlwbtuyo239ISMKtD3niA28="},"lastRemoteEphemeralKey":"BXmMDXM4A8LJURaJR19uarEB6ujHts/ZycOllszQapML","previousCounter":0,"rootKey":"4bOjHiHzpLtNh8QUpLdCdhQZmo9HulhVch3DitVEgMs="},"indexInfo":{"baseKey":"Bc/6NgSjLD965J54QQYNzrMLO0ZeqaD/A3UR5ecwlyhG","baseKeyType":1,"closed":-1,"used":1746612488387,"created":1746612488387,"remoteIdentityKey":"BUzCdCC4d6SQFQpE6NgjtZCY6AcrpOBc6oVuY18RMTRY"},"_chains":{"BaQjt31c5vlgqDF2plob32k6ejsYqGnaLSZgkErd8pMe":{"chainKey":{"counter":4,"key":"z55aLsy0v0r0WWqEoaJLZN2jCWaeGdXUOLxMm4Rr7x8="},"chainType":1,"messageKeys":{}}},"pendingPreKey":{"signedKeyId":4,"baseKey":"Bc/6NgSjLD965J54QQYNzrMLO0ZeqaD/A3UR5ecwlyhG"}}},"version":"v1"}