{"_sessions":{"Bc4GuaNV70mQNa5KXjEQbZ6RHnOtcJet4mBFjrcLfqI+":{"registrationId":420698362,"currentRatchet":{"ephemeralKeyPair":{"pubKey":"BeRP9ry+8KZDwk4UMp9sNQbOu2gBFgaphRXoITde8WJ4","privKey":"SO/pwsRQCQYzH0sm4YCFD3/5af9rfn45M9sXfvaMGWo="},"lastRemoteEphemeralKey":"BT/zMf7bcP95oGMigw/XYRPE2S0xoc2SGquaTFVoRTl+","previousCounter":0,"rootKey":"zzXs/jx/W/dld7jEqW6JH15mIvOOQ+cnKHwq4Nsztrc="},"indexInfo":{"baseKey":"Bc4GuaNV70mQNa5KXjEQbZ6RHnOtcJet4mBFjrcLfqI+","baseKeyType":1,"closed":-1,"used":1746612488945,"created":1746612488945,"remoteIdentityKey":"BXPmmU76+G/X7CEYfXcPlqNPPpDS8gkzSMNMXSgf6n5P"},"_chains":{"BeRP9ry+8KZDwk4UMp9sNQbOu2gBFgaphRXoITde8WJ4":{"chainKey":{"counter":4,"key":"G5RGhh2EuVwtq7t3wHqXJgyX1V71Mg8aC9osVIlEfHQ="},"chainType":1,"messageKeys":{}}},"pendingPreKey":{"signedKeyId":2460943,"baseKey":"Bc4GuaNV70mQNa5KXjEQbZ6RHnOtcJet4mBFjrcLfqI+","preKeyId":3100}}},"version":"v1"}