{"_sessions":{"BQPtVrNEVKEPVNpo42bF4NPzPgOtgLaDR4lUIEiD565p":{"registrationId":891990795,"currentRatchet":{"ephemeralKeyPair":{"pubKey":"BRgANets3zfiV3KtC11qX+QG/GAtZIJQ2GyO4qq3xHwD","privKey":"qMTmv6ijLLH3H3Kdy9sAH+AHHtDthb5z4XLWh70XgXM="},"lastRemoteEphemeralKey":"BYy84yx2X87AzlnUsbkK+eoHrkbn9T7hVyECmW79Y3Rw","previousCounter":0,"rootKey":"XpW3MVpctrkgUITAgNQc/wNKikLfAO/K5/nmvbsjrL0="},"indexInfo":{"baseKey":"BQPtVrNEVKEPVNpo42bF4NPzPgOtgLaDR4lUIEiD565p","baseKeyType":1,"closed":-1,"used":1746612497326,"created":1746612497326,"remoteIdentityKey":"BSixuBwSK0Bfe7MW3sFWWr/3zKMUKq2hwBFT7WHZEcoq"},"_chains":{"BRgANets3zfiV3KtC11qX+QG/GAtZIJQ2GyO4qq3xHwD":{"chainKey":{"counter":4,"key":"Lx2V1dIBo6Zx7fyfVDdO+6v9B1g7cToh3jfDiR32ZXk="},"chainType":1,"messageKeys":{}}},"pendingPreKey":{"signedKeyId":16567047,"baseKey":"BQPtVrNEVKEPVNpo42bF4NPzPgOtgLaDR4lUIEiD565p","preKeyId":5329}}},"version":"v1"}