{"_sessions":{"BdGy87m1DKpdqAB9zKlu4xE94cViIzqoXpa+VLLA6hdC":{"registrationId":1978918313,"currentRatchet":{"ephemeralKeyPair":{"pubKey":"BX0/wpABxiyTVVYsiypPmChRXHVHN/CDX/Qh75Eg5HsC","privKey":"4Ivo7eLDk3FxV1jW5sNNhD3l52b23gA/OPSP5YIrCE0="},"lastRemoteEphemeralKey":"BSERecOsh0H4h+xYr59vAWlKKeb5IORq8uoDDBjdti5M","previousCounter":0,"rootKey":"/paW9S8zWVZNsrzLNBk6iTxTHntxdhbr0SnXY1qnsIA="},"indexInfo":{"baseKey":"BdGy87m1DKpdqAB9zKlu4xE94cViIzqoXpa+VLLA6hdC","baseKeyType":1,"closed":-1,"used":1746627351153,"created":1746627351153,"remoteIdentityKey":"BcIwZzQe9aGZrpYZZ3aGNsrssVQ/x87cV/hmnAZynMh6"},"_chains":{"BX0/wpABxiyTVVYsiypPmChRXHVHN/CDX/Qh75Eg5HsC":{"chainKey":{"counter":0,"key":"MX7UPCbWlsy8KWmwfmZ1Hx+ORb25HEOaA0GrsDo2LoQ="},"chainType":1,"messageKeys":{}}},"pendingPreKey":{"signedKeyId":16,"baseKey":"BdGy87m1DKpdqAB9zKlu4xE94cViIzqoXpa+VLLA6hdC","preKeyId":2784920}}},"version":"v1"}