{"_sessions":{"BTQoRQbR0AwMzPbU+t+JK50Fvg4WwKqi7kv9NwyWl/xp":{"registrationId":710884544,"currentRatchet":{"ephemeralKeyPair":{"pubKey":"BTf7GOBqF6Ki7P+ACrH2Am1/7WLkueKTdU6gLSdpvaBK","privKey":"mH9g/4O6Q4K/pXaUNUxjAzQY9i2uh3bZhjN0nNyK+UU="},"lastRemoteEphemeralKey":"BUMiSAbFRNCAZ019j9pxIabWyPkrejw6I/oi/6tuARFb","previousCounter":0,"rootKey":"PhnutVNWR1GDz/WT+qsi7zlKnLFo0H1AYW43x5u38qI="},"indexInfo":{"baseKey":"BTQoRQbR0AwMzPbU+t+JK50Fvg4WwKqi7kv9NwyWl/xp","baseKeyType":1,"closed":1746627382178,"used":1746627362275,"created":1746627362275,"remoteIdentityKey":"BROe++jJwm2vzp2/7OnLVBhNi+JSYHOgB6BYk4mvdGM5"},"_chains":{"BTf7GOBqF6Ki7P+ACrH2Am1/7WLkueKTdU6gLSdpvaBK":{"chainKey":{"counter":0,"key":"NsfPk/+6dLQONYoHFxbZ1zL5UM091KW8wFm1/ne7FoA="},"chainType":1,"messageKeys":{}}},"pendingPreKey":{"signedKeyId":1,"baseKey":"BTQoRQbR0AwMzPbU+t+JK50Fvg4WwKqi7kv9NwyWl/xp"}},"BYOhvoaOpCNTuYHvQrLz9GCTNy7t5zQDKuQEymvsZWkN":{"registrationId":710884544,"currentRatchet":{"ephemeralKeyPair":{"pubKey":"BUHHR2qOxO2VekZY8VwLxyw5VpvMqWLMqi6L9LLwXgNE","privKey":"OKCoBe8D7ebvjG3s9dLBNpJBfUcp0q4mtb+Dp2gfHGs="},"lastRemoteEphemeralKey":"BUMiSAbFRNCAZ019j9pxIabWyPkrejw6I/oi/6tuARFb","previousCounter":0,"rootKey":"Nj+Plmk4ysvyCaDuwmXsYjxQFqX9YmU2QNgb9mcO35Q="},"indexInfo":{"baseKey":"BYOhvoaOpCNTuYHvQrLz9GCTNy7t5zQDKuQEymvsZWkN","baseKeyType":1,"closed":1746627404872,"used":1746627381712,"created":1746627381712,"remoteIdentityKey":"BROe++jJwm2vzp2/7OnLVBhNi+JSYHOgB6BYk4mvdGM5"},"_chains":{"BUHHR2qOxO2VekZY8VwLxyw5VpvMqWLMqi6L9LLwXgNE":{"chainKey":{"counter":0,"key":"JwKuP70g/EEI8eDT/O6f3Koe+6AlDvxsW2XprNKhHLg="},"chainType":1,"messageKeys":{}}},"pendingPreKey":{"signedKeyId":1,"baseKey":"BYOhvoaOpCNTuYHvQrLz9GCTNy7t5zQDKuQEymvsZWkN"}},"BTulc82QTNZ6as9AwRTQoy/q+AlLZY61wK4rtBVQt+lp":{"registrationId":710884544,"currentRatchet":{"ephemeralKeyPair":{"pubKey":"BaXp+9skVAW7fSsrVF0Eo/lDlx0P1QYcbVZhRoPWPtYh","privKey":"4MxsUIbsPwIVedfCEKjApMsVsoEZbjqhGAMS3qMw2lo="},"lastRemoteEphemeralKey":"BUMiSAbFRNCAZ019j9pxIabWyPkrejw6I/oi/6tuARFb","previousCounter":0,"rootKey":"8MCm3FA/kD0mfBoYuoiz8p1cuqF0Ik7DnznjUs7vAMc="},"indexInfo":{"baseKey":"BTulc82QTNZ6as9AwRTQoy/q+AlLZY61wK4rtBVQt+lp","baseKeyType":1,"closed":-1,"used":1746627404529,"created":1746627404529,"remoteIdentityKey":"BROe++jJwm2vzp2/7OnLVBhNi+JSYHOgB6BYk4mvdGM5"},"_chains":{"BaXp+9skVAW7fSsrVF0Eo/lDlx0P1QYcbVZhRoPWPtYh":{"chainKey":{"counter":3,"key":"4TYrA6J0cS1I43/6NSmC/+sNRsPJ9CoFtRqFoe/b3jE="},"chainType":1,"messageKeys":{}}},"pendingPreKey":{"signedKeyId":1,"baseKey":"BTulc82QTNZ6as9AwRTQoy/q+AlLZY61wK4rtBVQt+lp"}}},"version":"v1"}