{"_sessions":{"BZLiAcl7wbygrT96YrnTqvPycuUc1pWHRw8eFUhMJkx6":{"registrationId":1640174849,"currentRatchet":{"ephemeralKeyPair":{"pubKey":"BSorluEShvlqp14PBHLfnALvdcxAIkQlEwHnECIQhUMY","privKey":"qHvss6CM3fZR/ko4JCDzFBQ8Mv8WOS0+CxsYCnXFtXI="},"lastRemoteEphemeralKey":"BRGsWNcuc2PoyTbnYBpjA19cxughyjwV0RjV3gCqW2ku","previousCounter":0,"rootKey":"VtWQUiGNbV9uh+r3x0eqjo+I95WVJJ0cidYWoCWGMAM="},"indexInfo":{"baseKey":"BZLiAcl7wbygrT96YrnTqvPycuUc1pWHRw8eFUhMJkx6","baseKeyType":1,"closed":-1,"used":1746612492976,"created":1746612492976,"remoteIdentityKey":"BYT3GbhtKqoLpAdF39ZTU7Q41qyCJlO1Rmi0vDOArMpv"},"_chains":{"BSorluEShvlqp14PBHLfnALvdcxAIkQlEwHnECIQhUMY":{"chainKey":{"counter":4,"key":"IfffwxFBzl8ONAFQp7P/1NcvsHpVpn5eo8O/5wz29ik="},"chainType":1,"messageKeys":{}}},"pendingPreKey":{"signedKeyId":12493326,"baseKey":"BZLiAcl7wbygrT96YrnTqvPycuUc1pWHRw8eFUhMJkx6","preKeyId":5138}}},"version":"v1"}