{"_sessions":{"Bdz2nz+e+cEO1kUsIA0BM4VAVEx5+lL9JW/ks0CJYBUb":{"registrationId":14631371,"currentRatchet":{"ephemeralKeyPair":{"pubKey":"BShsOOdiso2rz7r2npA4luiTSSCFGqQHhL2Yyv1x7gEE","privKey":"6NFxPBZpAW0cKa+L+yeVpvxKB+aSfkhv7D2iSbgfw2U="},"lastRemoteEphemeralKey":"BWES5gGVmGgO0mPunyW/RDfoCydu0BkxIMXRgCuDKeht","previousCounter":0,"rootKey":"N8xunicBJJfIkDtvqOc/16grUVF2Usl7OwT0YXPkSEs="},"indexInfo":{"baseKey":"Bdz2nz+e+cEO1kUsIA0BM4VAVEx5+lL9JW/ks0CJYBUb","baseKeyType":1,"closed":1746627382170,"used":1746627362260,"created":1746627362260,"remoteIdentityKey":"BXFd7NLWeS8/4g70iQ93cELs4Kts/uGo2Jp+iwjZu2wO"},"_chains":{"BShsOOdiso2rz7r2npA4luiTSSCFGqQHhL2Yyv1x7gEE":{"chainKey":{"counter":0,"key":"cHzkMk4lXU9EaRHvnxctfL/Rxid8sEpqaqjOe5yXdUM="},"chainType":1,"messageKeys":{}}},"pendingPreKey":{"signedKeyId":1553939,"baseKey":"Bdz2nz+e+cEO1kUsIA0BM4VAVEx5+lL9JW/ks0CJYBUb"}},"BSvvtCsnKuL9w7BsSvBu6FeZO52N5Lrw74W5AiSKW980":{"registrationId":14631371,"currentRatchet":{"ephemeralKeyPair":{"pubKey":"BRZZEXoUcezuf85N0D+KV1PxxQMKbT7oFtaDHiP0evxe","privKey":"+ABhMh7zfIUoaeD0QYnOwyE8KWxep0REkUDbt9mQrH0="},"lastRemoteEphemeralKey":"BWES5gGVmGgO0mPunyW/RDfoCydu0BkxIMXRgCuDKeht","previousCounter":0,"rootKey":"WyGw1V4E9reeKmg3U1GPnD7JmEUz9Ma9eF9U1K1OxMw="},"indexInfo":{"baseKey":"BSvvtCsnKuL9w7BsSvBu6FeZO52N5Lrw74W5AiSKW980","baseKeyType":1,"closed":1746627404867,"used":1746627381693,"created":1746627381693,"remoteIdentityKey":"BXFd7NLWeS8/4g70iQ93cELs4Kts/uGo2Jp+iwjZu2wO"},"_chains":{"BRZZEXoUcezuf85N0D+KV1PxxQMKbT7oFtaDHiP0evxe":{"chainKey":{"counter":0,"key":"qUJnNyv9OI19W8c7GTIlV8pmFxNtMyhBNQp7EE4hZyI="},"chainType":1,"messageKeys":{}}},"pendingPreKey":{"signedKeyId":1553939,"baseKey":"BSvvtCsnKuL9w7BsSvBu6FeZO52N5Lrw74W5AiSKW980"}},"BeBUnmxSlrvn6LvcGJrJrrFEaR04bysHKhHBK6CfceUG":{"registrationId":14631371,"currentRatchet":{"ephemeralKeyPair":{"pubKey":"BdlWJB5gCpURPlNebX+SZmuuj3mVtU8phZ6ZYoJs5Hx1","privKey":"CJj/3Q6vWsKziUhN9B/O1iU7bSz8ve9VEWwMxvXkk1g="},"lastRemoteEphemeralKey":"BWES5gGVmGgO0mPunyW/RDfoCydu0BkxIMXRgCuDKeht","previousCounter":0,"rootKey":"g8sGBepehsWv+UVdX22O30X0l2oDakBm6d21zJ9HOpI="},"indexInfo":{"baseKey":"BeBUnmxSlrvn6LvcGJrJrrFEaR04bysHKhHBK6CfceUG","baseKeyType":1,"closed":-1,"used":1746627404515,"created":1746627404515,"remoteIdentityKey":"BXFd7NLWeS8/4g70iQ93cELs4Kts/uGo2Jp+iwjZu2wO"},"_chains":{"BdlWJB5gCpURPlNebX+SZmuuj3mVtU8phZ6ZYoJs5Hx1":{"chainKey":{"counter":3,"key":"xi6CaBqMvngsnLOITld6b9lm7DAwWQtukDObZidQYBc="},"chainType":1,"messageKeys":{}}},"pendingPreKey":{"signedKeyId":1553939,"baseKey":"BeBUnmxSlrvn6LvcGJrJrrFEaR04bysHKhHBK6CfceUG"}}},"version":"v1"}