{"_sessions":{"BesXSzv8ENWJ2sOF8Xa9bQoWrdi1+OlPDkn87LwEDIUd":{"registrationId":236,"currentRatchet":{"ephemeralKeyPair":{"pubKey":"BS1fIc3YW1YA/UIHX/aze0XmaV3s3Qqpiz0csx/0ZbcD","privKey":"kHdptAwatCyG4zZsFYF/jRUswzK+kjhdp5BA51+hhlM="},"lastRemoteEphemeralKey":"BaX2x3pOzyYMnRvfPOd2q48nvdA0XvwEb4FJEqjwOTtl","previousCounter":0,"rootKey":"DuZBIyzb1O7OJQhUAdvT9oT2ABkYxC8Zswcwn/Nb59g="},"indexInfo":{"baseKey":"BesXSzv8ENWJ2sOF8Xa9bQoWrdi1+OlPDkn87LwEDIUd","baseKeyType":1,"closed":-1,"used":1746612488476,"created":1746612488476,"remoteIdentityKey":"BRN+4iJJ3y5SibXPM8dTWSamSkDFAkaHnrm83HYjcIxb"},"_chains":{"BS1fIc3YW1YA/UIHX/aze0XmaV3s3Qqpiz0csx/0ZbcD":{"chainKey":{"counter":4,"key":"X5e9+YqMObsoT5ClbsebEgR+4TbuTTwNTaYTzVFuZ2I="},"chainType":1,"messageKeys":{}}},"pendingPreKey":{"signedKeyId":1,"baseKey":"BesXSzv8ENWJ2sOF8Xa9bQoWrdi1+OlPDkn87LwEDIUd"}}},"version":"v1"}