{"_sessions":{"BZt6fAZrO9s+2I6AbPSuNz2mZBasVp4UUHNzPnsSgXVY":{"registrationId":758070173,"currentRatchet":{"ephemeralKeyPair":{"pubKey":"BRU6W9W5E0kSfQ4DF/C1y2OWTezOWVxaoNf74AhzkN1D","privKey":"eJElv/P34YC6/iD2cJZ5ULyZgnz2qtquyvLre3pbA14="},"lastRemoteEphemeralKey":"BdQU6i1plzR88kF5JP9eu010uDDuN8eSlNGiK8brdexQ","previousCounter":22,"rootKey":"ow8jXyyzhuXRAkCKNkrq8B3Xz2PuZd0F1d3WL2kNMms="},"indexInfo":{"baseKey":"BZt6fAZrO9s+2I6AbPSuNz2mZBasVp4UUHNzPnsSgXVY","baseKeyType":2,"closed":-1,"used":1746629951633,"created":1746612332145,"remoteIdentityKey":"BWC6IHwBwiF9AzQz4vlFy9WFykK7i0isIuhncSVo2X16"},"_chains":{"BVAWHVg91XEz/5n2Qc72hiOd4Ztc2h8+yqXaS75Y5rE9":{"chainKey":{"counter":6},"chainType":2,"messageKeys":{}},"BTV3eoaS5xk5sciKXq6Z+1DbSsutTavYRAagvfXF4dx1":{"chainKey":{"counter":1},"chainType":2,"messageKeys":{}},"BdQU6i1plzR88kF5JP9eu010uDDuN8eSlNGiK8brdexQ":{"chainKey":{"counter":1,"key":"jfG/Dmlzd3ri3RAyMjH8j9b685vSeuUc3alzSAQ8SI8="},"chainType":2,"messageKeys":{}},"BRU6W9W5E0kSfQ4DF/C1y2OWTezOWVxaoNf74AhzkN1D":{"chainKey":{"counter":18,"key":"UWbh4C1GcgrfxZ4QgDZLLXYbas70tWnWOuWD+fqd/78="},"chainType":1,"messageKeys":{}}}}},"version":"v1"}