{"_sessions":{"Baxi+/EjsfGdFV+/qrcNBlgaSni4cFa61OO4rezjLpgz":{"registrationId":1812842785,"currentRatchet":{"ephemeralKeyPair":{"pubKey":"BdRq8tYcFvKES2MtP76fyumNiUIRrIDwPJLhDzwcmXgJ","privKey":"2Bb18pE1msUHc8rG9zeyvh/XESpvzW7vQijR+oh0VW4="},"lastRemoteEphemeralKey":"BRZaRik1OpvxdMGtF76E1N//EfrC4IdNFLBMrmfKmlYE","previousCounter":0,"rootKey":"S9Ei7PFaUbTxcuiPfoG7NpN8AX0Oz1v6bP83HqbxESU="},"indexInfo":{"baseKey":"Baxi+/EjsfGdFV+/qrcNBlgaSni4cFa61OO4rezjLpgz","baseKeyType":1,"closed":-1,"used":1746612493335,"created":1746612493335,"remoteIdentityKey":"Bb/mIq2N0B1C77yOweiSQvsngrENdcO8B8pLi7fPR09Z"},"_chains":{"BdRq8tYcFvKES2MtP76fyumNiUIRrIDwPJLhDzwcmXgJ":{"chainKey":{"counter":4,"key":"8QGJ1BoBVH+d8DQcU+xi21gVDmIJoU6WxB0+3me5fMk="},"chainType":1,"messageKeys":{}}},"pendingPreKey":{"signedKeyId":10438529,"baseKey":"Baxi+/EjsfGdFV+/qrcNBlgaSni4cFa61OO4rezjLpgz","preKeyId":4372}}},"version":"v1"}