{"_sessions":{"BRkrTeooH9pAu3S9V6LV4hKkHYAswflkk2+0Iysc1IAZ":{"registrationId":2041108917,"currentRatchet":{"ephemeralKeyPair":{"pubKey":"BcyzVqNMbIGUjK3dCAUIkg7XkSw04jPJMPfXKRUCrGFa","privKey":"iBqun48utzOeYamV/CDYTe7Altjujxp/bUaBtqOQaFY="},"lastRemoteEphemeralKey":"BS62aBsCUisBkmRb7qOBIjFsoPC+YJe7EAbHtgr57Hdi","previousCounter":0,"rootKey":"T0SpPG00OwoHNCb28VY19Hd9Kk/x6UNcHNoJGnd1qjA="},"indexInfo":{"baseKey":"BRkrTeooH9pAu3S9V6LV4hKkHYAswflkk2+0Iysc1IAZ","baseKeyType":1,"closed":-1,"used":1746627351038,"created":1746627351038,"remoteIdentityKey":"BUKalfmih7ftejltIZZyCVAQ5cXWbCiH6DYM4sZTBdkq"},"_chains":{"BcyzVqNMbIGUjK3dCAUIkg7XkSw04jPJMPfXKRUCrGFa":{"chainKey":{"counter":0,"key":"tp6/Y+InhUCbK5Vynk8eci89in+NA7PFPjNzazhyxso="},"chainType":1,"messageKeys":{}}},"pendingPreKey":{"signedKeyId":7,"baseKey":"BRkrTeooH9pAu3S9V6LV4hKkHYAswflkk2+0Iysc1IAZ","preKeyId":9094696}}},"version":"v1"}