{"_sessions":{"BZP1sg1UTWSxWa3Tuvbi6sjx1NJCCAfO1m72g0no+ENk":{"registrationId":499170466,"currentRatchet":{"ephemeralKeyPair":{"pubKey":"BT2HnQc+8WgqjxvFTdgnCv6QTDQ+o8y7StAPOx1Jay9S","privKey":"EKH1ZMGn5cGhXAPmjcQJw+uMIj0i92nLEFXXCHpVlFM="},"lastRemoteEphemeralKey":"BS8UxDdjqLwvA7Z8U1f47azQI7x7+0sZF+9yGC6TzJNZ","previousCounter":0,"rootKey":"K5wt4WUC4o7W0gd8/xMNC9BPsjRZNSYqnuWsP9TLQJM="},"indexInfo":{"baseKey":"BZP1sg1UTWSxWa3Tuvbi6sjx1NJCCAfO1m72g0no+ENk","baseKeyType":1,"closed":-1,"used":1746627350900,"created":1746627350900,"remoteIdentityKey":"BbkbjPRT8/qMjYufPYOZ6YEY/fDdCQcJm3Wzh5Hf3eYY"},"_chains":{"BT2HnQc+8WgqjxvFTdgnCv6QTDQ+o8y7StAPOx1Jay9S":{"chainKey":{"counter":0,"key":"W7j3Bq2O6tAiZDVbUAIkj2zPmTfysyai3f8O+NPVtc0="},"chainType":1,"messageKeys":{}}},"pendingPreKey":{"signedKeyId":1,"baseKey":"BZP1sg1UTWSxWa3Tuvbi6sjx1NJCCAfO1m72g0no+ENk","preKeyId":16597667}}},"version":"v1"}