{"_sessions":{"BYppqLSK1lypE2T//cqIs2w3EvE/FMIBRuqP5/aSuokM":{"registrationId":1288556119,"currentRatchet":{"ephemeralKeyPair":{"pubKey":"BXUcipaXonWE/OrSHUgNeiSQ9pp4F9VC+d9Dy7xUPzJO","privKey":"6Gq9D2OJ1PdQshVQ1VINrM3m55+8tH/1u6qlIULYA3E="},"lastRemoteEphemeralKey":"BZcfCXrmselfH7MYk7V1fJKPFxoRbkIa3KEpueXZHipZ","previousCounter":4,"rootKey":"ck2E7cFR1gmoa9rvrK5EI1a87iPqlYqMmbnlGJa2dkw="},"indexInfo":{"baseKey":"BYppqLSK1lypE2T//cqIs2w3EvE/FMIBRuqP5/aSuokM","baseKeyType":1,"closed":-1,"used":1746629925574,"created":1746612493320,"remoteIdentityKey":"BfUdSPA9z5/BzJygy0O9BZkIW95xVWRW6EzJx8WCpFl4"},"_chains":{"BZcfCXrmselfH7MYk7V1fJKPFxoRbkIa3KEpueXZHipZ":{"chainKey":{"counter":0,"key":"AwD7j5ZlGPTVc7LMVGWyaBSfWfA1aapzte9EaII4geI="},"chainType":2,"messageKeys":{}},"BXUcipaXonWE/OrSHUgNeiSQ9pp4F9VC+d9Dy7xUPzJO":{"chainKey":{"counter":-1,"key":"m+iSMDbK0LxhPSPDmt7VaB4vd+c7bK2jCpBdTa2OyA0="},"chainType":1,"messageKeys":{}}}}},"version":"v1"}