{"_sessions":{"BYJ06dBPZM4sbnshfJPYtRpI5iiYHPvCwXVhkpqa99lk":{"registrationId":11091,"currentRatchet":{"ephemeralKeyPair":{"pubKey":"BSHJE4I8lo+fxqx9Ws3GjdJVDL9bFyOVu0cNCKdd+p0E","privKey":"uEmufPNCUgAFxCExqa1iLJCh9mhuUS9Xhf16cWKXb3k="},"lastRemoteEphemeralKey":"BTb0PckATs+Psy4cq7EL7SrNctB00szW2GNlvWEatTR+","previousCounter":0,"rootKey":"vmby9+qy8rfPo9CgaWt0uGhI13S6MvjPRQBXWrlIM/8="},"indexInfo":{"baseKey":"BYJ06dBPZM4sbnshfJPYtRpI5iiYHPvCwXVhkpqa99lk","baseKeyType":1,"closed":1746627382285,"used":1746627362388,"created":1746627362388,"remoteIdentityKey":"Bb8ENZgFH3YCv+nQ/QLHQRoP2SCmGJoAUE7ZzB2bo40H"},"_chains":{"BSHJE4I8lo+fxqx9Ws3GjdJVDL9bFyOVu0cNCKdd+p0E":{"chainKey":{"counter":0,"key":"juytTitgZZoDf+VYik5kRL217laMGIdq/WDjk76AfjI="},"chainType":1,"messageKeys":{}}},"pendingPreKey":{"signedKeyId":1,"baseKey":"BYJ06dBPZM4sbnshfJPYtRpI5iiYHPvCwXVhkpqa99lk"}},"BVsXYycxsmxFMHHd+/zvCyTzmdZ//QP3e4gaLR0XurBN":{"registrationId":11091,"currentRatchet":{"ephemeralKeyPair":{"pubKey":"BdSaqPcbDjAnleGzMOEayXreFTo7TP+9msfhcnqsd2t3","privKey":"6JS4jR4TfZwOx7kEImg/6bvBAePA474Y4QWEahcTtE8="},"lastRemoteEphemeralKey":"BTb0PckATs+Psy4cq7EL7SrNctB00szW2GNlvWEatTR+","previousCounter":0,"rootKey":"RcGlB0aeOjj+nvbKHYn57FVHjwq4tJihhpFT4y9T4XQ="},"indexInfo":{"baseKey":"BVsXYycxsmxFMHHd+/zvCyTzmdZ//QP3e4gaLR0XurBN","baseKeyType":1,"closed":1746627404890,"used":1746627381818,"created":1746627381818,"remoteIdentityKey":"Bb8ENZgFH3YCv+nQ/QLHQRoP2SCmGJoAUE7ZzB2bo40H"},"_chains":{"BdSaqPcbDjAnleGzMOEayXreFTo7TP+9msfhcnqsd2t3":{"chainKey":{"counter":0,"key":"3sbQ8V0itfa9L6ye1LLOQXZga7a4x7kypPKoHKRxx9g="},"chainType":1,"messageKeys":{}}},"pendingPreKey":{"signedKeyId":1,"baseKey":"BVsXYycxsmxFMHHd+/zvCyTzmdZ//QP3e4gaLR0XurBN"}},"BTqPP5HynjX1P+9iCp/wuppjfndV2l2hYmPu3MvpzcI8":{"registrationId":11091,"currentRatchet":{"ephemeralKeyPair":{"pubKey":"BQO004OzWtSvwykit9ZnoTkcHlWpf+QBzcwyKLHvooEC","privKey":"aOlMRYxO4lnyYV7dhuC4wLl/KuCk5L3YaXadTfrYgVs="},"lastRemoteEphemeralKey":"BTb0PckATs+Psy4cq7EL7SrNctB00szW2GNlvWEatTR+","previousCounter":0,"rootKey":"3aXB0LHCC3F0TvtpWekfShrYvORZOqc9o8tRS3MDFiM="},"indexInfo":{"baseKey":"BTqPP5HynjX1P+9iCp/wuppjfndV2l2hYmPu3MvpzcI8","baseKeyType":1,"closed":-1,"used":1746627404607,"created":1746627404607,"remoteIdentityKey":"Bb8ENZgFH3YCv+nQ/QLHQRoP2SCmGJoAUE7ZzB2bo40H"},"_chains":{"BQO004OzWtSvwykit9ZnoTkcHlWpf+QBzcwyKLHvooEC":{"chainKey":{"counter":3,"key":"+jMJe8nW7/Ql6Z9hBw8ImopCwsyH7NHZHVA4NAtBOmY="},"chainType":1,"messageKeys":{}}},"pendingPreKey":{"signedKeyId":1,"baseKey":"BTqPP5HynjX1P+9iCp/wuppjfndV2l2hYmPu3MvpzcI8"}}},"version":"v1"}