{"_sessions":{"BWJPqYCVKYbmN3oJghP/2Q1trtqmxF4k0BZVletbnvpE":{"registrationId":839525635,"currentRatchet":{"ephemeralKeyPair":{"pubKey":"BfgU3Q08rUqPHUqHj1Torl/NjdTVvy35kmG9ipB/pnVc","privKey":"8LZ0xoak+mSS/w04OuP9dBr1aoHTIBXDxpRLV/EfL1I="},"lastRemoteEphemeralKey":"BZI9rEfbLrIR0xqo4y0wIJ7M2Pij6ffsQtPnAZ66shoj","previousCounter":0,"rootKey":"21nLuA8BYXHirqaAMuIUrJTRZn8WFB0pJC1dGmrkO8o="},"indexInfo":{"baseKey":"BWJPqYCVKYbmN3oJghP/2Q1trtqmxF4k0BZVletbnvpE","baseKeyType":1,"closed":-1,"used":1746627351050,"created":1746627351050,"remoteIdentityKey":"BQOhIoDSFCGlMkEOsjqXpi/BMDkbuEtKI0EaCsyz+Exh"},"_chains":{"BfgU3Q08rUqPHUqHj1Torl/NjdTVvy35kmG9ipB/pnVc":{"chainKey":{"counter":0,"key":"uaAxiHL0zsTSjrgaSDPakxUQZKSRciWfLuvoOCFqxRI="},"chainType":1,"messageKeys":{}}},"pendingPreKey":{"signedKeyId":1,"baseKey":"BWJPqYCVKYbmN3oJghP/2Q1trtqmxF4k0BZVletbnvpE","preKeyId":7977697}}},"version":"v1"}