{"_sessions":{"BZTy3Cp+P7kBbFSCtssoPh4/XfquSUI0Uy0r9oKZFXde":{"registrationId":477409649,"currentRatchet":{"ephemeralKeyPair":{"pubKey":"BVUIrWOBChAGVqsDzT58cUqajEMYFSWAtFwrehc1zgF+","privKey":"COb/OwG9IM+VZGuL1vO1RD5X7s8n0J42uzCNmTKKSFI="},"lastRemoteEphemeralKey":"BW2IOXzY/pQT5IkVdXK1zeCsqu1LtMvFiY+v49Lf0lgT","previousCounter":0,"rootKey":"T9BhzidxSpcf2gs+nhFf2Cv3furSsUWy8X7mBkEGM9U="},"indexInfo":{"baseKey":"BZTy3Cp+P7kBbFSCtssoPh4/XfquSUI0Uy0r9oKZFXde","baseKeyType":1,"closed":-1,"used":1746612497345,"created":1746612497345,"remoteIdentityKey":"BWkDuVrnhxEAebSCzMN9XwDN3B17hLmkWo5TkNnL91Fj"},"_chains":{"BVUIrWOBChAGVqsDzT58cUqajEMYFSWAtFwrehc1zgF+":{"chainKey":{"counter":4,"key":"0tJuBQgAyFRm2r309ivSbSN29WBuEow7gJOaDgK4jWE="},"chainType":1,"messageKeys":{}}},"pendingPreKey":{"signedKeyId":2847966,"baseKey":"BZTy3Cp+P7kBbFSCtssoPh4/XfquSUI0Uy0r9oKZFXde","preKeyId":18046}}},"version":"v1"}