{"_sessions":{"Bb9TzRN9U+pyvV8BZeGnZ5Cjmgc+IWZM4/JQfxBJa8oM":{"registrationId":164498303,"currentRatchet":{"ephemeralKeyPair":{"pubKey":"BVqoDY/EuF4+eekhPCRm3p0ccGoCzQDy4JUkbdX929Fv","privKey":"CMkR5F18UEDjNxcchcd2UePnbjqfnC6FzyT7qvd6TnE="},"lastRemoteEphemeralKey":"BS0a/xmsWuCSBK1lj44ZYKojqY1tSliHLgYzTNF4/stU","previousCounter":0,"rootKey":"VsgYKlKep5fcEFD6+3LdewoeFQlHfrKUSEB2765W7YQ="},"indexInfo":{"baseKey":"Bb9TzRN9U+pyvV8BZeGnZ5Cjmgc+IWZM4/JQfxBJa8oM","baseKeyType":1,"closed":-1,"used":1746612497274,"created":1746612497274,"remoteIdentityKey":"BX1BhI00oJjDdaTZ+H+yGDtpA3WejgUB35wrg8aUns19"},"_chains":{"BVqoDY/EuF4+eekhPCRm3p0ccGoCzQDy4JUkbdX929Fv":{"chainKey":{"counter":4,"key":"8z0QPdZxgVpN8GJARKDQRN1uKOmM8bMur6b0nQbnFVI="},"chainType":1,"messageKeys":{}}},"pendingPreKey":{"signedKeyId":10,"baseKey":"Bb9TzRN9U+pyvV8BZeGnZ5Cjmgc+IWZM4/JQfxBJa8oM"}}},"version":"v1"}