{"_sessions":{"BVi+39D8P421EZ5SPRxigs+R5qVOb63U0JuPp6SqfWQh":{"registrationId":193959662,"currentRatchet":{"ephemeralKeyPair":{"pubKey":"BXf26lOAzugz2bamqPUvAMVR2MIV9npB1j04dncQo/kS","privKey":"cOdQLoqGAP0u5zYKnlymgIFBOA4MlK9O97nTbW3YJkg="},"lastRemoteEphemeralKey":"BXvetCKM2wBV797X85DFewY1N/E0T06ABb0u8YUiUYtf","previousCounter":0,"rootKey":"unczvMxJEkbN/g4PNJNeyopL6vVQ8plduXehN7d7AAk="},"indexInfo":{"baseKey":"BVi+39D8P421EZ5SPRxigs+R5qVOb63U0JuPp6SqfWQh","baseKeyType":1,"closed":-1,"used":1746612497121,"created":1746612497121,"remoteIdentityKey":"BTUuuKhSnm00r7Jli5riklmzRkaujLVm0rcVBXp5C35M"},"_chains":{"BXf26lOAzugz2bamqPUvAMVR2MIV9npB1j04dncQo/kS":{"chainKey":{"counter":4,"key":"58lJxln65e8R3s46T65YVHoL2BUZAYbXIQuVW2M+aBc="},"chainType":1,"messageKeys":{}}},"pendingPreKey":{"signedKeyId":11,"baseKey":"BVi+39D8P421EZ5SPRxigs+R5qVOb63U0JuPp6SqfWQh","preKeyId":4260447}}},"version":"v1"}