{"_sessions":{"BZvRnydYplOrlT2nRIWuVGxCBErWqVCENdNf3iAgz2Vk":{"registrationId":819095529,"currentRatchet":{"ephemeralKeyPair":{"pubKey":"BZ8gD6PTefxM0+evTWzTajRtw4B3Eiu8a8sKJvACAip5","privKey":"EK5oH8D8okTq34iaEmAn0yKgG993FSixkqC892YrP30="},"lastRemoteEphemeralKey":"BU1sJSOR4UdkB2l8CxSm5R0gI8usInevHFEDEDz2Dstv","previousCounter":0,"rootKey":"w06/fnCh2NJ7mmarhDDVl1aGqneiiblhhjsn7z2DNCI="},"indexInfo":{"baseKey":"BZvRnydYplOrlT2nRIWuVGxCBErWqVCENdNf3iAgz2Vk","baseKeyType":1,"closed":-1,"used":1746612496811,"created":1746612496811,"remoteIdentityKey":"BTSMkFH+JiZ01d9f2+J+0p/lz3XgF5lIEFKc02FDhENu"},"_chains":{"BZ8gD6PTefxM0+evTWzTajRtw4B3Eiu8a8sKJvACAip5":{"chainKey":{"counter":4,"key":"Vdfue2xQXh93TUAEbPK6u/DH244fHExPFVZpU6fLnnE="},"chainType":1,"messageKeys":{}}},"pendingPreKey":{"signedKeyId":3,"baseKey":"BZvRnydYplOrlT2nRIWuVGxCBErWqVCENdNf3iAgz2Vk"}}},"version":"v1"}