{"_sessions":{"BXazfT7/xS86uiJBQm8DKH9139g/b6QVCH5KdNyl9hEx":{"registrationId":729829331,"currentRatchet":{"ephemeralKeyPair":{"pubKey":"BVXDqfWfTTC8N9iEFcB9u3bY3ccxY/bIU1EuhkZCMd9j","privKey":"+C1D4MpxWzJAGeLLvy885bxABWT8/DRfhROOLCJPa3U="},"lastRemoteEphemeralKey":"BeAXxXTNdSJXhlSTfi8M30lL9aWa24rS3ilkXNDs3PEZ","previousCounter":0,"rootKey":"7HnpV4z7G95hW+C742jWbosCsRGMhv0Dm7XFtJXp6a8="},"indexInfo":{"baseKey":"BXazfT7/xS86uiJBQm8DKH9139g/b6QVCH5KdNyl9hEx","baseKeyType":1,"closed":-1,"used":1746612488726,"created":1746612488726,"remoteIdentityKey":"BaoiWyTIqo0Qcoi8hOAtLp4nJUd4cw89lne0iUbYdmgD"},"_chains":{"BVXDqfWfTTC8N9iEFcB9u3bY3ccxY/bIU1EuhkZCMd9j":{"chainKey":{"counter":4,"key":"IqHW5v4nsCMPWIqaSWaB/Zvq9oa9bkSJY+0mqtx5Y3A="},"chainType":1,"messageKeys":{}}},"pendingPreKey":{"signedKeyId":8,"baseKey":"BXazfT7/xS86uiJBQm8DKH9139g/b6QVCH5KdNyl9hEx","preKeyId":2443508}}},"version":"v1"}