{"_sessions":{"BSDbpZASjI4xQISq7AsP210N2y1T8BemBsKy1njMVcAf":{"registrationId":1371647574,"currentRatchet":{"ephemeralKeyPair":{"pubKey":"BSv/3SW69PyKywDt+etn/jOw3S4e12bovf1FBprjaI1n","privKey":"MGpLQ9D9Iv1VGBlp3BX1W6vgaObO9ep3kN9q9J6fLW4="},"lastRemoteEphemeralKey":"Bc2QtI2ywWEiCB3SSxannOvZFOcHLIThlN22nZCjwpw2","previousCounter":0,"rootKey":"q+9C/5GdjV1ugaaZH8bKg56UrgtzgmMlaceZbnnKSTg="},"indexInfo":{"baseKey":"BSDbpZASjI4xQISq7AsP210N2y1T8BemBsKy1njMVcAf","baseKeyType":1,"closed":-1,"used":1746612493065,"created":1746612493065,"remoteIdentityKey":"BRis1wHnWnQ43jtjeg2r9MJLCxnhjdoLGidHCAFsj3Nm"},"_chains":{"BSv/3SW69PyKywDt+etn/jOw3S4e12bovf1FBprjaI1n":{"chainKey":{"counter":4,"key":"XF2vl5ITKSqjpWFCCvt8JphmeJHYtCAk6E8rb0OQCzQ="},"chainType":1,"messageKeys":{}}},"pendingPreKey":{"signedKeyId":2,"baseKey":"BSDbpZASjI4xQISq7AsP210N2y1T8BemBsKy1njMVcAf","preKeyId":3635545}}},"version":"v1"}