{"_sessions":{"BY1BZ57ZOCHRLcYqZsH8cZA+wkq9pdoGI1GZEW+c8kVe":{"registrationId":1651929742,"currentRatchet":{"ephemeralKeyPair":{"pubKey":"BSIYXJOt+duvFdBH5fVSdrlH5CDy/4OPPLBFmCm6b8oZ","privKey":"aCJj4ZvyXlvOomu03exaAFLpkAdpZuqelhsYHrh2I1o="},"lastRemoteEphemeralKey":"BS5erJfcO7jJSoyv4gz8WhABj0PXybpl+76FSOlnlq8f","previousCounter":0,"rootKey":"YYerJu/RYrJuppwvRCKU7WqgPJQGeg8zQ1Jn+eWLx6o="},"indexInfo":{"baseKey":"BY1BZ57ZOCHRLcYqZsH8cZA+wkq9pdoGI1GZEW+c8kVe","baseKeyType":1,"closed":-1,"used":1746612497358,"created":1746612497358,"remoteIdentityKey":"BQK1FgqmHXtvKYZowfLyMiIPgWKW2VixBLLG/bruVsN9"},"_chains":{"BSIYXJOt+duvFdBH5fVSdrlH5CDy/4OPPLBFmCm6b8oZ":{"chainKey":{"counter":4,"key":"u7L2IReUE6Mbp9dHv4BTdw76VmIwJ287DhdvZSFivcc="},"chainType":1,"messageKeys":{}}},"pendingPreKey":{"signedKeyId":7,"baseKey":"BY1BZ57ZOCHRLcYqZsH8cZA+wkq9pdoGI1GZEW+c8kVe","preKeyId":7667407}}},"version":"v1"}