{"_sessions":{"BSwjUmyNe5e8F2IsYWaJNbn/FUgEBHzCKOuA4h37zlRu":{"registrationId":46954837,"currentRatchet":{"ephemeralKeyPair":{"pubKey":"BRzl0Vzv/v//3gJEsO0TOez1O+yH7AHxcnhm20cCpwcg","privKey":"mBSC8IIf4NrAII9hrzBcgVigZexxJKCQDymAgXqr6mA="},"lastRemoteEphemeralKey":"Bbw3yplx6LxD609mO3KSiEhGbJf9U0MJXmjj7WTJjRIO","previousCounter":0,"rootKey":"1ytpzCzWcRN/aELWGBXbofTLJzOmAJdV20Lnjngynmk="},"indexInfo":{"baseKey":"BSwjUmyNe5e8F2IsYWaJNbn/FUgEBHzCKOuA4h37zlRu","baseKeyType":1,"closed":-1,"used":1746612493155,"created":1746612493155,"remoteIdentityKey":"BeAm1y5CwxDN3M0s+pa8Q/2RPCmWxuMKX60OcYNqtncs"},"_chains":{"BRzl0Vzv/v//3gJEsO0TOez1O+yH7AHxcnhm20cCpwcg":{"chainKey":{"counter":4,"key":"eOed0HEQ6nXUKYWUbqhmabjYtRNj/UMshhLhAdYuj7w="},"chainType":1,"messageKeys":{}}},"pendingPreKey":{"signedKeyId":4,"baseKey":"BSwjUmyNe5e8F2IsYWaJNbn/FUgEBHzCKOuA4h37zlRu","preKeyId":11076883}}},"version":"v1"}