{"_sessions":{"BZgJUMRvB4/VKEk++FedeMWvj6XMcks85ni8zpXgqKF6":{"registrationId":924658984,"currentRatchet":{"ephemeralKeyPair":{"pubKey":"BSP6fxPuuKtY7fKEXlicRjvUNlSEEMK2xwCMAryrODgF","privKey":"4EfmyMq/j8a3q+6tMSOmfi9QLKjcvnRpdVcFRkiev0A="},"lastRemoteEphemeralKey":"Bcvpx18bKluyZy9LeVuATcrvD+cyKO0ieioVyFj9hysW","previousCounter":0,"rootKey":"wzpJA3CU2HzVOINWCJFBPpmgO1/UmwtAjwHirikaRxE="},"indexInfo":{"baseKey":"BZgJUMRvB4/VKEk++FedeMWvj6XMcks85ni8zpXgqKF6","baseKeyType":1,"closed":-1,"used":1746612496928,"created":1746612496928,"remoteIdentityKey":"BczmxzffHNPwYsWW+ZhXxJk68Z6CwyaL/q+MMAbLBKAi"},"_chains":{"BSP6fxPuuKtY7fKEXlicRjvUNlSEEMK2xwCMAryrODgF":{"chainKey":{"counter":4,"key":"qCgPWjQndTnIE1g+Emp9SttkjC40qK1+AxcMS/neGfU="},"chainType":1,"messageKeys":{}}},"pendingPreKey":{"signedKeyId":5,"baseKey":"BZgJUMRvB4/VKEk++FedeMWvj6XMcks85ni8zpXgqKF6","preKeyId":8795646}}},"version":"v1"}