{"_sessions":{"Bf/UMYD4gp9Rah3hkZ4S67mPLF6rEFCwrpCuvnQRi6B9":{"registrationId":14629,"currentRatchet":{"ephemeralKeyPair":{"pubKey":"BbitvpSAQs/cp4Zqp0Vqc4PQBXXfltZPNs/QdEDettck","privKey":"OPdum89Bc6gAM6rnxrxcXikwIhFUQdlgRF2yQRYeI0M="},"lastRemoteEphemeralKey":"BUn3NiMsNATEJmfaLGF1D6lW2By5zwBLvy4/Tb2kuc9k","previousCounter":0,"rootKey":"KU87ndt10mP+tHenxT3VudrrroT+cszv16AetNeZsME="},"indexInfo":{"baseKey":"Bf/UMYD4gp9Rah3hkZ4S67mPLF6rEFCwrpCuvnQRi6B9","baseKeyType":1,"closed":1746627382363,"used":1746627362444,"created":1746627362444,"remoteIdentityKey":"BfvjJILK3vk5gVYC6gKjYj/7dtfnf3tDG/PwRI9xpCcx"},"_chains":{"BbitvpSAQs/cp4Zqp0Vqc4PQBXXfltZPNs/QdEDettck":{"chainKey":{"counter":0,"key":"HxsLLN6eWc/d7UWCIbTkAe7SFgKomU5JYBOUisaa4c4="},"chainType":1,"messageKeys":{}}},"pendingPreKey":{"signedKeyId":1,"baseKey":"Bf/UMYD4gp9Rah3hkZ4S67mPLF6rEFCwrpCuvnQRi6B9","preKeyId":181}},"BV2XMTw8udW+fuZOcXt3At6DAphET+L6li0mW22K4Y0x":{"registrationId":14629,"currentRatchet":{"ephemeralKeyPair":{"pubKey":"BXB4DW89uLkLmkb72bmLR6PWeZmB6hUCqNEXEhDyoH5z","privKey":"OCJfKp9DCmr9AJI9oT6Kyfq05Pv1DJeanIWgL/LYmmQ="},"lastRemoteEphemeralKey":"BUn3NiMsNATEJmfaLGF1D6lW2By5zwBLvy4/Tb2kuc9k","previousCounter":0,"rootKey":"TR1DxN0ZjBJMluOyWE3irCAoU/73V15/T6JgTJDsTSE="},"indexInfo":{"baseKey":"BV2XMTw8udW+fuZOcXt3At6DAphET+L6li0mW22K4Y0x","baseKeyType":1,"closed":1746627404899,"used":1746627381864,"created":1746627381864,"remoteIdentityKey":"BfvjJILK3vk5gVYC6gKjYj/7dtfnf3tDG/PwRI9xpCcx"},"_chains":{"BXB4DW89uLkLmkb72bmLR6PWeZmB6hUCqNEXEhDyoH5z":{"chainKey":{"counter":0,"key":"IBILKWyBcrKHCvDDjsTxqkF4/VA04HV2sqZkyyHj5wY="},"chainType":1,"messageKeys":{}}},"pendingPreKey":{"signedKeyId":1,"baseKey":"BV2XMTw8udW+fuZOcXt3At6DAphET+L6li0mW22K4Y0x","preKeyId":586}},"BVSFeqWtJS2N1RGPo70EC85XkiVtq5GfpotQdV4rz5MM":{"registrationId":14629,"currentRatchet":{"ephemeralKeyPair":{"pubKey":"BbQR0AlbQV59WGYXU8y+32Q7iUYqmWPUBswIoSuTg/M5","privKey":"eJ6ARzAfMmwKaIOhET5S8GjMCce4kS3gONeLnlC453A="},"lastRemoteEphemeralKey":"BUn3NiMsNATEJmfaLGF1D6lW2By5zwBLvy4/Tb2kuc9k","previousCounter":0,"rootKey":"1MNezZBUKO8l6QmNd9b3jVmbgxqZqFhSFcUMEm5c90U="},"indexInfo":{"baseKey":"BVSFeqWtJS2N1RGPo70EC85XkiVtq5GfpotQdV4rz5MM","baseKeyType":1,"closed":-1,"used":1746627404643,"created":1746627404643,"remoteIdentityKey":"BfvjJILK3vk5gVYC6gKjYj/7dtfnf3tDG/PwRI9xpCcx"},"_chains":{"BbQR0AlbQV59WGYXU8y+32Q7iUYqmWPUBswIoSuTg/M5":{"chainKey":{"counter":0,"key":"uXLLb4dkqtZXpqGHZArYBqNX/C42nPuGzygKjqPebA8="},"chainType":1,"messageKeys":{}}},"pendingPreKey":{"signedKeyId":1,"baseKey":"BVSFeqWtJS2N1RGPo70EC85XkiVtq5GfpotQdV4rz5MM","preKeyId":195}}},"version":"v1"}