{"_sessions":{"BT50whFUrD1il7cG3BIJkyhqhl7kAx7igBocqZyZ3N05":{"registrationId":1504158739,"currentRatchet":{"ephemeralKeyPair":{"pubKey":"BZSqjwiueyC6Wdams6rWGFeRPjsH1mTO1ss3WT0BRjQL","privKey":"AEtI5MWZIwJDRSnWK+qZ9ePd3Lrr9QymJxApamDij2U="},"lastRemoteEphemeralKey":"BYitOJbkJueqrzFlaeo2J/WQBj8KHP+gtECm599Vf7Ro","previousCounter":0,"rootKey":"GdFZOP9bFaZy8Kok2Y27QMPDllLyX1qV0v/ffl7oew4="},"indexInfo":{"baseKey":"BT50whFUrD1il7cG3BIJkyhqhl7kAx7igBocqZyZ3N05","baseKeyType":1,"closed":-1,"used":1746612488422,"created":1746612488422,"remoteIdentityKey":"BdgYZbQfoDV5whNl/nkUg+rPZ8f5DJKxDY/SZLT4eUM6"},"_chains":{"BZSqjwiueyC6Wdams6rWGFeRPjsH1mTO1ss3WT0BRjQL":{"chainKey":{"counter":4,"key":"gzJ39fgo1um3wlEDnzVWsK4inl+5N+aFzsLcD8OVOYw="},"chainType":1,"messageKeys":{}}},"pendingPreKey":{"signedKeyId":3,"baseKey":"BT50whFUrD1il7cG3BIJkyhqhl7kAx7igBocqZyZ3N05","preKeyId":5640292}}},"version":"v1"}