{"_sessions":{"Bc2wp7O3SaWBIyVl+d7V5HSm6p5pExxomXUfqQsTbbYJ":{"registrationId":2060423120,"currentRatchet":{"ephemeralKeyPair":{"pubKey":"BeCIqBWoab9d/bxCMSDWOpy1tpxgSZWbA8kLAT1Z3xd4","privKey":"OEvGyWpdljMyj2hJXRoiI/Cmcw+pbeuuonFiOLaefVY="},"lastRemoteEphemeralKey":"BQh4lAN7tFth7JPFIA0IgySGI7kq+ycHvDIhztVwj6sK","previousCounter":0,"rootKey":"qe1hnQX/edEcNqjevR2TUYVAAD+qd3LMUIjpJq5yZIQ="},"indexInfo":{"baseKey":"Bc2wp7O3SaWBIyVl+d7V5HSm6p5pExxomXUfqQsTbbYJ","baseKeyType":1,"closed":-1,"used":1746627351126,"created":1746627351126,"remoteIdentityKey":"BQSdYatJ2SEciBzvCyE/XjMxa+PP1JzY04difzE6vo5L"},"_chains":{"BeCIqBWoab9d/bxCMSDWOpy1tpxgSZWbA8kLAT1Z3xd4":{"chainKey":{"counter":0,"key":"Tvyinw5HXtMVItDxBllmvAxmRqHgrEXZBkYKEkU5xK0="},"chainType":1,"messageKeys":{}}},"pendingPreKey":{"signedKeyId":7,"baseKey":"Bc2wp7O3SaWBIyVl+d7V5HSm6p5pExxomXUfqQsTbbYJ","preKeyId":1869037}}},"version":"v1"}