{"_sessions":{"BdyiwdoqxC660ylBIzjBPrE5Vq/atIou+gGyUUauPi0o":{"registrationId":243443222,"currentRatchet":{"ephemeralKeyPair":{"pubKey":"BRIRjHWmzl1GwmduiUeENdefH9KFeqiR3/k0iX8ftRYm","privKey":"6GstH9VgJEG26ihN82pFFRJ+3DRvK3Rgh3AQDBXGMGU="},"lastRemoteEphemeralKey":"Bb8byz4TZ+hHwdqWoVKMpBMJhFpmTgZCf+I0dcThwKxZ","previousCounter":0,"rootKey":"Y6HxIWqw/KVKNEyiWxJWCqksBzYs6cjU1gM1MBreHsY="},"indexInfo":{"baseKey":"BdyiwdoqxC660ylBIzjBPrE5Vq/atIou+gGyUUauPi0o","baseKeyType":1,"closed":-1,"used":1746612492840,"created":1746612492840,"remoteIdentityKey":"BU24/gmdzd2a4x0UgfzaHuPeftTw+kp+QBvwTQGXvQoM"},"_chains":{"BRIRjHWmzl1GwmduiUeENdefH9KFeqiR3/k0iX8ftRYm":{"chainKey":{"counter":4,"key":"oHDK8FCHwUH95yf7RF3JMFR7VcVZ4l0LqVV3eVFUQg0="},"chainType":1,"messageKeys":{}}},"pendingPreKey":{"signedKeyId":1,"baseKey":"BdyiwdoqxC660ylBIzjBPrE5Vq/atIou+gGyUUauPi0o","preKeyId":3583009}}},"version":"v1"}