{"_sessions":{"BSVOKjt3HHHZhjbbEHnseteJEZgrlF/0ls5Zd1RnRGFP":{"registrationId":410829771,"currentRatchet":{"ephemeralKeyPair":{"pubKey":"BT9nzRvPyVucaHv/xUskmQI5m75FsXpJ5oVUs7qcwLMR","privKey":"YKhBBJtowf5ukfZEmMjXO08ebWVEFxL+0PreIh9vb0E="},"lastRemoteEphemeralKey":"BYnJiiibKLJGexh7Oms1aEDdLvSzgRJW4h6f+sZ9tG4s","previousCounter":0,"rootKey":"/Y3c7J8wv+Tx2xU4zh2EIo6zayOtH+B+Vpjjm9FV7KI="},"indexInfo":{"baseKey":"BSVOKjt3HHHZhjbbEHnseteJEZgrlF/0ls5Zd1RnRGFP","baseKeyType":1,"closed":-1,"used":1746612493183,"created":1746612493183,"remoteIdentityKey":"BTqRXihwr8Cj6TCbXt0rlKXqgyw7Hyj8BUKUqio5Cx5K"},"_chains":{"BT9nzRvPyVucaHv/xUskmQI5m75FsXpJ5oVUs7qcwLMR":{"chainKey":{"counter":4,"key":"9Nm6BM8ZU7oUxI+I+7CXTTwKvRQgum+Jc70s7fM9yH8="},"chainType":1,"messageKeys":{}}},"pendingPreKey":{"signedKeyId":20,"baseKey":"BSVOKjt3HHHZhjbbEHnseteJEZgrlF/0ls5Zd1RnRGFP","preKeyId":8688416}}},"version":"v1"}