{"_sessions":{"BU5j3ld1jFMZBey2Yj5XrUgE+zdc5gjWk8a+RH5qar4u":{"registrationId":938135271,"currentRatchet":{"ephemeralKeyPair":{"pubKey":"Bcwcg3yhUBiEmjxqislbi+Pn5fGZHhCw5N6JVyL5MD9Z","privKey":"MI8drGoRx7LGEiTNSuLZcKe4h+0zRjsokmohEKuXxEQ="},"lastRemoteEphemeralKey":"BXBOF4z61+aXC5njtfdOGMD0NUM7004xwnsIT7A3rRt7","previousCounter":0,"rootKey":"LY4CpPfL/UYWWYCRFMYbm8lvnLz/jffRZQB4CgIT1Mc="},"indexInfo":{"baseKey":"BU5j3ld1jFMZBey2Yj5XrUgE+zdc5gjWk8a+RH5qar4u","baseKeyType":1,"closed":1746641539756,"used":1746612492827,"created":1746612492827,"remoteIdentityKey":"BUFaJtopYiGHaNQi6sC9Whu5pGeoxAweq01Rz/TipkFY"},"_chains":{"Bcwcg3yhUBiEmjxqislbi+Pn5fGZHhCw5N6JVyL5MD9Z":{"chainKey":{"counter":4,"key":"3DOEswtfnb+FNgAAVYYS7lXmDY7Jf+LvH1R2ZjT7zzI="},"chainType":1,"messageKeys":{}}},"pendingPreKey":{"signedKeyId":1,"baseKey":"BU5j3ld1jFMZBey2Yj5XrUgE+zdc5gjWk8a+RH5qar4u","preKeyId":9716255}},"BeASI7OrVha20VxYlz3jBNNIoBUZb772E9Ke7TvcHHg0":{"registrationId":938135271,"currentRatchet":{"ephemeralKeyPair":{"pubKey":"BQrlGnNSnZzr2r5WL3ePWIFoCxcnXG8IvM3uuNZ+ec50","privKey":"CBFl14f2zeiXjkaJ80JIteiAV80BHTzZGPV5unvO4EE="},"lastRemoteEphemeralKey":"BXBOF4z61+aXC5njtfdOGMD0NUM7004xwnsIT7A3rRt7","previousCounter":0,"rootKey":"1yDVbNycRbe533pmSJNax/73vI1xJHSrXH5TGhe3urA="},"indexInfo":{"baseKey":"BeASI7OrVha20VxYlz3jBNNIoBUZb772E9Ke7TvcHHg0","baseKeyType":1,"closed":1746641540671,"used":1746641539696,"created":1746641539696,"remoteIdentityKey":"BUFaJtopYiGHaNQi6sC9Whu5pGeoxAweq01Rz/TipkFY"},"_chains":{"BQrlGnNSnZzr2r5WL3ePWIFoCxcnXG8IvM3uuNZ+ec50":{"chainKey":{"counter":-1,"key":"BJQsA8MrWfAWtcVCrNNyqPMym5Iknx9pyRkRof5kDP4="},"chainType":1,"messageKeys":{}}},"pendingPreKey":{"signedKeyId":1,"baseKey":"BeASI7OrVha20VxYlz3jBNNIoBUZb772E9Ke7TvcHHg0","preKeyId":9716175}},"BbGZ3BEQG9Xvp9KH/OggFaNAGPB5qabupeII3n+eVOYi":{"registrationId":938135271,"currentRatchet":{"ephemeralKeyPair":{"pubKey":"BWx1nbTFtHF5KMVIZ7RpXmzipa43LcDc/rLuQv6FdK0K","privKey":"4JSikONZw8bAyAIVXOrGMN/sFQ9eehb11H9szJjmX3w="},"lastRemoteEphemeralKey":"BXBOF4z61+aXC5njtfdOGMD0NUM7004xwnsIT7A3rRt7","previousCounter":0,"rootKey":"JL6WAoRjTaBouJNdNIvl6o6KnPQ/fePRDHxm2jlOyvE="},"indexInfo":{"baseKey":"BbGZ3BEQG9Xvp9KH/OggFaNAGPB5qabupeII3n+eVOYi","baseKeyType":1,"closed":1746641541230,"used":1746641540659,"created":1746641540659,"remoteIdentityKey":"BUFaJtopYiGHaNQi6sC9Whu5pGeoxAweq01Rz/TipkFY"},"_chains":{"BWx1nbTFtHF5KMVIZ7RpXmzipa43LcDc/rLuQv6FdK0K":{"chainKey":{"counter":-1,"key":"EBSQpYHF8cgRRpG/BvJpi1MjenDj6nSkhvPTtMMRh2A="},"chainType":1,"messageKeys":{}}},"pendingPreKey":{"signedKeyId":1,"baseKey":"BbGZ3BEQG9Xvp9KH/OggFaNAGPB5qabupeII3n+eVOYi","preKeyId":9715657}},"BZOtOuzz6+N72gVpEdQ7FRbjW6+7muJHdWPADJwqRmkF":{"registrationId":938135271,"currentRatchet":{"ephemeralKeyPair":{"pubKey":"BcUBYTqMjhBih31+fj2L0cKWxH4q6aLADFLYToIp6pEE","privKey":"WIQsO46YxmIJQrkE8bI+TCJkQeFqLXAw9IOHu6VYl34="},"lastRemoteEphemeralKey":"BXBOF4z61+aXC5njtfdOGMD0NUM7004xwnsIT7A3rRt7","previousCounter":0,"rootKey":"A0PDM+PA0kL7KtYFxg2j6Vp5LCk4LZnF5rJZ0qiHYzY="},"indexInfo":{"baseKey":"BZOtOuzz6+N72gVpEdQ7FRbjW6+7muJHdWPADJwqRmkF","baseKeyType":1,"closed":1746641541852,"used":1746641541222,"created":1746641541222,"remoteIdentityKey":"BUFaJtopYiGHaNQi6sC9Whu5pGeoxAweq01Rz/TipkFY"},"_chains":{"BcUBYTqMjhBih31+fj2L0cKWxH4q6aLADFLYToIp6pEE":{"chainKey":{"counter":-1,"key":"r2rIxXQEV9ZbSBSGICeW/zkCACfR/42mzW/9Xj6pqMQ="},"chainType":1,"messageKeys":{}}},"pendingPreKey":{"signedKeyId":1,"baseKey":"BZOtOuzz6+N72gVpEdQ7FRbjW6+7muJHdWPADJwqRmkF","preKeyId":9715662}},"BaPMdv4o+EI4UEAQlGdj/Nn14JFs8ARDBr22xN+kFPo+":{"registrationId":938135271,"currentRatchet":{"ephemeralKeyPair":{"pubKey":"BZ2kkWJveMBvQTH4BW5AzVLNnK7TwmSftG9G7sls+5w8","privKey":"8MesRjepsiB+xuU70P/UUkVsL/zLt1rxa4OQjNIKcko="},"lastRemoteEphemeralKey":"BXBOF4z61+aXC5njtfdOGMD0NUM7004xwnsIT7A3rRt7","previousCounter":0,"rootKey":"mUdU8/TjrK8vHRQzdszGMNQ27uqX+8KWo4vPhnv83LU="},"indexInfo":{"baseKey":"BaPMdv4o+EI4UEAQlGdj/Nn14JFs8ARDBr22xN+kFPo+","baseKeyType":1,"closed":1746641542544,"used":1746641541844,"created":1746641541844,"remoteIdentityKey":"BUFaJtopYiGHaNQi6sC9Whu5pGeoxAweq01Rz/TipkFY"},"_chains":{"BZ2kkWJveMBvQTH4BW5AzVLNnK7TwmSftG9G7sls+5w8":{"chainKey":{"counter":-1,"key":"FxA5EXV6sqmMzseZIQ+AS+jCq159GBb4seuukLqB2vg="},"chainType":1,"messageKeys":{}}},"pendingPreKey":{"signedKeyId":1,"baseKey":"BaPMdv4o+EI4UEAQlGdj/Nn14JFs8ARDBr22xN+kFPo+","preKeyId":9716136}},"BVDaDzOivxb6HqXMMDBzCVSzEXwLmWc+ZXl0QCxwcbh5":{"registrationId":938135271,"currentRatchet":{"ephemeralKeyPair":{"pubKey":"Ba272lQpM+RAiylF0dZlegybuD+fO87WpooIHsoSh4Az","privKey":"GALbF7U/NPXzdEucoZQxnfJMGE2P/iHvbLFbkfzQdlE="},"lastRemoteEphemeralKey":"BXBOF4z61+aXC5njtfdOGMD0NUM7004xwnsIT7A3rRt7","previousCounter":0,"rootKey":"rxkNSKumcm05s2BSZhcX2c3ra1p8IgaYstYAcXUdmgA="},"indexInfo":{"baseKey":"BVDaDzOivxb6HqXMMDBzCVSzEXwLmWc+ZXl0QCxwcbh5","baseKeyType":1,"closed":1746641543141,"used":1746641542537,"created":1746641542537,"remoteIdentityKey":"BUFaJtopYiGHaNQi6sC9Whu5pGeoxAweq01Rz/TipkFY"},"_chains":{"Ba272lQpM+RAiylF0dZlegybuD+fO87WpooIHsoSh4Az":{"chainKey":{"counter":-1,"key":"xf1aXgUhB0JtNkST4uznNVZu/cmmgpozBxoCASjKXDY="},"chainType":1,"messageKeys":{}}},"pendingPreKey":{"signedKeyId":1,"baseKey":"BVDaDzOivxb6HqXMMDBzCVSzEXwLmWc+ZXl0QCxwcbh5","preKeyId":9716142}},"Bappj0KRjWcb60H0vvU9ngB+Ukwz5KdieLPW8j2/LgAG":{"registrationId":938135271,"currentRatchet":{"ephemeralKeyPair":{"pubKey":"BdkdpIseqUFffe6f/jKmFBUmWvPMJF5C0HaLk7TLcuNl","privKey":"MB43sgCSmvBzF+n3Q/E9oorBNmuRcm/5AJUS8+EGiHk="},"lastRemoteEphemeralKey":"BXBOF4z61+aXC5njtfdOGMD0NUM7004xwnsIT7A3rRt7","previousCounter":0,"rootKey":"3qYWincHMUY/JTdeiSk95+huKsyRE6QTyl8vgallkNg="},"indexInfo":{"baseKey":"Bappj0KRjWcb60H0vvU9ngB+Ukwz5KdieLPW8j2/LgAG","baseKeyType":1,"closed":1746641543879,"used":1746641543136,"created":1746641543136,"remoteIdentityKey":"BUFaJtopYiGHaNQi6sC9Whu5pGeoxAweq01Rz/TipkFY"},"_chains":{"BdkdpIseqUFffe6f/jKmFBUmWvPMJF5C0HaLk7TLcuNl":{"chainKey":{"counter":-1,"key":"fkLl2v2csYBEGKevSytrSjcdV9XsS8eLIb52aJKdekk="},"chainType":1,"messageKeys":{}}},"pendingPreKey":{"signedKeyId":1,"baseKey":"Bappj0KRjWcb60H0vvU9ngB+Ukwz5KdieLPW8j2/LgAG","preKeyId":9715565}},"BXbTBzB1EO5wu4nQiExBMsHc7eAC0k3ISTcf+/d5GTdf":{"registrationId":938135271,"currentRatchet":{"ephemeralKeyPair":{"pubKey":"BfaSseHZEkf4+hrwSds4lb2+IjPuI2Ysf7rcUFt06CUR","privKey":"UGdQvCUqhi1Ss+yYQ4yQTxfTDuy/EODjJzt6vRvoWXY="},"lastRemoteEphemeralKey":"BXBOF4z61+aXC5njtfdOGMD0NUM7004xwnsIT7A3rRt7","previousCounter":0,"rootKey":"uoqJ/T6+uY1XG0MstFry91Qhtjp8MIOKam0WDLgeA1k="},"indexInfo":{"baseKey":"BXbTBzB1EO5wu4nQiExBMsHc7eAC0k3ISTcf+/d5GTdf","baseKeyType":1,"closed":1746641544489,"used":1746641543871,"created":1746641543871,"remoteIdentityKey":"BUFaJtopYiGHaNQi6sC9Whu5pGeoxAweq01Rz/TipkFY"},"_chains":{"BfaSseHZEkf4+hrwSds4lb2+IjPuI2Ysf7rcUFt06CUR":{"chainKey":{"counter":-1,"key":"hzujTg5j8bGEG3YFFNtNKxQ8jXP3BHzw6YwwnIF6Z7U="},"chainType":1,"messageKeys":{}}},"pendingPreKey":{"signedKeyId":1,"baseKey":"BXbTBzB1EO5wu4nQiExBMsHc7eAC0k3ISTcf+/d5GTdf","preKeyId":9716148}},"BaLs2o5jCRs4zSlAL4nIdzkzD4c1Hmary51G3AnH0NNA":{"registrationId":938135271,"currentRatchet":{"ephemeralKeyPair":{"pubKey":"Bb91IgeZBU9+E2expdn795/Y7igmZpQRjGhDASenA0QD","privKey":"2AD4j84+7LhKW0Gdor+5F72twYh9Nf1SqM2ubEHehl8="},"lastRemoteEphemeralKey":"BXBOF4z61+aXC5njtfdOGMD0NUM7004xwnsIT7A3rRt7","previousCounter":0,"rootKey":"0NxLk1HSsggdJ04EOPwPsH8uJcX6mIfIIs8YEXEoqoo="},"indexInfo":{"baseKey":"BaLs2o5jCRs4zSlAL4nIdzkzD4c1Hmary51G3AnH0NNA","baseKeyType":1,"closed":1746641545088,"used":1746641544480,"created":1746641544480,"remoteIdentityKey":"BUFaJtopYiGHaNQi6sC9Whu5pGeoxAweq01Rz/TipkFY"},"_chains":{"Bb91IgeZBU9+E2expdn795/Y7igmZpQRjGhDASenA0QD":{"chainKey":{"counter":-1,"key":"bF0Ux9AEAvyKAQICqYixNbj7tuPMQJN/87jzyz+JD6I="},"chainType":1,"messageKeys":{}}},"pendingPreKey":{"signedKeyId":1,"baseKey":"BaLs2o5jCRs4zSlAL4nIdzkzD4c1Hmary51G3AnH0NNA","preKeyId":9716240}},"BSHPEOYmKXzGDE4Q4bqStX6glymqS4vt3vOWL9CEL4w1":{"registrationId":938135271,"currentRatchet":{"ephemeralKeyPair":{"pubKey":"BYqnKhIGiEAUogVBhM22L+wtL+erG43BzsAEzHV+hxta","privKey":"2GBJ259cVeDTYVOIzntF9yo1Uv+u8ls7JYTQRJfTNnw="},"lastRemoteEphemeralKey":"BXBOF4z61+aXC5njtfdOGMD0NUM7004xwnsIT7A3rRt7","previousCounter":0,"rootKey":"gk9iShcy6GsNajjUC1Bv6UlvdZYlKP5UoHgSvwyi9BA="},"indexInfo":{"baseKey":"BSHPEOYmKXzGDE4Q4bqStX6glymqS4vt3vOWL9CEL4w1","baseKeyType":1,"closed":1746641545782,"used":1746641545081,"created":1746641545081,"remoteIdentityKey":"BUFaJtopYiGHaNQi6sC9Whu5pGeoxAweq01Rz/TipkFY"},"_chains":{"BYqnKhIGiEAUogVBhM22L+wtL+erG43BzsAEzHV+hxta":{"chainKey":{"counter":-1,"key":"sUCnKsbbq0gduc4jwhb6T1L7ADdTpZCylnxlb/INqLs="},"chainType":1,"messageKeys":{}}},"pendingPreKey":{"signedKeyId":1,"baseKey":"BSHPEOYmKXzGDE4Q4bqStX6glymqS4vt3vOWL9CEL4w1","preKeyId":9715658}},"BcJEADcT/xOONtV0PP+gmZEfZ425JFhq/YGvHIOmTE8W":{"registrationId":938135271,"currentRatchet":{"ephemeralKeyPair":{"pubKey":"BVpIpnDsCtfwRqRdUHUzS0IUFyG5FGiob3H/B1fkxi9u","privKey":"6L2ZEUX4b4wXUuXyjWDJ7o2Ozjmu1rb6hkPGRyfJClw="},"lastRemoteEphemeralKey":"BXBOF4z61+aXC5njtfdOGMD0NUM7004xwnsIT7A3rRt7","previousCounter":0,"rootKey":"jsIOR5Xe6A2jF5W8FE5rXhsy6xCiYsD9CI4f3KQ35pM="},"indexInfo":{"baseKey":"BcJEADcT/xOONtV0PP+gmZEfZ425JFhq/YGvHIOmTE8W","baseKeyType":1,"closed":1746641546422,"used":1746641545772,"created":1746641545772,"remoteIdentityKey":"BUFaJtopYiGHaNQi6sC9Whu5pGeoxAweq01Rz/TipkFY"},"_chains":{"BVpIpnDsCtfwRqRdUHUzS0IUFyG5FGiob3H/B1fkxi9u":{"chainKey":{"counter":-1,"key":"5Rf49J51KLwT/P7KVJKg2bmB0L92wmhSbjvmSuRucYo="},"chainType":1,"messageKeys":{}}},"pendingPreKey":{"signedKeyId":1,"baseKey":"BcJEADcT/xOONtV0PP+gmZEfZ425JFhq/YGvHIOmTE8W","preKeyId":9716230}},"BczHAbNkudaltIDrxmiSpJO6n5PtZ8N0BDfJEZFu/6RL":{"registrationId":938135271,"currentRatchet":{"ephemeralKeyPair":{"pubKey":"BY5vUcXLll62v2XDBLtTGVsgcQQVKGejcTqpkhRAVykb","privKey":"uLPvM2WD4MOtAbcZD9mD50JWLPYuZZUANw/c4cIXAX0="},"lastRemoteEphemeralKey":"BXBOF4z61+aXC5njtfdOGMD0NUM7004xwnsIT7A3rRt7","previousCounter":0,"rootKey":"DMDPqcRb3/IxluySxVPQ0xYkWuoHtxbl0s6pzImU/fs="},"indexInfo":{"baseKey":"BczHAbNkudaltIDrxmiSpJO6n5PtZ8N0BDfJEZFu/6RL","baseKeyType":1,"closed":1746641547082,"used":1746641546414,"created":1746641546414,"remoteIdentityKey":"BUFaJtopYiGHaNQi6sC9Whu5pGeoxAweq01Rz/TipkFY"},"_chains":{"BY5vUcXLll62v2XDBLtTGVsgcQQVKGejcTqpkhRAVykb":{"chainKey":{"counter":-1,"key":"Uyo/zd2rik6IWdZ/55XuBsuL9O3vPvrUF7zWvxHiwWk="},"chainType":1,"messageKeys":{}}},"pendingPreKey":{"signedKeyId":1,"baseKey":"BczHAbNkudaltIDrxmiSpJO6n5PtZ8N0BDfJEZFu/6RL","preKeyId":9715746}},"BdreqptVTalFUCAwqcHDg92fwCwxBB+xLWCJWX9F3GU5":{"registrationId":938135271,"currentRatchet":{"ephemeralKeyPair":{"pubKey":"BdcGJhYyt6BmgsVp8aSLaGSagkAcopVUr4PWLNd+u0UV","privKey":"yHDiyGM3Kf0rZEkLfU9bBcwrQnSYVNX9eHfX17WTPnU="},"lastRemoteEphemeralKey":"BXBOF4z61+aXC5njtfdOGMD0NUM7004xwnsIT7A3rRt7","previousCounter":0,"rootKey":"QRgWjBYHgI5bAfEeh+XnlGfpYZ8oaVh7tOg+eZEK0NE="},"indexInfo":{"baseKey":"BdreqptVTalFUCAwqcHDg92fwCwxBB+xLWCJWX9F3GU5","baseKeyType":1,"closed":1746641547955,"used":1746641547062,"created":1746641547062,"remoteIdentityKey":"BUFaJtopYiGHaNQi6sC9Whu5pGeoxAweq01Rz/TipkFY"},"_chains":{"BdcGJhYyt6BmgsVp8aSLaGSagkAcopVUr4PWLNd+u0UV":{"chainKey":{"counter":-1,"key":"60YtwmwE4mBricyyZxXReY6GkRaqDx4dxLYbX3F3KOY="},"chainType":1,"messageKeys":{}}},"pendingPreKey":{"signedKeyId":1,"baseKey":"BdreqptVTalFUCAwqcHDg92fwCwxBB+xLWCJWX9F3GU5","preKeyId":9715759}},"BURFFklQ9HEIEf+eyUGU/smm4vqkOEk2V8SbEST8xmcr":{"registrationId":938135271,"currentRatchet":{"ephemeralKeyPair":{"pubKey":"Bcdr2cul38skviJ51fGfsQHdLWKg4+z9iMmi4RsbySZQ","privKey":"ePGhHUt1CCNvOmD3vAlFyAtt0/DMkT5rqVA7QQSMdVU="},"lastRemoteEphemeralKey":"BXBOF4z61+aXC5njtfdOGMD0NUM7004xwnsIT7A3rRt7","previousCounter":0,"rootKey":"lyDWZ2G1FwdmNvJM1ouJAS3vcJ+PQTHDwf27VjgnPBU="},"indexInfo":{"baseKey":"BURFFklQ9HEIEf+eyUGU/smm4vqkOEk2V8SbEST8xmcr","baseKeyType":1,"closed":1746641548592,"used":1746641547934,"created":1746641547934,"remoteIdentityKey":"BUFaJtopYiGHaNQi6sC9Whu5pGeoxAweq01Rz/TipkFY"},"_chains":{"Bcdr2cul38skviJ51fGfsQHdLWKg4+z9iMmi4RsbySZQ":{"chainKey":{"counter":-1,"key":"oKqgndpoCTHfNeDxrUH8hT6Eius4HUS7kgdMUqULztI="},"chainType":1,"messageKeys":{}}},"pendingPreKey":{"signedKeyId":1,"baseKey":"BURFFklQ9HEIEf+eyUGU/smm4vqkOEk2V8SbEST8xmcr","preKeyId":9716162}},"Be++qLRzIuN0S4p6uZUG9sTEYeC7EKS6NOh0V3blrLNt":{"registrationId":938135271,"currentRatchet":{"ephemeralKeyPair":{"pubKey":"BSdKpRYUVXF+kYkvlMwLntGqkdDMzhi+6A37Gyov8qlb","privKey":"oGRSrLBhCQz52bjGDaRJMJQtK0UOi6djudBqQfh3TVs="},"lastRemoteEphemeralKey":"BXBOF4z61+aXC5njtfdOGMD0NUM7004xwnsIT7A3rRt7","previousCounter":0,"rootKey":"RUy/0qeXKxDtDJEh1j82UvHk+wwCsm4Be7F8WAmgl1c="},"indexInfo":{"baseKey":"Be++qLRzIuN0S4p6uZUG9sTEYeC7EKS6NOh0V3blrLNt","baseKeyType":1,"closed":-1,"used":1746641548581,"created":1746641548581,"remoteIdentityKey":"BUFaJtopYiGHaNQi6sC9Whu5pGeoxAweq01Rz/TipkFY"},"_chains":{"BSdKpRYUVXF+kYkvlMwLntGqkdDMzhi+6A37Gyov8qlb":{"chainKey":{"counter":-1,"key":"W20WDo0IWygG2QKlza6IjgS7trizpZnYu4CnyYkeCYA="},"chainType":1,"messageKeys":{}}},"pendingPreKey":{"signedKeyId":1,"baseKey":"Be++qLRzIuN0S4p6uZUG9sTEYeC7EKS6NOh0V3blrLNt","preKeyId":9716119}}},"version":"v1"}