{"_sessions":{"BW3B8+VRk/Q9fr4GBmHuK+Lql1B5AsSFXwZXLjTbel0/":{"registrationId":1455515855,"currentRatchet":{"ephemeralKeyPair":{"pubKey":"BaD+VCAlByWLOP6+eFtVRIkfzJrbhTh9uH7rnqLAfOQP","privKey":"qEb8J5omQ9M0PbDFmTrxjJwsBY8NCzukUBvAUY8hrWk="},"lastRemoteEphemeralKey":"BVYSZIVO+FgQ18H1+9kowLvg4QdEZyTDZldJo4mVoq0A","previousCounter":0,"rootKey":"0/vy98idEVviOds45YR7u9sjIms0x387svoWdNOIX38="},"indexInfo":{"baseKey":"BW3B8+VRk/Q9fr4GBmHuK+Lql1B5AsSFXwZXLjTbel0/","baseKeyType":1,"closed":-1,"used":1746612497222,"created":1746612497222,"remoteIdentityKey":"Bf/PK9NC/F+Z32pcO4RRMveFXPW8wRbgAI7EHTACc+oR"},"_chains":{"BaD+VCAlByWLOP6+eFtVRIkfzJrbhTh9uH7rnqLAfOQP":{"chainKey":{"counter":4,"key":"hhqibpHS5IVN0nJ6KVGiF3VsNlsRCOA8Mk4/P8DbpE4="},"chainType":1,"messageKeys":{}}},"pendingPreKey":{"signedKeyId":1,"baseKey":"BW3B8+VRk/Q9fr4GBmHuK+Lql1B5AsSFXwZXLjTbel0/","preKeyId":10542782}}},"version":"v1"}