{"_sessions":{"BaeSX2aBvKKoD0bey7KdScqGOcWiazt/QJb/eq+jfrEJ":{"registrationId":1731273301,"currentRatchet":{"ephemeralKeyPair":{"pubKey":"BbzpUHA7ciisjUzcfFu2lVXdjOkgVMVjY0oNjU0UBtJG","privKey":"OO2oolHl6hWNRT6J/vnrAOX6iVlw/Jw1rulTo8V0xWs="},"lastRemoteEphemeralKey":"BY4Y0s8nBjZTdJJCEjIk3HVXkvTt/OBSVFRaP537ANgg","previousCounter":0,"rootKey":"QyjTCqXJMk9dt3W+gUmv9pMAlRlhRStzIA66voIGXHc="},"indexInfo":{"baseKey":"BaeSX2aBvKKoD0bey7KdScqGOcWiazt/QJb/eq+jfrEJ","baseKeyType":1,"closed":-1,"used":1746612497216,"created":1746612497216,"remoteIdentityKey":"BfVRRM5LNQ795DFetmB2fV/rKLrXapQdt4qA7QvTQ2Ye"},"_chains":{"BbzpUHA7ciisjUzcfFu2lVXdjOkgVMVjY0oNjU0UBtJG":{"chainKey":{"counter":4,"key":"RSCZqIiG6QPgph3WW4tpdJ80oai3zp+zjEPFttpH+l8="},"chainType":1,"messageKeys":{}}},"pendingPreKey":{"signedKeyId":7,"baseKey":"BaeSX2aBvKKoD0bey7KdScqGOcWiazt/QJb/eq+jfrEJ","preKeyId":4778000}}},"version":"v1"}