{"_sessions":{"BY9oyV0i1/P6weMVWuiIybDlQV8AVsPdOGD+Z5W9F8YO":{"registrationId":1607848421,"currentRatchet":{"ephemeralKeyPair":{"pubKey":"BS/39QrhY5zMf2Xe9yty176z9oCoYRrfnszGWU+fliEM","privKey":"aLPZj8KHlofqPLd7N4KhqMJzaCtXrZsc0pWS4tIUmGk="},"lastRemoteEphemeralKey":"Ba/x0z+tHQdJSQlq8eiItxTGvzITyqBueJjfHU5O9Ik6","previousCounter":0,"rootKey":"1j/kaUo5Ql5NGVdO06fV5E6ni1QdshMkk9u9Ub3PAZE="},"indexInfo":{"baseKey":"BY9oyV0i1/P6weMVWuiIybDlQV8AVsPdOGD+Z5W9F8YO","baseKeyType":1,"closed":-1,"used":1746612497100,"created":1746612497100,"remoteIdentityKey":"BUzr1GpCmQDOEEz06/sE3dmjiclKIFna4UYP+q9+c61X"},"_chains":{"BS/39QrhY5zMf2Xe9yty176z9oCoYRrfnszGWU+fliEM":{"chainKey":{"counter":4,"key":"eGpemCJiaM2khGdZ6atxDKbrDa3WlJgzdK/gpZG+6es="},"chainType":1,"messageKeys":{}}},"pendingPreKey":{"signedKeyId":6,"baseKey":"BY9oyV0i1/P6weMVWuiIybDlQV8AVsPdOGD+Z5W9F8YO","preKeyId":12606879}}},"version":"v1"}