{"_sessions":{"BQKWqsI2FBvgKlN+7xX4hSPp6JOzxp4rUamOHbRUfSYp":{"registrationId":579184117,"currentRatchet":{"ephemeralKeyPair":{"pubKey":"BaerdBirzoSUpWRcvmwXyw469hEIofFVejh9EqhD360A","privKey":"SK8Aj2av+9laRZRe8vZd6n6BU786I7SXhdUYl3BtaUM="},"lastRemoteEphemeralKey":"BQoK7FDQHPmu7GeldrbNDKb5XgiV8hSy1ocXOa3QGxQM","previousCounter":0,"rootKey":"AA7hiJ92z8lOAQ7FTt2fe6A9Ko9IKr0/JtbTpRZQJLY="},"indexInfo":{"baseKey":"BQKWqsI2FBvgKlN+7xX4hSPp6JOzxp4rUamOHbRUfSYp","baseKeyType":1,"closed":-1,"used":1746612493073,"created":1746612493073,"remoteIdentityKey":"BbLOr6dMoL1HaJpcS16oQT16rJkUS9u0YNGJc+iSoO9d"},"_chains":{"BaerdBirzoSUpWRcvmwXyw469hEIofFVejh9EqhD360A":{"chainKey":{"counter":4,"key":"/YU8kfs2KCH659klSedBwlFU8Cq3HAAldk61yxnWctg="},"chainType":1,"messageKeys":{}}},"pendingPreKey":{"signedKeyId":6,"baseKey":"BQKWqsI2FBvgKlN+7xX4hSPp6JOzxp4rUamOHbRUfSYp","preKeyId":7030437}}},"version":"v1"}