{"_sessions":{"BcMhclNKWDLizqPg/zhXRJvceVRxAJ6hggrt7aOY6UJ8":{"registrationId":317425898,"currentRatchet":{"ephemeralKeyPair":{"pubKey":"BaHcSEnFu5Oi7I8xBxbU6Z+br5wx2n0Y7oRUR4cDUf8d","privKey":"CPvn+Mvx3qzu4w5juRgxQm/RyvuKNZm9JQFjK6nRekI="},"lastRemoteEphemeralKey":"BXmhzM7xycVAcO9BGsVlmbDaE5JUZ4PovfJZtljwCqQT","previousCounter":0,"rootKey":"sm01WBxL+o6XL1Mt2JuspttnT5n9XxuyrVfkJCdGl5E="},"indexInfo":{"baseKey":"BcMhclNKWDLizqPg/zhXRJvceVRxAJ6hggrt7aOY6UJ8","baseKeyType":1,"closed":-1,"used":1746612497000,"created":1746612497000,"remoteIdentityKey":"BZdtwGqYY8WZddTPUSVDVYqAJoIsO0VMki2ObYiFmnBE"},"_chains":{"BaHcSEnFu5Oi7I8xBxbU6Z+br5wx2n0Y7oRUR4cDUf8d":{"chainKey":{"counter":4,"key":"qn/wD7s4zzwbLfFSB+RqgZ4VnTkFmG9LigyupjISnJ4="},"chainType":1,"messageKeys":{}}},"pendingPreKey":{"signedKeyId":2,"baseKey":"BcMhclNKWDLizqPg/zhXRJvceVRxAJ6hggrt7aOY6UJ8","preKeyId":15619688}}},"version":"v1"}