{"_sessions":{"BRiQ1Cy6kkauuw5AVhmfDBageWWcII09Xf6Azi7KD30t":{"registrationId":4673,"currentRatchet":{"ephemeralKeyPair":{"pubKey":"BeQKodCCVGKeJjD+WBOWnBV8rrsnB5vk468VP9D8ojtt","privKey":"UAzVBO4jg/SQrLOK4QJjxF3eLuvVaYLsWwcqhy/aiXk="},"lastRemoteEphemeralKey":"BTYpt02lgu0XTz0zwBBTuni7Qu24YllGaE+UDaO/a2Aj","previousCounter":0,"rootKey":"9kyVNwZyyYvyvBWfmaQkAn8OaTi8gReV7D6I5oXwqk8="},"indexInfo":{"baseKey":"BRiQ1Cy6kkauuw5AVhmfDBageWWcII09Xf6Azi7KD30t","baseKeyType":1,"closed":1746627382402,"used":1746627362470,"created":1746627362470,"remoteIdentityKey":"BcxSUGnTsUTsMHIJ5uEhOPZWd9SOjhw2pZYunkoK+Og0"},"_chains":{"BeQKodCCVGKeJjD+WBOWnBV8rrsnB5vk468VP9D8ojtt":{"chainKey":{"counter":0,"key":"/2Ju67/if2nofHhj3KBUeSZTwfey4vtZm8+ySEtvFco="},"chainType":1,"messageKeys":{}}},"pendingPreKey":{"signedKeyId":0,"baseKey":"BRiQ1Cy6kkauuw5AVhmfDBageWWcII09Xf6Azi7KD30t"}},"BQoFvnBoudNnvCK7vuCLYxYBw+vCoepznRGR5Z7tGAhx":{"registrationId":4673,"currentRatchet":{"ephemeralKeyPair":{"pubKey":"BX/9PSZJNeY6FCbTMvsGgLD1cagmtLI1sw1Z9KCLeit6","privKey":"AH+QzW2wHwuiHB8Q0U2nRJACPmGCdpn3QDUfUwFQVXE="},"lastRemoteEphemeralKey":"BTYpt02lgu0XTz0zwBBTuni7Qu24YllGaE+UDaO/a2Aj","previousCounter":0,"rootKey":"77xJ6Fy48y0sFaUrLesfYkBuJVIJpUaKHjabKjt7/Lo="},"indexInfo":{"baseKey":"BQoFvnBoudNnvCK7vuCLYxYBw+vCoepznRGR5Z7tGAhx","baseKeyType":1,"closed":1746627404902,"used":1746627381887,"created":1746627381887,"remoteIdentityKey":"BcxSUGnTsUTsMHIJ5uEhOPZWd9SOjhw2pZYunkoK+Og0"},"_chains":{"BX/9PSZJNeY6FCbTMvsGgLD1cagmtLI1sw1Z9KCLeit6":{"chainKey":{"counter":0,"key":"tHIU/MTQLN994andLgK5FQzN49IYvOCox1sWcKYDyYE="},"chainType":1,"messageKeys":{}}},"pendingPreKey":{"signedKeyId":0,"baseKey":"BQoFvnBoudNnvCK7vuCLYxYBw+vCoepznRGR5Z7tGAhx"}},"BfDe2I/K2OuKz3Ka4AEVUxgRdaw+aGrdjtFHZpoyhBwY":{"registrationId":4673,"currentRatchet":{"ephemeralKeyPair":{"pubKey":"BU5nGNHUaFhZx6ReaM+HxYCIIj/WGw3RytP6krFuppFm","privKey":"KJAh3FECEI8mMZYE4ol+M8MpLnheklApxtr/rw7lq2E="},"lastRemoteEphemeralKey":"BTYpt02lgu0XTz0zwBBTuni7Qu24YllGaE+UDaO/a2Aj","previousCounter":0,"rootKey":"JMIoFps7v8PB7Do5ZJlsUi7WLGxMn6nO+mvo8pujgD0="},"indexInfo":{"baseKey":"BfDe2I/K2OuKz3Ka4AEVUxgRdaw+aGrdjtFHZpoyhBwY","baseKeyType":1,"closed":-1,"used":1746627404658,"created":1746627404658,"remoteIdentityKey":"BcxSUGnTsUTsMHIJ5uEhOPZWd9SOjhw2pZYunkoK+Og0"},"_chains":{"BU5nGNHUaFhZx6ReaM+HxYCIIj/WGw3RytP6krFuppFm":{"chainKey":{"counter":0,"key":"keolLgXUKwXpBT1Hx90pColp+rl4dGjKsv7K9oCYTiw="},"chainType":1,"messageKeys":{}}},"pendingPreKey":{"signedKeyId":0,"baseKey":"BfDe2I/K2OuKz3Ka4AEVUxgRdaw+aGrdjtFHZpoyhBwY"}}},"version":"v1"}