{"_sessions":{"BQWuIVppM4P5o/xC8vNhE+/L5v0jXqX4Ty8gqe18qhsX":{"registrationId":652571254,"currentRatchet":{"ephemeralKeyPair":{"pubKey":"BX2xfIu8nweP9AJDxiXKCFjnVJw3Zl2gjuqgjmdK1Bc2","privKey":"6BttjC+N2JUfx+jylyJOqUqr7ckBGY4HK28FKiNBlH0="},"lastRemoteEphemeralKey":"BRdFYbnD9+hXxCee5f2NYLK+B74vGejpnnWeLc423Wsw","previousCounter":0,"rootKey":"4jskcaCQG8Vn+N9f8h+4VUnhPi0KYxDNLKEjlWzHUqw="},"indexInfo":{"baseKey":"BQWuIVppM4P5o/xC8vNhE+/L5v0jXqX4Ty8gqe18qhsX","baseKeyType":1,"closed":-1,"used":1746612496871,"created":1746612496871,"remoteIdentityKey":"Bce5vSfPAei+cNAK/4L65czPXZkqnA5oP+RbOC0BosB/"},"_chains":{"BX2xfIu8nweP9AJDxiXKCFjnVJw3Zl2gjuqgjmdK1Bc2":{"chainKey":{"counter":4,"key":"iLmgJoOwLQn/JGqQsLdcmtc269+KN+q9UAWEt9DNtT0="},"chainType":1,"messageKeys":{}}},"pendingPreKey":{"signedKeyId":5,"baseKey":"BQWuIVppM4P5o/xC8vNhE+/L5v0jXqX4Ty8gqe18qhsX"}}},"version":"v1"}