{"_sessions":{"BTI2Sj1mJJHxvyp/QnFg9zQb9+JAdyDQTqFnHu/xDscQ":{"registrationId":1387613772,"currentRatchet":{"ephemeralKeyPair":{"pubKey":"BcSEV/scEJuqUlA85SsEncwJ3MJLa0br3sVWNwdZYpoq","privKey":"eI2ipuF+eJ/mhx8GZ7eig0cXMKG+cniVZj0L+ruWJn0="},"lastRemoteEphemeralKey":"BV0u05NQBGTP20Cvg51+wGXVxz5/wBEAZFM5AsKl8RgX","previousCounter":0,"rootKey":"mTWjqvMFQERqCpVCWUmaPAlZno+sLDmByupUYSQvUfo="},"indexInfo":{"baseKey":"BTI2Sj1mJJHxvyp/QnFg9zQb9+JAdyDQTqFnHu/xDscQ","baseKeyType":1,"closed":-1,"used":1746627351106,"created":1746627351106,"remoteIdentityKey":"BXBbriiWwOMnYZh12NBKyGIxVY8I7P3DSwgrIcPGZLIS"},"_chains":{"BcSEV/scEJuqUlA85SsEncwJ3MJLa0br3sVWNwdZYpoq":{"chainKey":{"counter":0,"key":"oHxsm02VJ1MTdQqVbwJeepfcI8uoUmt+iPGeOotZN7c="},"chainType":1,"messageKeys":{}}},"pendingPreKey":{"signedKeyId":14,"baseKey":"BTI2Sj1mJJHxvyp/QnFg9zQb9+JAdyDQTqFnHu/xDscQ","preKeyId":7528001}}},"version":"v1"}