{"_sessions":{"Ba043IBJ1yuXVsRTYZQmMKu1dQnLzgLZY1lL30M4+oMq":{"registrationId":1586231140,"currentRatchet":{"ephemeralKeyPair":{"pubKey":"BTilOUdSZslpADE40yQq/LZQw82BZBs67rMK2i1QvJAJ","privKey":"+JiUbvjg7RlCP4JVSbLMYcwDlx0l9zI4ldfRkGQEVV0="},"lastRemoteEphemeralKey":"BXgL59XG1uJQFsQ8d4qVSXGvsaudx8Dw2wRCVOUJiQUB","previousCounter":0,"rootKey":"OhOaM6Lxt+0Q8Ad09ZKDmrsEfeb/fcfGWYMot9XWRuk="},"indexInfo":{"baseKey":"Ba043IBJ1yuXVsRTYZQmMKu1dQnLzgLZY1lL30M4+oMq","baseKeyType":1,"closed":-1,"used":1746612497248,"created":1746612497248,"remoteIdentityKey":"BXjy/WmwelCOOF+25Mlfw5fUwuoDwTl6vlJaXRTThJtC"},"_chains":{"BTilOUdSZslpADE40yQq/LZQw82BZBs67rMK2i1QvJAJ":{"chainKey":{"counter":4,"key":"gcyWruhjE2/MzjmwX8rW3E7qme47oF1dQwIO1Cn6/Z0="},"chainType":1,"messageKeys":{}}},"pendingPreKey":{"signedKeyId":1,"baseKey":"Ba043IBJ1yuXVsRTYZQmMKu1dQnLzgLZY1lL30M4+oMq","preKeyId":105459}}},"version":"v1"}