{"_sessions":{"BaejiGAHQDXtyycEDp3MOZvewkWZRp1FT+dK1jPTUipQ":{"registrationId":1458128700,"currentRatchet":{"ephemeralKeyPair":{"pubKey":"Bdpnj2InP1NChofMTu4DY3O/JKf32G+8D4TG8J8kPOEG","privKey":"UBJ0YDjwz4huLSErGMeCSyOsqF/1lGe3sg4wmKMtWFI="},"lastRemoteEphemeralKey":"BQYDXsnAiT0KhQDFERDNl2J9aKa5FhdVAGR07aS1rixC","previousCounter":0,"rootKey":"V+ko5J2CrQbJxFXC5lH1qhMawnwlMWWGJMsy+H75hxE="},"indexInfo":{"baseKey":"BaejiGAHQDXtyycEDp3MOZvewkWZRp1FT+dK1jPTUipQ","baseKeyType":1,"closed":-1,"used":1746634444117,"created":1746612695133,"remoteIdentityKey":"BTBYp1tnLUXLOhBvviZmkmjTtjnYTQjcuz1b+yp6Pmci"},"_chains":{"BQYDXsnAiT0KhQDFERDNl2J9aKa5FhdVAGR07aS1rixC":{"chainKey":{"counter":0,"key":"9oylvWQC8uhfQ6NEack6zDU/OsKs6mtWOO3th3VEz4U="},"chainType":2,"messageKeys":{}},"Bdpnj2InP1NChofMTu4DY3O/JKf32G+8D4TG8J8kPOEG":{"chainKey":{"counter":-1,"key":"78kD9+ZcTraLLT2+xkbcauJFHG8F528XTFR6zvm2qLE="},"chainType":1,"messageKeys":{}}}}},"version":"v1"}