{"_sessions":{"BWS0/XcZmeH2CJNiAGyPjHegQO1fciOmF4z7iotl9h8k":{"registrationId":392500398,"currentRatchet":{"ephemeralKeyPair":{"pubKey":"BQSglebmm6QkzyuPDQOx9IEuQoxR049JUDq2I9PZLcsp","privKey":"IOFSQwB7tqDppsNf6/8ClCDqN8IlcIGbvpZ544jez3w="},"lastRemoteEphemeralKey":"BYvP5egAX02ShZ2L6nXNdWLf3UgFIqau6TWVpA1Aqi8i","previousCounter":0,"rootKey":"qAuBTc0mpOjK0m9gHBXofpEuFGrHfdYroXE/cXK9aI0="},"indexInfo":{"baseKey":"BWS0/XcZmeH2CJNiAGyPjHegQO1fciOmF4z7iotl9h8k","baseKeyType":1,"closed":-1,"used":1746612488433,"created":1746612488433,"remoteIdentityKey":"BTR4IekUIBc89nhVYm76eVYL2GQ7eTI+VfhX1BKTj3ow"},"_chains":{"BQSglebmm6QkzyuPDQOx9IEuQoxR049JUDq2I9PZLcsp":{"chainKey":{"counter":4,"key":"QU+m+3KJZAVRHnzkIXPoLlLUEq7XhOdrOom8NEFGsBw="},"chainType":1,"messageKeys":{}}},"pendingPreKey":{"signedKeyId":1,"baseKey":"BWS0/XcZmeH2CJNiAGyPjHegQO1fciOmF4z7iotl9h8k"}}},"version":"v1"}