{"_sessions":{"BfGV1rEmw8p5KXsZ08oFMz1ZytE+1i90865MhZQdFCsY":{"registrationId":1346291675,"currentRatchet":{"ephemeralKeyPair":{"pubKey":"BRvHOPZPeRpFVjNTSERQSME1GGijA9gdP+PVCWeKTDRx","privKey":"WJQzXxMdnYBFDYb0GD8YE52eDuec+nTXfuKBIdNuXG0="},"lastRemoteEphemeralKey":"Babjrxr8TC3+d+sLZFfAfqvu3V0ROhghX/HGO8/zXt9O","previousCounter":0,"rootKey":"JyWVRenhynGzibglQz1y3uJ5kzkv5aZcqgt8JluyVAQ="},"indexInfo":{"baseKey":"BfGV1rEmw8p5KXsZ08oFMz1ZytE+1i90865MhZQdFCsY","baseKeyType":1,"closed":-1,"used":1746612488803,"created":1746612488803,"remoteIdentityKey":"BSZOwf52Z6OszyozP0mCyAYOW8Yjd5zvXYgVZB//ZNVF"},"_chains":{"BRvHOPZPeRpFVjNTSERQSME1GGijA9gdP+PVCWeKTDRx":{"chainKey":{"counter":4,"key":"ko+ISrsI+8cHG9tYvtPH81Gix6XRXeMSyTDoEqANhOQ="},"chainType":1,"messageKeys":{}}},"pendingPreKey":{"signedKeyId":3,"baseKey":"BfGV1rEmw8p5KXsZ08oFMz1ZytE+1i90865MhZQdFCsY"}}},"version":"v1"}