{"_sessions":{"BaSwcTExd4whjU/XKBgPlOYdetkMfqEpvsAb04vyROY/":{"registrationId":1834035838,"currentRatchet":{"ephemeralKeyPair":{"pubKey":"BRoZujSdNP6QGpTPk/0SVehvhaUi++XxWhpGXW1t9rxW","privKey":"yFw3LGK9QH2IyZQZkXO7Lavvbk49yJNzBU1jYYCAQ0o="},"lastRemoteEphemeralKey":"BdFRnXfoMuq3Sug2vhihoc6RW6LCfmVdy5ZXsRvH4xom","previousCounter":0,"rootKey":"1Qy+uvuS8gS/vBrwJv37i6zRNaafhGty4DMK4Nd/s5M="},"indexInfo":{"baseKey":"BaSwcTExd4whjU/XKBgPlOYdetkMfqEpvsAb04vyROY/","baseKeyType":1,"closed":-1,"used":1746627351062,"created":1746627351062,"remoteIdentityKey":"BfJdp5IFpFA2QPyvc+L3Ydx++gA9gwGt26gktoyZ2Kku"},"_chains":{"BRoZujSdNP6QGpTPk/0SVehvhaUi++XxWhpGXW1t9rxW":{"chainKey":{"counter":0,"key":"mYtFqkoEc7BCIq0a8uBuF73L+/I1spIcWHRB5wVGJj0="},"chainType":1,"messageKeys":{}}},"pendingPreKey":{"signedKeyId":21,"baseKey":"BaSwcTExd4whjU/XKBgPlOYdetkMfqEpvsAb04vyROY/","preKeyId":11986802}}},"version":"v1"}