{"_sessions":{"BQINVCYLMonRXQeTyxb0kUXS4Vuuq4SbfKxlo1JkI3IC":{"registrationId":1403780111,"currentRatchet":{"ephemeralKeyPair":{"pubKey":"BdUBaPHnGc6JlQYF1GfUc5xEWFiSz26byHZPrwfplZAF","privKey":"MKeIK8qNPR+PDdQcApfXKn/KUubDpxzitWCyg8c69Ho="},"lastRemoteEphemeralKey":"BTUQONSqK4Xeyb9Coc0QX94fpTBlxarOwSy+qdFnWZJp","previousCounter":0,"rootKey":"Tn+vzvK8RhiJMk1qgdoQGY+VknBSbeCg87m5YttWS/Y="},"indexInfo":{"baseKey":"BQINVCYLMonRXQeTyxb0kUXS4Vuuq4SbfKxlo1JkI3IC","baseKeyType":1,"closed":-1,"used":1746612488669,"created":1746612488669,"remoteIdentityKey":"BVzVi+vSRtqf9xPaAo8j04K3RaFZ6Ze2AsU0HGnTnxwg"},"_chains":{"BdUBaPHnGc6JlQYF1GfUc5xEWFiSz26byHZPrwfplZAF":{"chainKey":{"counter":4,"key":"RQ6RcdgD9qR3tJcTf5vA78RhZ2C+FgxDsC9e5I/XNdQ="},"chainType":1,"messageKeys":{}}},"pendingPreKey":{"signedKeyId":9,"baseKey":"BQINVCYLMonRXQeTyxb0kUXS4Vuuq4SbfKxlo1JkI3IC"}}},"version":"v1"}