{"_sessions":{"BYhv6FY/WGvi5aYSzc9rI4UVVOjvK/WB48y843FhrMAI":{"registrationId":6206,"currentRatchet":{"ephemeralKeyPair":{"pubKey":"BXXJq6jojfVgR5VlN+X+7aNTvvwiCRZjlUEnyhfH970N","privKey":"CKkmgT3B8un01NKGroFBP2IO6NxRew2/uYtybvbgZmQ="},"lastRemoteEphemeralKey":"BTjyv1h51ki1c6igA+JY8ii99+LtIOjInbzAH2+yEV9+","previousCounter":0,"rootKey":"SgMwYjspmZC28lYSxLbG/FfDbw6kqAx0qWHnZWirn04="},"indexInfo":{"baseKey":"BYhv6FY/WGvi5aYSzc9rI4UVVOjvK/WB48y843FhrMAI","baseKeyType":1,"closed":-1,"used":1746612488428,"created":1746612488428,"remoteIdentityKey":"BRwfdrmo1D0Cf8vppFKbSwlTwUoXkpn2uJzRtTTmfutu"},"_chains":{"BXXJq6jojfVgR5VlN+X+7aNTvvwiCRZjlUEnyhfH970N":{"chainKey":{"counter":4,"key":"G2YF3r7VX5ZKz0J/5yKuHFvGrEzT3ph9xTRaqBMoAjI="},"chainType":1,"messageKeys":{}}},"pendingPreKey":{"signedKeyId":1,"baseKey":"BYhv6FY/WGvi5aYSzc9rI4UVVOjvK/WB48y843FhrMAI"}}},"version":"v1"}