{"_sessions":{"BW6LD60XlSxzOMJtXkxjqttFFvxengG92DaoQX+WVS1k":{"registrationId":2105856261,"currentRatchet":{"ephemeralKeyPair":{"pubKey":"BS0ZAwUxocdLH+MjfwSz5ZhtHbq7uRIUPyB5a6wyer0i","privKey":"mMmYf3yWJwJau4R0QRjGWPKrmSjSTcEw7ZJx8R+uhVo="},"lastRemoteEphemeralKey":"BftCiD7F9HpcOE92ap6Y8ioYSIKb8d+0K6umhSFlt/wU","previousCounter":0,"rootKey":"xGjTgxPprBIG+ILG1uDLXPtYxXN3AAYX6P86lW9N9PA="},"indexInfo":{"baseKey":"BW6LD60XlSxzOMJtXkxjqttFFvxengG92DaoQX+WVS1k","baseKeyType":1,"closed":-1,"used":1746612488563,"created":1746612488563,"remoteIdentityKey":"BXu+VbC+e5vhoczjcgni5xjT6MQwc0HwjRNVnae0my5u"},"_chains":{"BS0ZAwUxocdLH+MjfwSz5ZhtHbq7uRIUPyB5a6wyer0i":{"chainKey":{"counter":4,"key":"vaLpzjYk3lRXthkkngvQOiY3gZV8b/5PZ1TnngF8nxs="},"chainType":1,"messageKeys":{}}},"pendingPreKey":{"signedKeyId":934277,"baseKey":"BW6LD60XlSxzOMJtXkxjqttFFvxengG92DaoQX+WVS1k","preKeyId":3942}}},"version":"v1"}