{"_sessions":{"BcgjOkhivM44wyW+4vkdv4Yyz8gZ/0fobwFphWDZFMIA":{"registrationId":7,"currentRatchet":{"ephemeralKeyPair":{"pubKey":"BeGVGpExCCMLlYQgVxxE/BLmIKADEYndhxdVrxwLCNNT","privKey":"4Gnhddzh1vsM21IpVT9GWdstwfcJlk5k85xPnXCgHlY="},"lastRemoteEphemeralKey":"BeFnepdI5+sjPfiQarZaPttXggN46LKPjHbt5vEDTK1T","previousCounter":0,"rootKey":"LmfXgUGHkpOJTLks3qnPFIJFQhwWNHMhb1jCsM8diUc="},"indexInfo":{"baseKey":"BcgjOkhivM44wyW+4vkdv4Yyz8gZ/0fobwFphWDZFMIA","baseKeyType":1,"closed":-1,"used":1746612488416,"created":1746612488416,"remoteIdentityKey":"Ba3DmKHjAsJfy/8hQaG26Off7zTZ24LtkRBQk3/XV9QL"},"_chains":{"BeGVGpExCCMLlYQgVxxE/BLmIKADEYndhxdVrxwLCNNT":{"chainKey":{"counter":4,"key":"YLQMb70P8hCngzs6DhbgUUwiFg64nrlDjOUJFql20zQ="},"chainType":1,"messageKeys":{}}},"pendingPreKey":{"signedKeyId":1,"baseKey":"BcgjOkhivM44wyW+4vkdv4Yyz8gZ/0fobwFphWDZFMIA"}}},"version":"v1"}