{"_sessions":{"BQptG8fZTjN49apa7fEl+ViL2uu4CCQr3A1C5qVA/3gu":{"registrationId":819286527,"currentRatchet":{"ephemeralKeyPair":{"pubKey":"BawNkoO0QdPYu7my8MuB/Wp3zKHyrZ3upv0GCCVG/R1m","privKey":"YP37nVqBLJUhNTpxtaaezA4BBiAsejrD1Rss98r9kGw="},"lastRemoteEphemeralKey":"BWle/q7hOvA5KrlMcbpIIYW0FdAeeHQflr77xlfyW/sb","previousCounter":0,"rootKey":"FIhJd7HhEG8E+3ELYoqvgvhQI3z3J+k4tvYEPkDasJQ="},"indexInfo":{"baseKey":"BQptG8fZTjN49apa7fEl+ViL2uu4CCQr3A1C5qVA/3gu","baseKeyType":1,"closed":-1,"used":1746612499061,"created":1746612499061,"remoteIdentityKey":"BYNBZmiNl7IF2m4VaE6k6yNG8FVLx0S/6YyyrMT2KLlD"},"_chains":{"BawNkoO0QdPYu7my8MuB/Wp3zKHyrZ3upv0GCCVG/R1m":{"chainKey":{"counter":5,"key":"8BaIB9ynjjg0+HhXNw8/rx18o9CI4Ngoabfk352xJes="},"chainType":1,"messageKeys":{}}},"pendingPreKey":{"signedKeyId":1,"baseKey":"BQptG8fZTjN49apa7fEl+ViL2uu4CCQr3A1C5qVA/3gu","preKeyId":4695388}}},"version":"v1"}