{"_sessions":{"BdDUSiXKSSd7mxrhsA/QVZdDP8XBvx66aEiQU9yJhbd9":{"registrationId":949896459,"currentRatchet":{"ephemeralKeyPair":{"pubKey":"BYAiTkCHGZPWrqoAQjMq3he32lvmIkbarHjJ8MbMmvwm","privKey":"APlrE+TCWjb4QCCcCAn6TC07YvzXB0s7DIKyEP5gikY="},"lastRemoteEphemeralKey":"BUndsq23k+ii+Qyn4tGcD07DWlnnLtqxtbVrFT90hqoi","previousCounter":0,"rootKey":"cuO0Mbtdd6t3SaIs0OL5t9MCW//378rB9GrxsQjoops="},"indexInfo":{"baseKey":"BdDUSiXKSSd7mxrhsA/QVZdDP8XBvx66aEiQU9yJhbd9","baseKeyType":1,"closed":-1,"used":1746612497235,"created":1746612497235,"remoteIdentityKey":"BcVBSfJ3CkMAb7NmmnKBtCOnB9uK9elJ/HmVhZN9NWwx"},"_chains":{"BYAiTkCHGZPWrqoAQjMq3he32lvmIkbarHjJ8MbMmvwm":{"chainKey":{"counter":4,"key":"xCN35/n8SI7TBqEnecVsoHTbtkLheZN2a/7uQFQeX24="},"chainType":1,"messageKeys":{}}},"pendingPreKey":{"signedKeyId":2315953,"baseKey":"BdDUSiXKSSd7mxrhsA/QVZdDP8XBvx66aEiQU9yJhbd9","preKeyId":9513}}},"version":"v1"}