{"_sessions":{"BRXaAro24VHJYPpeDLNLn9weQRZu5NmaYVU3ATNWYKcx":{"registrationId":1186242365,"currentRatchet":{"ephemeralKeyPair":{"pubKey":"BVVAelFu3F/NrNAqZ0JiHnvmF4tsiQqsEIrjWTucj/5U","privKey":"OKObFgomPhUc1PiA3CRPGMFTB9nwrE4TeUitLLhnQHo="},"lastRemoteEphemeralKey":"Bed12J+HYykTlGXhLUBWv3QE3gxOK9o918sQf7psJkQD","previousCounter":0,"rootKey":"Xihblk1AEjrvkQpMrX9y1XX1jTaxAIvGPJGYhPiOhiI="},"indexInfo":{"baseKey":"BRXaAro24VHJYPpeDLNLn9weQRZu5NmaYVU3ATNWYKcx","baseKeyType":1,"closed":-1,"used":1746612497411,"created":1746612497411,"remoteIdentityKey":"BSkv/PD0MlUwhtNIVscRjjECQixB+pK7PUH7cAHTG70n"},"_chains":{"BVVAelFu3F/NrNAqZ0JiHnvmF4tsiQqsEIrjWTucj/5U":{"chainKey":{"counter":4,"key":"Dj/F7Z3vY6YyCgn7ygll9qR+dEQoOqXOk9E2S4dhbZA="},"chainType":1,"messageKeys":{}}},"pendingPreKey":{"signedKeyId":9,"baseKey":"BRXaAro24VHJYPpeDLNLn9weQRZu5NmaYVU3ATNWYKcx","preKeyId":10838788}}},"version":"v1"}