{"_sessions":{"BXu9a7IIui3jsHXbnsp6L8RiFLvhwkI30jVJ/LaPFSg7":{"registrationId":235859391,"currentRatchet":{"ephemeralKeyPair":{"pubKey":"BVckmu6cWLxDYqIPJdK/5zkCeGyqMywjnGvmvLWR2bYn","privKey":"WJHjPIWvfbhgWrw6h1EpY/BoheP7oiYzRv09useK3Hs="},"lastRemoteEphemeralKey":"BfJnqj4vGH8mamjcxHje70Wa78enwKGKv/QPoQMOu8wD","previousCounter":0,"rootKey":"Y2WzgGkF3U3jbQOCOdPVxfoL1VQC1LLK4rvVQQCaVJ0="},"indexInfo":{"baseKey":"BXu9a7IIui3jsHXbnsp6L8RiFLvhwkI30jVJ/LaPFSg7","baseKeyType":1,"closed":-1,"used":1746612496980,"created":1746612496980,"remoteIdentityKey":"Bci3w5hXHKOXrfSiS2Q+X6STVx84QmrfT7UXjb1d9utm"},"_chains":{"BVckmu6cWLxDYqIPJdK/5zkCeGyqMywjnGvmvLWR2bYn":{"chainKey":{"counter":4,"key":"IBrYx4utaEmRBv3waw48oD4rO3KUp4sMeOihtEB9k+4="},"chainType":1,"messageKeys":{}}},"pendingPreKey":{"signedKeyId":4,"baseKey":"BXu9a7IIui3jsHXbnsp6L8RiFLvhwkI30jVJ/LaPFSg7","preKeyId":6244226}}},"version":"v1"}