{"_sessions":{"BR/oyI21zGCGbATMHkC0Nx32AMTobTiop8G6cP0DyOxV":{"registrationId":115836154,"currentRatchet":{"ephemeralKeyPair":{"pubKey":"BbVh7jDnDzmXGxwjcavsMtdYybpQqCkotJKJ9f0O7j9g","privKey":"2E6WUL/cU9n4lwSGCIpaANuugrjKI7kwJ1mwCyxd4G4="},"lastRemoteEphemeralKey":"BUlMUWq935aslyzbvE7bffd4i2YRMHOMd2AQ5oLnZpcE","previousCounter":0,"rootKey":"OJoUkMR/vjSi5+8MIuGifvXWe0FY0pdqIbOay3m2BmE="},"indexInfo":{"baseKey":"BR/oyI21zGCGbATMHkC0Nx32AMTobTiop8G6cP0DyOxV","baseKeyType":1,"closed":-1,"used":1746627350716,"created":1746627350716,"remoteIdentityKey":"BdQPRWDW0IQawLRMQY05VsAa1x6zlPmupoN8UJ3vh8t3"},"_chains":{"BbVh7jDnDzmXGxwjcavsMtdYybpQqCkotJKJ9f0O7j9g":{"chainKey":{"counter":0,"key":"qQsw8WzqevF6lgfTGz609gS7aB7AiZ00vveVTm0oyOo="},"chainType":1,"messageKeys":{}}},"pendingPreKey":{"signedKeyId":1,"baseKey":"BR/oyI21zGCGbATMHkC0Nx32AMTobTiop8G6cP0DyOxV","preKeyId":10048079}}},"version":"v1"}