{"_sessions":{"BSLXe6eZ3AXbMPOykkBgJtmjnnBvzphdpiFJInMtHPkQ":{"registrationId":430871752,"currentRatchet":{"ephemeralKeyPair":{"pubKey":"BUlodglDF8qGba+tGWdOKNY2TseZvrD9RYT2jGXm7Spe","privKey":"uALovr5zcgcCvIbyy5AbhX5uqGtuhR3rfCXJearvcWA="},"lastRemoteEphemeralKey":"Ba1N/OMIQouie/EO0d4DXvO/rJB+ruFX7yGDE6sisGM+","previousCounter":0,"rootKey":"8cpVYITNVknaVEVOv8NJeXpm4nWvDBVfsx0OAJ/spUk="},"indexInfo":{"baseKey":"BSLXe6eZ3AXbMPOykkBgJtmjnnBvzphdpiFJInMtHPkQ","baseKeyType":1,"closed":-1,"used":1746612493298,"created":1746612493298,"remoteIdentityKey":"BcZQlZfvdusxF6Lid6amv3AACg/ajMeTZKGXy+rRDM84"},"_chains":{"BUlodglDF8qGba+tGWdOKNY2TseZvrD9RYT2jGXm7Spe":{"chainKey":{"counter":4,"key":"CrwWCPVSSQNYESyyf24cmlNxQHOx5B0qsVPgTgEPV0E="},"chainType":1,"messageKeys":{}}},"pendingPreKey":{"signedKeyId":1,"baseKey":"BSLXe6eZ3AXbMPOykkBgJtmjnnBvzphdpiFJInMtHPkQ","preKeyId":6304785}}},"version":"v1"}