{"_sessions":{"BYw8HAJJTT8WfFSTuglQOYWS1LEp4Jk7gVBC+x92oOlM":{"registrationId":2870957549,"currentRatchet":{"ephemeralKeyPair":{"pubKey":"BQfIZRrdRbJ8q4kJGgK3w5B8LohPc5avErhCU1RzzUlG","privKey":"QL9xZH0F25p6zcJFjQwbnP67mlY+vRnLyUYxyvuodmo="},"lastRemoteEphemeralKey":"BYF42HjFg16KvyNK9GkrXwRxOnL/f5wuT/0fqFMLNjAR","previousCounter":0,"rootKey":"nzYg4tDHqqfvu0W1rksvRM0nC3ZUURehj2SDQVnGV+c="},"indexInfo":{"baseKey":"BYw8HAJJTT8WfFSTuglQOYWS1LEp4Jk7gVBC+x92oOlM","baseKeyType":1,"closed":1746627315375,"used":1746612488490,"created":1746612488490,"remoteIdentityKey":"Bdi9tijy+5iyjrPserMAXniyGsb8yeukxaY4D9i6eI9V"},"_chains":{"BQfIZRrdRbJ8q4kJGgK3w5B8LohPc5avErhCU1RzzUlG":{"chainKey":{"counter":2,"key":"LweaelpXGxgTdlGOUX9b9SRAeX0MfXyLkHFcCOAg38o="},"chainType":1,"messageKeys":{}}},"pendingPreKey":{"signedKeyId":1,"baseKey":"BYw8HAJJTT8WfFSTuglQOYWS1LEp4Jk7gVBC+x92oOlM","preKeyId":460}},"BZxS65megOwB67LMQGpcqca97Ap3Xu+sIgP1ORBVUh0O":{"registrationId":2870957549,"currentRatchet":{"ephemeralKeyPair":{"pubKey":"BWEMQ9tHMS99Kj56E9sQbecj12eHRvQlqx576HgT7DBi","privKey":"+HHvAymSCBoowFjt+zg/nAmBg+LRIj+4qy6A1IZC5nU="},"lastRemoteEphemeralKey":"BYF42HjFg16KvyNK9GkrXwRxOnL/f5wuT/0fqFMLNjAR","previousCounter":0,"rootKey":"VY8eg/v6rV3ATHYSopPOyfk3qfFfJQ3usl8qn2O5KDY="},"indexInfo":{"baseKey":"BZxS65megOwB67LMQGpcqca97Ap3Xu+sIgP1ORBVUh0O","baseKeyType":1,"closed":-1,"used":1746627315333,"created":1746627315333,"remoteIdentityKey":"Bdi9tijy+5iyjrPserMAXniyGsb8yeukxaY4D9i6eI9V"},"_chains":{"BWEMQ9tHMS99Kj56E9sQbecj12eHRvQlqx576HgT7DBi":{"chainKey":{"counter":1,"key":"7WRptU2PvBKrsuvpQNlsXUzx4Vgsie2AXfTVqWg3TbQ="},"chainType":1,"messageKeys":{}}},"pendingPreKey":{"signedKeyId":1,"baseKey":"BZxS65megOwB67LMQGpcqca97Ap3Xu+sIgP1ORBVUh0O","preKeyId":490}}},"version":"v1"}