{"_sessions":{"BShnHTBgJcK/SEYO75p6HLp6R1cjkIRVJwnCj24Snd4M":{"registrationId":1801729401,"currentRatchet":{"ephemeralKeyPair":{"pubKey":"BSkMPwJswOn1+ED/fMSKCrwHywaLFkcInKgrasX05ckm","privKey":"eOpAuVX0p0xwGgKtuj/OARzFnVtbOXbMejbDDq+TSW4="},"lastRemoteEphemeralKey":"BXRai4pHORStm1uNPy1HhjcF6W1xgo06Hld0J4qoqGp7","previousCounter":0,"rootKey":"zifk0oNzqAbOm2w+VePM5bLcn/nf+k+6F70kAmRMpK4="},"indexInfo":{"baseKey":"BShnHTBgJcK/SEYO75p6HLp6R1cjkIRVJwnCj24Snd4M","baseKeyType":1,"closed":-1,"used":1746612499128,"created":1746612499128,"remoteIdentityKey":"BQyQK4qttNK2wQbsk66NltsM40pLDtEZcdeaNV8vt/Fc"},"_chains":{"BSkMPwJswOn1+ED/fMSKCrwHywaLFkcInKgrasX05ckm":{"chainKey":{"counter":4,"key":"FxCLZcR6QNPEDgV7hxOSM+D8g/CQN6D7DxHjLKeSZQk="},"chainType":1,"messageKeys":{}}},"pendingPreKey":{"signedKeyId":1,"baseKey":"BShnHTBgJcK/SEYO75p6HLp6R1cjkIRVJwnCj24Snd4M","preKeyId":10894143}}},"version":"v1"}