{"_sessions":{"Bd+zYdD2ijA3f0BpmKWfxLno5AhjXgcL8z0lvk5isp5p":{"registrationId":700643421,"currentRatchet":{"ephemeralKeyPair":{"pubKey":"BYWWauClvHeW0KOEENS+yV903DK+hHQYQlJh18JHh0lI","privKey":"qD+JaR9jPL0KSgEVT9lhmITfxQ4KNuqW/CxsbxRgun0="},"lastRemoteEphemeralKey":"BY/Cpkecg/xtjE83aDtvM7bTUaAsFpGut+J9yw2r5+pU","previousCounter":0,"rootKey":"/puonPY6XTX1UGDD55qGE6kGGu2mPNJIAXN1i8QjhKo="},"indexInfo":{"baseKey":"Bd+zYdD2ijA3f0BpmKWfxLno5AhjXgcL8z0lvk5isp5p","baseKeyType":1,"closed":1746627382570,"used":1746627362617,"created":1746627362617,"remoteIdentityKey":"BaKAmW+Zb5LTjyqYt9gc+Dv20wYsi2w2D5syAgfRrPBx"},"_chains":{"BYWWauClvHeW0KOEENS+yV903DK+hHQYQlJh18JHh0lI":{"chainKey":{"counter":0,"key":"gKOmMoJyS4M3qZRHBSe3TJnEBQn53dYxoAIlas+UeGA="},"chainType":1,"messageKeys":{}}},"pendingPreKey":{"signedKeyId":23,"baseKey":"Bd+zYdD2ijA3f0BpmKWfxLno5AhjXgcL8z0lvk5isp5p","preKeyId":2859244}},"Bbc67HWjYAAzdk7/YiX13c/rSNOBkq85brd5IKOHtUtw":{"registrationId":700643421,"currentRatchet":{"ephemeralKeyPair":{"pubKey":"BdDneaChLbmwLYGt6dLr8RhPX61+qPw1xxMWZR9+uDEA","privKey":"0JiOuGFIo088+5AycEiE7NplpZpGf0aXrnxKCxsL5lE="},"lastRemoteEphemeralKey":"BY/Cpkecg/xtjE83aDtvM7bTUaAsFpGut+J9yw2r5+pU","previousCounter":0,"rootKey":"UU8gp3SG2CNxCtGzrhss1P5yunPZvBroRfqgOptoPXg="},"indexInfo":{"baseKey":"Bbc67HWjYAAzdk7/YiX13c/rSNOBkq85brd5IKOHtUtw","baseKeyType":1,"closed":1746627404919,"used":1746627382005,"created":1746627382005,"remoteIdentityKey":"BaKAmW+Zb5LTjyqYt9gc+Dv20wYsi2w2D5syAgfRrPBx"},"_chains":{"BdDneaChLbmwLYGt6dLr8RhPX61+qPw1xxMWZR9+uDEA":{"chainKey":{"counter":0,"key":"odoOPElMcqD4FWGjmYLUG0ROXQS8pigUUTPpE3RCVW4="},"chainType":1,"messageKeys":{}}},"pendingPreKey":{"signedKeyId":23,"baseKey":"Bbc67HWjYAAzdk7/YiX13c/rSNOBkq85brd5IKOHtUtw","preKeyId":2859637}},"BepyjrydFLOm5J6S5uzA09gStuZzh15udCgS9LnMamtF":{"registrationId":700643421,"currentRatchet":{"ephemeralKeyPair":{"pubKey":"BeMs7NFTFlSDgWC3sXUfqGUn5Oy9YPnqntO8ImWUAAIJ","privKey":"2EMQ1yCgd4ED6/eKrdhCFF2GiEdBTlXGYj+NU4IOGlU="},"lastRemoteEphemeralKey":"BY/Cpkecg/xtjE83aDtvM7bTUaAsFpGut+J9yw2r5+pU","previousCounter":0,"rootKey":"fL+grnUoVstvvbmit9plMihUAj40+Hm04v3/qkJ0EZw="},"indexInfo":{"baseKey":"BepyjrydFLOm5J6S5uzA09gStuZzh15udCgS9LnMamtF","baseKeyType":1,"closed":-1,"used":1746627404754,"created":1746627404754,"remoteIdentityKey":"BaKAmW+Zb5LTjyqYt9gc+Dv20wYsi2w2D5syAgfRrPBx"},"_chains":{"BeMs7NFTFlSDgWC3sXUfqGUn5Oy9YPnqntO8ImWUAAIJ":{"chainKey":{"counter":3,"key":"1BDlimqJ6ObmF8lh8NkO5VPpJFkZxjg05SEj4qGqJdA="},"chainType":1,"messageKeys":{}}},"pendingPreKey":{"signedKeyId":23,"baseKey":"BepyjrydFLOm5J6S5uzA09gStuZzh15udCgS9LnMamtF","preKeyId":2859710}}},"version":"v1"}