{"_sessions":{"BRc7faXbQhl3tY0G0VehRCMkEDzXRTXdeh1JaR+P/LZA":{"registrationId":3940486223,"currentRatchet":{"ephemeralKeyPair":{"pubKey":"BQf9Vx0+ZF4BJncjL+6/jn7EE4pVzo3ePLQT7qwgBjAg","privKey":"UAh43wdP6juSO3Vzv4vbdxri2W6EEibyMpiFftjYgWM="},"lastRemoteEphemeralKey":"BaNJmrvj2EB96sHiUlt+1xmlfd/hwD8oXDNiypahlpwf","previousCounter":0,"rootKey":"30mM37x0y59yL3lzNkefXrdnuvyS7rn3xXdp3pm+IjI="},"indexInfo":{"baseKey":"BRc7faXbQhl3tY0G0VehRCMkEDzXRTXdeh1JaR+P/LZA","baseKeyType":1,"closed":1746627382281,"used":1746627362378,"created":1746627362378,"remoteIdentityKey":"BaJGKAUhpBoDpJDJYWwoi5bobzM+Lrkn1C80xnk90AAe"},"_chains":{"BQf9Vx0+ZF4BJncjL+6/jn7EE4pVzo3ePLQT7qwgBjAg":{"chainKey":{"counter":0,"key":"qovLS4gUSUeneDHZ6HSHV8rygi+g/cY/KNG6lmPU7rA="},"chainType":1,"messageKeys":{}}},"pendingPreKey":{"signedKeyId":0,"baseKey":"BRc7faXbQhl3tY0G0VehRCMkEDzXRTXdeh1JaR+P/LZA","preKeyId":705}},"BRc8/0dvqpdWsftRlNvsLrQ5sqHLeAfz9e92g3kWDisV":{"registrationId":3940486223,"currentRatchet":{"ephemeralKeyPair":{"pubKey":"BUDkHEqWDJaJ+aW809ivE+5TVSOMLQxXneuPMAs1hHBU","privKey":"kJB9pS9fa59O7in8qP0WKHYkb/CQ5Jf1XRcxcIiJEnk="},"lastRemoteEphemeralKey":"BaNJmrvj2EB96sHiUlt+1xmlfd/hwD8oXDNiypahlpwf","previousCounter":0,"rootKey":"B9KGaY9ZoKEjXIFhLpH2eDxdL3ZL8m43V4A8LW/PGZg="},"indexInfo":{"baseKey":"BRc8/0dvqpdWsftRlNvsLrQ5sqHLeAfz9e92g3kWDisV","baseKeyType":1,"closed":1746627404889,"used":1746627381810,"created":1746627381810,"remoteIdentityKey":"BaJGKAUhpBoDpJDJYWwoi5bobzM+Lrkn1C80xnk90AAe"},"_chains":{"BUDkHEqWDJaJ+aW809ivE+5TVSOMLQxXneuPMAs1hHBU":{"chainKey":{"counter":0,"key":"5THFSKqcYqpYkYXX4F5A/FUBcQ+m4fEYBnyuGyOXJ2Q="},"chainType":1,"messageKeys":{}}},"pendingPreKey":{"signedKeyId":0,"baseKey":"BRc8/0dvqpdWsftRlNvsLrQ5sqHLeAfz9e92g3kWDisV","preKeyId":735}},"BWYVZYM8JN5PJOrq3NVhU3uuBaDUhR2kDe18x5JbVGQ/":{"registrationId":3940486223,"currentRatchet":{"ephemeralKeyPair":{"pubKey":"BT40x3ek2/HLUxZGLIpOSCBkEKQ5qyEfKq4aRPt5K60A","privKey":"aB7uRDxZ730wdtSoNNxmB9st5IOwISGfzUV4w2l3LlQ="},"lastRemoteEphemeralKey":"BaNJmrvj2EB96sHiUlt+1xmlfd/hwD8oXDNiypahlpwf","previousCounter":0,"rootKey":"em8YfyhmsHhoPMwGfeIwTOfJXC0GdJYINDNFzroUmx4="},"indexInfo":{"baseKey":"BWYVZYM8JN5PJOrq3NVhU3uuBaDUhR2kDe18x5JbVGQ/","baseKeyType":1,"closed":-1,"used":1746627404600,"created":1746627404600,"remoteIdentityKey":"BaJGKAUhpBoDpJDJYWwoi5bobzM+Lrkn1C80xnk90AAe"},"_chains":{"BT40x3ek2/HLUxZGLIpOSCBkEKQ5qyEfKq4aRPt5K60A":{"chainKey":{"counter":3,"key":"OV83cyIUrCK73gRddeNrFeAsQpKKo2RP1t9wgWA/EhY="},"chainType":1,"messageKeys":{}}},"pendingPreKey":{"signedKeyId":0,"baseKey":"BWYVZYM8JN5PJOrq3NVhU3uuBaDUhR2kDe18x5JbVGQ/","preKeyId":52}}},"version":"v1"}