{"_sessions":{"BZknk08elECWWR1W6g92YmoPS7+uG5U/LUHpw/CByvgL":{"registrationId":578327381,"currentRatchet":{"ephemeralKeyPair":{"pubKey":"BXXIfwrIGoUZ+jbpbgItAMoWy3GkscrL0ncLh1mJ+DY6","privKey":"KKP+JAFLFTXVQ5l12i1bOGW6ap1Q1+5pDAS1QMvrXmU="},"lastRemoteEphemeralKey":"Bbse82MylzdAx1c+uuzl9C0TNzymbX8j3RRXfQJFhTp+","previousCounter":0,"rootKey":"hW0yQ0Ejk36xP1h/rAkkAAiX6Rgj4JUJDTzK1itXatc="},"indexInfo":{"baseKey":"BZknk08elECWWR1W6g92YmoPS7+uG5U/LUHpw/CByvgL","baseKeyType":1,"closed":-1,"used":1746612497296,"created":1746612497296,"remoteIdentityKey":"BY9hQ8coX49mVK5UqxzrZiG2ROaawQRg9Dwwti39/CRx"},"_chains":{"BXXIfwrIGoUZ+jbpbgItAMoWy3GkscrL0ncLh1mJ+DY6":{"chainKey":{"counter":4,"key":"5xRMY7W7EvRcD12JZg13cEIQuwLozy8z9tTMw+BJWUM="},"chainType":1,"messageKeys":{}}},"pendingPreKey":{"signedKeyId":2,"baseKey":"BZknk08elECWWR1W6g92YmoPS7+uG5U/LUHpw/CByvgL","preKeyId":11593862}}},"version":"v1"}