{"_sessions":{"BegHQUEoEN1/rNMuVAlJpyDtKN5QRZ9F3VKbPgMIPmsM":{"registrationId":1450570637,"currentRatchet":{"ephemeralKeyPair":{"pubKey":"BVdc8wlv0vI8rqDld+OZk6qIxJgw+wH6yHzCIn0tOjp7","privKey":"yECxPDmpcUWY89uH8W9usDCnEgfIJ2cM9CwxTJA3Z24="},"lastRemoteEphemeralKey":"BWIlz3Vwm5nWzgEOsvp+rdkeKcZlbhdu6rGTLUWpU0g+","previousCounter":0,"rootKey":"dYbmCXOjxquz+W0Ki1NbMqP4ynGJ4pq6J/Jkgo8+EdA="},"indexInfo":{"baseKey":"BegHQUEoEN1/rNMuVAlJpyDtKN5QRZ9F3VKbPgMIPmsM","baseKeyType":1,"closed":-1,"used":1746612492647,"created":1746612492647,"remoteIdentityKey":"BWoKnany0MwactCRO0gkFQormjHZujrguaxhBx+a6zxy"},"_chains":{"BVdc8wlv0vI8rqDld+OZk6qIxJgw+wH6yHzCIn0tOjp7":{"chainKey":{"counter":4,"key":"UNuIsMY3MB1sY97hBdgLavW0nr2TLCruQqMSyZixT7w="},"chainType":1,"messageKeys":{}}},"pendingPreKey":{"signedKeyId":0,"baseKey":"BegHQUEoEN1/rNMuVAlJpyDtKN5QRZ9F3VKbPgMIPmsM","preKeyId":7749718}}},"version":"v1"}