{"_sessions":{"BdgFjUZ+DdUO1hrnDfbdGP7IOO0MlO+MTs2cQQOJCdUa":{"registrationId":1978868724,"currentRatchet":{"ephemeralKeyPair":{"pubKey":"BXMnrFSoKuXVCElu1MfeAHoEtLQMDwjIfmXU+jGVfzc8","privKey":"uN2WtOVVb87ODEfFR7wF37xWPCk25zei/5dBxxI0nFw="},"lastRemoteEphemeralKey":"BdIyWQmCCFWOs5wiCQAshSeX/qkKyzj/Qe2tK+jVJRsL","previousCounter":0,"rootKey":"6pCbu6NYk+oNzf+YZsGpQm0UX+Y26OWjjg+KPLgFN34="},"indexInfo":{"baseKey":"BdgFjUZ+DdUO1hrnDfbdGP7IOO0MlO+MTs2cQQOJCdUa","baseKeyType":1,"closed":-1,"used":1746612488693,"created":1746612488693,"remoteIdentityKey":"BXXRBD7Y7zmjPIooOv4Sr40as4hpn05b/f2JnnrBS3xQ"},"_chains":{"BXMnrFSoKuXVCElu1MfeAHoEtLQMDwjIfmXU+jGVfzc8":{"chainKey":{"counter":4,"key":"Cl8Ik/pgiGNVG04xM+HanxtX4PVEOww6+2n5+WJ9du4="},"chainType":1,"messageKeys":{}}},"pendingPreKey":{"signedKeyId":33,"baseKey":"BdgFjUZ+DdUO1hrnDfbdGP7IOO0MlO+MTs2cQQOJCdUa"}}},"version":"v1"}