{"_sessions":{"BTUbr9vgF7YYCTVlZtgYS85uqHenfAY2lp+pVNH+9q8D":{"registrationId":1864041318,"currentRatchet":{"ephemeralKeyPair":{"pubKey":"BfyLOhyYywdVzUUcJewgXAks1WV6irgb59AlT4I9F3tg","privKey":"8IARDmeuiGWIlc8jEHDKfLgruXndoIJFQ1MHJzb6/38="},"lastRemoteEphemeralKey":"BQIgqOTdQIXGQL5+B7i04z99iqotN2+ZDFZH425AzGsN","previousCounter":0,"rootKey":"tyXXWqBSfgRgY4Szc8TScp/HYsoIUtfEZUHWB5cKj7M="},"indexInfo":{"baseKey":"BTUbr9vgF7YYCTVlZtgYS85uqHenfAY2lp+pVNH+9q8D","baseKeyType":1,"closed":-1,"used":1746612488609,"created":1746612488609,"remoteIdentityKey":"BZRNGBf0rQTpMulu61JMYRn8VDu81ZzweKHyiewmUdg/"},"_chains":{"BfyLOhyYywdVzUUcJewgXAks1WV6irgb59AlT4I9F3tg":{"chainKey":{"counter":4,"key":"0ykjMuGSwOxvJEz2spuKeTxpcnXxpHg3AqgvVaT3V8E="},"chainType":1,"messageKeys":{}}},"pendingPreKey":{"signedKeyId":1,"baseKey":"BTUbr9vgF7YYCTVlZtgYS85uqHenfAY2lp+pVNH+9q8D","preKeyId":14706321}}},"version":"v1"}