{"_sessions":{"BXVrKGNlbfjAT/q+5bOA4WrYH/WfG4PA9l9xFXtHOYRB":{"registrationId":1827513958,"currentRatchet":{"ephemeralKeyPair":{"pubKey":"BdStaYSR/fgrKM2LetQOrn/Waodg8PrCTm101xJaKqto","privKey":"4BvK+GMuh4qr773lbvqLJLbeV29vhOuBkqMS3lhF0W0="},"lastRemoteEphemeralKey":"BUd3+rz9jPKymEuEed71K9nQ/kLOMS7UylrwyPREW2Nq","previousCounter":0,"rootKey":"ZL0yqypJIzDrvT8IEoWSQd4+VhUImsC1ZG0RLrA8yAA="},"indexInfo":{"baseKey":"BXVrKGNlbfjAT/q+5bOA4WrYH/WfG4PA9l9xFXtHOYRB","baseKeyType":1,"closed":-1,"used":1746612496914,"created":1746612496914,"remoteIdentityKey":"BcQonn61GtWXwmgOl3so62u3HkrJaLiOvh231TIBV+cQ"},"_chains":{"BdStaYSR/fgrKM2LetQOrn/Waodg8PrCTm101xJaKqto":{"chainKey":{"counter":4,"key":"5Jvqd+3AHFJ3ZcrNNHhhGB6lIL8PB64LJL7RCnq6XNk="},"chainType":1,"messageKeys":{}}},"pendingPreKey":{"signedKeyId":3182074,"baseKey":"BXVrKGNlbfjAT/q+5bOA4WrYH/WfG4PA9l9xFXtHOYRB","preKeyId":4753}}},"version":"v1"}