{"_sessions":{"BRaqBZr3PyRrihgKML0k7rYL1b5mX747K3jhP32LQIBM":{"registrationId":1477510419,"currentRatchet":{"ephemeralKeyPair":{"pubKey":"BZeQDMCRl7CfZ1cP2BUkUMR5lreda6Vr8danHqITuk89","privKey":"qOD94BF31KIjwF89WDhkee82TqGm53eOIK2ku6ZijUo="},"lastRemoteEphemeralKey":"BWugsch2+J06M65uisQh3YDqcrJKRixpPDUeHYqdL3ls","previousCounter":0,"rootKey":"beL2sjqrS8k8PmAbdjHJG4L4arHaxmxhy6+2zyoAhUQ="},"indexInfo":{"baseKey":"BRaqBZr3PyRrihgKML0k7rYL1b5mX747K3jhP32LQIBM","baseKeyType":1,"closed":-1,"used":1746612496987,"created":1746612496987,"remoteIdentityKey":"BTUF3lDMvIN4dbO0NX9ZS5CQVmxPjNskIPA2IQVEwMgk"},"_chains":{"BZeQDMCRl7CfZ1cP2BUkUMR5lreda6Vr8danHqITuk89":{"chainKey":{"counter":4,"key":"gDgqPKIqsXdBq+mW33UAB/MV1q1i0fKC83blfCIW+wE="},"chainType":1,"messageKeys":{}}},"pendingPreKey":{"signedKeyId":1,"baseKey":"BRaqBZr3PyRrihgKML0k7rYL1b5mX747K3jhP32LQIBM","preKeyId":9271192}}},"version":"v1"}