{"_sessions":{"BfKjodByoW2zr3ZGVFNKEpb4FoMvuIUJz33xcg6mwtMA":{"registrationId":1884715055,"currentRatchet":{"ephemeralKeyPair":{"pubKey":"BbDl6xODYVHkWoiWwlXD9UKwTsvtcN5gpnejMRt9NWBX","privKey":"QF52QNfPSO7QdcGE6WzN5OR+ocaRwMDPZ1HJgtFJ308="},"lastRemoteEphemeralKey":"BQzUIb0PYJRWhFQUBo6AfnKSfiwyQODNXADUG3kYVdpK","previousCounter":0,"rootKey":"omEZHMZ/YV+Ailk50xJ9OgVcKOmvlxSMmOJ/hDul75s="},"indexInfo":{"baseKey":"BfKjodByoW2zr3ZGVFNKEpb4FoMvuIUJz33xcg6mwtMA","baseKeyType":1,"closed":1746627382193,"used":1746627362316,"created":1746627362316,"remoteIdentityKey":"Bf7NqFU0CRy0NOfs2RMy0TF0rOZw7bEd9xxkVp3Y3RFe"},"_chains":{"BbDl6xODYVHkWoiWwlXD9UKwTsvtcN5gpnejMRt9NWBX":{"chainKey":{"counter":0,"key":"zHgsUfhVUMCkKRrt+LNTDYRmnrOmTdSJ1vH3zIu9Y8k="},"chainType":1,"messageKeys":{}}},"pendingPreKey":{"signedKeyId":1,"baseKey":"BfKjodByoW2zr3ZGVFNKEpb4FoMvuIUJz33xcg6mwtMA"}},"BRb6paSxBIirsXivtXVAIfmkRaDhkPZ0VMVVSdWxGxB9":{"registrationId":1884715055,"currentRatchet":{"ephemeralKeyPair":{"pubKey":"BaeYtXydqOrIox0/KFLpoLcOu6YMmkACp1DFf2C2X/5Q","privKey":"cL59OoD7PcswBvnNfpw3DwlkwdzortM4+j3yBRqKVkY="},"lastRemoteEphemeralKey":"BQzUIb0PYJRWhFQUBo6AfnKSfiwyQODNXADUG3kYVdpK","previousCounter":0,"rootKey":"vzo5zmjkgqnhsimUz915awesw/h8uBptHuOVy3OQQjs="},"indexInfo":{"baseKey":"BRb6paSxBIirsXivtXVAIfmkRaDhkPZ0VMVVSdWxGxB9","baseKeyType":1,"closed":1746627404879,"used":1746627381746,"created":1746627381746,"remoteIdentityKey":"Bf7NqFU0CRy0NOfs2RMy0TF0rOZw7bEd9xxkVp3Y3RFe"},"_chains":{"BaeYtXydqOrIox0/KFLpoLcOu6YMmkACp1DFf2C2X/5Q":{"chainKey":{"counter":0,"key":"uksY94kXjcUMQ+orHHXfliceaFiyD5O09OAPHPIwpn0="},"chainType":1,"messageKeys":{}}},"pendingPreKey":{"signedKeyId":1,"baseKey":"BRb6paSxBIirsXivtXVAIfmkRaDhkPZ0VMVVSdWxGxB9"}},"BWbjgNiUFw25DI0cwDJe7ak/pfyAMx43A6xddRiJtORh":{"registrationId":1884715055,"currentRatchet":{"ephemeralKeyPair":{"pubKey":"BVaAuNHfJzj90NB/aibZQQgF/LkXb4+Hcvi5ajJaFpZd","privKey":"QOWwYCmAKCqgOaVJHujJ1cZx5VP6BQaiz5JDm3JMCmk="},"lastRemoteEphemeralKey":"BQzUIb0PYJRWhFQUBo6AfnKSfiwyQODNXADUG3kYVdpK","previousCounter":0,"rootKey":"X56ZMZZ2vdzOGGdl9RhTD2UL62XY7/EbRjr9DUtqQ94="},"indexInfo":{"baseKey":"BWbjgNiUFw25DI0cwDJe7ak/pfyAMx43A6xddRiJtORh","baseKeyType":1,"closed":-1,"used":1746627404557,"created":1746627404557,"remoteIdentityKey":"Bf7NqFU0CRy0NOfs2RMy0TF0rOZw7bEd9xxkVp3Y3RFe"},"_chains":{"BVaAuNHfJzj90NB/aibZQQgF/LkXb4+Hcvi5ajJaFpZd":{"chainKey":{"counter":3,"key":"MXXesGwno9qEMip20WbXIrIfM+/IGgvj3/xrzGgo7kw="},"chainType":1,"messageKeys":{}}},"pendingPreKey":{"signedKeyId":1,"baseKey":"BWbjgNiUFw25DI0cwDJe7ak/pfyAMx43A6xddRiJtORh"}}},"version":"v1"}