{"_sessions":{"BREoNKCi/+D4gU8ToV+dvnvYxb4ckq7BbmdxMoueyWcy":{"registrationId":708847319,"currentRatchet":{"ephemeralKeyPair":{"pubKey":"BXwLsHjlqEWetiHp/cDffaCJ397t7sOKftC0mr3y6JgL","privKey":"KAoKzwaSPF9Ld5VRsfVTc7yj+ODnGZwWqwl9jWCERVM="},"lastRemoteEphemeralKey":"BcaAUQV2vLfe5zXm4oW0a1z3xGdT1UP90aASzDGxbTRt","previousCounter":0,"rootKey":"eFYX5a7c4aSN/OgmbS58CuccXZVPBwHD/Awur8IKed8="},"indexInfo":{"baseKey":"BREoNKCi/+D4gU8ToV+dvnvYxb4ckq7BbmdxMoueyWcy","baseKeyType":1,"closed":-1,"used":1746612493089,"created":1746612493089,"remoteIdentityKey":"Bc9OQh04iNyzWNDsJttO12cZolNl4gO6xzsbFqr8g5UV"},"_chains":{"BXwLsHjlqEWetiHp/cDffaCJ397t7sOKftC0mr3y6JgL":{"chainKey":{"counter":4,"key":"CimkPHwdI0c6GxIyABrdgVORXrB3afuWNk+jIBjzxv4="},"chainType":1,"messageKeys":{}}},"pendingPreKey":{"signedKeyId":7,"baseKey":"BREoNKCi/+D4gU8ToV+dvnvYxb4ckq7BbmdxMoueyWcy","preKeyId":1469935}}},"version":"v1"}