{"_sessions":{"BXLua066xV3m7q5Xx1zCBBxuuSPQuSEq3pphPcgaVGtm":{"registrationId":165549430,"currentRatchet":{"ephemeralKeyPair":{"pubKey":"BTMNipNhnv88shAjrTKlrKkymUC/7GJ69zW43GsbzgMX","privKey":"aPddJc4glyg5+pLNDvBglQ/Jm672NXejbJWDtFcYBGA="},"lastRemoteEphemeralKey":"BYHIiD/kAWAXiV8yld4xuyQMHEU4wqe7MLBzWDt++W1y","previousCounter":0,"rootKey":"VvmopFCu8E1v46fnmb/RqGw0NFj9USlQbQXPcVz8vng="},"indexInfo":{"baseKey":"BXLua066xV3m7q5Xx1zCBBxuuSPQuSEq3pphPcgaVGtm","baseKeyType":1,"closed":-1,"used":1746612497196,"created":1746612497196,"remoteIdentityKey":"BepWw/CqZoFJO3+HHjVxt7FBM6ETQjzaOlfxqeu/ghZh"},"_chains":{"BTMNipNhnv88shAjrTKlrKkymUC/7GJ69zW43GsbzgMX":{"chainKey":{"counter":4,"key":"6I5U3jMYegLDigz1JxBCRcjFyBK7+57RNzVJH9nFeW4="},"chainType":1,"messageKeys":{}}},"pendingPreKey":{"signedKeyId":4,"baseKey":"BXLua066xV3m7q5Xx1zCBBxuuSPQuSEq3pphPcgaVGtm","preKeyId":11975632}}},"version":"v1"}