{"_sessions":{"BRB613ZERe3wU7OE0cmkBoFKlh4l/EqrStqgZxoygwIn":{"registrationId":936367090,"currentRatchet":{"ephemeralKeyPair":{"pubKey":"BWyYVdgJqROST5pV1x5/TiaryW2eBUsHSZy2Gen+BEsJ","privKey":"SFr3oieWU8VHTbQJ2KrkC5oxMQ8RW4SLmyf9m0arskg="},"lastRemoteEphemeralKey":"Berf4sG9xwMdP+ZhnSZ+4XWcNXmUgyb/hCrNdJSm+JR7","previousCounter":0,"rootKey":"h9X/xtkYfTQ5YfZ7IOYzXmg49BiDnKeJWpoPhewQkSQ="},"indexInfo":{"baseKey":"BRB613ZERe3wU7OE0cmkBoFKlh4l/EqrStqgZxoygwIn","baseKeyType":1,"closed":-1,"used":1746612492668,"created":1746612492668,"remoteIdentityKey":"BfZ8v+tyWhgYv1SW42SYFxPUZ8idGG9LoMODtU+40Z4k"},"_chains":{"BWyYVdgJqROST5pV1x5/TiaryW2eBUsHSZy2Gen+BEsJ":{"chainKey":{"counter":4,"key":"qugTIZ8W78eY1mGYo90EvasT6m1OArzaVdIY+Pk54rs="},"chainType":1,"messageKeys":{}}},"pendingPreKey":{"signedKeyId":1,"baseKey":"BRB613ZERe3wU7OE0cmkBoFKlh4l/EqrStqgZxoygwIn","preKeyId":9343690}}},"version":"v1"}