{"_sessions":{"BVZVpXP2xzzSeHE4+nrtNfNJjFkuHOE1f+QhHDuruclF":{"registrationId":1061505546,"currentRatchet":{"ephemeralKeyPair":{"pubKey":"BRwM7Cmjohl2EYBReUzYeA72wDUkSyLv1pvs2DuKqtIR","privKey":"sMMh38TEGDnxv2QDF7Ni0f4Nj8kWAlcTGyZeL3bcR34="},"lastRemoteEphemeralKey":"BaIo4IMzdOxxrdicFF5LwLotOD3MpFipDBPoq0lWkH1e","previousCounter":0,"rootKey":"su/mXyHxcWf2/k8L8GkaYgMB3rQcRZFoJYXb8V34qsc="},"indexInfo":{"baseKey":"BVZVpXP2xzzSeHE4+nrtNfNJjFkuHOE1f+QhHDuruclF","baseKeyType":1,"closed":-1,"used":1746627351602,"created":1746627351602,"remoteIdentityKey":"BUf30FU4js5BetoNUXpZxxdiXoIqLeCfx0kOH8mosgNj"},"_chains":{"BRwM7Cmjohl2EYBReUzYeA72wDUkSyLv1pvs2DuKqtIR":{"chainKey":{"counter":0,"key":"d4hcnOO6F2e8TBPVMDJd3ZFSJepcYMZp/mnR1/7TYZU="},"chainType":1,"messageKeys":{}}},"pendingPreKey":{"signedKeyId":24,"baseKey":"BVZVpXP2xzzSeHE4+nrtNfNJjFkuHOE1f+QhHDuruclF","preKeyId":6015951}}},"version":"v1"}