{"_sessions":{"Be8c3wQ5JUkbqpHJdgcuv4i5q6NvY0XOUEsyjvUKSN0o":{"registrationId":573854228,"currentRatchet":{"ephemeralKeyPair":{"pubKey":"BW+XNTzKVbDv0l/KO1c9HqEtQCOXvoAA3s20zTLBpHQ+","privKey":"CEIChQi2eeoblI7d4Imrr0jWje0xCEKHKjv6NUJ16WM="},"lastRemoteEphemeralKey":"BcYaKnRBdK1+DMw7MU4geiVV+v1Vc/l/f3Dm68zg3Z1y","previousCounter":2,"rootKey":"HsvjTfAMX0muKcKDxi0ibRe1nZxifXUCt7azQv0S664="},"indexInfo":{"baseKey":"Be8c3wQ5JUkbqpHJdgcuv4i5q6NvY0XOUEsyjvUKSN0o","baseKeyType":1,"closed":-1,"used":1746627453960,"created":1746612488884,"remoteIdentityKey":"BaWHFEwNLlsoh2/s9eTM8N9fGAWggyij07EwZA7ua19J"},"_chains":{"BcYaKnRBdK1+DMw7MU4geiVV+v1Vc/l/f3Dm68zg3Z1y":{"chainKey":{"counter":0,"key":"fnkVofGcy7n0G9+2UOY7o/pLqhEdgLOdZ/2cM/E8LQI="},"chainType":2,"messageKeys":{}},"BW+XNTzKVbDv0l/KO1c9HqEtQCOXvoAA3s20zTLBpHQ+":{"chainKey":{"counter":1,"key":"Pmo1XuXk6Ufc/SW+TrqUuulkPeRkzC2q6JrVCC196n0="},"chainType":1,"messageKeys":{}}}}},"version":"v1"}