{"_sessions":{"BcqlWGLa5bFUo+bd846X0JgrYstBODEtdXENy53oM9cg":{"registrationId":534064711,"currentRatchet":{"ephemeralKeyPair":{"pubKey":"BQK0xmq7FpSf5l1V+CRLjmbrS+2D6KFsQjaXfA4KJZ1f","privKey":"ML847EZRu24mrngQ0K7HHkQRkPMPlWAE7QbcT+k6pkI="},"lastRemoteEphemeralKey":"BQuFInUnRk3BZ45kCRPJOPXY9EvEhiRa7rB3IzXa56oI","previousCounter":0,"rootKey":"TGap47D0NIZAdplHMh5s2kGGmGoklQyfhmtRagk78vI="},"indexInfo":{"baseKey":"BcqlWGLa5bFUo+bd846X0JgrYstBODEtdXENy53oM9cg","baseKeyType":1,"closed":-1,"used":1746631165551,"created":1746631165551,"remoteIdentityKey":"BWEXqKgw+1mk0uJLEpE2joKmVjF9yyRkRvQIia/tFTVT"},"_chains":{"BQK0xmq7FpSf5l1V+CRLjmbrS+2D6KFsQjaXfA4KJZ1f":{"chainKey":{"counter":0,"key":"IY1jqiPe7kw0lMy9I3piU2oPFWItiNFc8TJxQZzPxJk="},"chainType":1,"messageKeys":{}}},"pendingPreKey":{"signedKeyId":2,"baseKey":"BcqlWGLa5bFUo+bd846X0JgrYstBODEtdXENy53oM9cg","preKeyId":10049866}}},"version":"v1"}