{"_sessions":{"BQEXAPHsGHq7USHOTrefJkUDTVPeNnNU6vSMttLMxv9C":{"registrationId":399257180,"currentRatchet":{"ephemeralKeyPair":{"pubKey":"BeSvr/P8QgnJLzMQRhiSF+rDm33TctuOy9MZDSgyG9Fb","privKey":"qJ1ULYE1fLiX7R48XA8qr8TsFjIkLcPA+bv98x3hjFk="},"lastRemoteEphemeralKey":"BcwIjwRaqjlrkf5fSoQqDSRloxjEIHo8XL+2PMy0Kw4+","previousCounter":0,"rootKey":"NPkjmPpZ7474cYHCAxw+zBJodnlAy9JOphrg9HdT8qE="},"indexInfo":{"baseKey":"BQEXAPHsGHq7USHOTrefJkUDTVPeNnNU6vSMttLMxv9C","baseKeyType":1,"closed":-1,"used":1746612492952,"created":1746612492952,"remoteIdentityKey":"BeEXOSuFMH9NtKUBOJOaMMIZ3i+7qrOXOujLo2Yuf5Fx"},"_chains":{"BeSvr/P8QgnJLzMQRhiSF+rDm33TctuOy9MZDSgyG9Fb":{"chainKey":{"counter":4,"key":"k8x/K5MKJU5rBq/M942DrxBm94PLA1tV7O+N2NU5vi4="},"chainType":1,"messageKeys":{}}},"pendingPreKey":{"signedKeyId":1,"baseKey":"BQEXAPHsGHq7USHOTrefJkUDTVPeNnNU6vSMttLMxv9C"}}},"version":"v1"}