{"_sessions":{"BSWoz8LZPXeuDDBe2Kb0IjJdtPqCRq0Aadap/SV5JQ1F":{"registrationId":1901566187,"currentRatchet":{"ephemeralKeyPair":{"pubKey":"BUvId6LMrtzbUlxBfaV/fxFjX4YyqFBm5M8ktSyQvFYf","privKey":"iLnUSgTKkpYSlj+G3huJgofC8E6tVCZzoYfY9T0nI1Y="},"lastRemoteEphemeralKey":"BYMqiu7ilyUCmEON3h/1ae9jOaj9DAifIFpmQPPSe30b","previousCounter":0,"rootKey":"nDx67iEWaBR9Nz6nXqu7LcR8ygj+vTZLxrbeXEpGQ9I="},"indexInfo":{"baseKey":"BSWoz8LZPXeuDDBe2Kb0IjJdtPqCRq0Aadap/SV5JQ1F","baseKeyType":1,"closed":-1,"used":1746612497352,"created":1746612497352,"remoteIdentityKey":"Bc03ZQpYh0uQCM+Rip+yhaSHCaQ6K56FF0ILs9jxhQ4p"},"_chains":{"BUvId6LMrtzbUlxBfaV/fxFjX4YyqFBm5M8ktSyQvFYf":{"chainKey":{"counter":4,"key":"9NNZ1hwWpDCMrMxeG0oEs+ECZhaBLHvw6iP9Ed7652A="},"chainType":1,"messageKeys":{}}},"pendingPreKey":{"signedKeyId":3,"baseKey":"BSWoz8LZPXeuDDBe2Kb0IjJdtPqCRq0Aadap/SV5JQ1F","preKeyId":3992291}}},"version":"v1"}