{"_sessions":{"BatQ6a/yPvAaqPhLVGmr93XDH03pHbSjir+6L7tpGxwR":{"registrationId":1345755670,"currentRatchet":{"ephemeralKeyPair":{"pubKey":"Bc9s9/Cn02Ywyi9IUKQrWUu71iFTrXy1HjxW5sjhcuVQ","privKey":"4KTkKzUbLVxcW69RsmwzLDPiRcp/4X1DE1pNpbtOHlI="},"lastRemoteEphemeralKey":"BW02YFMWpWENDnWCi7DJfQnteirlqFTSqggn87FY5i0x","previousCounter":0,"rootKey":"wmLvXvf3oZymNAElilqZG2tzc3ePh1gTwJSjGqAI5Q4="},"indexInfo":{"baseKey":"BatQ6a/yPvAaqPhLVGmr93XDH03pHbSjir+6L7tpGxwR","baseKeyType":1,"closed":-1,"used":1746612493025,"created":1746612493025,"remoteIdentityKey":"BZvsZdNmqFNYBMNRiQTZHcjEfhVswWa+iYyXodpJm8tN"},"_chains":{"Bc9s9/Cn02Ywyi9IUKQrWUu71iFTrXy1HjxW5sjhcuVQ":{"chainKey":{"counter":4,"key":"WqITzdVUxChasWF4TDhZCyFvgL1Qq1AA78a9COXxcNs="},"chainType":1,"messageKeys":{}}},"pendingPreKey":{"signedKeyId":12,"baseKey":"BatQ6a/yPvAaqPhLVGmr93XDH03pHbSjir+6L7tpGxwR"}}},"version":"v1"}