{"_sessions":{"BXHXdDNYbb1h70rW/PCoCIak/fnFBj//x4vgwFnQuRdu":{"registrationId":237135888,"currentRatchet":{"ephemeralKeyPair":{"pubKey":"BRDM7ORBmQagn6QH3z2Rdkcl8/pVnP2D4XJPOPH6n1lk","privKey":"OCvQphMgFHWx376YTbaDGJ7kacRqIZOJEBsr46B95H8="},"lastRemoteEphemeralKey":"BQsfXzTKVUk6N93AnZyPkMtLJUA+SNU5q2Eqr2ugeVAG","previousCounter":0,"rootKey":"agO5KQt6T7t4+ngHnRd8YIcZlGeoUJ31T1tjNkcNNNU="},"indexInfo":{"baseKey":"BXHXdDNYbb1h70rW/PCoCIak/fnFBj//x4vgwFnQuRdu","baseKeyType":1,"closed":-1,"used":1746612497190,"created":1746612497190,"remoteIdentityKey":"BRwA8U/PpyIW+GwyvKpabR0Ch33WF4DI8ksFb8Q75FcS"},"_chains":{"BRDM7ORBmQagn6QH3z2Rdkcl8/pVnP2D4XJPOPH6n1lk":{"chainKey":{"counter":4,"key":"rKVc5JwlNDKuwZcxtEkLRchRZo3DKQsOMHR6B1HXOc4="},"chainType":1,"messageKeys":{}}},"pendingPreKey":{"signedKeyId":5,"baseKey":"BXHXdDNYbb1h70rW/PCoCIak/fnFBj//x4vgwFnQuRdu","preKeyId":11413106}}},"version":"v1"}