{"_sessions":{"BR54VoSEVXGM98A1bIKj/6V51dLQ/69Mp22r+ptZek5g":{"registrationId":278038610,"currentRatchet":{"ephemeralKeyPair":{"pubKey":"BVUxKVCuuLi3OdXoNuJWfU+d9konokUWLJzEwZtrK6h0","privKey":"YPqWwx0TU0hJK7YDBnpbCFJQyMZa0WEUz2E0W1WVzUU="},"lastRemoteEphemeralKey":"BZLoMxc+hxkBxidUIDAsW4OM+1ZL/+3L4khWbiPPiCYi","previousCounter":0,"rootKey":"oaJjVAmn9deUv7AqH6fylQVIu4xJbARQqMp91W9IK9Q="},"indexInfo":{"baseKey":"BR54VoSEVXGM98A1bIKj/6V51dLQ/69Mp22r+ptZek5g","baseKeyType":1,"closed":-1,"used":1746612488600,"created":1746612488600,"remoteIdentityKey":"BX+1GNBp2jSQVa3TEs+PaTfjm0gV4aEXVZX7OWt3As1c"},"_chains":{"BVUxKVCuuLi3OdXoNuJWfU+d9konokUWLJzEwZtrK6h0":{"chainKey":{"counter":4,"key":"fsKree93gRpTUtWeFjxDFy5Dse039yW/Ycyo/G6Zqp8="},"chainType":1,"messageKeys":{}}},"pendingPreKey":{"signedKeyId":0,"baseKey":"BR54VoSEVXGM98A1bIKj/6V51dLQ/69Mp22r+ptZek5g","preKeyId":1751537}}},"version":"v1"}