{"_sessions":{"BXiF9c4RTVbu35o9ZB/c8F92DcQEXtbsd5FWnqatB5EW":{"registrationId":1767883900,"currentRatchet":{"ephemeralKeyPair":{"pubKey":"BbbO2Z+qhFgWI32kHxNM4mAXhUU+WueR3624MU5ASsIS","privKey":"cD9A4Yurz4IoL99z7FSTvZ0OOk4xmWDJK8yN1Y8BiWI="},"lastRemoteEphemeralKey":"BTn1rk4isrMX3FmRJGofkzchwF/iMa5jLMXeayzmkoxJ","previousCounter":0,"rootKey":"Zarlx0BfZ1pU97oA1LCL3KhpBWKrk+MmNYj3jmFVcIE="},"indexInfo":{"baseKey":"BXiF9c4RTVbu35o9ZB/c8F92DcQEXtbsd5FWnqatB5EW","baseKeyType":1,"closed":-1,"used":1746612488853,"created":1746612488853,"remoteIdentityKey":"BQ5lQ+Tq5aJJlM//4+U5rWiXVRmBA2SI89TZ/U9qAB1E"},"_chains":{"BbbO2Z+qhFgWI32kHxNM4mAXhUU+WueR3624MU5ASsIS":{"chainKey":{"counter":4,"key":"Why4U9+doNic6nGslbw81wieKNG1/6mup+F5JdwruBM="},"chainType":1,"messageKeys":{}}},"pendingPreKey":{"signedKeyId":2,"baseKey":"BXiF9c4RTVbu35o9ZB/c8F92DcQEXtbsd5FWnqatB5EW","preKeyId":16598293}}},"version":"v1"}