{"_sessions":{"BeaaNw2s5zekJv817C6x02fZX+JTuSGXJas2nWOz5ZRB":{"registrationId":2118516591,"currentRatchet":{"ephemeralKeyPair":{"pubKey":"BT/0cEOlr6kJeBZS8d2j7RS4bpQy9sqDr0SPV3WPeiVW","privKey":"2BlqnKes4kelYiC+wmNLVJQG9QTLvFprUCg0RkWAD3s="},"lastRemoteEphemeralKey":"BbM7Wr6R3jhAE6JOEL+SlPBCVURcq6F9tYzwQJZG3iRT","previousCounter":0,"rootKey":"rldBioT6ywCHbDiJhMGf2wcMOaaBK1YDLAOjxLquDs0="},"indexInfo":{"baseKey":"BeaaNw2s5zekJv817C6x02fZX+JTuSGXJas2nWOz5ZRB","baseKeyType":1,"closed":-1,"used":1746627351032,"created":1746627351032,"remoteIdentityKey":"BcjhgsDjFSF+GBwYtgrq2lJ9Y+7VG6zDeWP8zKJCt6NY"},"_chains":{"BT/0cEOlr6kJeBZS8d2j7RS4bpQy9sqDr0SPV3WPeiVW":{"chainKey":{"counter":0,"key":"EeGSd1UYbm6L4y4PUa0WUXChJO+NtrfO/YDSp8ltSGw="},"chainType":1,"messageKeys":{}}},"pendingPreKey":{"signedKeyId":6,"baseKey":"BeaaNw2s5zekJv817C6x02fZX+JTuSGXJas2nWOz5ZRB","preKeyId":3938939}}},"version":"v1"}