{"_sessions":{"BbIzfoYG9wTvF37NAzIhLWBHrD/IV6rFuJav+Y7OF7c+":{"registrationId":59429643,"currentRatchet":{"ephemeralKeyPair":{"pubKey":"BY1SefegbpgvB7IhAe1RjmCifXQnBsyzp0AB0QIGKNwy","privKey":"QICsnxKECJa4e/U+pMAMW/5VBBzvfyjnE7miBn+LW3c="},"lastRemoteEphemeralKey":"BZ8w+ZUlpXgj/qMwvjtf7G3iBDLX6GkbhcsKeKR/OUVp","previousCounter":0,"rootKey":"Pefr7XoRbGU2yOCRfaD2OX1uyIeVqfJhIqMZHK9ub1k="},"indexInfo":{"baseKey":"BbIzfoYG9wTvF37NAzIhLWBHrD/IV6rFuJav+Y7OF7c+","baseKeyType":1,"closed":-1,"used":1746612497364,"created":1746612497364,"remoteIdentityKey":"BQl5JwPqJusGNpng7De+lwEwe4+1DYzo0rHEBGpDGvQa"},"_chains":{"BY1SefegbpgvB7IhAe1RjmCifXQnBsyzp0AB0QIGKNwy":{"chainKey":{"counter":4,"key":"vMuE91U4dozzhtmGatO1/qorWiARoY7nHUiUncRyUUw="},"chainType":1,"messageKeys":{}}},"pendingPreKey":{"signedKeyId":3,"baseKey":"BbIzfoYG9wTvF37NAzIhLWBHrD/IV6rFuJav+Y7OF7c+","preKeyId":9851519}}},"version":"v1"}