{"_sessions":{"BSja03txpNvo/QeH9GwHYUJKSeMAVkHpjSGQp16TdGRx":{"registrationId":1289105147,"currentRatchet":{"ephemeralKeyPair":{"pubKey":"BQQtvj+qPQrRCGet1qqJnOuYK5OZVhhn3zL5dCnmsths","privKey":"YKM91q0q2MAwItNyRBxgVDYdtDfiKoYN5UPwZ2lHMFQ="},"lastRemoteEphemeralKey":"BZlAxYoytdgKjSe6jBvkWp6h04krPEbY6g/q/FkE0K4C","previousCounter":0,"rootKey":"nvR9uCZIi9wLsjEZ+B21mey4Xu4+KioBfxdY4X17Fcs="},"indexInfo":{"baseKey":"BSja03txpNvo/QeH9GwHYUJKSeMAVkHpjSGQp16TdGRx","baseKeyType":1,"closed":-1,"used":1746612496946,"created":1746612496946,"remoteIdentityKey":"BUaJ9AUVYWWMvXHZgjDboo5kiwk6s0CjsBZXw5PWAOpg"},"_chains":{"BQQtvj+qPQrRCGet1qqJnOuYK5OZVhhn3zL5dCnmsths":{"chainKey":{"counter":4,"key":"lHapS7yNv/bFJNRE02NVPYYO70aqTOpT4iRPUPh2uuA="},"chainType":1,"messageKeys":{}}},"pendingPreKey":{"signedKeyId":0,"baseKey":"BSja03txpNvo/QeH9GwHYUJKSeMAVkHpjSGQp16TdGRx"}}},"version":"v1"}