{"_sessions":{"BYEcYnDPSWFW9fBpL/ig9TMZmWr7mDo9T3+uqWoYH4Bm":{"registrationId":479905874,"currentRatchet":{"ephemeralKeyPair":{"pubKey":"BZfrnyq1HwbLoIyu+STBy/wzDOaBa1ENcng0vypN/Zt5","privKey":"uJL4nVYqXYSHRU0mrG2ClGkBZcYMeEfbZsS8ynnKAEM="},"lastRemoteEphemeralKey":"BWcRcRjt/QnS94LXWK46HeWPzstVz9LKJ4ZYsr1miMlI","previousCounter":0,"rootKey":"wUYcev28q2Ut0kZnd0byIeUVenXvEHxVOxs2LKk5cGQ="},"indexInfo":{"baseKey":"BYEcYnDPSWFW9fBpL/ig9TMZmWr7mDo9T3+uqWoYH4Bm","baseKeyType":1,"closed":-1,"used":1746612488786,"created":1746612488786,"remoteIdentityKey":"BZlEn/H7YPm3TY8jjW1hlGlwsSSu+fTG3TrZefAOEFt0"},"_chains":{"BZfrnyq1HwbLoIyu+STBy/wzDOaBa1ENcng0vypN/Zt5":{"chainKey":{"counter":4,"key":"sjews3rkdXim+E7+O/cqz9Brp/x8xqHXRFjWs4p3xCw="},"chainType":1,"messageKeys":{}}},"pendingPreKey":{"signedKeyId":2,"baseKey":"BYEcYnDPSWFW9fBpL/ig9TMZmWr7mDo9T3+uqWoYH4Bm","preKeyId":11848761}}},"version":"v1"}