{"_sessions":{"BabeBSbrNUJGrW41qCxJIiFwbDlK96EzDed2BLbERFYx":{"registrationId":235,"currentRatchet":{"ephemeralKeyPair":{"pubKey":"BQQrCI7j21Z2LXZirJzY0Cj5jW5EmFXeGwiozfZRvCIA","privKey":"+IJ/uDpn4R+9H7dcLkhQQn65zkqVbAkMc1APFRf/slA="},"lastRemoteEphemeralKey":"BY0/RemnkYzPforS1quc5x+QKamxM7P7mBdPklGt/fEq","previousCounter":0,"rootKey":"miKim1Y6utBqYJVlqcA0pe6h7bmLf2Kyn07lwD/HE5I="},"indexInfo":{"baseKey":"BabeBSbrNUJGrW41qCxJIiFwbDlK96EzDed2BLbERFYx","baseKeyType":1,"closed":-1,"used":1746612488393,"created":1746612488393,"remoteIdentityKey":"BW5MN6aUfItHxPFk4jYNmj0brz8A/f3Zvz0wQNDYVCsx"},"_chains":{"BQQrCI7j21Z2LXZirJzY0Cj5jW5EmFXeGwiozfZRvCIA":{"chainKey":{"counter":4,"key":"cjqSL2/MHb1fN721OQgQzgNQHuGW7iQ4KI/X0iByaTI="},"chainType":1,"messageKeys":{}}},"pendingPreKey":{"signedKeyId":1,"baseKey":"BabeBSbrNUJGrW41qCxJIiFwbDlK96EzDed2BLbERFYx"}}},"version":"v1"}