{"_sessions":{"BdFwkLmkzdzz0nzTkz0M/WJTg8eOuCdPxa2sxcbfRA8o":{"registrationId":192386527,"currentRatchet":{"ephemeralKeyPair":{"pubKey":"BUdq+jYiwmrvR+4uXHVPMGa1bYcetCIJhZx9vsYUMStn","privKey":"SJUwO3unnZUArdUJitwzuME0j2mowgI8Z+zClFemi0Q="},"lastRemoteEphemeralKey":"BSh8ScZpLJotrj1FG50bUOs3+i1xszTemWUZtrEAoT5z","previousCounter":0,"rootKey":"7bwBJRq2dWVdfcPSouBN6GPuUn9mSEYhaZw4mZEXufA="},"indexInfo":{"baseKey":"BdFwkLmkzdzz0nzTkz0M/WJTg8eOuCdPxa2sxcbfRA8o","baseKeyType":1,"closed":1746627382277,"used":1746627362372,"created":1746627362372,"remoteIdentityKey":"BcvpwCNLNnivIH4IlY7UNm12LSySvAIhHSVvTcF8XFJ4"},"_chains":{"BUdq+jYiwmrvR+4uXHVPMGa1bYcetCIJhZx9vsYUMStn":{"chainKey":{"counter":0,"key":"VoNqlIMVr2K3X0e/F3tZpUozDD3vnrujOx8N8hkYtFI="},"chainType":1,"messageKeys":{}}},"pendingPreKey":{"signedKeyId":0,"baseKey":"BdFwkLmkzdzz0nzTkz0M/WJTg8eOuCdPxa2sxcbfRA8o","preKeyId":8272905}},"Bc7+X/M461SlCBlAsXIs+Yf/5iw0E8/Nb1x24AzvjJpW":{"registrationId":192386527,"currentRatchet":{"ephemeralKeyPair":{"pubKey":"BQXQxy9pDxiZTixJqGM03pOz9u+Pobz58+NtpapQaatS","privKey":"6OWO2EieK0ZG55jk+sMdYKUaJeX8JcQ+T6TK7C/xPVE="},"lastRemoteEphemeralKey":"BSh8ScZpLJotrj1FG50bUOs3+i1xszTemWUZtrEAoT5z","previousCounter":0,"rootKey":"6HfsKti9FRuf+T4o39FTTyJICZNsgpHySXNFmv1dfyM="},"indexInfo":{"baseKey":"Bc7+X/M461SlCBlAsXIs+Yf/5iw0E8/Nb1x24AzvjJpW","baseKeyType":1,"closed":1746627404888,"used":1746627381802,"created":1746627381802,"remoteIdentityKey":"BcvpwCNLNnivIH4IlY7UNm12LSySvAIhHSVvTcF8XFJ4"},"_chains":{"BQXQxy9pDxiZTixJqGM03pOz9u+Pobz58+NtpapQaatS":{"chainKey":{"counter":0,"key":"reR/unCQe3a+OFyKEytFMtXZRcDuQoYITpJRXEllbY8="},"chainType":1,"messageKeys":{}}},"pendingPreKey":{"signedKeyId":0,"baseKey":"Bc7+X/M461SlCBlAsXIs+Yf/5iw0E8/Nb1x24AzvjJpW","preKeyId":8272984}},"BYLMfc9XDfUkAMzFnySkrPr7MTLCZDKj10EItTlu8zoC":{"registrationId":192386527,"currentRatchet":{"ephemeralKeyPair":{"pubKey":"Bei1Je2YA1zD8gPj8g9bI3CCLwePATznYmz4pK6SzkoU","privKey":"cIyFORDYAqqro6Y01FnToG27TzTycBTQ1hFYVzH+7XI="},"lastRemoteEphemeralKey":"BSh8ScZpLJotrj1FG50bUOs3+i1xszTemWUZtrEAoT5z","previousCounter":0,"rootKey":"wGF0FNaL9+8Ueunivcp7Xf4fxcgo+pUPL22BpI2sGoA="},"indexInfo":{"baseKey":"BYLMfc9XDfUkAMzFnySkrPr7MTLCZDKj10EItTlu8zoC","baseKeyType":1,"closed":-1,"used":1746627404596,"created":1746627404596,"remoteIdentityKey":"BcvpwCNLNnivIH4IlY7UNm12LSySvAIhHSVvTcF8XFJ4"},"_chains":{"Bei1Je2YA1zD8gPj8g9bI3CCLwePATznYmz4pK6SzkoU":{"chainKey":{"counter":3,"key":"Gzp4rSkeq5Mj/T1TDIMwdJGunPtx260sDOMCM+ky+aA="},"chainType":1,"messageKeys":{}}},"pendingPreKey":{"signedKeyId":0,"baseKey":"BYLMfc9XDfUkAMzFnySkrPr7MTLCZDKj10EItTlu8zoC","preKeyId":8272255}}},"version":"v1"}