{"_sessions":{"BV8lT7NK2IoBpZcnrchfHAh4f5Vg4zm4kitslnaTpBxs":{"registrationId":1285442103,"currentRatchet":{"ephemeralKeyPair":{"pubKey":"BU7AbHptTXiwvkAY70pHJSYIrGdHO3D4KmK7l20uVpB7","privKey":"KDOHz9QfGGed9jSmnipAu6G5pUuYKqaIr9vd4B5jPWI="},"lastRemoteEphemeralKey":"BYFcBrhPwcHAdrgz98mddYGu8thZI7jvFy/k2GhqoZE/","previousCounter":0,"rootKey":"pkXr8fVbaIYxECUKO+e1aYyfe+19QNQkxUT97jHhxY8="},"indexInfo":{"baseKey":"BV8lT7NK2IoBpZcnrchfHAh4f5Vg4zm4kitslnaTpBxs","baseKeyType":1,"closed":-1,"used":1746612497176,"created":1746612497176,"remoteIdentityKey":"BQVybQMF9Odvs8eW1cWU/FZ9k2OWMcWPz3QR8pjPXCUz"},"_chains":{"BU7AbHptTXiwvkAY70pHJSYIrGdHO3D4KmK7l20uVpB7":{"chainKey":{"counter":4,"key":"fzuD/U1HtzVljB6u+jXlZbAGwWzfSjF+r5VzrQrN3Og="},"chainType":1,"messageKeys":{}}},"pendingPreKey":{"signedKeyId":15,"baseKey":"BV8lT7NK2IoBpZcnrchfHAh4f5Vg4zm4kitslnaTpBxs","preKeyId":5600155}}},"version":"v1"}