{"_sessions":{"BetU0BD2H/xl5h68ME1CEgJSwHTDfnVjm/UrjNL4om8r":{"registrationId":646101063,"currentRatchet":{"ephemeralKeyPair":{"pubKey":"BdWggOiLx0zCsthBTmrdSGzRILyEoQ5NhORRoqu3KAxs","privKey":"QDZQXNM4n+AuMOm96ij5uj0i2zWXIeWKvFA3r4Y0K0E="},"lastRemoteEphemeralKey":"BYMUbIETCKsnMwEwTDO654ykOSzVqwkVTQ5x8LCskn5G","previousCounter":0,"rootKey":"kd2bFRAGVeAnUyCN5+477tEWDggcrot3xnUcr11ndGo="},"indexInfo":{"baseKey":"BetU0BD2H/xl5h68ME1CEgJSwHTDfnVjm/UrjNL4om8r","baseKeyType":1,"closed":-1,"used":1746627350694,"created":1746627350694,"remoteIdentityKey":"BXeR1on5nZVnpXXEpcyTkhmdVoDrMljdNU8hhYzMBfsr"},"_chains":{"BdWggOiLx0zCsthBTmrdSGzRILyEoQ5NhORRoqu3KAxs":{"chainKey":{"counter":0,"key":"zban20k606yIsyr6lX9Nq5iJNAwJk6rK9dDsMyuo00g="},"chainType":1,"messageKeys":{}}},"pendingPreKey":{"signedKeyId":0,"baseKey":"BetU0BD2H/xl5h68ME1CEgJSwHTDfnVjm/UrjNL4om8r","preKeyId":870385}}},"version":"v1"}