{"_sessions":{"BcnJDZUvPbv+/EC6N/pY+VvQBtfIf9O41RYDQ2lZzy1F":{"registrationId":141689991,"currentRatchet":{"ephemeralKeyPair":{"pubKey":"BQgnJMt6+Xh17Yub8EKfaNO0kPlA3E4yTF0F6vyZlW43","privKey":"mH+OfT34Umi77LTZPA1RthYBgsSVakHdnSIP54tfQkg="},"lastRemoteEphemeralKey":"BWuKuyLpa/sPGkmEefimtAjR6M7CPHKeycSVwN6aekQ/","previousCounter":0,"rootKey":"p6RizWnK+5mr/s8/FDOApvM7wWKigDkuN87GkKh5gE0="},"indexInfo":{"baseKey":"BcnJDZUvPbv+/EC6N/pY+VvQBtfIf9O41RYDQ2lZzy1F","baseKeyType":1,"closed":-1,"used":1746612497135,"created":1746612497135,"remoteIdentityKey":"Ba0u8yxN/wYqP1mwZY26lXRtcuB9gTwICYOrR5yxHDZr"},"_chains":{"BQgnJMt6+Xh17Yub8EKfaNO0kPlA3E4yTF0F6vyZlW43":{"chainKey":{"counter":4,"key":"kVDIccnT/WSfCS0vzKyDmOmoE+kArJ5gc/SyfeC/ezM="},"chainType":1,"messageKeys":{}}},"pendingPreKey":{"signedKeyId":0,"baseKey":"BcnJDZUvPbv+/EC6N/pY+VvQBtfIf9O41RYDQ2lZzy1F","preKeyId":13006470}}},"version":"v1"}