{"_sessions":{"BZmrWeSvJhAolxKpxtewicEy3h35iFUJ5XSXGSGgNOk0":{"registrationId":1949828989,"currentRatchet":{"ephemeralKeyPair":{"pubKey":"BV4ojdKp20w58fOxLwI5VGfrKr8nXLUDIVWoVaWeU4Nx","privKey":"SKrThNGMUb3nFWtNpj7f9VceA/an1WyqcmrzVfbn70Y="},"lastRemoteEphemeralKey":"BQT0taLcvqCNZmJDfzNqC4gj0j1Tt+PgTACGNO8c+wFk","previousCounter":0,"rootKey":"ovxUvdv/dF3Crbn4HZAXBKoRpAChVNFcsAubaTFt4NI="},"indexInfo":{"baseKey":"BZmrWeSvJhAolxKpxtewicEy3h35iFUJ5XSXGSGgNOk0","baseKeyType":1,"closed":-1,"used":1746627350941,"created":1746627350941,"remoteIdentityKey":"BQZkb85+gZIOrb4KE/zGqRC4G0ttPu/+E9MfpZyvpF4K"},"_chains":{"BV4ojdKp20w58fOxLwI5VGfrKr8nXLUDIVWoVaWeU4Nx":{"chainKey":{"counter":0,"key":"/7jqDR5f7fsZY4IEZ6wn2A5anVUCN6Q1AvtGuCLiSKY="},"chainType":1,"messageKeys":{}}},"pendingPreKey":{"signedKeyId":3,"baseKey":"BZmrWeSvJhAolxKpxtewicEy3h35iFUJ5XSXGSGgNOk0","preKeyId":1095700}}},"version":"v1"}