{"_sessions":{"BaWtahLd4TdqRS16ekEE4tukpcOpjUCO/2J8icVsmkVn":{"registrationId":1830312375,"currentRatchet":{"ephemeralKeyPair":{"pubKey":"BXeX842S0Sm+pjancm7HLO6tkqbQfEv2HXwqA2FJpigS","privKey":"yJFAA60u7vPN1em3Zs8ZDoKqlcQLwbwj4zKUN+22TGA="},"lastRemoteEphemeralKey":"BQ675LgCpcsN2Ve2LUvA7wcp48gEl8Rj3NmEESUcYnVy","previousCounter":0,"rootKey":"PI1C2vZjgTnCuhDRHsglWP/ZWTjGGX2emRt41PFwuas="},"indexInfo":{"baseKey":"BaWtahLd4TdqRS16ekEE4tukpcOpjUCO/2J8icVsmkVn","baseKeyType":1,"closed":-1,"used":1746612496865,"created":1746612496865,"remoteIdentityKey":"BVwczj8Xlmlsphf14qxcMugR0usZIv+HHqpUITrRvKNF"},"_chains":{"BXeX842S0Sm+pjancm7HLO6tkqbQfEv2HXwqA2FJpigS":{"chainKey":{"counter":4,"key":"5OvQ1ErEJn5WQFqByBy1QWzDkV6nvrg4cI+7OvFI9HI="},"chainType":1,"messageKeys":{}}},"pendingPreKey":{"signedKeyId":0,"baseKey":"BaWtahLd4TdqRS16ekEE4tukpcOpjUCO/2J8icVsmkVn","preKeyId":13206559}}},"version":"v1"}