{"_sessions":{"BQOJTpCvWC4XQETF0BwG9PPIfxzLwT33niYcHNvVwn9t":{"registrationId":996328948,"currentRatchet":{"ephemeralKeyPair":{"pubKey":"Ba+t2tMzEhNF9FlOIqXsUFugH3GzBxk3uzpT4HQ3Dupn","privKey":"ABi2qzCt7XTz6QwZn5rRiwIaXab8Vc5SbqivQ7cpRVM="},"lastRemoteEphemeralKey":"BfOwOccEv9lHXxYo/13dwhFf2KcqSO0wpcZozpfLaLwu","previousCounter":1,"rootKey":"VOZmfSZsV+Symw6nwrRoqxCV1uSJRtdg8XSIP9DeQA0="},"indexInfo":{"baseKey":"BQOJTpCvWC4XQETF0BwG9PPIfxzLwT33niYcHNvVwn9t","baseKeyType":1,"closed":-1,"used":1746634788529,"created":1746612499079,"remoteIdentityKey":"BZ272nzqWSRayJqjTe1Im4Dqe1p/u/1bq7XKfQn/uM4T"},"_chains":{"Bc0UryJbsf0iPGVMmhXHPl7v8B0Xk0hH8HsJ0cYx7W5k":{"chainKey":{"counter":2},"chainType":2,"messageKeys":{"0":"UFPXIvMwN1L2q0hzxDHmYcKFV9yxExhSb677MmD2Lis="}},"BfOwOccEv9lHXxYo/13dwhFf2KcqSO0wpcZozpfLaLwu":{"chainKey":{"counter":2,"key":"5aIwubzWXmDexTjq/WRQigVqhPms5JMp4WEXpa3/AoI="},"chainType":2,"messageKeys":{}},"Ba+t2tMzEhNF9FlOIqXsUFugH3GzBxk3uzpT4HQ3Dupn":{"chainKey":{"counter":-1,"key":"8xnxncuDeTqP9pZjhdBJvyGT3dgEpScRvVUPBo1jhPM="},"chainType":1,"messageKeys":{}}}}},"version":"v1"}