{"_sessions":{"BVjkml7ChSHVHIfSXFPjf7WB1qmb5+Ps48ecyAE/gkEZ":{"registrationId":1745568598,"currentRatchet":{"ephemeralKeyPair":{"pubKey":"BefKVQGUadDgoikeaqtrd25WPTFWWbLxpiqUODJWilJz","privKey":"eDwFjkmn8O7CZShynmEVbixWgcWzCP0J1Zj2TPQxzmI="},"lastRemoteEphemeralKey":"BfHSeUhGeE/StPZACRVASW+LM7Mcy7vd9SJpsNq7QYtf","previousCounter":0,"rootKey":"KuOvtS015g4gJwHdrFowrEq7kUvev2NG7/jDNH3KLrI="},"indexInfo":{"baseKey":"BVjkml7ChSHVHIfSXFPjf7WB1qmb5+Ps48ecyAE/gkEZ","baseKeyType":1,"closed":-1,"used":1746612497072,"created":1746612497072,"remoteIdentityKey":"BSctRhnP3Qi4sVmp7CCjMN9kdBXlzvF1AZWeCCf2NRse"},"_chains":{"BefKVQGUadDgoikeaqtrd25WPTFWWbLxpiqUODJWilJz":{"chainKey":{"counter":4,"key":"x0pesmUddM882I+ZXPyFC7SoK/73Dia85pGlw/58raE="},"chainType":1,"messageKeys":{}}},"pendingPreKey":{"signedKeyId":14,"baseKey":"BVjkml7ChSHVHIfSXFPjf7WB1qmb5+Ps48ecyAE/gkEZ","preKeyId":15721216}}},"version":"v1"}