{"_sessions":{"BTs3JRnE0hzSE5jDjHnVC/MNtm0hc6QwRWIf7LA//fgE":{"registrationId":325779230,"currentRatchet":{"ephemeralKeyPair":{"pubKey":"BTamopHAsiOhBVFY3yh+cqBpQoV+/pxbpNyCtOvbMfQJ","privKey":"UKfK2XMZpcCY5TVd+LCrLeeq54jgHeJX0MiLLi+CUXo="},"lastRemoteEphemeralKey":"BViaF/04YCXmzPt06MNocYaNTqVCi8klv/P5c9ytOf9y","previousCounter":0,"rootKey":"MeAmp9/xy/yxNgpFNjfZLiMa0eWliGU2GnuGFHmaf6o="},"indexInfo":{"baseKey":"BTs3JRnE0hzSE5jDjHnVC/MNtm0hc6QwRWIf7LA//fgE","baseKeyType":1,"closed":-1,"used":1746612488969,"created":1746612488969,"remoteIdentityKey":"Ba0k9rIl1dZxQPAGUTHe3MpkYA+YwUnZ+THeG9roxRNq"},"_chains":{"BTamopHAsiOhBVFY3yh+cqBpQoV+/pxbpNyCtOvbMfQJ":{"chainKey":{"counter":4,"key":"+Ap1v5JKDJeKtby/6mvGruYxX//FQqTHwOOx9AqQRdU="},"chainType":1,"messageKeys":{}}},"pendingPreKey":{"signedKeyId":0,"baseKey":"BTs3JRnE0hzSE5jDjHnVC/MNtm0hc6QwRWIf7LA//fgE","preKeyId":16438462}}},"version":"v1"}