{"_sessions":{"Bedy785y6131W3kty3i+4plm4v4cMU3JIW/tCX1n8fQ2":{"registrationId":2029306511,"currentRatchet":{"ephemeralKeyPair":{"pubKey":"BS2DuDU7s5TRLWa/VjdZZfVJE+bMxVjo6TLgmC/gJaky","privKey":"2BIvsILmcaigaFQAZHswEnfHQuwl1JUbh8Dw8lxfKUQ="},"lastRemoteEphemeralKey":"BQODJ8V1+9+qK1KZZ3H5WYXxJpiq/Vpmz6bu3Le0PUBL","previousCounter":0,"rootKey":"9ZpTPsyGPd0X931YJh1y0DTaTIgLQ1yRUKjFg9/pyME="},"indexInfo":{"baseKey":"Bedy785y6131W3kty3i+4plm4v4cMU3JIW/tCX1n8fQ2","baseKeyType":1,"closed":-1,"used":1746612496805,"created":1746612496805,"remoteIdentityKey":"BfaJucY0P1+i2Qxf/NFtyFMfq/qo54AEGfFML4Z/ZDhY"},"_chains":{"BS2DuDU7s5TRLWa/VjdZZfVJE+bMxVjo6TLgmC/gJaky":{"chainKey":{"counter":4,"key":"VdJ+l1ISdytX1PJayVeo7nAlzUkS0dblspoTQN233dQ="},"chainType":1,"messageKeys":{}}},"pendingPreKey":{"signedKeyId":27,"baseKey":"Bedy785y6131W3kty3i+4plm4v4cMU3JIW/tCX1n8fQ2","preKeyId":2413949}}},"version":"v1"}