{"_sessions":{"BWR/Ox+fObyurBBT4mHR5P4xZux2AyUkuhQJc+TrnE5n":{"registrationId":765194453,"currentRatchet":{"ephemeralKeyPair":{"pubKey":"Bf1x26sFgYqwfTnQIRoCsK1aU2D+e+m7exnfs31yFIE2","privKey":"EBa/oDiOAFebg0grqDMqdBb8UOKV91ZXDTnJRQOrSFQ="},"lastRemoteEphemeralKey":"BUh0bLBBQWCJRoqrbHGaFqWlXv+J6kMlwGDyIU+9Lx1I","previousCounter":0,"rootKey":"rANTJ/kzUpl6TNCG77oasSrkiR+JWDWb5bqbkUD4nDc="},"indexInfo":{"baseKey":"BWR/Ox+fObyurBBT4mHR5P4xZux2AyUkuhQJc+TrnE5n","baseKeyType":1,"closed":-1,"used":1746612488938,"created":1746612488938,"remoteIdentityKey":"BYlLUb4wVUaijqs79V9ClqHmP+BSY+Wm8wDpNF4eX8Nv"},"_chains":{"Bf1x26sFgYqwfTnQIRoCsK1aU2D+e+m7exnfs31yFIE2":{"chainKey":{"counter":4,"key":"izKZBO8mqNga1RFYKKsosXOgkeW23B7P4iuFq6p2B6A="},"chainType":1,"messageKeys":{}}},"pendingPreKey":{"signedKeyId":0,"baseKey":"BWR/Ox+fObyurBBT4mHR5P4xZux2AyUkuhQJc+TrnE5n","preKeyId":993429}}},"version":"v1"}