{"_sessions":{"BeDIFYZHCQAMoJoxCQwrb8kxjFUHR+UZauKf2n0f6TsM":{"registrationId":1538569335,"currentRatchet":{"ephemeralKeyPair":{"pubKey":"BaSMYzTQN/Zizhsy6BvdxyPU9o1ytm/SRFwPOD+klS8x","privKey":"EEx5fMM/pWgqCn9EIDUtmAQHToPdRBYt4ZUUESqF0VI="},"lastRemoteEphemeralKey":"BZTCb0rVNvUYADpjFjDIH2cYnqJEo4NB1gExHHZxmDF2","previousCounter":0,"rootKey":"77qgia4ChsNzyRLJ3xU8ocX1FXf71Z5cou8egSnTuZY="},"indexInfo":{"baseKey":"BeDIFYZHCQAMoJoxCQwrb8kxjFUHR+UZauKf2n0f6TsM","baseKeyType":1,"closed":-1,"used":1746627350828,"created":1746627350828,"remoteIdentityKey":"BR7TARtkbJUwfAyNvrnaHyYiLo/QdEwU4cdZRKkZZph+"},"_chains":{"BaSMYzTQN/Zizhsy6BvdxyPU9o1ytm/SRFwPOD+klS8x":{"chainKey":{"counter":0,"key":"gzyNXBKdNCgDoqQRhqz1H5qVOdFfYHrNSr9IglcOZTU="},"chainType":1,"messageKeys":{}}},"pendingPreKey":{"signedKeyId":4,"baseKey":"BeDIFYZHCQAMoJoxCQwrb8kxjFUHR+UZauKf2n0f6TsM","preKeyId":7999975}}},"version":"v1"}