{"_sessions":{"BUCLUDEv1TiW1SQD+1rswWIfZ65i0n0v8aW+N+nzX5MW":{"registrationId":1183465643,"currentRatchet":{"ephemeralKeyPair":{"pubKey":"BdhPf303z94x7xQiP6EiQOjYDGcx6O5/aMXnFYNdojFU","privKey":"aCh2s2fYaex8Do+axSuXH4OSp4r7xNnpp7ptrZGR8kg="},"lastRemoteEphemeralKey":"BZlXSfPGTVVkDVvObetEZgNHFUTW/oxsaswOLzfLcopd","previousCounter":0,"rootKey":"XyjXA82sme4qM+RdxF5mr8AgY8YJSB1UVu0XC7HIhE0="},"indexInfo":{"baseKey":"BUCLUDEv1TiW1SQD+1rswWIfZ65i0n0v8aW+N+nzX5MW","baseKeyType":1,"closed":-1,"used":1746612695083,"created":1746612695083,"remoteIdentityKey":"BY9CGwPTEiA4OkRLPZMhA88qf5rx+Q1WxCnaHXgaFpRW"},"_chains":{"BdhPf303z94x7xQiP6EiQOjYDGcx6O5/aMXnFYNdojFU":{"chainKey":{"counter":0,"key":"xghn2IJ6OlLV/VQL6d82gzPU2DwCz2J1SId22lc4uMk="},"chainType":1,"messageKeys":{}}},"pendingPreKey":{"signedKeyId":8,"baseKey":"BUCLUDEv1TiW1SQD+1rswWIfZ65i0n0v8aW+N+nzX5MW","preKeyId":13224621}}},"version":"v1"}