{"_sessions":{"BUqXeLlhK3CxHQhyBfkgG83CLKnWOE3lIOAbpFpqPLUB":{"registrationId":854151132,"currentRatchet":{"ephemeralKeyPair":{"pubKey":"BcT/FWXaEimPtpnNSQB/ATq4jEfWsFxUEfO/blzaDJkg","privKey":"6G9HJmwoUivoj35qvwun0+V6wE4YtlijK/a6Kk1CGFc="},"lastRemoteEphemeralKey":"BQIjtaLEoNCuyq/dHVD2cF9O7nC4NK+MEBAeAkEsa8Fo","previousCounter":0,"rootKey":"3zOsIijDxBvKae13fvT2tD4RXO8x95AuEd6Zw76f6fE="},"indexInfo":{"baseKey":"BUqXeLlhK3CxHQhyBfkgG83CLKnWOE3lIOAbpFpqPLUB","baseKeyType":1,"closed":1746627386453,"used":1746627365776,"created":1746627365776,"remoteIdentityKey":"Ba73XJ6XZ1d789G5BW9SDW7YIR/Euml96rJQ/j89fTAJ"},"_chains":{"BcT/FWXaEimPtpnNSQB/ATq4jEfWsFxUEfO/blzaDJkg":{"chainKey":{"counter":0,"key":"LE6xL6M0iNVrp/IKslx8XIdTt/XDJTj3AuV2D8klons="},"chainType":1,"messageKeys":{}}},"pendingPreKey":{"signedKeyId":3,"baseKey":"BUqXeLlhK3CxHQhyBfkgG83CLKnWOE3lIOAbpFpqPLUB","preKeyId":7741306}},"Bad1H5mfynSbUVyvVGu1uZnU8yx5PbucyJI4HZUblnlI":{"registrationId":854151132,"currentRatchet":{"ephemeralKeyPair":{"pubKey":"BewDOtd0jWsTQ2mLfk0nKbjjYTs47TnLUlrwosWFoj1e","privKey":"uJ8tGaAE/PbTBgJHjc5qbGIqasA3kMT14RCnkHkptH4="},"lastRemoteEphemeralKey":"BQIjtaLEoNCuyq/dHVD2cF9O7nC4NK+MEBAeAkEsa8Fo","previousCounter":0,"rootKey":"X/1ULFOosTLy9PX1xgLqCyt77eh/oe479GSoosERIs8="},"indexInfo":{"baseKey":"Bad1H5mfynSbUVyvVGu1uZnU8yx5PbucyJI4HZUblnlI","baseKeyType":1,"closed":1746627408695,"used":1746627385840,"created":1746627385840,"remoteIdentityKey":"Ba73XJ6XZ1d789G5BW9SDW7YIR/Euml96rJQ/j89fTAJ"},"_chains":{"BewDOtd0jWsTQ2mLfk0nKbjjYTs47TnLUlrwosWFoj1e":{"chainKey":{"counter":0,"key":"v5nHfJ+ONraLQXMVy3JjFN3ZjFT7+VXnb8miHWEhmvA="},"chainType":1,"messageKeys":{}}},"pendingPreKey":{"signedKeyId":3,"baseKey":"Bad1H5mfynSbUVyvVGu1uZnU8yx5PbucyJI4HZUblnlI","preKeyId":7741392}},"Bbep3dYMcgIbm/XjAHVmbNZyggusfCwkha7Ym9DCKkVO":{"registrationId":854151132,"currentRatchet":{"ephemeralKeyPair":{"pubKey":"BXpOJbaQ704qHQGQlqmQPMWStiFCQpGM1l4O78myXboE","privKey":"0IogRI9VrcKpnyXNg8zEk/XCiG7UHW5y5tRTluunMFg="},"lastRemoteEphemeralKey":"BQIjtaLEoNCuyq/dHVD2cF9O7nC4NK+MEBAeAkEsa8Fo","previousCounter":0,"rootKey":"j1H+9zhVoxlMZPdO28p3e6Lpjpbg7FsTAiSXsNB0s1A="},"indexInfo":{"baseKey":"Bbep3dYMcgIbm/XjAHVmbNZyggusfCwkha7Ym9DCKkVO","baseKeyType":1,"closed":-1,"used":1746627408210,"created":1746627408210,"remoteIdentityKey":"Ba73XJ6XZ1d789G5BW9SDW7YIR/Euml96rJQ/j89fTAJ"},"_chains":{"BXpOJbaQ704qHQGQlqmQPMWStiFCQpGM1l4O78myXboE":{"chainKey":{"counter":3,"key":"xwwluKpcxF/rwuq9FctxbbjdCwMezLyPj+IbTkJYOGg="},"chainType":1,"messageKeys":{}}},"pendingPreKey":{"signedKeyId":3,"baseKey":"Bbep3dYMcgIbm/XjAHVmbNZyggusfCwkha7Ym9DCKkVO","preKeyId":7741269}}},"version":"v1"}