{"_sessions":{"BbjRel1o3kGtuGeDdn7IY6qRog9wuGWIAgcJ0Qwoa+k/":{"registrationId":198255363,"currentRatchet":{"ephemeralKeyPair":{"pubKey":"BcylfX32+ucrtje6j5zadIl5TQr+WVBO3VqeINYYfzAu","privKey":"KCQcXlINGB7Qu/h2W70V5PmAg0wZBVgrJBkJu0Jc/X4="},"lastRemoteEphemeralKey":"BR444s/26XJvPe6l0uxrbo+l4VVM8UivE+RGKsrMNuFr","previousCounter":0,"rootKey":"jHpdK+Iy2JOQpyAFW3WSdPpjaYGzNlK0SPMMKdC3HYE="},"indexInfo":{"baseKey":"BbjRel1o3kGtuGeDdn7IY6qRog9wuGWIAgcJ0Qwoa+k/","baseKeyType":1,"closed":-1,"used":1746612497261,"created":1746612497261,"remoteIdentityKey":"BVm5dHsAITeTe7AW6w9We3RlpSjR0gLpPWKwenLIbqgg"},"_chains":{"BcylfX32+ucrtje6j5zadIl5TQr+WVBO3VqeINYYfzAu":{"chainKey":{"counter":4,"key":"yv4CAT1E+dE28IfykO+E2Jkw5bdZahQH6+5Guz8ADkk="},"chainType":1,"messageKeys":{}}},"pendingPreKey":{"signedKeyId":0,"baseKey":"BbjRel1o3kGtuGeDdn7IY6qRog9wuGWIAgcJ0Qwoa+k/","preKeyId":7688089}}},"version":"v1"}