{"_sessions":{"BQcUrtDIAaoCg0iEIzZ6UuREPZxzEJElusaNTAL5x59c":{"registrationId":174656427,"currentRatchet":{"ephemeralKeyPair":{"pubKey":"BRNi/zcnBKIj/vhj4A3zIW4kkvuoC9GiVqf2j8BH99EQ","privKey":"UKJlsY/V/8jlivWjvKlGsT5cRO2Uj6gKWSX9Okngh2s="},"lastRemoteEphemeralKey":"BThqhAm6pmghJe1grErL9lmnG5+Zy8QYqm89604RG9oo","previousCounter":0,"rootKey":"M1kiXEWOVcAdMdoNsU+gm2DyZ0/HtwOYy3Wl5y9h0PA="},"indexInfo":{"baseKey":"BQcUrtDIAaoCg0iEIzZ6UuREPZxzEJElusaNTAL5x59c","baseKeyType":1,"closed":1746627382222,"used":1746627362328,"created":1746627362328,"remoteIdentityKey":"BRDRLOtpROM8nUD0kq/8bkOqnw6oMHEfjL/J6n3LgRxs"},"_chains":{"BRNi/zcnBKIj/vhj4A3zIW4kkvuoC9GiVqf2j8BH99EQ":{"chainKey":{"counter":0,"key":"H2yU5y42VQmjI4G2qxYmpgykdopZ53NyIr/EaBElZGQ="},"chainType":1,"messageKeys":{}}},"pendingPreKey":{"signedKeyId":1,"baseKey":"BQcUrtDIAaoCg0iEIzZ6UuREPZxzEJElusaNTAL5x59c","preKeyId":5821379}},"BY+iN2ZH/NcQszX87h7nhmiUVi9vQlXtH8u2JvkmAqUe":{"registrationId":174656427,"currentRatchet":{"ephemeralKeyPair":{"pubKey":"BToltsVRxpbEluTEXBP/sc1kh/H+H3K4mTErC8uKTeEt","privKey":"oM0omshr7ljqNuTQEoUfvPby/e0a6C4LcXRPKTT1uHc="},"lastRemoteEphemeralKey":"BThqhAm6pmghJe1grErL9lmnG5+Zy8QYqm89604RG9oo","previousCounter":0,"rootKey":"gv8mEniR3XwPKMsKx69D9f7cQQUyb0KQHW6fvKQ+qwc="},"indexInfo":{"baseKey":"BY+iN2ZH/NcQszX87h7nhmiUVi9vQlXtH8u2JvkmAqUe","baseKeyType":1,"closed":1746627404881,"used":1746627381757,"created":1746627381757,"remoteIdentityKey":"BRDRLOtpROM8nUD0kq/8bkOqnw6oMHEfjL/J6n3LgRxs"},"_chains":{"BToltsVRxpbEluTEXBP/sc1kh/H+H3K4mTErC8uKTeEt":{"chainKey":{"counter":0,"key":"jLQ3VwA3M1Oq4KG9hY/XmBK8skfPHBNFT53J9p3efzM="},"chainType":1,"messageKeys":{}}},"pendingPreKey":{"signedKeyId":1,"baseKey":"BY+iN2ZH/NcQszX87h7nhmiUVi9vQlXtH8u2JvkmAqUe","preKeyId":5821449}},"BeQGe6ttu8ynYBbfFS+oGCyqVG18149t0QYFz2dLxqRV":{"registrationId":174656427,"currentRatchet":{"ephemeralKeyPair":{"pubKey":"BVGJT9xR4gBj2eKPdVkqJxvYcfmC/BAiItwsY8ydlCZQ","privKey":"4EPtqmVBxpsbdeRll8PwLs6XNgv44+DEMt7jGcIS2Ug="},"lastRemoteEphemeralKey":"BThqhAm6pmghJe1grErL9lmnG5+Zy8QYqm89604RG9oo","previousCounter":0,"rootKey":"6b/BPjuXcYP2MSgIVYTpeOysHzgo1/DKKSKk6wnQrhU="},"indexInfo":{"baseKey":"BeQGe6ttu8ynYBbfFS+oGCyqVG18149t0QYFz2dLxqRV","baseKeyType":1,"closed":-1,"used":1746627404564,"created":1746627404564,"remoteIdentityKey":"BRDRLOtpROM8nUD0kq/8bkOqnw6oMHEfjL/J6n3LgRxs"},"_chains":{"BVGJT9xR4gBj2eKPdVkqJxvYcfmC/BAiItwsY8ydlCZQ":{"chainKey":{"counter":3,"key":"i0eJbGfyO9sv9bwcvNLwG1CkydvCY7DR1PoscQF2VVs="},"chainType":1,"messageKeys":{}}},"pendingPreKey":{"signedKeyId":1,"baseKey":"BeQGe6ttu8ynYBbfFS+oGCyqVG18149t0QYFz2dLxqRV","preKeyId":5820888}}},"version":"v1"}