{"_sessions":{"BepInDSKVN182x/p5/CaQ3J8aJXbKLCSGbac9glTIKZJ":{"registrationId":66720105,"currentRatchet":{"ephemeralKeyPair":{"pubKey":"BfSrlGfDcAuMzUseEdN02LNqcWOBNAsqy8yIN1ZDaywf","privKey":"4IHspiEv8+zON8ugI2xrFqvNKoeuu3NWtvblzKOiNmc="},"lastRemoteEphemeralKey":"BeUJFQMUR7SSw8FDkiABFnt5dzC63tuuLiwYH2TjXBoc","previousCounter":0,"rootKey":"/UQoYZxMvLZ0P6rEm7myb7Sh1YQVuZ4EvfWSnrWQAi0="},"indexInfo":{"baseKey":"BepInDSKVN182x/p5/CaQ3J8aJXbKLCSGbac9glTIKZJ","baseKeyType":1,"closed":-1,"used":1746612488928,"created":1746612488928,"remoteIdentityKey":"BTIz+KuMP5ib5Lzv1xTceKciGYEbmsbunG19JqSoQtsj"},"_chains":{"BfSrlGfDcAuMzUseEdN02LNqcWOBNAsqy8yIN1ZDaywf":{"chainKey":{"counter":4,"key":"Z2iSYnrmRCVddbFBlJRof8Cgx2Gn91gPZQB5wtv2FLM="},"chainType":1,"messageKeys":{}}},"pendingPreKey":{"signedKeyId":9,"baseKey":"BepInDSKVN182x/p5/CaQ3J8aJXbKLCSGbac9glTIKZJ","preKeyId":3505706}}},"version":"v1"}