{"_sessions":{"BaP2hl/mAirB+DQYGKcHfpbPXEWZnk0w35XT49qn0mUv":{"registrationId":107,"currentRatchet":{"ephemeralKeyPair":{"pubKey":"BRwMrt5ElBYHUJLZ/Sl6wVI7E2LD3s61QDC+h47dWOp+","privKey":"uKfqfeOPfSkKPewEygAHxZyAfFKoSsC1e6qL7DtnNU0="},"lastRemoteEphemeralKey":"BYU2bZzuRaR8nvbiRnYfVRwR+Ft91AfKnFilTajjHKEU","previousCounter":0,"rootKey":"R6pNlOpuiBlCOXODlxh3+4gP3rLK88w2OSJkhINjPOI="},"indexInfo":{"baseKey":"BaP2hl/mAirB+DQYGKcHfpbPXEWZnk0w35XT49qn0mUv","baseKeyType":1,"closed":-1,"used":1746612488500,"created":1746612488500,"remoteIdentityKey":"BQHOFUblH6h5HshJgXk/V/eniPHTE37wIKJy6rG0yRw8"},"_chains":{"BRwMrt5ElBYHUJLZ/Sl6wVI7E2LD3s61QDC+h47dWOp+":{"chainKey":{"counter":4,"key":"w6acJpAvltHx/Xcl4dSp/Ze1LsCWX1igzPMTdckMpuQ="},"chainType":1,"messageKeys":{}}},"pendingPreKey":{"signedKeyId":1,"baseKey":"BaP2hl/mAirB+DQYGKcHfpbPXEWZnk0w35XT49qn0mUv"}}},"version":"v1"}