{"_sessions":{"BakuV+jDs9CDm777563zqXWWY9TeO/NFy9OPd4FDPaFY":{"registrationId":536470637,"currentRatchet":{"ephemeralKeyPair":{"pubKey":"BQHRbLW+afQnAjUO6ofR3yTOWiLBpYD8ZWQOFIUzVCQG","privKey":"eKB3FC4mHm2JYr0vB9ikdHWeNOiAtkKKuLeK1pAPN0w="},"lastRemoteEphemeralKey":"BQP6muCu3/9AIcvMjEh+2Ipjdxyq5oPVqmOoKf4pmZsd","previousCounter":0,"rootKey":"hkAZneQtNDX1JJInv3RP3z5PWbxS9uCwvMQuNaN60IM="},"indexInfo":{"baseKey":"BakuV+jDs9CDm777563zqXWWY9TeO/NFy9OPd4FDPaFY","baseKeyType":1,"closed":-1,"used":1746612496921,"created":1746612496921,"remoteIdentityKey":"BZDgn6QJN/fbHnbkryXoqnGEXjX6Qn+yMiO9e/wOd2Bt"},"_chains":{"BQHRbLW+afQnAjUO6ofR3yTOWiLBpYD8ZWQOFIUzVCQG":{"chainKey":{"counter":4,"key":"8Qa4IuhPdPijx7HH585WZNyOV2MtFzglq8SrZxF6Y6k="},"chainType":1,"messageKeys":{}}},"pendingPreKey":{"signedKeyId":2,"baseKey":"BakuV+jDs9CDm777563zqXWWY9TeO/NFy9OPd4FDPaFY","preKeyId":11277094}}},"version":"v1"}