{"_sessions":{"BR0PXpjBfb0ffHMMICtN0P6J31gOoP0xzuspc81xJMs/":{"registrationId":1401838952,"currentRatchet":{"ephemeralKeyPair":{"pubKey":"BdrfV6BsN/BrxWrPTnoIWO/td66pTD633bkMx+7Pb9NP","privKey":"qF1hZbhox7zEsxwXbhZ5NoQxZnyuK6kfo6b8kON4I1M="},"lastRemoteEphemeralKey":"BYLCHYLsjkHLdr45TIM091BUACQPCH0vywuRfNqwoxNa","previousCounter":0,"rootKey":"pmfEPRildRkSy7UaSvh8FzxBbSU3WMZ7cT/E5ZcJcPY="},"indexInfo":{"baseKey":"BR0PXpjBfb0ffHMMICtN0P6J31gOoP0xzuspc81xJMs/","baseKeyType":1,"closed":-1,"used":1746627351216,"created":1746627351216,"remoteIdentityKey":"BclE0KmbgVClneJIbXo2BBLq+huLVusXHciXQKRR9GEd"},"_chains":{"BdrfV6BsN/BrxWrPTnoIWO/td66pTD633bkMx+7Pb9NP":{"chainKey":{"counter":0,"key":"eoqxeVzTeEmIvO3bXQ7mMUQFdtBtGRc1ZrpL28cGX5c="},"chainType":1,"messageKeys":{}}},"pendingPreKey":{"signedKeyId":3,"baseKey":"BR0PXpjBfb0ffHMMICtN0P6J31gOoP0xzuspc81xJMs/","preKeyId":16478564}}},"version":"v1"}