{"_sessions":{"BSzbxEnvjQFh3fqA+r67rQGXG6OwNeYX1sjmJ/ujPbUu":{"registrationId":155759555,"currentRatchet":{"ephemeralKeyPair":{"pubKey":"BeSe/Q2Dvs97FQXFDxVMF0lI2s72OmLYnw7PsgVO+5s2","privKey":"aCPKQ1Gjw4Er1I8pv77Wett9OwNkRPLhI+KBykVfx1w="},"lastRemoteEphemeralKey":"BeUhHWD2qi3Hf2dj/tAzSFi72ORMm3tCXVTZVLfwDrMm","previousCounter":0,"rootKey":"Vt/IuDltQRPjefAf+xrd3sC93k1VpjAJuQSLOEEoYPI="},"indexInfo":{"baseKey":"BSzbxEnvjQFh3fqA+r67rQGXG6OwNeYX1sjmJ/ujPbUu","baseKeyType":1,"closed":-1,"used":1746612497379,"created":1746612497379,"remoteIdentityKey":"BQ5JSYDejQ1GSfncNDvx1xzsolTqrbupg4JRqIGWVj0k"},"_chains":{"BeSe/Q2Dvs97FQXFDxVMF0lI2s72OmLYnw7PsgVO+5s2":{"chainKey":{"counter":4,"key":"paVYL77yBNQMilAlnpq1OfPncslXFo8qCzpsBfYIOEY="},"chainType":1,"messageKeys":{}}},"pendingPreKey":{"signedKeyId":9,"baseKey":"BSzbxEnvjQFh3fqA+r67rQGXG6OwNeYX1sjmJ/ujPbUu"}}},"version":"v1"}