{"_sessions":{"Bbiab7G31TD6FgJyynKaUSUGzR5eYikSHMQTd7/0jR1Q":{"registrationId":2037549775,"currentRatchet":{"ephemeralKeyPair":{"pubKey":"BUsggs57AKI173ZGHcpKJb2i2v24A89SG288MrDufD9L","privKey":"qGDg6RCgDZT4YlHsHOglBDskzy+fVIGRWWN4hmsHMkY="},"lastRemoteEphemeralKey":"BRaRc/HuZUBIpLtQ5sVhl8XIYyM6/hPydR/eo56xp2JL","previousCounter":0,"rootKey":"UHr5jhQIRNLDgIu+l8KOAcY9N6TQW+HtrbDD/8b36V4="},"indexInfo":{"baseKey":"Bbiab7G31TD6FgJyynKaUSUGzR5eYikSHMQTd7/0jR1Q","baseKeyType":1,"closed":-1,"used":1746612493225,"created":1746612493225,"remoteIdentityKey":"BT+FIjpeF1sLcfvw1XSvF8jNGAR0ZtWA+hOjp04DxLUG"},"_chains":{"BUsggs57AKI173ZGHcpKJb2i2v24A89SG288MrDufD9L":{"chainKey":{"counter":4,"key":"yMFuk9LrBbzlNuES1355MvgRAxUW0kVVyCXahMwqv9o="},"chainType":1,"messageKeys":{}}},"pendingPreKey":{"signedKeyId":3,"baseKey":"Bbiab7G31TD6FgJyynKaUSUGzR5eYikSHMQTd7/0jR1Q","preKeyId":91087}}},"version":"v1"}