{"_sessions":{"BZ3OqTSvzegNMSlvd9ycanHeox+XAK8I3EOdjDkrYDsI":{"registrationId":27601395,"currentRatchet":{"ephemeralKeyPair":{"pubKey":"Bb1GEUTq4O/dtW4oYvdM03xB+wql26xfx5axHemQC+4O","privKey":"CFJeumFC+xGfWK8w4sBxyuFqCUPu0rkd4CVJ6xdT/kg="},"lastRemoteEphemeralKey":"Bbc7a66WHL32842s/LG/X7h262y4lDsURnzktku/Pt9z","previousCounter":0,"rootKey":"sFC7Jwt/SVvLhdMNxYmR3q5IXhXyetRwybcU+g25RAg="},"indexInfo":{"baseKey":"BZ3OqTSvzegNMSlvd9ycanHeox+XAK8I3EOdjDkrYDsI","baseKeyType":1,"closed":-1,"used":1746612496907,"created":1746612496907,"remoteIdentityKey":"BXMW9BzPvZfTE97a4dSA0en09GoZ8q3atnpbzguCo6wl"},"_chains":{"Bb1GEUTq4O/dtW4oYvdM03xB+wql26xfx5axHemQC+4O":{"chainKey":{"counter":4,"key":"zZRn8t6FlqTDpEEf+U1wLS3tykzVA0rrjBc7vaWM9W0="},"chainType":1,"messageKeys":{}}},"pendingPreKey":{"signedKeyId":2,"baseKey":"BZ3OqTSvzegNMSlvd9ycanHeox+XAK8I3EOdjDkrYDsI","preKeyId":37535}}},"version":"v1"}