{"_sessions":{"BV/OLRIl1aedNMozqlohObPumuXYU5jEKgofAfNFq1k9":{"registrationId":1935999964,"currentRatchet":{"ephemeralKeyPair":{"pubKey":"BWEENdTNf0dC1w+/GrpiDJmBJLONzo/Tr0b1Ab0Vs7Fn","privKey":"kOlWWK7amT9DPVFp9fI1RBSlL3na5T3yHE1m2RJNbH4="},"lastRemoteEphemeralKey":"BQQR9LvJvCalcPA4INARoNJIj3O8AByG0ml7yp8NfFJP","previousCounter":0,"rootKey":"cmyM/GkNC15wKW7YLhLSCbyg8WdBCZ1TZteVrVGIyqE="},"indexInfo":{"baseKey":"BV/OLRIl1aedNMozqlohObPumuXYU5jEKgofAfNFq1k9","baseKeyType":1,"closed":-1,"used":1746612496848,"created":1746612496848,"remoteIdentityKey":"BaBU7r3mmg89BMCDZMuprWMuhBwpJ2lH6cyENLQbXJxB"},"_chains":{"BWEENdTNf0dC1w+/GrpiDJmBJLONzo/Tr0b1Ab0Vs7Fn":{"chainKey":{"counter":4,"key":"58mjEA40legVEevIyQRhNaNMttetrDvLl/Tm2ms07pg="},"chainType":1,"messageKeys":{}}},"pendingPreKey":{"signedKeyId":25,"baseKey":"BV/OLRIl1aedNMozqlohObPumuXYU5jEKgofAfNFq1k9","preKeyId":10102941}}},"version":"v1"}