{"_sessions":{"BYuxJnUiw13N1TfoMve7G6LNNmR2su6LMiR9OXIN7tlo":{"registrationId":794256129,"currentRatchet":{"ephemeralKeyPair":{"pubKey":"BQohuIMV9gE+YgAvB9ko1O1zBFdg+PqCpAugg2WBUBJc","privKey":"YFrsrlOFA55D8j6mn3u/TQgjhqKqQSy1/iXogFttc00="},"lastRemoteEphemeralKey":"BRHJbrSG2osqv6s1TDP1pZSVkoeVHdt9QQ0v4nfNP/EK","previousCounter":0,"rootKey":"CfsI7ZWwFi9sCtgnZ1beOVC1k7vo16sjPWuBv/mvksw="},"indexInfo":{"baseKey":"BYuxJnUiw13N1TfoMve7G6LNNmR2su6LMiR9OXIN7tlo","baseKeyType":1,"closed":1746627382141,"used":1746627362235,"created":1746627362235,"remoteIdentityKey":"BY/W0AssSv9Q5r2hGiCEHx5WoRg32Fquv4o/lSw8pSpQ"},"_chains":{"BQohuIMV9gE+YgAvB9ko1O1zBFdg+PqCpAugg2WBUBJc":{"chainKey":{"counter":0,"key":"y3lb1wQM+ip6BxRiWGsa0BSwswiw80XJM8vIcPNilRM="},"chainType":1,"messageKeys":{}}},"pendingPreKey":{"signedKeyId":1,"baseKey":"BYuxJnUiw13N1TfoMve7G6LNNmR2su6LMiR9OXIN7tlo","preKeyId":489087}},"BT+mWKET+pixuZ+GvLIOw+5Fyp4VFmrafo6D27a+Fbdq":{"registrationId":794256129,"currentRatchet":{"ephemeralKeyPair":{"pubKey":"Bf1NiB8KmkDCt6ptqv5DGgnqhg4g0j1O0v17YoN0qRVy","privKey":"OIboka8zAGndbPXxTC5QCUckB43e2aNfmdev0DdYpUs="},"lastRemoteEphemeralKey":"BRHJbrSG2osqv6s1TDP1pZSVkoeVHdt9QQ0v4nfNP/EK","previousCounter":0,"rootKey":"yKoOtuFsBykEGBFOkgcAcVFMDBRfUR5lnK/f8Kk+cus="},"indexInfo":{"baseKey":"BT+mWKET+pixuZ+GvLIOw+5Fyp4VFmrafo6D27a+Fbdq","baseKeyType":1,"closed":1746627404862,"used":1746627381670,"created":1746627381670,"remoteIdentityKey":"BY/W0AssSv9Q5r2hGiCEHx5WoRg32Fquv4o/lSw8pSpQ"},"_chains":{"Bf1NiB8KmkDCt6ptqv5DGgnqhg4g0j1O0v17YoN0qRVy":{"chainKey":{"counter":0,"key":"yVLemtdWbtCMnjd2u2aPoiupNmZMB/txQXiX4mqIN6g="},"chainType":1,"messageKeys":{}}},"pendingPreKey":{"signedKeyId":1,"baseKey":"BT+mWKET+pixuZ+GvLIOw+5Fyp4VFmrafo6D27a+Fbdq","preKeyId":488931}},"BVy3g5tpHnvwe14BvUEXFEvCHeiwIKHzDkYdkkQ2Y7AA":{"registrationId":794256129,"currentRatchet":{"ephemeralKeyPair":{"pubKey":"BYTHB/EdIv2Ogr21eYxo9K8IuYjkKAmknnrA+KWpX45v","privKey":"sHzPsY01UYCmVFvNlCZcRD+J7NClorQZ4ro96gsZf1M="},"lastRemoteEphemeralKey":"BRHJbrSG2osqv6s1TDP1pZSVkoeVHdt9QQ0v4nfNP/EK","previousCounter":0,"rootKey":"Ee2j18xAXggpBmpS4uKiek3oaJ5/Jbp7qQk6MeEmlfg="},"indexInfo":{"baseKey":"BVy3g5tpHnvwe14BvUEXFEvCHeiwIKHzDkYdkkQ2Y7AA","baseKeyType":1,"closed":-1,"used":1746627404497,"created":1746627404497,"remoteIdentityKey":"BY/W0AssSv9Q5r2hGiCEHx5WoRg32Fquv4o/lSw8pSpQ"},"_chains":{"BYTHB/EdIv2Ogr21eYxo9K8IuYjkKAmknnrA+KWpX45v":{"chainKey":{"counter":3,"key":"YlUQBe3iI/c/EuKx/d2eZ6kN5fUZJFVTbweoEg5yxEk="},"chainType":1,"messageKeys":{}}},"pendingPreKey":{"signedKeyId":1,"baseKey":"BVy3g5tpHnvwe14BvUEXFEvCHeiwIKHzDkYdkkQ2Y7AA","preKeyId":489296}}},"version":"v1"}