{"_sessions":{"BebJlcUr/Blp+3jt9PSFkeQZ07CVeZBh+pJLnfWyyqY1":{"registrationId":264737344,"currentRatchet":{"ephemeralKeyPair":{"pubKey":"BT5iyOCoMSLk/PrAJOyu/mdusphv7ebxzh7MUfN2CrEN","privKey":"GBrN0YM+Rm5Q9O7rYE+ToeSXEyh8TF/cY42GsbYVOls="},"lastRemoteEphemeralKey":"BRflyuACKbqo1En6f4dw+9u7lzvPXbpDQ4lWGOiYAzRR","previousCounter":0,"rootKey":"a7UtBvaDvRcjYPPJWvQmD+jSwwcUa3t1XLBcqUkAL2E="},"indexInfo":{"baseKey":"BebJlcUr/Blp+3jt9PSFkeQZ07CVeZBh+pJLnfWyyqY1","baseKeyType":1,"closed":-1,"used":1746612497012,"created":1746612497012,"remoteIdentityKey":"BTpjNSaDEEltsK19IpFG91Tsdbk4gf9ByVt8f//cz/cW"},"_chains":{"BT5iyOCoMSLk/PrAJOyu/mdusphv7ebxzh7MUfN2CrEN":{"chainKey":{"counter":4,"key":"SP62P9v5YSPboDVtgBQwZFRgK7nHw0waVI5nL52Abx0="},"chainType":1,"messageKeys":{}}},"pendingPreKey":{"signedKeyId":13311251,"baseKey":"BebJlcUr/Blp+3jt9PSFkeQZ07CVeZBh+pJLnfWyyqY1","preKeyId":78960}}},"version":"v1"}