{"_sessions":{"BY/zcrKtJ1+vc1p5j76YH1GadeeTt/hUhF16iJ9hq8Ji":{"registrationId":1193387123,"currentRatchet":{"ephemeralKeyPair":{"pubKey":"BV6rnN7PEsSkZUfUdgIcjEXNIzl+owLcw9BmtheY8hkw","privKey":"+ED8IiiiByTOv1JnG7bh8er53VsLCmZrPUvACVVijnk="},"lastRemoteEphemeralKey":"BXu7BduE/RUCJdE0WYG2Htry5vBvXzeJfkGDHFwYVVND","previousCounter":0,"rootKey":"Yakzm5Q623THYBt1nJQunnTfhDJJfEcQ3Fn7dwwpieY="},"indexInfo":{"baseKey":"BY/zcrKtJ1+vc1p5j76YH1GadeeTt/hUhF16iJ9hq8Ji","baseKeyType":1,"closed":-1,"used":1746612496960,"created":1746612496960,"remoteIdentityKey":"BUujBNi5VJpirhp2I1CpC7z5IuZCOP/efknxIRNAk3ci"},"_chains":{"BV6rnN7PEsSkZUfUdgIcjEXNIzl+owLcw9BmtheY8hkw":{"chainKey":{"counter":4,"key":"3zztCJ8GCceALtc9zeWhPH7OIx/VBp31BLXdBUDaazU="},"chainType":1,"messageKeys":{}}},"pendingPreKey":{"signedKeyId":3,"baseKey":"BY/zcrKtJ1+vc1p5j76YH1GadeeTt/hUhF16iJ9hq8Ji","preKeyId":6864680}}},"version":"v1"}