{"_sessions":{"BaFdJ1lI31eTnwGsQ4R38FI6XAIL4UJVf/eGsf92M9dm":{"registrationId":68669308,"currentRatchet":{"ephemeralKeyPair":{"pubKey":"BWDfLhSHVGLgNdjbXysZqB1gvlTGxRNXHcmOkhN+lzsz","privKey":"8BkoR5dHeNNKZXYqsbjsHfupYMu11YCexxR/BiNjAHk="},"lastRemoteEphemeralKey":"BWBzi+E9tZin6FvQfoCmevzGiNZSiiDLdJ+xcRoPqVME","previousCounter":0,"rootKey":"0ZcuJnkKrDjk6Ha0ZixH5ig6pA9FxXahxQ4SUINHUxM="},"indexInfo":{"baseKey":"BaFdJ1lI31eTnwGsQ4R38FI6XAIL4UJVf/eGsf92M9dm","baseKeyType":1,"closed":-1,"used":1746612488657,"created":1746612488657,"remoteIdentityKey":"BaooxYKIp8oWSqZtKxcqA+EFhe3qOagmXT32SxALVcMX"},"_chains":{"BWDfLhSHVGLgNdjbXysZqB1gvlTGxRNXHcmOkhN+lzsz":{"chainKey":{"counter":4,"key":"ipZT7ijU+HoYBOYmQQYtzDIAmM9AWNPntXQzYcPnvu0="},"chainType":1,"messageKeys":{}}},"pendingPreKey":{"signedKeyId":14287682,"baseKey":"BaFdJ1lI31eTnwGsQ4R38FI6XAIL4UJVf/eGsf92M9dm","preKeyId":74723}}},"version":"v1"}