{"_sessions":{"BeHWSimyMIQKBvdAVsvpXXHxpahfS00IsL2puZRqsypV":{"registrationId":969763762,"currentRatchet":{"ephemeralKeyPair":{"pubKey":"BQVqXdI+j1ZJc2c7Gr9t0EEFaoZaDirhvZlZRgM935RG","privKey":"6FOR0tcijSzshvkKZ4ijiizTYTCQkuTwS0ItO/k2c2c="},"lastRemoteEphemeralKey":"BS/iq7lHSj7b2qXAg7zY5niCr0awZHyyMWNmFthFmhhQ","previousCounter":0,"rootKey":"JNPcRLp5KW+Q+cEkFoVOgkp81p3XJoP+1sayq+Ln92c="},"indexInfo":{"baseKey":"BeHWSimyMIQKBvdAVsvpXXHxpahfS00IsL2puZRqsypV","baseKeyType":1,"closed":1746627382191,"used":1746627362311,"created":1746627362311,"remoteIdentityKey":"BefqdwqL4TtB3yhWRebY/cL9QQCk5QGNKsM8PdIMMR5W"},"_chains":{"BQVqXdI+j1ZJc2c7Gr9t0EEFaoZaDirhvZlZRgM935RG":{"chainKey":{"counter":0,"key":"y3JzJPKk0GKUjDoZ4QLx68HH3Oy08ggWh6R8VZ5264w="},"chainType":1,"messageKeys":{}}},"pendingPreKey":{"signedKeyId":1,"baseKey":"BeHWSimyMIQKBvdAVsvpXXHxpahfS00IsL2puZRqsypV"}},"BUTjE3gnr5BsPNUk8tk0ouI3wTJXINw46b9rsIjJIfQ3":{"registrationId":969763762,"currentRatchet":{"ephemeralKeyPair":{"pubKey":"BZbHW8oFRUocivGqQ7f8E4FXo2oPBoUPagbU488OEKdU","privKey":"iDwdAl4VWpA6pMugkmFm/6KF73If8gxuYD4uKsfldnU="},"lastRemoteEphemeralKey":"BS/iq7lHSj7b2qXAg7zY5niCr0awZHyyMWNmFthFmhhQ","previousCounter":0,"rootKey":"msTYRomBbIqb9lxW4+6fzw2kJsRhuN9tVH7RWsuLbos="},"indexInfo":{"baseKey":"BUTjE3gnr5BsPNUk8tk0ouI3wTJXINw46b9rsIjJIfQ3","baseKeyType":1,"closed":1746627404878,"used":1746627381741,"created":1746627381741,"remoteIdentityKey":"BefqdwqL4TtB3yhWRebY/cL9QQCk5QGNKsM8PdIMMR5W"},"_chains":{"BZbHW8oFRUocivGqQ7f8E4FXo2oPBoUPagbU488OEKdU":{"chainKey":{"counter":0,"key":"sew5F5nOBZIz2IUCIoWJFN9CMCk773votUeyuA2zAQQ="},"chainType":1,"messageKeys":{}}},"pendingPreKey":{"signedKeyId":1,"baseKey":"BUTjE3gnr5BsPNUk8tk0ouI3wTJXINw46b9rsIjJIfQ3"}},"Bfr3BZB1t0YLzJ8+AGk9bm2ZwrIaQThiT7Uq21gwcMx7":{"registrationId":969763762,"currentRatchet":{"ephemeralKeyPair":{"pubKey":"BebypLfSJcJrMFNTHZH09zH2xjIXcYVHrkJUWfoGXU4s","privKey":"2LPAWqb5ORNOqH4tLoci8oUFfMqckiPSvCVvvopRv3I="},"lastRemoteEphemeralKey":"BS/iq7lHSj7b2qXAg7zY5niCr0awZHyyMWNmFthFmhhQ","previousCounter":0,"rootKey":"hTGC4w1MB7VvQag3E2701LZ+6ssi3tuszMcrRWGsYOs="},"indexInfo":{"baseKey":"Bfr3BZB1t0YLzJ8+AGk9bm2ZwrIaQThiT7Uq21gwcMx7","baseKeyType":1,"closed":-1,"used":1746627404553,"created":1746627404553,"remoteIdentityKey":"BefqdwqL4TtB3yhWRebY/cL9QQCk5QGNKsM8PdIMMR5W"},"_chains":{"BebypLfSJcJrMFNTHZH09zH2xjIXcYVHrkJUWfoGXU4s":{"chainKey":{"counter":3,"key":"Ofsssqm+e5vpEZypEOwVPrjw4scTQcGK/JF2Lu0qgh0="},"chainType":1,"messageKeys":{}}},"pendingPreKey":{"signedKeyId":1,"baseKey":"Bfr3BZB1t0YLzJ8+AGk9bm2ZwrIaQThiT7Uq21gwcMx7"}}},"version":"v1"}