{"_sessions":{"BesliFb3qMnkDsrSkydmVsa9ryucckffP0vvslGfiDN5":{"registrationId":894655584,"currentRatchet":{"ephemeralKeyPair":{"pubKey":"BXhlKcbXvGnAuCWaCrKmJOrnn9s2M6ca9gLVB6Tu9Zt7","privKey":"OLeMGq+pMkoEjDEljQPAcIltPcWNYxMRwZFpzcdKWWc="},"lastRemoteEphemeralKey":"BdwMK9CoGBjitK4kL8q31eHKngMEx1z0cMOT0zRHIU1f","previousCounter":0,"rootKey":"6Cb69s7aIdLShUt8yIfHcnvOQm2kDhH+hR0eDEBAIJw="},"indexInfo":{"baseKey":"BesliFb3qMnkDsrSkydmVsa9ryucckffP0vvslGfiDN5","baseKeyType":1,"closed":1746627382232,"used":1746627362353,"created":1746627362353,"remoteIdentityKey":"BaB28bdvY1kahITTnulz4tzK3+aXmSPGhveDmU8auUU1"},"_chains":{"BXhlKcbXvGnAuCWaCrKmJOrnn9s2M6ca9gLVB6Tu9Zt7":{"chainKey":{"counter":0,"key":"bIHDprHSXHI9ptTIF4TQ9uU/CVW2zpeh1eTygNbH/WM="},"chainType":1,"messageKeys":{}}},"pendingPreKey":{"signedKeyId":1,"baseKey":"BesliFb3qMnkDsrSkydmVsa9ryucckffP0vvslGfiDN5","preKeyId":1506}},"BaFEZNpXg0Wu9XjTl+XiG4pe4R29Ux1WCMGT+1lVs357":{"registrationId":894655584,"currentRatchet":{"ephemeralKeyPair":{"pubKey":"BXJWbxSiKWbN2/MoCmNK8J8KFsFpP27f9jj+zbCHFPAO","privKey":"4DHlMXqrf4YhK9ANyaY7ruKP36ZUv4H365VbzIEm3lw="},"lastRemoteEphemeralKey":"BdwMK9CoGBjitK4kL8q31eHKngMEx1z0cMOT0zRHIU1f","previousCounter":0,"rootKey":"tPBWyrpTeRAZOOOtnyaEfHBFC1ZMJek/0YJ+QNhfjoM="},"indexInfo":{"baseKey":"BaFEZNpXg0Wu9XjTl+XiG4pe4R29Ux1WCMGT+1lVs357","baseKeyType":1,"closed":1746627404885,"used":1746627381783,"created":1746627381783,"remoteIdentityKey":"BaB28bdvY1kahITTnulz4tzK3+aXmSPGhveDmU8auUU1"},"_chains":{"BXJWbxSiKWbN2/MoCmNK8J8KFsFpP27f9jj+zbCHFPAO":{"chainKey":{"counter":0,"key":"PHzrRLsR7Lj1auzeULGUSbDY1fFAHZXHsx85lVxrkoA="},"chainType":1,"messageKeys":{}}},"pendingPreKey":{"signedKeyId":1,"baseKey":"BaFEZNpXg0Wu9XjTl+XiG4pe4R29Ux1WCMGT+1lVs357","preKeyId":1617}},"BZ7779L6DJM8zpYVqhywW2GXjbP84dvcO0dIW8hQm/0/":{"registrationId":894655584,"currentRatchet":{"ephemeralKeyPair":{"pubKey":"Bbal3E9/F7GYxMAlWNpMn45isQR7O/xDvMjKKUsE0egI","privKey":"yJ0kQp4imiaLYjvMqzWngR8U37lDwzFU6ynhwtCV2Ho="},"lastRemoteEphemeralKey":"BdwMK9CoGBjitK4kL8q31eHKngMEx1z0cMOT0zRHIU1f","previousCounter":0,"rootKey":"6L4ZiyvEZIf4DtZyKV41S0TA9ThKvF7O55NLXkdBDe8="},"indexInfo":{"baseKey":"BZ7779L6DJM8zpYVqhywW2GXjbP84dvcO0dIW8hQm/0/","baseKeyType":1,"closed":-1,"used":1746627404582,"created":1746627404582,"remoteIdentityKey":"BaB28bdvY1kahITTnulz4tzK3+aXmSPGhveDmU8auUU1"},"_chains":{"Bbal3E9/F7GYxMAlWNpMn45isQR7O/xDvMjKKUsE0egI":{"chainKey":{"counter":3,"key":"/ZF46lmv2FyVB/VX8XCWecXiNfUhsdd7VsUW6qbnYb8="},"chainType":1,"messageKeys":{}}},"pendingPreKey":{"signedKeyId":1,"baseKey":"BZ7779L6DJM8zpYVqhywW2GXjbP84dvcO0dIW8hQm/0/","preKeyId":1624}}},"version":"v1"}