{"_sessions":{"Ba0Gj6iofOtCskwEK4kUEeUhBvZfc2YYiWCSTaTszVF3":{"registrationId":3084733987,"currentRatchet":{"ephemeralKeyPair":{"pubKey":"BRtDfh1u8ErhSNXjF3n6m5nKuFqZgxhuguVi+IbJYc89","privKey":"UFKMPYP9JnZE40Gj4iylj2C8cdoyPKbrQKjND6Ztrno="},"lastRemoteEphemeralKey":"Bd+CDOoCknqX3AkpEvThSqoAEJw0EK1RDJPnWnP05JkC","previousCounter":0,"rootKey":"1jjLC3VLQuNAVNqgS6kmYi4+dlUNVXCGW0ZqUnbjSI8="},"indexInfo":{"baseKey":"Ba0Gj6iofOtCskwEK4kUEeUhBvZfc2YYiWCSTaTszVF3","baseKeyType":1,"closed":-1,"used":1746612496842,"created":1746612496842,"remoteIdentityKey":"Bf/BHUbX5do7JPsrsNAGqdkF8IpicspsXXR9233p60N2"},"_chains":{"BRtDfh1u8ErhSNXjF3n6m5nKuFqZgxhuguVi+IbJYc89":{"chainKey":{"counter":4,"key":"QO5e4d59x3R6ZDzJJtyS4ULlDMT90YKM9jHt7TSGRTs="},"chainType":1,"messageKeys":{}}},"pendingPreKey":{"signedKeyId":0,"baseKey":"Ba0Gj6iofOtCskwEK4kUEeUhBvZfc2YYiWCSTaTszVF3","preKeyId":10357139}}},"version":"v1"}