{"_sessions":{"BYfV4L9HFUDLLQyJCGRjE3ut5e1ej4xR3jdEcQoKtYVT":{"registrationId":1469492762,"currentRatchet":{"ephemeralKeyPair":{"pubKey":"BV+5Kn0P0X20DNuoaeyUribb4vo9OBBTaEwuvVpj/4Mw","privKey":"qKDkIc5ZA6T+4efH/ATzvP3aGg5J/rKbwMfhzwcp310="},"lastRemoteEphemeralKey":"BXsrp/UajsLQxEn1NCrQdsmsmP58+QLLFfQZsdCSD/ML","previousCounter":0,"rootKey":"x9K6KC35CttnMxXlVWRKQ1vNqDd8KTPZz9ajWMvxXSA="},"indexInfo":{"baseKey":"BYfV4L9HFUDLLQyJCGRjE3ut5e1ej4xR3jdEcQoKtYVT","baseKeyType":1,"closed":-1,"used":1746612497025,"created":1746612497025,"remoteIdentityKey":"BSWykYEamR365LOz5fkYOKrqlIxyNUdl9kkIrlYf5JIm"},"_chains":{"BV+5Kn0P0X20DNuoaeyUribb4vo9OBBTaEwuvVpj/4Mw":{"chainKey":{"counter":4,"key":"6yVDxGen60mFZQP9aPNIsb64LTOBYMqY2H30Ss2QsAU="},"chainType":1,"messageKeys":{}}},"pendingPreKey":{"signedKeyId":1,"baseKey":"BYfV4L9HFUDLLQyJCGRjE3ut5e1ej4xR3jdEcQoKtYVT","preKeyId":5358073}}},"version":"v1"}