{"_sessions":{"BXKdZuhVjsfG3HNOIYchtGPnHj+duiKRL6EpudgiUhUX":{"registrationId":1265242048,"currentRatchet":{"ephemeralKeyPair":{"pubKey":"BUm3z4g5EoKqwj8MgTf8UFQy1BSa3c1WDIuNJu60aA4g","privKey":"0MKNPHeWorkqqwYSWlJwDMU2/W7sY+H8sxsr1sJJOWU="},"lastRemoteEphemeralKey":"BQiSa23SZqP12NRHffwa2nNRcaZraIP3Cc7em6remdUo","previousCounter":0,"rootKey":"llXTRu1sRMlwfu/rUECAu9vShymVox2YkGwmf/07H5I="},"indexInfo":{"baseKey":"BXKdZuhVjsfG3HNOIYchtGPnHj+duiKRL6EpudgiUhUX","baseKeyType":1,"closed":-1,"used":1746612492997,"created":1746612492997,"remoteIdentityKey":"BWsYj/SJ5Ux7LuDavsWc1moW08LDfvHD4pbW54iSvlR3"},"_chains":{"BUm3z4g5EoKqwj8MgTf8UFQy1BSa3c1WDIuNJu60aA4g":{"chainKey":{"counter":4,"key":"MH13AyOH1CE1o8UKTOIA098zaZGaB/Go2mwz6RrZDNk="},"chainType":1,"messageKeys":{}}},"pendingPreKey":{"signedKeyId":1,"baseKey":"BXKdZuhVjsfG3HNOIYchtGPnHj+duiKRL6EpudgiUhUX"}}},"version":"v1"}