{"_sessions":{"Baq2JAAFMyG4RcwJ6v+Rhi9CPVF9uBP/UG8MjA98R69H":{"registrationId":2432315,"currentRatchet":{"ephemeralKeyPair":{"pubKey":"BbNVBhR1/0DUsYj+k+S9sW9gNy7vBgYGp6CGRV+laucO","privKey":"8HnvfXtmf7SNigwBEH97q3n7FcQVvMTwqdVhNrjZyXw="},"lastRemoteEphemeralKey":"Be/Q9g6uJpeLRz5p1Q/YpZHa+QP4UE7svfW1MkrUMjkJ","previousCounter":0,"rootKey":"IlXY6JGBCfP1nRuz7PN4h51pvYK8lgteLyrq98L+AAY="},"indexInfo":{"baseKey":"Baq2JAAFMyG4RcwJ6v+Rhi9CPVF9uBP/UG8MjA98R69H","baseKeyType":1,"closed":-1,"used":1746612493080,"created":1746612493080,"remoteIdentityKey":"BW7fIBudSQJo3NWzuvR6BW2slVPIYqL6JA1CJskfR9MZ"},"_chains":{"BbNVBhR1/0DUsYj+k+S9sW9gNy7vBgYGp6CGRV+laucO":{"chainKey":{"counter":4,"key":"MrC7V1KuUnR6qW4/LW76Yd19by6Aie4kbJVvMJboYKo="},"chainType":1,"messageKeys":{}}},"pendingPreKey":{"signedKeyId":10,"baseKey":"Baq2JAAFMyG4RcwJ6v+Rhi9CPVF9uBP/UG8MjA98R69H","preKeyId":9222585}}},"version":"v1"}