{"_sessions":{"BUvvGkF5E46Ew4G6XWO8rxvWBYsNqDecwRSy2gOjchBE":{"registrationId":2101287625,"currentRatchet":{"ephemeralKeyPair":{"pubKey":"BYdpzUph8a3t/7s9C/+sP/PekalaVkPd+cESvOXJDHBs","privKey":"kHUz3e3Kq3sxUquYk0FwKVLedB3YOxUkURXkRGErZGM="},"lastRemoteEphemeralKey":"BeQSyr6Y+o5sJl31+r4X8Pq2KO14xZRWGHFmkCokjMN3","previousCounter":0,"rootKey":"e5If/xYbwhbQ6SSQqh8WA03EXKE2xzZj8CF5seWqpAM="},"indexInfo":{"baseKey":"BUvvGkF5E46Ew4G6XWO8rxvWBYsNqDecwRSy2gOjchBE","baseKeyType":1,"closed":-1,"used":1746612496853,"created":1746612496853,"remoteIdentityKey":"BS3BIeIYZSQrgyDrRs1JT3Hk8+UeNnmisMscRV5ga4NB"},"_chains":{"BYdpzUph8a3t/7s9C/+sP/PekalaVkPd+cESvOXJDHBs":{"chainKey":{"counter":4,"key":"JKDMhPpQeaJspPkJrqHLyyW7kHw5p7chFr4WniBIPDg="},"chainType":1,"messageKeys":{}}},"pendingPreKey":{"signedKeyId":2034935,"baseKey":"BUvvGkF5E46Ew4G6XWO8rxvWBYsNqDecwRSy2gOjchBE"}}},"version":"v1"}