{"_sessions":{"Bdtwv3m+bYMOBQym5KQLLwH2Rmv07CA2SYxulW+hXMkH":{"registrationId":421306399,"currentRatchet":{"ephemeralKeyPair":{"pubKey":"BSaKTOa7XSJGqwETa9mHga00X2bIpuAI1Ib5vP0gWw0K","privKey":"wIhkXiURVWSrenqGzMqAXLN8oRRxhx647qUpnG2Ic34="},"lastRemoteEphemeralKey":"BX/2XlSVz3MhySdUbL37NeS3uTPmMtXHWpKJwGxqjrA2","previousCounter":0,"rootKey":"+jnix4FEaKU/yl4cFV5O9YtSyVgWPvJ+nQLSbUgqdSk="},"indexInfo":{"baseKey":"Bdtwv3m+bYMOBQym5KQLLwH2Rmv07CA2SYxulW+hXMkH","baseKeyType":1,"closed":-1,"used":1746612488552,"created":1746612488552,"remoteIdentityKey":"BcSNXM58B42F6g4LO0CaOw5zLgajT15xIDzCea/pF299"},"_chains":{"BSaKTOa7XSJGqwETa9mHga00X2bIpuAI1Ib5vP0gWw0K":{"chainKey":{"counter":4,"key":"34I/y2EUkPyZCfoJ6t5DCakdBf7JCyFKPy7OAQ5NYTo="},"chainType":1,"messageKeys":{}}},"pendingPreKey":{"signedKeyId":13,"baseKey":"Bdtwv3m+bYMOBQym5KQLLwH2Rmv07CA2SYxulW+hXMkH","preKeyId":8222184}}},"version":"v1"}