{"_sessions":{"BSw7wwbyjKRoX8CrrZ+jZOTGYHqmPoyCf+iYvJvMjN9k":{"registrationId":698268694,"currentRatchet":{"ephemeralKeyPair":{"pubKey":"BVVUzTLLF9PtjQTEPzKc/NAfnZlPtPwcPTY2/h3J1FBO","privKey":"+KOck31YgSWL8jBhMVodNERBFbb1IL+tOtg6subLIFY="},"lastRemoteEphemeralKey":"BUr/Q3jGEcV83tMMytjfMsRb5fC0eR4Z7FTMsi2SoFVA","previousCounter":0,"rootKey":"oow3fvKsL7jvkLeK9QLTcC487/8yAQ7MYMxy8FwZ50o="},"indexInfo":{"baseKey":"BSw7wwbyjKRoX8CrrZ+jZOTGYHqmPoyCf+iYvJvMjN9k","baseKeyType":1,"closed":-1,"used":1746612493148,"created":1746612493148,"remoteIdentityKey":"Bc6Kg9gnNhbR+TgfjBp1vr3hppRZKp8+m+3xFdkandB6"},"_chains":{"BVVUzTLLF9PtjQTEPzKc/NAfnZlPtPwcPTY2/h3J1FBO":{"chainKey":{"counter":4,"key":"0K/lEf9HJR2/W4x+yOj3HIgj0qVWby8I4b1BIcTBMlc="},"chainType":1,"messageKeys":{}}},"pendingPreKey":{"signedKeyId":2,"baseKey":"BSw7wwbyjKRoX8CrrZ+jZOTGYHqmPoyCf+iYvJvMjN9k","preKeyId":8871749}}},"version":"v1"}