{"_sessions":{"BV9BwLsas4vwWrukwH1odG1h8iOG2QkLbSuQ9exAlIp7":{"registrationId":1346352686,"currentRatchet":{"ephemeralKeyPair":{"pubKey":"BbgG5gG1a7t5FYcbsPjwgRc9FhWMmJaWjDYdencJ06ll","privKey":"0HL5+3pF1Ndm9fhPpXJIv5o62KVk0X68wNbdVPvlUEo="},"lastRemoteEphemeralKey":"BVOUc2OQe4/NRx1plSzcK74r0+u93vBswTihxGOzdtVV","previousCounter":0,"rootKey":"bTJG/92jHlPWuxgVH9zDKw5dN31VPYrfsPX9C60zPIg="},"indexInfo":{"baseKey":"BV9BwLsas4vwWrukwH1odG1h8iOG2QkLbSuQ9exAlIp7","baseKeyType":1,"closed":-1,"used":1746612488688,"created":1746612488688,"remoteIdentityKey":"Bb02ol0RvCzNqPnxyzEuwVCwcd0YYm1TdwE/NW+x5YlW"},"_chains":{"BbgG5gG1a7t5FYcbsPjwgRc9FhWMmJaWjDYdencJ06ll":{"chainKey":{"counter":4,"key":"71AlissJz9AYPWBs58g3FRqjZkjhp2d0iz65n7vXDQ0="},"chainType":1,"messageKeys":{}}},"pendingPreKey":{"signedKeyId":9702125,"baseKey":"BV9BwLsas4vwWrukwH1odG1h8iOG2QkLbSuQ9exAlIp7"}}},"version":"v1"}