{"_sessions":{"BfrYbEyAupOxxDBBkwGMUP1q/kXhifK0WzqZP71tq7os":{"registrationId":956692372,"currentRatchet":{"ephemeralKeyPair":{"pubKey":"BZg6fCIaC+BK6DAiutd1Clm22c9g2BegO3w/nkPd1sQQ","privKey":"2DIf9SqmMfnQU68Z8O2Saep/RVwKvHNrQSGxIkO+omU="},"lastRemoteEphemeralKey":"BXEtnDxMQ2VJiGVCXf8a2I7lecz0nedTsVJnVZAvWB44","previousCounter":0,"rootKey":"LB7YFYpwc8EJX12J/GoMQjq5RecrbYZU65lVDTVinYU="},"indexInfo":{"baseKey":"BfrYbEyAupOxxDBBkwGMUP1q/kXhifK0WzqZP71tq7os","baseKeyType":1,"closed":-1,"used":1746627351187,"created":1746627351187,"remoteIdentityKey":"BcAs4i41LyZ+IXMPvcVlGq7Xbgls9nTM1kUFUaV2Wa48"},"_chains":{"BZg6fCIaC+BK6DAiutd1Clm22c9g2BegO3w/nkPd1sQQ":{"chainKey":{"counter":0,"key":"QaFDKZXlGOF0q04qa8Rml4E80ip3KhFdoAqFjDAXgTE="},"chainType":1,"messageKeys":{}}},"pendingPreKey":{"signedKeyId":3,"baseKey":"BfrYbEyAupOxxDBBkwGMUP1q/kXhifK0WzqZP71tq7os","preKeyId":15366946}}},"version":"v1"}