{"_sessions":{"BcOn/Gc0dvSTKauExm0zp2OECT7ESxFEAYh4BGu5vxho":{"registrationId":1634160387,"currentRatchet":{"ephemeralKeyPair":{"pubKey":"BUw+g6iX1ertWSqZ+6agFrA6pzDSJvMJsedFE7618FQz","privKey":"gJx07OBuoTN1BaZ1Y0lrQFuwnW5rzSGiNr+2XFwxg00="},"lastRemoteEphemeralKey":"Bc4czgRwmK8Ra+BIm7CUNA6gHc8lyyvr63zjizs2U8Uc","previousCounter":0,"rootKey":"NoLPUbZC0knc2hDd77QSEibVbgbiJTFG1ePcllj10zg="},"indexInfo":{"baseKey":"BcOn/Gc0dvSTKauExm0zp2OECT7ESxFEAYh4BGu5vxho","baseKeyType":1,"closed":-1,"used":1746627350956,"created":1746627350956,"remoteIdentityKey":"BfqGFxtqOfQXWsGnUpcVKVm4Y0YDcSFfol+3vk2j1345"},"_chains":{"BUw+g6iX1ertWSqZ+6agFrA6pzDSJvMJsedFE7618FQz":{"chainKey":{"counter":0,"key":"UXK6898YYHPtmSG39UokMA6gu9IMz6d6bXEEeqoZUvw="},"chainType":1,"messageKeys":{}}},"pendingPreKey":{"signedKeyId":1,"baseKey":"BcOn/Gc0dvSTKauExm0zp2OECT7ESxFEAYh4BGu5vxho","preKeyId":14722553}}},"version":"v1"}