{"_sessions":{"BbCb6PeggJpPgrEAavuTEMRxyj1rwZ7rthr20UbRkwVc":{"registrationId":677123986,"currentRatchet":{"ephemeralKeyPair":{"pubKey":"BZXMMX0MBVlDKOoh9JHIAkB00Y5+01D7cUPsSMuOPBVu","privKey":"sGSyN8K/jvDC+EZKzcFWptfbW3wcWH6bVwxUUO1TwVo="},"lastRemoteEphemeralKey":"BdQ98cN1yeAHmrCCkppYaoLSg9r/H7EBdMatW33eC+Ya","previousCounter":0,"rootKey":"WLhhyCA5xSJ6nRZvJ7tEIjXAOcloIug9+rjWRRAdqlA="},"indexInfo":{"baseKey":"BbCb6PeggJpPgrEAavuTEMRxyj1rwZ7rthr20UbRkwVc","baseKeyType":1,"closed":-1,"used":1746612498938,"created":1746612498938,"remoteIdentityKey":"BR/J4oppTA1SNkh5t9cSWccPVcDfht9g7+uu+gbb8EY0"},"_chains":{"BZXMMX0MBVlDKOoh9JHIAkB00Y5+01D7cUPsSMuOPBVu":{"chainKey":{"counter":4,"key":"2NCpiwtu7gnevB/JArBWgmj01Vlq3SoTokL+p9Ff7Lg="},"chainType":1,"messageKeys":{}}},"pendingPreKey":{"signedKeyId":4,"baseKey":"BbCb6PeggJpPgrEAavuTEMRxyj1rwZ7rthr20UbRkwVc","preKeyId":1296462}}},"version":"v1"}