{"_sessions":{"BU3KV64Rzh/Z7RCS68DJPhlrZ0gNOVN9Hr+IChFKbXUM":{"registrationId":347358205,"currentRatchet":{"ephemeralKeyPair":{"pubKey":"BVIw0HQfU2AxVhxOn79yThIf4H30r/8sNVzOIj2atoM/","privKey":"4Eqt6Jg9lIvOUpG7Hp2fZOEDpUGjL1xc0bDKnLmUE18="},"lastRemoteEphemeralKey":"BaCYxPZDWOIWIwR5dd7az5Ja5w1dcTMGDCiUuSPhd5Ir","previousCounter":0,"rootKey":"MYTchhr4unDHBdU2dm+wHyBCGTOUT7WbS0vj8yhGBM4="},"indexInfo":{"baseKey":"BU3KV64Rzh/Z7RCS68DJPhlrZ0gNOVN9Hr+IChFKbXUM","baseKeyType":1,"closed":1746627330258,"used":1746612497005,"created":1746612497005,"remoteIdentityKey":"Be2QBJ2fZtqkmySrwupfsIaZwY63DOB5d5ikR2F/0llX"},"_chains":{"BVIw0HQfU2AxVhxOn79yThIf4H30r/8sNVzOIj2atoM/":{"chainKey":{"counter":2,"key":"/73/M/VkiqwdgE22KzXJsQ1AFTeGEkuWdnKr1LM5R1c="},"chainType":1,"messageKeys":{}}},"pendingPreKey":{"signedKeyId":1,"baseKey":"BU3KV64Rzh/Z7RCS68DJPhlrZ0gNOVN9Hr+IChFKbXUM"}},"BRO2HsWSsJ6qg2nzpBIL5kuOhSpR3FdSAzxk/mfajUkt":{"registrationId":292974435,"currentRatchet":{"ephemeralKeyPair":{"pubKey":"BYo2WGJS4hCPgDumhrsB4pbOmZmb+leTNieBklpce88a","privKey":"2InVNj+eEyKOlAL9Sh7w8eQ1Xg4fzqI8dTqO0yO2EEQ="},"lastRemoteEphemeralKey":"BXa5nHzRwBBlVYOehoeZAEKeSI6PIM1JvGlFSS9N5ztq","previousCounter":0,"rootKey":"PpELiA2OEwQuJOk96FKhdJdOP0sN6GGgIpbNYWmGDOw="},"indexInfo":{"baseKey":"BRO2HsWSsJ6qg2nzpBIL5kuOhSpR3FdSAzxk/mfajUkt","baseKeyType":1,"closed":1746627330855,"used":1746627330239,"created":1746627330239,"remoteIdentityKey":"BZ8g8AwxKXFkK6loVS8LeAPvuHj1H2/6BNPCJDJOElln"},"_chains":{"BYo2WGJS4hCPgDumhrsB4pbOmZmb+leTNieBklpce88a":{"chainKey":{"counter":-1,"key":"rmkqx1OUE6r8ZuA6Zro90KAMuUt6DHeQ4aDSs/4XnuM="},"chainType":1,"messageKeys":{}}},"pendingPreKey":{"signedKeyId":0,"baseKey":"BRO2HsWSsJ6qg2nzpBIL5kuOhSpR3FdSAzxk/mfajUkt","preKeyId":970032}},"BeADDEUQe8y46Djv+B3HCV50BKMzGQdR6vcU0DDLTtpX":{"registrationId":292974435,"currentRatchet":{"ephemeralKeyPair":{"pubKey":"BTMtVBq6ss3PELZ0zZ2fWiLIP1s6fOr3EkOQpzjCeJcu","privKey":"aM35txVyvRZn/jdsBT0HLXd/84KSFwIOuh0JQIxiuEo="},"lastRemoteEphemeralKey":"BXa5nHzRwBBlVYOehoeZAEKeSI6PIM1JvGlFSS9N5ztq","previousCounter":0,"rootKey":"L6rKKDuLtcKKXYHK15HLoAB9cbrUyE6hKVaROv+SnfA="},"indexInfo":{"baseKey":"BeADDEUQe8y46Djv+B3HCV50BKMzGQdR6vcU0DDLTtpX","baseKeyType":1,"closed":1746627331485,"used":1746627330847,"created":1746627330847,"remoteIdentityKey":"BZ8g8AwxKXFkK6loVS8LeAPvuHj1H2/6BNPCJDJOElln"},"_chains":{"BTMtVBq6ss3PELZ0zZ2fWiLIP1s6fOr3EkOQpzjCeJcu":{"chainKey":{"counter":-1,"key":"qN4oZJvmamBhjJNjtjzaHEqbDdPAHJY2w1QRwmJrQ7E="},"chainType":1,"messageKeys":{}}},"pendingPreKey":{"signedKeyId":0,"baseKey":"BeADDEUQe8y46Djv+B3HCV50BKMzGQdR6vcU0DDLTtpX","preKeyId":969933}},"BSRxL7FmaYnDwGdAIXywI2zZ+3AXTb7ONcA9fKaQk9Im":{"registrationId":292974435,"currentRatchet":{"ephemeralKeyPair":{"pubKey":"BTyp9R24c9hdW6U5+YCJUOmVx8S7Rk2A2CO6WeQlHMUC","privKey":"eB6+FcOl/YXKQZPVxkpGMNkzL1s7hGYWYErcxnPTSWs="},"lastRemoteEphemeralKey":"BXa5nHzRwBBlVYOehoeZAEKeSI6PIM1JvGlFSS9N5ztq","previousCounter":0,"rootKey":"cCExg41nKYWg7Nt01I39aZRo46lugjCmMxHV3S0G4rE="},"indexInfo":{"baseKey":"BSRxL7FmaYnDwGdAIXywI2zZ+3AXTb7ONcA9fKaQk9Im","baseKeyType":1,"closed":1746627332143,"used":1746627331474,"created":1746627331474,"remoteIdentityKey":"BZ8g8AwxKXFkK6loVS8LeAPvuHj1H2/6BNPCJDJOElln"},"_chains":{"BTyp9R24c9hdW6U5+YCJUOmVx8S7Rk2A2CO6WeQlHMUC":{"chainKey":{"counter":-1,"key":"oDvDPdsceHL7vg/mYMQCX5GYyAZhhsziFTaAsGRDC5w="},"chainType":1,"messageKeys":{}}},"pendingPreKey":{"signedKeyId":0,"baseKey":"BSRxL7FmaYnDwGdAIXywI2zZ+3AXTb7ONcA9fKaQk9Im","preKeyId":969983}},"BTnOAw6K64ifTqo8uApnzOg1jtioEozAG01iRtw4BUx2":{"registrationId":292974435,"currentRatchet":{"ephemeralKeyPair":{"pubKey":"BdDWVZpvw/BtdpijZPdSPVmjqgAI8+EJmMe9b36fRlV+","privKey":"qJTYROGNyJ+rGPF6lpL1qC29gxMFTdHF4s3zXhbz3Vs="},"lastRemoteEphemeralKey":"BXa5nHzRwBBlVYOehoeZAEKeSI6PIM1JvGlFSS9N5ztq","previousCounter":0,"rootKey":"LN6XnRaSkW/a/KEpr7x9IuKrreUhfE7n1ybHkyPJrHc="},"indexInfo":{"baseKey":"BTnOAw6K64ifTqo8uApnzOg1jtioEozAG01iRtw4BUx2","baseKeyType":1,"closed":1746627332763,"used":1746627332128,"created":1746627332128,"remoteIdentityKey":"BZ8g8AwxKXFkK6loVS8LeAPvuHj1H2/6BNPCJDJOElln"},"_chains":{"BdDWVZpvw/BtdpijZPdSPVmjqgAI8+EJmMe9b36fRlV+":{"chainKey":{"counter":-1,"key":"SsDB7T7xtrsVvXr4DGtIJVFCaOOQgxjh1s+WGc8kdzI="},"chainType":1,"messageKeys":{}}},"pendingPreKey":{"signedKeyId":0,"baseKey":"BTnOAw6K64ifTqo8uApnzOg1jtioEozAG01iRtw4BUx2","preKeyId":970683}},"BXBcEJ0x6j3Z0rAWk75riRazmXh07HK+askFxuzTosY/":{"registrationId":292974435,"currentRatchet":{"ephemeralKeyPair":{"pubKey":"BTecjsQYZcnRShmM5FkeUUQuPwQc1mlqsk5LmVjJjEgV","privKey":"ABaEwOHhlHtlQT144L/Diy2IDb52lkXHNQN0s2Wks0w="},"lastRemoteEphemeralKey":"BXa5nHzRwBBlVYOehoeZAEKeSI6PIM1JvGlFSS9N5ztq","previousCounter":0,"rootKey":"aVlFzB0HuVQ7zbHZjfeoYRK4xrag/R2CJSEt00BdcAk="},"indexInfo":{"baseKey":"BXBcEJ0x6j3Z0rAWk75riRazmXh07HK+askFxuzTosY/","baseKeyType":1,"closed":1746627333436,"used":1746627332755,"created":1746627332755,"remoteIdentityKey":"BZ8g8AwxKXFkK6loVS8LeAPvuHj1H2/6BNPCJDJOElln"},"_chains":{"BTecjsQYZcnRShmM5FkeUUQuPwQc1mlqsk5LmVjJjEgV":{"chainKey":{"counter":-1,"key":"nqZDv4HOT4t6mHiQnr3pAUWnKJKRF3B8bbsmjDt7Hzg="},"chainType":1,"messageKeys":{}}},"pendingPreKey":{"signedKeyId":0,"baseKey":"BXBcEJ0x6j3Z0rAWk75riRazmXh07HK+askFxuzTosY/","preKeyId":969959}},"BTWUi4u+XopSMBvWIDR8EGqQ7beuLNKiBuoSMuSepZsx":{"registrationId":292974435,"currentRatchet":{"ephemeralKeyPair":{"pubKey":"BSFaQzX+w92E/5idTz6jyMWO6CmYhAIMGbZ1jCiQ1ZFi","privKey":"sAJpMwXQeblwnShFiWrDc75F3RjAs7q61dAS3Qk12Ws="},"lastRemoteEphemeralKey":"BXa5nHzRwBBlVYOehoeZAEKeSI6PIM1JvGlFSS9N5ztq","previousCounter":0,"rootKey":"GOjE5Oa4Ek3X0g4S58vCx7eauujGkV4+5qVupbV8WcY="},"indexInfo":{"baseKey":"BTWUi4u+XopSMBvWIDR8EGqQ7beuLNKiBuoSMuSepZsx","baseKeyType":1,"closed":1746627334081,"used":1746627333429,"created":1746627333429,"remoteIdentityKey":"BZ8g8AwxKXFkK6loVS8LeAPvuHj1H2/6BNPCJDJOElln"},"_chains":{"BSFaQzX+w92E/5idTz6jyMWO6CmYhAIMGbZ1jCiQ1ZFi":{"chainKey":{"counter":-1,"key":"Rr8fLhZcJLMCxe5v39oq7ljcTNsB1CvhIvr5qZEf9M0="},"chainType":1,"messageKeys":{}}},"pendingPreKey":{"signedKeyId":0,"baseKey":"BTWUi4u+XopSMBvWIDR8EGqQ7beuLNKiBuoSMuSepZsx","preKeyId":970547}},"BWLTxBRRFgSpaxHkBb830B61AoEK3GcxtnAEl9UoMXMx":{"registrationId":292974435,"currentRatchet":{"ephemeralKeyPair":{"pubKey":"BT2R9Iy4Ml86kxJqCEaox6Cm/UloKmANLK47PorRINIW","privKey":"uLQWqTCGbagTaZSq6Rh4oI8nL/H2Vs8lPNhFAUPgW0k="},"lastRemoteEphemeralKey":"BXa5nHzRwBBlVYOehoeZAEKeSI6PIM1JvGlFSS9N5ztq","previousCounter":0,"rootKey":"PSOvGK7SITY0vx4HvOvqz7NX8xyWSInmNvqnWqnLt2M="},"indexInfo":{"baseKey":"BWLTxBRRFgSpaxHkBb830B61AoEK3GcxtnAEl9UoMXMx","baseKeyType":1,"closed":1746627334732,"used":1746627334074,"created":1746627334074,"remoteIdentityKey":"BZ8g8AwxKXFkK6loVS8LeAPvuHj1H2/6BNPCJDJOElln"},"_chains":{"BT2R9Iy4Ml86kxJqCEaox6Cm/UloKmANLK47PorRINIW":{"chainKey":{"counter":-1,"key":"4bo3JNeY670mDK3M1lpyUrPZZeRMn0bfJSux8mU1hyA="},"chainType":1,"messageKeys":{}}},"pendingPreKey":{"signedKeyId":0,"baseKey":"BWLTxBRRFgSpaxHkBb830B61AoEK3GcxtnAEl9UoMXMx","preKeyId":970029}},"BfPjIdbJ8rLkqXZJ5gHgWue3hTadhRyo6fSvYOJQZF5F":{"registrationId":292974435,"currentRatchet":{"ephemeralKeyPair":{"pubKey":"BYIhk6omjQtKyqNN4WtnkyFjqVV9k5aEbhJkudWsmxwD","privKey":"+JosmCdbsOnMysRPzBEPzbCoT7NBTn5uE797w651BEg="},"lastRemoteEphemeralKey":"BXa5nHzRwBBlVYOehoeZAEKeSI6PIM1JvGlFSS9N5ztq","previousCounter":0,"rootKey":"WOTl44TwXrusXB+pBN5TMD81zymuZVkP45j3xJKHEG8="},"indexInfo":{"baseKey":"BfPjIdbJ8rLkqXZJ5gHgWue3hTadhRyo6fSvYOJQZF5F","baseKeyType":1,"closed":1746627335890,"used":1746627334722,"created":1746627334722,"remoteIdentityKey":"BZ8g8AwxKXFkK6loVS8LeAPvuHj1H2/6BNPCJDJOElln"},"_chains":{"BYIhk6omjQtKyqNN4WtnkyFjqVV9k5aEbhJkudWsmxwD":{"chainKey":{"counter":-1,"key":"cWXezf1JUAJtoltLyuVr3Jehf119sUxeBdqd8uxViBQ="},"chainType":1,"messageKeys":{}}},"pendingPreKey":{"signedKeyId":0,"baseKey":"BfPjIdbJ8rLkqXZJ5gHgWue3hTadhRyo6fSvYOJQZF5F","preKeyId":969935}},"BTCGhOFDfaAM/lSEby/X56ZDzD1Xk/PQdB81arzJkq04":{"registrationId":292974435,"currentRatchet":{"ephemeralKeyPair":{"pubKey":"BfKPp7fufxMzPYTIlazkfxvL8rZN/+/ic1a0K2LNlBgP","privKey":"wCncpIXT/mX2FJuBIy/0WHDImBszZoultvwycYr6pmo="},"lastRemoteEphemeralKey":"BXa5nHzRwBBlVYOehoeZAEKeSI6PIM1JvGlFSS9N5ztq","previousCounter":0,"rootKey":"LbuyR+jREtyQiEh1nSvZjROxAImuBs2pmWMzNaWxq5U="},"indexInfo":{"baseKey":"BTCGhOFDfaAM/lSEby/X56ZDzD1Xk/PQdB81arzJkq04","baseKeyType":1,"closed":1746627336522,"used":1746627335874,"created":1746627335874,"remoteIdentityKey":"BZ8g8AwxKXFkK6loVS8LeAPvuHj1H2/6BNPCJDJOElln"},"_chains":{"BfKPp7fufxMzPYTIlazkfxvL8rZN/+/ic1a0K2LNlBgP":{"chainKey":{"counter":-1,"key":"aUM1RjSxmuNQ+iq4wngjngkh3ZBGWOMElqPJKuymSQc="},"chainType":1,"messageKeys":{}}},"pendingPreKey":{"signedKeyId":0,"baseKey":"BTCGhOFDfaAM/lSEby/X56ZDzD1Xk/PQdB81arzJkq04","preKeyId":970532}},"BdzyP4AQmpDT/Hqr+A7P9gOwCgwpIV09Gy4YZ700+kIa":{"registrationId":292974435,"currentRatchet":{"ephemeralKeyPair":{"pubKey":"BbHfw0cr2Zs1LF+ZPEG//5JCuxHJq6YbSiQyptpHj51J","privKey":"2DyMuCqPe61WM28OLNRNPwCrjFywekBAyhR+hRZmYVY="},"lastRemoteEphemeralKey":"BXa5nHzRwBBlVYOehoeZAEKeSI6PIM1JvGlFSS9N5ztq","previousCounter":0,"rootKey":"dZMhPHSzHl9eO9gT+n3sdXKbMuXwToHEzoRPsNznzkg="},"indexInfo":{"baseKey":"BdzyP4AQmpDT/Hqr+A7P9gOwCgwpIV09Gy4YZ700+kIa","baseKeyType":1,"closed":1746627337242,"used":1746627336513,"created":1746627336513,"remoteIdentityKey":"BZ8g8AwxKXFkK6loVS8LeAPvuHj1H2/6BNPCJDJOElln"},"_chains":{"BbHfw0cr2Zs1LF+ZPEG//5JCuxHJq6YbSiQyptpHj51J":{"chainKey":{"counter":-1,"key":"o/JY8LvqJ6Kub9iveMH7uA2DitK8wWXiWG8O9rEfiFU="},"chainType":1,"messageKeys":{}}},"pendingPreKey":{"signedKeyId":0,"baseKey":"BdzyP4AQmpDT/Hqr+A7P9gOwCgwpIV09Gy4YZ700+kIa","preKeyId":970026}},"Bdlcy/kLiFoC3EIZVBCDFRGJIf04HpfelSsuIohMg9wh":{"registrationId":292974435,"currentRatchet":{"ephemeralKeyPair":{"pubKey":"BeqMrmR90U7FarON5jpqpzN2OxUwA8BAVALl4qD3yfRL","privKey":"QOeIXJzmE3SN4luIQtrFF01jLwdfN7gV5ZvJ19Qp9Ew="},"lastRemoteEphemeralKey":"BXa5nHzRwBBlVYOehoeZAEKeSI6PIM1JvGlFSS9N5ztq","previousCounter":0,"rootKey":"w7a+1gDMMTVHtvZfvKJ6g+X/1aiIWMhj0Z3zS8NGGfs="},"indexInfo":{"baseKey":"Bdlcy/kLiFoC3EIZVBCDFRGJIf04HpfelSsuIohMg9wh","baseKeyType":1,"closed":1746627337865,"used":1746627337233,"created":1746627337233,"remoteIdentityKey":"BZ8g8AwxKXFkK6loVS8LeAPvuHj1H2/6BNPCJDJOElln"},"_chains":{"BeqMrmR90U7FarON5jpqpzN2OxUwA8BAVALl4qD3yfRL":{"chainKey":{"counter":-1,"key":"+HrqHFB6f8+K36cWRyX1Ir1dDy5rPXICX2jeCGHyYb0="},"chainType":1,"messageKeys":{}}},"pendingPreKey":{"signedKeyId":0,"baseKey":"Bdlcy/kLiFoC3EIZVBCDFRGJIf04HpfelSsuIohMg9wh","preKeyId":970011}},"BQD/3g8zcaFkWlZmxz4g/mUZKBhpo70R68Y6xIUdMpN/":{"registrationId":292974435,"currentRatchet":{"ephemeralKeyPair":{"pubKey":"BZ8zhsHDDdmRU+OXosmMu9c7q2zBzYbuBf8EC9slY9JV","privKey":"0H3NsJe0f1jr3yBCnMHMmBaRKHhAtYNNhuDbQbsr6ns="},"lastRemoteEphemeralKey":"BXa5nHzRwBBlVYOehoeZAEKeSI6PIM1JvGlFSS9N5ztq","previousCounter":0,"rootKey":"iat4QRu8smFWKI/GP9eAc5WYwyBBHC/TOux6qcovmYc="},"indexInfo":{"baseKey":"BQD/3g8zcaFkWlZmxz4g/mUZKBhpo70R68Y6xIUdMpN/","baseKeyType":1,"closed":1746627338518,"used":1746627337850,"created":1746627337850,"remoteIdentityKey":"BZ8g8AwxKXFkK6loVS8LeAPvuHj1H2/6BNPCJDJOElln"},"_chains":{"BZ8zhsHDDdmRU+OXosmMu9c7q2zBzYbuBf8EC9slY9JV":{"chainKey":{"counter":-1,"key":"eIGSednzttqF5juqdVtI5eXVJd7/ajqpzrshf4Z1HPM="},"chainType":1,"messageKeys":{}}},"pendingPreKey":{"signedKeyId":0,"baseKey":"BQD/3g8zcaFkWlZmxz4g/mUZKBhpo70R68Y6xIUdMpN/","preKeyId":970030}},"BbRGSXwZprja8djK+IkL9er7f7IPDEDoilECMfAd13xq":{"registrationId":292974435,"currentRatchet":{"ephemeralKeyPair":{"pubKey":"BXhtMyPTfYrP93Mp3zOnMv/rFDMNXSIZI3rfmlINcDsv","privKey":"6FXS5BgW/X3Sas7dxFBBkrOSrNWEidqSnlJVmZyQynA="},"lastRemoteEphemeralKey":"BXa5nHzRwBBlVYOehoeZAEKeSI6PIM1JvGlFSS9N5ztq","previousCounter":0,"rootKey":"cF/gvtNKI4CdU21JMKlE21xJ8FopDkq3rbfywBWHDCE="},"indexInfo":{"baseKey":"BbRGSXwZprja8djK+IkL9er7f7IPDEDoilECMfAd13xq","baseKeyType":1,"closed":1746627339169,"used":1746627338508,"created":1746627338508,"remoteIdentityKey":"BZ8g8AwxKXFkK6loVS8LeAPvuHj1H2/6BNPCJDJOElln"},"_chains":{"BXhtMyPTfYrP93Mp3zOnMv/rFDMNXSIZI3rfmlINcDsv":{"chainKey":{"counter":-1,"key":"XcitSJanLkeMaOAERrD6OlHjlnthGG1IRTeKSrlZMLo="},"chainType":1,"messageKeys":{}}},"pendingPreKey":{"signedKeyId":0,"baseKey":"BbRGSXwZprja8djK+IkL9er7f7IPDEDoilECMfAd13xq","preKeyId":969898}},"BfjRMoD52SORy+LCRX/SL3IQRUjINNaROJH4dw5zL8xq":{"registrationId":292974435,"currentRatchet":{"ephemeralKeyPair":{"pubKey":"Bf44yXxvt0yPh6f9lTJeRZUoHW+7xmmKZkb/aQBxdsQO","privKey":"4GmSV+BCFX9lErG3qlQOkqIC2qMQymr8aMQ1zgsL3VU="},"lastRemoteEphemeralKey":"BXa5nHzRwBBlVYOehoeZAEKeSI6PIM1JvGlFSS9N5ztq","previousCounter":0,"rootKey":"7XB1q5anCi0XQhjyPkHP5pzQzgOv7eVS4CbVYzQPfqc="},"indexInfo":{"baseKey":"BfjRMoD52SORy+LCRX/SL3IQRUjINNaROJH4dw5zL8xq","baseKeyType":1,"closed":1746627339840,"used":1746627339156,"created":1746627339156,"remoteIdentityKey":"BZ8g8AwxKXFkK6loVS8LeAPvuHj1H2/6BNPCJDJOElln"},"_chains":{"Bf44yXxvt0yPh6f9lTJeRZUoHW+7xmmKZkb/aQBxdsQO":{"chainKey":{"counter":-1,"key":"LnCtlnQV0n9sZ3ElIdjHw1LP4xKKoe3e4ots7Dk8PeY="},"chainType":1,"messageKeys":{}}},"pendingPreKey":{"signedKeyId":0,"baseKey":"BfjRMoD52SORy+LCRX/SL3IQRUjINNaROJH4dw5zL8xq","preKeyId":970637}},"BQ/mEh/LGNyqC6Pn0ygd5Tlca5WXl7TkHtM8yOtJ/LQm":{"registrationId":292974435,"currentRatchet":{"ephemeralKeyPair":{"pubKey":"Bbgb/ZGc/O137KGWTN9j9NXhgnf1gtonsN5IaGmqFjgp","privKey":"IPtk3VgOGAZ3mN7EGM3VYgkXcc3HtMtz2jqheT25+mI="},"lastRemoteEphemeralKey":"BXa5nHzRwBBlVYOehoeZAEKeSI6PIM1JvGlFSS9N5ztq","previousCounter":0,"rootKey":"VOizJyfYmAFmnRC4jsr56m2eSgESpN97T13pY45OnT0="},"indexInfo":{"baseKey":"BQ/mEh/LGNyqC6Pn0ygd5Tlca5WXl7TkHtM8yOtJ/LQm","baseKeyType":1,"closed":1746627341058,"used":1746627339830,"created":1746627339830,"remoteIdentityKey":"BZ8g8AwxKXFkK6loVS8LeAPvuHj1H2/6BNPCJDJOElln"},"_chains":{"Bbgb/ZGc/O137KGWTN9j9NXhgnf1gtonsN5IaGmqFjgp":{"chainKey":{"counter":-1,"key":"tytjoyLD0yOVrm3BtVVsH3PV0seMFqdA2CdtH1nZ43k="},"chainType":1,"messageKeys":{}}},"pendingPreKey":{"signedKeyId":0,"baseKey":"BQ/mEh/LGNyqC6Pn0ygd5Tlca5WXl7TkHtM8yOtJ/LQm","preKeyId":970608}},"BTnQ2PrJpV661iyU02nxgRj2ZCTa1WXtKvJVvC1rVtIB":{"registrationId":292974435,"currentRatchet":{"ephemeralKeyPair":{"pubKey":"BTNcgsqlAvczvMP9R4kLQE9ql94rXBo+W1hFIhCJmP1h","privKey":"cIuGxBJElecAV/+dXFD80eRxe3CMxDJcgofqRdMOWHA="},"lastRemoteEphemeralKey":"BcmeUOw35YHX+Mv6NNFf+g68mRCEphOXOGK8nQCfrfou","previousCounter":1,"rootKey":"6Ien/qj12Ub51VJqXayNazjk1YUnQ6FE8n380GRO5+A="},"indexInfo":{"baseKey":"BTnQ2PrJpV661iyU02nxgRj2ZCTa1WXtKvJVvC1rVtIB","baseKeyType":1,"closed":-1,"used":1746629932918,"created":1746627341047,"remoteIdentityKey":"BZ8g8AwxKXFkK6loVS8LeAPvuHj1H2/6BNPCJDJOElln"},"_chains":{"BcmeUOw35YHX+Mv6NNFf+g68mRCEphOXOGK8nQCfrfou":{"chainKey":{"counter":2,"key":"17el5Ea3rKZty7pXQAbckANgvQBs2Qxdz0Nho6VmKPY="},"chainType":2,"messageKeys":{}},"BTNcgsqlAvczvMP9R4kLQE9ql94rXBo+W1hFIhCJmP1h":{"chainKey":{"counter":-1,"key":"YSpsXCpnzqryYnpxbjAobPRE5Ye3KCQFXTbCF3mZlKU="},"chainType":1,"messageKeys":{}}}}},"version":"v1"}