{"_sessions":{"Banqc7HCJ+FX7Jb/pOa0PVlWt3CumGfVLaR/hYFJCEEr":{"registrationId":1656236737,"currentRatchet":{"ephemeralKeyPair":{"pubKey":"BU6nhexNxrCTMqiWe+eHVg49mCnjIvxqd65Mfgluyroa","privKey":"2O7YCPdGWsG5abghG1E6kvhxB+4oGIvhpUpgTPTzLHM="},"lastRemoteEphemeralKey":"BeJbRdmeU8lqCSpvdUJHXCDH41ej8/uoWlbwPwqpcX1Q","previousCounter":0,"rootKey":"walRUncKDKa7hjwjKKvQ0SDH1cfksG+Tkiq1Fpxyaxs="},"indexInfo":{"baseKey":"Banqc7HCJ+FX7Jb/pOa0PVlWt3CumGfVLaR/hYFJCEEr","baseKeyType":1,"closed":-1,"used":1746612488706,"created":1746612488706,"remoteIdentityKey":"BYstoLbgUjVv7SbZLbDBZUZf7soJSCBWhQ/WQQXoH9xv"},"_chains":{"BU6nhexNxrCTMqiWe+eHVg49mCnjIvxqd65Mfgluyroa":{"chainKey":{"counter":4,"key":"KdVRYLzg3zhmz0fR5m/2oupVSQdiYL1QTzNoYit/9UM="},"chainType":1,"messageKeys":{}}},"pendingPreKey":{"signedKeyId":5,"baseKey":"Banqc7HCJ+FX7Jb/pOa0PVlWt3CumGfVLaR/hYFJCEEr"}}},"version":"v1"}