{"_sessions":{"BYo2meOsABwSNBdJnzdEwWwoW2dD/NlC5RNKRqE1svRL":{"registrationId":1794756380,"currentRatchet":{"ephemeralKeyPair":{"pubKey":"BU2KAuc/s1G27/rLRIgQye6vZ44ENHT5/SC8ICij47JM","privKey":"mBNPCGyDOCKQ/P7GUBBxnAPlUQzdDQyli9nEhvw9k3A="},"lastRemoteEphemeralKey":"BVgndIA9yuU+BNdYvOSrtxKTPGaF834+j2Qa4EMJU6h4","previousCounter":0,"rootKey":"pX9jteEaJt5QSqrl8nYTomJplSbACbKDVyHvryjOqrc="},"indexInfo":{"baseKey":"BYo2meOsABwSNBdJnzdEwWwoW2dD/NlC5RNKRqE1svRL","baseKeyType":1,"closed":-1,"used":1746627350952,"created":1746627350952,"remoteIdentityKey":"BWP5jAfDgLnAaZtlWF2tcWGo+ULx7ygT+AbG3TtUAU45"},"_chains":{"BU2KAuc/s1G27/rLRIgQye6vZ44ENHT5/SC8ICij47JM":{"chainKey":{"counter":0,"key":"HvSS/oNR3fPheo/m84UrICTLNfAPRYIA7Ru/TF/m1Ew="},"chainType":1,"messageKeys":{}}},"pendingPreKey":{"signedKeyId":0,"baseKey":"BYo2meOsABwSNBdJnzdEwWwoW2dD/NlC5RNKRqE1svRL","preKeyId":6889256}}},"version":"v1"}