{"_sessions":{"Bbt/tsBHqon54ISjVlMM8DPXztV2rEmt3bLCE4r/tXt8":{"registrationId":190193684,"currentRatchet":{"ephemeralKeyPair":{"pubKey":"BQmywwicv5qU6otZc7ouc/+d7Cudan4qVPumQnseuZsH","privKey":"0JXHsy0AAJsgDlJZwSy1bTGG69Xv0gKzGNJjEWmmaFI="},"lastRemoteEphemeralKey":"Be/z/3N9wWHMX/C2FmTB1Uz1uzhIQE6TzOGG/ri5uJ8k","previousCounter":0,"rootKey":"OB8KIGJcHzGAHPbp7Af82UzYT2P79Zq1xjDx/wVwqgU="},"indexInfo":{"baseKey":"Bbt/tsBHqon54ISjVlMM8DPXztV2rEmt3bLCE4r/tXt8","baseKeyType":1,"closed":-1,"used":1746612497019,"created":1746612497019,"remoteIdentityKey":"BagdOBnLMpKlONKNQKHxEdUY+jT6WJauSfppREZP/ZYp"},"_chains":{"BQmywwicv5qU6otZc7ouc/+d7Cudan4qVPumQnseuZsH":{"chainKey":{"counter":4,"key":"G8bzxBMChc2gmlc5qYHyl+nQUSB/MBnbZcHZnbZCV+s="},"chainType":1,"messageKeys":{}}},"pendingPreKey":{"signedKeyId":4,"baseKey":"Bbt/tsBHqon54ISjVlMM8DPXztV2rEmt3bLCE4r/tXt8","preKeyId":13940645}}},"version":"v1"}