{"_sessions":{"BUwofG93JcK/0qu6q5xIWsTo8LpZ0dvaP16sUPUU+hgU":{"registrationId":192796624,"currentRatchet":{"ephemeralKeyPair":{"pubKey":"BUQDJaVdZbrouhCUrfUtQIVrMW39wETzcXrX9PdTAiQK","privKey":"+OA42v3ZKCw06MJd6o9/LLSH+mVwAhKLXDFDFi/NIGg="},"lastRemoteEphemeralKey":"BSgyCnPGQ1XAVs66lLfdcHf8T+XeCWOQ2nb+UWfJjBZf","previousCounter":0,"rootKey":"YOqH72d8OBuCU7pkifZsb/96LNL/bn5fVSvbmloOacU="},"indexInfo":{"baseKey":"BUwofG93JcK/0qu6q5xIWsTo8LpZ0dvaP16sUPUU+hgU","baseKeyType":1,"closed":-1,"used":1746627350841,"created":1746627350841,"remoteIdentityKey":"BfSmzWvOguTNt/aBansVe0wWKCodiBBAWR7V85DTReRI"},"_chains":{"BUQDJaVdZbrouhCUrfUtQIVrMW39wETzcXrX9PdTAiQK":{"chainKey":{"counter":0,"key":"MLcQQ3aYecJOScDs59pAHIsCv3rEj4FX0qpOqWWSTPo="},"chainType":1,"messageKeys":{}}},"pendingPreKey":{"signedKeyId":35,"baseKey":"BUwofG93JcK/0qu6q5xIWsTo8LpZ0dvaP16sUPUU+hgU","preKeyId":5490259}}},"version":"v1"}