{"_sessions":{"BcevjLOaLGyWsh3Pus0dCiv7yNYXICIfIBkbLBGk2VcI":{"registrationId":1211936257,"currentRatchet":{"ephemeralKeyPair":{"pubKey":"BUVSroQYu1lQw4SeKnKXVEiGRd8ggEKoSMI8L+ZsTodK","privKey":"gB1xf6rp4ZNsm5uO+sMSjDsNZ4ygUlFr6r4BVbJ112w="},"lastRemoteEphemeralKey":"BYSKwrMKPaOwW8n479Qmt/QuwRf8k+LAiR1kdE2x4t8Q","previousCounter":0,"rootKey":"YfIWmfyhEz2z+O9LTNfXzlcI2CDMyr3mZdSWf0sOB9s="},"indexInfo":{"baseKey":"BcevjLOaLGyWsh3Pus0dCiv7yNYXICIfIBkbLBGk2VcI","baseKeyType":1,"closed":-1,"used":1746612492677,"created":1746612492677,"remoteIdentityKey":"BeoPw28wWB4kUsouS7ivhOur3V/ZajP1r0JL7YnGIwtU"},"_chains":{"BUVSroQYu1lQw4SeKnKXVEiGRd8ggEKoSMI8L+ZsTodK":{"chainKey":{"counter":4,"key":"JOnup0imFS5ZwUeMwUKTR82HuugGbdmjGPwpxVDjB0s="},"chainType":1,"messageKeys":{}}},"pendingPreKey":{"signedKeyId":6,"baseKey":"BcevjLOaLGyWsh3Pus0dCiv7yNYXICIfIBkbLBGk2VcI","preKeyId":10580853}}},"version":"v1"}