{"_sessions":{"BQcvZBXNATq9esc+ihVfm7+jGdP7oJjODsj2ARU/Hegh":{"registrationId":2980,"currentRatchet":{"ephemeralKeyPair":{"pubKey":"BfEYFn9bz6OiBMGiQc8v/FRpyWw/SHTQuAhMwqGG8vgK","privKey":"cETQnJe8t10pSSedFlaf524goH796WHdbCTWpq+2BVM="},"lastRemoteEphemeralKey":"Ba1tL3NKR+KKX5TDfTuNLQldw7M8CfkGpViguuZXgro4","previousCounter":0,"rootKey":"DyZdABXkmTcfcgmiiGZBTFj53Jrw4T2MAfqHqPTWpMY="},"indexInfo":{"baseKey":"BQcvZBXNATq9esc+ihVfm7+jGdP7oJjODsj2ARU/Hegh","baseKeyType":1,"closed":1746627382367,"used":1746627362464,"created":1746627362464,"remoteIdentityKey":"Bc8oTYryPbi6AjzaVbdGmw8l/66ij38nrpwS5dk4YatL"},"_chains":{"BfEYFn9bz6OiBMGiQc8v/FRpyWw/SHTQuAhMwqGG8vgK":{"chainKey":{"counter":0,"key":"jChGOLjxQWYJR8dauyC6X1jErOmK5w5lnNkufAR2dFU="},"chainType":1,"messageKeys":{}}},"pendingPreKey":{"signedKeyId":1,"baseKey":"BQcvZBXNATq9esc+ihVfm7+jGdP7oJjODsj2ARU/Hegh","preKeyId":775}},"BR+gpyau+7mS6/l3GYahcVVEIw86YYux1YrHl0knyrA1":{"registrationId":2980,"currentRatchet":{"ephemeralKeyPair":{"pubKey":"BTrKUA6RhHn+blrobH+HLIkk1V89k4ATzM806XXrYOku","privKey":"CLOzNWYhk01QjO8NRoB2DWNkhvYkW1+/oxMMxKylnVs="},"lastRemoteEphemeralKey":"Ba1tL3NKR+KKX5TDfTuNLQldw7M8CfkGpViguuZXgro4","previousCounter":0,"rootKey":"IIr+1hvBlYD73dp+dlIskJjh7xsEANSAJ5cJsDa19jc="},"indexInfo":{"baseKey":"BR+gpyau+7mS6/l3GYahcVVEIw86YYux1YrHl0knyrA1","baseKeyType":1,"closed":1746627404901,"used":1746627381883,"created":1746627381883,"remoteIdentityKey":"Bc8oTYryPbi6AjzaVbdGmw8l/66ij38nrpwS5dk4YatL"},"_chains":{"BTrKUA6RhHn+blrobH+HLIkk1V89k4ATzM806XXrYOku":{"chainKey":{"counter":0,"key":"BpN5xUZBycjNE1AGY8W7q4/Mj1GpPdIVdSSA3rJqX0E="},"chainType":1,"messageKeys":{}}},"pendingPreKey":{"signedKeyId":1,"baseKey":"BR+gpyau+7mS6/l3GYahcVVEIw86YYux1YrHl0knyrA1","preKeyId":125}},"BZiFHbZnLWFynrPTEHIMhGn793SWMyxtMlIIBYnbJUEk":{"registrationId":2980,"currentRatchet":{"ephemeralKeyPair":{"pubKey":"BaC4MsDk7T7uZRatxnoFL2R58rSMMV+vcqyT7+vAIm1z","privKey":"0MwwplEt5OzWV23lQbiXom75Ttu9AXbkhfRI0yY2aHE="},"lastRemoteEphemeralKey":"Ba1tL3NKR+KKX5TDfTuNLQldw7M8CfkGpViguuZXgro4","previousCounter":0,"rootKey":"7TtbCG3dYUmKG2YuYNa3d8SbHN6vGTBWaNSeuXhxyrY="},"indexInfo":{"baseKey":"BZiFHbZnLWFynrPTEHIMhGn793SWMyxtMlIIBYnbJUEk","baseKeyType":1,"closed":-1,"used":1746627404655,"created":1746627404655,"remoteIdentityKey":"Bc8oTYryPbi6AjzaVbdGmw8l/66ij38nrpwS5dk4YatL"},"_chains":{"BaC4MsDk7T7uZRatxnoFL2R58rSMMV+vcqyT7+vAIm1z":{"chainKey":{"counter":0,"key":"vdsVCtGjL+aOK4D1CBZ5703CdWVhjXfutpno1oesd24="},"chainType":1,"messageKeys":{}}},"pendingPreKey":{"signedKeyId":1,"baseKey":"BZiFHbZnLWFynrPTEHIMhGn793SWMyxtMlIIBYnbJUEk","preKeyId":215}}},"version":"v1"}