{"_sessions":{"BZZkDl+Fqa/g/cHdIPCNmXwK5VDmEOBWDwyOIlYPbJd7":{"registrationId":1362200772,"currentRatchet":{"ephemeralKeyPair":{"pubKey":"BYG5xAQv/N8zO3PMZ31xLSqmPChabxaKFeqZbbR5HpBs","privKey":"6N+kqPwBhhZqmTibZLcIW7Tdx6l1HnZoVGyXpLFbylw="},"lastRemoteEphemeralKey":"BSlBUo17h6ChDUusOFpctoup/MPtpVn42rLvJYOqLcRc","previousCounter":0,"rootKey":"4UysjQpRNKMUswHVFIZDaXGtLyNssvpHVnH18U9jh5w="},"indexInfo":{"baseKey":"BZZkDl+Fqa/g/cHdIPCNmXwK5VDmEOBWDwyOIlYPbJd7","baseKeyType":1,"closed":-1,"used":1746627351026,"created":1746627351026,"remoteIdentityKey":"BXTjI7jq6Kg70TLZUGsfhvAUYxnygb3Ilq+WExGavVVo"},"_chains":{"BYG5xAQv/N8zO3PMZ31xLSqmPChabxaKFeqZbbR5HpBs":{"chainKey":{"counter":0,"key":"Iy4zOT3DACV+DKmVr0gM10bG+wDbLGWquil3isCqEJE="},"chainType":1,"messageKeys":{}}},"pendingPreKey":{"signedKeyId":2,"baseKey":"BZZkDl+Fqa/g/cHdIPCNmXwK5VDmEOBWDwyOIlYPbJd7","preKeyId":5933194}}},"version":"v1"}