{"_sessions":{"BcgyYRikXiFZyXKdYTWWZ/Iye6mjG2pqEelbyY/oyD8/":{"registrationId":494712072,"currentRatchet":{"ephemeralKeyPair":{"pubKey":"BRNjV7w1CRNgX2j79X2QXmCoBRaxVyOdTMtqYliK4jpg","privKey":"eKCQbbsCt1lTESxCV+nrJ/k63GJ1/rhvY1WKpnR55Wg="},"lastRemoteEphemeralKey":"BViGvU79vxqk6Pp9+Soj6aAXw8JIF4MJ5ChZJeZLjjsb","previousCounter":0,"rootKey":"sZKUYOnyktwekSaEA7HdB4FBkJcQd9IfAktg3CpsTM4="},"indexInfo":{"baseKey":"BcgyYRikXiFZyXKdYTWWZ/Iye6mjG2pqEelbyY/oyD8/","baseKeyType":1,"closed":-1,"used":1746612497093,"created":1746612497093,"remoteIdentityKey":"BZUC24fv86P5aqDWcSbGF13IuZPfP1sh5/G6NqMaw/F+"},"_chains":{"BRNjV7w1CRNgX2j79X2QXmCoBRaxVyOdTMtqYliK4jpg":{"chainKey":{"counter":4,"key":"o4eR6vH09/yk37bptU+HePC12dUxhyDez9XoW7KZ99I="},"chainType":1,"messageKeys":{}}},"pendingPreKey":{"signedKeyId":5,"baseKey":"BcgyYRikXiFZyXKdYTWWZ/Iye6mjG2pqEelbyY/oyD8/","preKeyId":6871781}}},"version":"v1"}