{"_sessions":{"BRc4alMYlio+1yKtBq5OozU+xvmdUKtPlQ2CFLgQP88J":{"registrationId":1795294676,"currentRatchet":{"ephemeralKeyPair":{"pubKey":"BT/DwHc+WJLCJ9MJRJzW/cVcqIxF0WvVAsg/OURppmgP","privKey":"OLI+CunbzEZa0Hk7yuD8ccuGKSaeMBYZr7VaT1hNqls="},"lastRemoteEphemeralKey":"BX0vEjmq/OsGqI/FsjYPV/9sPVOjfw8Ggo1V08Y/29Ye","previousCounter":0,"rootKey":"WncST3xURJEgohYRm+CK3sDHs/Ud4GCT/3V7b72iSSk="},"indexInfo":{"baseKey":"BRc4alMYlio+1yKtBq5OozU+xvmdUKtPlQ2CFLgQP88J","baseKeyType":1,"closed":1746627382704,"used":1746627362727,"created":1746627362727,"remoteIdentityKey":"BTWdxQ8vhUUBk32/jOrz1hCIKr5CCQMDkp7i+Vv6Hv9w"},"_chains":{"BT/DwHc+WJLCJ9MJRJzW/cVcqIxF0WvVAsg/OURppmgP":{"chainKey":{"counter":0,"key":"ZjSB92Xxc40kRcVx/jeaSaP77qqor4oyGdA+niumNkI="},"chainType":1,"messageKeys":{}}},"pendingPreKey":{"signedKeyId":11,"baseKey":"BRc4alMYlio+1yKtBq5OozU+xvmdUKtPlQ2CFLgQP88J","preKeyId":13965740}},"BZAQAl8i5Q8uFBSBg5EJHktUvfT4J/9mXb3NKIxanDA5":{"registrationId":1795294676,"currentRatchet":{"ephemeralKeyPair":{"pubKey":"BTDynw0ryNPo5AKshkS9/y9O/At7MvZQFiH2xdVP0JsV","privKey":"OIf4FVUMgTbBfqfoFn4DwCohH853eLcIcTlwPSCiuUI="},"lastRemoteEphemeralKey":"BX0vEjmq/OsGqI/FsjYPV/9sPVOjfw8Ggo1V08Y/29Ye","previousCounter":0,"rootKey":"FtZUIkIQ23uz88I0oK0kLQ9d8LzZ+neKgmpxvqrqOqc="},"indexInfo":{"baseKey":"BZAQAl8i5Q8uFBSBg5EJHktUvfT4J/9mXb3NKIxanDA5","baseKeyType":1,"closed":1746627404941,"used":1746627382104,"created":1746627382104,"remoteIdentityKey":"BTWdxQ8vhUUBk32/jOrz1hCIKr5CCQMDkp7i+Vv6Hv9w"},"_chains":{"BTDynw0ryNPo5AKshkS9/y9O/At7MvZQFiH2xdVP0JsV":{"chainKey":{"counter":0,"key":"D2HAEqUGnIXw5Btbw8iO/pwMedhF6x1wvQMlB54T+j0="},"chainType":1,"messageKeys":{}}},"pendingPreKey":{"signedKeyId":11,"baseKey":"BZAQAl8i5Q8uFBSBg5EJHktUvfT4J/9mXb3NKIxanDA5","preKeyId":13965952}},"BU9FwOwZ/GkzntR49kRhPtLspTZ8nvhYY26ZqeLgdhIK":{"registrationId":1795294676,"currentRatchet":{"ephemeralKeyPair":{"pubKey":"BSlzLG2eSrw2jpmO7To1IGkh2I0go/EcegoFjyf1M4BH","privKey":"iIYDT5LKWjrYgdjTgnHlr25QAbe/mVAxNnyM7tBidG0="},"lastRemoteEphemeralKey":"BX0vEjmq/OsGqI/FsjYPV/9sPVOjfw8Ggo1V08Y/29Ye","previousCounter":0,"rootKey":"RJSfUyXz65NksihPSuKWKawfl5Gp3bQBnHI8Tg+Vhu0="},"indexInfo":{"baseKey":"BU9FwOwZ/GkzntR49kRhPtLspTZ8nvhYY26ZqeLgdhIK","baseKeyType":1,"closed":-1,"used":1746627404836,"created":1746627404836,"remoteIdentityKey":"BTWdxQ8vhUUBk32/jOrz1hCIKr5CCQMDkp7i+Vv6Hv9w"},"_chains":{"BSlzLG2eSrw2jpmO7To1IGkh2I0go/EcegoFjyf1M4BH":{"chainKey":{"counter":3,"key":"x+YqDzVc5wX54DcZ5ezUriu7Bah/Exw832JzWnNuFWI="},"chainType":1,"messageKeys":{}}},"pendingPreKey":{"signedKeyId":11,"baseKey":"BU9FwOwZ/GkzntR49kRhPtLspTZ8nvhYY26ZqeLgdhIK","preKeyId":13965959}}},"version":"v1"}