{"_sessions":{"BUAcy6giXuORDsXHGQzWUEXyx+g6i0xNK3LMmlcqMl1h":{"registrationId":365304519,"currentRatchet":{"ephemeralKeyPair":{"pubKey":"BYYafGXBHMZnucpPNw2sEhDrmD0bHrpor6tlvec2KjgR","privKey":"aFqu8dXvnmvaZICDnTOdImowwyJiHeem3axWd+2KUWg="},"lastRemoteEphemeralKey":"BQ3i4Br1OVJw5oVEXWPWN9ABajYlMzT4xHiK3XQOrWAC","previousCounter":0,"rootKey":"MqjIlsv0iBDteSktk9vuxUFvJ8qAu73sGGJul3GU22I="},"indexInfo":{"baseKey":"BUAcy6giXuORDsXHGQzWUEXyx+g6i0xNK3LMmlcqMl1h","baseKeyType":1,"closed":-1,"used":1746627351015,"created":1746627351015,"remoteIdentityKey":"BRAP+vpYmSEA9Vv2XMs/YxIj5SNfnknfQVWqhqeSNmoO"},"_chains":{"BYYafGXBHMZnucpPNw2sEhDrmD0bHrpor6tlvec2KjgR":{"chainKey":{"counter":0,"key":"AGq4D/PJKsxti3hAOktSX0VNBvIzBbja0Zlz60QzyDE="},"chainType":1,"messageKeys":{}}},"pendingPreKey":{"signedKeyId":6774168,"baseKey":"BUAcy6giXuORDsXHGQzWUEXyx+g6i0xNK3LMmlcqMl1h","preKeyId":15817}}},"version":"v1"}