{"version":2,"hash":{"type":"Buffer","data":"CYQSA0upEkG4r/NaZjEUlsao+RmMBW3NTnwF3UAeThjoPZ14RLS/Z8kn1Nnmf8envo2O+EKD3NOOPlP1U+e1YLC5mrgJrE+he5/H3sw+I9SeJo/+JCi6zyiE49JgUOjOxJ1lEFdQzvglL45ti0anW9zubNuH+o9l1S6tUVFSdwc="},"indexValueMap":{"C8BURJluF5HKyV8tlQR6jt24IIPGaYrw6fNC1JAREYI=":{"valueMac":{"type":"Buffer","data":"mnfio4x4E5YcsijRXMgia1LrGYpvkADJAAK1UAsDvO8="}},"Oka7fOwspDJDoR/2we+EV9D0pkH3kK1mEQOffGH+MJ4=":{"valueMac":{"type":"Buffer","data":"rN+BjiQ4iRYk3+cAgw/iXi50M5WopbjyEv8KR9AO/nA="}},"Ee1r5zR9vuz9jbFjbCeW9VnJVU2603JXYlCNRXAX2Gc=":{"valueMac":{"type":"Buffer","data":"yAHtjpdA/xKIg3S86DjqQTrRbgWaVylWqk7X+x6RlI8="}},"NVn0VxadwirUfbRKjLI7/NIw2yVMLYOoM90Tr9JvozY=":{"valueMac":{"type":"Buffer","data":"A1k86LMps0Es70A7eQW1/Jf1hWqMUIHL8+XKT6vkBhc="}}}}