{"version":1,"hash":{"type":"Buffer","data":"nqmVspBXVxAgeP+dun49TPiRnySBe+z+yNw+exvUYPXC6mmDOS1qaYRR8BG5UpcG0EyINJarhSvlp/XbOTHk0fWUQwn/wWPmAs28ge+cA6xUNY0PockENzn+3f3yPzG13uHtIFBoMsGVs4YNNPE/QBLXux56zvQ+XtJWhzesUrQ="},"indexValueMap":{"9PrWHIIvtPImFUy6X37DEZ65KX1nNPqMprGFNoH681M=":{"valueMac":{"type":"Buffer","data":"oNPgaBMa0THe8bW43netbT/Wc3N9UhAhbmp6zKzZfGc="}},"Tyt8URm2PUhj53zW0c/GfQ/SlG/5hzX6WqM3sqFdrHc=":{"valueMac":{"type":"Buffer","data":"G+ZWeFtniGcP5/9is9++Tz1n6N3Ts1PlH4tVMNbDhfQ="}},"bH5H2isjY/LN4MY7tD1yy6CDG9/k5C+7SFjx2z+51vw=":{"valueMac":{"type":"Buffer","data":"ZSB/KySFMSul4sXg2S5R2VB/1m52OL2lMfLO98FpM+E="}}}}