{"version":2,"hash":{"type":"Buffer","data":"8LQZqfdau4eWnDox77/In/C5JVaUIiP3k8LUESZ66e/KRET/+EZlWKCKVfts3nqrKEVTp0Us+SZwjVKiPrRLMt00Qef7VYQibFwvz4WyKQ2mHfOfbBFI4AavMDIgnhaHGZgJFKKcM7y2TSYdas3EE6L0/1Wo6htRSbFJotPstCM="},"indexValueMap":{"vU1bBHypMJ+efzITJUi8wKbS2lNFIXjwIpRBi4JF4dA=":{"valueMac":{"type":"Buffer","data":"E2pkjOhDnCg2KFOcyGQKNtlELhGdR1F5iTS60njYZfY="}},"jMy8wCKcswIRVtIJ+s/0xwpg+lCT4jyETC6jTvQp41M=":{"valueMac":{"type":"Buffer","data":"K7X7x4V2NU/Z8vDd5sThQ8KF3QapwoDttSr52nIA0/0="}},"A8jZz2n7XwmyKVJeIlOSdkGkMvUZGiR9skeCxIkN48g=":{"valueMac":{"type":"Buffer","data":"ssVZnS5cFLQjlKqtNzuD/aavuWmwOMFdKGSLl1qvT2Q="}},"l1ZpewjrrTutLxZNRCHCKJL6SxG2J01KN6/NDKtryfs=":{"valueMac":{"type":"Buffer","data":"/6O1M3s8fB339oJnf0YwupFV3rOCMfzGfN3UjdHbkmc="}},"nVcRqamf4w1zuqEeedXuezZo5uPqFptWdjWh0b6HLS8=":{"valueMac":{"type":"Buffer","data":"M7feFov5SL+5f85U9p30d76OLia0R2qwYxzal8Ez9B8="}},"RlFn/MGLMzmv/XhBjQ7g5yzZqB1wiOL7S5Sp9edcEL8=":{"valueMac":{"type":"Buffer","data":"ISuJhNyhlsgfyWcqDkMKbWOfDRffq/DTS61HHnDD1Wg="}},"9hOS+6AGS1SB/yfkf8mP1ZJSeG4246U7GZozatYq3xY=":{"valueMac":{"type":"Buffer","data":"mQnMzLk/y8De0SGTQ4ExvCY65EFdw2v486j8ZW2MUqA="}},"W4leN6kG2SHyiEg/PqVVwk85CdbPdTRM7BVSc+m53ZY=":{"valueMac":{"type":"Buffer","data":"VmR097fDCgRDevfSB1stzHRyfkTPyjSngK4v4fqD35k="}}}}