{"version":2,"hash":{"type":"Buffer","data":"vbNI5hDiA9Lrs8JWlDY+tb4FFFqkkC4nMTLZVbQJNJgPwgaDY/q2fBFfbwFYZioG2oEUrzg+syWEJXRssq+gbPM+w4O4Riuobr/v57as1mcTSEUrZDD7O6WfdOQYnTrJPLOsLrusLWjTU0QfEEyuvFig8xn9AhQJreZqXgbE7pA="},"indexValueMap":{"EMzKeckcRvwipw8RaoAGxzpJDQXtubWygLfFMxbXh4M=":{"valueMac":{"type":"Buffer","data":"pYfOiLalUcr51ln+CJZkyzyomM9jzOshT0u15OFSLGA="}},"hL/HlWFCq1vTGFG5MARKSsk6PHOEiitmweM5lIbPhuI=":{"valueMac":{"type":"Buffer","data":"PrvtNJMEfStmvzBIDSRGYjRMZZQJDw/qpHUjVr/Nzo8="}},"qK4EzFX7UhboCvAqHdqCd3jFpGy+y2c1NyG86K9RoOE=":{"valueMac":{"type":"Buffer","data":"KzEfnG7+K9lcEpTXB7Bu02fRdEuSsYYH9je5K5zA0rI="}},"FdOCP0dF+AtvCYCqqNyeiw5prFwfg0ofARJ1p6s6thI=":{"valueMac":{"type":"Buffer","data":"D52DJTmq44SRqYdovgVLnV2zwkTTvYVMUIbsTsrA8yY="}},"bCrVmFnZ5HvQlLms+Cy6uzh/2zbzSsHu0t9yQGI3V6o=":{"valueMac":{"type":"Buffer","data":"X3ASEIEpHMQK9je3FA2l27Rum/jWyx7PAvRzXgArKJE="}},"2v8yCAvp56dcQ4NSd1DgikqMy550a60q8oXF82WbD/s=":{"valueMac":{"type":"Buffer","data":"hFXqusH/OMCD3WCA657m7NPIpSKGsu8KqjJbq3petLs="}},"xSLr82XvuGW41ijNkQyJCAomQ9uOaiv5axhtMIrj7Xg=":{"valueMac":{"type":"Buffer","data":"hO2SiGsh6KbfYaQVAk56pAxUYw2yr4DSmjkEglTHetk="}},"z3pJb/mOYkoicdJphAXk5a2SZpoXU7lJffZ+e90/8Tw=":{"valueMac":{"type":"Buffer","data":"pgXbNWD+AzYN2IY5RIgRfa7F2Yrbf+2SA3mvpEdG6+w="}},"7TAOpkgFUonjP5nG3rTXrA6xaPoT8a8rSnc9++3Cxok=":{"valueMac":{"type":"Buffer","data":"IhQP7ap/YEC8YS9MV2YRvxvcW7MPQxPiiOgLUDIZx54="}},"7yL5cb1Sg4vrUBmd8tusWbab30Uu0yRVOAN8LLyrNC4=":{"valueMac":{"type":"Buffer","data":"D4wgeRIWlZiQHr/iewZLg2qyDLykpBAFekmV9WvESxI="}},"g7htgQC2VfNCER42QJ5aLkNTfqvYYhBHcBwJuBZCFWs=":{"valueMac":{"type":"Buffer","data":"Ue77J+lhLdGfVdCBXu2wwoaUeH/Z1OqUXrRh9kWY1bM="}},"M2pPBYAidoEjK67nPS7PI77dV+Phx9js12H2CPdZdQg=":{"valueMac":{"type":"Buffer","data":"XpMUr6cMYiVN5g5vRdB10DgplbdCOQh2CsXw3iYGSpg="}},"uh+Kf8UucWoZa7+FX/zJ/SYTrJUP+3psZZz9CXjFxYc=":{"valueMac":{"type":"Buffer","data":"7KRilXUrXdbOy7PqPvJosvJfDs83yjRq9A0JfDTBIH4="}},"/qABZyM9rC56RH9OzXgVCtDUes00VSFKZDcVuZRAwk4=":{"valueMac":{"type":"Buffer","data":"JQLyO3njIEUrNk8y56+rZ8kPZJ2ujWAreiSYwEgForc="}},"jvv6bUmgOlCMdYrDHoxmPHRGhLydZ+QSZk9jXvu3E0k=":{"valueMac":{"type":"Buffer","data":"wYSoYxH6WK+6LnvHOyjmQpYnC+GQmK+/ZgvLlQMFdNU="}},"/JG4vZ556D3kuT7SkHChmammOvC5+Cc0v95xBObuQKU=":{"valueMac":{"type":"Buffer","data":"Ia4nQ0ma0/Mem8/n3f+u5lKXalUt/f52d1TTsSpj3SU="}},"m06h8LWn4Y5YI64bhZ3gbqb4jm9t7XVy5eXKl5sgQko=":{"valueMac":{"type":"Buffer","data":"hJH5bfEc3BE7c+PkO/mIvXiEmmzcIK/i9vcnStLvDnY="}},"YzQmqQg1NvkbWY9/MbcylpA3tw9/Rk8knDkWQPXkN3g=":{"valueMac":{"type":"Buffer","data":"42ExdvYT/Sm2YVnbC62pKBP9BfYLFfgAeV/CJ4xXhEA="}},"QHM7MWpAThk6ELrX6tbInwtm9ujFULIogV/tYqoRpfo=":{"valueMac":{"type":"Buffer","data":"U+FWn0HzqbD4SjKGWf3Ms35ZRE0nQ3kR4UgvkG3L2iI="}},"vgV4wobFbWjCBENV3dm9AvEVOsiFr5J2uFs7V1tSBBU=":{"valueMac":{"type":"Buffer","data":"RO8/rveN6dUSx6qtSWTIArTIqw0xf13EXuHTXI2Wgww="}},"EpQi1bfQoOatTJGdoG8glwLT5q9HBa7h9iXVP5bIGEA=":{"valueMac":{"type":"Buffer","data":"qosf/5ZGgkcdahHCuc4A25/CR5DvKYpvFTl871X0bBk="}},"XMAJQcRlSbzZPji4UU7gA9ETslqDnDdbStL26zRaBr0=":{"valueMac":{"type":"Buffer","data":"006A7bgefW7UwnMsjtsYSpYEeshKd4ft6cif/kdbp0k="}},"ueq0ISuS28dbVyuvp/kdA19nDDcya3rCjyApYbLK2/w=":{"valueMac":{"type":"Buffer","data":"/DDUVZACrfTeUtX9699zVzFHh0n335hvz8sJdGscMr8="}},"CPTYFQt6SOp549ztP0VHIWM3JfpWlIIp8ikOsSfxq6E=":{"valueMac":{"type":"Buffer","data":"U0TT6rQ4FrHn6gBFYYqCINfSSbEg0FLJyQnLmFRcNPs="}},"QRX3jtaMzZar+PW/tYYEoz4O3uHxDQ7RDJZKwISRuus=":{"valueMac":{"type":"Buffer","data":"wVE3GSn55EWkhrDo4z54/zGA6yadkcukuIPX9MrC6jE="}},"l+RZjglvQgNZJiUVQRd9VKtznLz6so5/slz4bpEnAKs=":{"valueMac":{"type":"Buffer","data":"Ah5xK/tfKKUKe80Qw5OjZs05GDdN0ELyKRO5FscXhQs="}},"6cRaQufrJ0ok6UeZslrAWVxBfEOE+eimUVULEO4oJ1g=":{"valueMac":{"type":"Buffer","data":"KpJlPfchp/lAxWBfb8MY6il6m3Bc1+RrOeMaGaZXMmM="}},"WDsRJ4Yqy3oVUFtX47Qdj9oh7kKoUWpGYe0PlMxlrFg=":{"valueMac":{"type":"Buffer","data":"uBrXxbRiT1CNbg6b42KT0opLyTVU+6VOm8BwFG8CKLs="}},"ubWYIvs6WRRrLju5cP6ZtsBfCquKCbMAdzSOIi152PM=":{"valueMac":{"type":"Buffer","data":"Uz1hXf8/RVvTAmgfL7ex/uCT5VAL5KA1SKV9HGXCr20="}},"mzUXSf+ZLff9MY4Fs+r5/QFjh77YrFIHnk3tksgpepw=":{"valueMac":{"type":"Buffer","data":"+BJDVsmAyIiX/qskcxBfZs3RiYrIWXoAvJmIav3EB6g="}},"0LiGqGBEabZTGXqRsVSfBPyIBPux/v9gQ1S+P9io3Qk=":{"valueMac":{"type":"Buffer","data":"JxWoefB7Sv2d8y6ozmiOsM4akH3cwImF1UiHIwBcgQY="}},"8LVIeUnnTXIc5MeVAL/Tjht28U/+x3lELXCbqbuRDE0=":{"valueMac":{"type":"Buffer","data":"Bki+aiAAeCWW7Z+mjr64PRy8GOaRg2/tzAcFbgkDBYY="}},"n9ty2IsGj/h8l/1H6nCMAodM0nvakDMyNbH3oy4C89Q=":{"valueMac":{"type":"Buffer","data":"4yiMIRwcQf33brDV2/1EFsrljCFfAmHUwo/GUgoJAYk="}},"/nvBM4HJ8EA2/ozqhTj8EnndW9qKlz55MxvuH6cBMRk=":{"valueMac":{"type":"Buffer","data":"mDlPp1yqBbsY6K33m9qS99TQjR+mYPcGEOrjP1DmeQI="}},"hHNyF4qLqHHu3ymPgHK9nMMa753K+absJ/IL5gBffng=":{"valueMac":{"type":"Buffer","data":"nz1fITLgpv8Wu2ybpw7HOOSdK52YGx+WiJsE/YkVvxA="}},"phzB5OjpipX8TAYumZcIe1kHOpIpUVUAZpiBOFlZ70Q=":{"valueMac":{"type":"Buffer","data":"FMbCzAUkkhyDOIFp5i1xYAtTQw04zABs0NfhSx34xOM="}},"JZ2XcpcgaerQONXMCXJtqY74c+Kg2JFO48hkujk64bo=":{"valueMac":{"type":"Buffer","data":"4xHPGYytU7dG7sIBNQPaaOx4npCfV/NA4zvE/n8l0n8="}},"kZa7gsnQbcV2Ct6OQflh8LoUxg70dNjBsadJtEhnwLQ=":{"valueMac":{"type":"Buffer","data":"w1mucCYIuuayvHLOUDvL0RBOuKoxvnNUKdmXwY763OE="}},"gqFAqKJvfhyAtAWZRW6O00NEnJbT7UsgJ5SSeqAyu3c=":{"valueMac":{"type":"Buffer","data":"uzFiBh+9s5d8WDE335UCsuDi+lWZw06F/skrxAu/3X8="}},"cziUpVL5d8hrsxAl8Tdr50swDI7KpTyh9T7IQwKOf/g=":{"valueMac":{"type":"Buffer","data":"TQQ3WHvRUxZOa6ICvWPwCiHVTVdzumiaI2DQdVBqhZ4="}},"km73PMfh0u7JaVai78rXWMivnevo0zUUzLE3iQfKuBU=":{"valueMac":{"type":"Buffer","data":"7uMmU/7oXEAcxpgUElro2Pe3V5OcdHN0Qlmj5ZSmP8w="}},"uY7cj6B9usPnarrc3FV2vlfPfTj+bo02/z0RfiVj0bc=":{"valueMac":{"type":"Buffer","data":"8nBCouOelmb7yCG6cyE8/ALwE6f1bhtZLy677aB7CUU="}},"eDEMPCkM+W5U0j/V/lxE3Ab4QGkjzjPBJXqg2vweL+k=":{"valueMac":{"type":"Buffer","data":"Z76VBFabNX1s5B6NEh1D/PELItP4hWEukSG5aFrJI6Y="}},"xTdeaa/ywYTb25HEV5jITz+vKUdAOXNLYRnRakViwYc=":{"valueMac":{"type":"Buffer","data":"Ibxxlk3UL1QdZzqGPqoVuL52/hodhXRF1OZQRuGoQVw="}},"Lj6m7aCOq2mCPtj1AitvdENnv3+jPES4rvGfXlshE08=":{"valueMac":{"type":"Buffer","data":"PMnHdR40sKxHPVlBgIBXu2MlDK2mJs9HIcETQIReQk8="}},"ieQzuhK4zs/8otWgN0uY56gHIU/ryTUlm6R330rZJ6w=":{"valueMac":{"type":"Buffer","data":"k6GaLSh4/pyNzueqR8hPxHv3DGGRW9lV3gvP+041iL4="}},"hGrR853OtPoBHE51OSHdq1hI86mbgJFSZ1oB9h5mFao=":{"valueMac":{"type":"Buffer","data":"e5zyYTeIIfDHZicWGGwaC4JiRxaqd10XwdLAUO64Jas="}},"w3Ik03rDqjwmln14Rh6dn0UHR2IvU5nfj6xPq74JG6o=":{"valueMac":{"type":"Buffer","data":"lC4HHo0bP7pifoksA3CTgG47nbpxGodnsXscvgJrrxU="}},"1rO/cNKX2i8VrA2odi8IBJQLPXwKmlUO4V3B5lxt6J4=":{"valueMac":{"type":"Buffer","data":"ZzGPe3CmqBvHwb+AIxC2oj4FXufiyu4Vyg/AnoX675A="}},"tlx//itpFTfFJYXEi3Sz5BfhS13H84SgKOOAcXbsGlg=":{"valueMac":{"type":"Buffer","data":"pbqwM/zaFOUCiu6zPS6Tv+5yD2Zb2fhECPjuOuq1npw="}},"mHEMDMnEFn1J+4pYtDOaVPjyshB+smqxRLjAslhlrqU=":{"valueMac":{"type":"Buffer","data":"8yPA4xIm6eIPi53JDG/khj/iTKZYyi6UTfl4qK4cb5U="}},"q0vBkJ9jCMwPL/6IQlMflhsJE1bnvFLM76laYXCo8KY=":{"valueMac":{"type":"Buffer","data":"LtXlD0Jn4/WYuiZDUV08dcl6npd6Vcn5r7+4KDct8Kg="}},"8MFY+c+5n8Pi+LBDSe+/GB6hjrqo5SIfHFmxFqpiY+0=":{"valueMac":{"type":"Buffer","data":"yOMOynlZjs2JFq4LtK7xw66e9zpJy+mXwt0huSEtV1g="}},"Dx4YDJX3ZobUHigTk7Rtrhffm5VaiW+8NPhODkVoPRs=":{"valueMac":{"type":"Buffer","data":"Qg+TvoKp91v7wzvv5hrT6FEsfuL88n8Ex9C8cPVipNw="}},"brK76xdYjkC9phNktu1y7Dmo0KpXGijtHV8GWjyhUxc=":{"valueMac":{"type":"Buffer","data":"lMS5nrsL5M8ZneebR5lk2F1uDAh4uII0oTEX+jYx7i4="}},"/Qu6ieXQwHslOMHcxdyMHSLcEU2TSz+K3Pe3GmLegzE=":{"valueMac":{"type":"Buffer","data":"DJ50UMUV3AufmgTOWhHweJ+VeQlPTJpgqw5TASAWdso="}},"tD06/pKB8XdshasJYiR+XXpdt1unZgvThpe0pvf5yhc=":{"valueMac":{"type":"Buffer","data":"oiC6/EgJR3x5s3eatpYq33Pg5sXz9SZU1VNGY8Jr9qI="}},"xAW/vHkM44LqDfVUDWlZ6bxMWQUd6XKwZOFqNfrxLuM=":{"valueMac":{"type":"Buffer","data":"NwUFqOinrmNhX1IQaL/LD/uTv8YaAbu20VRzbxA89Rs="}},"8JqumBKB+0b13o0y7FYrhBKihKMbMKNSpx2VrP9+0N0=":{"valueMac":{"type":"Buffer","data":"mZ7zR6E3o3Y6YIhcLBxCDhkTChr0z7j/4h9kf5MWprA="}},"B5aVdmCqhQbyREaU8L6BqugsSJdtyqjhkjdI9LQSm74=":{"valueMac":{"type":"Buffer","data":"0NCgfHw8Wg25Nv032F8fcPL8ELlsR+63tn7bcbvkv/0="}},"NtrlBB2gvPF1SLEM7b0yO68QqTxilMVHdEfpBJmfRS8=":{"valueMac":{"type":"Buffer","data":"HBSHNM+MzNUSyyPpWZxPa/6UTiWONbVLZwO8ElrpBYk="}},"yeaXdYzUpNVGGmkcuoIdgSjqHeOSNJu5Gksm7Qu+21s=":{"valueMac":{"type":"Buffer","data":"1NzoHYpI6zcArPe2lqpehzzngDwrCfr+3Q/XLmCHIBU="}},"3XjtzBD1kTBnUvxegZf3GlX+lRgT3+yRHB3lOn2M51k=":{"valueMac":{"type":"Buffer","data":"+ptsNnX5INwdtb1MInm+O5Ahqo/8CwlQvKAGpMGYMSM="}},"VqQ3jp1+tuqsdUQquYZVRazYdpXz+Q2A4oA+519RVdc=":{"valueMac":{"type":"Buffer","data":"DP0zcrg5OP94qmXnoLnO2plhKtITEFjTsTDplbb/PQg="}},"QsV/cr/QE+x4Nku2ZlBc5k0aUfe7jIPTonyXCLnslKk=":{"valueMac":{"type":"Buffer","data":"suA6/r/srLXEvMQI+ABFXT5sGlsBgB6Wg7A9kP0oTuE="}},"atD/pyvMGAqs3Tn/Gxky0/kA9G7lKdCVMHxDG64T2tM=":{"valueMac":{"type":"Buffer","data":"JSVzDJhItERgHzqK8uVwX7pBlH0JgX41pkPnCkmtFhM="}},"O58gL2IorJK5aJb4MzKNwUuKVhaslVg7p0FQJ1TnrgI=":{"valueMac":{"type":"Buffer","data":"bnS3/84sen4/59R8lnsTijejnhBD2+G04O3vswAIjU0="}},"9H4wQ3ewXvVO5Tj4fjlbNJVvi0tG89KOwN/8akspJVk=":{"valueMac":{"type":"Buffer","data":"g9VSUHb8HCFV73nH8Xj5KlxiFJLy5WByK5zWenc+uxM="}},"xyOWb8dcsKfZfZ3YzKtGNHvCqtxdCaFM0Q8zmdieDPg=":{"valueMac":{"type":"Buffer","data":"BglJXLDRQUlyAm2Xy67PqxvujPkCslze7c8Ql2Lw21o="}},"p4PTgz7kCseVgnRWCZQd28k7p1uYH+EbqBbZCDH+PsM=":{"valueMac":{"type":"Buffer","data":"+X2Ra/t7J9B6CukH5rcCtWr9RgGbF70XtFa1P0ZO0Z8="}},"KMId7/6f77ME7Dbjq5Zhh5SAfasIz2JEJxg8TuzkTU8=":{"valueMac":{"type":"Buffer","data":"+CkYNfJAdBmZQiqo0c2bsBSYLLfnUy2hK0WXenaF4DE="}},"xnCVL96vucLJ2ezi40ZjO89CCVidhE3DbRQb/wN2ahs=":{"valueMac":{"type":"Buffer","data":"QRIA7AwXckxCAm/lXT5EfS0Y1BRG6u17fz/BaQnaCRU="}},"pE4T9ELv8zgC3Ll/AnjX6q3yrCwdvvoY0JW1ApsM1Ps=":{"valueMac":{"type":"Buffer","data":"7OUD4f3IhZFHt1PGS0cSmBhVrO9KJr5mn9/Xige5J1c="}},"LwBXUG1c+kQ3CudVqBW+TOUeFCOH+Vva9pQroMoXMKA=":{"valueMac":{"type":"Buffer","data":"VgvHcZY+W0cH4CRXVLoEmwuqi+dcVGy0jzRfk+tbeS4="}},"mVxb/+2+SWWmUa0Cur28B15DaU9shjHyQkXP6o4UXL0=":{"valueMac":{"type":"Buffer","data":"8Uyi7lhodE7PDhDec+YeOdfLYIN8b7SxJcSJZhkKjbI="}},"Kl/5DD1Dir/B6zqguwvckiFYN+MU0D8XrNi63zil/E4=":{"valueMac":{"type":"Buffer","data":"TgmvSLuBlbJro+5HP+gdCPf3f9YFphR7KsKgMbRqpRU="}},"1nQiErUhG7QexmH3Vx4P9OM6q/wtLrKvJvBit0cqU64=":{"valueMac":{"type":"Buffer","data":"xShLJn3Tqrjaf6qa7zkWctsWyFJPkIXO2t7ApZ6/3wM="}},"XQ57ftR/Vze0BJxYHJJ3OiqWbvxmZXkeQpFIlQaLTn0=":{"valueMac":{"type":"Buffer","data":"/s4YWCh8H+491QTNs+vDQ9PBn1FLilyqSt8zErLPozs="}},"1gZT+sB2W73PgvGh1pBTA/sByz4Nuzlz2G0tUrWPjtg=":{"valueMac":{"type":"Buffer","data":"cDr6Z7OV6g7OpEh7RK6C38yy0N2CkIufNDzLlMQPWIY="}},"ZftIPPE92EW0bTRu6wnSaTCC0TwgrLwECF5qdJt8eFA=":{"valueMac":{"type":"Buffer","data":"7V+aWhmtkiJHoD0dKhAP8jcTuZ2YhhvN5+9QiL87Kvw="}},"7fUYn5bBjY0kVQbKFHHjrDWDieaE1qQgf+/ruwyteQA=":{"valueMac":{"type":"Buffer","data":"Ed7RYVmVG/0LYQGZwI01vnRqstiJU4T88GKCUypaAls="}},"65ujwSgJ+hIEOpMGisW1j7jKxcfTonFM1Hn67G3PTW4=":{"valueMac":{"type":"Buffer","data":"C0926/xtr04dDKtImX+OWxHrd+RU7Gj/VHtUvs9oFNQ="}},"SGCerSdLg3Gy/Dkop03CEwYFJE0CWi3itygKxQYXBpI=":{"valueMac":{"type":"Buffer","data":"N2835E4+/ZZScBIsokw9zi6vGpUjnzg2EekXF50+oB8="}},"IgzxrNjjfERmWh+7AIkV9V6ZDb3vrs5WuQJ5CzTuAf8=":{"valueMac":{"type":"Buffer","data":"guhtdtxek1o2tALe1YG1f/dhwM4+DWi1ao4vtsEKqsg="}},"uyC+LTSuhjlEdkf1Yv8IrVmL70mfpogVgdDrRsAEz90=":{"valueMac":{"type":"Buffer","data":"FB89/F2sO55kfz1G/WvXsiSSsiO8ZbcSAG+/0d2S0WY="}},"F1F6V9YnFBPArRq199bpNSXrYI1t4PDy5E06K7+9wLw=":{"valueMac":{"type":"Buffer","data":"MPLc4JHKtwx+9ZH/w1vvEoeSVHEmmDYT3HmBaYrmVBw="}},"d+ESg/sTLnMqcex2sQbsjPmbLqwyvOAO48Rl1Xv5CN4=":{"valueMac":{"type":"Buffer","data":"eyDTVSwIM4rhompj2xX9Dspa5K8E//7pF+b2OwtB1iU="}},"JbKl8Ay8KSXRDVorWed8/oobfhGy53gau4FlO3Oz6tE=":{"valueMac":{"type":"Buffer","data":"ZAskaHOtCYbjg2nwlqS3iWV566aZq7aJTSrxAsAtcO0="}},"0XCuliJw1Lb58fnHuMYhLg7w0YNcQo9F23ciqtRC2OQ=":{"valueMac":{"type":"Buffer","data":"NDLxOTL17Ng7wUGw/PZr1oRs3vBY4CgYh6zkwdgAMKw="}},"7KMd/UcXGO9KgkiUBijfFsmaciKwfG3/h4xRcrDKvBc=":{"valueMac":{"type":"Buffer","data":"dtl5jYl9x/hEipKHn+seXfcLtCIRysOBhbOxK/l+jyc="}},"JcqIlMeJI9hcpF9PZune2eVFclxgKhtab+wy6Jf9yo4=":{"valueMac":{"type":"Buffer","data":"XDMXrsmkICgH/dChiinihn6xL9ZZaiNwPN0BYsx8PaY="}},"mrHXwOGiGjy7LzK7Tn35SUjPC4K/h8RHyjsn1EtusQY=":{"valueMac":{"type":"Buffer","data":"12R6DnrerEPUgDdZLSD7ImXfIeTHKyVD/27FJVbm3oo="}},"mSiwsknxBxT+qrTlgKTcJd/vAYSfQRyRZAqaDFGydnU=":{"valueMac":{"type":"Buffer","data":"RK3xqnEraKlXERq8Q0V7ZwuJdK3Znmb4/TviCZPI6aE="}},"xQNyyWb/NTdK4qHJrX7awj1K9X329JzUQt9vobbAmLA=":{"valueMac":{"type":"Buffer","data":"CuKuFr1GrBotdwKjGj3CyB1rbnbS4lvV3NRVpJj80Dw="}},"3+EQDEKOM6VZNRuQ3K+Pt1fmSFmgMYrIfRH80p27a+c=":{"valueMac":{"type":"Buffer","data":"fZSSVWslwWY7UwaezWS0mnMWkymGQMcgW2t9dL9MbrI="}},"2mlBeKoEJWosL/GPpofrG9NObViP99c8XMgBOYrUUEM=":{"valueMac":{"type":"Buffer","data":"M4IdMcPb/XNiLlaZwa/nLtENVuzH4PJtd1v3GgMOMT4="}},"0tpKzW+p3BgssB0lvKCjQt4nxuo4P2DVMPej0+5hTLM=":{"valueMac":{"type":"Buffer","data":"0mPOmIz00jox4rVqVE1Ifz0LwVagwWO+GgyjIysgJhc="}},"GV1i84BtO6pscvfK1JgocJeQOZ5Zzqmzk9SdLYEFBgc=":{"valueMac":{"type":"Buffer","data":"nBlNSKhSI+Ohd8yKojcWrQyAI++ID0Jf4IlyPJf88l0="}},"3qdx+sjFgxMGzmEYzoIMTXbVf2OOoh8Yv1VCalmz7aI=":{"valueMac":{"type":"Buffer","data":"ypuw1hXUIsYseZFYHNhUOyxrrmWydfcYtMCNe0D56kQ="}},"Pd+fUrWzVhktpkL1z8qJV0oJd2y51/z5w3chI5S24uM=":{"valueMac":{"type":"Buffer","data":"CkUoOMF9EbVCRlyYw7YTUvUljSMDRpNsMxCU6vZnRkk="}},"wMLowSpiu2+oZWuJWBhnHeGzufUFcxpVOZQET5Gu5ok=":{"valueMac":{"type":"Buffer","data":"rshe3Bq8l7W8CFxvn2SV17g3hwzI7nt8p/Z+1I93M2s="}},"vS7igQn8VKvEEtwD+EYQyV0q/xPEIheoPW9IyN3WCKQ=":{"valueMac":{"type":"Buffer","data":"WPIM1ZEPLteUxlqtH47LhUl9nFfj1n1KQYr6hWE4zjA="}},"XY0CB6vicpIGniQPT495i2vxA8V/x3a5AKqwkKjwjNM=":{"valueMac":{"type":"Buffer","data":"uUrazn9poEpFpG+gylxc88MDOeLt05t2u4ts4TR8lak="}},"ZlgSY30NhoNJ5NBWNhBNpVKV9/nfyOdwcLNz4z+XGh0=":{"valueMac":{"type":"Buffer","data":"hdHD3NTsR4vDAXeILTF82cCdxP2j4MJ0X83J4FDOOco="}},"cmIl+OZqKit+SBOKLyUNkg1/n74FTma52/4Pbv8Y+tQ=":{"valueMac":{"type":"Buffer","data":"MMTtIMSOJPwB0CxEWyC+yNpLvBBrCZPO3B/PgMLF3JI="}},"cUJqpS9mT23Y/oL/uMTCPwjHJXudI8OFjvNAH0wir4o=":{"valueMac":{"type":"Buffer","data":"v8mXpZwHMEC0PA+PHP3GgODwGyMOg7LZyGB7JXt/OU0="}},"x1ollV5XyN4mCF8UkuRQS8kB8ZKq181GSVpjoLSLQJM=":{"valueMac":{"type":"Buffer","data":"/PmC8hmb4kNOKeHQH1B78n5sS00jiLtDxH34kjM51uo="}},"/5ATQAUBJYkxPKHoJ6oVBbHQB3Ia4WiNpESNbx9g7V8=":{"valueMac":{"type":"Buffer","data":"01ZmG6KOTKWkvhjP5NS4vR8zJW75iL8VAO2ALk+Xf3o="}},"HQjRDCAfsNLNGigD+4Z0N0z3xfCcxucppkRDmZ5Rjvw=":{"valueMac":{"type":"Buffer","data":"QatroUj9R2nsGImiToUS6Df/R5QkSOf1CEXiHosDHdA="}},"g1IZUzdRvvPRmYFrmnOe5s9jZ6IkamcuuZgpZKuVJZw=":{"valueMac":{"type":"Buffer","data":"ciHuC2XQ9OrtiY7ijelAt8WYYmsWSxe3mj3btvQshqw="}},"Ouv67liaQaQAkSay+jLX/A2xwy/uk6E5RwsnLr64cDQ=":{"valueMac":{"type":"Buffer","data":"YCqCLJ2pph1PqlnmKPhuBW8sXpNSuVS9i8MkR9abBxw="}},"1Ivv4e2poTgEb4oRGmV/10jcSUtST2kve0/HFh5GsoY=":{"valueMac":{"type":"Buffer","data":"TrytMcJtXEA25d7CG9i0IEATPB4Uj4dOQ/+ue9RvPx8="}},"qxrmKwB5VCxCgG5AndPWakUpYIDUyYGjok/ETYt7SuY=":{"valueMac":{"type":"Buffer","data":"r9wSkrwHUIx58goKu4o5MGd0QXjgF03FnrMdbQXUa0s="}},"Ipf3yJLD+zPfkVKVKBgar73sJyclkNpXTDGw1AvcCJY=":{"valueMac":{"type":"Buffer","data":"cEvZdvr8RkeAFw1aAqCsC+3JnoGMiJ95/tZY9n+5RE4="}},"mwJlJna8MKHKsiNzxWKOGpTHR5h/ZOYAnrA5iVO/N24=":{"valueMac":{"type":"Buffer","data":"/W3uiwqwcvTbe44AioyFAkUgVRVKSpH7E4WxgEfhAXc="}},"ZcNnLbmNweoKC5jUP5fZRyZ2sjjzR3RRDtPJSj6fOAY=":{"valueMac":{"type":"Buffer","data":"rmo2tKfCnmPsX3Viq5I1nLg+LfmCEeKIkuiwCvTiXGg="}},"WphR/AH/D6LMdW7+3e4SvqC1ZnHUWqU3Y0isff9ZL0s=":{"valueMac":{"type":"Buffer","data":"mCQnmlyUwMtsE5BsUFacwtEupDIiOBdcO1HhpsddKjo="}},"RMKiBWEsdDNRIOtzVzjDXmCR1BQ0HW5tSb4iiyfQaIo=":{"valueMac":{"type":"Buffer","data":"X0qLkfOS/2MUNuhfqHWZkrhMhJWrBJ1U1EV0xQr9Ti4="}},"l82JGNfIQfMB4u+A9pAoJbaVATWMZLV1+XzEnowlDPY=":{"valueMac":{"type":"Buffer","data":"7sKxhlVqBUo17EtSWTiZZO1Ubzg46hhZw+cvpKXxC3o="}},"PXBXfhwNjs9YBE+sa+dViLw75k4lW7FEN+AneulnMJY=":{"valueMac":{"type":"Buffer","data":"I/tdm2kDU4zTnPaeF0tjJZiH5eQ00DFr6NfKBvnd3eQ="}},"8udcl/2NOAbovP4LQekXt/brWAnNuSzRLQcCfbIJkx0=":{"valueMac":{"type":"Buffer","data":"kLt1794v4yOSa+NFwnPujLkfKJh06xuPER9ePPgeWcs="}},"MUesDvfDYytoc0NvCX8zjNa6kLGuZfmkDgIukcIkSuw=":{"valueMac":{"type":"Buffer","data":"UkqymF7H746Qxe+OvfbbT/CJxpt9nry73d37NbSfr0E="}},"uT9hIrtXJ1EsXcUNTuUtyFaUu9qjg8W8008gieqzbZE=":{"valueMac":{"type":"Buffer","data":"p+8IsUiIsK00sdK4O2n4nwYxoM8GjI9YBJMt0xcWYJE="}},"jqFHvkkXAcRA4CQtTcPVUjmrFJbUGuGKN1VtoJySBls=":{"valueMac":{"type":"Buffer","data":"aShFlBIryE6T2x5GdV2jhkJrmkd8JGGw81urpxix908="}},"pR6JEqSz9q28aY7F67nLCvdDoD8BcWTo2L74BRgrPVQ=":{"valueMac":{"type":"Buffer","data":"C0Bq9D6nqKDephvZfARpYbC/0Jxubwu1Xq7+Ig9RyEA="}},"27Oh/X+GEf1dlA+OWYgAHSzGovt+zBkSh7f0JXNlh3k=":{"valueMac":{"type":"Buffer","data":"0Zqoaw0sSlE6WLY9q0773JgHG2pk+65ogp4qHNgWgBw="}},"Qfptngyexv3i0u3atpgrXQw/c9fBxuEzkry8ZHfGDfo=":{"valueMac":{"type":"Buffer","data":"8HEgCUzICiJBRMaERe5pemlxYCj2+Hemmbk/AO02YlE="}},"ETgxFG+px4Zodue1bOQ4V7hK61i3Rp06tXECQR8Ij0Y=":{"valueMac":{"type":"Buffer","data":"EEjU5d88UWhi/c4LoPoJ+IZk9yZX40w8YnhjnhUM6w4="}},"bw/rWS2tLwBrrznfBXLpvb+PSkFB3rY6Ek5zRJi/QH4=":{"valueMac":{"type":"Buffer","data":"fZD8FypwVu+BcxqntN3zNpVSwdh/LLiXnEDY2QFkpYg="}},"RUkC+wOC19sFsUXuccQmYuNlcow1Bkha3EbG9jUBVBw=":{"valueMac":{"type":"Buffer","data":"xPDEH+YYJAoIWYlbMnFtc+94iW82/Km/UWw8f+Wf3xY="}},"dQ+p+ouE5abKmJA66JQZTy87TTha6q9hT6zcFTryTqE=":{"valueMac":{"type":"Buffer","data":"miHiKMZgCe+80N0KLVdlttwLOD8O900J1z8TYzj00ZI="}},"oT7ggoK4TYbqrta7eCht2kp7qCtASWZ5avq3hU/YI1o=":{"valueMac":{"type":"Buffer","data":"3NeFwMc48gfliid0PHnftRIfi/yrFId/AmIC2B2NKPE="}},"otG9uVRF0DLV88T4Kwfn/dPbW9AsGkfy7zy+lXSURUc=":{"valueMac":{"type":"Buffer","data":"a6AmGdFXJXll96tq1xNL5eV82r7OPuOLp59NqT0JFEw="}},"E2mqcW7W8bI+jsN/a7YrkMMFidvf2tSY/vgN5K5o6EA=":{"valueMac":{"type":"Buffer","data":"9JkmFWF56TQBkfrMa/tfQ0VRoI7pWGKbRArpZy3glxo="}},"PnU+Xq+ABL+Gp2l0gUcnaiNyO5YlpfC6ozD4WxKylLc=":{"valueMac":{"type":"Buffer","data":"x2KlQrQRzfWNHXTz/e82zEVSKS7m0fQsTO2L2RUx+/U="}},"aQ86YfkMhSv/2mmKUz6dA99WAncQXN8Id2S+dfUAT8M=":{"valueMac":{"type":"Buffer","data":"fMIVzRaMwoLJDhe43YQb7b2RPM7QgBeF8lrxK1ReC/0="}},"rj65oRKXL80ZFgEicCcG7Nb65B8fRor6zZLSnNnB2rM=":{"valueMac":{"type":"Buffer","data":"1+lk65aLu/nVKuDbiNJl+PIXXgHT3zEpGVZ/oLTiEcw="}},"yZILlcj++2v05zwQJ+J6T8irViPyG3w8ONeITNkjPNw=":{"valueMac":{"type":"Buffer","data":"bwgxj3kE5VOe2EzAYI1mmbjrs9ipq3mUeEzhsAArDXA="}},"cbG45/jNGAe1lEp+rGl5pJB1Lz/W5JwPCg6+GgYHBxY=":{"valueMac":{"type":"Buffer","data":"ST3xZWu73Jemvw3LApSf+GoxK3QMT6l217MV2vrL39I="}},"BcGkAmrdPTqkwbIw5ugST7Y9XiQog8Wx9UCTwF0bGE8=":{"valueMac":{"type":"Buffer","data":"oL3wP6tZqkYxCGpkZaBz7Pa31tEMWmpFfD3PhCLtp1g="}},"0QucNpxwjNk9lYanV1cFgkW6hZPJNAD1iD7hscSCjUw=":{"valueMac":{"type":"Buffer","data":"uaxM7vokuxS1KjhlYV4nZFhsLACdO0vokVPDYir3QOk="}},"5f7FXxnUqT34c5PcduE4T0dTSrKEmsiiy4sr+xL364k=":{"valueMac":{"type":"Buffer","data":"ckjd4I1nGx5o3RXrS1TZzCyxfs96HrPuScTJwsTBAlE="}},"4fR/lik0cLxTJqCpRUtJgULBuPbUNW6vgSFzPVrYov8=":{"valueMac":{"type":"Buffer","data":"APVdhCQs6j/p9n5f5s4H5gys89Mlk9cp0bXyUYVYP6c="}},"htsfEmIq4edt+zIDOSZtZAHMPoYVjuplC6tcH7Ytbjg=":{"valueMac":{"type":"Buffer","data":"xwdESEBtBJAUQSuddz440Ez/r3a9T+hXdl9OSYNfkvg="}},"ENOTUZNEa56dWEszbfFLiJkKKyjpi878V920ajWyXxw=":{"valueMac":{"type":"Buffer","data":"s+h64ROqpB3xdqRt/jkn4sLI7jW8bGpVkN/0C9tJRqw="}},"sZpqhLpR+M8bVoiJYm1t4VFH+UVV+Zgs1cT2S2BVIUI=":{"valueMac":{"type":"Buffer","data":"Wt6L7ZwDkFF6utISer7xXLskZE031xqSWlDMFJSdnlM="}},"ES4beBJkivc6hLtApksUC+4M1pVmmIQhuHCPIWjrmr0=":{"valueMac":{"type":"Buffer","data":"bPxQzzfm8UrkNDxpoUH/mgN/PuxMlOW4FQegHGlLpSY="}},"l8/xkq06/9J3Vfanlk58M63iK0rgHjWMp680vhoLetY=":{"valueMac":{"type":"Buffer","data":"IjcceqlVfUg2GEbbAMQp1oJjHTj6vQTXesL6CGyNqXw="}},"9vY9zgNP5sn159C2hl2RdndhSNBKmvI8OpnWyOef+aw=":{"valueMac":{"type":"Buffer","data":"tvFtRjjyMpyazPnud4TgMxqWqvNJNfow+gX1sgAezKo="}},"Kk/zQ0nRKMRXNI5n1vqoaMmpJIPz1xoyrYnwPv6KyxY=":{"valueMac":{"type":"Buffer","data":"Y6pGlhx9Pb9qUhfRyyVXUi1ewcvUOadO4FkJFVeQXGY="}},"2wdy/aWdaqYSLEwQ0tGZ5iVMTb1o7HmOA35FRqig6aI=":{"valueMac":{"type":"Buffer","data":"ar2iIPjnYdo3eKwC7LAUCviPJqUdGslhbKdboQddW10="}},"N7pbSvB5vy2muEXqn2lN546dJbKuBURUHoi81qC8KXA=":{"valueMac":{"type":"Buffer","data":"4rmFTq3JPOHGCnb6swCeZuqyOjabbm6pvrWY0WIKSAw="}},"DzE2qqMA1qnSmCyef4/1g9q55kJZ7+yU/kvUDL/yzJY=":{"valueMac":{"type":"Buffer","data":"CVsRHQEdHRCk4yiBtPuonIup2Q14o3PA9l1rk52B65U="}},"801b2SeMekwqRNCCRI+7F+kkwWCOcvn6e+ZJXb1L7+s=":{"valueMac":{"type":"Buffer","data":"1/gRMHt6LE5Ta2tpwXeFH2OplTHxaVJGi+J43nhOLfI="}},"21s4xjuxjRhQnD5aqBuZopIA3ZG/XpWvhpHsyRJhRoE=":{"valueMac":{"type":"Buffer","data":"KY0OY6tGUwRW1ap6JrKf+JYJvnHHe8axGvSn8xStMNM="}},"qUPuKwRoUZaBsLncfurysflsGMt+VXfTTAsBeUOHW4I=":{"valueMac":{"type":"Buffer","data":"VtnUT3hwjKEfKt8p1UTOKHeqVSyhWyj2B3y+ALPge2U="}},"Fc1yzrx+REC45EB7wjulDbQcusLfdryAusSwch3nh9Q=":{"valueMac":{"type":"Buffer","data":"2/mxhd1tsl+piu0x2uHmTSS1JrBVOxd0/TaoEIIDJWo="}},"Xdzg7kJRTJC1K26SbbP/AXQfVKEW2G0pBQSreZV6ddM=":{"valueMac":{"type":"Buffer","data":"jpwhKBRL6HYrIjm/awQeacHaJdvmDZakg7exruTyoS8="}},"a0eGsPGrZFJ44o3iY7lg9269WCb/GfJIkKAOnbprbMs=":{"valueMac":{"type":"Buffer","data":"yNNhRhUxka4C4uBVwkAAI8Sc3Q7qoG28fyRWh5Rjp0Y="}},"E4BmkKSUUCsw5xOO9GHmko8EuOpOyjjkUHv4W9+c3ms=":{"valueMac":{"type":"Buffer","data":"ADIQlPwsUeUbkA9obyORLULNc16GIfWBNieO/ubNzak="}},"6JwrI+js8HFA8OO/SnoZbwvMu7EJ5Omm4OGACiCTvok=":{"valueMac":{"type":"Buffer","data":"h+18ClRMuuqy86EjEVPukWLqHKY6sMWSJ2AsaWAqKOs="}},"OCNp/ciLdb/32mYFZjLe1kQZv0LvW4DoM/WEaY6KAAE=":{"valueMac":{"type":"Buffer","data":"CNyoBb+PK6zOwqlCN2cldtJiVEQdA79u4Na4XAN9UAY="}},"mvV5hQZzWUnVh6HzHeV7dO7CL5fGhk9jm/2fC5/92w8=":{"valueMac":{"type":"Buffer","data":"FGClXgIC9yNA/LKwlR65OyF3J0UF5jg6Zq6hYT56m5c="}},"WUsB+mNAWFrGLCChseOL84K3cj6Ux3dARBeM0JcaPnA=":{"valueMac":{"type":"Buffer","data":"/Hd1aBX24cnTaNZwKHIER6J/sAAFYesLSyljAIKJa4I="}},"YcvllRJ/TN4Empm2DcMfts0vTAe9KSciJsnlgOOD4Ng=":{"valueMac":{"type":"Buffer","data":"1PQuYnywh/vTyLS5u5yLzNyEAJK3eLsku7sfaYZ+IrQ="}},"yqIdHtmr+jmKvi5xhU7xnXYgyGcpclFuZxlRKgRj+vo=":{"valueMac":{"type":"Buffer","data":"lqB+YVjl/Vfco7a7R4Gfr4gxBY0PUlPmbK69ECBQwn0="}},"XkisIVkwJdXbMwO4YdqQP8XwqxiWrb47FY2Std5CcMc=":{"valueMac":{"type":"Buffer","data":"OWNyfKbFpApVJeuU3d+ylOLcuT2LcFTF95Dug/m6oyc="}},"QWQw7gr1ylNZmxOg3LE32NvMAc6Xax6mejuDljI6TTM=":{"valueMac":{"type":"Buffer","data":"7GEUnzvUFTXweVAxeRWX7aypLPsDnbcK7JSC+I+K8i8="}},"egYszivAb1TXgKTX+jog0VAb5vuVMWtWleJMB3H3860=":{"valueMac":{"type":"Buffer","data":"e8l8iCkjRfnBccqz2UoDdkpvEORXaU982qMqivDC1Ps="}},"CXuuZ6AkRMYTiN2fNnWb4rTgYT+KAQDzpdG2myMz2ig=":{"valueMac":{"type":"Buffer","data":"G1nF4BWJUt6TkCrP24tCuTKf0wbL+cCrE2pOpaCtlVE="}},"zKmirdYsDl/TAd9WDHgDlWzbCw0ylNjgYllHu0vY5h4=":{"valueMac":{"type":"Buffer","data":"jBKv9p2ptcJA8VvXRsIJbbq8J7p2W/TAB67aue1OdzI="}},"6v4lbVwju+gp3zYqc+zCePeMEQawLKVVW/bsugSAzBI=":{"valueMac":{"type":"Buffer","data":"MCYFMDXjCjE2Bc2oI066AFhFFY4wVlw6z6Q5NAR/Q2s="}},"hBRJpEol1qD/3N9Zvrj0M1BTbGblQFKiQpxw6Sn/bJc=":{"valueMac":{"type":"Buffer","data":"tZ0LDYMk/Tg8xumJm6xw+yGmYfQhaZDmoNmk5K0/VVQ="}},"mGIprNrmJtuk6AOXXJ889Ol0trOMURPs+G3qEjX3sRc=":{"valueMac":{"type":"Buffer","data":"PapIYxpOJpgwQIJJv0tVCck3wxH9YT97qorWmbK7Id8="}},"13cfWzBoNL5b7cR9912/aekwl4pubD5g0SPsF2+CWg0=":{"valueMac":{"type":"Buffer","data":"OQIV2OU+96JVCRMUMFLaL83W2CXIvKazckS36GfHJ00="}},"F2vLQivkT1294foV2VUNReb3q6giLc6tmjCTzGsw9mc=":{"valueMac":{"type":"Buffer","data":"nbb9PLuYvB2qlzI0UEOQS7zvRHr7Z7BLgZaNu2lc18U="}},"BWVZg/xLYq6Fptz1u7jROyUxw99eRU0/SEshpL3i2fs=":{"valueMac":{"type":"Buffer","data":"feAGPV6dk8I+4OWNEDsZ6LH9JbSEe2bDiVd+G8AXGM4="}},"TdFgV2g2WMHVf55ArYRBnOh7HbQKjPcS3rbg2yBfoAc=":{"valueMac":{"type":"Buffer","data":"FmxhclopHcOTBX0jIB6Nc1jB71ZvMk8lBvFyjcn3xNU="}},"fDRrmaspbGOTrq6Uq9t0VuA4wt1rlJCW5LFbQj48AFc=":{"valueMac":{"type":"Buffer","data":"qw5DxMb/umOAOeMGVAmbpB3TP4FQoV54ldHPUQUZomI="}},"6UuWGxYoZpcCoiEyyWV/JJ06fkihn9f+WlSqgznxnV4=":{"valueMac":{"type":"Buffer","data":"o4jbhOaR2WdDkddxvJXSoTqKW+AowgLKrwMYt473OXs="}},"YLE7HHeCBeB9ESAMx7qIIPhA/Rl0uKObA5b1lo876rE=":{"valueMac":{"type":"Buffer","data":"VA+ohqENbeXov4A3Ol3rITKeHoVX5sjVFYbI5qKmjwo="}},"DzHoqh+dYuLhFrWMKduGPU0aQx7TdJArSrYjv+c4WI4=":{"valueMac":{"type":"Buffer","data":"k/CDunbNPOpzN11LjW/AygmV6H6S5rdbwRJL7taSw70="}},"GXztRtFwnDnS6g9f0pTc8o+U1fhhmQPjRzJqCMBXa9s=":{"valueMac":{"type":"Buffer","data":"C6JH9EoZikwqyu0RUBJ/RsUzgjecF1UAPf0VlJ0gegg="}},"QqVRBYD6/a2EDm8VvokmbaN2ZLEfHIsz++GAk+Hqo8U=":{"valueMac":{"type":"Buffer","data":"W66aHufnE1j5gk/NF6qouiGKjq1LuDPQwPuGoAmN2Xg="}},"cwucN9Pxk+tC/tKLmJzbfxLmY9Ts+Sk0XcOowqtHWdI=":{"valueMac":{"type":"Buffer","data":"jVl7VbD1yjLqwv1JZLMxNrnx6kwF0wDNfz6L2NRMZec="}},"tp3VmKQptVegOjoYq2QffOZpDlA2kpRN4/mdpQRe7y4=":{"valueMac":{"type":"Buffer","data":"dYsGF7ToZyDAUOOd0Je76fAvhCVfqi2VUNttwqf9bS4="}},"QLXebGdbb4tQkVtvh8AFjuaQKs2uRYa8kd7qkLgzEIg=":{"valueMac":{"type":"Buffer","data":"nkXFQNodijisOtEgJJVRATIATJI4rvHf8YcAo0hWHNc="}},"3JM/uRJG4XKoxIjTIDLxQ7npVXAkM3Cy9H+d1C72lrY=":{"valueMac":{"type":"Buffer","data":"p+t9DdklZvl1Vwg4IvDgXzINnSexjbTS9EAJpu/B8jA="}},"a36QDJUYePpJC3vsxRNcT/8katWwc9zUCZtr2kPpqz8=":{"valueMac":{"type":"Buffer","data":"XWSTBOPKeou4iK+LhBiFxFqeqWqYcqLWLgvWmYtyon4="}},"5DNjugf7n0izcB93yfzzCrLFPFP0pvJ8ugGABLyJGo8=":{"valueMac":{"type":"Buffer","data":"rnA3B+ZpB8FlSQFsLNOKBDTHUqOmZT6birTUc4EP898="}},"mMIyDDY1rPH8D8GflqCNIm45mMrhU31YTWP92riDoNk=":{"valueMac":{"type":"Buffer","data":"z5IkEYdQfsW91yXsxfMdBfABR2i0WiTKVy8p1+1drUQ="}},"ryESnxgRPvx0DX+wYmbn2xdfssiVpNP8lM8oPjotQ0w=":{"valueMac":{"type":"Buffer","data":"Y7jQd0nV9E11dQmI186lVIYKExKeMqlpmn04meAwCB0="}},"8vA/lC+OEo0/UBqKP2Z4rq40dH+fo2eYWP5FHAxz/8U=":{"valueMac":{"type":"Buffer","data":"20nPTX1VFB41ENccwjZ5lt7M8ffjcmuQjdyt8918Ws0="}},"m5SC5degfU9Ty3v9O+iEmmDqzT9Xdwk46LLbOKQclio=":{"valueMac":{"type":"Buffer","data":"kkVRRJn/eaYw3GMJiXoQeZ9jwy7rlmQMZHv2/tfi76Y="}},"jPJCtCAVuoNgmLenni8sR2gTZG7FopQ3Se9tJOhFAGg=":{"valueMac":{"type":"Buffer","data":"BZING62grV6Hi88MV2YKezY4/yHdf8GaGeSYeUluybI="}},"ODE5TP8AU4Tb95rGPs3O14bAo3sd0w0C0eSB4AlmHvc=":{"valueMac":{"type":"Buffer","data":"Cb/4cu0CHkY+uJBDwEXs5WWT81ZXb15ubDIiGZv5Ils="}},"k8ar1kdhaH0rxaHPNj/8ZtTdk7BVnfsVUuK9nHmkzqs=":{"valueMac":{"type":"Buffer","data":"hjlqsrt2HBzliPC0r19cQWA0d0weCccIGD6Ck+FE+Ek="}},"IzUuHNL//kZ2QX08eKMXYckHhZBF6jubK38THD/A94A=":{"valueMac":{"type":"Buffer","data":"am+3cJjSuos55If2xQj7XGzJQuYpiKkvod1bP6Z1mc0="}},"Mf9CS8YtC64Uc8d38H+Okw+yAru8vBYpdV7Wa6wg/pk=":{"valueMac":{"type":"Buffer","data":"nCGIjE6fTMD/Plsp7IstmYOF5Pqo06bkjfwgYqozCs8="}},"t4E7OZWUHQ7ORdKyTJx6MeZojKrI2QV6b9O/mcxH1x4=":{"valueMac":{"type":"Buffer","data":"7KWWON69ZuQCff/Sx/umUOd/aquYTxGW45JAasjWSHY="}},"wQ++6ytejKP4fsyogR4M63ipRDLpf4yFn6uHyr7ziAE=":{"valueMac":{"type":"Buffer","data":"jfSWMkJVslXRO7vwKND1CBB37y8ouNIFRYuQlwmGJAo="}},"1p+/GHYGAJJCXa4GTfBweJNm0A3ELEog96Sy3526Acs=":{"valueMac":{"type":"Buffer","data":"9xHbqACgxj3Lg63iq/bCUPbVRPMmljdHiXGBAZwzidc="}},"1uVKuxWsQLD4O8JkCgI2XSCVrqYpgxa4vvJtWnPlhk0=":{"valueMac":{"type":"Buffer","data":"TbnXh86nP31ntIQ0S0BMUoH4hPVjwW0Na2MRYKYj10g="}},"d/CePlfuvs/NB/ZFy7BVvaMvcP3JKNTobvsfW+jrnEw=":{"valueMac":{"type":"Buffer","data":"kTs63dkZRoFZOF7zycyK7tX9W5Go7x9RoSSm99nFVQ0="}},"CxtoP7ADdQSfuvLBKAjy5SlWVe7faYkAIixywt4CePo=":{"valueMac":{"type":"Buffer","data":"oh4ygEorerLdofg5KISlBC7Ap1jFEpupN9yG/dOAm78="}},"cW/AWoJvdXzgPVxV6sPw1b7R94APUILBa7N3v1XfHY0=":{"valueMac":{"type":"Buffer","data":"fkCzfQhPNdKiw0n72v+von0zM+/XKWRRCoonOl4JZO4="}},"alMQ7TC38oNtpeXKH5bDO4GXBz2L/TV1jFnUR9nNUWk=":{"valueMac":{"type":"Buffer","data":"GrSNHK68rrrn2alcnbw1tmSnBLDL3BIYrj5htXLYS9U="}},"Tzi3h/c1lZHMpm9n2ErxOJEb3nmYjrKwLDuZ+MRmwuc=":{"valueMac":{"type":"Buffer","data":"tzPracBbyVWLJg3uFMQ6vUtVXfPXhuEa95G5+Bs+ZcE="}},"X9v+PGb87et3YKHIaacuS4GXGjK6OA4TzMWCejtV7s0=":{"valueMac":{"type":"Buffer","data":"6vcaTC82GhrA4pC0dcn+NrQ5a7pb7LP5lpKyOVvapMI="}},"FdJRbcTcebplnIF0qrYZoG3EC7rhfSPQWvHzz/w8lIs=":{"valueMac":{"type":"Buffer","data":"6nWVvQLK0+7CC2N7bjxQ1H684uOacLIH2jRyN7IUPeU="}},"2l5I9gVhu7I7FobkNl0fKmHGr6P03eivqOl1GELnU4A=":{"valueMac":{"type":"Buffer","data":"0Tu709ZRxEnQi0nix8NcMkFpbBj7YXA/Eu9zkB9rh3g="}},"NHFKEBRrQvtEwij++hQST2wcod0SB3hb8eOb9X4+Znc=":{"valueMac":{"type":"Buffer","data":"y1Ocqk0LxM9+ubBnk/b5DqwHBAeIbx2r8Dd8RC5YtMw="}},"wabt4QCIfiXp9Pxu6+GcCdtXVI9VjfvpnC924eNgZmY=":{"valueMac":{"type":"Buffer","data":"LFR75Rztnxb8ScQyV39JaNRFpaHJ98taq9GuumXyrwU="}},"z4IZg9M+W9yKtU70AAr0NBVPHIpXiA02P7HsTnb53Jw=":{"valueMac":{"type":"Buffer","data":"Pnc2JvWj7IsoKJEFNE3wSK/i3+bLabyWVENUKQmdqTs="}},"5CKYt2t8uzvylCTjghLhDv4rgrALhfeXg//FoUFSJ9E=":{"valueMac":{"type":"Buffer","data":"r2vk3ckKhryWf4uGD9o20fYe+M8gU5F/mNb5qE0klC0="}},"mFB/P1dbKrylRVJlycGFQkd7JErHMSfmCzuYHOyo5Fg=":{"valueMac":{"type":"Buffer","data":"ANr8KKLz3m75jO+ndOUHuIbmb2+SctKQOziSeRGqTN0="}},"wh24GqAWDjK5R38BRhImaOq7swjT4gIW9l5MyrgKQzM=":{"valueMac":{"type":"Buffer","data":"zptU/WYiyXNAcWBDKDqMG720w0BgQfslmyzYw6LT1uQ="}},"y6pehEwBAtPDQ2VFp4qINJTy/RCkuL/tjSymMwS4HDE=":{"valueMac":{"type":"Buffer","data":"6992ZIDk3L8n3mg0IN5vJOIFKAZTNE6ca/lslMR8EWM="}},"x2TatrcoE7Fpi7OVoMlfhyCRpqzGMLRwu+AlgDxxOhc=":{"valueMac":{"type":"Buffer","data":"Ada5xqpPVce6dfGWr0s33rDVrRnOB3t/vrrg9UaWTbM="}},"AGr/CIJ2sepHCWCzCFjZ72QgqrYzY4OC9CE4Xgsxg3M=":{"valueMac":{"type":"Buffer","data":"Rp3PWQ9UU7lzXn37mpdxCGsuk1YRF5FX+4WfYt5XXxA="}},"gEuxfJ1kQS8dt1xbPxpZXq1e5iXr7bmN3TQqMeXrSTo=":{"valueMac":{"type":"Buffer","data":"rbqmfTvpiip8OenfJxM2MWrnSteThHkBIyBuPX1tFQI="}},"8zF/6iFa6qm0gQqVewCWiMsLyYmln7cqTgz62BSqKsY=":{"valueMac":{"type":"Buffer","data":"8LBGvo+3zR9WObtfKZqaWn6TPn+c6fZBU2yuP4ERGDU="}},"bI8GDpprfncIhLtTDkfsyWr3o2ed06Jo7vqVsXcqIuY=":{"valueMac":{"type":"Buffer","data":"Pu3jHKBWo452UbabiS9xN8FA1x+zSGf5KKSqnDrQm3M="}},"EnDM92XcC3R01LCYi+xJcpAJj9bkWn/6ubOiZr+Hzsw=":{"valueMac":{"type":"Buffer","data":"2tGouTCYv66uQn8ZzIsA3GbFhloZTtKP8t1PQQ392fI="}},"bCdOpWWYDacJ6KqFiIJ+uNFDnT8EbjMYnZe1Uv7/z1s=":{"valueMac":{"type":"Buffer","data":"E8kn3CzRRYUplWK7DZEuRfzQa6OIH9yNTwefmvfXfBo="}},"ZdvWGe7ZaQr4rLk8vDLD8Mg6Goo5xMo3iu0EhfNKljk=":{"valueMac":{"type":"Buffer","data":"djB14K7XCGrtrrTtyyN2rSPuermxAf2y7SFSl3IWDpI="}},"db2gZv++bbUaRz9qBWMr4P5vugo7cNt24UmhsiGNKC0=":{"valueMac":{"type":"Buffer","data":"FX/BTE8hcNvgk34jU5DTlaFu+RBsmIzE77Nf07H2AUE="}},"hIvT4jH2DRGLl5NjJXIoZg0dpYRd/jY8UP8NsQ+TePo=":{"valueMac":{"type":"Buffer","data":"qGtPPwqwhIrS4ktBfOkmcgtIQxmPwZOhg6uk3ueLjTg="}},"o7RRVdXclls7km/AC+ivJuJ1sOPnky356853Wdye5Nk=":{"valueMac":{"type":"Buffer","data":"jGmcTAw+9xywgUVTbw6ZErAiJdDr+To3XUExLEl+jjc="}},"ZD6iMzE8fwsNnJX22WsjVqffyTEGkiBykztPaqMXomg=":{"valueMac":{"type":"Buffer","data":"W31mNtgAuhJ9kmfG0trlLMJ+0vSjt9/iBd45mjBxPCQ="}},"nIXIPliYuDnsniKaAR7anWjGgbZMtp0F576zg1Dnjso=":{"valueMac":{"type":"Buffer","data":"PC+3uLxzOIXcmgrhou5jd1XEio9h/JZ11IjM27Ibdts="}},"144pEObkXWyNYdrHQWfUUOpfufYU3GDcgAweOnadCuE=":{"valueMac":{"type":"Buffer","data":"kVHVONLD5gbqMKW92xtcddV6exTTTJ/WK7idbCllzAo="}},"LWNgtjinOXh2IQkzMg0KZjiJHQv8KdsSEglFgPSQPv4=":{"valueMac":{"type":"Buffer","data":"bO/WBVfk8Rq3rMLu3E3cGinLoOtVPwLrWg4twhHCXsk="}},"9AZzPcgPwSER2xIyz4h16Q20kqCUXP4wHd4QwHw+lpQ=":{"valueMac":{"type":"Buffer","data":"ILFLpZC7T6THIap575gFfoQyJE4sPZcyB0JaSpI0l4Q="}},"R3XRc5nz1VKJqWg5pflR2eAx85Sou304iZonKcHQ75w=":{"valueMac":{"type":"Buffer","data":"amsJBK4ZBnsOJnXvtlYjxeSBhwkIcGUWy8Zb/bNF8e4="}},"lBHhPYSwJJQxw48OgzxCoooW6oHlt265q/e022lOYQg=":{"valueMac":{"type":"Buffer","data":"qZnJq1Jlf5wyv0kIVkoKYcUXy7UuCcmKWiZnyOzhJjg="}},"XztXj46XPBk/zCBKuMkIMnEVnn4JTkNKJSxjJsIIeP4=":{"valueMac":{"type":"Buffer","data":"kBz74W4vM8/cwRlbrYE9Wg5YMYt3vZXU3y7Ga35IjyI="}},"utzYU9XkoLkRK3qgVsYn18lWg/A7T58rFhreu+Wb6eM=":{"valueMac":{"type":"Buffer","data":"GkSxlV25mefaAx2/T/71hhOpHhKpPWRd9MXFwPwvNzM="}},"FTrp1iWV63IH9+f7WntavCWQJkOy4lx7iM3RXZQGT2M=":{"valueMac":{"type":"Buffer","data":"kazw26G329Bzh6qjhHkeAsXchZDzbeVi9D8+a8Xp2v4="}},"E10yiKO41cdyh/vCpCQ7+mb1uz+9F3XerB28FS+s3us=":{"valueMac":{"type":"Buffer","data":"M9kstWuaOeJXvNoFuiMfvmOHaBuLHcrQx7wlqgWSUlo="}},"9Ht3xpGcmUm6tPfEAblAydH7v4tmqXWvQkizJw29S34=":{"valueMac":{"type":"Buffer","data":"EaFw+ZepHFfeQ/2KFhkt/stsBxYJ62BTWnSlKkJIbcQ="}},"h4anskblG/avpiarMl+4TbQWw+mRp68rv4LHBUgWxIM=":{"valueMac":{"type":"Buffer","data":"lmxx3hZGd63ms4YgTHiTZ/qpGtzF8G1QQXnZX0fkkGQ="}},"wkLjq2aQnne2m/07JXy9aJVrMOe+9IrciF6p6qxcmHc=":{"valueMac":{"type":"Buffer","data":"Od8lZIuQ6T8pjXfCMQEPC7xMPFPa1IteO+mqKCPyW5c="}},"06a6Ytw1XRQOEI0XX3y/6hmmmxotBktfInsnzGnZ0RE=":{"valueMac":{"type":"Buffer","data":"6pZhI2KY+ojPwP5TbXR6FullbC9D0PqnZPLRzsJ8gjk="}},"bGJVG9SNZfdM52Y3R8VEnxEsjCdulG5h66I8ZnCoF+E=":{"valueMac":{"type":"Buffer","data":"+C4JCQP+t9ltUyi+Z89jks8qAUcI8GLAG5BTHbrFflk="}},"Z6QkCHtEOnAkXtuSvbjT+OFdoymtDLgGYzAhpVOVtAU=":{"valueMac":{"type":"Buffer","data":"jkwpPSRMEZx5l5zw9X+3VkLyhvN2v3UdOK950Ml6iCU="}},"DhJqyW58mbqfCrhtzOvLWbev7kHsqJUwkfd30LA1WMQ=":{"valueMac":{"type":"Buffer","data":"+s+zDeB8Ala4zdIfKmR10mv4FhuTXa5iTdUg9H4wniM="}},"50FcDNP34ZihCXGo+SYaSKcTTIUk1goXvYbmku3pPqM=":{"valueMac":{"type":"Buffer","data":"9JDzsKUDCS+kf+Y+TvHufRhGWlU1i8wC5v28qV0NTbU="}},"bMhE4FfoZ+9gwff2S7fE9oGmkzueGvCHddjFeokqbFI=":{"valueMac":{"type":"Buffer","data":"uhIhdNsE8JLXTtiynHDyQMG7kMl4nwXvK19PsvM9/nM="}},"W8joEnM4g/CBAmrAu0KynOU/m2gehKviSAXfGvkHT5k=":{"valueMac":{"type":"Buffer","data":"+nO3OcIMYzHW9UZQ6EdNHQwSr8B7wxa2O5IdnN6Uh3U="}},"EpbRoOFtlsufS26dwfU7nu0MOsucZn708RgMzR6RN0c=":{"valueMac":{"type":"Buffer","data":"7vnz+8l+mj8BJhHK6tMDVSIiaKGn/aMdigUBQ6/f+Lk="}},"xAdQF34eWI4pR8axi2tXGhj4IqiD89l2DcBODb+AYOA=":{"valueMac":{"type":"Buffer","data":"8bma2EAghU2QLrIfrNGCR6QgoMtPxLAku0n0XxABHpU="}},"SG89c7vZh5xoJ7Hsk4qHky2rj3/gYMV8vlzvR8EqW9c=":{"valueMac":{"type":"Buffer","data":"8G00yAaKDSpNLVBJxgvVXk7P2B3yS3kumqrCrIYVuik="}},"bj7XC2aAo9NRmWXGtRWKlEYNMlqV2UeD7R08Fmp2TVM=":{"valueMac":{"type":"Buffer","data":"EJ+ag4rDhIrqXWoA0kluKZj329oIkFrBx/afBICwZ5g="}},"6WEKo+iqBlWrT3olKfQs83mj7oDXFKUi4W5xW7caHeI=":{"valueMac":{"type":"Buffer","data":"PUheIqBhpxbZOU/ewxsEdGboOPTjz9/LxY1ZsNfnmH0="}},"fZF2U3CztouS6XC6W4f/zzu2s3Hy0b/Ks2s1GzrlcEk=":{"valueMac":{"type":"Buffer","data":"qJtMC5Lh5ThrGbCIbP6lseZfzxyPCMJLzizkd/KJjXM="}},"rekmrOUxXCGzdac0ToduqmqihYrnFRr4ojprdPiuhwE=":{"valueMac":{"type":"Buffer","data":"XTMxa8dLvRirQQuz8Q8mkWV462OOaf2jjji3gA4MXXY="}},"XU8i++DIixLE/bPwq/isKe5w0gRi5HNuFPko3x7ad5Q=":{"valueMac":{"type":"Buffer","data":"93PuyzwWWYnOCmHTfemRb/IbL+zeKjHgSE4ydi/Kf+E="}},"5pvqowQu0epLnuEBFhbgjPHPCuMD6Hq9pSmY1LEQXE8=":{"valueMac":{"type":"Buffer","data":"cz1bJUP8YtotCTMO1rsuGzRukJNWAiYtVpYUsHvtFYU="}},"32cIG/7JXhSl5cz1WguOTdEVwr793wotkfyedbtBIoU=":{"valueMac":{"type":"Buffer","data":"mPUCb9vK/yU/EvmuF4tmFUh2aoy2ZRBzVVez2NW6U5c="}},"DPnV2YTEu2cpfL8mUL87mHsyuE4cOBU3gEXUkvk5D00=":{"valueMac":{"type":"Buffer","data":"WXhe0eCN/VpxGlcDYqUkuoGpFPHyx/PXaa5xwtDIY2s="}},"MQGM6JtFrk4Y/C8/GowlOrnFF3mn/Xk4cewJsxGxQus=":{"valueMac":{"type":"Buffer","data":"BwZIah/aRP/fz1Vx3ey0tpADIgJDrlr9FQ3dnQcuaQQ="}},"+9npJIEP+Is8bQv+TgiYll3IeSlfvTzoK6gTWS23qc4=":{"valueMac":{"type":"Buffer","data":"10YvP83N7nj9+NlV8/D0fAeK4PlKmYW5A9ZJ9CfqWFM="}},"IcENZ3BpyGibXppLByylNnxndsggcWK8F8Xb2zhosRk=":{"valueMac":{"type":"Buffer","data":"pLDG7/7QhUBmh2uPZj6psY9ncRMIbSYZ6PAqFf05w88="}},"co3CcHDZ9G/4/gm1aK22ETPkqdDV7tuFJJkggvKs3Ho=":{"valueMac":{"type":"Buffer","data":"Y9+wYK+3qYfz+9wY+x+OHl8OLVecSmcK7OCbxx4Og64="}},"GMj4ydWfjJZDhMLJExvK7pbqzhetj3Wmw5t3hyMlqww=":{"valueMac":{"type":"Buffer","data":"cTu9dHggHrnOEY3toVrvpllZYb1wQ+VPEKcEnO/2+qA="}},"9ApaNY9EF6anSXxQVR131y3l5j50/Ebu0LX6VRZ5Wm8=":{"valueMac":{"type":"Buffer","data":"lt7N2flnNtJGbbZTveloho/ae4DHHqvirPsOeMgPzyY="}},"YK2L/0NgBcA4yFm6vjiG4qzArs0zcsA40MjEE8Uqkqc=":{"valueMac":{"type":"Buffer","data":"rk8aaOXAWVmpJ/qKc1RE8jdAadr1cLPCRy3uj6Rvh3s="}},"+sK/yYVIRJEocmFOI+ECgmTuCXjNgPQ1YYv+7itjviQ=":{"valueMac":{"type":"Buffer","data":"i3NZxhc+JFdj8003zZZCzHEts+OzyRgEO0F/kYrS9R0="}},"aIRopDt8iaKLEHtThSOcCIzKAmXqKEw7SAVTGfyXeao=":{"valueMac":{"type":"Buffer","data":"QUN/GOnVwaQfBTsY8ne9/ZyCkuVGPW/AZ0mk7dVrVdM="}},"zIEaNaIlbN5jtLnriOH/+/fuVtau6bmbpy8SeMLYMfo=":{"valueMac":{"type":"Buffer","data":"fm10vqvIxyMSVG6shlpuExCqI0CMBB8RBDjpuMZ49NI="}},"G2dupvR2FqoFue2ifaFNBHPPDJLHvCLebSNe5evQBwo=":{"valueMac":{"type":"Buffer","data":"3bZpY9sknjyfACnGAeK0QEJagpig7u/1FTntYY+b19Y="}},"WwCjVczyMU+stYJBuEOpZeuwDCCoVb9aX6XqrjmLU/M=":{"valueMac":{"type":"Buffer","data":"d3VA07QC6qFVCUOXIizTxsgp+Om5ITET6CYo2KR27BE="}},"9JAl6Gs9907VKiNscJMqbQRScZvWvc1KlLpwuGpGi64=":{"valueMac":{"type":"Buffer","data":"W4JQqF/jBmj1Dqstdbbkibam05f97fkiX4ebiRcn5gI="}},"1yQxjGjhRPfZ3NmBKCbQhEqrux7X6cOglzISHT4ufKs=":{"valueMac":{"type":"Buffer","data":"06Uz5IZPH6ZiabOzjM3ZDFS94O+4sT+WI08F+WIFmQQ="}},"toNlVlT3ouh4xcwKI7PowPaU91AjNsL9EsDMbC5m3OY=":{"valueMac":{"type":"Buffer","data":"BjT6UA43Ux3oOjj3EuIMcwR0qSVNG/vOGrcKUMCqxxQ="}},"5l+NqyOpIKm+QbzjH2m+hslKo2vSU74XbQrflpLu6Xs=":{"valueMac":{"type":"Buffer","data":"MQYRV44KtmvJLQ+55aV/QIlfKHfgn6JGyhEowC2M12k="}},"hG27d/cdq/1BpwSVhUk0c0Di9sDOwBL+AvpIf9+R0VQ=":{"valueMac":{"type":"Buffer","data":"QakqWFmBBsVcHcCXgsDQvRaDA/k0ZGVk/t6VEX0d6TM="}},"wmhLp/RfjZZJyUJmsn+nKW1FnlJ8dtOneKN5r2rMId0=":{"valueMac":{"type":"Buffer","data":"PCYey6+AkMDVsvDsNv5GF2ykxOtWZ6smXwmupES9WVQ="}},"f7XJXPkhVQrsBbEwVvY901p5Druqe35TSVpAthdu/C4=":{"valueMac":{"type":"Buffer","data":"Qv8kj8EDM5aESbhWqMcmq2IZ/s2/o7OJWX79xkqjNcU="}},"7DN3ZQPLeDX8JvR9brhr3aJU19+RAEK2yRt7jbiAW9o=":{"valueMac":{"type":"Buffer","data":"bJ4SHO+Fak7g1Q8G+XRaCElyhYQ8319rWHLD2ZwIoIc="}},"rN1q0p88K1wA7jNNCM2xgRLn8wC/oDMx7oPQthgKL0E=":{"valueMac":{"type":"Buffer","data":"DYU833m84eTtfSZOWyzAkfikqTywgvlvVlsQYln7/kc="}},"HQMckWmuvDKCj/178P/tBa1e/Bs/XC0HGaONGPcG7l8=":{"valueMac":{"type":"Buffer","data":"+uLzAOSk+TeClU1vnQbBXl6KRyL4NA6rpqnspZMt0iM="}},"YIh9PRRQrePO+rSvctMCKPoBxcpWMNVj4r77kaO36Dk=":{"valueMac":{"type":"Buffer","data":"6+Hi5g5bh6ih+LvLtzjLN9VWDyAWt7H9ZXlx+l+5PyQ="}},"sz+mYRvXXXfhcYGenuwwoOr7JeusRvK0Phf1kH/nbr0=":{"valueMac":{"type":"Buffer","data":"xfdjiAOuXxLB8obDGQEJFHk4l3p7dS26vEm0OqSWUZA="}},"dJvVaXJZoen8gw7qdzalma6Xjnl9VFS2EKM6SlGuoc8=":{"valueMac":{"type":"Buffer","data":"t8HMvSD9yO+141AcSxRbFoaQun+xfbrM2e0+/mEzyeE="}},"bs7/TlByZ+bEq9tcEWKObuq6JbQgizN+E56Vfi/RehE=":{"valueMac":{"type":"Buffer","data":"y0uqa3fAyOPJv628aN4nv06jBQltpxvESmiDnapS6E4="}},"EOogeNOkS4aeLk+eIrMyAGEQ8v2b3g+KPwfkIE3pvpg=":{"valueMac":{"type":"Buffer","data":"9oZNkd2ioRAmOJGDb3SbzvzF0RaMPYLFYz/9g0ZXY/Y="}},"2v2tXMNvmwQYXku14Zyzm1T+HV7wtEBluUZMj5fjXTc=":{"valueMac":{"type":"Buffer","data":"fHRx97oHaIg118GTg1mP32g70tnzvEsZrxPba2AWvwo="}},"wfbaQ1izCcdfqZar8ow+monCfwUXTevjtxaJ0N6lGX8=":{"valueMac":{"type":"Buffer","data":"jvo56zpPAhHt/gRd0h2JDpn7pnFZ+TXDnh7VIFPUR5A="}},"6A3+hme1L90A6LaNf89RJVTSqC15F7cr1Ie4j73nX68=":{"valueMac":{"type":"Buffer","data":"prQ1RYjsfbp8Dn9TQrPRzLGkUXNynP7YFf9maKHqEM0="}},"hHAd8xMcSlD6Rqo2WcTYZXiMaXtSCQaySn6i+13GjcM=":{"valueMac":{"type":"Buffer","data":"VyYthHwN56R1KzeGnbJ9ONcZWOOeWrTXmeisNP2/cKo="}},"+9yEay1j2tHvDQvE3Xu9mx7J4tcjBEHw1L/GfGw9Whg=":{"valueMac":{"type":"Buffer","data":"ITyG1nweASIX3KLGISd7aWDr83K50kmikcBFvdgwD6o="}},"PzITuvZxc1A1VdyXwwWowsOAt5m7KanZtmycXRQYYcs=":{"valueMac":{"type":"Buffer","data":"e9u664rIK3yngDYTFZrvvetjXXp6tdCIZ4Wh9aTTa38="}},"4dJTYbCZ7LvheXxZyIn5yt0DDNzZ9PbTwQD+Y5D/w4g=":{"valueMac":{"type":"Buffer","data":"WJOj+3NtkGMezA2zJLozpRA63ZOSHZkU/DBkSAYeTrM="}},"O4ENIvxSaVawYoWTbOWxEr/fo1FDGbsh76oqXRqy3/o=":{"valueMac":{"type":"Buffer","data":"RQW6sOVM2iLvR7Ok+F14RZXkWjrH7v3eRvPTBULx1p8="}},"ybzIZoGxFKpvkDC4TwKUmV163avOctdJc1q6UzKjyfw=":{"valueMac":{"type":"Buffer","data":"HFX/LAgRDoi9ONI8Wllnqw7ZH1r0yG6c013SXrs43iM="}},"4QAFYj3G+pu1lsaxPD/LC1SNncRR+OcEM9axnmKUK2o=":{"valueMac":{"type":"Buffer","data":"UD2aIi63Vu8sSkckLxaGE5mAipanF3IZRAgNJTouaIo="}},"cfzldp0ddDLErODo7Eqy0Adup1khGwybugMq4eHGG7A=":{"valueMac":{"type":"Buffer","data":"t7iHaQi3+3MAKn8ahZ1MbhKwYpN+I8yGQe0s1kM5voU="}},"lxEiSL+65h+PMC3o2hzNng6xtBZwDXdAlQ5UTv/q+jI=":{"valueMac":{"type":"Buffer","data":"YV+HDoh/1rKLa6nmotcLQvtzQ7buW2SyXBosQe2r8/0="}},"E6JSLG3ROAUPQ0qhdmxi0NXeMLAMytaGTnaj9xVxq3M=":{"valueMac":{"type":"Buffer","data":"41ZxbPJiS7BdOSYS4b7J/hMEpAmhwoOxi0REBTVRosQ="}},"9JonpYTOywNPFs8st3CDZoWoZe656yW8TkSwjvUhEKY=":{"valueMac":{"type":"Buffer","data":"/Oa2cBVVW/rNBfdzqIHNCeTkSBuvB97EsDtsJfvr1Hw="}},"t+h6IoE/msjMRVmiQuXKqbYaUc99DnCnC01claHzzvU=":{"valueMac":{"type":"Buffer","data":"AyNcQn7q8AO/YLmptuIptkBaxkr3TDKEP/JlZH6F5Vw="}},"4A9VsF7wV7ghklgWH0/8IIVgqwD9R0BIb5m4W/Xl/zA=":{"valueMac":{"type":"Buffer","data":"n8aZ1Pt/6e3sDTggANfckQb27DCnTG02M7g6TWDaM6A="}},"ONIfgguD+dYJZTIwMVmLpoL5Xrv68fbm+Co2kZvFUAs=":{"valueMac":{"type":"Buffer","data":"iN2+SODXHnoDTX255YwYir805ejsEgNvwiBAvoi6OTE="}},"jSwZLFGGTMX4KDqTru3SUFYpbPeQCvZzp+YN1nV6f9c=":{"valueMac":{"type":"Buffer","data":"uRHDij2DQHXr3tEx0bHQgq7eH6+GN7Z1Ape4mFxu+po="}},"BmJyC9GzoCZLQvzbJ+pacR7I0tmdqz9c7TjEL+9P90w=":{"valueMac":{"type":"Buffer","data":"ZnQSI1jKfBt1uD7rlLUrnzu8aaqncYkDtGn5S9wEV3M="}},"vjn/ohbhQXU0mNdc9URIDSRhOZ4H28jA8jzENceBA3g=":{"valueMac":{"type":"Buffer","data":"UjHYChw0hQxOs4TRw/03d0+/hxVepj6nkCsFZsSUGyw="}},"gEARxI6rqZJMoykPEWkUX0Dq0uEDGcADsZXlYy7/bwc=":{"valueMac":{"type":"Buffer","data":"ISCqcml2DzfSsXtliDSLpAkT4IaOqFL+GHechYhnqK0="}},"asZ3cwIXeS8KP1JrkotNsWkaSvK1zSeo8BcppCTSnT4=":{"valueMac":{"type":"Buffer","data":"U6alw+FxsU7NlqZQxZnc/pw8Sp4fSJUYY9H1fFu63OM="}},"eySNI0FZzHwBIcENKG2hh4U9duPYsYHAqcA46OgVCMU=":{"valueMac":{"type":"Buffer","data":"ymy9LxtwfVWqXNCFWY5YpKrlFAzfFgkEJf0SepV9SyY="}},"4WZs4fGdXYypaHK2AqNX4crm1ofAG+5Nn0Dc3bLRpwU=":{"valueMac":{"type":"Buffer","data":"SzvKZnQbU3/F9KQZ+qmmGqE5vm3WjIwnhzaUAKoOqqQ="}},"zJFAWauGmmvFKHGGzqxo6fCzXcMKjGe8tr9c1YYZwYI=":{"valueMac":{"type":"Buffer","data":"gscLm6dNoaA7lKIw0u9CgvGdJIv12Up7NW+1wEAkCrI="}},"09vJi/VdnAZIRHkQvE26VKc+LBX5EY8h40h+S9Oqfbo=":{"valueMac":{"type":"Buffer","data":"XH4wyGm0dkaWJhdB7WEq7tBYBnkgPSx8l41g3+Qf2W0="}},"opMLSbjKg4XcMK6aCX1lwtff6wsJ3ew3AYImQlpzs1k=":{"valueMac":{"type":"Buffer","data":"ot2gyKL2SsF4j4uNzsLgy94MqQA4YmAXYVYBOZBYXZ0="}},"XPcpi9iyyOg9IyxAApSA0fpNrPGtKdWYPJ4ueocA3cQ=":{"valueMac":{"type":"Buffer","data":"M29WkBrTq00v1tfN21Cwd2Lsfkc1EGI2HaoU7Jg7Er8="}},"1dPvF6ZsLyIhshSvF2xE3d3kD7ntHSLnCyMFD6A8/1U=":{"valueMac":{"type":"Buffer","data":"uEDLLR0EKqF2zjjAwFF/CvezwK+GopxZ/Ou0midrppg="}},"w46ER1Cf5qVTzc/On1baXPa2sK02l0Mk/0DG/6T3ef8=":{"valueMac":{"type":"Buffer","data":"SsDQdZ7s5WvxlZzrdYuP/xB20vnj5rfPDb9zisg2Jr4="}},"ACrb2JQ+lVPwm+XP1wjsKGReLyWB1HWLZLXiMUlRyVM=":{"valueMac":{"type":"Buffer","data":"skPYjdlDQd05B7BabtGvNQSDmiVYC9QzRuiwXtwfSbg="}},"4rIYMCVeNHCLydtY4PqqcHRf65mnrW+TFswY6LXAQ2E=":{"valueMac":{"type":"Buffer","data":"E994AxLBPejK667ely6eLE7oVL31kZiBxOMV8MC1LMY="}},"DBVaax+N1wZObHs4a8eWX1bWlpRmDKbwqjhfQxacQ0U=":{"valueMac":{"type":"Buffer","data":"fboWw6O6rJZAGNP3eOg79Pbr1xpb34CnH5SiMXfgMfA="}},"0yaBMdBtKWil9aks7KwIQRgj5QBzmhFk8x7fjKVFSW0=":{"valueMac":{"type":"Buffer","data":"kmpa+CsrPCjPLgnz23+X8ERaZCO3t+hFfXvQmLfBQt8="}},"I0HNZV3/X0nWCbMyM40sakn3rfzkVs/S1ELLSinA4jA=":{"valueMac":{"type":"Buffer","data":"MwWxlsFe4rnxpGwHRn8XHKcG1dw3qIMciHwcO+/9uSc="}},"tAGVoDdJg/62m/SNhQb9VdJzm52rUSaX4HDHUH9UmFI=":{"valueMac":{"type":"Buffer","data":"l9vi9XsV7beZfqsHJLxblNhMRLizMuV10h2UKMO9wEw="}},"buJ9227eV3hiLOSLid6Sgb3mB04UVrbOKbZ/MP5qznY=":{"valueMac":{"type":"Buffer","data":"vGh3c0chw4D+X90yPbNxXgL9PnZ19j+F6lx9RlQAY8M="}},"LS+FYVpUgpSSkzlmohdZikNExdBgcFyn3ignD9I6+ew=":{"valueMac":{"type":"Buffer","data":"fjnoyxJO8ca8JL/F1fPKYb046x76bVFMzq/Ef+wM9E8="}},"MMuJ2s57ZJMvOQjA4RD+74DETT+7wZ2RcaQ5lT1yLKY=":{"valueMac":{"type":"Buffer","data":"OFMsQRsIddN72zrRT0kQcKwy2xLiIJAJEi7sLpBXTYE="}},"nH83qO3D7uIYQX+wFRQljecSLxjjO80zWNg/ptRXcY4=":{"valueMac":{"type":"Buffer","data":"mHclcW9JFjbED6wOQvT/jglQdYzhUroCKKfHgRVnBx4="}},"zrf8MVNYkGfhgQ8rqf5yuTUY58JqIhu7Yoc5ZK2aqFA=":{"valueMac":{"type":"Buffer","data":"JwT7KytIuvQ9XxqvBKJNKM/dKn5T6JG9LSUWQuWOpFs="}},"WmJ3zVyl2G5D3ez+YeA38j5q6o+m5EzHYyU4ZOYm+5I=":{"valueMac":{"type":"Buffer","data":"/pqY6FLf1eh3m8hyiak4ezFXrBl9TD5v/qDfC4AnTnQ="}},"AwgnhjScUL/KKDiE3IZsfLyhzIyTsVyVaWFvA4Qr2to=":{"valueMac":{"type":"Buffer","data":"OEwafCZ1dvNshtbXgicxYFiCprj+68OXqdFa6XFMX+M="}},"ptdm4YUkBQ76qzWlR95lRw+nE/Qi9fxfA7EDqCFVpkM=":{"valueMac":{"type":"Buffer","data":"xAm0V6wYyDhWsTUd63VF6bFjZHfB20j/eKCAeIalp0g="}},"TsePPV4fKdicL6/AonLzLtiYmYpdewXfTuzyE7nUBj8=":{"valueMac":{"type":"Buffer","data":"zQzZse337tn7FQxbWCLuS2dxklSF6GQToXq1lIEl8Mk="}},"TeoU1nTL77+zx9lxem5fz3BcRKEy/SzmTT3HNWV4yzs=":{"valueMac":{"type":"Buffer","data":"4Z+IslAg8T/HSsdr2LF2ffre7hizgb6MTzycykQ5D/k="}},"vLp156G11F/VPhBQvEU5dT/pVkSDBVSJ2Kn5GQAExpI=":{"valueMac":{"type":"Buffer","data":"qkgKZSdnsElly+t6BZTKlbbwcvHPuMgXbkghoS0vL4I="}},"/BVBrl4Gc0fW4XglnYA607oGa209t/ZQr2qzJKuC/0c=":{"valueMac":{"type":"Buffer","data":"X36h7pboewaOzd/FqJwU2/GGRx/3ulwKJzFt0ooXYpY="}},"ANQUyBnYEc8efJypntMxHqxLOSOVspSWwd/f1eGo3uU=":{"valueMac":{"type":"Buffer","data":"sWjIESP6+kYZZBbqTpooS0i/9y2dfqnsiZaoEZobpUc="}},"YpOCzbWiUUi+IcCoqZ2COeDOKPAQWPra83va/KvHDcw=":{"valueMac":{"type":"Buffer","data":"AWitOD3XaMEXkTyDE+Rv1AdoEmHvGmo0pj6/h2/eMOg="}},"LRXs3erKJs4uxqogRiLxxNzcHQuKiMioa06RvKwz6is=":{"valueMac":{"type":"Buffer","data":"JUIsVGvRrVRpmN1Ug2o3OXIk2rx4YWVIG9aoM8uV68w="}},"Sf6Uwfrk/SBIShIHLAh6w12t+2+oHyoqtqRoOpDSDUI=":{"valueMac":{"type":"Buffer","data":"fI6AVZ3tolUVXwKOkvNljCaA389nlmTkBVzTh20Zoo8="}},"O/7ZKoZZ0JP5OUIt0O47Cjo6lMlZqGbSt3tQb+IEdhw=":{"valueMac":{"type":"Buffer","data":"kpHxzdc0aJvc/DaigVaXFzMt1suIgaoUusPM2fFFZ0s="}},"6Y+Vcn1Sw5AY1/zrKuSBn0BlAaxDnvacj38X30Xk5mQ=":{"valueMac":{"type":"Buffer","data":"8UJ5JDl/Yn/Ot0njxyE5D9qeXKQ51gUXkO4K8evCmJ4="}},"BTNd4GkQiM1kl14o84CuowaxFDh429peJWNEEaog8lY=":{"valueMac":{"type":"Buffer","data":"TdefIyXeL+KGXdLwuDYY9pZOhAga3FrojPMjWFFmiVM="}},"JfaFN99PtjcR/g61kvMmYW5CQ4+m8N7gSFgvcQHXd94=":{"valueMac":{"type":"Buffer","data":"yOsW7xjX7ui43aBBHMdUPvjOdVHA+DsWEyKAyc3R2QI="}},"tHtGJANRFgCQmAeOJzNSRZBvnWWoIG9N/Re2mCxGzMQ=":{"valueMac":{"type":"Buffer","data":"rF+MVNdGo4qCEc8ckrqpshhrHYxGlOZ61igAm4czhxg="}},"0XLpTJNtKkWRC8dv9TKY9OjTkkbwy0fEiBzzothETmQ=":{"valueMac":{"type":"Buffer","data":"5kJK/7aYjqH/0vWAo6VAPNqDEXz0JF6TQA9IKi2ogmw="}},"JlOBCp+1po/8gwbpPYRbld7FkxgT8eR8sYe7JV9ogvI=":{"valueMac":{"type":"Buffer","data":"42iFoQ6SFlELZxQf5Rqi86HhGxQ2PMUr7Bf+zue9OxU="}},"DtMZez09tZWyJXj53kR4v6QIz/JTW5fT077ehiZUgl0=":{"valueMac":{"type":"Buffer","data":"HtZYLij/0lXWV7OioMp4FaO0gc/jtBvvbklnPxIgbWs="}},"pn1gmanloLvsczULOxH958q7LZfFHS8sjU+Vc8LD2jE=":{"valueMac":{"type":"Buffer","data":"XyGnJgNQS25oVpk+mNIGbkQXv9qgKa7QvGXJHAMxldU="}},"fnv/ZDzZcVZld9rNWBKvpRNwYWNawx6MPYvDWkP3uWU=":{"valueMac":{"type":"Buffer","data":"54sLCznE9PRlS4cwzl8jd0//bZLS9zK25Oo7rgJciBY="}},"OFEK5CxLD5854tEGro72jJGflKREHU5RDeKGF2Qy3b0=":{"valueMac":{"type":"Buffer","data":"ZGh/uQ876/4/RH6wVIJ95U76WtsGsnhl31YrfUAJB9w="}},"+BxFHHjab2KnWt3GeKdU186kciBmks5YbGgZEdIaVZI=":{"valueMac":{"type":"Buffer","data":"q7vcQ/ZNmHye9NPjuIoe1WNHgs/vnxP7bVj9mP/Zm/8="}},"IY67RHlryroUi7Zln6GQ/U+hgoryMrCtJe7Zz1niREU=":{"valueMac":{"type":"Buffer","data":"KOaRU29aRZ8qQfHZPSRgSaailRlaFnPWrtA+9fMn1Yg="}},"xsG06Rhsu6bZ115oDZNeN+mb9X0CwKyRxNwaLo3qROg=":{"valueMac":{"type":"Buffer","data":"p12ab+/D8XBC0uY4vy3TUdtPLQnO1xrl7DRLIfKDmUg="}},"rkJEDu31LdzIAWg3zhc3ddbH5r/PfCr5UxavD2HU5ig=":{"valueMac":{"type":"Buffer","data":"GmgAc/ZXnDa9y+SGWspUb+gUlLxRN1B+Y3TWtlIEPmE="}},"/2lG1YemoqvszBJioZLHvBMP6gdLPaufJ6zT7gBOAbQ=":{"valueMac":{"type":"Buffer","data":"hTWF+z3bGa4eCVFlkZT/7SabUw4yu+zXeXn/hiB1a0c="}},"q+FmRKjM/8t8XIq4fmJgWjS1EJwDngT8YJP6ipj2RYs=":{"valueMac":{"type":"Buffer","data":"WE0oeZ8vQGa/JjGci8c6yh1vjnXtO3Q6ClTJSo/s4GA="}},"2TDrMwrcBpwoe+IzQKc6pNNMYgPU3e8V2QtCxALo7dU=":{"valueMac":{"type":"Buffer","data":"56ndOxCsMJzLcALv/DpOi8quJvlbKRCIzDiJvWdBMRo="}},"RWeHcLX6FBsPF3/Cuhb3nDnT7PFpYdt1Jm6s1Ry7ZJg=":{"valueMac":{"type":"Buffer","data":"z2+CMo2xPy4Ba5ZVg0nr8vlZz2ljG9kageWPkNsD740="}},"c2s6mmxQMhS/mbNUmd2D0fIsj/4VOJstAyOCC2CXYH8=":{"valueMac":{"type":"Buffer","data":"w0UIaYuTLH70haI4tXLkfxJ5t6lDx9h3QvIUA9HxauQ="}},"Dfx5DrE/UnJ2dTnSxJCunErQc/qZD5cDxg617BPCIus=":{"valueMac":{"type":"Buffer","data":"fyE5vSM+vtqqh3zg4Xt+FiXh3g3tx16YqB9DcfRLd18="}},"3yS8KSOnxz6IHNsNbZEabI5mjk+6d8UY8XgqjZQsWcI=":{"valueMac":{"type":"Buffer","data":"8Gt+khd7MS8MynJqXMBjniNoJ6AM+lZbv4ugU/90dMY="}},"GBItY642L24EDLTv3ft3pRKzF6yFu24Qyw2xvLuA/V8=":{"valueMac":{"type":"Buffer","data":"yST73/prlC+I0SkRwIyJ4/M7y5hV/Ipun5DV6Epd59A="}},"fcCzAVpQ7Jxex/FVRE9b3UHaLZHiI4/d2bZfwkPVyzs=":{"valueMac":{"type":"Buffer","data":"4KZYJhgPs023fJAirWiZOuc3/UO7QV5hhixdH3tY6kQ="}},"Ifebyl7yZ8qXTNRIPqtQp7cPuREeWpiNS/pPeOkzPeI=":{"valueMac":{"type":"Buffer","data":"Mtpa3k8RP0UxGKA9z62Cc2XptkUyUrEExLy61x8jT2w="}},"ajFQ2xcAxIVTw429i/7l2S5FucSyjBbvfIdAdBXJr5g=":{"valueMac":{"type":"Buffer","data":"osZTqGN1lSUPXHoDE5hQWR7HSz6rcB9WVg8LTN92fT0="}},"HV+IB+aZ1q0e8Cri+iap4MVCG1yZsk6pK76m1cMisBo=":{"valueMac":{"type":"Buffer","data":"mUCmqhI1qPJflgsJk1dLrYLfRD0PnRb8f7bZYQRGFSs="}},"ETgZWurjQkd0bIIs3KVY4C6qnVomXHlHp52v2G1trVA=":{"valueMac":{"type":"Buffer","data":"DJDdKoZkE3SS4KIjfVr19QoV1kpooiAKpAG+82AJWmQ="}},"ux+qAHNj2OsS2YFx4kUS0BBVSJ4fI95mCa5aUIzmnvQ=":{"valueMac":{"type":"Buffer","data":"5S+6ORKviibDCbT0pbdKJjqcHxpykVGAeFya7KTmuu4="}},"km/COx1QcK5cB31RLco2A3s4Tz/yIuhgoYlCHnJOi6w=":{"valueMac":{"type":"Buffer","data":"D9haXpuh7dYDwml6w+jjMgmVc42hlQjqGi5ijvXNlc8="}},"tPrIthRt5UE6458H9PxwVPTpXlCYKeNbzzRuDYTUMfg=":{"valueMac":{"type":"Buffer","data":"tXZNvW/G4YqFXACZ1T94HVwu7DeFT0jYTivot6QfgLY="}},"GlVnU1N2mU36o+0zChAN8UFcjYp90hcT2ZhA0HCNQu0=":{"valueMac":{"type":"Buffer","data":"7fMbh1kMIvbGVDtp/kdiz0vELwYJBSPvRNzuVFJvb/c="}},"70DyfDdgUD4grGBNKW7mSz2W96NX5kD9bDtEXDx+2rI=":{"valueMac":{"type":"Buffer","data":"YTOYMK4VdfNfQ4HWS5zRscpoK8DxOHL9Fc0BiVc99O0="}},"2i64JpcGhaC0+Nk5Ku9uX+q+kwe+OABLlHr33STBfxU=":{"valueMac":{"type":"Buffer","data":"LB7xUyw83e7CjcY9aQySKcUOYI+jw7E1yUowAoy9ZJE="}},"YghH7LCO9Wg30pAz5HKt6rc+jfFEOotBeG8Ul9J4Sm0=":{"valueMac":{"type":"Buffer","data":"tIuVAd3KqawKQ/oVSG4yTaIxfSPz4iMuuMAUbDNwXnQ="}},"jjN0uc+2OOdbMfDKC/uNvenkZRD/SmCgZRXgigRQ2lE=":{"valueMac":{"type":"Buffer","data":"mIfR4dqIW3E0klkX9MnwBLgXZ13TDTbsQTMFrNp9VE0="}},"npvvurtW9Tkja+HUUYxbk5T7rDTwPSebMp2C14zSbP8=":{"valueMac":{"type":"Buffer","data":"RhbvP+n72/yRTcNNo77F7TRE38QH9WasInnYFIiOn3g="}},"TRQo4BuZLT5fFfFrTs1tingqSFSsmJN6+KfIHEWzB8c=":{"valueMac":{"type":"Buffer","data":"am8G2DUv07fpt5izieeEoAUjsdQBAG7NehTKnwDzltQ="}},"8YIbEkMuBPeebJjdVD3SbC6L502IQuGcKTOCoPXG6mc=":{"valueMac":{"type":"Buffer","data":"eTljzvPbiNTeFPUnh7UrCl96yBuhcMyyRDRUIYE8yuA="}},"ViQYrqRvESxJRzlD0So1xVpNg3ptmOoomORictoGHpA=":{"valueMac":{"type":"Buffer","data":"L4pUbv60A563aGY7teM1QfCOTy+u68z4T7PvNJ3eQ24="}},"e5JPHF6aIZK01avJUvQfvUgloMUhvCkc2ZiZ1rUAiak=":{"valueMac":{"type":"Buffer","data":"jEWeL7VeKTGmt+dANhYV9ddC5sIc397KiFxBbT+xvBA="}},"Lb7MGNh7rfwk2kI5HAyvXeK8uqtAk4SIz3uaPQMvLU8=":{"valueMac":{"type":"Buffer","data":"RkZJjETdYCK6J1W1qH9O1s2U8JygUza9l/I/EfrEtqc="}},"wJDgUdgSM3Dc4INur97ItiL94A7DVr1HvzRT6GJFOe8=":{"valueMac":{"type":"Buffer","data":"IAaT3XYZQXBL7fy+b0ilXCwYvSMq4SxAeZQOo7ZI614="}},"08g9CmPj6Jkw9IlzPwPcwnhz3BgGpRpEoi14ABfz2U0=":{"valueMac":{"type":"Buffer","data":"bihU/FMo12Ankcoj7oLku828GhZ8nZ5dtKjD7Oy5Gqs="}},"C0dj3rDIOBYsvQr3LGrh6XQuIxHqOpqPzQbvILxoagA=":{"valueMac":{"type":"Buffer","data":"9sj8PMGBRMj0GyxsTXAMBnI0rD6oS0I+OljOWWD1Ueo="}},"HzllF+i1/WBMHPYIGxFnJYwdGtM0osg74QQpW2UG0rE=":{"valueMac":{"type":"Buffer","data":"hTcN6C09Dl1Xo37CDklJTvHXq+FKg1mVE2rf9esi+Ek="}},"qEMHUVtDqMg0e/3a6vLpCMx+RThv41fptLI9omiygxM=":{"valueMac":{"type":"Buffer","data":"EsvXlQelGycJFpYV5/yezVgWtqfXTd9/QYgmXwc64GY="}},"srvUQdu6Fc+nFmWguhPXREPWmkn45gCNQaRk5Nq2yNQ=":{"valueMac":{"type":"Buffer","data":"Jkm2ieZgP7P3yiwecYLQPIN+4GTbqzKS9PkTG0TtbVs="}},"hipHxZ94AR6mBIUQT/a0oRrHbAF3gqqlkTH6uvSfTXg=":{"valueMac":{"type":"Buffer","data":"vKxSjhtoEjcj20YkvD44C9VdzCiwtaA0SocL1/Yhm3Q="}},"q8bSOwENJKb/JKX9R/9rJrJQsvhHAVTXYstAVniDpj0=":{"valueMac":{"type":"Buffer","data":"W1x3Ias3SWHlC6YROI7WYtVx/zgGlKKOA72okhxCXdE="}},"K3o4ZmQIoac6BPdGEBRlKouQ8/zhYTqxrg/ppCNDcUk=":{"valueMac":{"type":"Buffer","data":"G97T48Hn9qJolXDAD2OaWDVjN+J/HQUMzkLcxgcSiK0="}},"NYhbG3TuTDY3bhznf+jI0g7B4QtuKmP3ueQBSi6oETs=":{"valueMac":{"type":"Buffer","data":"2AMENECiz9Ewj7aZizi3rBm2RmcZhzi+jDn7Yf3UBV8="}},"jwFXAVeBdnWAHDIXQ7Q9WEcdc0nMehBn0QKpZByrg4M=":{"valueMac":{"type":"Buffer","data":"ke4RC5kqtz8UX2ZzfimFTRf5QcUxtJ86IeBL4HYhDoo="}},"UKBHdVliAaWxIOfb2UDdu6dTGA1rGMDNOJZKl25oRF0=":{"valueMac":{"type":"Buffer","data":"QwuiwA4fGXnATf0GEaD8WAiAOW9ajHEJud2Irb21MEQ="}},"5DmkDsWQiB0JGEO7V6/K2KVNLMxK1Ie7XH8seL62V8Q=":{"valueMac":{"type":"Buffer","data":"siXuvK1CenOOtIj3r9m3uFTkYrS2Quw3l6Oz4Wqe0n4="}},"HqIdJlFOr905IdsuW8FuuGqdyh+eJMghXtKABoKyd40=":{"valueMac":{"type":"Buffer","data":"8W6BURa7GkXRo/3akPkSxEisFWZm71AxgXEaeDIT3MQ="}},"EbC/4mewBDrFHJQpANdUM7wJvZHO7l6sJGETUN1wh9s=":{"valueMac":{"type":"Buffer","data":"bix97KpCZ4AQtI+43/AXsc3i8udK40kVCNjcJxoz8ic="}},"ARW1377IIzPtWvxq5+mQWpBDLuLDpSPxJCxOXMZ1mic=":{"valueMac":{"type":"Buffer","data":"nCpr2JjUzLY9EN/njVb0hyu321Oj27zCJGpoHTIvgDw="}},"VxHxMRzyd9aHvSLR4WD81lyfdpTmFXo3gCr8HaPXdrU=":{"valueMac":{"type":"Buffer","data":"mNbEDnBe5UHWKpyblmi/TdvhtTZe8phKsVoptgMf3SE="}},"l6gTX2MLmI+Hh92f5gxFLW4Rd6KbLFrTt21XN+xVZIY=":{"valueMac":{"type":"Buffer","data":"nTaSdyXA2wxXWbhIuneNfnZ1YWDTrdCGAVcaP0xXxM8="}},"mcQMomxsztjxhQ0l4oETxOPIdJtQnavtxhJhiMIjM+E=":{"valueMac":{"type":"Buffer","data":"nj0MJ5fD1fKqdqf90pGNXv/KiV7mey88BNkDPlQs374="}},"DVdrMxO50UeNxfbe0GgfwciD0Y3hg6QHX3XbvIFvNiw=":{"valueMac":{"type":"Buffer","data":"DI3qtJL50ff7p6gE64KSt13t2zt15mPFgX+ISV39j9s="}},"/R9fmzyhn7uVruYmO1Lb666xro8PxCbr4dtD/kFdlh0=":{"valueMac":{"type":"Buffer","data":"lTXnzWfdSS9LVkandGMlzEZDwYwzQliSp9lS5wvxTns="}},"Zalu9O97UgLi4Vkkweo5N/BC9Ac3D5EYBtIg3KXqSf0=":{"valueMac":{"type":"Buffer","data":"4VLR/99sy3zBYCHX8ATffguHSxEKoUMRSUy9qPpJi48="}},"xUCXU3YTjb38xd5ML+O5AFyKGcb4zffhKQ2fqOaAUGQ=":{"valueMac":{"type":"Buffer","data":"UBljUPmKIoJ1fJ1Q6ALtDy8MX1X26Y4uVWnztXjIlXI="}},"SEdBkpjrhSlLFw6AsxCrI6sR2dHhUqq8dcGfTchcBn0=":{"valueMac":{"type":"Buffer","data":"V6GnvRUlV3S6SrpIYXu3fxfAhQ0PEsYMC55MU4ZNw+g="}},"Kl3dV9l8uY928dqk50YKU/Az53BsNOP1/NuXFo3friE=":{"valueMac":{"type":"Buffer","data":"EjxJgSdBKeenw+O0vNPnTCEloH1kgRDnEfIqWOGulLY="}},"ALSSRxJt/yVdll2trBXyIk3xdWsHBBFpcDbton03w5s=":{"valueMac":{"type":"Buffer","data":"sX5AXWYLee6W4KMa+EjTZa1IIniWLm8A9yzndmr+yvA="}},"vUh2s9rgz1Eay1tVJnevHdzf6VkIEpFN1oWJj1SGsJU=":{"valueMac":{"type":"Buffer","data":"pQMYnrShnjglJgQs3+eskLmwvOaZZz7YOz2O5mOZr8Y="}},"Ox320RfTrkPoh1ddAj6UxpDHP6qQeg4NObItu+q8Zt0=":{"valueMac":{"type":"Buffer","data":"T8Di3Uwe1xgcAOakyAXji65SQWlw2Ai+sZJZSqZifAo="}},"jJRYR70QggvXQo+70oCMiqQHT6T0DdzsHDjiC3pulmY=":{"valueMac":{"type":"Buffer","data":"PvEPYiDs/qK/6zvExlwf8Fl42vY04DdHRuSxF+V+k9c="}},"Qw0z5EIG84/J04SL91x0pitDhj6IAtqr7QwyuK/8LIM=":{"valueMac":{"type":"Buffer","data":"Cp9hVs5Qq6e/4cJc6xNEDz+s2rvKQRRAeD6g53WVL5I="}},"Or0p08zLRe+WgURLzDbPSOnOz2ITPGTFSUMtoXPzgAY=":{"valueMac":{"type":"Buffer","data":"PlfZyMdu4hB7/jCB8Qobx9Ic+Rgi8XqnDDtwaFqSQ+w="}},"ZQxVD1QG+O2Rf6+nF8H++tE9Qna995Pew9C3flkqYEI=":{"valueMac":{"type":"Buffer","data":"fCZ4w3L+uQxWZ6dk/P36hulebnCXK4Pq5h2AumgTYWc="}},"5g2OPcJCwv2/xYDe33YPZJAgbfUksgjr7meP9VKLLxc=":{"valueMac":{"type":"Buffer","data":"L2ImeO1W/WPgfDVxlgwo8zF/fjvkeTJuiRYPge+EdXo="}},"28FI5Gg3l+z/k7089UUUxK1H1144yY5t5L7TDEtJlNk=":{"valueMac":{"type":"Buffer","data":"gqmES2mP/95OxOi9YKrSPZ/DD0bJ7H1fNHBXGCI/HbE="}},"u6J6I7lMCB01CcKu58jJVrbaxJalrCFD12im1ef5wRc=":{"valueMac":{"type":"Buffer","data":"z+OPErFNihy3O6cbSOjgNjS4D5neXSRrjKZExUsUe5M="}},"jrv6deOfesW/W/KzZeKKuYLHrX1AyT7unV0XfkuPV8s=":{"valueMac":{"type":"Buffer","data":"KSlWHmuRe2+o44SphUKUI/QkEclzXWaSuDTPLT+h37E="}},"ovjpqmxYhIAy5WiCtvgY2aFdsf4gPaz2VjRicpB6DeI=":{"valueMac":{"type":"Buffer","data":"4Nc4dZQriMABVisbPJFtoBIHmlPY3alSFmC3wMLmQ0c="}},"6bqtPwjC/voE/iHdE2Kc1DUWY5tnXQlZ+wzuUejRyfo=":{"valueMac":{"type":"Buffer","data":"X3rqkJ1nOegjYIBRyYEEUrZi+8BcpZbvuWS8fLLZBvE="}},"kU9tFxrKitv5eLQRtS4rVDByvXjo4H7Vy0iMF8TGXcY=":{"valueMac":{"type":"Buffer","data":"XGTUPwm07kLoTHhD5y6idfhvGeZR5HTi1K9PaKALcPY="}},"j6thtkDkyIjt6wBAAibnsDRxStU5wV6mh5c8i0Sl51A=":{"valueMac":{"type":"Buffer","data":"VMvGaxpMnR9HAOgveiRdotUPqjjLrKH9TWz683eNIDM="}},"hJFugo4Mawr0TJjTf5JaELY4HwvASj26Jp4L02Z9lBc=":{"valueMac":{"type":"Buffer","data":"HmLjKSKT3q30KMswJlPvWjvsXtW0spGq5YR12wLh4X4="}},"RUEVA30cMS9cxfHOhZO8Ynu3oiYzzWSmaeNmYrhiNb8=":{"valueMac":{"type":"Buffer","data":"3xNxqJybZ9ILJH5ZO+zhaxP2L0thHUxJj/y7qeb/gIo="}},"SxD2rbn54y9zxN0qaOANLCFZoWcA2vVj6U2hl7ANVVU=":{"valueMac":{"type":"Buffer","data":"dTV+aFZJGDDnBOduFDfJUpHjA0+ns07Pf7Q7O+IBVrs="}},"H2PVYPFbuatOCoZ+1KR4JV+aSoyfnuaR/FGG4zKPjok=":{"valueMac":{"type":"Buffer","data":"q/j3WCn85XWFDnm6qj/gRUWKpANmM68sqguQuhq/iUk="}},"vpbwugnLxVRKocjveqRoWA429wFOYdVJ2qYHSeasDhQ=":{"valueMac":{"type":"Buffer","data":"SArud9PzG4YIgzNWwYqy66aie4dRTEjbpacInbVToTA="}},"2m1UVxB2HS5ZFX1verJwSiz1uIwJmGkgO74rKZTWu1s=":{"valueMac":{"type":"Buffer","data":"EYT5cXXQG3QoFlXbkJ7TEY7Vc/yzPoTA1+r8aezVz1I="}},"cyumMCIivxtbvOO5fEy9C7t3hAFMOxkWhzTGxzhbxts=":{"valueMac":{"type":"Buffer","data":"BXaw4NXMw9qO4B2cVCmM7B+2AsLc77o8NvDNJtnjzfI="}},"+Ff0AvPgEbfZ2WKPU6Qs7oBGdqCAOrUnqzufbMaF8EU=":{"valueMac":{"type":"Buffer","data":"b5Kwg550k4LPf8wXrT4r27JaUv50sLfhkUxPlz06GQE="}},"pqF6sNuwIevyGZJgHAFdLkhDN0uIW8lZOQQEq70znyw=":{"valueMac":{"type":"Buffer","data":"lSCHBrqC+pkJVA5SAj86hPApL0ic9G+QelvOEAxwhe4="}}}}