{"version":1,"hash":{"type":"Buffer","data":"czvtVyrR9s2ca3jo0mu1//cadj4m7XiMx43b56MLv/Gs27qXQ1w2cznaEDK5nOAJltjAEn2GPyXFyG714r/sFYxOwMOsE4T2Uibe8BcciEJ/KEnosMM+Ka6VlTIF6eTqPKPhklJBjyGU22K5ZOFgBrpWfjmda2e+qsjAOjMDQkA="},"indexValueMap":{"st5p8io2n2WpOVPkpLsrq5+LS68XJj2VhoS50wQXbU8=":{"valueMac":{"type":"Buffer","data":"7bqym519+oFpIjHhX95l1mRpYCxS6I5O812KeiZS6I4="}},"C8BURJluF5HKyV8tlQR6jt24IIPGaYrw6fNC1JAREYI=":{"valueMac":{"type":"Buffer","data":"mnfio4x4E5YcsijRXMgia1LrGYpvkADJAAK1UAsDvO8="}},"Oka7fOwspDJDoR/2we+EV9D0pkH3kK1mEQOffGH+MJ4=":{"valueMac":{"type":"Buffer","data":"rN+BjiQ4iRYk3+cAgw/iXi50M5WopbjyEv8KR9AO/nA="}}}}