{"version":1,"hash":{"type":"Buffer","data":"7aoVuGl/8CoUcrLUas1ZfOuHT8qW5J4r6SHgzeKxeJ/1l3Xi2XpEoJt2J8DYS7M6GyXhWvs1cEjAVReTVTeHTVS00qJqi9BD2720MgOJXUbxMFm/oCJTd8prpS80UEMN7v/iQLbfTyG0IYf6EwLT983Y8lPtUyAYUziqGd/cjj8="},"indexValueMap":{"v+J7xS9qb9pH4ufo8XKMnLoZNxLBYr/kEPjObEFIkaA=":{"valueMac":{"type":"Buffer","data":"1RwGMMqGY1GfBugazNNeHurAVjgQJLyDYoDk16r1q+k="}},"obvAyxS4AypqupD3RxYqtaNhcs0ePCXkkDC+SE6yLSk=":{"valueMac":{"type":"Buffer","data":"YOP6uPDJZk4IpArLqNWFIWoWdDyoYukI+RHbpETVRnQ="}},"Gc1uuiJSg1Bq6LVIvS6EkPNaUaSRfwIWfikLr/KqosY=":{"valueMac":{"type":"Buffer","data":"/7KDEM0gtUHx4OVexrhYbZFnMoorHYWbhjP1/bBjhZM="}},"3/JoIhcTdDj+0QukT6/T1w5OSajsGbct5762URYJ5Is=":{"valueMac":{"type":"Buffer","data":"m7Kk+agFAY1cX+EEX0gjnoRf1g+QEYTOG9jagAdgoJ4="}},"dc9n1hTWKIBOz+Nq0kWBNMR/RsS8Aij0ykb/sYb0DW4=":{"valueMac":{"type":"Buffer","data":"SDeEK1FIw3H0Jujn/1A90xuuz/uaVe4PzCMJZtibi5w="}},"CTP8SOlWa+QfPVjvRxIcEGrSKczXBKmAQjweO9nny/I=":{"valueMac":{"type":"Buffer","data":"PtKdDtHbMelKGzemRvb9MaXa0tca4O81ovll9whnvro="}},"zAb5jkGN23t1vnD3bpN+BLGNwtoLKnDfvQDPMwjzaaU=":{"valueMac":{"type":"Buffer","data":"y2CX54yrSn/isJUqiCfTrSgiid5NIyZaqrLQhrzMh2Y="}},"BXQH63yIvnTkRV8K9ayofjS9y/2rEr9jVyKgNwrJufU=":{"valueMac":{"type":"Buffer","data":"pilFMxum1Mln2XJf/DuxbUDEFZdEPMkLqp7DiDpbrHo="}}}}