{"version":2,"hash":{"type":"Buffer","data":"+QkRkA7lvtgrrWEftWAov3Y0x7uPWB9o7nkXfrsD+2mJzTHnx/RYJ6MG0YGUqihwTibhylxGovRcfErnV2B3VzwQgRSBp7a9XudB3A8LqEMQW7Ui/KVykkNaxKh7iyLvD3GayLdLPq1rEyeHY3bfBWQ7uunt2Yt1d2LbbFn2cz0="},"indexValueMap":{"Yp4E5VTM+dhny96LiOmoIvI28QrgQW5xNc8cYjwRy4E=":{"valueMac":{"type":"Buffer","data":"3FEFFdbFOaiouVr/V7NS8/6Av+7UQFzdgJd9L8UmThw="}},"Ns733JkgK01+FbQvTrNnilH7GP3engJagxip2XN0Wt0=":{"valueMac":{"type":"Buffer","data":"FY74qqCQrgZCbbLElDA/sjGXxcrB3Tcyr4W0QvoJBEo="}},"ENracC2bArQEju6LRS6vor7p6L3VzpwX972JzMROPrk=":{"valueMac":{"type":"Buffer","data":"+lSxySqLyeqwE4NERH87WNCMBodq3VQ/fZlc+cx66DI="}},"Vp6GhbhinmAkzDLb4PN5GEazZ+a3S2SlX5CuMurUYAg=":{"valueMac":{"type":"Buffer","data":"LDFDx0m1KaTS8xDsYpPoWw2veKQOHGB/yBULLBw7aYo="}},"nmCrtiLmgfSgHVO26OBYARUEik8lKPc8h70Mj2R5PX0=":{"valueMac":{"type":"Buffer","data":"yCNDe/B99vhuZq7eetjkFHBNjWpMPd5tQHKQeMy9u7k="}},"+9i0pI0QzClZ3WufWiv4WdIPuUCCVE/UkBkTQ5OgNcg=":{"valueMac":{"type":"Buffer","data":"ko0GfllcNnujtArxQKqg54llQzzch+lKYwXtUG54Z58="}},"7q96Ed7P6PnB187D8UBWhmV4ihu3Im2yeKymY73AAkE=":{"valueMac":{"type":"Buffer","data":"LXfG/t/h6R9sz5QEIxjvZwso2ud60jsofK3Oc3IIhfg="}}}}