{"version":1,"hash":{"type":"Buffer","data":"7zOqBwYfO+mtlOgDTj5VEJC2wsqQT7/UzxAbqSNmR2CEE8iPZC9dBdk7QuPrf6Yd6ViHwzSGtE+MS1HLzsADsknZgkkKAN/Acfoc8jtC1dapVy8I/taAnSjXv2k+gxjshDBtv2Iql9jFCs71uIQUl4dKs6c9BgdPm/Ym0lpPP1Q="},"indexValueMap":{"TTzWAkxkcv0H7D246AoF1NhfCeoOdq0rH5QhGc6ZnHA=":{"valueMac":{"type":"Buffer","data":"mI0wpy/n9+4bh8AxkjyDLXAoG6JYRprBBqxQ/8t90fk="}},"vU1bBHypMJ+efzITJUi8wKbS2lNFIXjwIpRBi4JF4dA=":{"valueMac":{"type":"Buffer","data":"E2pkjOhDnCg2KFOcyGQKNtlELhGdR1F5iTS60njYZfY="}},"jMy8wCKcswIRVtIJ+s/0xwpg+lCT4jyETC6jTvQp41M=":{"valueMac":{"type":"Buffer","data":"K7X7x4V2NU/Z8vDd5sThQ8KF3QapwoDttSr52nIA0/0="}},"A8jZz2n7XwmyKVJeIlOSdkGkMvUZGiR9skeCxIkN48g=":{"valueMac":{"type":"Buffer","data":"ssVZnS5cFLQjlKqtNzuD/aavuWmwOMFdKGSLl1qvT2Q="}},"l1ZpewjrrTutLxZNRCHCKJL6SxG2J01KN6/NDKtryfs=":{"valueMac":{"type":"Buffer","data":"/6O1M3s8fB339oJnf0YwupFV3rOCMfzGfN3UjdHbkmc="}},"nVcRqamf4w1zuqEeedXuezZo5uPqFptWdjWh0b6HLS8=":{"valueMac":{"type":"Buffer","data":"M7feFov5SL+5f85U9p30d76OLia0R2qwYxzal8Ez9B8="}},"RlFn/MGLMzmv/XhBjQ7g5yzZqB1wiOL7S5Sp9edcEL8=":{"valueMac":{"type":"Buffer","data":"ISuJhNyhlsgfyWcqDkMKbWOfDRffq/DTS61HHnDD1Wg="}}}}