{"noiseKey":{"private":{"type":"Buffer","data":"WMSCzej2D8kRP0c6h30bz9aw8nSdN+t3XevbFIw16GA="},"public":{"type":"Buffer","data":"TlNp/WSKuwCLhLnDy3sscgKbmqp+5OBl53r+YC/iUG4="}},"pairingEphemeralKeyPair":{"private":{"type":"Buffer","data":"yHIbG+0eNIUQDeVfk7VJkHfR8tetJ7C9a5B/DKAofnI="},"public":{"type":"Buffer","data":"ZXzjOxr9/X8boLs6TFB8GGZj0w1UosgM6MVVsaVmwgY="}},"signedIdentityKey":{"private":{"type":"Buffer","data":"cHX2fVyUMbdroC17T2aNCaM72+O/FA5Ms6g6u1lLKVE="},"public":{"type":"Buffer","data":"0uSk5wguh5UQ+VvlkDQkYv9YDMQhcB2IFulW+G7hFDo="}},"signedPreKey":{"keyPair":{"private":{"type":"Buffer","data":"+F6XXRcstRJ0moq+943ubXYtfIF7PVH2kBtI66Q3O1g="},"public":{"type":"Buffer","data":"YINV6t0L35rAhDZxOCmx6k96xmnG1+QjhfqsEfM7XGY="}},"signature":{"type":"Buffer","data":"hncPt/iudeFOiFy/5zYzH4K1R3qQNOvgPN+vEV2XmB7U3Rb/BdoMVdspPFOfXZPRioKAGcSaWTMj/O+rCvuvCg=="},"keyId":1},"registrationId":184,"advSecretKey":"1NbK2nfAOcMffe4IGnYAII8sBcszI7x/t2ry4YFqFEs=","processedHistoryMessages":[{"key":{"remoteJid":"2347048676318@s.whatsapp.net","fromMe":true,"id":"67DCD22DB7832C9729A7CE26025DC470"},"messageTimestamp":1746644820},{"key":{"remoteJid":"2347048676318@s.whatsapp.net","fromMe":true,"id":"136215FE345A84C46CDEDD38146BA188"},"messageTimestamp":1746644820},{"key":{"remoteJid":"2347048676318@s.whatsapp.net","fromMe":true,"id":"BACF0A763BD5059C59B1D3175BF38CBC"},"messageTimestamp":1746644903},{"key":{"remoteJid":"2347048676318@s.whatsapp.net","fromMe":true,"id":"A7AF37995384E5E8EC6008F8A4884BBA"},"messageTimestamp":1746644973}],"nextPreKeyId":31,"firstUnuploadedPreKeyId":31,"accountSyncCounter":1,"accountSettings":{"unarchiveChats":false},"registered":false,"account":{"details":"CN2CtP4CEMTe7sAGGAEgACgA","accountSignatureKey":"YLogfAHCIX0DNDPi+UXL1YXKQruLSKwi6GdxJWjZfXo=","accountSignature":"u6jnk0l9OB0iUjgwWt0y+epV+jYZz3/FuBqx13Mhyw3hokLoAA700+LR8d9wkNonCwH/GBUCKKBQQoxhACqcAA==","deviceSignature":"XdN6r5h07GXAKo2qqhNljPXXcOnHjMLhSZMkHdpx2zkaSTDrcoKypLkEKUlLrs9nTr5UT9+MyXnax99ZqFwdBw=="},"me":{"id":"2347048676318:28@s.whatsapp.net","lid":"55032053526716:28@lid","name":"TonnaBot 2.0"},"signalIdentities":[{"identifier":{"name":"2347048676318:28@s.whatsapp.net","deviceId":0},"identifierKey":{"type":"Buffer","data":"BWC6IHwBwiF9AzQz4vlFy9WFykK7i0isIuhncSVo2X16"}}],"platform":"android","routingInfo":{"type":"Buffer","data":"CAsIBQ=="},"lastAccountSyncTimestamp":1746644815,"lastPropHash":"2G4Amu","myAppStateKeyId":"AAAAAA9L"}