{"noiseKey":{"private":{"type":"Buffer","data":"SKO08MzEmZI3wbyKzNV0i/OkrSs1M7DdzYM60s3UR2g="},"public":{"type":"Buffer","data":"778mq04UpIoCM+rwxwmNiOXMRVo4KZS9iF/hfzGItWk="}},"pairingEphemeralKeyPair":{"private":{"type":"Buffer","data":"QMbtcDvZgfkqNsB9Ft7GluJnt2NRqQdJnZt7UC6kh24="},"public":{"type":"Buffer","data":"oG5MGB0Fm/wmQNxdNIlDWoQhBwVQZCeeNUTVmK342iI="}},"signedIdentityKey":{"private":{"type":"Buffer","data":"OEoznVG/dA6bpt6ZFyACKql//uGtW4b1wfyPlpsd7Xs="},"public":{"type":"Buffer","data":"ByepPEcOBhIjiyUWK752/NXn/FLdzflkvL8246yFqio="}},"signedPreKey":{"keyPair":{"private":{"type":"Buffer","data":"QILjXjDBngrKiCrd/x1rSTpr1/Uu1VGKCQLTotoD20w="},"public":{"type":"Buffer","data":"GCMUkp215HYjZQ6ACbUvjMm0YD0uqlQ5nFlIjxg76G0="}},"signature":{"type":"Buffer","data":"LCGK3M7As9cmN4vTxYHP5T+RX5JopXpCe83LOcGY3wIdGDPUVIlROjKAE14MP0hi7K9Tc/VKKoqqUlSu98E9BA=="},"keyId":1},"registrationId":85,"advSecretKey":"R1m55fLCl0GLDQc9Ms4cnPYgz4M+feUr3ItpPxAznOM=","processedHistoryMessages":[],"nextPreKeyId":1,"firstUnuploadedPreKeyId":1,"accountSyncCounter":0,"accountSettings":{"unarchiveChats":false},"registered":false,"account":{"details":"COjN6ZEBEPGNlsIGGAEgACgA","accountSignatureKey":"3y5OUeEWk1vYAbMASLH+efKw4HyBY0zo2s1Mj0vkeSA=","accountSignature":"ikuLhK5YLyQV1athHck+L2h8NbtypyewAxzJlbB3bLzHq3LUyIr/dbzKVYV6ZxM8EDt8pZLBO/hFkQWg1Ox5Bg==","deviceSignature":"NdCY0K5ObroXftnV9gUKX3b/ZvMsUaa29C2cJaXXdT3CpnkrM6OccLBJHVhQouyrB7vdfKggBEJHoL9CqTPyAw=="},"me":{"id":"2348105386267:8@s.whatsapp.net"},"signalIdentities":[{"identifier":{"name":"2348105386267:8@s.whatsapp.net","deviceId":0},"identifierKey":{"type":"Buffer","data":"Bd8uTlHhFpNb2AGzAEix/nnysOB8gWNM6NrNTI9L5Hkg"}}],"platform":"android"}