{"noiseKey":{"private":{"type":"Buffer","data":"SHDPQDHMriSrDaGs6JFuQ34u9/fMU6qCiIEl44aXiGs="},"public":{"type":"Buffer","data":"hCkUKEGH6o7Ux9o+3vgQTtsMEsY9dXujkz/EGINRkWY="}},"pairingEphemeralKeyPair":{"private":{"type":"Buffer","data":"OIQQRoSmW6dpgyua0WdeE9O+g701djQiWjnbAx76HWk="},"public":{"type":"Buffer","data":"dB8wRsrEgaRu7x9NaCFLjBUUNRoUCxGDyVdP5LEdxTs="}},"signedIdentityKey":{"private":{"type":"Buffer","data":"wIZZ6vvIlADmiLu4jp83LL7NHPIb3CLB4bDh4KlBVm0="},"public":{"type":"Buffer","data":"XrjMDMQ5n0ozxI64vJ47/pmSpPYZHbNJc59bAewDKVY="}},"signedPreKey":{"keyPair":{"private":{"type":"Buffer","data":"qLd3akymRpZGpmj3t+Cg5CjUjiNKlDWYu9YdkdKV1m4="},"public":{"type":"Buffer","data":"nNmi5J3O5Z5UoV9xpNg6cQCYj2SsHFSWvP+ys366oyc="}},"signature":{"type":"Buffer","data":"2kt+0YK79ts5M+L5TCDnkZ/bCi88ibpea/JnEse1h6vc2beZBNK3qBqLJ1rZ+m1EBHESBuLatje6ahZBxHJAgA=="},"keyId":1},"registrationId":21,"advSecretKey":"JHntWqp6lwtA7YZ9jUXlc/i1CvWVGLEUN1Mg8JUdS8A=","processedHistoryMessages":[{"key":{"remoteJid":"2347048676318@s.whatsapp.net","fromMe":true,"id":"B680644257F10B2AABD2985EFD5D5167"},"messageTimestamp":1746706025},{"key":{"remoteJid":"2347048676318@s.whatsapp.net","fromMe":true,"id":"788DA1D2240816F4C0ABA5FA1D4CC97C"},"messageTimestamp":1746706025}],"nextPreKeyId":65,"firstUnuploadedPreKeyId":65,"accountSyncCounter":1,"accountSettings":{"unarchiveChats":false},"registered":false,"account":{"details":"COCCtP4CENm88sAGGAIgACgA","accountSignatureKey":"YLogfAHCIX0DNDPi+UXL1YXKQruLSKwi6GdxJWjZfXo=","accountSignature":"nQZMEuUpqr7J2KgdvqQyOkHcVZEkfI4A4v4itbaF4Hg1oDgPDPgnubMB6QNL2LOQKF6Omxh6aMfXq988jFpeDw==","deviceSignature":"pH+iyXmc9fbixjjRse8Gd1pVazRXHplbqjPoXJlh9vY0tRzcBardcrB5132spbqa7xp9mFIeiqwPMWOw/2ctig=="},"me":{"id":"2347048676318:33@s.whatsapp.net","lid":"55032053526716:33@lid","name":"TonnaBot 2.0"},"signalIdentities":[{"identifier":{"name":"2347048676318:33@s.whatsapp.net","deviceId":0},"identifierKey":{"type":"Buffer","data":"BWC6IHwBwiF9AzQz4vlFy9WFykK7i0isIuhncSVo2X16"}}],"platform":"android","routingInfo":{"type":"Buffer","data":"CAsIBQ=="},"lastAccountSyncTimestamp":1746710810,"lastPropHash":"2G4Amu","myAppStateKeyId":"AAAAAMag"}