[{"senderKeyId":987605617,"senderChainKey":{"iteration":1,"seed":"ObwsxwQYM9zzd6jFqTV4NcO2AUCn+9DxyMrvQNRhBec="},"senderSigningKey":{"public":"BXYHPbBociilmUzCeBO5ZT7Fl/fERb1mEk04SXqmyNtZ"},"senderMessageKeys":[]},{"senderKeyId":1319587111,"senderChainKey":{"iteration":2,"seed":"/ZEOaOOhrCJu/1TT1kTzFxgp2EwubnUQC9kcmirNeXU="},"senderSigningKey":{"public":"BTKA2qcxuLGn+f3WDBXewqLjSFpcp3s5HNUiVzGh0Ade"},"senderMessageKeys":[]},{"senderKeyId":343830777,"senderChainKey":{"iteration":2,"seed":"md/Sphw46A3TEy5NwJx2iGNmydnJKPBsCqx++T0r5so="},"senderSigningKey":{"public":"BXIZlnuisiYcjLSrsNaA/QuTITCBaOGFERkvWzOjjldj"},"senderMessageKeys":[]}]