[{"senderKeyId":997750768,"senderChainKey":{"iteration":1,"seed":"x9xQFAG5u6aJ1daMzTsO9WtSC1LIdhUyCKgpE1OSgS4="},"senderSigningKey":{"public":"BehVn1SVG4rcij47uQao7ISbPgSal3rGc0F9M/94JsRg"},"senderMessageKeys":[]},{"senderKeyId":517671407,"senderChainKey":{"iteration":1,"seed":"l9zlKC8enOumRUB8tI/C4ayHMqAtG+0pxvwG8tP5lFI="},"senderSigningKey":{"public":"BcNOzqCzbcm75/BdxYtXWrC8OwflxL3rXLeD9lK+wQ5c"},"senderMessageKeys":[]},{"senderKeyId":142327761,"senderChainKey":{"iteration":1,"seed":"tNwpLunW/GsagcFQ0oS1SsEaUzSnvDLDY82iKGMkTxY="},"senderSigningKey":{"public":"BXUPIwTmuO0AVhPcE55rW8tURXxijSkoi254m3B+b+hP"}}]