[{"senderKeyId":67370585,"senderChainKey":{"iteration":8,"seed":"Buornx6+9Xt7ZyRl5RJuCU+x33191TeCDYTta5u2S4I="},"senderSigningKey":{"public":"BdmTH4u2u4TtZCAgvSC1yTeYZ+mwGtLiaPZ2OvsOGzRn"},"senderMessageKeys":[{}]},{"senderKeyId":711325317,"senderChainKey":{"iteration":2,"seed":"bB0fqhxJ1m0XsRWShIPKGH2UduVVYj3HVJJ372ISO40="},"senderSigningKey":{"public":"BdmF92AYbO3nvvp/3t5mnCQAjC1eRv2ySl8WaQF7U6pf"},"senderMessageKeys":[]},{"senderKeyId":2094369843,"senderChainKey":{"iteration":1,"seed":"1BUMSJ0C7GWh+3r+x9d4AjkNvWRyk7Ff8sELGAuflo0="},"senderSigningKey":{"public":"Be0SI3Yei3uREEhgSdf4korWBIYSf9SF7Wwe0stJNU0f"},"senderMessageKeys":[]}]