[{"senderKeyId":1114457786,"senderChainKey":{"iteration":0,"seed":"IXPz+YbIXcZHbMdnwJ9gSJkmQTFdlYKTH8p3tpdywk4="},"senderSigningKey":{"public":"BQ4aYpEQiPjQeNDdCxtWZTG/g68cy6Fc9vNJ+lHO20Za"},"senderMessageKeys":[]},{"senderKeyId":1756473732,"senderChainKey":{"iteration":2,"seed":"IPvzGcvIxh2pcWQ9oV3Xcnfj3/dKqTXRgD9wIMM9L3I="},"senderSigningKey":{"public":"BVSiOi0whIz00rmr3+l55gcWHhUPHy2j4DkswA21Woki"},"senderMessageKeys":[]},{"senderKeyId":1585553246,"senderChainKey":{"iteration":12,"seed":"xnq5UCbd4NhMhvNPE9Q2xZgrzaEuino0hjL+WC/WonE="},"senderSigningKey":{"public":"BdAJkxmCPKeZdLZoJnwXwvO4pgV8ORHMrkI7+KFAIMoo"},"senderMessageKeys":[]}]