{"2348107056487@s.whatsapp.net":true,"2348136013600@s.whatsapp.net":true,"2347016338491@s.whatsapp.net":true,"2348028636485@s.whatsapp.net":true,"2347048676318@s.whatsapp.net":true,"2347072205133@s.whatsapp.net":true,"2347072205133:5@s.whatsapp.net":true,"2347072205133:6@s.whatsapp.net":true,"2347072205133:7@s.whatsapp.net":true,"2348120678445@s.whatsapp.net":true,"2349122389301@s.whatsapp.net":true,"2347032163495@s.whatsapp.net":true,"2349113695937@s.whatsapp.net":true,"2349113695937:5@s.whatsapp.net":true,"233538998991@s.whatsapp.net":true,"2347053010794@s.whatsapp.net":true,"233541355082@s.whatsapp.net":true,"233594362976@s.whatsapp.net":true,"233555938582@s.whatsapp.net":true,"242068574628@s.whatsapp.net":true,"212782745209@s.whatsapp.net":true,"233532818925@s.whatsapp.net":true,"233540883106@s.whatsapp.net":true,"22373882582@s.whatsapp.net":true,"233256478642@s.whatsapp.net":true,"233559663267@s.whatsapp.net":true,"2348130801404@s.whatsapp.net":true,"233553252154@s.whatsapp.net":true,"233506007584@s.whatsapp.net":true,"2348055715751@s.whatsapp.net":true,"233592862155@s.whatsapp.net":true,"2348061468186@s.whatsapp.net":true,"2348148857402@s.whatsapp.net":true,"2348148857402:1@s.whatsapp.net":true,"2349013086849@s.whatsapp.net":true,"233534775392@s.whatsapp.net":true,"919453333399@s.whatsapp.net":true,"233546537731@s.whatsapp.net":true,"233500547799@s.whatsapp.net":true,"233557265936@s.whatsapp.net":true,"2347013781462@s.whatsapp.net":true,"233535531635@s.whatsapp.net":true,"233530402274@s.whatsapp.net":true,"2349073483451@s.whatsapp.net":true,"2349152671337@s.whatsapp.net":true,"2349168791959@s.whatsapp.net":true,"48699555547@s.whatsapp.net":true,"22571528343@s.whatsapp.net":true,"233538971671@s.whatsapp.net":true,"233536889509@s.whatsapp.net":true,"244951967104@s.whatsapp.net":true,"260952180557@s.whatsapp.net":true,"233257352333@s.whatsapp.net":true,"2349053079392@s.whatsapp.net":true,"917076155812@s.whatsapp.net":true,"27844787060@s.whatsapp.net":true,"233274323081@s.whatsapp.net":true,"255763567362@s.whatsapp.net":true,"233599757298@s.whatsapp.net":true,"233596594263@s.whatsapp.net":true,"233543544289@s.whatsapp.net":true,"2348134762343@s.whatsapp.net":true,"233205345877@s.whatsapp.net":true,"233556312268@s.whatsapp.net":true,"233533304670@s.whatsapp.net":true,"233532066319@s.whatsapp.net":true,"233534761356@s.whatsapp.net":true,"2349059265863@s.whatsapp.net":true,"233555662784@s.whatsapp.net":true,"2348106902752@s.whatsapp.net":true,"233267780198@s.whatsapp.net":true,"2348062797401@s.whatsapp.net":true,"2348062797401:19@s.whatsapp.net":true,"233249876173@s.whatsapp.net":true,"254762279449@s.whatsapp.net":true,"233531855744@s.whatsapp.net":true,"233256863134@s.whatsapp.net":true,"233530353671@s.whatsapp.net":true,"233530353671:5@s.whatsapp.net":true,"233598328477@s.whatsapp.net":true,"255682510894@s.whatsapp.net":true,"919778565966@s.whatsapp.net":true,"919778565966:1@s.whatsapp.net":true,"255689581589@s.whatsapp.net":true,"2347036498533@s.whatsapp.net":true,"233556230018@s.whatsapp.net":true,"233543791113@s.whatsapp.net":true,"233595594004@s.whatsapp.net":true,"233245944777@s.whatsapp.net":true,"254742879727@s.whatsapp.net":true,"233506438146@s.whatsapp.net":true,"19178921997@s.whatsapp.net":true,"2349027341865@s.whatsapp.net":true,"233545302045@s.whatsapp.net":true,"447990961762@s.whatsapp.net":true,"923341729961@s.whatsapp.net":true,"233205600618@s.whatsapp.net":true,"233205600618:8@s.whatsapp.net":true,"923428800165@s.whatsapp.net":true,"94776845499@s.whatsapp.net":true,"255698519233@s.whatsapp.net":true,"255698519233:9@s.whatsapp.net":true,"255698519233:10@s.whatsapp.net":true,"233540928273@s.whatsapp.net":true,"233257844200@s.whatsapp.net":true,"2349125199202@s.whatsapp.net":true,"233533387137@s.whatsapp.net":true,"233242174131@s.whatsapp.net":true,"2347048104876@s.whatsapp.net":true,"27678576241@s.whatsapp.net":true,"34678029261@s.whatsapp.net":true,"2347047162703@s.whatsapp.net":true,"233247945932@s.whatsapp.net":true,"2348125733309@s.whatsapp.net":true,"233530793161@s.whatsapp.net":true,"18687031285@s.whatsapp.net":true,"233538725772@s.whatsapp.net":true,"233536752950@s.whatsapp.net":true,"233546968173@s.whatsapp.net":true,"233534973840@s.whatsapp.net":true,"233256653676@s.whatsapp.net":true,"2348144066553@s.whatsapp.net":true,"917566682461@s.whatsapp.net":true,"2347010120534@s.whatsapp.net":true,"233536634913@s.whatsapp.net":true,"233535906239@s.whatsapp.net":true,"233535906239:1@s.whatsapp.net":true,"233532529485@s.whatsapp.net":true,"2348138942929@s.whatsapp.net":true,"233598689592@s.whatsapp.net":true,"62814120646379@s.whatsapp.net":true,"32465256043@s.whatsapp.net":true,"233536269850@s.whatsapp.net":true,"233543263238@s.whatsapp.net":true,"22377640125@s.whatsapp.net":true,"233596221112@s.whatsapp.net":true,"233256482553@s.whatsapp.net":true,"233550444823@s.whatsapp.net":true,"2347089851345@s.whatsapp.net":true,"2348139305436@s.whatsapp.net":true,"233509730133@s.whatsapp.net":true,"233509730133:3@s.whatsapp.net":true,"233541249612@s.whatsapp.net":true,"254757028574@s.whatsapp.net":true,"27734717273@s.whatsapp.net":true,"233534459772@s.whatsapp.net":true,"2348168217426@s.whatsapp.net":true,"2349117053245@s.whatsapp.net":true,"27614075612@s.whatsapp.net":true,"27614075612:2@s.whatsapp.net":true,"233531681735@s.whatsapp.net":true,"2348168373347@s.whatsapp.net":true,"50378923537@s.whatsapp.net":true,"2349134263275@s.whatsapp.net":true,"233593998892@s.whatsapp.net":true,"233558801367@s.whatsapp.net":true,"233546272555@s.whatsapp.net":true,"447944333941@s.whatsapp.net":true,"2349064235971@s.whatsapp.net":true,"233538092036@s.whatsapp.net":true,"233535063466@s.whatsapp.net":true,"233204694601@s.whatsapp.net":true,"233532509562@s.whatsapp.net":true,"2347076473849@s.whatsapp.net":true,"233596095693@s.whatsapp.net":true,"233532320985@s.whatsapp.net":true,"2348114310953@s.whatsapp.net":true,"2349068895440@s.whatsapp.net":true,"233242336559@s.whatsapp.net":true,"233593515271@s.whatsapp.net":true,"233599514299@s.whatsapp.net":true,"4915735492774@s.whatsapp.net":true,"50935352310@s.whatsapp.net":true,"244950856081@s.whatsapp.net":true,"17165037826@s.whatsapp.net":true,"233532648054@s.whatsapp.net":true,"233534123990@s.whatsapp.net":true,"27631513851@s.whatsapp.net":true,"233535430288@s.whatsapp.net":true,"233591022686@s.whatsapp.net":true,"254784995226@s.whatsapp.net":true,"2348020961217@s.whatsapp.net":true,"61494345249@s.whatsapp.net":true,"233536006901@s.whatsapp.net":true,"2349163974127@s.whatsapp.net":true,"233558624137@s.whatsapp.net":true,"233246506330@s.whatsapp.net":true,"2348072159881@s.whatsapp.net":true,"254745075433@s.whatsapp.net":true,"19197976689@s.whatsapp.net":true,"233599617445@s.whatsapp.net":true,"233553143784@s.whatsapp.net":true,"2347047922477@s.whatsapp.net":true,"233595200564@s.whatsapp.net":true,"233245842570@s.whatsapp.net":true,"2347068043108@s.whatsapp.net":true,"2349066320396@s.whatsapp.net":true,"233598362729@s.whatsapp.net":true,"447470696792@s.whatsapp.net":true,"447470696792:25@s.whatsapp.net":true,"2349163929054@s.whatsapp.net":true,"2348126550305@s.whatsapp.net":true,"233554963750@s.whatsapp.net":true,"233554963750:5@s.whatsapp.net":true,"233257064212@s.whatsapp.net":true,"6285702577152@s.whatsapp.net":true,"233531550144@s.whatsapp.net":true,"2348133142235@s.whatsapp.net":true,"255625980883@s.whatsapp.net":true,"233599135742@s.whatsapp.net":true,"919539532091@s.whatsapp.net":true,"22352188494@s.whatsapp.net":true,"34627659745@s.whatsapp.net":true,"233241974464@s.whatsapp.net":true,"2349061275321@s.whatsapp.net":true,"2349061583219@s.whatsapp.net":true,"233594927422@s.whatsapp.net":true,"2348063682778@s.whatsapp.net":true,"233202321954@s.whatsapp.net":true,"37259842394@s.whatsapp.net":true,"233536347194@s.whatsapp.net":true,"233535539910@s.whatsapp.net":true,"233539163036@s.whatsapp.net":true,"233501714706@s.whatsapp.net":true,"233538144128@s.whatsapp.net":true,"22798448206@s.whatsapp.net":true,"919528342823@s.whatsapp.net":true,"254759637415@s.whatsapp.net":true,"2347073500215@s.whatsapp.net":true,"255698519845@s.whatsapp.net":true,"2348086107213@s.whatsapp.net":true,"233257686111@s.whatsapp.net":true,"233243874037@s.whatsapp.net":true,"2349044860338@s.whatsapp.net":true,"2348132001549@s.whatsapp.net":true,"233535746375@s.whatsapp.net":true,"2348100229065@s.whatsapp.net":true,"233534772654@s.whatsapp.net":true,"233594042030@s.whatsapp.net":true,"233542425054@s.whatsapp.net":true,"963946186108@s.whatsapp.net":true,"2348088037137@s.whatsapp.net":true,"255684338744@s.whatsapp.net":true,"255685643294@s.whatsapp.net":true,"2348076726010@s.whatsapp.net":true,"2349132795107@s.whatsapp.net":true,"2349132795107:5@s.whatsapp.net":true,"2349132795107:11@s.whatsapp.net":true,"2349132795107:19@s.whatsapp.net":true,"233503617713@s.whatsapp.net":true,"27814553763@s.whatsapp.net":true,"233502857911@s.whatsapp.net":true,"2348086343838@s.whatsapp.net":true,"923049940959@s.whatsapp.net":true,"233536929005@s.whatsapp.net":true,"2348109809671@s.whatsapp.net":true,"255656027773@s.whatsapp.net":true,"255673280374@s.whatsapp.net":true,"37259842382@s.whatsapp.net":true,"233276481441@s.whatsapp.net":true,"233558100110@s.whatsapp.net":true,"233536469683@s.whatsapp.net":true,"242061958341@s.whatsapp.net":true,"8618163655219@s.whatsapp.net":true,"233245838564@s.whatsapp.net":true,"233595192681@s.whatsapp.net":true,"233552092857@s.whatsapp.net":true,"233552092857:44@s.whatsapp.net":true,"233552092857:46@s.whatsapp.net":true,"233550380106@s.whatsapp.net":true,"2348058943452@s.whatsapp.net":true,"923328530541@s.whatsapp.net":true,"233534629715@s.whatsapp.net":true,"233504040185@s.whatsapp.net":true,"255674880549@s.whatsapp.net":true,"255681753942@s.whatsapp.net":true,"255657138838@s.whatsapp.net":true,"233257946199@s.whatsapp.net":true,"233554369744@s.whatsapp.net":true,"233544704686@s.whatsapp.net":true,"2349162370187@s.whatsapp.net":true,"233532038870@s.whatsapp.net":true,"242065458187@s.whatsapp.net":true,"242065458187:1@s.whatsapp.net":true,"233537908941@s.whatsapp.net":true,"2348103102695@s.whatsapp.net":true,"2349032269940@s.whatsapp.net":true,"254757399509@s.whatsapp.net":true,"233536119908@s.whatsapp.net":true,"2349053078516@s.whatsapp.net":true,"233554071114@s.whatsapp.net":true,"233597253653@s.whatsapp.net":true,"233593539932@s.whatsapp.net":true,"2349069313521@s.whatsapp.net":true,"2349069313521:3@s.whatsapp.net":true,"233533084781@s.whatsapp.net":true,"233538043759@s.whatsapp.net":true,"233559827944@s.whatsapp.net":true,"233557243286@s.whatsapp.net":true,"233500066397@s.whatsapp.net":true,"233531609803@s.whatsapp.net":true,"233500540582@s.whatsapp.net":true,"919152842003@s.whatsapp.net":true,"23277501223@s.whatsapp.net":true,"243858943601@s.whatsapp.net":true,"233539059718@s.whatsapp.net":true,"919329025288@s.whatsapp.net":true,"233533555499@s.whatsapp.net":true,"233533555499:25@s.whatsapp.net":true,"2347078790364@s.whatsapp.net":true,"2347084917614@s.whatsapp.net":true,"233544728604@s.whatsapp.net":true,"2349042463569@s.whatsapp.net":true,"233257195223@s.whatsapp.net":true,"256727152433@s.whatsapp.net":true,"254788400241@s.whatsapp.net":true,"2348138040451@s.whatsapp.net":true,"263781539858@s.whatsapp.net":true,"233530730716@s.whatsapp.net":true,"258877973207@s.whatsapp.net":true,"2349118763357@s.whatsapp.net":true,"233538428844@s.whatsapp.net":true,"233599203084@s.whatsapp.net":true,"256744127086@s.whatsapp.net":true,"2348124805638@s.whatsapp.net":true,"233549132219@s.whatsapp.net":true,"233555819572@s.whatsapp.net":true,"2349035566271@s.whatsapp.net":true,"2349076781274@s.whatsapp.net":true,"23288055545@s.whatsapp.net":true,"23288055545:24@s.whatsapp.net":true,"233598658934@s.whatsapp.net":true,"233594501297@s.whatsapp.net":true,"233247731006@s.whatsapp.net":true,"37259842398@s.whatsapp.net":true,"233539704546@s.whatsapp.net":true,"2349160325887@s.whatsapp.net":true,"2349031167669@s.whatsapp.net":true,"233536726251@s.whatsapp.net":true,"233530867990@s.whatsapp.net":true,"233240949399@s.whatsapp.net":true,"233240949399:1@s.whatsapp.net":true,"917038130872@s.whatsapp.net":true,"233535103296@s.whatsapp.net":true,"233531701173@s.whatsapp.net":true,"233531701173:8@s.whatsapp.net":true,"254702283408@s.whatsapp.net":true,"254702283408:8@s.whatsapp.net":true,"233551133893@s.whatsapp.net":true,"233551133893:7@s.whatsapp.net":true,"2349044982732@s.whatsapp.net":true,"2348079040966@s.whatsapp.net":true,"34617594654@s.whatsapp.net":true,"233541526203@s.whatsapp.net":true,"2349167276332@s.whatsapp.net":true,"233551236611@s.whatsapp.net":true,"233557714213@s.whatsapp.net":true,"255677649337@s.whatsapp.net":true,"233597242077@s.whatsapp.net":true,"233257178360@s.whatsapp.net":true,"2348184186354@s.whatsapp.net":true,"254789992640@s.whatsapp.net":true,"2348126304823@s.whatsapp.net":true,"233538638429@s.whatsapp.net":true,"23279616110@s.whatsapp.net":true,"233274342972@s.whatsapp.net":true,"233274342972:42@s.whatsapp.net":true,"2348086423781@s.whatsapp.net":true,"233536557156@s.whatsapp.net":true,"2347050503189@s.whatsapp.net":true,"233543417231@s.whatsapp.net":true,"233598915568@s.whatsapp.net":true,"233591962396@s.whatsapp.net":true,"2348110927287@s.whatsapp.net":true,"233597391089@s.whatsapp.net":true,"2348144129358@s.whatsapp.net":true,"2349048089685@s.whatsapp.net":true,"233594907677@s.whatsapp.net":true,"6282197653234@s.whatsapp.net":true,"2348054143577@s.whatsapp.net":true,"233533666198@s.whatsapp.net":true,"233538410144@s.whatsapp.net":true,"233531184994@s.whatsapp.net":true,"233245252985@s.whatsapp.net":true,"233545812121@s.whatsapp.net":true,"2349039004921@s.whatsapp.net":true,"233597728068@s.whatsapp.net":true,"233549897328@s.whatsapp.net":true,"233546227623@s.whatsapp.net":true,"233598891822@s.whatsapp.net":true,"233547631647@s.whatsapp.net":true,"233544514789@s.whatsapp.net":true,"254706706996@s.whatsapp.net":true,"34627840526@s.whatsapp.net":true,"46769102488@s.whatsapp.net":true,"233545492982@s.whatsapp.net":true,"233536254648@s.whatsapp.net":true,"233531910983@s.whatsapp.net":true,"233538290163@s.whatsapp.net":true,"13159996121@s.whatsapp.net":true,"233508916058@s.whatsapp.net":true,"233592351593@s.whatsapp.net":true,"233599196745@s.whatsapp.net":true,"233550597743@s.whatsapp.net":true,"2349050562468@s.whatsapp.net":true,"233507327426@s.whatsapp.net":true,"233507327426:15@s.whatsapp.net":true,"27714252778@s.whatsapp.net":true,"233593999709@s.whatsapp.net":true,"233591405026@s.whatsapp.net":true,"233592799359@s.whatsapp.net":true,"233592799359:1@s.whatsapp.net":true,"2348166049674@s.whatsapp.net":true}