[{"senderKeyId":663643102,"senderChainKey":{"iteration":2,"seed":"JBvX0U25HtjxHnCmA96x9EoOLslw0+zhuMxvDaqJ954="},"senderSigningKey":{"public":"BYgWJwM6YHqRfc9acAzWruQlpIQoYA8rO5SNey0OX+Mu"},"senderMessageKeys":[]},{"senderKeyId":94591436,"senderChainKey":{"iteration":1,"seed":"reF07wEzMZqseEGARueFUjoz02cTMr2xtxlLgk745ow="},"senderSigningKey":{"public":"BfkStMzwclzt6xqvDNp7f+35VQKGalvVSV8Bok0MdJwD"},"senderMessageKeys":[]},{"senderKeyId":409442549,"senderChainKey":{"iteration":1,"seed":"gwRn/HDVnj1hhcuppsM9lkhlFEk36xCR1v5i//wl3+k="},"senderSigningKey":{"public":"BfgRcZ6Wlu2bD/CV8lbf3v3q9dtpLVaLXZZZYAZCAok5"},"senderMessageKeys":[]}]