{"_sessions":{"BRP7kn0EEwiCDPsMQrjd3GLVSpIajqSdFz+7m2IFYKFQ":{"registrationId":1746189619,"currentRatchet":{"ephemeralKeyPair":{"pubKey":"Bdr7WAIxNYDR97s3c1ovnBlV2uCyKbDSmuNsrBmKZ5A8","privKey":"kOpiYVRtA+k1vJ9ObtndcF+TiQf7sTd+vz4EjiPokmo="},"lastRemoteEphemeralKey":"BRRsle4gmgleM6HNWsHQ7BptkGjbHndyCfneQAStKJcK","previousCounter":0,"rootKey":"V92LCXk8sSEoN3GYnNR92fZl8rWFvp8hxyqh9P2fymE="},"indexInfo":{"baseKey":"BRP7kn0EEwiCDPsMQrjd3GLVSpIajqSdFz+7m2IFYKFQ","baseKeyType":1,"closed":-1,"used":1746645158654,"created":1746645158654,"remoteIdentityKey":"BdhVXgwNsIP8T94WK2RzWsxDABM4YRAjDtg0ghM9zqcG"},"_chains":{"Bdr7WAIxNYDR97s3c1ovnBlV2uCyKbDSmuNsrBmKZ5A8":{"chainKey":{"counter":0,"key":"KBrxdC+vx22cHSBQVu7TVBURn7LWjcN5Z9tKOYgDfIk="},"chainType":1,"messageKeys":{}}},"pendingPreKey":{"signedKeyId":14,"baseKey":"BRP7kn0EEwiCDPsMQrjd3GLVSpIajqSdFz+7m2IFYKFQ","preKeyId":15993738}}},"version":"v1"}