{"_sessions":{"BRNL0xkYi32ZomKUpHnSZNW5tZJimC/lBU5X1Ru4MsJn":{"registrationId":1682565494,"currentRatchet":{"ephemeralKeyPair":{"pubKey":"BUDt4MwuoeeGPiZ8Cuw875VhRA88fpvA/uguhIZySSgQ","privKey":"2NN2F9Ot9byYlOP98iLpOxW4wAAZCIW+GyCsuN/igWM="},"lastRemoteEphemeralKey":"BQzMmKcxIAnbmDqp8zymlUonMTP5t6OMUjPrP11k3sNg","previousCounter":0,"rootKey":"raor7jWhZqu5hJoBi3TNTyStPc+LF62aYAZdXf+uLCM="},"indexInfo":{"baseKey":"BRNL0xkYi32ZomKUpHnSZNW5tZJimC/lBU5X1Ru4MsJn","baseKeyType":1,"closed":1746627382226,"used":1746627362338,"created":1746627362338,"remoteIdentityKey":"BSQiLn4qVPEBduMfn0pA372SEs2a6K64BRzIfRoNZ+ZQ"},"_chains":{"BUDt4MwuoeeGPiZ8Cuw875VhRA88fpvA/uguhIZySSgQ":{"chainKey":{"counter":0,"key":"t3p8RdHMaSgeKAYiXZMneEJmMdYYew1VFHYky1JwRYs="},"chainType":1,"messageKeys":{}}},"pendingPreKey":{"signedKeyId":1,"baseKey":"BRNL0xkYi32ZomKUpHnSZNW5tZJimC/lBU5X1Ru4MsJn","preKeyId":13026156}},"BbLOpplm2e8XlRCjhP179XpkBWOxkx1S6iRQ8Zi9Kh0R":{"registrationId":1682565494,"currentRatchet":{"ephemeralKeyPair":{"pubKey":"BTRkUMr3Mr3W+/PoZ8x8pwWDuekjNxlIVgGX2oE+8/JG","privKey":"iJmhTUfXAkEUnd2HGLOi5R99qUJbRCg9SKwj3Z3D0U4="},"lastRemoteEphemeralKey":"BQzMmKcxIAnbmDqp8zymlUonMTP5t6OMUjPrP11k3sNg","previousCounter":0,"rootKey":"LDRKzBtfGh0ybJOXJdcXn/zusAca1ncfIX2ssQZVorQ="},"indexInfo":{"baseKey":"BbLOpplm2e8XlRCjhP179XpkBWOxkx1S6iRQ8Zi9Kh0R","baseKeyType":1,"closed":1746627404882,"used":1746627381766,"created":1746627381766,"remoteIdentityKey":"BSQiLn4qVPEBduMfn0pA372SEs2a6K64BRzIfRoNZ+ZQ"},"_chains":{"BTRkUMr3Mr3W+/PoZ8x8pwWDuekjNxlIVgGX2oE+8/JG":{"chainKey":{"counter":0,"key":"8vDQenEYqz9EpHus5W5mbSgpq6K3if/XubUstSwasj8="},"chainType":1,"messageKeys":{}}},"pendingPreKey":{"signedKeyId":1,"baseKey":"BbLOpplm2e8XlRCjhP179XpkBWOxkx1S6iRQ8Zi9Kh0R","preKeyId":13026338}},"BTFj/76OgFKPdvladSm52TotjZfpol41n85bVgFD16sC":{"registrationId":1682565494,"currentRatchet":{"ephemeralKeyPair":{"pubKey":"Be/wege7fOi3LGt73xxMMjn4FIRiRjHEv2yu5uqO71Iy","privKey":"qNpIYZSI5Co5nKNJCkSTInMPl9lmpIeljoIVN+LrNXA="},"lastRemoteEphemeralKey":"BQzMmKcxIAnbmDqp8zymlUonMTP5t6OMUjPrP11k3sNg","previousCounter":0,"rootKey":"MyjzyLomkSvKWotsqpzEr1aQMyNgXsWR0FE5Nu3RLfE="},"indexInfo":{"baseKey":"BTFj/76OgFKPdvladSm52TotjZfpol41n85bVgFD16sC","baseKeyType":1,"closed":-1,"used":1746627404571,"created":1746627404571,"remoteIdentityKey":"BSQiLn4qVPEBduMfn0pA372SEs2a6K64BRzIfRoNZ+ZQ"},"_chains":{"Be/wege7fOi3LGt73xxMMjn4FIRiRjHEv2yu5uqO71Iy":{"chainKey":{"counter":3,"key":"vyLq1oHAdvz9sn7xHfKPfaUs2aSF7TtrPwbuFd67ZNY="},"chainType":1,"messageKeys":{}}},"pendingPreKey":{"signedKeyId":1,"baseKey":"BTFj/76OgFKPdvladSm52TotjZfpol41n85bVgFD16sC","preKeyId":13026448}}},"version":"v1"}