{"_sessions":{"BbzJ2ZpJGWMujZNcrr1Ewt7kG3WGWnXU29aJJqPCnZAe":{"registrationId":1572631109,"currentRatchet":{"ephemeralKeyPair":{"pubKey":"BUp6yQph4Jo5ZiaGkpj94geBEfWjYos1f/Qqwss2coBC","privKey":"iHHXBvwHyJmyXR+DIwYZ3JUzmhdZ9JU1Y6NjzqCGz3s="},"lastRemoteEphemeralKey":"BbJ33CiW5haMhsULGuxvgZnvk1vvRMmkHGHLLbmGJhZs","previousCounter":0,"rootKey":"iHINDYKoldTvMm+gRw4OcAhdbIgj5+iZi1S32jhKV+U="},"indexInfo":{"baseKey":"BbzJ2ZpJGWMujZNcrr1Ewt7kG3WGWnXU29aJJqPCnZAe","baseKeyType":1,"closed":-1,"used":1746627450173,"created":1746627450173,"remoteIdentityKey":"BUNs0H2CF4q1UzJVQeZ0HT0EHslkDEUDPhnHgGs5Eck4"},"_chains":{"BUp6yQph4Jo5ZiaGkpj94geBEfWjYos1f/Qqwss2coBC":{"chainKey":{"counter":0,"key":"WIulMF3/n6FRbFGFU0FMHR3wv07WxfAkOmGtsBYcxXU="},"chainType":1,"messageKeys":{}}},"pendingPreKey":{"signedKeyId":1,"baseKey":"BbzJ2ZpJGWMujZNcrr1Ewt7kG3WGWnXU29aJJqPCnZAe","preKeyId":3287366}}},"version":"v1"}