{"_sessions":{"BYX/l2H4adL+zcL+8MzZJCW1VIom+Z2BYmh8kx44ZK9d":{"registrationId":66720105,"currentRatchet":{"ephemeralKeyPair":{"pubKey":"BeTGr/I4T9bbCcJWJidmXLm6Nrh+ZjsD6DZ7iQBBFCZc","privKey":"OAOKizUnUlgv06267g1GOeZtnnV3dBlBBzR9zFBwFmg="},"lastRemoteEphemeralKey":"BeUJFQMUR7SSw8FDkiABFnt5dzC63tuuLiwYH2TjXBoc","previousCounter":0,"rootKey":"a6RDdknHJoaniGiOAW9tlDgcO7fmNPf2GiZkNKsjhgU="},"indexInfo":{"baseKey":"BYX/l2H4adL+zcL+8MzZJCW1VIom+Z2BYmh8kx44ZK9d","baseKeyType":1,"closed":-1,"used":1746645070378,"created":1746645070378,"remoteIdentityKey":"BTIz+KuMP5ib5Lzv1xTceKciGYEbmsbunG19JqSoQtsj"},"_chains":{"BeTGr/I4T9bbCcJWJidmXLm6Nrh+ZjsD6DZ7iQBBFCZc":{"chainKey":{"counter":0,"key":"xpTchVYr3s73EYATRjJ5K5DSix/HWAxaknbL2+1k89E="},"chainType":1,"messageKeys":{}}},"pendingPreKey":{"signedKeyId":9,"baseKey":"BYX/l2H4adL+zcL+8MzZJCW1VIom+Z2BYmh8kx44ZK9d","preKeyId":3505855}}},"version":"v1"}