{"_sessions":{"BdbgZsQCwYfBcG1zsLoiI61b2rZRLBkC5gv6TD0OcyBk":{"registrationId":405859135,"currentRatchet":{"ephemeralKeyPair":{"pubKey":"BRmxoXPy0rYeHKoAyVwxwkIY7Sh3+LeV2xDXsIqLE8B4","privKey":"SNK0QILUtaoOts7jLrbATo3HI/V0uvocCSBcn//GyH8="},"lastRemoteEphemeralKey":"BRnqYFS9vQp/wJ3IIWv1mVMsj3/DPlcB/B8syMeoiXIe","previousCounter":0,"rootKey":"ZefiPmC/k7c/dBcHn7k+N/RIN+7l0s6pQX31TZyDdWQ="},"indexInfo":{"baseKey":"BdbgZsQCwYfBcG1zsLoiI61b2rZRLBkC5gv6TD0OcyBk","baseKeyType":1,"closed":-1,"used":1746645158873,"created":1746645158873,"remoteIdentityKey":"BTdpnZ8HmCTxmDNq55x1LqWRl1icvNwX2uSXiWYPhn99"},"_chains":{"BRmxoXPy0rYeHKoAyVwxwkIY7Sh3+LeV2xDXsIqLE8B4":{"chainKey":{"counter":0,"key":"uRAZDZIuIQHjJkSC6xEzX7NKNg5Viby4qgVpxIOowdM="},"chainType":1,"messageKeys":{}}},"pendingPreKey":{"signedKeyId":7,"baseKey":"BdbgZsQCwYfBcG1zsLoiI61b2rZRLBkC5gv6TD0OcyBk","preKeyId":14223799}}},"version":"v1"}