{"_sessions":{"BR9PATk5H3DI8GRFomADl9Zfnvs/AUGoKYwZ2oVPVp0K":{"registrationId":1656236737,"currentRatchet":{"ephemeralKeyPair":{"pubKey":"BVcNQEAirp8hxKIfaP6gHEROgOVUMLGbzMHWx5ErO1Eh","privKey":"4HkmpsZF+CwNecfkYh5WjqLhdZWOQ4U5StCy64VIzlo="},"lastRemoteEphemeralKey":"BeJbRdmeU8lqCSpvdUJHXCDH41ej8/uoWlbwPwqpcX1Q","previousCounter":0,"rootKey":"BW3K2lp54BywTHJ/w6m9xwIooD2OmxHVNTOROszbLMk="},"indexInfo":{"baseKey":"BR9PATk5H3DI8GRFomADl9Zfnvs/AUGoKYwZ2oVPVp0K","baseKeyType":1,"closed":-1,"used":1746645070123,"created":1746645070123,"remoteIdentityKey":"BYstoLbgUjVv7SbZLbDBZUZf7soJSCBWhQ/WQQXoH9xv"},"_chains":{"BVcNQEAirp8hxKIfaP6gHEROgOVUMLGbzMHWx5ErO1Eh":{"chainKey":{"counter":0,"key":"f2vUUycOjjippRuR2EbkRoty26L9H/WAislBc+RpPD8="},"chainType":1,"messageKeys":{}}},"pendingPreKey":{"signedKeyId":5,"baseKey":"BR9PATk5H3DI8GRFomADl9Zfnvs/AUGoKYwZ2oVPVp0K","preKeyId":9824484}}},"version":"v1"}