{"_sessions":{"Bb+Sge4BYB1UGnZ+7ezKdwzGqaHmm1tk8yQeRs++WAhq":{"registrationId":847483615,"currentRatchet":{"ephemeralKeyPair":{"pubKey":"BRG7A1IdFCERSa9EmCY3yi4wQRtyc6veGGE5eW87kzIG","privKey":"SKWUxd+rhEJj4Z4iGfO1MLElRuwNHEOrJUDGiZSG1kM="},"lastRemoteEphemeralKey":"BeEn5etEtnAxmvQ3+f0wsxNF8y0DxHsQIpp8kfESB556","previousCounter":0,"rootKey":"lb13vJOl0+mTkuQZXAV+xP5szNjMXrAOUeu95ieLdrU="},"indexInfo":{"baseKey":"Bb+Sge4BYB1UGnZ+7ezKdwzGqaHmm1tk8yQeRs++WAhq","baseKeyType":1,"closed":1746627386533,"used":1746627366061,"created":1746627366061,"remoteIdentityKey":"Ba7pBnpWyiemyl0J1WSodqYdl9O8WgYzfJTicjAyLcwU"},"_chains":{"BRG7A1IdFCERSa9EmCY3yi4wQRtyc6veGGE5eW87kzIG":{"chainKey":{"counter":0,"key":"8KhnpYg3CWQI+1uNNwoTgpNRRhHhcx44flNjDUNlTn8="},"chainType":1,"messageKeys":{}}},"pendingPreKey":{"signedKeyId":4,"baseKey":"Bb+Sge4BYB1UGnZ+7ezKdwzGqaHmm1tk8yQeRs++WAhq","preKeyId":669903}},"BVJq9QD9vbtMW6XjRxqV67JA6tJRucXXiifvVH8Cc6Rs":{"registrationId":847483615,"currentRatchet":{"ephemeralKeyPair":{"pubKey":"Ba0VoFTW8/r1nr88eSLyng61mLfaBCSuRIGz8IGRAVEz","privKey":"oHZL89JZTyPO6V0/t27jc1c11CHrvWc+Gx5KxffO5Uk="},"lastRemoteEphemeralKey":"BeEn5etEtnAxmvQ3+f0wsxNF8y0DxHsQIpp8kfESB556","previousCounter":0,"rootKey":"3N5kqinb8FV1/H8ht7HcyoIkKoOO6Xp+RS/4UYw3mPY="},"indexInfo":{"baseKey":"BVJq9QD9vbtMW6XjRxqV67JA6tJRucXXiifvVH8Cc6Rs","baseKeyType":1,"closed":1746627408753,"used":1746627386143,"created":1746627386143,"remoteIdentityKey":"Ba7pBnpWyiemyl0J1WSodqYdl9O8WgYzfJTicjAyLcwU"},"_chains":{"Ba0VoFTW8/r1nr88eSLyng61mLfaBCSuRIGz8IGRAVEz":{"chainKey":{"counter":0,"key":"RyYSTcCzAeqfpBFUfDsomwAx1g4BLu6j31il5whQJB8="},"chainType":1,"messageKeys":{}}},"pendingPreKey":{"signedKeyId":4,"baseKey":"BVJq9QD9vbtMW6XjRxqV67JA6tJRucXXiifvVH8Cc6Rs","preKeyId":670596}},"BcTDArtkmMWk3R47fWSpn5R8esHqP86/MyIagP1+o+4k":{"registrationId":847483615,"currentRatchet":{"ephemeralKeyPair":{"pubKey":"BZ1kIiBT+fR1IwluJPnj8CrNwvf8L0v46YlW57ftGZMu","privKey":"oFK5n7FrKQLESlho64WqvFLiIYR+QqY2XQsjngD32V4="},"lastRemoteEphemeralKey":"BeEn5etEtnAxmvQ3+f0wsxNF8y0DxHsQIpp8kfESB556","previousCounter":0,"rootKey":"ZtbpTbQuXx2vgCNwoCo6F2TLIJeV3PlqUjo+QDeHop4="},"indexInfo":{"baseKey":"BcTDArtkmMWk3R47fWSpn5R8esHqP86/MyIagP1+o+4k","baseKeyType":1,"closed":-1,"used":1746627408455,"created":1746627408455,"remoteIdentityKey":"Ba7pBnpWyiemyl0J1WSodqYdl9O8WgYzfJTicjAyLcwU"},"_chains":{"BZ1kIiBT+fR1IwluJPnj8CrNwvf8L0v46YlW57ftGZMu":{"chainKey":{"counter":3,"key":"TIpswe7hVehmelytnnAs5UX9e1XT0Fp4lNYmAq2lm6g="},"chainType":1,"messageKeys":{}}},"pendingPreKey":{"signedKeyId":4,"baseKey":"BcTDArtkmMWk3R47fWSpn5R8esHqP86/MyIagP1+o+4k","preKeyId":670586}}},"version":"v1"}