{"_sessions":{"BbYua9m3XtbJ3sd5qS70MIwmSrTlLDmsYo36/MfIZ5Fg":{"registrationId":351787282,"currentRatchet":{"ephemeralKeyPair":{"pubKey":"BSTWrYWVoex1Ud4ZIlw0frUjZ2p+PTdl6b0zM+FA8Dti","privKey":"gMnad6Y0or/rqxJK3zzSR4mMPfV1oovyeZXxf6OJrVw="},"lastRemoteEphemeralKey":"BV0O9yyukynJMYAxK+R7dADCCGGspgogLxEhzQae2D41","previousCounter":0,"rootKey":"R7pnGv3kDKgmpPJG1FjSjWmDWtRyVd+trwFyHAcVKXY="},"indexInfo":{"baseKey":"BbYua9m3XtbJ3sd5qS70MIwmSrTlLDmsYo36/MfIZ5Fg","baseKeyType":1,"closed":1746627386459,"used":1746627365796,"created":1746627365796,"remoteIdentityKey":"BS4dP6S0mHfnDc2BsJLYAyGHSFnkMIGZy2HubKTne+1J"},"_chains":{"BSTWrYWVoex1Ud4ZIlw0frUjZ2p+PTdl6b0zM+FA8Dti":{"chainKey":{"counter":0,"key":"QlhSuhLXjbr29lPKQff7ofAe0E59nW9fn3yFjtug9aA="},"chainType":1,"messageKeys":{}}},"pendingPreKey":{"signedKeyId":5,"baseKey":"BbYua9m3XtbJ3sd5qS70MIwmSrTlLDmsYo36/MfIZ5Fg","preKeyId":10449647}},"BccFJR4UU3sp66MR263L1F2BUtZGolnY+xc3s+AhB8V/":{"registrationId":351787282,"currentRatchet":{"ephemeralKeyPair":{"pubKey":"BU7dtIASAuEdIEQVc4OCMXacXjWsiV7CXEbsRw8UKv4Z","privKey":"iJ7k96W76y4im3IHMTs0C4oSJep19KF7QN6EBHn18Fw="},"lastRemoteEphemeralKey":"BV0O9yyukynJMYAxK+R7dADCCGGspgogLxEhzQae2D41","previousCounter":0,"rootKey":"UM09itOq/7cTsp2hLUOF7yFeSqEh22cFMJvkNbVB9gM="},"indexInfo":{"baseKey":"BccFJR4UU3sp66MR263L1F2BUtZGolnY+xc3s+AhB8V/","baseKeyType":1,"closed":1746627408700,"used":1746627385863,"created":1746627385863,"remoteIdentityKey":"BS4dP6S0mHfnDc2BsJLYAyGHSFnkMIGZy2HubKTne+1J"},"_chains":{"BU7dtIASAuEdIEQVc4OCMXacXjWsiV7CXEbsRw8UKv4Z":{"chainKey":{"counter":0,"key":"cJ/XWpii/Dgva7W87vbMvT3Gnju7Lnau1oxygbSLWaM="},"chainType":1,"messageKeys":{}}},"pendingPreKey":{"signedKeyId":5,"baseKey":"BccFJR4UU3sp66MR263L1F2BUtZGolnY+xc3s+AhB8V/","preKeyId":10449161}},"BefHhF4cp0TjKnFgjt7H19+7ehJvMdik8gAdfw0oGmYA":{"registrationId":351787282,"currentRatchet":{"ephemeralKeyPair":{"pubKey":"BX3XaGBwwK4YGIG6vo/S5zRDI4lORkdR0gfUTqcjFLEI","privKey":"oLcGjdXs1n2aqDKzuqCS8Oi/Ugx+qgkoYNLuu6mYZWk="},"lastRemoteEphemeralKey":"BV0O9yyukynJMYAxK+R7dADCCGGspgogLxEhzQae2D41","previousCounter":0,"rootKey":"P61oquuqcl8ZL5mB4kncdIM+F8Oj2tJ3pzwx5JDOrXA="},"indexInfo":{"baseKey":"BefHhF4cp0TjKnFgjt7H19+7ehJvMdik8gAdfw0oGmYA","baseKeyType":1,"closed":-1,"used":1746627408231,"created":1746627408231,"remoteIdentityKey":"BS4dP6S0mHfnDc2BsJLYAyGHSFnkMIGZy2HubKTne+1J"},"_chains":{"BX3XaGBwwK4YGIG6vo/S5zRDI4lORkdR0gfUTqcjFLEI":{"chainKey":{"counter":3,"key":"PsqwgG/wasnZz/CsKu+CNJzj2yk1828+wAMBD77j3lg="},"chainType":1,"messageKeys":{}}},"pendingPreKey":{"signedKeyId":5,"baseKey":"BefHhF4cp0TjKnFgjt7H19+7ehJvMdik8gAdfw0oGmYA","preKeyId":10449288}}},"version":"v1"}