{"_sessions":{"BfWKrX7L7ZooVAv7NfuV+PNICTyccR3S43GD+hYPXNVs":{"registrationId":2017545532,"currentRatchet":{"ephemeralKeyPair":{"pubKey":"BRqNRx8/pZK1FV2JtVoxdoUtLv1tCnCmDaI2weOZuMcw","privKey":"KEem3RUEkvZUoCQ5PjYeVT8Ay+5w1Q4YLyIvbmLHimI="},"lastRemoteEphemeralKey":"BdQWZaO2K9LDkIInMSY/wzAzHz3g5rzHityNp0LB1Qgv","previousCounter":0,"rootKey":"jtBeEWJ01ANtjwCwYHARYRxRQ7R6tFHE9ToHMFYuWEU="},"indexInfo":{"baseKey":"BfWKrX7L7ZooVAv7NfuV+PNICTyccR3S43GD+hYPXNVs","baseKeyType":1,"closed":1746627382572,"used":1746627362623,"created":1746627362623,"remoteIdentityKey":"BaN3ZPNyOe4m7Oc5FC4ypjAs82tLOMXGw7Xja/y9rV4i"},"_chains":{"BRqNRx8/pZK1FV2JtVoxdoUtLv1tCnCmDaI2weOZuMcw":{"chainKey":{"counter":0,"key":"YzNFSEOX6vL/fIp6y2WE7QcsYqMxdTyx0qY7RcIx7G8="},"chainType":1,"messageKeys":{}}},"pendingPreKey":{"signedKeyId":5,"baseKey":"BfWKrX7L7ZooVAv7NfuV+PNICTyccR3S43GD+hYPXNVs","preKeyId":9894027}},"Bbv3X/HonqSzvoy9gcuH9fMfhhxVLbEXhBfOGX7yYLRO":{"registrationId":2017545532,"currentRatchet":{"ephemeralKeyPair":{"pubKey":"BbpVe1rkXgmeU/tgFSxDpXuxZusI1rspKZhNPnm+mqJ3","privKey":"wFTWWx+W8NOnoe53rZPw00eJNBBCk4z6BlpYZSYXV2k="},"lastRemoteEphemeralKey":"BdQWZaO2K9LDkIInMSY/wzAzHz3g5rzHityNp0LB1Qgv","previousCounter":0,"rootKey":"NGVQR6V+FnmN2LaFJLLT0tk79nWOEvBTDg9ElOcbL8M="},"indexInfo":{"baseKey":"Bbv3X/HonqSzvoy9gcuH9fMfhhxVLbEXhBfOGX7yYLRO","baseKeyType":1,"closed":1746627404929,"used":1746627382010,"created":1746627382010,"remoteIdentityKey":"BaN3ZPNyOe4m7Oc5FC4ypjAs82tLOMXGw7Xja/y9rV4i"},"_chains":{"BbpVe1rkXgmeU/tgFSxDpXuxZusI1rspKZhNPnm+mqJ3":{"chainKey":{"counter":0,"key":"S+RDTFjhRXnGNsfoQMBQoNhe7kCQw1zO0E5q8cB4BKo="},"chainType":1,"messageKeys":{}}},"pendingPreKey":{"signedKeyId":5,"baseKey":"Bbv3X/HonqSzvoy9gcuH9fMfhhxVLbEXhBfOGX7yYLRO","preKeyId":9893942}},"Bd9iB5RatTOcwMG0x52PCCGxL+/uQy/mqI0aO/kVBip0":{"registrationId":2017545532,"currentRatchet":{"ephemeralKeyPair":{"pubKey":"BTj049A/LSCqZvgiih97E/SCTeIcrIfHvMk3BdAafZoy","privKey":"aFxemBbWEFURVGNFiU40nehlyBtEL7mN/z0xS2fcdHw="},"lastRemoteEphemeralKey":"BdQWZaO2K9LDkIInMSY/wzAzHz3g5rzHityNp0LB1Qgv","previousCounter":0,"rootKey":"XMRhhavEVN4HaSJ3q1v8jK+SXbZP6ujLHJzIjRy1XXI="},"indexInfo":{"baseKey":"Bd9iB5RatTOcwMG0x52PCCGxL+/uQy/mqI0aO/kVBip0","baseKeyType":1,"closed":-1,"used":1746627404759,"created":1746627404759,"remoteIdentityKey":"BaN3ZPNyOe4m7Oc5FC4ypjAs82tLOMXGw7Xja/y9rV4i"},"_chains":{"BTj049A/LSCqZvgiih97E/SCTeIcrIfHvMk3BdAafZoy":{"chainKey":{"counter":3,"key":"knTZHfcm6ddoKdkNeVBVNgZn+P2J+13HQ6XVLYLpUMg="},"chainType":1,"messageKeys":{}}},"pendingPreKey":{"signedKeyId":5,"baseKey":"Bd9iB5RatTOcwMG0x52PCCGxL+/uQy/mqI0aO/kVBip0","preKeyId":9894377}}},"version":"v1"}