{"_sessions":{"BQYfMvw2iqE9ndZIavKbq1qpzOF1B9byJGyyw/15jT8c":{"registrationId":1112549191,"currentRatchet":{"ephemeralKeyPair":{"pubKey":"BXVlE4SwjWbRdiat4khDmRR6pFasPBAE0iCG4V07M9Au","privKey":"IBLtkn3rdD6kueWYMkAcHeNCL+mo73ijpmm2S7zcm1g="},"lastRemoteEphemeralKey":"BdsWun19LEI0C6h3dsPr70Gqm7Tm/6cKeKeerSNjSvQ5","previousCounter":0,"rootKey":"DpXQwl/dlWY1fnjleaC1Ry94GOT0jUXowCPi3QN4yIA="},"indexInfo":{"baseKey":"BQYfMvw2iqE9ndZIavKbq1qpzOF1B9byJGyyw/15jT8c","baseKeyType":1,"closed":-1,"used":1746645162295,"created":1746645162295,"remoteIdentityKey":"BXbyxdP8OufAK8LD3aATuo1GbpFgSGTb61M553arnIUs"},"_chains":{"BXVlE4SwjWbRdiat4khDmRR6pFasPBAE0iCG4V07M9Au":{"chainKey":{"counter":0,"key":"73PLTUhrcOPsN6QMIcoQ4W0G3IwMJaXQlL/Tqc3tiwY="},"chainType":1,"messageKeys":{}}},"pendingPreKey":{"signedKeyId":3,"baseKey":"BQYfMvw2iqE9ndZIavKbq1qpzOF1B9byJGyyw/15jT8c","preKeyId":14017221}}},"version":"v1"}