{"_sessions":{"BSyqR2CbPPZXiQ1KM4u41VYvSZ/P0L/J1ozdOoHMqFwz":{"registrationId":638346106,"currentRatchet":{"ephemeralKeyPair":{"pubKey":"BbcaY1jxbas0fgDhR3+tmKeSL5SK+xn4JDd/eZGbodwX","privKey":"qIlHLNvSONMapm1oyHVYh8Jr0QUH4sGNp3Qa9Jl8wn0="},"lastRemoteEphemeralKey":"BYb61m2/iyQJVofXlNOMXwcGaUSKUeSwV9YOy5pVK81i","previousCounter":0,"rootKey":"WczUswEiRP4B0M1k84nD6gSBIFgoD0hI0sEPnxU5Jvo="},"indexInfo":{"baseKey":"BSyqR2CbPPZXiQ1KM4u41VYvSZ/P0L/J1ozdOoHMqFwz","baseKeyType":1,"closed":-1,"used":1746645070314,"created":1746645070314,"remoteIdentityKey":"BXuKrglxQfYQFZaCgirPgZaSDezuNRiewFUA0jiI0RRG"},"_chains":{"BbcaY1jxbas0fgDhR3+tmKeSL5SK+xn4JDd/eZGbodwX":{"chainKey":{"counter":0,"key":"UcidLbwD7cKuVy4arnWRG3Qlric15PCuDOX2adlm+T4="},"chainType":1,"messageKeys":{}}},"pendingPreKey":{"signedKeyId":3,"baseKey":"BSyqR2CbPPZXiQ1KM4u41VYvSZ/P0L/J1ozdOoHMqFwz","preKeyId":7434395}}},"version":"v1"}