{"_sessions":{"BSlH9Xh14nruPo7OqH150Xn4wsqK5+hnVLMujcIrYYp+":{"registrationId":467258068,"currentRatchet":{"ephemeralKeyPair":{"pubKey":"BfP2xLZnhBNWTXGIUdSjGqUVmXy4nArVDBxRHNb8H0gJ","privKey":"SB5vIqZyQ2IaEOMVsZYpRuo/VsuWBYK+Xa/ke5cD23k="},"lastRemoteEphemeralKey":"BTHNP2rI9J1Tsn9ViaKwULnDstCfzLsWfAGjB3wXhi5N","previousCounter":0,"rootKey":"bj0FGVuh7G1fBVu8O2+tNYBp4m9wAxauDjdivwbGtG8="},"indexInfo":{"baseKey":"BSlH9Xh14nruPo7OqH150Xn4wsqK5+hnVLMujcIrYYp+","baseKeyType":1,"closed":1746627386536,"used":1746627366073,"created":1746627366073,"remoteIdentityKey":"BaUvw9lE55RsR5kA+y/W6N4dEvO/Fucbr9twWoLr85JO"},"_chains":{"BfP2xLZnhBNWTXGIUdSjGqUVmXy4nArVDBxRHNb8H0gJ":{"chainKey":{"counter":0,"key":"z64S5fqu0XUELPsTrjjqw+BsOkHoplxoHlc48HGb1tM="},"chainType":1,"messageKeys":{}}},"pendingPreKey":{"signedKeyId":1,"baseKey":"BSlH9Xh14nruPo7OqH150Xn4wsqK5+hnVLMujcIrYYp+","preKeyId":10656427}},"BcwQeMji1oUnDRSiPPqAm2mK5Emvo9qSlN/lEPZIjX5L":{"registrationId":467258068,"currentRatchet":{"ephemeralKeyPair":{"pubKey":"BWRMPHF8Gpg40JCAs+l/Xk16IPd8QRxXS3boZzERtR5E","privKey":"WF6du+9O9tJ96aGApRqZ21kcrfggnTnmCPLakgRgeX0="},"lastRemoteEphemeralKey":"BTHNP2rI9J1Tsn9ViaKwULnDstCfzLsWfAGjB3wXhi5N","previousCounter":0,"rootKey":"mWDTU153vfSvXsdcPOAKhh3KvrnPSiBh9WCxYygYj/U="},"indexInfo":{"baseKey":"BcwQeMji1oUnDRSiPPqAm2mK5Emvo9qSlN/lEPZIjX5L","baseKeyType":1,"closed":1746627408756,"used":1746627386156,"created":1746627386156,"remoteIdentityKey":"BaUvw9lE55RsR5kA+y/W6N4dEvO/Fucbr9twWoLr85JO"},"_chains":{"BWRMPHF8Gpg40JCAs+l/Xk16IPd8QRxXS3boZzERtR5E":{"chainKey":{"counter":0,"key":"4J9lcVbxJ/5DYlpkwMLp0iPidPYVB/1lPL0wEvxBz3k="},"chainType":1,"messageKeys":{}}},"pendingPreKey":{"signedKeyId":1,"baseKey":"BcwQeMji1oUnDRSiPPqAm2mK5Emvo9qSlN/lEPZIjX5L","preKeyId":10656862}},"Bceln7YoVKAa2KM9Bb/4Vjs3X3ZH8CRCUmKoCHoKj4gy":{"registrationId":467258068,"currentRatchet":{"ephemeralKeyPair":{"pubKey":"BTvwzqlwv3VtJa+y9aXG6ra4/me7H/j/fJ53IN3xluAD","privKey":"yDKAgkBRZmxua4msen3K/lpY+gn+QjefzY7oy+gvqGE="},"lastRemoteEphemeralKey":"BTHNP2rI9J1Tsn9ViaKwULnDstCfzLsWfAGjB3wXhi5N","previousCounter":0,"rootKey":"x04q84hs0q1ixngQqg4Kqnys3oS3YX4RfFOczOYFrQE="},"indexInfo":{"baseKey":"Bceln7YoVKAa2KM9Bb/4Vjs3X3ZH8CRCUmKoCHoKj4gy","baseKeyType":1,"closed":-1,"used":1746627408466,"created":1746627408466,"remoteIdentityKey":"BaUvw9lE55RsR5kA+y/W6N4dEvO/Fucbr9twWoLr85JO"},"_chains":{"BTvwzqlwv3VtJa+y9aXG6ra4/me7H/j/fJ53IN3xluAD":{"chainKey":{"counter":3,"key":"Dpzr8e+zALuzRi3pf4FvwR1Z68Al0f5VJrQTfMrEH0c="},"chainType":1,"messageKeys":{}}},"pendingPreKey":{"signedKeyId":1,"baseKey":"Bceln7YoVKAa2KM9Bb/4Vjs3X3ZH8CRCUmKoCHoKj4gy","preKeyId":10656711}}},"version":"v1"}