{"_sessions":{"BWDcTncaKu7sax66qQvJBUc2Shgv4MmcVrwuKTNGNf9y":{"registrationId":1250505618,"currentRatchet":{"ephemeralKeyPair":{"pubKey":"BeHByDX5lzPDqMqC3yRneXsDGvSKMBxBjBH4AZ0sqyFh","privKey":"8Omv420ZFQf970L8sO/prkPq2GK+gvyWM7YvOFJVkG8="},"lastRemoteEphemeralKey":"BRNM8YFcHWaq0O5E7J1QwpAEmhqN6uNO0K3XI9GN3X06","previousCounter":0,"rootKey":"3xLvWWT5VC8HhDy45Y4/3bX0wZXcSStKNs0RBQ33GCU="},"indexInfo":{"baseKey":"BWDcTncaKu7sax66qQvJBUc2Shgv4MmcVrwuKTNGNf9y","baseKeyType":1,"closed":1746627386553,"used":1746627366128,"created":1746627366128,"remoteIdentityKey":"BbTFkBvNfeqZxQ2pBTQgsa6luo3AUg8fCI5Hhb4kfyw9"},"_chains":{"BeHByDX5lzPDqMqC3yRneXsDGvSKMBxBjBH4AZ0sqyFh":{"chainKey":{"counter":0,"key":"P2tmNIFvBnB2TW1AhqCcwoCZ+P9G7INLXsoCDEkUgaQ="},"chainType":1,"messageKeys":{}}},"pendingPreKey":{"signedKeyId":0,"baseKey":"BWDcTncaKu7sax66qQvJBUc2Shgv4MmcVrwuKTNGNf9y","preKeyId":12855855}},"BYTRoJPKlH6Y8ImxJFyymKY3Z4M9nExxo2T9Vik0SWUT":{"registrationId":1250505618,"currentRatchet":{"ephemeralKeyPair":{"pubKey":"Bb6I8P7LnD+d7PR1OzZKUZx32usIy6V3yI4rdoIKsEZw","privKey":"MIds0rIX51O8PwNnuG3Y9Ts8RpJHULKTdduJxe49vUM="},"lastRemoteEphemeralKey":"BRNM8YFcHWaq0O5E7J1QwpAEmhqN6uNO0K3XI9GN3X06","previousCounter":0,"rootKey":"WnPUgMzp0ifvVDakQ+QtD8jRm7eQ4stDvEFB3cE519I="},"indexInfo":{"baseKey":"BYTRoJPKlH6Y8ImxJFyymKY3Z4M9nExxo2T9Vik0SWUT","baseKeyType":1,"closed":1746627408769,"used":1746627386227,"created":1746627386227,"remoteIdentityKey":"BbTFkBvNfeqZxQ2pBTQgsa6luo3AUg8fCI5Hhb4kfyw9"},"_chains":{"Bb6I8P7LnD+d7PR1OzZKUZx32usIy6V3yI4rdoIKsEZw":{"chainKey":{"counter":0,"key":"oP8NXkmjrs1/9p8PfZHWkiX1G8KuHIOYU/oWIn8e9/I="},"chainType":1,"messageKeys":{}}},"pendingPreKey":{"signedKeyId":0,"baseKey":"BYTRoJPKlH6Y8ImxJFyymKY3Z4M9nExxo2T9Vik0SWUT","preKeyId":12855784}},"Bb2mOWcPCJ4c/w06v1uqYjg7OzxIeotnBqsOlcNkmdcr":{"registrationId":1250505618,"currentRatchet":{"ephemeralKeyPair":{"pubKey":"BRsnZ65YtFGgw7v3VjV38jw1bdjl1jFkdUr2InE22K5V","privKey":"MFnYKVyzJVsKhGTJktY/9J9j4LJkR7e4cipnqOEmTmQ="},"lastRemoteEphemeralKey":"BRNM8YFcHWaq0O5E7J1QwpAEmhqN6uNO0K3XI9GN3X06","previousCounter":0,"rootKey":"MzwLlLDiM4nQCYqa9Ujm13UWKU2SM0ITvDfk4YAFzu0="},"indexInfo":{"baseKey":"Bb2mOWcPCJ4c/w06v1uqYjg7OzxIeotnBqsOlcNkmdcr","baseKeyType":1,"closed":-1,"used":1746627408526,"created":1746627408526,"remoteIdentityKey":"BbTFkBvNfeqZxQ2pBTQgsa6luo3AUg8fCI5Hhb4kfyw9"},"_chains":{"BRsnZ65YtFGgw7v3VjV38jw1bdjl1jFkdUr2InE22K5V":{"chainKey":{"counter":3,"key":"53Xmn5ECQGLDle2dSVM4s/39jcu3Qvzh5FfloZ016K8="},"chainType":1,"messageKeys":{}}},"pendingPreKey":{"signedKeyId":0,"baseKey":"Bb2mOWcPCJ4c/w06v1uqYjg7OzxIeotnBqsOlcNkmdcr","preKeyId":12855653}}},"version":"v1"}