{"_sessions":{"BfmOOazCQguG43Bjdz2twdxgcUlP4NNRnwZdjb99Y/Jp":{"registrationId":378155340,"currentRatchet":{"ephemeralKeyPair":{"pubKey":"BZqsyNtEOXu+0/PPycCGz3YzE6Qz61NzCMijypk8ec5J","privKey":"WM48jzVyin3yHQGSFIhuLfTT0KxoNFp+xh8CFG5XD1w="},"lastRemoteEphemeralKey":"BVNN/LRorR6FTJA4ugKP+xE47neBAf+WU8LP4nDfrjd5","previousCounter":0,"rootKey":"e4212ycX8R04ft4mHcTMw8/hudVtDR9rgW1gciD9yNk="},"indexInfo":{"baseKey":"BfmOOazCQguG43Bjdz2twdxgcUlP4NNRnwZdjb99Y/Jp","baseKeyType":1,"closed":-1,"used":1746644959970,"created":1746644959970,"remoteIdentityKey":"BbHYKslRCZM0QovfGkbTmOAZZztNgZ+lrlXH9VtbzSAX"},"_chains":{"BZqsyNtEOXu+0/PPycCGz3YzE6Qz61NzCMijypk8ec5J":{"chainKey":{"counter":1,"key":"dsO2mMoA1HRtaUzEGEYMAwdqG7RIfEeSaqkfuxaVA0I="},"chainType":1,"messageKeys":{}}},"pendingPreKey":{"signedKeyId":5,"baseKey":"BfmOOazCQguG43Bjdz2twdxgcUlP4NNRnwZdjb99Y/Jp"}}},"version":"v1"}