{"_sessions":{"BcAJAn3S8/ktr86snnL5V5TzwEubFy5u9RCTQV/3hERc":{"registrationId":1749707197,"currentRatchet":{"ephemeralKeyPair":{"pubKey":"BZAbPSyY74oAVIyEWBq9/F7ZzQ47QVpuuZWykUNNM34w","privKey":"MPToluf+GcBFM7uz7vs3+ZIHBhEvw9a60fzcjbhoo3w="},"lastRemoteEphemeralKey":"BXXuH6i4xkMGn285eYtvKs5dAeN70M4eZdjAYheTdhAy","previousCounter":0,"rootKey":"BUSszoQ2zoEvwVvYx5w86c2FvBzBIRxKZxTLqBF9pIc="},"indexInfo":{"baseKey":"BcAJAn3S8/ktr86snnL5V5TzwEubFy5u9RCTQV/3hERc","baseKeyType":1,"closed":1746627386512,"used":1746627365991,"created":1746627365991,"remoteIdentityKey":"BTSnnjMI+eUA40/X1v5knT5MKOcDHZ2inAN7l4qNCUNZ"},"_chains":{"BZAbPSyY74oAVIyEWBq9/F7ZzQ47QVpuuZWykUNNM34w":{"chainKey":{"counter":0,"key":"fP7Lv/66zRz4nTFrFWtZFUdJWnNh6T7MURTewLPPG6Y="},"chainType":1,"messageKeys":{}}},"pendingPreKey":{"signedKeyId":5,"baseKey":"BcAJAn3S8/ktr86snnL5V5TzwEubFy5u9RCTQV/3hERc","preKeyId":11744830}},"BXZyW7Cz0PN7P2smsqpbBjYfMQNru35LoO215e1FeDB9":{"registrationId":1749707197,"currentRatchet":{"ephemeralKeyPair":{"pubKey":"BWajmNvrr+e5ZLD7ODgjiChq58swjE7SK7/fLC47MJYq","privKey":"yFxSYcTbJpMOcF0g+SSi98oOd7Ss/Jo2dM0HSKGyt1g="},"lastRemoteEphemeralKey":"BXXuH6i4xkMGn285eYtvKs5dAeN70M4eZdjAYheTdhAy","previousCounter":0,"rootKey":"JR+sEbSPuq/Bt7gdhHjR8VHGhD8G0K7aZDZlJ0yaEL4="},"indexInfo":{"baseKey":"BXZyW7Cz0PN7P2smsqpbBjYfMQNru35LoO215e1FeDB9","baseKeyType":1,"closed":1746627408740,"used":1746627386066,"created":1746627386066,"remoteIdentityKey":"BTSnnjMI+eUA40/X1v5knT5MKOcDHZ2inAN7l4qNCUNZ"},"_chains":{"BWajmNvrr+e5ZLD7ODgjiChq58swjE7SK7/fLC47MJYq":{"chainKey":{"counter":0,"key":"gcpVBgGiuXalwzTnpc/nF0MZ+sx+6dUgDn6uDv/LCUg="},"chainType":1,"messageKeys":{}}},"pendingPreKey":{"signedKeyId":5,"baseKey":"BXZyW7Cz0PN7P2smsqpbBjYfMQNru35LoO215e1FeDB9","preKeyId":11744910}},"BeAOkg49asF5PFbBkg8pMB7clpcmKlqXH4f6sFtkJJMp":{"registrationId":1749707197,"currentRatchet":{"ephemeralKeyPair":{"pubKey":"Bdl/ElMYksrJukAZSJiizGbJooVaMTN+MUi+6mdL5wYb","privKey":"APIm4tosZqm1DpByy/HTcuQIblFL+gEvbMn54FDY/Fw="},"lastRemoteEphemeralKey":"BXXuH6i4xkMGn285eYtvKs5dAeN70M4eZdjAYheTdhAy","previousCounter":0,"rootKey":"nxhxTrcaPtwpvUruAs50oClZLGXXHMVJicwFo4dwcK8="},"indexInfo":{"baseKey":"BeAOkg49asF5PFbBkg8pMB7clpcmKlqXH4f6sFtkJJMp","baseKeyType":1,"closed":-1,"used":1746627408395,"created":1746627408395,"remoteIdentityKey":"BTSnnjMI+eUA40/X1v5knT5MKOcDHZ2inAN7l4qNCUNZ"},"_chains":{"Bdl/ElMYksrJukAZSJiizGbJooVaMTN+MUi+6mdL5wYb":{"chainKey":{"counter":3,"key":"hg68akBMpgkrY3wHwcCtd2XAvtiNTYdWvN9lh97oCfc="},"chainType":1,"messageKeys":{}}},"pendingPreKey":{"signedKeyId":5,"baseKey":"BeAOkg49asF5PFbBkg8pMB7clpcmKlqXH4f6sFtkJJMp","preKeyId":11744129}}},"version":"v1"}