{"_sessions":{"BTnPxdehC6snvGsfc6PRNhvJlOU87e7R6QE0vmKorz88":{"registrationId":1772520889,"currentRatchet":{"ephemeralKeyPair":{"pubKey":"BdmCHqbINOEH9yxqcYbJpdXVvgVYm3uaLPSxh+qnSiU1","privKey":"WAc5qicVdDkP3jRzx3nP1EZJ2CdJcrtPgTdXO2GIykA="},"lastRemoteEphemeralKey":"BY80JArgMV02koO8TT75o889MnVrsWg9dMNrsqe9FQIO","previousCounter":0,"rootKey":"3LOpKvXfV6PAeDLza8QvNcoLNI1t2a61tyIYB1jrJT0="},"indexInfo":{"baseKey":"BTnPxdehC6snvGsfc6PRNhvJlOU87e7R6QE0vmKorz88","baseKeyType":1,"closed":1746627382447,"used":1746627362509,"created":1746627362509,"remoteIdentityKey":"BaLYuIbZdDAOt4MvD1q1eXpHZmvxsqwDwPX82ASzekwM"},"_chains":{"BdmCHqbINOEH9yxqcYbJpdXVvgVYm3uaLPSxh+qnSiU1":{"chainKey":{"counter":0,"key":"gGaO5wvxDkiveJN7FPySP7DuU3Zqt75/ueHTphbcTQ0="},"chainType":1,"messageKeys":{}}},"pendingPreKey":{"signedKeyId":1,"baseKey":"BTnPxdehC6snvGsfc6PRNhvJlOU87e7R6QE0vmKorz88","preKeyId":14853344}},"BcLGr3CLiquPVFpcnZ0BA+ezW8lrUMvm5sRfw3TF0mZ0":{"registrationId":1772520889,"currentRatchet":{"ephemeralKeyPair":{"pubKey":"BV/4psPpjMHHEPKDqbBW1w+Af1sE2+527QZpEffn+l58","privKey":"cGubgcO6FhapVqjquW08SQ9mPKba2Sr6Pqb6UvIVHFc="},"lastRemoteEphemeralKey":"BY80JArgMV02koO8TT75o889MnVrsWg9dMNrsqe9FQIO","previousCounter":0,"rootKey":"SEDdOgZd83rGrDImMe5pYj7KmNeN+f3d0flxs0lcIck="},"indexInfo":{"baseKey":"BcLGr3CLiquPVFpcnZ0BA+ezW8lrUMvm5sRfw3TF0mZ0","baseKeyType":1,"closed":1746627404906,"used":1746627381911,"created":1746627381911,"remoteIdentityKey":"BaLYuIbZdDAOt4MvD1q1eXpHZmvxsqwDwPX82ASzekwM"},"_chains":{"BV/4psPpjMHHEPKDqbBW1w+Af1sE2+527QZpEffn+l58":{"chainKey":{"counter":0,"key":"8Bb/4/R7Qi0Y/DUHIc1xK7XcVdT2bYDuskAJB5O9Xv8="},"chainType":1,"messageKeys":{}}},"pendingPreKey":{"signedKeyId":1,"baseKey":"BcLGr3CLiquPVFpcnZ0BA+ezW8lrUMvm5sRfw3TF0mZ0","preKeyId":14853429}},"BbN9BDDk2uS81MXmQ/E9wtheg8WwO65hBA2Jq2wQPRxt":{"registrationId":1772520889,"currentRatchet":{"ephemeralKeyPair":{"pubKey":"BTuUz+Gw3n5IAA+LkgVTTcqRRvujDHhH3gPm0ITpQ0lu","privKey":"eLv1aD2usKd/Mn0aBOYxAZYceO4yJ5XmRkYtCvv6FlU="},"lastRemoteEphemeralKey":"BY80JArgMV02koO8TT75o889MnVrsWg9dMNrsqe9FQIO","previousCounter":0,"rootKey":"uGhrKaCh7DC+ZznA2zorcn222W1i7M3IaOx+1yvg5ec="},"indexInfo":{"baseKey":"BbN9BDDk2uS81MXmQ/E9wtheg8WwO65hBA2Jq2wQPRxt","baseKeyType":1,"closed":-1,"used":1746627404683,"created":1746627404683,"remoteIdentityKey":"BaLYuIbZdDAOt4MvD1q1eXpHZmvxsqwDwPX82ASzekwM"},"_chains":{"BTuUz+Gw3n5IAA+LkgVTTcqRRvujDHhH3gPm0ITpQ0lu":{"chainKey":{"counter":3,"key":"iidJkSws2jvtrnoJNx/NUPeikdH/CpFTcYtRUNTfL4I="},"chainType":1,"messageKeys":{}}},"pendingPreKey":{"signedKeyId":1,"baseKey":"BbN9BDDk2uS81MXmQ/E9wtheg8WwO65hBA2Jq2wQPRxt","preKeyId":14853342}}},"version":"v1"}