{"_sessions":{"BYImuhjVrsjf7oqtS45b2/Njk4bz2vgTyjdBJJ3oYGlt":{"registrationId":894346209,"currentRatchet":{"ephemeralKeyPair":{"pubKey":"Bc+Jmhmecj6NIcqhaJxioET/PU8yLrnn1Lq94HH+EjNn","privKey":"uE1DCEK+5OhaKt04KpCWTshxXcdqh0DKjHO+bsQfd18="},"lastRemoteEphemeralKey":"BfSPXC/Uqq6UU9HRxGeISyZqStE3EUaOvLCmKtqVt6Qd","previousCounter":0,"rootKey":"LkarbdMv7fYBJkhyNF9gGrM5wnqz2yYqLvMSgZkXkIY="},"indexInfo":{"baseKey":"BYImuhjVrsjf7oqtS45b2/Njk4bz2vgTyjdBJJ3oYGlt","baseKeyType":1,"closed":-1,"used":1746612488933,"created":1746612488933,"remoteIdentityKey":"BUsZst6+/pOCPHEKXsBZTsyhOjlgfh5uv+4YxSAyn5Y9"},"_chains":{"Bc+Jmhmecj6NIcqhaJxioET/PU8yLrnn1Lq94HH+EjNn":{"chainKey":{"counter":4,"key":"O5sHUBh5s6b2XnPMVRIxhCX1qHd+OqA4Y4UKDX+8UN8="},"chainType":1,"messageKeys":{}}},"pendingPreKey":{"signedKeyId":3,"baseKey":"BYImuhjVrsjf7oqtS45b2/Njk4bz2vgTyjdBJJ3oYGlt","preKeyId":142229}}},"version":"v1"}