{"_sessions":{"BQo3q6+I3nOZ8uLMGb5kNhy7s8jF/YBKwFs2BKvg43Nh":{"registrationId":269668771,"currentRatchet":{"ephemeralKeyPair":{"pubKey":"BT9PBF7230ghGBYX5TrnmFkWtSnHD3rxCqVfpxGrIYRG","privKey":"CMvC/zhQLuV7/vLhWaAh4yxD40KxT4VW+cxThfhf70I="},"lastRemoteEphemeralKey":"BZOnZM3sTCru8+AZXt6d/qL0vblvB4Z4ioyUywMNBh1E","previousCounter":0,"rootKey":"83DEqyTQt+y8QEMqkBLVUbro3JJKrI8GtVY3mcZorBI="},"indexInfo":{"baseKey":"BQo3q6+I3nOZ8uLMGb5kNhy7s8jF/YBKwFs2BKvg43Nh","baseKeyType":1,"closed":-1,"used":1746645162540,"created":1746645162540,"remoteIdentityKey":"BW3vxxiY18Qzppr2FjJJZT5yxsk/yLtop2guuUFZVyBK"},"_chains":{"BT9PBF7230ghGBYX5TrnmFkWtSnHD3rxCqVfpxGrIYRG":{"chainKey":{"counter":0,"key":"b1bcLYolktKY/cFZtUk1Beby4RkUdoNXxB7mF+PAxcw="},"chainType":1,"messageKeys":{}}},"pendingPreKey":{"signedKeyId":2,"baseKey":"BQo3q6+I3nOZ8uLMGb5kNhy7s8jF/YBKwFs2BKvg43Nh","preKeyId":2955739}}},"version":"v1"}