{"_sessions":{"BWwtIdIoAhy0bJ1FT++D+kMclQY7dn3af/t7Ie2KCc8A":{"registrationId":1864041318,"currentRatchet":{"ephemeralKeyPair":{"pubKey":"BYP1ddAVxEf8jxH/It0GJ/elkj9OFM9yc1p/Rc8cgMNI","privKey":"UHbKOAZA4apXZso1yLDoa4JUjdgAWMc9mGqlSCC1JkU="},"lastRemoteEphemeralKey":"BQIgqOTdQIXGQL5+B7i04z99iqotN2+ZDFZH425AzGsN","previousCounter":0,"rootKey":"1xaPwxiiYom3bqPF8cXWNRomvU5cO5oXMPvjEGlXRZE="},"indexInfo":{"baseKey":"BWwtIdIoAhy0bJ1FT++D+kMclQY7dn3af/t7Ie2KCc8A","baseKeyType":1,"closed":-1,"used":1746645069939,"created":1746645069939,"remoteIdentityKey":"BZRNGBf0rQTpMulu61JMYRn8VDu81ZzweKHyiewmUdg/"},"_chains":{"BYP1ddAVxEf8jxH/It0GJ/elkj9OFM9yc1p/Rc8cgMNI":{"chainKey":{"counter":0,"key":"+3xycwExAh6RSHaUki311SZqly/MWf63xy+f6xxnvDE="},"chainType":1,"messageKeys":{}}},"pendingPreKey":{"signedKeyId":1,"baseKey":"BWwtIdIoAhy0bJ1FT++D+kMclQY7dn3af/t7Ie2KCc8A","preKeyId":14706332}}},"version":"v1"}