{"_sessions":{"Ba2YqkmcIG42uS6CXwS0lRT/+1NXEVYHXfX1pytrU6gX":{"registrationId":1516332722,"currentRatchet":{"ephemeralKeyPair":{"pubKey":"BURq6EqUxl25v+eeUYWQsexi0unn3QWyFFq7r0qBrExd","privKey":"eGY0ksbaXGeyB6AueNVNe5ajSa7QkLGO6qVorge0LkY="},"lastRemoteEphemeralKey":"BbVF07Os3zTyNSVHX2FYe7nVBlu6yZcdAKIqZjhDNFZ9","previousCounter":0,"rootKey":"svaoF8QA8YsJGiOLHzDiLCEcSFrTk7jC58nss9y1TE4="},"indexInfo":{"baseKey":"Ba2YqkmcIG42uS6CXwS0lRT/+1NXEVYHXfX1pytrU6gX","baseKeyType":1,"closed":-1,"used":1746645162166,"created":1746645162166,"remoteIdentityKey":"BYAqNj+03oBtFQ8Xavv3FZNcvUlbJzCYMJwtrqYGLewF"},"_chains":{"BURq6EqUxl25v+eeUYWQsexi0unn3QWyFFq7r0qBrExd":{"chainKey":{"counter":0,"key":"JPrc2SkuXU/QBNs8wn2STFpxx29Gza0019IYUSzkk30="},"chainType":1,"messageKeys":{}}},"pendingPreKey":{"signedKeyId":9,"baseKey":"Ba2YqkmcIG42uS6CXwS0lRT/+1NXEVYHXfX1pytrU6gX","preKeyId":9360498}}},"version":"v1"}