{"_sessions":{"BftyqNGKOc6qDjjgZpVuoAV4ARNXH8w/4kkE1NjiP+Fl":{"registrationId":1251572172,"currentRatchet":{"ephemeralKeyPair":{"pubKey":"BR+AhnTFuRgU/JrkU7i8yMAN4LqHoC0MtAIMbpfiIP05","privKey":"gGpIaW9cGAzzYWcMbUjJWM2O2QBn2cjn1c8vKkolumo="},"lastRemoteEphemeralKey":"BbidzcAIcUDZRmubQdFg3muWpZrxaBDPusQzGD/mZ0UL","previousCounter":0,"rootKey":"rks23NyLv90gtslGYtrciYvX/xvceevP3P766eEq5ds="},"indexInfo":{"baseKey":"BftyqNGKOc6qDjjgZpVuoAV4ARNXH8w/4kkE1NjiP+Fl","baseKeyType":1,"closed":1746627382622,"used":1746627362677,"created":1746627362677,"remoteIdentityKey":"BfA0+nosQaUEJ9pPeAhHWfSGAZudfRJ0b4ClEaj5iGkJ"},"_chains":{"BR+AhnTFuRgU/JrkU7i8yMAN4LqHoC0MtAIMbpfiIP05":{"chainKey":{"counter":0,"key":"8d1t0VkOSHUDiOGWNbrh1UpdAT/eLnMkpq3m9f2ok64="},"chainType":1,"messageKeys":{}}},"pendingPreKey":{"signedKeyId":3,"baseKey":"BftyqNGKOc6qDjjgZpVuoAV4ARNXH8w/4kkE1NjiP+Fl","preKeyId":13478321}},"BRMhM0KRHL9ze3wvTN93P9O68/nOLsbEGwoFizEW6nQJ":{"registrationId":1251572172,"currentRatchet":{"ephemeralKeyPair":{"pubKey":"BSLd1EjhIHWryudhsMY12pEImQtvoxaNxKpioHAHPPJx","privKey":"cEAQ6kcPdoKsWr1OGElFvBB53TOFgOZ8NtwSetl10EA="},"lastRemoteEphemeralKey":"BbidzcAIcUDZRmubQdFg3muWpZrxaBDPusQzGD/mZ0UL","previousCounter":0,"rootKey":"o39nO7nTIPrJ6926AWaly4hbdGPV1yucrikS/1E4Y7Y="},"indexInfo":{"baseKey":"BRMhM0KRHL9ze3wvTN93P9O68/nOLsbEGwoFizEW6nQJ","baseKeyType":1,"closed":1746627404935,"used":1746627382055,"created":1746627382055,"remoteIdentityKey":"BfA0+nosQaUEJ9pPeAhHWfSGAZudfRJ0b4ClEaj5iGkJ"},"_chains":{"BSLd1EjhIHWryudhsMY12pEImQtvoxaNxKpioHAHPPJx":{"chainKey":{"counter":0,"key":"3mkxtXb/zhHqr4CcDiFXIRRsFiGYmtYCPJwUJMlXqvs="},"chainType":1,"messageKeys":{}}},"pendingPreKey":{"signedKeyId":3,"baseKey":"BRMhM0KRHL9ze3wvTN93P9O68/nOLsbEGwoFizEW6nQJ","preKeyId":13478318}},"BR5trofwbuG8yycKIc300afCbMBmwAtJWVli7j1OuUE8":{"registrationId":1251572172,"currentRatchet":{"ephemeralKeyPair":{"pubKey":"BePFw5oBGnHk0N5SF5xvt3Pqa2h2bNoIlfuKhVrWK2EE","privKey":"mBFQFUz8jheatRULYgr0x6V1NDBEpFb+OBebidjE0HQ="},"lastRemoteEphemeralKey":"BbidzcAIcUDZRmubQdFg3muWpZrxaBDPusQzGD/mZ0UL","previousCounter":0,"rootKey":"hOMFtL9ShlGJ2OQrNERuRmFIhDYHKPkjI2SsYKGanWw="},"indexInfo":{"baseKey":"BR5trofwbuG8yycKIc300afCbMBmwAtJWVli7j1OuUE8","baseKeyType":1,"closed":-1,"used":1746627404798,"created":1746627404798,"remoteIdentityKey":"BfA0+nosQaUEJ9pPeAhHWfSGAZudfRJ0b4ClEaj5iGkJ"},"_chains":{"BePFw5oBGnHk0N5SF5xvt3Pqa2h2bNoIlfuKhVrWK2EE":{"chainKey":{"counter":3,"key":"vyZ0dUn3QWt8e+g8XGVQLb1aDETAAKS8gSOdPb02PaQ="},"chainType":1,"messageKeys":{}}},"pendingPreKey":{"signedKeyId":3,"baseKey":"BR5trofwbuG8yycKIc300afCbMBmwAtJWVli7j1OuUE8","preKeyId":13478527}}},"version":"v1"}