{"_sessions":{"BUXqCjTurg5KNBszHE69FQ7y0RV/VSVxzomHsne/WKYZ":{"registrationId":1076217730,"currentRatchet":{"ephemeralKeyPair":{"pubKey":"BYd17Oo6bVA5OI9raJgsFycae8ZDInpXTMx15XP2KU9d","privKey":"ALhMNFzlHTs2jXzPjTddWLYPjmEda4FdNTvSwGl1l1c="},"lastRemoteEphemeralKey":"BdEUNK9883bBYQJaBefNyfCoxG1qTgJHQi00UMVUobBY","previousCounter":0,"rootKey":"gTJR0xP12ULMe9pUdEshK/tSBa8dE7DNDorEiIr7rQE="},"indexInfo":{"baseKey":"BUXqCjTurg5KNBszHE69FQ7y0RV/VSVxzomHsne/WKYZ","baseKeyType":1,"closed":-1,"used":1746645162584,"created":1746645162584,"remoteIdentityKey":"Bas66z+q7bFpNsfjpPIwl7DtwIomOTnkMJJbsHg4nLVj"},"_chains":{"BYd17Oo6bVA5OI9raJgsFycae8ZDInpXTMx15XP2KU9d":{"chainKey":{"counter":0,"key":"5mEumDXGcQ5hIBt5acfnIHOtdp/1uRDSKMcpQhpvm4I="},"chainType":1,"messageKeys":{}}},"pendingPreKey":{"signedKeyId":838210,"baseKey":"BUXqCjTurg5KNBszHE69FQ7y0RV/VSVxzomHsne/WKYZ","preKeyId":13914}}},"version":"v1"}