{"_sessions":{"BYc9SU4ZVrRMtVCWJXcfSv+0surQFPK1NvTJNVkglo1i":{"registrationId":69814915,"currentRatchet":{"ephemeralKeyPair":{"pubKey":"BWCvx+fp2XzgTZFWnhRuMCTrHMtR0LERKPg5F8Ks4fAL","privKey":"cNvRIPMQiCoc/pQQ52Ec4/OOYvE48SPi4Ta+1FlEsm0="},"lastRemoteEphemeralKey":"Bbcys/wQHESGhIAKe1PrAAPqPOMLe8f7PMmb9z2J3AZG","previousCounter":0,"rootKey":"4T0tmN4rzrbmxdd5C8HAXx89dKjMUvnxAp5vx6M6lu4="},"indexInfo":{"baseKey":"BYc9SU4ZVrRMtVCWJXcfSv+0surQFPK1NvTJNVkglo1i","baseKeyType":1,"closed":1746627386483,"used":1746627365873,"created":1746627365873,"remoteIdentityKey":"BaOu0rhzFdgbJ+gNlfMNB1rOZdVwRXdkiFw6/SQEjAsI"},"_chains":{"BWCvx+fp2XzgTZFWnhRuMCTrHMtR0LERKPg5F8Ks4fAL":{"chainKey":{"counter":0,"key":"trTEDoZTgmRG+eXROZTd2aizeOLEssLiSBjtknQr0lA="},"chainType":1,"messageKeys":{}}},"pendingPreKey":{"signedKeyId":31,"baseKey":"BYc9SU4ZVrRMtVCWJXcfSv+0surQFPK1NvTJNVkglo1i"}},"Ba3vMgSLitVpqCOPc7upMSdgAk+D3mAjngT6YZYrnsBT":{"registrationId":69814915,"currentRatchet":{"ephemeralKeyPair":{"pubKey":"BU7lYYfG+/FkP/nuj3n/1NUGX1YmVaG2mhB2hge0Ja02","privKey":"uA6KOXaeugUhcNtVwLLTADHdp9psa+rlRi57avhOZnk="},"lastRemoteEphemeralKey":"Bbcys/wQHESGhIAKe1PrAAPqPOMLe8f7PMmb9z2J3AZG","previousCounter":0,"rootKey":"pvW+uaz/Gh6i9YODlzqKN4+qN28B7nKgLDcg3IA6I2I="},"indexInfo":{"baseKey":"Ba3vMgSLitVpqCOPc7upMSdgAk+D3mAjngT6YZYrnsBT","baseKeyType":1,"closed":1746627408716,"used":1746627385937,"created":1746627385937,"remoteIdentityKey":"BaOu0rhzFdgbJ+gNlfMNB1rOZdVwRXdkiFw6/SQEjAsI"},"_chains":{"BU7lYYfG+/FkP/nuj3n/1NUGX1YmVaG2mhB2hge0Ja02":{"chainKey":{"counter":0,"key":"hy/IkqRNsE9MKaxBnIBy0czSCNnK1Os0OZ/Xs2nV7ck="},"chainType":1,"messageKeys":{}}},"pendingPreKey":{"signedKeyId":31,"baseKey":"Ba3vMgSLitVpqCOPc7upMSdgAk+D3mAjngT6YZYrnsBT"}},"BdvoFHxtEvpG0DteGduVQh55rP/7TYQL1RFiUl3tG6pn":{"registrationId":69814915,"currentRatchet":{"ephemeralKeyPair":{"pubKey":"BT8PEZTw7xnyM0aGKtPOtxFpJklzGWpfbFzR3PFlkAoH","privKey":"mNV3s8q4OUZ4WOp08ahybALhz9NPnhG+kUTzWxPEMVk="},"lastRemoteEphemeralKey":"Bbcys/wQHESGhIAKe1PrAAPqPOMLe8f7PMmb9z2J3AZG","previousCounter":0,"rootKey":"hKNWyP5eqh2/XA+v76HATd1QiyJE9WNF+NnNBF5FMzA="},"indexInfo":{"baseKey":"BdvoFHxtEvpG0DteGduVQh55rP/7TYQL1RFiUl3tG6pn","baseKeyType":1,"closed":-1,"used":1746627408297,"created":1746627408297,"remoteIdentityKey":"BaOu0rhzFdgbJ+gNlfMNB1rOZdVwRXdkiFw6/SQEjAsI"},"_chains":{"BT8PEZTw7xnyM0aGKtPOtxFpJklzGWpfbFzR3PFlkAoH":{"chainKey":{"counter":3,"key":"5KBQVWzS+H35UWvSLaOP9YI168fWQvTpPEnJc1NFOP4="},"chainType":1,"messageKeys":{}}},"pendingPreKey":{"signedKeyId":31,"baseKey":"BdvoFHxtEvpG0DteGduVQh55rP/7TYQL1RFiUl3tG6pn"}}},"version":"v1"}