{"_sessions":{"BaM4Bwz9ro0hw1EL5qrHFNfnhueWVF1tJ/LXoJ41RldB":{"registrationId":1900737639,"currentRatchet":{"ephemeralKeyPair":{"pubKey":"Bb9orzOjBvWdJlQfNu5lPoTbP4RWuedlEhNLY9Hf/Ppp","privKey":"wL6kEtGIiYuOkeQ8UlHjzLH4yhkobX/K3RunSN0g4kc="},"lastRemoteEphemeralKey":"BcihBlE/HUMUnpCGlp2xNbllLTpj0rLJMkrNiDG7oPF3","previousCounter":0,"rootKey":"AS+1J+U29pGY4GUGmwMMMrnC3Yfgfy9NGbPW+UPuCfY="},"indexInfo":{"baseKey":"BaM4Bwz9ro0hw1EL5qrHFNfnhueWVF1tJ/LXoJ41RldB","baseKeyType":1,"closed":1746627386496,"used":1746627365921,"created":1746627365921,"remoteIdentityKey":"BTOZRVn3HRxcOu6GaiGU4mR72QyjDgk1w3hoX25A5TQZ"},"_chains":{"Bb9orzOjBvWdJlQfNu5lPoTbP4RWuedlEhNLY9Hf/Ppp":{"chainKey":{"counter":0,"key":"oAGuRfgj2JRB1VtJ79sLf9IHifdxLLKmghXFeuxJjd0="},"chainType":1,"messageKeys":{}}},"pendingPreKey":{"signedKeyId":8,"baseKey":"BaM4Bwz9ro0hw1EL5qrHFNfnhueWVF1tJ/LXoJ41RldB","preKeyId":3751955}},"BRQV5/1dksQVbdgEelt3qxyDKBSpBoIVh84FNT1gzzkl":{"registrationId":1900737639,"currentRatchet":{"ephemeralKeyPair":{"pubKey":"BVA9X9WkfUiHocBD7y0xxpo6/Hd9TLiTiTVBQEXD70kq","privKey":"6J7R37RQKJNlWW+3MJTVJ2KNb4RhbudHEE6ferm9Jnc="},"lastRemoteEphemeralKey":"BcihBlE/HUMUnpCGlp2xNbllLTpj0rLJMkrNiDG7oPF3","previousCounter":0,"rootKey":"pVpDIyWQgzRrgMcH5elONjnA67meyLbYc7zWsP3ecP8="},"indexInfo":{"baseKey":"BRQV5/1dksQVbdgEelt3qxyDKBSpBoIVh84FNT1gzzkl","baseKeyType":1,"closed":1746627408726,"used":1746627385987,"created":1746627385987,"remoteIdentityKey":"BTOZRVn3HRxcOu6GaiGU4mR72QyjDgk1w3hoX25A5TQZ"},"_chains":{"BVA9X9WkfUiHocBD7y0xxpo6/Hd9TLiTiTVBQEXD70kq":{"chainKey":{"counter":0,"key":"NfP9uxcg9N4LcEAiALZkY3WSZj9dQg3qqYFqnkV3ewU="},"chainType":1,"messageKeys":{}}},"pendingPreKey":{"signedKeyId":8,"baseKey":"BRQV5/1dksQVbdgEelt3qxyDKBSpBoIVh84FNT1gzzkl","preKeyId":3751371}},"BVKJHcYABDJxlPmQVH0btJv2uT14ncWsjSMjPva/ik0D":{"registrationId":1900737639,"currentRatchet":{"ephemeralKeyPair":{"pubKey":"BTyJq4o0Fq2a8vMglKMnBpe9Y5YSQB298A0pDNWvQjZS","privKey":"CK9kZH4YtmY0P1LNjJKpc08xlKES+tGxS8BYpkkMQls="},"lastRemoteEphemeralKey":"BcihBlE/HUMUnpCGlp2xNbllLTpj0rLJMkrNiDG7oPF3","previousCounter":0,"rootKey":"3Ab7+ZDYTkXsUYIC2Mjy0lcQcmTiDHiWQpo0HwRYi4Y="},"indexInfo":{"baseKey":"BVKJHcYABDJxlPmQVH0btJv2uT14ncWsjSMjPva/ik0D","baseKeyType":1,"closed":-1,"used":1746627408336,"created":1746627408336,"remoteIdentityKey":"BTOZRVn3HRxcOu6GaiGU4mR72QyjDgk1w3hoX25A5TQZ"},"_chains":{"BTyJq4o0Fq2a8vMglKMnBpe9Y5YSQB298A0pDNWvQjZS":{"chainKey":{"counter":3,"key":"csBqlt/MFRf7aaqfRYYCAP9gMn+YfukztmTnOuy7HfA="},"chainType":1,"messageKeys":{}}},"pendingPreKey":{"signedKeyId":8,"baseKey":"BVKJHcYABDJxlPmQVH0btJv2uT14ncWsjSMjPva/ik0D","preKeyId":3751451}}},"version":"v1"}