{"_sessions":{"BfBEOqzTyc4OTS2glctYqB6u9RKCWit6ovptopxHqE0S":{"registrationId":1643612646,"currentRatchet":{"ephemeralKeyPair":{"pubKey":"BRxJ5RN2FYrNg1KDWuG6O8nxptAFUIEs+8pbzkmrkTVu","privKey":"YCzGtbwfmVY3m4NSlKARW9fzM3tB6HcnJYynpHRnYnw="},"lastRemoteEphemeralKey":"Ba7NyNYqPhHmtNDYxXXnCESx7aiHUkkg9/SnLXcE12Ew","previousCounter":0,"rootKey":"IIN6a2YTxDjcAuaB+bRpBfaJ82ZNSxxj89Nt8N+7Wn8="},"indexInfo":{"baseKey":"BfBEOqzTyc4OTS2glctYqB6u9RKCWit6ovptopxHqE0S","baseKeyType":1,"closed":1746627386511,"used":1746627365984,"created":1746627365984,"remoteIdentityKey":"BZB54BdTBpzKDVh3S2sLgDL8meYLlyXFXxV0ro1Tsw02"},"_chains":{"BRxJ5RN2FYrNg1KDWuG6O8nxptAFUIEs+8pbzkmrkTVu":{"chainKey":{"counter":0,"key":"sDOe42xq7Jz50685XMKt/pTJIfbXaV84SyO9RJzC9f4="},"chainType":1,"messageKeys":{}}},"pendingPreKey":{"signedKeyId":5,"baseKey":"BfBEOqzTyc4OTS2glctYqB6u9RKCWit6ovptopxHqE0S","preKeyId":11440946}},"BSnu3hckEbeLPRyop9bbCZhzUOPB+xvW6T73Fa2hITgV":{"registrationId":1643612646,"currentRatchet":{"ephemeralKeyPair":{"pubKey":"BXgFOn5Nf/vMGT8hoU0wXp4TGpwWEBU0jN5G+Z3P3llE","privKey":"IAcwTHCrq9q9R6AfDOQZeZE+A7EtK7xwj273Z49w018="},"lastRemoteEphemeralKey":"Ba7NyNYqPhHmtNDYxXXnCESx7aiHUkkg9/SnLXcE12Ew","previousCounter":0,"rootKey":"YAjOwu1R524c8a5+5QaGSfd/HMynG5uZBeGhl4P1DOo="},"indexInfo":{"baseKey":"BSnu3hckEbeLPRyop9bbCZhzUOPB+xvW6T73Fa2hITgV","baseKeyType":1,"closed":1746627408738,"used":1746627386060,"created":1746627386060,"remoteIdentityKey":"BZB54BdTBpzKDVh3S2sLgDL8meYLlyXFXxV0ro1Tsw02"},"_chains":{"BXgFOn5Nf/vMGT8hoU0wXp4TGpwWEBU0jN5G+Z3P3llE":{"chainKey":{"counter":0,"key":"qNecNqK0ak3+zk21MhHjcVtW8ZM0lSaNtwd4J9F4C7s="},"chainType":1,"messageKeys":{}}},"pendingPreKey":{"signedKeyId":5,"baseKey":"BSnu3hckEbeLPRyop9bbCZhzUOPB+xvW6T73Fa2hITgV","preKeyId":11441606}},"BVlaNiakmvBggfQ2Uomm4f2wsBaiznzf8ypsiMwwmtNK":{"registrationId":1643612646,"currentRatchet":{"ephemeralKeyPair":{"pubKey":"Bbym5n5/iv9kiA97TYwO3weo8PseIQPotZ6c3BspZUMn","privKey":"EP5aPlWVs3rjJuTLVIQNcJbXfqQrQzsH/k8rF6FT2XE="},"lastRemoteEphemeralKey":"Ba7NyNYqPhHmtNDYxXXnCESx7aiHUkkg9/SnLXcE12Ew","previousCounter":0,"rootKey":"78zQRBt1RGG6zkXsGf/9vRMFL95+F7s2OTYFm2r/Gvg="},"indexInfo":{"baseKey":"BVlaNiakmvBggfQ2Uomm4f2wsBaiznzf8ypsiMwwmtNK","baseKeyType":1,"closed":-1,"used":1746627408390,"created":1746627408390,"remoteIdentityKey":"BZB54BdTBpzKDVh3S2sLgDL8meYLlyXFXxV0ro1Tsw02"},"_chains":{"Bbym5n5/iv9kiA97TYwO3weo8PseIQPotZ6c3BspZUMn":{"chainKey":{"counter":3,"key":"6wH5FVsj9GLT6EUIpw3T2t5JtiNNmYf2e7xWlEhPTVg="},"chainType":1,"messageKeys":{}}},"pendingPreKey":{"signedKeyId":5,"baseKey":"BVlaNiakmvBggfQ2Uomm4f2wsBaiznzf8ypsiMwwmtNK","preKeyId":11441611}}},"version":"v1"}