{"_sessions":{"Bbsl4zGRJqFlsszteRc7anNk9C77LepIZnVKcqqJz3IF":{"registrationId":1788623740,"currentRatchet":{"ephemeralKeyPair":{"pubKey":"BQcz4+NKUWfESXrUTs71tGn9rjTsKA8PT29IZ0sgVoEw","privKey":"mMhvdhUZ4FGdE1pzTdljuYQF/UuwWUNDnZc7/f7KrWg="},"lastRemoteEphemeralKey":"BaknU0Opk/AmEFt1ggO8Vei3jdXvM9eaAmpuFlLKrTEd","previousCounter":0,"rootKey":"sTjB4Q419Hg6V17A6x8+JK8hZKjJCj8ar9mN1xi4I6k="},"indexInfo":{"baseKey":"Bbsl4zGRJqFlsszteRc7anNk9C77LepIZnVKcqqJz3IF","baseKeyType":1,"closed":-1,"used":1746644960017,"created":1746644960017,"remoteIdentityKey":"BVlBvTPmJvLBZYsCm8sOBOxUGutfsnHZFOz9/xnQnmM7"},"_chains":{"BQcz4+NKUWfESXrUTs71tGn9rjTsKA8PT29IZ0sgVoEw":{"chainKey":{"counter":1,"key":"QHLQpXXoZstCrRySJmf1zdxfk2upGTMti+k8Y83dMGk="},"chainType":1,"messageKeys":{}}},"pendingPreKey":{"signedKeyId":3,"baseKey":"Bbsl4zGRJqFlsszteRc7anNk9C77LepIZnVKcqqJz3IF"}}},"version":"v1"}