{"_sessions":{"BajMy20w4umJlDBKEh4CyHfbTNhYciVHibk1dK4c+Thh":{"registrationId":614197675,"currentRatchet":{"ephemeralKeyPair":{"pubKey":"BcapCN0EgRZDcPlyXvMLeXmaoHXv5ZJJdjoZD8Y9YTQy","privKey":"COmYaD+XmyPgcejrV0F4zb2WQO6cSaqlOwyKvwSIDl8="},"lastRemoteEphemeralKey":"BXayC8j7VylqH7GCHLkdVErBSjMxgb7u4zpX2vrjcboo","previousCounter":0,"rootKey":"z4xv9dt63YsnTWRVPVxd6dmwdEWytwAgnQEmUOJkZKA="},"indexInfo":{"baseKey":"BajMy20w4umJlDBKEh4CyHfbTNhYciVHibk1dK4c+Thh","baseKeyType":1,"closed":-1,"used":1746639403339,"created":1746639403339,"remoteIdentityKey":"BfSDGHuuy15ETV3SOlRqC93JW+QzyfuAh9vNVXmHFvwO"},"_chains":{"BcapCN0EgRZDcPlyXvMLeXmaoHXv5ZJJdjoZD8Y9YTQy":{"chainKey":{"counter":0,"key":"I/S0U1gT+Wtu6jW3ol3yXwP7PP1TlOPRfP9Z65+Ih0g="},"chainType":1,"messageKeys":{}}},"pendingPreKey":{"signedKeyId":2,"baseKey":"BajMy20w4umJlDBKEh4CyHfbTNhYciVHibk1dK4c+Thh","preKeyId":2937850}}},"version":"v1"}