{"_sessions":{"BVg1zQj4coUMV6a3PMAeekHudeDIJ2FvraYVyi8iKNtN":{"registrationId":1599712686,"currentRatchet":{"ephemeralKeyPair":{"pubKey":"BX347zErpfvKVI8ArdHpRXEoFG8z3TvF5y7nO6MtTC5K","privKey":"aHZz/KwZD/MFq4ci+PG0Co9HkYlK5IDNHxy9mItlFmw="},"lastRemoteEphemeralKey":"BShxMOREtrefV7lHZgOCKrn7tH2+/MK4/IylmqLIx55c","previousCounter":0,"rootKey":"70axiZ82mGB7/+g9qLCWJjDJbTK7WmPMfmW+e5QsLkw="},"indexInfo":{"baseKey":"BVg1zQj4coUMV6a3PMAeekHudeDIJ2FvraYVyi8iKNtN","baseKeyType":1,"closed":1746627390225,"used":1746627369042,"created":1746627369042,"remoteIdentityKey":"BVXQ+vSF2dVjT9GFH5akCnvQDU7DBPjWxsJhpIfTsL82"},"_chains":{"BX347zErpfvKVI8ArdHpRXEoFG8z3TvF5y7nO6MtTC5K":{"chainKey":{"counter":0,"key":"GW/Z5aOdzHXAOXNWNQ/hPQsuuuD6FJExKC4GonL9H4g="},"chainType":1,"messageKeys":{}}},"pendingPreKey":{"signedKeyId":9,"baseKey":"BVg1zQj4coUMV6a3PMAeekHudeDIJ2FvraYVyi8iKNtN","preKeyId":8134452}},"BXrG56r7DIiPXXHKWX5PzM+maXpmWYc4Ej9Go+7JY29U":{"registrationId":1599712686,"currentRatchet":{"ephemeralKeyPair":{"pubKey":"Bd82MIlM8hQEZsGUIscEFuqx+9cAbfzfqcQPM4M5AqZh","privKey":"gIE7hpGaULnC9kq6LaQjsKItjQxovTTTVzYd9720+nM="},"lastRemoteEphemeralKey":"BShxMOREtrefV7lHZgOCKrn7tH2+/MK4/IylmqLIx55c","previousCounter":0,"rootKey":"jrh57s6bg8ILfpes/zwb3hoAKzgkkf/veCzmI05gowk="},"indexInfo":{"baseKey":"BXrG56r7DIiPXXHKWX5PzM+maXpmWYc4Ej9Go+7JY29U","baseKeyType":1,"closed":1746627412405,"used":1746627389744,"created":1746627389744,"remoteIdentityKey":"BVXQ+vSF2dVjT9GFH5akCnvQDU7DBPjWxsJhpIfTsL82"},"_chains":{"Bd82MIlM8hQEZsGUIscEFuqx+9cAbfzfqcQPM4M5AqZh":{"chainKey":{"counter":0,"key":"5pIb31TXJxt6diI/O1wtXE3zV1I1RgRwyKwVMsCpvqY="},"chainType":1,"messageKeys":{}}},"pendingPreKey":{"signedKeyId":9,"baseKey":"BXrG56r7DIiPXXHKWX5PzM+maXpmWYc4Ej9Go+7JY29U","preKeyId":8134304}},"BVq/hz4b1I5s0NpoG/onwHrCgAYjCOCRPurJinu+l2of":{"registrationId":1599712686,"currentRatchet":{"ephemeralKeyPair":{"pubKey":"BRBg3pdcdCuvla0jYO/AYCv+IswVXGP3iUkCiEINtogA","privKey":"sIooBOp0LoAsfKoH8kp7rddwXQszmZ83y4wQkhgaS3U="},"lastRemoteEphemeralKey":"BShxMOREtrefV7lHZgOCKrn7tH2+/MK4/IylmqLIx55c","previousCounter":0,"rootKey":"HcL6RR9Njiw3cQ73UBBzxIgCt3kQnYYHkGdkg3BXrZA="},"indexInfo":{"baseKey":"BVq/hz4b1I5s0NpoG/onwHrCgAYjCOCRPurJinu+l2of","baseKeyType":1,"closed":-1,"used":1746627411870,"created":1746627411870,"remoteIdentityKey":"BVXQ+vSF2dVjT9GFH5akCnvQDU7DBPjWxsJhpIfTsL82"},"_chains":{"BRBg3pdcdCuvla0jYO/AYCv+IswVXGP3iUkCiEINtogA":{"chainKey":{"counter":3,"key":"xxGnVO+HT8W+xJM/D6T6VU7EvifHmCaAg8dOz44D+k8="},"chainType":1,"messageKeys":{}}},"pendingPreKey":{"signedKeyId":9,"baseKey":"BVq/hz4b1I5s0NpoG/onwHrCgAYjCOCRPurJinu+l2of","preKeyId":8134287}}},"version":"v1"}