{"_sessions":{"BWQqxqUAh9zXHEh0C6STGnaewju4i/Gub1rGCnXiY+Z4":{"registrationId":621689302,"currentRatchet":{"ephemeralKeyPair":{"pubKey":"Bd7qesrPjGaIVpQ66gsCo393ExlIGvDoerbWsqjckAFk","privKey":"qF987wZfXFZIablT3ZqWHXi8lJiQSK7lMy2SWrzwY1c="},"lastRemoteEphemeralKey":"BftxUfYbmoyM9toA5mZp8eZt/Vh/kUAX5E5aFi1krus6","previousCounter":0,"rootKey":"ep7HgRvpJloHQpNvdXDoD286Pw6DYRIenmlt9pHxaNA="},"indexInfo":{"baseKey":"BWQqxqUAh9zXHEh0C6STGnaewju4i/Gub1rGCnXiY+Z4","baseKeyType":1,"closed":1746627386458,"used":1746627365790,"created":1746627365790,"remoteIdentityKey":"BaGPmQhFH5AKRsUsgXSxR+Ufro0RFzoKTiVD1eGCFD1M"},"_chains":{"Bd7qesrPjGaIVpQ66gsCo393ExlIGvDoerbWsqjckAFk":{"chainKey":{"counter":0,"key":"zFeV+aPE5YmLW6GmciGqj4SBVUC2vNGTcx79XvU95/M="},"chainType":1,"messageKeys":{}}},"pendingPreKey":{"signedKeyId":0,"baseKey":"BWQqxqUAh9zXHEh0C6STGnaewju4i/Gub1rGCnXiY+Z4","preKeyId":2654071}},"Beu3452Awt7T7KjCsldK8mZ2n/zYSc4CvidEuHi9vbZ3":{"registrationId":621689302,"currentRatchet":{"ephemeralKeyPair":{"pubKey":"Bdvm/nJOTGQPSXnFRCAU77zHekfCKsEDFPU4PlF8hmw8","privKey":"yGZpD7xTjIrK+hvxF734awOExSb6MkYS86uUbok8IkY="},"lastRemoteEphemeralKey":"BftxUfYbmoyM9toA5mZp8eZt/Vh/kUAX5E5aFi1krus6","previousCounter":0,"rootKey":"Xfs7uWH1+Ro7/wk6vcs6ELUSD78ByliylWr6OLC/3Fc="},"indexInfo":{"baseKey":"Beu3452Awt7T7KjCsldK8mZ2n/zYSc4CvidEuHi9vbZ3","baseKeyType":1,"closed":1746627408698,"used":1746627385857,"created":1746627385857,"remoteIdentityKey":"BaGPmQhFH5AKRsUsgXSxR+Ufro0RFzoKTiVD1eGCFD1M"},"_chains":{"Bdvm/nJOTGQPSXnFRCAU77zHekfCKsEDFPU4PlF8hmw8":{"chainKey":{"counter":0,"key":"dEmyhgyLJeWEbiziuI2DeygjH3aGlWEYsA61mct0aGI="},"chainType":1,"messageKeys":{}}},"pendingPreKey":{"signedKeyId":0,"baseKey":"Beu3452Awt7T7KjCsldK8mZ2n/zYSc4CvidEuHi9vbZ3","preKeyId":2654167}},"BaZrYSJOQPAAyHWPRbE3dYfvGp3eg2ZRz2momT40Ze9V":{"registrationId":621689302,"currentRatchet":{"ephemeralKeyPair":{"pubKey":"BcnBmW2Ag8aaBFrIG/4HwlzOo1s6il21uPZncfU0yiMw","privKey":"iJl9jMLaJDYmM+2Qtkfe2EK7FFHW6+scTgSo8JV+M1Y="},"lastRemoteEphemeralKey":"BftxUfYbmoyM9toA5mZp8eZt/Vh/kUAX5E5aFi1krus6","previousCounter":0,"rootKey":"uDF1lNxU1gtGfYTxGRJP9mRQM/Lkt478E5gCaxwHJ68="},"indexInfo":{"baseKey":"BaZrYSJOQPAAyHWPRbE3dYfvGp3eg2ZRz2momT40Ze9V","baseKeyType":1,"closed":-1,"used":1746627408226,"created":1746627408226,"remoteIdentityKey":"BaGPmQhFH5AKRsUsgXSxR+Ufro0RFzoKTiVD1eGCFD1M"},"_chains":{"BcnBmW2Ag8aaBFrIG/4HwlzOo1s6il21uPZncfU0yiMw":{"chainKey":{"counter":3,"key":"4I/5zgAZhq7VydbFlDdK87BG83KSSfZP3hCjmEyYjPM="},"chainType":1,"messageKeys":{}}},"pendingPreKey":{"signedKeyId":0,"baseKey":"BaZrYSJOQPAAyHWPRbE3dYfvGp3eg2ZRz2momT40Ze9V","preKeyId":2654009}}},"version":"v1"}