{"_sessions":{"BW/pJb28yLR4TDLomZEwTuMGnErzLsU83oH1haEQZPk6":{"registrationId":999785532,"currentRatchet":{"ephemeralKeyPair":{"pubKey":"BZBTdUZxGqALToaKEHaLbJcCHJUdS5RyOp6HsYNkAiQQ","privKey":"UPwp2FppGNgPq6iwluz5OQK1rQ6LnNcn7YZ+lQyU5VA="},"lastRemoteEphemeralKey":"BfvzmNYyC/QBGQJtWBMy9fYLWAJPzFtZOx4gfTPE9ZNk","previousCounter":0,"rootKey":"cgfvdJeI7BbZGoSByRoQW5WoW5pPG04TSLOUmmG4guc="},"indexInfo":{"baseKey":"BW/pJb28yLR4TDLomZEwTuMGnErzLsU83oH1haEQZPk6","baseKeyType":1,"closed":-1,"used":1746627450104,"created":1746627450104,"remoteIdentityKey":"BdJ47sfikQ8y//QrMn1Fwia6vAN7WQIDmxijV7eLIW4l"},"_chains":{"BZBTdUZxGqALToaKEHaLbJcCHJUdS5RyOp6HsYNkAiQQ":{"chainKey":{"counter":0,"key":"5WUD4PaCPN3lHrpq1QYfdlor9ajcSf5YGw2/rypKWDY="},"chainType":1,"messageKeys":{}}},"pendingPreKey":{"signedKeyId":3,"baseKey":"BW/pJb28yLR4TDLomZEwTuMGnErzLsU83oH1haEQZPk6","preKeyId":837353}}},"version":"v1"}