{"_sessions":{"BZB+Evi+zeulMD0dVjxTH/HrwtbN3b+OCe17C0otJIp/":{"registrationId":453974493,"currentRatchet":{"ephemeralKeyPair":{"pubKey":"BcITq1QY+p3Hnwl+8EeeNzK9RIJxdOO68HB4t4EWSdJK","privKey":"4B3KfWWeraksXe5iDITaMphFDZczS3wzU3inGOtoo18="},"lastRemoteEphemeralKey":"BalXNc7vthV/+pNZu0MmMS1GnNoS/W8X9WuCN3CaaiIZ","previousCounter":0,"rootKey":"k/kNudmBNSJP968yapxaD/Ef32PQmZL8yulVc6K/qxI="},"indexInfo":{"baseKey":"BZB+Evi+zeulMD0dVjxTH/HrwtbN3b+OCe17C0otJIp/","baseKeyType":1,"closed":-1,"used":1746612492807,"created":1746612492807,"remoteIdentityKey":"BeFZ6XmAt+Q4CFVj1EebkodzmizVhhpXRb9mWDvylB5N"},"_chains":{"BcITq1QY+p3Hnwl+8EeeNzK9RIJxdOO68HB4t4EWSdJK":{"chainKey":{"counter":4,"key":"q1ke/47S9ZtkeFUJ3k3ykx4EexQfsPtsZEdtYsXLnZ0="},"chainType":1,"messageKeys":{}}},"pendingPreKey":{"signedKeyId":4,"baseKey":"BZB+Evi+zeulMD0dVjxTH/HrwtbN3b+OCe17C0otJIp/","preKeyId":3346838}}},"version":"v1"}