{"_sessions":{"BaikIiNWbOZLEBKafod+OO+dMEMCq03nSBt6cUVIlwtb":{"registrationId":976578510,"currentRatchet":{"ephemeralKeyPair":{"pubKey":"BSoLQGEu40EnTMhggtY2DizF++epXYHcc6q8n7wZTIkT","privKey":"4KtgUAeJ/CCUTCuAggJNUSfSPLQMZbGPr5lnV2CafWs="},"lastRemoteEphemeralKey":"BUHQIWZ4BJsSdIuKgKL0MRkN2VAP+aJmXqeuy6jwXoBc","previousCounter":0,"rootKey":"E+HdDp50j+JN6dI1CdNsXn4UOvhyVEh377UymExcZA4="},"indexInfo":{"baseKey":"BaikIiNWbOZLEBKafod+OO+dMEMCq03nSBt6cUVIlwtb","baseKeyType":1,"closed":1746627382614,"used":1746627362646,"created":1746627362646,"remoteIdentityKey":"BVYCFLjSqwSoHQ2vRD38b4QpPC4J2ko68iVM5Lm9CfVi"},"_chains":{"BSoLQGEu40EnTMhggtY2DizF++epXYHcc6q8n7wZTIkT":{"chainKey":{"counter":0,"key":"I5Kpc7mLmA8nAxqAJr5lXFJETkEJyzvgUUIVrn3rrQI="},"chainType":1,"messageKeys":{}}},"pendingPreKey":{"signedKeyId":8,"baseKey":"BaikIiNWbOZLEBKafod+OO+dMEMCq03nSBt6cUVIlwtb","preKeyId":3429862}},"BRGxYvEz4jOjAy3SxBPjD5a3Pea7QA0TIxiDGTlPnnlx":{"registrationId":976578510,"currentRatchet":{"ephemeralKeyPair":{"pubKey":"BQwqWwJ/tZPggCL78W668kvhz89z7yLnNmLYQPZ5erUX","privKey":"eNPFOp8xTuCcEU098AwSwPMcDgLjg8f6m0LSszu3Dm8="},"lastRemoteEphemeralKey":"BUHQIWZ4BJsSdIuKgKL0MRkN2VAP+aJmXqeuy6jwXoBc","previousCounter":0,"rootKey":"3BL8+zc0/rmTabLgVf/rrEWZgAfCg7elrNKpuyq36c4="},"indexInfo":{"baseKey":"BRGxYvEz4jOjAy3SxBPjD5a3Pea7QA0TIxiDGTlPnnlx","baseKeyType":1,"closed":1746627404932,"used":1746627382031,"created":1746627382031,"remoteIdentityKey":"BVYCFLjSqwSoHQ2vRD38b4QpPC4J2ko68iVM5Lm9CfVi"},"_chains":{"BQwqWwJ/tZPggCL78W668kvhz89z7yLnNmLYQPZ5erUX":{"chainKey":{"counter":0,"key":"egN/I6ASw77XPA+KO8TBNBVrmFK/qs/rIvEfLYSL9Qk="},"chainType":1,"messageKeys":{}}},"pendingPreKey":{"signedKeyId":8,"baseKey":"BRGxYvEz4jOjAy3SxBPjD5a3Pea7QA0TIxiDGTlPnnlx","preKeyId":3430482}},"BcibrtBd1PZxla/0K4qKz4pnkRSMM5n/3dEVcamx9Kx3":{"registrationId":976578510,"currentRatchet":{"ephemeralKeyPair":{"pubKey":"BVkRLj4CZf5JX0lSiB/d1dMKFIzjifs6Hv51oPd3F1oJ","privKey":"SGNIO9Ere2JTy00/VUYIrVhh+Z2Dbku9GGc3/bwQW0s="},"lastRemoteEphemeralKey":"BUHQIWZ4BJsSdIuKgKL0MRkN2VAP+aJmXqeuy6jwXoBc","previousCounter":0,"rootKey":"RSq4+zbcdzY46cg3l9Gyu7lp1EMJuGmTL4Vh2lfNkZA="},"indexInfo":{"baseKey":"BcibrtBd1PZxla/0K4qKz4pnkRSMM5n/3dEVcamx9Kx3","baseKeyType":1,"closed":-1,"used":1746627404778,"created":1746627404778,"remoteIdentityKey":"BVYCFLjSqwSoHQ2vRD38b4QpPC4J2ko68iVM5Lm9CfVi"},"_chains":{"BVkRLj4CZf5JX0lSiB/d1dMKFIzjifs6Hv51oPd3F1oJ":{"chainKey":{"counter":3,"key":"mMu5D60JVejsUgELMSoIDiJeq2ZszHCp49khAyPa4O8="},"chainType":1,"messageKeys":{}}},"pendingPreKey":{"signedKeyId":8,"baseKey":"BcibrtBd1PZxla/0K4qKz4pnkRSMM5n/3dEVcamx9Kx3","preKeyId":3430530}}},"version":"v1"}