{"_sessions":{"BetcyA8URh5PG3Dv9TMkb+DHpWflFGhAOaLIa8D2qLMh":{"registrationId":1174651469,"currentRatchet":{"ephemeralKeyPair":{"pubKey":"BdhLXLlmIeP1Wxc95otF1voOxlGET7OASJhjk/iaGTZ1","privKey":"0MASU++EABBGhk7qFmeGqjQgyletaLCPTQy7yzayRUg="},"lastRemoteEphemeralKey":"Bc9q4sHydwKDjZgM+ki10fXRw75gDh536OaJkkmtD0oX","previousCounter":0,"rootKey":"0Bo4znlcQZnYBYkyvovdApwNHNBrtQAo6R0nGycxGAo="},"indexInfo":{"baseKey":"BetcyA8URh5PG3Dv9TMkb+DHpWflFGhAOaLIa8D2qLMh","baseKeyType":1,"closed":1746627386502,"used":1746627365946,"created":1746627365946,"remoteIdentityKey":"BWa1nghYmoOLrm4DsjLCwRepLRDDIiHDoClgO4hnvN1Q"},"_chains":{"BdhLXLlmIeP1Wxc95otF1voOxlGET7OASJhjk/iaGTZ1":{"chainKey":{"counter":0,"key":"lnQx9DJ5mBtLZOihD909BQAc4O8NzkUya+jkUfc3PZ0="},"chainType":1,"messageKeys":{}}},"pendingPreKey":{"signedKeyId":23,"baseKey":"BetcyA8URh5PG3Dv9TMkb+DHpWflFGhAOaLIa8D2qLMh","preKeyId":1083628}},"BZv0peahNVpYx7cMxJyYbH3jNyxNqjdb0XHw0ZjQeGY/":{"registrationId":1174651469,"currentRatchet":{"ephemeralKeyPair":{"pubKey":"BezuOYb28l0MagNYDKoFJ6o4jApG3NosCm76zHU6czcj","privKey":"UKumlGaNdAMC4eStwVTqVdxA3IJsrIzNzhM7eLHl43Q="},"lastRemoteEphemeralKey":"Bc9q4sHydwKDjZgM+ki10fXRw75gDh536OaJkkmtD0oX","previousCounter":0,"rootKey":"04BBzjDBtThq0VPJ489JOBLe9+i/9vWUpsy1yuOgFlw="},"indexInfo":{"baseKey":"BZv0peahNVpYx7cMxJyYbH3jNyxNqjdb0XHw0ZjQeGY/","baseKeyType":1,"closed":1746627408731,"used":1746627386016,"created":1746627386016,"remoteIdentityKey":"BWa1nghYmoOLrm4DsjLCwRepLRDDIiHDoClgO4hnvN1Q"},"_chains":{"BezuOYb28l0MagNYDKoFJ6o4jApG3NosCm76zHU6czcj":{"chainKey":{"counter":0,"key":"WzxSjzNEZzCv7jp3/0KlUrstuY1X2GnDJURhUjrHMzU="},"chainType":1,"messageKeys":{}}},"pendingPreKey":{"signedKeyId":23,"baseKey":"BZv0peahNVpYx7cMxJyYbH3jNyxNqjdb0XHw0ZjQeGY/","preKeyId":1083285}},"BTR9ZOkk2DnE6177s7fyM/Jb3kihYYqhSpDxgQ0o9phY":{"registrationId":1174651469,"currentRatchet":{"ephemeralKeyPair":{"pubKey":"Ba5jvJBfoMBAdNTbTovQGmxpoz94vN1Po2J1DUB2YAtR","privKey":"uIx3rP3TSuEiiTKNgP2U0JE+W0DW3PCZVyIHMeicVmM="},"lastRemoteEphemeralKey":"Bc9q4sHydwKDjZgM+ki10fXRw75gDh536OaJkkmtD0oX","previousCounter":0,"rootKey":"ziyIBzduimQlEym3nPwhAh4GUz+Gy7dizfARR6xmlnU="},"indexInfo":{"baseKey":"BTR9ZOkk2DnE6177s7fyM/Jb3kihYYqhSpDxgQ0o9phY","baseKeyType":1,"closed":-1,"used":1746627408359,"created":1746627408359,"remoteIdentityKey":"BWa1nghYmoOLrm4DsjLCwRepLRDDIiHDoClgO4hnvN1Q"},"_chains":{"Ba5jvJBfoMBAdNTbTovQGmxpoz94vN1Po2J1DUB2YAtR":{"chainKey":{"counter":3,"key":"njPpQ52ivLcEipFV5f/CW/3QXEh1rvuZrPw9XMNcWWk="},"chainType":1,"messageKeys":{}}},"pendingPreKey":{"signedKeyId":23,"baseKey":"BTR9ZOkk2DnE6177s7fyM/Jb3kihYYqhSpDxgQ0o9phY","preKeyId":1083535}}},"version":"v1"}