{"_sessions":{"BfRky8iZb98jq6DJNkgmuSa3xRJCzo9MzI6wju6GK19S":{"registrationId":2105856261,"currentRatchet":{"ephemeralKeyPair":{"pubKey":"BfStLaSy23qXHgom7V0JO2Ru5gIJmbwNl8cGCWGf/Gcy","privKey":"EIAxDQO+2E1Mo5XH3TnAoAg81yPksTqlMX6bfkse41s="},"lastRemoteEphemeralKey":"BftCiD7F9HpcOE92ap6Y8ioYSIKb8d+0K6umhSFlt/wU","previousCounter":0,"rootKey":"JpL8Vx+nAlpD7N5NxaeqU7nA4263TuRLysSuCycJHE4="},"indexInfo":{"baseKey":"BfRky8iZb98jq6DJNkgmuSa3xRJCzo9MzI6wju6GK19S","baseKeyType":1,"closed":-1,"used":1746645069888,"created":1746645069888,"remoteIdentityKey":"BXu+VbC+e5vhoczjcgni5xjT6MQwc0HwjRNVnae0my5u"},"_chains":{"BfStLaSy23qXHgom7V0JO2Ru5gIJmbwNl8cGCWGf/Gcy":{"chainKey":{"counter":0,"key":"79KksndQkjd97akfPkHnHcAGDb6kJCHJsalveC/Lhds="},"chainType":1,"messageKeys":{}}},"pendingPreKey":{"signedKeyId":934277,"baseKey":"BfRky8iZb98jq6DJNkgmuSa3xRJCzo9MzI6wju6GK19S","preKeyId":3914}}},"version":"v1"}