{"_sessions":{"BWHyEHEDK56m61mekFghHhhXXXmp2CHJWhW8i6TWkOYV":{"registrationId":58765289,"currentRatchet":{"ephemeralKeyPair":{"pubKey":"BQ3cCZ488OE/mRb41N2kD/y03Agln2aJDClLjQWhYid6","privKey":"AFPnnHNWZf39ektMyCYZa38Ft6lRdAffjySd6Dgf7H0="},"lastRemoteEphemeralKey":"BTsZjfYN+ov6NabTpqfImeGgWbDXniuULyyVDsjHtRBH","previousCounter":0,"rootKey":"UYQTQVDlv/UiUXhYZnabgvr4oKE/Bal0riNFPNXoIDE="},"indexInfo":{"baseKey":"BWHyEHEDK56m61mekFghHhhXXXmp2CHJWhW8i6TWkOYV","baseKeyType":1,"closed":-1,"used":1746645069852,"created":1746645069852,"remoteIdentityKey":"BZ2RlGrrADBDKRe4CL+ZudtzfcQKm5MGIRRoU5KHZYZI"},"_chains":{"BQ3cCZ488OE/mRb41N2kD/y03Agln2aJDClLjQWhYid6":{"chainKey":{"counter":0,"key":"o7MOtrCVm5qi2aNXh1LejxZ3h2iX13XGBEn/OoNsDtM="},"chainType":1,"messageKeys":{}}},"pendingPreKey":{"signedKeyId":12974116,"baseKey":"BWHyEHEDK56m61mekFghHhhXXXmp2CHJWhW8i6TWkOYV","preKeyId":3190}}},"version":"v1"}