{"_sessions":{"Bd7ALaH9YpQyCjVocUtUhFYMGsAee4wU8qzjtRX0AgB0":{"registrationId":859122156,"currentRatchet":{"ephemeralKeyPair":{"pubKey":"BZA/mc2dVGYM/U/w3O8k2AJodW8fjj3g26YQESMrL64U","privKey":"QK2Rw30LbcSja3nQ2E7Nge2GrobbwjZEGAn1diSVQFE="},"lastRemoteEphemeralKey":"BfVibf6znZIgrDSCB9j4RlTD9H2zUOgyZWxLW4t+lhh7","previousCounter":0,"rootKey":"oTF/zIzVUAOPTHOu5jyXDW2aeyyDhaXf3ALowmb2HH0="},"indexInfo":{"baseKey":"Bd7ALaH9YpQyCjVocUtUhFYMGsAee4wU8qzjtRX0AgB0","baseKeyType":1,"closed":-1,"used":1746645069827,"created":1746645069827,"remoteIdentityKey":"BfvIm+z1murKcYUD3GGaYlbMKHo+8b+C20gAgWboz0xW"},"_chains":{"BZA/mc2dVGYM/U/w3O8k2AJodW8fjj3g26YQESMrL64U":{"chainKey":{"counter":0,"key":"9Lh+iZwal3i/PNLAqL0OCEt8eVEfc2ha7psyjd5UVzQ="},"chainType":1,"messageKeys":{}}},"pendingPreKey":{"signedKeyId":2,"baseKey":"Bd7ALaH9YpQyCjVocUtUhFYMGsAee4wU8qzjtRX0AgB0","preKeyId":2249575}}},"version":"v1"}