{"_sessions":{"BS0bVaIHG5bhZms7xijEw5RH13lgmcqJEe4cwCius7l0":{"registrationId":416440252,"currentRatchet":{"ephemeralKeyPair":{"pubKey":"BR6G1IVGGYyjMRFUcqtavAlXUG8VF5xixi+6ilZXHg5U","privKey":"2JLQ05Q1ChI4IHCgUqBk0CNICpPey1EQb3a6pvQr7Gc="},"lastRemoteEphemeralKey":"Bb/LtWKFHKTncYmGxITv/p/wFvEQCyS9Q0u5TmgjBlI0","previousCounter":0,"rootKey":"2/PjP3ascMTBzQz668f43mvDLH20qFmyG9Gbr8QTKBY="},"indexInfo":{"baseKey":"BS0bVaIHG5bhZms7xijEw5RH13lgmcqJEe4cwCius7l0","baseKeyType":1,"closed":-1,"used":1746612488532,"created":1746612488532,"remoteIdentityKey":"BSvS2MyGJt1TdWlx4uoIO/C1flwFUrO5DdN8wpNxpE56"},"_chains":{"BR6G1IVGGYyjMRFUcqtavAlXUG8VF5xixi+6ilZXHg5U":{"chainKey":{"counter":4,"key":"C1Ob9rpdxPis2C7qPAQ0jH0b5ogX2gCnM4wzOGkM0s8="},"chainType":1,"messageKeys":{}}},"pendingPreKey":{"signedKeyId":13,"baseKey":"BS0bVaIHG5bhZms7xijEw5RH13lgmcqJEe4cwCius7l0","preKeyId":3594957}}},"version":"v1"}