{"_sessions":{"BS7ZPZ7zQtBi7Jm/Os9oHcvbKM+ZtaGG7eSS2j3lNtJo":{"registrationId":758791233,"currentRatchet":{"ephemeralKeyPair":{"pubKey":"BfkkB58QCYxbxLRrYtCPJdcOh5No3Xjn3Tij2huElj8N","privKey":"kKpKz2SMgE3P8LqYF+rQAthfnOK69cWAhzSoX3okqkA="},"lastRemoteEphemeralKey":"BYsH2wGtPFoNk8hvb42MOgSMDEQfg+D/1aIhGZ8Pa9d+","previousCounter":0,"rootKey":"vEk6CjN1qyKaFXFjMDfAB4LkrBemMd6JxUBQPSuHDTQ="},"indexInfo":{"baseKey":"BS7ZPZ7zQtBi7Jm/Os9oHcvbKM+ZtaGG7eSS2j3lNtJo","baseKeyType":1,"closed":1746627382707,"used":1746627362738,"created":1746627362738,"remoteIdentityKey":"BS1ngfeMViG/Hd2YV6yUDsi8NqF8C9j2S+wILCFgiV40"},"_chains":{"BfkkB58QCYxbxLRrYtCPJdcOh5No3Xjn3Tij2huElj8N":{"chainKey":{"counter":0,"key":"PM5Dtj1eGf5tLNDcLvcQ3at17GWnJoLFZ7mLkEW40BM="},"chainType":1,"messageKeys":{}}},"pendingPreKey":{"signedKeyId":1,"baseKey":"BS7ZPZ7zQtBi7Jm/Os9oHcvbKM+ZtaGG7eSS2j3lNtJo","preKeyId":5420515}},"BREYbP/3sCrUwkzoV2f6lzWazM6Um8t0mYdHVe0KSE4p":{"registrationId":758791233,"currentRatchet":{"ephemeralKeyPair":{"pubKey":"BbLG7c8Znqk7t7o61Ri57t521Gs0xQ0ithgX21ABg2kJ","privKey":"4OkrEw0S+inP+zaxCd+SCkiCgsYGPr4ulentSLooEUk="},"lastRemoteEphemeralKey":"BYsH2wGtPFoNk8hvb42MOgSMDEQfg+D/1aIhGZ8Pa9d+","previousCounter":0,"rootKey":"0RkDlMUYG2n2c+X+WWIS1Pg5gTX4By3KfaH+e3gJLzI="},"indexInfo":{"baseKey":"BREYbP/3sCrUwkzoV2f6lzWazM6Um8t0mYdHVe0KSE4p","baseKeyType":1,"closed":1746627404942,"used":1746627382112,"created":1746627382112,"remoteIdentityKey":"BS1ngfeMViG/Hd2YV6yUDsi8NqF8C9j2S+wILCFgiV40"},"_chains":{"BbLG7c8Znqk7t7o61Ri57t521Gs0xQ0ithgX21ABg2kJ":{"chainKey":{"counter":0,"key":"7S/Ux0umm22dS9OlKy5qCiHgCQw1CpATe5fM1QPubC4="},"chainType":1,"messageKeys":{}}},"pendingPreKey":{"signedKeyId":1,"baseKey":"BREYbP/3sCrUwkzoV2f6lzWazM6Um8t0mYdHVe0KSE4p","preKeyId":5420486}},"BQyfP5T7hGxXOu1R5e8d0zbqrmLp9b9vRQz2PbtYv786":{"registrationId":758791233,"currentRatchet":{"ephemeralKeyPair":{"pubKey":"Bb7uiUh9IEEnqoAcHsqkw1PoD6GOtvEh7XsjNkIF+mpu","privKey":"kJ7I6WLLSepT3rBo49bIiK/UYQXUHdxPrlClrzqnBWs="},"lastRemoteEphemeralKey":"BYsH2wGtPFoNk8hvb42MOgSMDEQfg+D/1aIhGZ8Pa9d+","previousCounter":0,"rootKey":"kjXd4DFIj1euI2UlHDAMv86+MmwejruAjS0r7bqF1fI="},"indexInfo":{"baseKey":"BQyfP5T7hGxXOu1R5e8d0zbqrmLp9b9vRQz2PbtYv786","baseKeyType":1,"closed":-1,"used":1746627404844,"created":1746627404844,"remoteIdentityKey":"BS1ngfeMViG/Hd2YV6yUDsi8NqF8C9j2S+wILCFgiV40"},"_chains":{"Bb7uiUh9IEEnqoAcHsqkw1PoD6GOtvEh7XsjNkIF+mpu":{"chainKey":{"counter":3,"key":"xyeMK8Qdd322VVREAEQaOqiPBySr9G+l7JeMdHpvldc="},"chainType":1,"messageKeys":{}}},"pendingPreKey":{"signedKeyId":1,"baseKey":"BQyfP5T7hGxXOu1R5e8d0zbqrmLp9b9vRQz2PbtYv786","preKeyId":5420197}}},"version":"v1"}