{"_sessions":{"BQFh1di7e/Nzgh96EbMUae7lnTluGoOWdpQsLGnjdol4":{"registrationId":242341810,"currentRatchet":{"ephemeralKeyPair":{"pubKey":"BfNYGCcOAJxJk09vESrN/nMHj2Vblw7bOKj9dfbmVO4W","privKey":"GGCOKCZHq4G6RplIpEaRC7El19iyG6Ca2Xmoi5sHUEE="},"lastRemoteEphemeralKey":"Bd9oH8mlfjrU8IR8vGO6QLWX0q5ENOL1Tcg2sGMNiiEe","previousCounter":0,"rootKey":"/RRYKUTsRB0/zkoZimjO8++4XRZc5kp9Zm5we476klA="},"indexInfo":{"baseKey":"BQFh1di7e/Nzgh96EbMUae7lnTluGoOWdpQsLGnjdol4","baseKeyType":1,"closed":-1,"used":1746645166097,"created":1746645166097,"remoteIdentityKey":"Bdf6vrTAMUY1IlCjaVWOAJhWTEkbqam+5BtIweVpC19d"},"_chains":{"BfNYGCcOAJxJk09vESrN/nMHj2Vblw7bOKj9dfbmVO4W":{"chainKey":{"counter":0,"key":"/BFocnpa/nCkaxpnvJLtKAg44VEBS6vX4zy0WxSIZfg="},"chainType":1,"messageKeys":{}}},"pendingPreKey":{"signedKeyId":2,"baseKey":"BQFh1di7e/Nzgh96EbMUae7lnTluGoOWdpQsLGnjdol4","preKeyId":5297304}}},"version":"v1"}