{"_sessions":{"BU8kA9PHPbselMXeZQzbJ+osKyobvHuaFNE3GVcclPQF":{"registrationId":823308398,"currentRatchet":{"ephemeralKeyPair":{"pubKey":"Be/rY3pSZPxIFLxRb400+WPwggj5RaeyI+7hUppoqD1i","privKey":"oIqYt/5BlsxD/0H8lMat18b3u4fWeu5gF/KNOQzuG3w="},"lastRemoteEphemeralKey":"BUt324QHQfmLOQj4zpUrfMC/97/ak34CF8GmgaAKWw5U","previousCounter":0,"rootKey":"bCSFTaJHa0JHKAwbQFphXAxnRI1G7AbVLxpSGsx+0bQ="},"indexInfo":{"baseKey":"BU8kA9PHPbselMXeZQzbJ+osKyobvHuaFNE3GVcclPQF","baseKeyType":1,"closed":-1,"used":1746645166027,"created":1746645166027,"remoteIdentityKey":"BWoh/YMryYKPwOPPz8f+z5hHqrL4LxNn3SMzDjNdTJ8r"},"_chains":{"Be/rY3pSZPxIFLxRb400+WPwggj5RaeyI+7hUppoqD1i":{"chainKey":{"counter":0,"key":"oSi0dy9gRCaB8Jj/0X+PVDevymFpuSbUJu8YQ9tlICE="},"chainType":1,"messageKeys":{}}},"pendingPreKey":{"signedKeyId":2,"baseKey":"BU8kA9PHPbselMXeZQzbJ+osKyobvHuaFNE3GVcclPQF","preKeyId":11854936}}},"version":"v1"}