{"_sessions":{"Bc31Bmquh7pEBJ4dQx0LocADZZ4dOElPb9p+SOOTZ+46":{"registrationId":1154248477,"currentRatchet":{"ephemeralKeyPair":{"pubKey":"BQStTU8ELr+ogf3dAaTZLNBbNyy3h+zNfr4Nb1i9JA9W","privKey":"OCeL335LINQszlTSMboGwzUOeCysxaJp997pjBW9O2E="},"lastRemoteEphemeralKey":"BTUN7PUkz8BxITzNm8zG5UkyP/ltqmrEXZdFd2IdMS4r","previousCounter":0,"rootKey":"p7h6jkUhN1CbMS/aZn1CednMGRCSJ/aeCN30RIRb2Ws="},"indexInfo":{"baseKey":"Bc31Bmquh7pEBJ4dQx0LocADZZ4dOElPb9p+SOOTZ+46","baseKeyType":1,"closed":-1,"used":1746645069974,"created":1746645069974,"remoteIdentityKey":"BVHdkjVKJd8M7BnnG+qYcXrWm9QRfC+EsnvSaiX2e9JX"},"_chains":{"BQStTU8ELr+ogf3dAaTZLNBbNyy3h+zNfr4Nb1i9JA9W":{"chainKey":{"counter":0,"key":"7cdJXl47YyILm2iOWO5PEWZl8RoGD6D+phBissCbzeg="},"chainType":1,"messageKeys":{}}},"pendingPreKey":{"signedKeyId":4,"baseKey":"Bc31Bmquh7pEBJ4dQx0LocADZZ4dOElPb9p+SOOTZ+46","preKeyId":6167393}}},"version":"v1"}