{"_sessions":{"BRRvMcl5FlpISW1jSl8pNSPCwsqoraNaJaUa2HywskVx":{"registrationId":2128238410,"currentRatchet":{"ephemeralKeyPair":{"pubKey":"BZLrRMbfOs87rD5WBlsZzFrEIIRNP/U1+UeeeyZXF0Q1","privKey":"KA+gdz8OXwdJ1row519yg5vvAkbJUI0pYqEkmc8YU28="},"lastRemoteEphemeralKey":"BbGqBP2O3LgOwYv/1x3VP87NKFMnyhgD8wGJS7wq+Thp","previousCounter":0,"rootKey":"tlSqMdpH3Sp3Vx6ogdlQDyBZpGdInPZO7auWwo4PfsY="},"indexInfo":{"baseKey":"BRRvMcl5FlpISW1jSl8pNSPCwsqoraNaJaUa2HywskVx","baseKeyType":1,"closed":1746627386541,"used":1746627366090,"created":1746627366090,"remoteIdentityKey":"Bagda4nQ2YkhIzBtiNzjggU/QYuNcS7rQcXozsxCu2g+"},"_chains":{"BZLrRMbfOs87rD5WBlsZzFrEIIRNP/U1+UeeeyZXF0Q1":{"chainKey":{"counter":0,"key":"unKUDhyRjCaSGUQNMWcWbmq1lT3+Xb0Jg2r57zJfE3Q="},"chainType":1,"messageKeys":{}}},"pendingPreKey":{"signedKeyId":12,"baseKey":"BRRvMcl5FlpISW1jSl8pNSPCwsqoraNaJaUa2HywskVx","preKeyId":5860135}},"BZtWX6oq8Xn69yKzIEy0h6Uyw0AIwYsEEVWnFnVKiaoD":{"registrationId":2128238410,"currentRatchet":{"ephemeralKeyPair":{"pubKey":"BVaJxfr5wMBeCa/24q4YNNYxQFm6li2CQ7PrCBG/LTts","privKey":"6GPI+vm8OzYCrj/Y7Vx4jRZ7I83cEyQZiPS22O0KykE="},"lastRemoteEphemeralKey":"BbGqBP2O3LgOwYv/1x3VP87NKFMnyhgD8wGJS7wq+Thp","previousCounter":0,"rootKey":"Kjb2AqLECgixp2hUfUBAbQBLbwUJRM1LjF2JL/gzJ5s="},"indexInfo":{"baseKey":"BZtWX6oq8Xn69yKzIEy0h6Uyw0AIwYsEEVWnFnVKiaoD","baseKeyType":1,"closed":1746627408760,"used":1746627386176,"created":1746627386176,"remoteIdentityKey":"Bagda4nQ2YkhIzBtiNzjggU/QYuNcS7rQcXozsxCu2g+"},"_chains":{"BVaJxfr5wMBeCa/24q4YNNYxQFm6li2CQ7PrCBG/LTts":{"chainKey":{"counter":0,"key":"IhdCWnL2z9PbhODzBYcmnc1lc1aOjKyeayIaJ/FFGi4="},"chainType":1,"messageKeys":{}}},"pendingPreKey":{"signedKeyId":12,"baseKey":"BZtWX6oq8Xn69yKzIEy0h6Uyw0AIwYsEEVWnFnVKiaoD","preKeyId":5860243}},"BeGOlgdBnz5RQXhJ+uu3rX8l5h/SFxq4XuCqM72XR2xm":{"registrationId":2128238410,"currentRatchet":{"ephemeralKeyPair":{"pubKey":"BZwrYZBuyoAgDo5rZyAf4kQ1gfFnZ5tIAW8S6SpppMNZ","privKey":"uDB8k5y1M7oQNDmjw57HbML/248mTgy5Hlxba+zo+2A="},"lastRemoteEphemeralKey":"BbGqBP2O3LgOwYv/1x3VP87NKFMnyhgD8wGJS7wq+Thp","previousCounter":0,"rootKey":"K0qTmF3lwmLv/WSrhkXDRdWPZbKWBbAaSD/3FpqNCzE="},"indexInfo":{"baseKey":"BeGOlgdBnz5RQXhJ+uu3rX8l5h/SFxq4XuCqM72XR2xm","baseKeyType":1,"closed":-1,"used":1746627408484,"created":1746627408484,"remoteIdentityKey":"Bagda4nQ2YkhIzBtiNzjggU/QYuNcS7rQcXozsxCu2g+"},"_chains":{"BZwrYZBuyoAgDo5rZyAf4kQ1gfFnZ5tIAW8S6SpppMNZ":{"chainKey":{"counter":3,"key":"HXO3O47DlFPNdZkbAuQVfLkHZf7f1+YuftguFwXb1UM="},"chainType":1,"messageKeys":{}}},"pendingPreKey":{"signedKeyId":12,"baseKey":"BeGOlgdBnz5RQXhJ+uu3rX8l5h/SFxq4XuCqM72XR2xm","preKeyId":5860214}}},"version":"v1"}