{"_sessions":{"BTCX6bQ/zBw8wfFOeF8O09auNBU2A2JZpopRSDX62LE5":{"registrationId":618934666,"currentRatchet":{"ephemeralKeyPair":{"pubKey":"BaRJ7k3zPNIWQsRZKZjiCdw6clXtMyAaBWiZwoD+1XNV","privKey":"iCnn/GWSz2Pmt0TbM5MUYVOqncHBs6S1SrfcYSMJpXg="},"lastRemoteEphemeralKey":"Bf6ngP9kf6TQHeDG/U2RXD5ncb6/Xyg3LhvXR+yxQnYt","previousCounter":0,"rootKey":"1NU6VcAwEe5T506g63edWcFz0/oNV0euR9MbB7hZCkQ="},"indexInfo":{"baseKey":"BTCX6bQ/zBw8wfFOeF8O09auNBU2A2JZpopRSDX62LE5","baseKeyType":1,"closed":-1,"used":1746644956704,"created":1746644956704,"remoteIdentityKey":"BVLXxW5BR0dVJaqRu8Ysfc1ZXVaXtgG0JmORwxfcNdx0"},"_chains":{"BaRJ7k3zPNIWQsRZKZjiCdw6clXtMyAaBWiZwoD+1XNV":{"chainKey":{"counter":1,"key":"5LwGNDb8cyza0ovop9/vhEDCPXdxTkxSlgDAXu2Cx5s="},"chainType":1,"messageKeys":{}}},"pendingPreKey":{"signedKeyId":5,"baseKey":"BTCX6bQ/zBw8wfFOeF8O09auNBU2A2JZpopRSDX62LE5","preKeyId":9659687}}},"version":"v1"}