{"_sessions":{"Bb53JvsI2YRYHhFrrP1EO3bRDwAVo1rYjjlqd5DjIGUa":{"registrationId":1083267103,"currentRatchet":{"ephemeralKeyPair":{"pubKey":"BVporyE4Viy5rUx0s6xP0ItrBSZkko69U4NRyCm1LJEF","privKey":"yHfxcLJrLkKrvufsGBtHU6Uq9XwOvXQHXOkRgsd7NWI="},"lastRemoteEphemeralKey":"BTlztojluHn7QoiVfmugWbMU/SVI2mxgOXrVHxzLu18/","previousCounter":0,"rootKey":"SL6MMSzOsxMfm2tsK0mKJtFoMF2fvmwSlE/mEzCF/OM="},"indexInfo":{"baseKey":"Bb53JvsI2YRYHhFrrP1EO3bRDwAVo1rYjjlqd5DjIGUa","baseKeyType":1,"closed":-1,"used":1746645162429,"created":1746645162429,"remoteIdentityKey":"BUhrrT1H7e3ydU5cvvKYsa7bGVH2LFF9gj+EZc+tYD5+"},"_chains":{"BVporyE4Viy5rUx0s6xP0ItrBSZkko69U4NRyCm1LJEF":{"chainKey":{"counter":0,"key":"Zx/KcgmyKKA5CniAt+7OfNGoDlHkWHNLMCZtuDh62ww="},"chainType":1,"messageKeys":{}}},"pendingPreKey":{"signedKeyId":15,"baseKey":"Bb53JvsI2YRYHhFrrP1EO3bRDwAVo1rYjjlqd5DjIGUa","preKeyId":1971051}}},"version":"v1"}