{"_sessions":{"BT/8Nr55Tmpls+3u71+iMXFtFdj32zqybId2K8KMDQVH":{"registrationId":1883324921,"currentRatchet":{"ephemeralKeyPair":{"pubKey":"BSiiI7pTws6V1QHv9doPIwYHi7esJw0smDvGGFJ87LZu","privKey":"6D4lsYb7kZunRpnmDjooWBEsxM50pRqjcorlXffDgW0="},"lastRemoteEphemeralKey":"BTw0h9ADUzVlI+NaaoKpPbJopkA3STQoPwmLZo2Tcz4i","previousCounter":0,"rootKey":"J5KaDROVsAoA6lStvBYiX8sohipYKFSuuZhxtdEiuh8="},"indexInfo":{"baseKey":"BT/8Nr55Tmpls+3u71+iMXFtFdj32zqybId2K8KMDQVH","baseKeyType":1,"closed":-1,"used":1746645158834,"created":1746645158834,"remoteIdentityKey":"BWFzEzPQEeTY1dgGFQuRJd82HhwLvecBUpZHxNn3mDRn"},"_chains":{"BSiiI7pTws6V1QHv9doPIwYHi7esJw0smDvGGFJ87LZu":{"chainKey":{"counter":0,"key":"QUa+kpBZGpTae2TSm3IHpPCYu9poY5qpgU8hw64GJFI="},"chainType":1,"messageKeys":{}}},"pendingPreKey":{"signedKeyId":18,"baseKey":"BT/8Nr55Tmpls+3u71+iMXFtFdj32zqybId2K8KMDQVH","preKeyId":4546756}}},"version":"v1"}