{"_sessions":{"BcEgFmR/Vh9dpRcyGwmJrIdSpJTDrDk84BnbgRn5AF0l":{"registrationId":1420670233,"currentRatchet":{"ephemeralKeyPair":{"pubKey":"BdxrMBmy5lijns4W3/X3YyMlxyKsDjrVVV/b9K8L0306","privKey":"EKhrBnCSWBcckQnXreGu4HO6v2DJSLZoWBo/fzNoT04="},"lastRemoteEphemeralKey":"BaYj9dJaFHx/SRw7G/6VizDxcKA8eQakFeUjzqo8PtBo","previousCounter":0,"rootKey":"yp0vFu5aR39H5LTdGCmMY22+znFh1gfe+w26OucRH/Y="},"indexInfo":{"baseKey":"BcEgFmR/Vh9dpRcyGwmJrIdSpJTDrDk84BnbgRn5AF0l","baseKeyType":1,"closed":-1,"used":1746644960041,"created":1746644960041,"remoteIdentityKey":"BbF4jM90t7lJCXh69diLi56TlZk6J8Lkyy1204hA6eI3"},"_chains":{"BdxrMBmy5lijns4W3/X3YyMlxyKsDjrVVV/b9K8L0306":{"chainKey":{"counter":1,"key":"RBZk1zPvQ83zs65ZDDyn/CeN3gRusfYQzbEhT+Jrg8E="},"chainType":1,"messageKeys":{}}},"pendingPreKey":{"signedKeyId":14,"baseKey":"BcEgFmR/Vh9dpRcyGwmJrIdSpJTDrDk84BnbgRn5AF0l","preKeyId":734654}}},"version":"v1"}