{"_sessions":{"BQRi2zALSAgbpQc04RzdeJ6FsfmmZVJrBgv3br/mZK9q":{"registrationId":1284329440,"currentRatchet":{"ephemeralKeyPair":{"pubKey":"BVpApbViXQC5M3bkmMZZ2WIuEvfjRfx2+rJqbrSGKPEf","privKey":"YKzQiyKMW4ORAPR+w7KkHpRjZc0TC/R1GyXPvjHk024="},"lastRemoteEphemeralKey":"BWRXBotOUV1bo6c54jciYMD3kDhq/4AKiU2MN4Y+sX0S","previousCounter":0,"rootKey":"CNssD15QYEut97QsouEmE2Tf9txaxUP3ZfgdSFqrmOU="},"indexInfo":{"baseKey":"BQRi2zALSAgbpQc04RzdeJ6FsfmmZVJrBgv3br/mZK9q","baseKeyType":1,"closed":-1,"used":1746645070418,"created":1746645070418,"remoteIdentityKey":"BTLeLe7VmPFlPh3PWiwuYjEwVZ4mEDn4PJC48rK7yVxZ"},"_chains":{"BVpApbViXQC5M3bkmMZZ2WIuEvfjRfx2+rJqbrSGKPEf":{"chainKey":{"counter":0,"key":"9pIE9NGuK8Ka81ttPccmB4zPjIDLR7Ve3ggzvUcGe5Q="},"chainType":1,"messageKeys":{}}},"pendingPreKey":{"signedKeyId":3,"baseKey":"BQRi2zALSAgbpQc04RzdeJ6FsfmmZVJrBgv3br/mZK9q"}}},"version":"v1"}