{"_sessions":{"Bf4oRSOYu9zWs5OEyVks+jAdoc9ZO014Vvy4CAdkQawX":{"registrationId":869538102,"currentRatchet":{"ephemeralKeyPair":{"pubKey":"BabvZyYXSti9J59/tgwn/eGByi01d49sd2UXPgG6+EZC","privKey":"iORBLJTVykJvXZTBE4t1Aw5YqACpSoWffO4haT8aXEg="},"lastRemoteEphemeralKey":"BU//+farVqtnhlXtoFNgTqoQRNWq4Ug4Clk/AJpK8lcg","previousCounter":0,"rootKey":"7RuXsNBWZ5avaz4i8ToOnVmDyeTwi0o6ckwVgFZDGlc="},"indexInfo":{"baseKey":"Bf4oRSOYu9zWs5OEyVks+jAdoc9ZO014Vvy4CAdkQawX","baseKeyType":1,"closed":-1,"used":1746645158722,"created":1746645158722,"remoteIdentityKey":"BdfiRCMJ4/YRsvSq9NHrRCzdQ4+9jArdLXFFxpWs3pdy"},"_chains":{"BabvZyYXSti9J59/tgwn/eGByi01d49sd2UXPgG6+EZC":{"chainKey":{"counter":0,"key":"sPLOJUqQk1w+Ck8Fb390rhMFutUIEaq/SyOeVP7C5k0="},"chainType":1,"messageKeys":{}}},"pendingPreKey":{"signedKeyId":2,"baseKey":"Bf4oRSOYu9zWs5OEyVks+jAdoc9ZO014Vvy4CAdkQawX","preKeyId":16629690}}},"version":"v1"}