{"_sessions":{"BdJ7WljxTMLt/DEsDwpZnhbpOFMg5JukbI8RvxQvXq9v":{"registrationId":577315403,"currentRatchet":{"ephemeralKeyPair":{"pubKey":"BYgB7Nb7qXDYzqa5aRPg3GdCACRtg2S2YEJUyMP6AU9y","privKey":"KHHb3tp1aSzE+woGjT2+T92aGo3YRna7+mYagZrNaEo="},"lastRemoteEphemeralKey":"BYZVahYy6AKYockElZjpuYQL8zGgenPx33m7PzmM5Wd8","previousCounter":0,"rootKey":"bY74lowi6Bnzhyl7vjXuGZWMfwJOHuY3HmIjJlUAexA="},"indexInfo":{"baseKey":"BdJ7WljxTMLt/DEsDwpZnhbpOFMg5JukbI8RvxQvXq9v","baseKeyType":1,"closed":-1,"used":1746644959998,"created":1746644959998,"remoteIdentityKey":"BSJFvMPTvzH12xGEzXAIGw1Jex4oL6LjIoJZ2k9krLdn"},"_chains":{"BYgB7Nb7qXDYzqa5aRPg3GdCACRtg2S2YEJUyMP6AU9y":{"chainKey":{"counter":1,"key":"WpJ50aDffHFZT2lYflzUsEtYMQd2vHSr/R5nuuYKKSg="},"chainType":1,"messageKeys":{}}},"pendingPreKey":{"signedKeyId":10,"baseKey":"BdJ7WljxTMLt/DEsDwpZnhbpOFMg5JukbI8RvxQvXq9v","preKeyId":3900365}}},"version":"v1"}