{"_sessions":{"BTVBFw9qc/ksJzADSMvPZI0Yv+Z7w8bGqg3pdV1C7Y1x":{"registrationId":1270010308,"currentRatchet":{"ephemeralKeyPair":{"pubKey":"BVGPOlt3vo/5u+1WUi70cFqbRtDveSl42E2jsrNgdIAT","privKey":"6KY0fybB17806/G+Wb1rWWIl7Ofie7ief2I32PlS4Xo="},"lastRemoteEphemeralKey":"BeaTIMILzpbN5m05EvQ0BhHtQ8lMlsTPPqMTvV7GEvt5","previousCounter":0,"rootKey":"v4RU5uvS9UI1a3vfvSSKUZQz9pZYpY04m+IfATV0B4E="},"indexInfo":{"baseKey":"BTVBFw9qc/ksJzADSMvPZI0Yv+Z7w8bGqg3pdV1C7Y1x","baseKeyType":1,"closed":1746627386527,"used":1746627366043,"created":1746627366043,"remoteIdentityKey":"BSM23r1H2zdgRxqpTKeBJxPUOjUzyEJyBx3yjGeQPJJN"},"_chains":{"BVGPOlt3vo/5u+1WUi70cFqbRtDveSl42E2jsrNgdIAT":{"chainKey":{"counter":0,"key":"4iKlBpANYVSDUuysKncfe0PkB5QjQq+2jCoLz61Fa3A="},"chainType":1,"messageKeys":{}}},"pendingPreKey":{"signedKeyId":10571823,"baseKey":"BTVBFw9qc/ksJzADSMvPZI0Yv+Z7w8bGqg3pdV1C7Y1x","preKeyId":1192}},"BSwrpPDHVIRiefad8hzoub/mMc4Dr7C9bukBXaz2Xegx":{"registrationId":1270010308,"currentRatchet":{"ephemeralKeyPair":{"pubKey":"BRKTrge5DW94IpNC1IG3Vw1U20yEXKN1abb2A2btDy1M","privKey":"YNpJBMESIRr0WS3z5QZWFLKHf6ThV2R9LthYy+4TlEc="},"lastRemoteEphemeralKey":"BeaTIMILzpbN5m05EvQ0BhHtQ8lMlsTPPqMTvV7GEvt5","previousCounter":0,"rootKey":"7Fb1IUx7dHOuveHwco6AmtcqHkVKegIe0MaF2S4sEes="},"indexInfo":{"baseKey":"BSwrpPDHVIRiefad8hzoub/mMc4Dr7C9bukBXaz2Xegx","baseKeyType":1,"closed":1746627408749,"used":1746627386123,"created":1746627386123,"remoteIdentityKey":"BSM23r1H2zdgRxqpTKeBJxPUOjUzyEJyBx3yjGeQPJJN"},"_chains":{"BRKTrge5DW94IpNC1IG3Vw1U20yEXKN1abb2A2btDy1M":{"chainKey":{"counter":0,"key":"P8SoSt4gTdjA6CQD1at/QzjPBNgX8kdvG2MnAHXZnSM="},"chainType":1,"messageKeys":{}}},"pendingPreKey":{"signedKeyId":10571823,"baseKey":"BSwrpPDHVIRiefad8hzoub/mMc4Dr7C9bukBXaz2Xegx","preKeyId":1145}},"Ba2H5GObq9WNPxJ4GPFR/ZRg7tK0YuXBiaE5vfIVkxMH":{"registrationId":1270010308,"currentRatchet":{"ephemeralKeyPair":{"pubKey":"BQM2KJgJZe9Oz2WbxwEr8np9/oIEnbCyLPdQn4jcqsp8","privKey":"0AA5DjEMVjvFTX7/6ZmeETOcKHAP6lWQW2+PuDfbsnc="},"lastRemoteEphemeralKey":"BeaTIMILzpbN5m05EvQ0BhHtQ8lMlsTPPqMTvV7GEvt5","previousCounter":0,"rootKey":"c2Uf2wHRA6oyUYGTz89wkznmchY//ticsiHGgGGDzfk="},"indexInfo":{"baseKey":"Ba2H5GObq9WNPxJ4GPFR/ZRg7tK0YuXBiaE5vfIVkxMH","baseKeyType":1,"closed":-1,"used":1746627408438,"created":1746627408438,"remoteIdentityKey":"BSM23r1H2zdgRxqpTKeBJxPUOjUzyEJyBx3yjGeQPJJN"},"_chains":{"BQM2KJgJZe9Oz2WbxwEr8np9/oIEnbCyLPdQn4jcqsp8":{"chainKey":{"counter":3,"key":"DK26YEwM07be22bPKgb0F+C1YaL5g1I/4oUUMSdr13g="},"chainType":1,"messageKeys":{}}},"pendingPreKey":{"signedKeyId":10571823,"baseKey":"Ba2H5GObq9WNPxJ4GPFR/ZRg7tK0YuXBiaE5vfIVkxMH","preKeyId":1098}}},"version":"v1"}