{"_sessions":{"BeN2Cume2b4NnySn52IfmzIUVaVzeVcsiMds+K89R8gL":{"registrationId":924725443,"currentRatchet":{"ephemeralKeyPair":{"pubKey":"Bc3ct6clm4g6aX39w0ZJGfCMwiBFAZy3/X2i5uYEexUS","privKey":"4NJYkrOx8hPsL31NjXY27hXSjZYnjnkaOH6KDtjydEY="},"lastRemoteEphemeralKey":"BdGDOTpO+tftm3DLartharJd14i8etC2jxDCYSJT2qEx","previousCounter":0,"rootKey":"cSBXRmJ4YoVuXWfivx7THUEM6uQa22HdU1GZYRps4f0="},"indexInfo":{"baseKey":"BeN2Cume2b4NnySn52IfmzIUVaVzeVcsiMds+K89R8gL","baseKeyType":1,"closed":-1,"used":1746612492632,"created":1746612492632,"remoteIdentityKey":"BUvDeINs+RuoAtQls7G9/IVOyYus1tidYRT26/G/o8s3"},"_chains":{"Bc3ct6clm4g6aX39w0ZJGfCMwiBFAZy3/X2i5uYEexUS":{"chainKey":{"counter":4,"key":"GjhlVm7DMRk8gZey2/WHs9Rn1fgcQaa5U4csjbAD3/w="},"chainType":1,"messageKeys":{}}},"pendingPreKey":{"signedKeyId":10,"baseKey":"BeN2Cume2b4NnySn52IfmzIUVaVzeVcsiMds+K89R8gL","preKeyId":3324815}}},"version":"v1"}