{"_sessions":{"BUV9DfofBkzxdAFLWXU6uAL+LSig1yTqIs+GOUaXcX8Q":{"registrationId":2118285970,"currentRatchet":{"ephemeralKeyPair":{"pubKey":"BRbISoiwsndizgGopbnfy35Jf1aZCtbBRHCtrzQGORgw","privKey":"WJlp+qunv8SSOaX+wip6D9MKBl88EvukNwZgp1S2n0U="},"lastRemoteEphemeralKey":"Ba84nv0LNjioHbkMFW0f1WwlEnb8cJYjuJybHSbFM1x/","previousCounter":0,"rootKey":"TBzRbe73rCBSGJavCiPlEsErh9ZfBf5elPQZBk7x1vM="},"indexInfo":{"baseKey":"BUV9DfofBkzxdAFLWXU6uAL+LSig1yTqIs+GOUaXcX8Q","baseKeyType":1,"closed":-1,"used":1746645158717,"created":1746645158717,"remoteIdentityKey":"BVtkbSLRkrVRyKfb/HHp5JhfruRIhitG1I57wVq4eCwj"},"_chains":{"BRbISoiwsndizgGopbnfy35Jf1aZCtbBRHCtrzQGORgw":{"chainKey":{"counter":0,"key":"gmW9CGPGFa5QD1VwyKHlG1lkxG0aJvSmsdc0t9Qj+ro="},"chainType":1,"messageKeys":{}}},"pendingPreKey":{"signedKeyId":1,"baseKey":"BUV9DfofBkzxdAFLWXU6uAL+LSig1yTqIs+GOUaXcX8Q","preKeyId":11735887}}},"version":"v1"}