{"_sessions":{"BdnhTf0Vjh19tYV6JxkhNd00fCqJ//fMnDz4zrNRVTpE":{"registrationId":1153904128,"currentRatchet":{"ephemeralKeyPair":{"pubKey":"Be9RFSomi3+jybkSqbPppVvgPosnSRqahF0ClFm9ZEsC","privKey":"mCiHT+pwk2b/PGsZ7AdNvvu3ml+VGX1k2foR6r+weFs="},"lastRemoteEphemeralKey":"BQrAzEaduIf65AX861LslXPSUQCQ6jI2Rrm2azyhu5lK","previousCounter":0,"rootKey":"ZNfgHbo7VfSivAyyD73wtHZo20/n2JuaS2uUykwMfl0="},"indexInfo":{"baseKey":"BdnhTf0Vjh19tYV6JxkhNd00fCqJ//fMnDz4zrNRVTpE","baseKeyType":1,"closed":1746627386544,"used":1746627366101,"created":1746627366101,"remoteIdentityKey":"BQLw6jjY+bH9zEj6HTXs96QO4LVYQDCXcT2ULTcDIc9b"},"_chains":{"Be9RFSomi3+jybkSqbPppVvgPosnSRqahF0ClFm9ZEsC":{"chainKey":{"counter":0,"key":"1RTI+/XKTpCrp/K6oNpXritkZBfMlwIbn5OmIR9MZZs="},"chainType":1,"messageKeys":{}}},"pendingPreKey":{"signedKeyId":3,"baseKey":"BdnhTf0Vjh19tYV6JxkhNd00fCqJ//fMnDz4zrNRVTpE","preKeyId":10365316}},"BZ/2a/1BzDv5whhf2Z5yLkv/7lB4YJgxcmhyvJAxM+YG":{"registrationId":1153904128,"currentRatchet":{"ephemeralKeyPair":{"pubKey":"BXN5LwfEtYirW+pru9UGT4iyF7+0nnpAiAp6YkfOGn9e","privKey":"gBJD1sO6OeESl1vLx93VKREeGIPOJa94mkSAtElaPEk="},"lastRemoteEphemeralKey":"BQrAzEaduIf65AX861LslXPSUQCQ6jI2Rrm2azyhu5lK","previousCounter":0,"rootKey":"KbqUV8j32+i2fPU1/lY1PUdj+I84XWtvltPavy2Qvko="},"indexInfo":{"baseKey":"BZ/2a/1BzDv5whhf2Z5yLkv/7lB4YJgxcmhyvJAxM+YG","baseKeyType":1,"closed":1746627408762,"used":1746627386191,"created":1746627386191,"remoteIdentityKey":"BQLw6jjY+bH9zEj6HTXs96QO4LVYQDCXcT2ULTcDIc9b"},"_chains":{"BXN5LwfEtYirW+pru9UGT4iyF7+0nnpAiAp6YkfOGn9e":{"chainKey":{"counter":0,"key":"eK3Nj6hdtgQMG09nEr39FxWeMXbBNKa5bG8rmD4oEpk="},"chainType":1,"messageKeys":{}}},"pendingPreKey":{"signedKeyId":3,"baseKey":"BZ/2a/1BzDv5whhf2Z5yLkv/7lB4YJgxcmhyvJAxM+YG","preKeyId":10366621}},"BaglPKQF9MgvFlWFTynzKF8I3YqSm+VYh7h3N+WMMXhl":{"registrationId":1153904128,"currentRatchet":{"ephemeralKeyPair":{"pubKey":"BW1sUcedjYtLg5NcpFomXvHX0Q2TbcNpac1gB8o5/4Ez","privKey":"UN0bIt2eg40v0ncQ7pGazPxfXIlzmai16OuCAD7Sklc="},"lastRemoteEphemeralKey":"BQrAzEaduIf65AX861LslXPSUQCQ6jI2Rrm2azyhu5lK","previousCounter":0,"rootKey":"Ogp496sFgD3EJLwo40uY8az3l7n3UObBKApHFY8488E="},"indexInfo":{"baseKey":"BaglPKQF9MgvFlWFTynzKF8I3YqSm+VYh7h3N+WMMXhl","baseKeyType":1,"closed":-1,"used":1746627408495,"created":1746627408495,"remoteIdentityKey":"BQLw6jjY+bH9zEj6HTXs96QO4LVYQDCXcT2ULTcDIc9b"},"_chains":{"BW1sUcedjYtLg5NcpFomXvHX0Q2TbcNpac1gB8o5/4Ez":{"chainKey":{"counter":3,"key":"K5VCRwIpbqUZhzFuagi9SeLAy/UsrYutFjl0fg3Xu7A="},"chainType":1,"messageKeys":{}}},"pendingPreKey":{"signedKeyId":3,"baseKey":"BaglPKQF9MgvFlWFTynzKF8I3YqSm+VYh7h3N+WMMXhl","preKeyId":10365364}}},"version":"v1"}