{"_sessions":{"BblrCBGr8v84BFt9n+2xIRtsrwNOT8jxo/E9k9bbYC9s":{"registrationId":29421109,"currentRatchet":{"ephemeralKeyPair":{"pubKey":"BdpqMxSMibH8HMHKulOXbq5dyUo3bFc6Cv88JMpm2sMI","privKey":"8EJg9cmrPqp+TV5jx981CjyHKhvzmTkshb035xj6CHc="},"lastRemoteEphemeralKey":"BVRl2gVKyN7IjQmfeL8+FGf4awICmT3zj5Yzg7nOx4g5","previousCounter":0,"rootKey":"ECAki8LoQEW3TmikGKfpGPqfAo8V5b3+0atAxEy3Faw="},"indexInfo":{"baseKey":"BblrCBGr8v84BFt9n+2xIRtsrwNOT8jxo/E9k9bbYC9s","baseKeyType":1,"closed":1746627382534,"used":1746627362610,"created":1746627362610,"remoteIdentityKey":"BfUxXZ+aqlootVD6i94Iu8Y2p5/H5QK7QLlZzf8o4f98"},"_chains":{"BdpqMxSMibH8HMHKulOXbq5dyUo3bFc6Cv88JMpm2sMI":{"chainKey":{"counter":0,"key":"srH9hw1m30BdAjI9aNP/Fj4Q8bHLyMk2Z7P/o6R/k8o="},"chainType":1,"messageKeys":{}}},"pendingPreKey":{"signedKeyId":5,"baseKey":"BblrCBGr8v84BFt9n+2xIRtsrwNOT8jxo/E9k9bbYC9s","preKeyId":14779815}},"BZSxKXAt/8Of3oUvH8WmrmdJWfFr9T7LgeFXKcX9eMVh":{"registrationId":29421109,"currentRatchet":{"ephemeralKeyPair":{"pubKey":"Ba2osoXlfqFL4/b1TjMKko3D/OZx2cksepT28lZy0NsW","privKey":"6JRdLfSUDiAv/uKR6G+K9xAMs5OtsryzAIwyiKpFLFg="},"lastRemoteEphemeralKey":"BVRl2gVKyN7IjQmfeL8+FGf4awICmT3zj5Yzg7nOx4g5","previousCounter":0,"rootKey":"33zFFyZbHzkKdYjQ52QlxFMswyGga1mXYPFvrZFgeXc="},"indexInfo":{"baseKey":"BZSxKXAt/8Of3oUvH8WmrmdJWfFr9T7LgeFXKcX9eMVh","baseKeyType":1,"closed":1746627404918,"used":1746627382000,"created":1746627382000,"remoteIdentityKey":"BfUxXZ+aqlootVD6i94Iu8Y2p5/H5QK7QLlZzf8o4f98"},"_chains":{"Ba2osoXlfqFL4/b1TjMKko3D/OZx2cksepT28lZy0NsW":{"chainKey":{"counter":0,"key":"KyyFRGVGoXV9utKoZOgz3cGx7wmEtBGoPniin2uZ300="},"chainType":1,"messageKeys":{}}},"pendingPreKey":{"signedKeyId":5,"baseKey":"BZSxKXAt/8Of3oUvH8WmrmdJWfFr9T7LgeFXKcX9eMVh","preKeyId":14780276}},"BbkW6ABZJL9rJ8CzRRvhE0e3Gp0phSntfay7c0ZluA9O":{"registrationId":29421109,"currentRatchet":{"ephemeralKeyPair":{"pubKey":"BaGVOlPVjg3IwM7tDDp75cy16RQeswZ3Id/sU9P78SoA","privKey":"KP1cE0vhNXJx3gdY0DJp3RDhcvpUstr/27ocH4eYDHU="},"lastRemoteEphemeralKey":"BVRl2gVKyN7IjQmfeL8+FGf4awICmT3zj5Yzg7nOx4g5","previousCounter":0,"rootKey":"DClVkzEmRdJtTs6GNvCIm2Hb8IaVcJTqD76chYshf7k="},"indexInfo":{"baseKey":"BbkW6ABZJL9rJ8CzRRvhE0e3Gp0phSntfay7c0ZluA9O","baseKeyType":1,"closed":-1,"used":1746627404748,"created":1746627404748,"remoteIdentityKey":"BfUxXZ+aqlootVD6i94Iu8Y2p5/H5QK7QLlZzf8o4f98"},"_chains":{"BaGVOlPVjg3IwM7tDDp75cy16RQeswZ3Id/sU9P78SoA":{"chainKey":{"counter":3,"key":"T/b0zuv0x7OM6sNmUy9x6SqWDpyQGZjxSKI9ePkwBlc="},"chainType":1,"messageKeys":{}}},"pendingPreKey":{"signedKeyId":5,"baseKey":"BbkW6ABZJL9rJ8CzRRvhE0e3Gp0phSntfay7c0ZluA9O","preKeyId":14779846}}},"version":"v1"}