{"_sessions":{"BdhKRdSHhHKAglOEr71krzmh6QZUza3dmpAXfXrYIM4N":{"registrationId":1072448909,"currentRatchet":{"ephemeralKeyPair":{"pubKey":"BYj4heTX3wO8yhC3wSxPmwND4bSLsGnYJizFPr1By2h3","privKey":"oCSj2GJG72E1TRx35dRnA6k0jctuWSmpqdRailG9JGI="},"lastRemoteEphemeralKey":"BXsKzSC5k9OGvayTNDNRe+h7bIRguzZNNkzyYgoFAC8k","previousCounter":4,"rootKey":"CqP8nPcNaf24FuV+vpxikBAyqlooOmTNb6vxsSY79jg="},"indexInfo":{"baseKey":"BdhKRdSHhHKAglOEr71krzmh6QZUza3dmpAXfXrYIM4N","baseKeyType":1,"closed":-1,"used":1746641407183,"created":1746612488914,"remoteIdentityKey":"BU4VJXZFxIBOmjCxRngvtzdkIhGroSAJM4013TFGm3MY"},"_chains":{"BXsKzSC5k9OGvayTNDNRe+h7bIRguzZNNkzyYgoFAC8k":{"chainKey":{"counter":0,"key":"hQtmcPJyyIeVYwVx/AZA1u2vutXSKGrLZDqrczKHcQQ="},"chainType":2,"messageKeys":{}},"BYj4heTX3wO8yhC3wSxPmwND4bSLsGnYJizFPr1By2h3":{"chainKey":{"counter":-1,"key":"B1f8IXoQlYiSHXvctvDHKpNEm/Pqk4LeGA4ySwhkf4E="},"chainType":1,"messageKeys":{}}}}},"version":"v1"}