{"_sessions":{"BaEbJeT04ObeNYJy35YRcTejPPbHBPFpfL4fGGbhDFRG":{"registrationId":212431364,"currentRatchet":{"ephemeralKeyPair":{"pubKey":"BVlzsBfc6SprELf+5+PCno2XT9kfNSf+yx0BOCiQM6Qt","privKey":"OKtoIIzKjloQNUKIMEO6LAVGKtq5heibmnzVZAGetmU="},"lastRemoteEphemeralKey":"BctNsm10kZBzqLwm0DXukm8eESPD/gOVMa2uHKYT7U0V","previousCounter":0,"rootKey":"KL9wb6AT8Fr2aib9VPhjYsmKtoPc/YyPF+WHVkypcEQ="},"indexInfo":{"baseKey":"BaEbJeT04ObeNYJy35YRcTejPPbHBPFpfL4fGGbhDFRG","baseKeyType":1,"closed":1746627386479,"used":1746627365863,"created":1746627365863,"remoteIdentityKey":"Bcb20MeDyry653Sad79PdBVHEct1GMljBNNJdMt6PPRC"},"_chains":{"BVlzsBfc6SprELf+5+PCno2XT9kfNSf+yx0BOCiQM6Qt":{"chainKey":{"counter":0,"key":"GlvaDeThTq6JdF5TvhJNVzAj0PebQP4wLqD5FxWyzlw="},"chainType":1,"messageKeys":{}}},"pendingPreKey":{"signedKeyId":14633258,"baseKey":"BaEbJeT04ObeNYJy35YRcTejPPbHBPFpfL4fGGbhDFRG","preKeyId":2159}},"BVjWr/vObxsnmYRKoNVatRvQd37jh1DZX995zzpfJBhY":{"registrationId":212431364,"currentRatchet":{"ephemeralKeyPair":{"pubKey":"BbjU311+wiYwC130KSH9bQtJPfrLiHvvGd/35u1u1kAa","privKey":"cFhL2qFGOjNpOzjF6EnhcwiXGQOCPNtTODa3Iz+3E0A="},"lastRemoteEphemeralKey":"BctNsm10kZBzqLwm0DXukm8eESPD/gOVMa2uHKYT7U0V","previousCounter":0,"rootKey":"PzhuUP8iFl6y5C/TCK8B1X0HdE9qlSIHKAjHQMDfa6w="},"indexInfo":{"baseKey":"BVjWr/vObxsnmYRKoNVatRvQd37jh1DZX995zzpfJBhY","baseKeyType":1,"closed":1746627408714,"used":1746627385927,"created":1746627385927,"remoteIdentityKey":"Bcb20MeDyry653Sad79PdBVHEct1GMljBNNJdMt6PPRC"},"_chains":{"BbjU311+wiYwC130KSH9bQtJPfrLiHvvGd/35u1u1kAa":{"chainKey":{"counter":0,"key":"7gASn8ca/P3juPwsoCazt593bdpRzaso4qjZDtlcNzo="},"chainType":1,"messageKeys":{}}},"pendingPreKey":{"signedKeyId":14633258,"baseKey":"BVjWr/vObxsnmYRKoNVatRvQd37jh1DZX995zzpfJBhY","preKeyId":1876}},"BdiStq9lD4GDrebgy1SmVBb95xUj4YqXDvWpV6yWsK5g":{"registrationId":212431364,"currentRatchet":{"ephemeralKeyPair":{"pubKey":"BbFcYln5qwE5W7jOEzTIZnG7ZCK8rrWlMMmLEOcEEkAH","privKey":"mATLT7LsogZivUh5TxT12txUkf9DGY0iEkKTzgFMGlI="},"lastRemoteEphemeralKey":"BctNsm10kZBzqLwm0DXukm8eESPD/gOVMa2uHKYT7U0V","previousCounter":0,"rootKey":"6+01m8rLE2oigXJmyzMn9oLeNyNFUqhcA1Y4J/szlTY="},"indexInfo":{"baseKey":"BdiStq9lD4GDrebgy1SmVBb95xUj4YqXDvWpV6yWsK5g","baseKeyType":1,"closed":-1,"used":1746627408287,"created":1746627408287,"remoteIdentityKey":"Bcb20MeDyry653Sad79PdBVHEct1GMljBNNJdMt6PPRC"},"_chains":{"BbFcYln5qwE5W7jOEzTIZnG7ZCK8rrWlMMmLEOcEEkAH":{"chainKey":{"counter":3,"key":"ELfDDmver9DGrlnSm3vCHcxLewBDTnyfazv3WOgOzbs="},"chainType":1,"messageKeys":{}}},"pendingPreKey":{"signedKeyId":14633258,"baseKey":"BdiStq9lD4GDrebgy1SmVBb95xUj4YqXDvWpV6yWsK5g","preKeyId":1942}}},"version":"v1"}