{"_sessions":{"BeP9NTcKZnVhgEDivYAruLzrLA79Brvt5nqJi5vTpepQ":{"registrationId":1554720360,"currentRatchet":{"ephemeralKeyPair":{"pubKey":"BbPJcAqRCUOi6D1IheTYudy5FIcHN4udPnG6jKmbzIgd","privKey":"iAEVuNXKkudk59i6xMA20Q1RwNdSsev+cGCTM1caQnI="},"lastRemoteEphemeralKey":"BVeZ7E94CVwu+I5S8IOAHpzsSYVaCa0owYLFvf6CCDYZ","previousCounter":0,"rootKey":"+UV+u41B7tB2mPPK+f8raP1d76rxuVrYn0u0Dbff3Ug="},"indexInfo":{"baseKey":"BeP9NTcKZnVhgEDivYAruLzrLA79Brvt5nqJi5vTpepQ","baseKeyType":1,"closed":-1,"used":1746612492694,"created":1746612492694,"remoteIdentityKey":"BcRO2wz1owTqSobxXiZEn+xH/sSf/90ViXl2O8/Qb6IL"},"_chains":{"BbPJcAqRCUOi6D1IheTYudy5FIcHN4udPnG6jKmbzIgd":{"chainKey":{"counter":4,"key":"Km/2Hax5S5k58QqKXFpIhiliCkueJarFLePnglCfsJA="},"chainType":1,"messageKeys":{}}},"pendingPreKey":{"signedKeyId":2,"baseKey":"BeP9NTcKZnVhgEDivYAruLzrLA79Brvt5nqJi5vTpepQ","preKeyId":6510804}}},"version":"v1"}