{"_sessions":{"BYIMU6hk57Ca6yQYOL9kHW/ViENR44iTBR4O5JV9tCk0":{"registrationId":4147610998,"currentRatchet":{"ephemeralKeyPair":{"pubKey":"BQQnSAbS4JSkP4iVPhftNoHZ/ucbeA52GmJERzFRiDUf","privKey":"iG1YAqczms86msYSrqWPmucXEPtOaJvA41LvlSXTlmE="},"lastRemoteEphemeralKey":"BaCmcZaWaUvrFqobImHuTPbbxgWxbpvS7KWd+GbSmVlJ","previousCounter":0,"rootKey":"WrwlyYYf0ZR0udYR3pHEIqzkjW+G8hU80Ouqs39oCU0="},"indexInfo":{"baseKey":"BYIMU6hk57Ca6yQYOL9kHW/ViENR44iTBR4O5JV9tCk0","baseKeyType":1,"closed":1746645271687,"used":1746644956610,"created":1746644956610,"remoteIdentityKey":"BbfmbyRmC+ckTzho7Q0R5hEsqvgj25i2/t3lLw7Q0FF/"},"_chains":{"BQQnSAbS4JSkP4iVPhftNoHZ/ucbeA52GmJERzFRiDUf":{"chainKey":{"counter":0,"key":"If4YebJO1sjWPyZtOJ+0dqM366zTt6TpOB6FCIv4JCA="},"chainType":1,"messageKeys":{}}},"pendingPreKey":{"signedKeyId":1,"baseKey":"BYIMU6hk57Ca6yQYOL9kHW/ViENR44iTBR4O5JV9tCk0","preKeyId":31333}},"BdHZRBlDIkfC9QPN5ZsFMysqGuL0nSQ/d4cwBzcq/DVf":{"registrationId":4147610998,"currentRatchet":{"ephemeralKeyPair":{"pubKey":"BS+T3XP99wHhhYFjpjJKy3mOF5ZcmR6q4gmJzqH00Ql2","privKey":"gPp9XzGyxMCIRsoeF/oN+HEEDdQv163ytIjjhoJKAlY="},"lastRemoteEphemeralKey":"BaCmcZaWaUvrFqobImHuTPbbxgWxbpvS7KWd+GbSmVlJ","previousCounter":0,"rootKey":"TOMsmCWyVN4UiBCunXSrBkX6UbNr3eMO4Z35o8vjAp8="},"indexInfo":{"baseKey":"BdHZRBlDIkfC9QPN5ZsFMysqGuL0nSQ/d4cwBzcq/DVf","baseKeyType":1,"closed":-1,"used":1746645271678,"created":1746645271678,"remoteIdentityKey":"BbfmbyRmC+ckTzho7Q0R5hEsqvgj25i2/t3lLw7Q0FF/"},"_chains":{"BS+T3XP99wHhhYFjpjJKy3mOF5ZcmR6q4gmJzqH00Ql2":{"chainKey":{"counter":0,"key":"I+ra3hw3E32ntwe3x1RMZMCdhmFL04oAmtN0OZUR8eM="},"chainType":1,"messageKeys":{}}},"pendingPreKey":{"signedKeyId":1,"baseKey":"BdHZRBlDIkfC9QPN5ZsFMysqGuL0nSQ/d4cwBzcq/DVf","preKeyId":31321}}},"version":"v1"}