{"_sessions":{"BWbWbD+b0vAJytwCnVnq0DPM1q8wSishsFcCdEDr238+":{"registrationId":73358039,"currentRatchet":{"ephemeralKeyPair":{"pubKey":"Ba/ApZg1Kgcxcpuh6NK0/Rxpu3lRPpeM4ilhY3Q6jyRN","privKey":"kEOCbbg+h+z+QJsPjZ1Im9RTUdlW7HuLe+YurcDnBGo="},"lastRemoteEphemeralKey":"BUQuWvWgztl+sO+2FKJ9YXlUUZt35MXwDVU8lwOiPmAT","previousCounter":0,"rootKey":"wJ5U7yzptgYB01jcPDe05S8O7JsXbWZSk0aTPmzBZwk="},"indexInfo":{"baseKey":"BWbWbD+b0vAJytwCnVnq0DPM1q8wSishsFcCdEDr238+","baseKeyType":1,"closed":-1,"used":1746645158623,"created":1746645158623,"remoteIdentityKey":"BXKjyt7lOQaXdqgaSG0wOTwA8jmig40GH1tMZq+t+Wsb"},"_chains":{"Ba/ApZg1Kgcxcpuh6NK0/Rxpu3lRPpeM4ilhY3Q6jyRN":{"chainKey":{"counter":0,"key":"0eCwoExEyhMrH+eobfFCQhMvs0xpYBB42V/3CYd+3VA="},"chainType":1,"messageKeys":{}}},"pendingPreKey":{"signedKeyId":13987385,"baseKey":"BWbWbD+b0vAJytwCnVnq0DPM1q8wSishsFcCdEDr238+","preKeyId":1073}}},"version":"v1"}