{"_sessions":{"BXnHpMht8MMFQayRB67oPWR0ya3x1dfMlngTC8OYrW8D":{"registrationId":1756699817,"currentRatchet":{"ephemeralKeyPair":{"pubKey":"BbaEIa562F2+8Nmp/ZQM0sTixcKGGqoIatrDnfY6QiwR","privKey":"IGvCAAYZ/mrZevAOMxUSjoMT72Tj5yV6XHdRHmXr0FQ="},"lastRemoteEphemeralKey":"BYuUd14Sz2ACQEJWOPIKRFA3iTY9c/AwoaV+cif9C7Z8","previousCounter":0,"rootKey":"J9VeU1dCfJ2QVkV/1PhhCfrTyAfP2T70qf+LGNbQbrE="},"indexInfo":{"baseKey":"BXnHpMht8MMFQayRB67oPWR0ya3x1dfMlngTC8OYrW8D","baseKeyType":1,"closed":-1,"used":1746644960012,"created":1746644960012,"remoteIdentityKey":"BX9dlcVpbmG7aFVqJRS1js73m4mtB65jfOTBRzCMY+xg"},"_chains":{"BbaEIa562F2+8Nmp/ZQM0sTixcKGGqoIatrDnfY6QiwR":{"chainKey":{"counter":1,"key":"/rDjXeBg/SfT3yC+ndpHQKtzdNbE79NOhFLPomj78DA="},"chainType":1,"messageKeys":{}}},"pendingPreKey":{"signedKeyId":9,"baseKey":"BXnHpMht8MMFQayRB67oPWR0ya3x1dfMlngTC8OYrW8D","preKeyId":271395}}},"version":"v1"}