{"_sessions":{"Bclwto8/uabWf/QO10gxKmWfgSWN3v0d20iLfB3oKsBv":{"registrationId":1765614630,"currentRatchet":{"ephemeralKeyPair":{"pubKey":"Ba46bZFFwAbs3Pa7QaNmGS2S5XqHsg0+nv9dH0Api7Ni","privKey":"AAr0x1Dj9jXY2b/Br5UiMudrI9nedELSpTDs0AH4cVQ="},"lastRemoteEphemeralKey":"BYVXO9LyC6LSb547ibKsPMUKzU47dcT3g5VmNXGAVmZl","previousCounter":0,"rootKey":"UXfQDy6jJ9mIq9WssA/rcHt4dYYpQ0ECWG9etIinzYQ="},"indexInfo":{"baseKey":"Bclwto8/uabWf/QO10gxKmWfgSWN3v0d20iLfB3oKsBv","baseKeyType":1,"closed":1746627390222,"used":1746627369029,"created":1746627369029,"remoteIdentityKey":"BecJaeO+YEoHEarzaq0DcEf+oCivzCatNtPA3RsOIiNw"},"_chains":{"Ba46bZFFwAbs3Pa7QaNmGS2S5XqHsg0+nv9dH0Api7Ni":{"chainKey":{"counter":0,"key":"ro0LTBgsUDi8kgeRStM6TV/7PT9B6YTvsjSEQ0/hVZA="},"chainType":1,"messageKeys":{}}},"pendingPreKey":{"signedKeyId":38,"baseKey":"Bclwto8/uabWf/QO10gxKmWfgSWN3v0d20iLfB3oKsBv","preKeyId":3060213}},"BVzVb3C0fglbbCi8OCsnn8nGvzFYK1Ypp3MmvN6s9QsL":{"registrationId":1765614630,"currentRatchet":{"ephemeralKeyPair":{"pubKey":"BehWvTkz/xtSyWcRPUkHXMAV0oAlTilCXdciHJUYu7ws","privKey":"aNNiTSdQLmDtS/SHo0r5HYQZhsSr4xqg2bZl77zn82g="},"lastRemoteEphemeralKey":"BYVXO9LyC6LSb547ibKsPMUKzU47dcT3g5VmNXGAVmZl","previousCounter":0,"rootKey":"8Yr5pwERRpM4F9xTGEnbDNqwg9ZQSUAtOx9D9MLcGCY="},"indexInfo":{"baseKey":"BVzVb3C0fglbbCi8OCsnn8nGvzFYK1Ypp3MmvN6s9QsL","baseKeyType":1,"closed":1746627412401,"used":1746627389729,"created":1746627389729,"remoteIdentityKey":"BecJaeO+YEoHEarzaq0DcEf+oCivzCatNtPA3RsOIiNw"},"_chains":{"BehWvTkz/xtSyWcRPUkHXMAV0oAlTilCXdciHJUYu7ws":{"chainKey":{"counter":0,"key":"2iQTByJykV7nfF7VMDOsp2dmnVrBx/Mb8QWz1T272Ck="},"chainType":1,"messageKeys":{}}},"pendingPreKey":{"signedKeyId":38,"baseKey":"BVzVb3C0fglbbCi8OCsnn8nGvzFYK1Ypp3MmvN6s9QsL","preKeyId":3060189}},"BS+zqpKrw9XkQqbG8BuZfLa/31npMz6kYZmJMfETqbAr":{"registrationId":1765614630,"currentRatchet":{"ephemeralKeyPair":{"pubKey":"BTorRog9FbnPF9jRy6mNy5ZOLflPJQkOlIOWF+sIO/gY","privKey":"yDTPP/FsG7nEjK0fpAfT5qGCrIzZSbQSx4jKsqpHB10="},"lastRemoteEphemeralKey":"BYVXO9LyC6LSb547ibKsPMUKzU47dcT3g5VmNXGAVmZl","previousCounter":0,"rootKey":"JsSNhetseOzR+nBekNqHvBJfS6aE03kFXWZX73i+OxI="},"indexInfo":{"baseKey":"BS+zqpKrw9XkQqbG8BuZfLa/31npMz6kYZmJMfETqbAr","baseKeyType":1,"closed":-1,"used":1746627411851,"created":1746627411851,"remoteIdentityKey":"BecJaeO+YEoHEarzaq0DcEf+oCivzCatNtPA3RsOIiNw"},"_chains":{"BTorRog9FbnPF9jRy6mNy5ZOLflPJQkOlIOWF+sIO/gY":{"chainKey":{"counter":3,"key":"y/25dFMd8dckmkZKGenwVC8Os+QeqmZIR+JEqog7GCo="},"chainType":1,"messageKeys":{}}},"pendingPreKey":{"signedKeyId":38,"baseKey":"BS+zqpKrw9XkQqbG8BuZfLa/31npMz6kYZmJMfETqbAr","preKeyId":3060182}}},"version":"v1"}