{"_sessions":{"BTUedKf7j75zGhIsx4lDiFn0s/gBFuh7YvSavy7ILltZ":{"registrationId":5168,"currentRatchet":{"ephemeralKeyPair":{"pubKey":"Bf3hf1XyGINQceDbE/3gX1xn6IHXV8zs3dDz2nbROgoi","privKey":"uCqHhxB6uHY5RDiyqKb9Hw2eHdu6GSbIAvjiIq+QFlc="},"lastRemoteEphemeralKey":"BT1qE5+xjWaWTnwHAk5pMrsHyqnmsH3BcG3+K1uCjld7","previousCounter":0,"rootKey":"mOKeB5B9AZimyhoYRP9uVvDV4uni3TbMVm59+I6t0NY="},"indexInfo":{"baseKey":"BTUedKf7j75zGhIsx4lDiFn0s/gBFuh7YvSavy7ILltZ","baseKeyType":1,"closed":-1,"used":1746612488439,"created":1746612488439,"remoteIdentityKey":"Bdy+yGsgyuassw0lka8kWxUotXo6dL0MisX6eo7bMRhP"},"_chains":{"Bf3hf1XyGINQceDbE/3gX1xn6IHXV8zs3dDz2nbROgoi":{"chainKey":{"counter":4,"key":"DWP6ZvLKKsAo9mf8a/ZJopr/fwBxWd5EO6dJgcf6ah4="},"chainType":1,"messageKeys":{}}},"pendingPreKey":{"signedKeyId":1,"baseKey":"BTUedKf7j75zGhIsx4lDiFn0s/gBFuh7YvSavy7ILltZ"}}},"version":"v1"}