{"_sessions":{"BXBlwW3CJ2c3O6CdAQFC2wlVEH55ZmVjdq1ty5pgCzkY":{"registrationId":1885648651,"currentRatchet":{"ephemeralKeyPair":{"pubKey":"BZsn2Dkuv18Ad7E7qCN0z+/Zs8EDVyEBv6omZmxKVutY","privKey":"QJrSbLLWRiW1VDpsjEfhchaQvFENc23wc1eDkWC2I34="},"lastRemoteEphemeralKey":"BdeXcZrXUcwbWUVb0mZzzG9s4fUBQ06aHHw/K9Ukh0R+","previousCounter":0,"rootKey":"ZUd/7fbBwg3E9qak9GTnqSlzCxRry4OIS8cXTKvpvw0="},"indexInfo":{"baseKey":"BXBlwW3CJ2c3O6CdAQFC2wlVEH55ZmVjdq1ty5pgCzkY","baseKeyType":1,"closed":-1,"used":1746639403363,"created":1746639403363,"remoteIdentityKey":"Bchd+3y/s56zltm3HKfsls7M0jJAxARsVwrbVaHTcj5B"},"_chains":{"BZsn2Dkuv18Ad7E7qCN0z+/Zs8EDVyEBv6omZmxKVutY":{"chainKey":{"counter":0,"key":"1CQFAScRtW6H3hvW3fGwbF/u4m/xwpUW/XWb8/unKIo="},"chainType":1,"messageKeys":{}}},"pendingPreKey":{"signedKeyId":18,"baseKey":"BXBlwW3CJ2c3O6CdAQFC2wlVEH55ZmVjdq1ty5pgCzkY","preKeyId":1182792}}},"version":"v1"}