{"_sessions":{"BUcKHFETRh2UT8eEo48uF+a2/OoOlu4iCZ85aFm3kwB6":{"registrationId":1376585953,"currentRatchet":{"ephemeralKeyPair":{"pubKey":"BdpKkZ4KNLh6jybzUyCrSBr6pJq5n9ejPYUjwW2pPAMi","privKey":"WKXs/tKZ3EWszRIvX/VECK/194Hv0G21f9cIfiCPZWY="},"lastRemoteEphemeralKey":"BU0vGJDo6KVlJXMgnDaOQ+Z698v4uNODHz2bs5aF09hJ","previousCounter":0,"rootKey":"E8GMKKCZSawHgqQTECoVPojaxr05Ikzx5KxJoGcoWtc="},"indexInfo":{"baseKey":"BUcKHFETRh2UT8eEo48uF+a2/OoOlu4iCZ85aFm3kwB6","baseKeyType":1,"closed":1746627386472,"used":1746627365835,"created":1746627365835,"remoteIdentityKey":"BQQqOxVcFTTJNO62grkk2cVJEr8DsHsb4+s8jJB/8jpN"},"_chains":{"BdpKkZ4KNLh6jybzUyCrSBr6pJq5n9ejPYUjwW2pPAMi":{"chainKey":{"counter":0,"key":"A/BrUyygH6oqC/6x+B3LHQQEpT217FlismwM6sTHf9U="},"chainType":1,"messageKeys":{}}},"pendingPreKey":{"signedKeyId":4,"baseKey":"BUcKHFETRh2UT8eEo48uF+a2/OoOlu4iCZ85aFm3kwB6","preKeyId":15303712}},"BQQVPykMXfk4gKVlue9A7fBmOVXescvpAk95ggpNIZxd":{"registrationId":1376585953,"currentRatchet":{"ephemeralKeyPair":{"pubKey":"BX6aNYjG3azwPPjJaHslrFs3O5kttT5HYWOCavyyy9Er","privKey":"WI3E3prsjQFTcXoGgjP/0PgPWxuvSqnLxa5ErAod23k="},"lastRemoteEphemeralKey":"BU0vGJDo6KVlJXMgnDaOQ+Z698v4uNODHz2bs5aF09hJ","previousCounter":0,"rootKey":"0S+9/4Ims4zqe8fgExjmfllbkwHwsI1h/gAPlRB6rGo="},"indexInfo":{"baseKey":"BQQVPykMXfk4gKVlue9A7fBmOVXescvpAk95ggpNIZxd","baseKeyType":1,"closed":1746627408709,"used":1746627385902,"created":1746627385902,"remoteIdentityKey":"BQQqOxVcFTTJNO62grkk2cVJEr8DsHsb4+s8jJB/8jpN"},"_chains":{"BX6aNYjG3azwPPjJaHslrFs3O5kttT5HYWOCavyyy9Er":{"chainKey":{"counter":0,"key":"niBT8quXE/+JmLmXj2YuxmfdwS10H8TYS6XZKMGMUbI="},"chainType":1,"messageKeys":{}}},"pendingPreKey":{"signedKeyId":4,"baseKey":"BQQVPykMXfk4gKVlue9A7fBmOVXescvpAk95ggpNIZxd","preKeyId":15303644}},"BWiDoFHSPJgQYW3M4YaO8dOHsZxdRhClaxNa+3W4+h4F":{"registrationId":1376585953,"currentRatchet":{"ephemeralKeyPair":{"pubKey":"BYg0gS0MAURHYooxT1hFBmrHQrYxTATX2S99HKXDGu4W","privKey":"+MSicNauPlFIAjlf90UgpG7jYuDUxAtXws6CivYMsX8="},"lastRemoteEphemeralKey":"BU0vGJDo6KVlJXMgnDaOQ+Z698v4uNODHz2bs5aF09hJ","previousCounter":0,"rootKey":"CcFpNqZpYK01mov7LnEE6i9q+RpTuBl9i0kQX2BQCak="},"indexInfo":{"baseKey":"BWiDoFHSPJgQYW3M4YaO8dOHsZxdRhClaxNa+3W4+h4F","baseKeyType":1,"closed":-1,"used":1746627408268,"created":1746627408268,"remoteIdentityKey":"BQQqOxVcFTTJNO62grkk2cVJEr8DsHsb4+s8jJB/8jpN"},"_chains":{"BYg0gS0MAURHYooxT1hFBmrHQrYxTATX2S99HKXDGu4W":{"chainKey":{"counter":3,"key":"4hxrRTlBKbelVzDlXN56OSSDz9UkvcRjko28fV0ydoo="},"chainType":1,"messageKeys":{}}},"pendingPreKey":{"signedKeyId":4,"baseKey":"BWiDoFHSPJgQYW3M4YaO8dOHsZxdRhClaxNa+3W4+h4F","preKeyId":15303817}}},"version":"v1"}