{"_sessions":{"BZSt2sgl96IapqM9WbXoj2TEPgDBauLNhKV/jMe39Ndp":{"registrationId":517133951,"currentRatchet":{"ephemeralKeyPair":{"pubKey":"BbrnQ0XKba3EGUcFfEd2FsaK1I3SEwE7DOwu7fiTmgsE","privKey":"CO2YD8r8Le0gnEDF4pgHFMZj9IDaa6sVUrsST/GMEUU="},"lastRemoteEphemeralKey":"BQ0SMdEc4xpBQQ6OxKuJhxo2jhco8fQOwHazqR2pkNxl","previousCounter":0,"rootKey":"4EoOWJxUXFfbOQkKcSX3X5mCu+J+pnJIGyM3QceJFTQ="},"indexInfo":{"baseKey":"BZSt2sgl96IapqM9WbXoj2TEPgDBauLNhKV/jMe39Ndp","baseKeyType":1,"closed":1746627382616,"used":1746627362653,"created":1746627362653,"remoteIdentityKey":"BcmbIYG25U69SrjqTfHUj3ipXfA89HsEYC3jyp5xZ6Rs"},"_chains":{"BbrnQ0XKba3EGUcFfEd2FsaK1I3SEwE7DOwu7fiTmgsE":{"chainKey":{"counter":0,"key":"LGzb/M1r4+scRwdWIE0P4hh51O/CVldOtRe5h4bofZU="},"chainType":1,"messageKeys":{}}},"pendingPreKey":{"signedKeyId":3,"baseKey":"BZSt2sgl96IapqM9WbXoj2TEPgDBauLNhKV/jMe39Ndp","preKeyId":11466686}},"BXigAxLl3b2taej5jIyoI0ikkT3YU6subg8LUBbdwDNn":{"registrationId":517133951,"currentRatchet":{"ephemeralKeyPair":{"pubKey":"BdZ43CNrrLsDSGTxevFnBNk3YeJqTKV1IsTi6hxGyIw3","privKey":"GEho37bGLmWhGgbGI2+gxW2nXJ4EjkG6R3MTL651+Vc="},"lastRemoteEphemeralKey":"BQ0SMdEc4xpBQQ6OxKuJhxo2jhco8fQOwHazqR2pkNxl","previousCounter":0,"rootKey":"JyPek3HP5VpR3KRZfNvCStu66RnN8cuqChC1xDh7JxE="},"indexInfo":{"baseKey":"BXigAxLl3b2taej5jIyoI0ikkT3YU6subg8LUBbdwDNn","baseKeyType":1,"closed":1746627404933,"used":1746627382036,"created":1746627382036,"remoteIdentityKey":"BcmbIYG25U69SrjqTfHUj3ipXfA89HsEYC3jyp5xZ6Rs"},"_chains":{"BdZ43CNrrLsDSGTxevFnBNk3YeJqTKV1IsTi6hxGyIw3":{"chainKey":{"counter":0,"key":"VBqA+YHuyHoIPlLDStMvOpmlEXjMnbf3yDQWleKVLOI="},"chainType":1,"messageKeys":{}}},"pendingPreKey":{"signedKeyId":3,"baseKey":"BXigAxLl3b2taej5jIyoI0ikkT3YU6subg8LUBbdwDNn","preKeyId":11466849}},"BQTjwXC4rr4izoUPWt5Y0dDCRAcAf0JfpghYFmCqi4tI":{"registrationId":517133951,"currentRatchet":{"ephemeralKeyPair":{"pubKey":"BfV5+8G7YY0WH4XzE8Y63Bo/1krT1WyzS4Z0/RJ/Zpdv","privKey":"GKSDOPeNhzZtTIrE+bl5dBzJvXC2iOdOKJvn3JCwqnI="},"lastRemoteEphemeralKey":"BQ0SMdEc4xpBQQ6OxKuJhxo2jhco8fQOwHazqR2pkNxl","previousCounter":0,"rootKey":"B5W82C/G5YPKSQhuljRgiOcJzcy/8yT7MtVrwtNXy2M="},"indexInfo":{"baseKey":"BQTjwXC4rr4izoUPWt5Y0dDCRAcAf0JfpghYFmCqi4tI","baseKeyType":1,"closed":-1,"used":1746627404782,"created":1746627404782,"remoteIdentityKey":"BcmbIYG25U69SrjqTfHUj3ipXfA89HsEYC3jyp5xZ6Rs"},"_chains":{"BfV5+8G7YY0WH4XzE8Y63Bo/1krT1WyzS4Z0/RJ/Zpdv":{"chainKey":{"counter":3,"key":"IXCoM6Oj7TZzhxQ7ya4a99yG+wbN+IBYziEI/0okr4E="},"chainType":1,"messageKeys":{}}},"pendingPreKey":{"signedKeyId":3,"baseKey":"BQTjwXC4rr4izoUPWt5Y0dDCRAcAf0JfpghYFmCqi4tI","preKeyId":11466675}}},"version":"v1"}