{"_sessions":{"BfI4DbZU+BgLtRyQD82kZxb1SqQll9a2rJc0oYG4G4o4":{"registrationId":2133300886,"currentRatchet":{"ephemeralKeyPair":{"pubKey":"Be+F65trtI9S7zOqh2+w+tjHRCgwPjKFSDagS+mBBpFY","privKey":"SHaO4m4wUaKZHBJiY7LEc+LJ7FStZi5sz789acbDWEw="},"lastRemoteEphemeralKey":"BYmZ0eOcqDcgt9cUktQIpl+4BH8OzTyHU3mxxAZ0Kx89","previousCounter":0,"rootKey":"ftXIacWszNqUmFiPevCtfkLpYpLwf0fc2plVpO8uIeQ="},"indexInfo":{"baseKey":"BfI4DbZU+BgLtRyQD82kZxb1SqQll9a2rJc0oYG4G4o4","baseKeyType":1,"closed":-1,"used":1746644960240,"created":1746644960240,"remoteIdentityKey":"BYHXOWrqTook6uHMhqTl72Tp77fjdyN+djZv7X8ybZEF"},"_chains":{"Be+F65trtI9S7zOqh2+w+tjHRCgwPjKFSDagS+mBBpFY":{"chainKey":{"counter":1,"key":"kmziJPIX/HuloqX5XfbUMh4EeG/9TA/kMCCIAv/GV4I="},"chainType":1,"messageKeys":{}}},"pendingPreKey":{"signedKeyId":2,"baseKey":"BfI4DbZU+BgLtRyQD82kZxb1SqQll9a2rJc0oYG4G4o4","preKeyId":12357973}}},"version":"v1"}