{"_sessions":{"BcJihdRx9qU11CsbtwB1IrxlY+lBKECX/QlxqSuscFNS":{"registrationId":1898828657,"currentRatchet":{"ephemeralKeyPair":{"pubKey":"BYKIO0JkbyJkQ+iAS08N0qCh6OOwG4sQbOHG9JySgCgZ","privKey":"CAYL/exIS/RT1bCIN3/VApTQkiTwy/O1pfmO4JaNZXU="},"lastRemoteEphemeralKey":"BdTyUR1++lPYKzC27UuvXKL8fqD8ZpgW8p55kKVF6hUv","previousCounter":0,"rootKey":"iDADdp5MCK+oE+p6JH5Hu5/Nja+FLE3OXZwnvo6c7is="},"indexInfo":{"baseKey":"BcJihdRx9qU11CsbtwB1IrxlY+lBKECX/QlxqSuscFNS","baseKeyType":1,"closed":1746627386491,"used":1746627365902,"created":1746627365902,"remoteIdentityKey":"BS2CAyBcpTip5o6MU7HTlL/LVlSbDL0n5ksGToU0FUJK"},"_chains":{"BYKIO0JkbyJkQ+iAS08N0qCh6OOwG4sQbOHG9JySgCgZ":{"chainKey":{"counter":0,"key":"ts4cxr0fno2vmb8Pvq6UkgydULgQiwX8grhgu34hoho="},"chainType":1,"messageKeys":{}}},"pendingPreKey":{"signedKeyId":5,"baseKey":"BcJihdRx9qU11CsbtwB1IrxlY+lBKECX/QlxqSuscFNS","preKeyId":6676322}},"BUABT9Vz4naihe9Uhkr+mfyqksdSz7UdOveJRUfyOD4+":{"registrationId":1898828657,"currentRatchet":{"ephemeralKeyPair":{"pubKey":"Bc2akVY0B4DA02XoHcV1C3/nivky6h/sUXtTK9dXaKxm","privKey":"yNcOpgc3xbQiLuBGarqAY2NsWFeLeUJgLjwdVaEOgng="},"lastRemoteEphemeralKey":"BdTyUR1++lPYKzC27UuvXKL8fqD8ZpgW8p55kKVF6hUv","previousCounter":0,"rootKey":"t66qpro0KcKMu4zZ7pL/3+lR5R4KSgGIIV332itJu2E="},"indexInfo":{"baseKey":"BUABT9Vz4naihe9Uhkr+mfyqksdSz7UdOveJRUfyOD4+","baseKeyType":1,"closed":1746627408723,"used":1746627385966,"created":1746627385966,"remoteIdentityKey":"BS2CAyBcpTip5o6MU7HTlL/LVlSbDL0n5ksGToU0FUJK"},"_chains":{"Bc2akVY0B4DA02XoHcV1C3/nivky6h/sUXtTK9dXaKxm":{"chainKey":{"counter":0,"key":"iY3MlJVmPaologJpuwHZNcRXgBB1bE4P+o20cmhdUsA="},"chainType":1,"messageKeys":{}}},"pendingPreKey":{"signedKeyId":5,"baseKey":"BUABT9Vz4naihe9Uhkr+mfyqksdSz7UdOveJRUfyOD4+","preKeyId":6675816}},"BbYN76ej8osq2Ndp9U43piZI7ythSW3d7FoZQlTSJOhX":{"registrationId":1898828657,"currentRatchet":{"ephemeralKeyPair":{"pubKey":"BVp7pQTO5ne1YKy81eqC1Li57j2YnY7LRRNjmNbWyHx6","privKey":"mFnUDJZUNz+fsi3LQE2/VhAKQt7zidjRrtSSAABJdEY="},"lastRemoteEphemeralKey":"BdTyUR1++lPYKzC27UuvXKL8fqD8ZpgW8p55kKVF6hUv","previousCounter":0,"rootKey":"ILwkyYl8Ag5MmtlWmGDqX/85oOffcXCEUN+1udmWPBc="},"indexInfo":{"baseKey":"BbYN76ej8osq2Ndp9U43piZI7ythSW3d7FoZQlTSJOhX","baseKeyType":1,"closed":-1,"used":1746627408321,"created":1746627408321,"remoteIdentityKey":"BS2CAyBcpTip5o6MU7HTlL/LVlSbDL0n5ksGToU0FUJK"},"_chains":{"BVp7pQTO5ne1YKy81eqC1Li57j2YnY7LRRNjmNbWyHx6":{"chainKey":{"counter":3,"key":"LeK+LCOzd7e4rgmZxGEukuY8AqEjBxtJ1iAy/oUZTL4="},"chainType":1,"messageKeys":{}}},"pendingPreKey":{"signedKeyId":5,"baseKey":"BbYN76ej8osq2Ndp9U43piZI7ythSW3d7FoZQlTSJOhX","preKeyId":6675911}}},"version":"v1"}