{"_sessions":{"BbPiNwqnlZY8T4HRlh+keHwfYNmvWtm3exXkwdW+wwh2":{"registrationId":875181951,"currentRatchet":{"ephemeralKeyPair":{"pubKey":"BbSldpc5CbeCmzSvcHlgpRXRcsGdDyxjTm3gSlpxS34t","privKey":"YI/0+25LqtkThVD/5CjNRd5k6m14ZhkcDEzegdRYKEo="},"lastRemoteEphemeralKey":"Bc1U+mwjWh5p445u2cE8SEuwlM2pr3+t6T9/l4ucprIn","previousCounter":0,"rootKey":"w4bdSHHdHi52B91hevZ6oO1Q5Z7pBWqjeVFiqk5NfkY="},"indexInfo":{"baseKey":"BbPiNwqnlZY8T4HRlh+keHwfYNmvWtm3exXkwdW+wwh2","baseKeyType":1,"closed":-1,"used":1746645166119,"created":1746645166119,"remoteIdentityKey":"BXyJEak8SlMC1GnB41SeFB6Ekp7LDIbhodmBQrwwjLoi"},"_chains":{"BbSldpc5CbeCmzSvcHlgpRXRcsGdDyxjTm3gSlpxS34t":{"chainKey":{"counter":0,"key":"/oeyFCH81gWTTJdXYsfKZevrZXtJmwUqVc5en6LBAqs="},"chainType":1,"messageKeys":{}}},"pendingPreKey":{"signedKeyId":5,"baseKey":"BbPiNwqnlZY8T4HRlh+keHwfYNmvWtm3exXkwdW+wwh2"}}},"version":"v1"}