{"_sessions":{"BVDiHLXoPSUz4J/oegl6iSZLs+QGX+B5hlNR7iOhZWpl":{"registrationId":1234141568,"currentRatchet":{"ephemeralKeyPair":{"pubKey":"BekdIboYbSq478UcYYD5LYAUZU1BhG2CRSI3/Dry8h04","privKey":"AAx58KOoOTvSIHTckH8j3uA7rmsKkQKkgxPKbEOfkWU="},"lastRemoteEphemeralKey":"BSuN2HNeaH/EmOtOU1hGKTNE4ue2Cjw2pIRfUmv1VmBh","previousCounter":0,"rootKey":"KZyrcQFOG/2jfMagU+J+ss7ha+mSRqD2LBt39C1NiD0="},"indexInfo":{"baseKey":"BVDiHLXoPSUz4J/oegl6iSZLs+QGX+B5hlNR7iOhZWpl","baseKeyType":1,"closed":-1,"used":1746645162403,"created":1746645162403,"remoteIdentityKey":"BW7pzXsudVE78z+so3Q4VjqAInP28sAzYn+AVy0xKq0h"},"_chains":{"BekdIboYbSq478UcYYD5LYAUZU1BhG2CRSI3/Dry8h04":{"chainKey":{"counter":0,"key":"kfPPZQN4HokvSUH39eLC3DCZx38oa3TGo/QqJsGRdak="},"chainType":1,"messageKeys":{}}},"pendingPreKey":{"signedKeyId":3898963,"baseKey":"BVDiHLXoPSUz4J/oegl6iSZLs+QGX+B5hlNR7iOhZWpl","preKeyId":231}}},"version":"v1"}