{"_sessions":{"BVdt/0AVTjNwR9n+1fvhPDwwl40OKZcLgdA7kTAmaGYs":{"registrationId":1012029888,"currentRatchet":{"ephemeralKeyPair":{"pubKey":"Bf4tmLfXdrFmXuvCyYwR/0wkejnTxT7JDNFVy3qfZeQQ","privKey":"GEDGbpB4dkUSyEv+/Sz7PQ9fMYAZAqhY8nCE2DlARFk="},"lastRemoteEphemeralKey":"BY+JBQyXosFEF8rINWYwL0nW3tXPRPeRmozTNrhdlkIU","previousCounter":0,"rootKey":"ngtmS32NranWRNOriCdAU1Tb2j6HtK8MaMTDj0pmZXw="},"indexInfo":{"baseKey":"BVdt/0AVTjNwR9n+1fvhPDwwl40OKZcLgdA7kTAmaGYs","baseKeyType":1,"closed":1746627390226,"used":1746627369045,"created":1746627369045,"remoteIdentityKey":"BWaKnz5GYzWsSyhlQnkKwNbCuLpC9zFmRTV1hDR0Bswc"},"_chains":{"Bf4tmLfXdrFmXuvCyYwR/0wkejnTxT7JDNFVy3qfZeQQ":{"chainKey":{"counter":0,"key":"CAuZf8nMwV+nIiAjDobD7GM7R8Ay1N4GldZrP6uq6PQ="},"chainType":1,"messageKeys":{}}},"pendingPreKey":{"signedKeyId":7,"baseKey":"BVdt/0AVTjNwR9n+1fvhPDwwl40OKZcLgdA7kTAmaGYs","preKeyId":5442773}},"BWo5MVF2Aetqd/8mjkHGvlLrVWFWowmRhoDcegaUURZS":{"registrationId":1012029888,"currentRatchet":{"ephemeralKeyPair":{"pubKey":"BVnQc7w00VdfNhKa8zC2pG58MUyEu/SPe7rKIX82Ha1H","privKey":"qLAe4JRtR1RW924S4UOzEeUbI14UXhaqNiCtVOsMEks="},"lastRemoteEphemeralKey":"BY+JBQyXosFEF8rINWYwL0nW3tXPRPeRmozTNrhdlkIU","previousCounter":0,"rootKey":"O7olMtGBcD3ZL4Dhic9V3vI7g2KJ/8RUcDYFzib2T04="},"indexInfo":{"baseKey":"BWo5MVF2Aetqd/8mjkHGvlLrVWFWowmRhoDcegaUURZS","baseKeyType":1,"closed":1746627412406,"used":1746627389750,"created":1746627389750,"remoteIdentityKey":"BWaKnz5GYzWsSyhlQnkKwNbCuLpC9zFmRTV1hDR0Bswc"},"_chains":{"BVnQc7w00VdfNhKa8zC2pG58MUyEu/SPe7rKIX82Ha1H":{"chainKey":{"counter":0,"key":"JDAxke9toxybMukPak3aANZGlvluO/mN+obykdGMeg0="},"chainType":1,"messageKeys":{}}},"pendingPreKey":{"signedKeyId":7,"baseKey":"BWo5MVF2Aetqd/8mjkHGvlLrVWFWowmRhoDcegaUURZS","preKeyId":5442724}},"BcPJuAyH4YN7l/JK+UIWCwXd4FTDpB4VmEMyrFVL5881":{"registrationId":1012029888,"currentRatchet":{"ephemeralKeyPair":{"pubKey":"BSk41mATYvHVP6JQF4LULvWHz4gCqWOvltHZNsp0vCoh","privKey":"MNvB9ZNfPlswFcR0yZNFkzDWSK6GPYvMyDP5OB9VREA="},"lastRemoteEphemeralKey":"BY+JBQyXosFEF8rINWYwL0nW3tXPRPeRmozTNrhdlkIU","previousCounter":0,"rootKey":"LolRSFmgS2lOhlV7HV5H6JtdEk1R+HttYenvj6Dfz78="},"indexInfo":{"baseKey":"BcPJuAyH4YN7l/JK+UIWCwXd4FTDpB4VmEMyrFVL5881","baseKeyType":1,"closed":-1,"used":1746627411878,"created":1746627411878,"remoteIdentityKey":"BWaKnz5GYzWsSyhlQnkKwNbCuLpC9zFmRTV1hDR0Bswc"},"_chains":{"BSk41mATYvHVP6JQF4LULvWHz4gCqWOvltHZNsp0vCoh":{"chainKey":{"counter":3,"key":"Y+G0f9RKWAm5s4s5zFJdJSZWIzfYtc2zSSpRKrqp10w="},"chainType":1,"messageKeys":{}}},"pendingPreKey":{"signedKeyId":7,"baseKey":"BcPJuAyH4YN7l/JK+UIWCwXd4FTDpB4VmEMyrFVL5881","preKeyId":5442479}}},"version":"v1"}