{"_sessions":{"BYGydFCDI27nWCh9UmH50hxyTst2r8XUoeZlzn1OM2km":{"registrationId":517133951,"currentRatchet":{"ephemeralKeyPair":{"pubKey":"BZyiytgyeMHHgSFMjv5iOMDKfK5s4SFyRB1D8dZjxl4Y","privKey":"QNZ4gNXEK2Is/DsUlg39gRAmaGRp/kC/Mwlf3ES411A="},"lastRemoteEphemeralKey":"BQ0SMdEc4xpBQQ6OxKuJhxo2jhco8fQOwHazqR2pkNxl","previousCounter":0,"rootKey":"Nxv09gUGkphIrP0wW/c4Mk6WpwMc+mLW6XV0CPJCnME="},"indexInfo":{"baseKey":"BYGydFCDI27nWCh9UmH50hxyTst2r8XUoeZlzn1OM2km","baseKeyType":1,"closed":-1,"used":1746644956799,"created":1746644956799,"remoteIdentityKey":"BcmbIYG25U69SrjqTfHUj3ipXfA89HsEYC3jyp5xZ6Rs"},"_chains":{"BZyiytgyeMHHgSFMjv5iOMDKfK5s4SFyRB1D8dZjxl4Y":{"chainKey":{"counter":1,"key":"Pqj5cG3PpYBKRPxtBMqoiZLeExynZtFT2sprTNRj35U="},"chainType":1,"messageKeys":{}}},"pendingPreKey":{"signedKeyId":3,"baseKey":"BYGydFCDI27nWCh9UmH50hxyTst2r8XUoeZlzn1OM2km","preKeyId":11467161}}},"version":"v1"}