{"_sessions":{"BWRaJV9Jes5DmbzYyZKFoxLxSLgcLICvMB++aZhSW4Jx":{"registrationId":2006362788,"currentRatchet":{"ephemeralKeyPair":{"pubKey":"BWiSD9HpF7hEZFq325X4OHOXDyQH9+fMCdb2UdkewCsv","privKey":"KJh6HYFBzhLxYhy8pPJqJLtRK/3TvcOeL/XbSIeceFE="},"lastRemoteEphemeralKey":"Basv9kliarACsDASuaS+U+P5y63Xb/MFe7tNuvJfPUZ1","previousCounter":0,"rootKey":"TJcwI07pnawl/DMmHpYegWs+UQELzRirW3saW+omTU4="},"indexInfo":{"baseKey":"BWRaJV9Jes5DmbzYyZKFoxLxSLgcLICvMB++aZhSW4Jx","baseKeyType":1,"closed":-1,"used":1746645070217,"created":1746645070217,"remoteIdentityKey":"BdCmflN6jWDuy7SrwfLpbGob6Md0VsycdDcbrzPQ0HNh"},"_chains":{"BWiSD9HpF7hEZFq325X4OHOXDyQH9+fMCdb2UdkewCsv":{"chainKey":{"counter":0,"key":"vt1B/JSXUKD+One+hE84fZ95NdIiDc54dzrNKE5OtV0="},"chainType":1,"messageKeys":{}}},"pendingPreKey":{"signedKeyId":3,"baseKey":"BWRaJV9Jes5DmbzYyZKFoxLxSLgcLICvMB++aZhSW4Jx","preKeyId":2424843}}},"version":"v1"}