{"_sessions":{"BU053LiH0LB+CvtltTKw0GgQFSQTQD6T/n+j2fDTOVku":{"registrationId":887226842,"currentRatchet":{"ephemeralKeyPair":{"pubKey":"BWKYloLFHS0F9K7i45jyuGbs3T3sUp2x5k4a/58W/2gi","privKey":"qDIETt9/bHumCyeJj0CxRUNY0XnSbUnZ/TiXc5k1ZGs="},"lastRemoteEphemeralKey":"BWQ7nVMLyFHajh2VBSQsudDg3TbJNANoli54mOt/xbsW","previousCounter":0,"rootKey":"Vek6uRmRUJV44ccLibrG0fjCvD9vbeAK2FiZtt9hkzc="},"indexInfo":{"baseKey":"BU053LiH0LB+CvtltTKw0GgQFSQTQD6T/n+j2fDTOVku","baseKeyType":1,"closed":-1,"used":1746645069834,"created":1746645069834,"remoteIdentityKey":"BZYKqcWYRnX19nNM0gsaKPi6nc4Qaemszwln/iWDu/Rm"},"_chains":{"BWKYloLFHS0F9K7i45jyuGbs3T3sUp2x5k4a/58W/2gi":{"chainKey":{"counter":0,"key":"0lhlej2OmQXDQQAEml3sgzGDRnDG1OMNtKbXJziseL8="},"chainType":1,"messageKeys":{}}},"pendingPreKey":{"signedKeyId":17,"baseKey":"BU053LiH0LB+CvtltTKw0GgQFSQTQD6T/n+j2fDTOVku"}}},"version":"v1"}