{"_sessions":{"BeoibjnYf32u09KbQoGgLWEH3bTVhycZgYbqfXdKE64M":{"registrationId":7706788,"currentRatchet":{"ephemeralKeyPair":{"pubKey":"BSClTArgbIXP0YKZA7Z6j4OIdo38BFcjVY8vvOS//ONR","privKey":"aK34KFs1Hfs7d6iRF3Et8uY2r2czqrbZp6o+jF999G0="},"lastRemoteEphemeralKey":"BbgTvkVy0mGbO9c78imiUd65gAYu3IRV0vGdUKrOtgoz","previousCounter":0,"rootKey":"4SKRfzX790KOYpy4hgl9FgIduENP/uw9WxVd5ARKtrs="},"indexInfo":{"baseKey":"BeoibjnYf32u09KbQoGgLWEH3bTVhycZgYbqfXdKE64M","baseKeyType":2,"closed":-1,"used":1746706171512,"created":1746706171512,"remoteIdentityKey":"BRo9jDTcXrk1eBnv7zKaD6fnfPkq98aoqkI/IFgUxQsC"},"_chains":{"BbgTvkVy0mGbO9c78imiUd65gAYu3IRV0vGdUKrOtgoz":{"chainKey":{"counter":0,"key":"cOxd1x1il5Dyx+xj1ch38ENEiq17F7/kMa+AC93mvjI="},"chainType":2,"messageKeys":{}},"BSClTArgbIXP0YKZA7Z6j4OIdo38BFcjVY8vvOS//ONR":{"chainKey":{"counter":-1,"key":"XOIGp8wMRq/3bCPm0ARG43WL5HD3PpPV8r0SY5DNbTw="},"chainType":1,"messageKeys":{}}}}},"version":"v1"}