{"_sessions":{"BeEfDpybSuSJyeCjB+EkMw2jvvNEpOvovWdA9Pf9Eqd8":{"registrationId":1979532652,"currentRatchet":{"ephemeralKeyPair":{"pubKey":"Be3HBWr+qxCvxtKk708J3+6oUGBjRgHqyHNHy/DnbD9/","privKey":"6NhjSdmaqCaMy+GnUnlOQFiPwNrCff0xJdiMJUSDFVk="},"lastRemoteEphemeralKey":"BU0Yet6WZv7JkYyHlio3gJpjbzW9gK07OhA4YVS1Ot5+","previousCounter":0,"rootKey":"hsoyQkOO1s2D62ZPuG6AszHiqIh1d3VHVIN8ADolRd4="},"indexInfo":{"baseKey":"BeEfDpybSuSJyeCjB+EkMw2jvvNEpOvovWdA9Pf9Eqd8","baseKeyType":1,"closed":-1,"used":1746644956746,"created":1746644956746,"remoteIdentityKey":"BXM9G+h+nx3JioN/QzFDnN30FMnxVo7hQ2s5SGxEUtsw"},"_chains":{"Be3HBWr+qxCvxtKk708J3+6oUGBjRgHqyHNHy/DnbD9/":{"chainKey":{"counter":1,"key":"VV1HDZgXT5c/UPQbcCue4jeHJQLcUqhY11v1Ir/O/1c="},"chainType":1,"messageKeys":{}}},"pendingPreKey":{"signedKeyId":19,"baseKey":"BeEfDpybSuSJyeCjB+EkMw2jvvNEpOvovWdA9Pf9Eqd8","preKeyId":6989070}}},"version":"v1"}