{"_sessions":{"BURey5SEH8m/rs4wYnengZXpXDsEk90kBRxSwyZQ9YBe":{"registrationId":667843674,"currentRatchet":{"ephemeralKeyPair":{"pubKey":"BVHFpfyu12ApHzWORrSd6iQjKY4V1yDqq9Kppc5pzUV8","privKey":"oMMVBS2PHPnJlaujjdsGcBypkca24S/8fi0NGnXYxH8="},"lastRemoteEphemeralKey":"BTs8p1Ga61IXVDWyPQDHaV3J90BnSw+CXWJcnKQMA2tb","previousCounter":0,"rootKey":"ebm3beSr1Bwj3b9muel3vFno+hj94g9ZSEHZavn1B5A="},"indexInfo":{"baseKey":"BURey5SEH8m/rs4wYnengZXpXDsEk90kBRxSwyZQ9YBe","baseKeyType":1,"closed":-1,"used":1746645069868,"created":1746645069868,"remoteIdentityKey":"BfTc+r2H0WS06hZeRrqPxGiG/RNLK/25ejynF4EM3/p5"},"_chains":{"BVHFpfyu12ApHzWORrSd6iQjKY4V1yDqq9Kppc5pzUV8":{"chainKey":{"counter":0,"key":"0wk9VzKsh08KSED4HdIaBkzANHsQ6Y7/361go/VDRyI="},"chainType":1,"messageKeys":{}}},"pendingPreKey":{"signedKeyId":15849009,"baseKey":"BURey5SEH8m/rs4wYnengZXpXDsEk90kBRxSwyZQ9YBe","preKeyId":1229}}},"version":"v1"}