{"_sessions":{"BQ/XsMelsXb7zmBmy9ilqhO3bRu6MlgWqe0zGsqODv9g":{"registrationId":1154248477,"currentRatchet":{"ephemeralKeyPair":{"pubKey":"BQrzAQTqQkTeWvQROJhMhhyQJclaxUsUh9qM1DpioLN3","privKey":"cMLViEmeLw4B/vFmYQZDYRCCdl9UiYOkAMcb4Zu+OkQ="},"lastRemoteEphemeralKey":"BTUN7PUkz8BxITzNm8zG5UkyP/ltqmrEXZdFd2IdMS4r","previousCounter":0,"rootKey":"koAB3o+RjRnIXhwL0/whMJDmY3cynraWcE8Fa9RGHPk="},"indexInfo":{"baseKey":"BQ/XsMelsXb7zmBmy9ilqhO3bRu6MlgWqe0zGsqODv9g","baseKeyType":1,"closed":-1,"used":1746612488637,"created":1746612488637,"remoteIdentityKey":"BVHdkjVKJd8M7BnnG+qYcXrWm9QRfC+EsnvSaiX2e9JX"},"_chains":{"BQrzAQTqQkTeWvQROJhMhhyQJclaxUsUh9qM1DpioLN3":{"chainKey":{"counter":4,"key":"B8rpSSs6VktyR4/auQqblvRbuMf+FgaEFo0RPKQE0w8="},"chainType":1,"messageKeys":{}}},"pendingPreKey":{"signedKeyId":4,"baseKey":"BQ/XsMelsXb7zmBmy9ilqhO3bRu6MlgWqe0zGsqODv9g","preKeyId":6167627}}},"version":"v1"}