{"_sessions":{"BVnhWsZ5iX1vuoZ69CZvcx86o3Y5QhbPonZBktX0/vdq":{"registrationId":1631169314,"currentRatchet":{"ephemeralKeyPair":{"pubKey":"BeRmZKaEw6oyT8+1JVdn2Zm8EOqfPqppjvuPcrdp6Q1h","privKey":"AIpm3pESq6Va/Ck2hDmEWM5bfArmNFmNRVHbLMxp91Q="},"lastRemoteEphemeralKey":"BagICvNZfi7g/MHUp+MSjsEnaOf2ItI6e0STQwaUoNp5","previousCounter":0,"rootKey":"31hhCXKjzKfBCq8CN/Wpk07PwvpHn/b178jbC1lV/iQ="},"indexInfo":{"baseKey":"BVnhWsZ5iX1vuoZ69CZvcx86o3Y5QhbPonZBktX0/vdq","baseKeyType":1,"closed":-1,"used":1746645166243,"created":1746645166243,"remoteIdentityKey":"BTTJqJ5YAHLU6n+rahH5uoSW30GZ3WzR0EVDsQ2q6KsY"},"_chains":{"BeRmZKaEw6oyT8+1JVdn2Zm8EOqfPqppjvuPcrdp6Q1h":{"chainKey":{"counter":0,"key":"lmU2s3c6BUAnLu++jLAM2GdD96sqgUsunySE2rlw3xQ="},"chainType":1,"messageKeys":{}}},"pendingPreKey":{"signedKeyId":5,"baseKey":"BVnhWsZ5iX1vuoZ69CZvcx86o3Y5QhbPonZBktX0/vdq","preKeyId":4568035}}},"version":"v1"}