{"_sessions":{"BSfYmed1XO5ByOw23SxLn/IyToBwFss3BEbWj1jRMEgV":{"registrationId":4947772,"currentRatchet":{"ephemeralKeyPair":{"pubKey":"BZdL8+u9QOp+lQYMpsEJIFrPYN4NX+RLcuYPX7slkOAC","privKey":"2DeIoSuDssMSDjvVNCaFCEwrhtw8IrAswSHACJki7E8="},"lastRemoteEphemeralKey":"BUeXJEzgBy8VsEfunx/2jWuAFdepsvhp6SkBGqe2Yb4I","previousCounter":0,"rootKey":"4yUw34LwE/+/4ycYw/WYr4dFFMG2Spj76oveEDguPD0="},"indexInfo":{"baseKey":"BSfYmed1XO5ByOw23SxLn/IyToBwFss3BEbWj1jRMEgV","baseKeyType":1,"closed":-1,"used":1746645162285,"created":1746645162285,"remoteIdentityKey":"BWYmkCA2fAc6//4zpsNER2m3jpM2tUfUQ+CjB2S3NJFC"},"_chains":{"BZdL8+u9QOp+lQYMpsEJIFrPYN4NX+RLcuYPX7slkOAC":{"chainKey":{"counter":0,"key":"UoON8gt8wtWfz5+/vYHkdSJeHOW0eHGDgjNvsEZWn8Y="},"chainType":1,"messageKeys":{}}},"pendingPreKey":{"signedKeyId":0,"baseKey":"BSfYmed1XO5ByOw23SxLn/IyToBwFss3BEbWj1jRMEgV","preKeyId":13417180}}},"version":"v1"}