{"_sessions":{"BXQ6SU7W4dubR/PhukKUoIsBRp5GZcVUXmHAKv9uynpu":{"registrationId":1524494549,"currentRatchet":{"ephemeralKeyPair":{"pubKey":"BYJ9vvEfaUr0HPONif6a0J25nrxWofakBAD3izHvJGIU","privKey":"cKwIlX4WjqCa74K7cBnqLgDfVYQvP2FfYsHrXKOyZVE="},"lastRemoteEphemeralKey":"BXKHcpWADzv0fIpb3uM9OxngiHjkhS+1TyIhc/bYdUh8","previousCounter":0,"rootKey":"SV2qmfNom9K8YT2lHx/9ISSEMJy8yPaR8DsRkGY+Fwo="},"indexInfo":{"baseKey":"BXQ6SU7W4dubR/PhukKUoIsBRp5GZcVUXmHAKv9uynpu","baseKeyType":1,"closed":-1,"used":1746641555324,"created":1746612695059,"remoteIdentityKey":"BRO0SOvp8lYtS4tPRB0rdpyKuuAR+42NUzjfFDXX8bUg"},"_chains":{"BXKHcpWADzv0fIpb3uM9OxngiHjkhS+1TyIhc/bYdUh8":{"chainKey":{"counter":0,"key":"AfeZbLX+LWEV1fG949A02IUfnpqdch/gobXN9kln458="},"chainType":2,"messageKeys":{}},"BYJ9vvEfaUr0HPONif6a0J25nrxWofakBAD3izHvJGIU":{"chainKey":{"counter":-1,"key":"vDZOWJNVY80EalapX7Y5g0MJ0sbGrQF0mgXDPoQPLy4="},"chainType":1,"messageKeys":{}}}}},"version":"v1"}