{"_sessions":{"BRuldWmDOrY6a8MFxafYmyZDe8w6Tc/+5NTA3Mn0JcBq":{"registrationId":209960941,"currentRatchet":{"ephemeralKeyPair":{"pubKey":"BU5hsSE81vjbuDaZz0aADxBioPu7gzoPZXLUTrfS9msD","privKey":"EHi3gTLa2Aegz+6NT6TvO6GvXOu1eOYHF18lY05ijXo="},"lastRemoteEphemeralKey":"Bep7T7wixivKZfUaBg9uE/Mi6QDkiGch5BpYRTKtyyJJ","previousCounter":0,"rootKey":"gr/COilOAlT6qeE8+o1leLs7sA/H+5FOChLsorL87IU="},"indexInfo":{"baseKey":"BRuldWmDOrY6a8MFxafYmyZDe8w6Tc/+5NTA3Mn0JcBq","baseKeyType":1,"closed":-1,"used":1746645162161,"created":1746645162161,"remoteIdentityKey":"BQTM0qrSKE9Xi0mpILbRnm7GLCDYICsEWlWcePpy0u8g"},"_chains":{"BU5hsSE81vjbuDaZz0aADxBioPu7gzoPZXLUTrfS9msD":{"chainKey":{"counter":0,"key":"Pj/fhLymJrkaPpodvWF2lvGwE4rQ2rTNlpmVOaaognQ="},"chainType":1,"messageKeys":{}}},"pendingPreKey":{"signedKeyId":11,"baseKey":"BRuldWmDOrY6a8MFxafYmyZDe8w6Tc/+5NTA3Mn0JcBq","preKeyId":11516600}}},"version":"v1"}