{"_sessions":{"BXI0owaeaR9JbX+oP6xsSi2GS4YWFodSpW4Pfg31dBBe":{"registrationId":838508963,"currentRatchet":{"ephemeralKeyPair":{"pubKey":"Be7SS4EXDSQB7suqr+hu+1ZwdLyIaz2jSaZ7E5cNiUxL","privKey":"EOSM1s/CDaDsptu9xvLLJLQbFg85vFtcXTzVvaL3Snc="},"lastRemoteEphemeralKey":"BWc6CDCMns5K9fFF6V7bhwHcea89Mk5t8070f1HSA2tC","previousCounter":0,"rootKey":"j0PtSA38t9reVER+hv7J99RPOXbQ2fiI2dPwOONKN+U="},"indexInfo":{"baseKey":"BXI0owaeaR9JbX+oP6xsSi2GS4YWFodSpW4Pfg31dBBe","baseKeyType":1,"closed":-1,"used":1746645158747,"created":1746645158747,"remoteIdentityKey":"BWqxcm2Myox1KjbhE8KrtXZSJc91+pCjBFjQSS03m6x3"},"_chains":{"Be7SS4EXDSQB7suqr+hu+1ZwdLyIaz2jSaZ7E5cNiUxL":{"chainKey":{"counter":0,"key":"lHizk3bbIxrunldND/qZ6Jo3ys6fiBkCAfMog2Bit7U="},"chainType":1,"messageKeys":{}}},"pendingPreKey":{"signedKeyId":1108849,"baseKey":"BXI0owaeaR9JbX+oP6xsSi2GS4YWFodSpW4Pfg31dBBe","preKeyId":4088}}},"version":"v1"}