{"_sessions":{"BYmGl9NMaVnQJzfsMb7zpkN63ioK9y243Faagwh+6dF8":{"registrationId":674155252,"currentRatchet":{"ephemeralKeyPair":{"pubKey":"Be1VLoBbh6aqqAebsFl4MY2waEleoUFSwXk9xLM1MeYU","privKey":"SOBYTiO+jQNlhrrdWGAP3sWklkAEBuJHx+/1fqgwkUU="},"lastRemoteEphemeralKey":"BXbMJA8Ydie8FBBNI+pUrfalorrStzy/5imWzUL/QCQK","previousCounter":0,"rootKey":"AGagR5f0lUNC413nzo0EC5H3X+O6cn1HLV75uY7FhtU="},"indexInfo":{"baseKey":"BYmGl9NMaVnQJzfsMb7zpkN63ioK9y243Faagwh+6dF8","baseKeyType":1,"closed":-1,"used":1746645166253,"created":1746645166253,"remoteIdentityKey":"BYf1AiZTezMybvW9eB4KVXN53G44AeRmZJl4vAwB+CFC"},"_chains":{"Be1VLoBbh6aqqAebsFl4MY2waEleoUFSwXk9xLM1MeYU":{"chainKey":{"counter":0,"key":"YvG7HpQv7u5zHeGci7mExaLGDuvuuox1MwJQIpDUjdA="},"chainType":1,"messageKeys":{}}},"pendingPreKey":{"signedKeyId":1,"baseKey":"BYmGl9NMaVnQJzfsMb7zpkN63ioK9y243Faagwh+6dF8","preKeyId":16758423}}},"version":"v1"}