{"_sessions":{"BeFSvFSmZVdbTpgRxsrmWuY5/SbIjuhCCxgDasKP/sk6":{"registrationId":794246036,"currentRatchet":{"ephemeralKeyPair":{"pubKey":"BQBCEiZU9ql5Mi5dNkOBXmu/Bgk65cdGt26VKlpwlOIj","privKey":"INeAoN3nBFr5yQNXNXZ6Buf9U2HETU4II4dlqGtUxlg="},"lastRemoteEphemeralKey":"BSTR0tm+NzcS0VjRS9KaAQdIyxiYjjrUS8Vzkuopt2U6","previousCounter":0,"rootKey":"58cwIjQ1UxNx4KHgIjvivsG4Y5hpIWn61DHrJ5mfNfo="},"indexInfo":{"baseKey":"BeFSvFSmZVdbTpgRxsrmWuY5/SbIjuhCCxgDasKP/sk6","baseKeyType":1,"closed":-1,"used":1746645158539,"created":1746645158539,"remoteIdentityKey":"BXbQstLhuZhqxF3WMW5d/L+TFb5f6VLx2AmAcYfkiL97"},"_chains":{"BQBCEiZU9ql5Mi5dNkOBXmu/Bgk65cdGt26VKlpwlOIj":{"chainKey":{"counter":0,"key":"zaqt2O6gE+3vLGdp48MTb5ZC8DFLJBiHht46oYCf2Tk="},"chainType":1,"messageKeys":{}}},"pendingPreKey":{"signedKeyId":13066522,"baseKey":"BeFSvFSmZVdbTpgRxsrmWuY5/SbIjuhCCxgDasKP/sk6","preKeyId":2705}}},"version":"v1"}