{"_sessions":{"BZxrIeNpdKRkp/O2h0Dx4ShNVLuggKsKqUQ3qpt9U24G":{"registrationId":2144426512,"currentRatchet":{"ephemeralKeyPair":{"pubKey":"BZd7sP2w237gXDExE1qBco4qwI5hvLj9ZxNDDjO8aHpK","privKey":"eJ0Jy89ea5qXqgSACH+ejlp4bO5kh2KfCh49sTuCRUI="},"lastRemoteEphemeralKey":"BQadkBr1qTpDbvTAfgJvsVTrZTx6BKGpz1mgBLU7951/","previousCounter":0,"rootKey":"sszYPGwsMFBaRYDTs6nd9IwBLoArLj1wS0iSMsM8P90="},"indexInfo":{"baseKey":"BZxrIeNpdKRkp/O2h0Dx4ShNVLuggKsKqUQ3qpt9U24G","baseKeyType":1,"closed":-1,"used":1746645158580,"created":1746645158580,"remoteIdentityKey":"BUwICJkL93vIgWQhU04JK8qfmMB9q7WXfMVTfzCsG3xs"},"_chains":{"BZd7sP2w237gXDExE1qBco4qwI5hvLj9ZxNDDjO8aHpK":{"chainKey":{"counter":0,"key":"zL4ywTD+60HKQkOxidW8SthnEXLPyawp8hval18xb1s="},"chainType":1,"messageKeys":{}}},"pendingPreKey":{"signedKeyId":1,"baseKey":"BZxrIeNpdKRkp/O2h0Dx4ShNVLuggKsKqUQ3qpt9U24G","preKeyId":1551594}}},"version":"v1"}