{"_sessions":{"BUevNtFNnD1oIDqGcALX1ArtCj9QsRsL8jNapxTb3qgR":{"registrationId":76779890,"currentRatchet":{"ephemeralKeyPair":{"pubKey":"BXwCgWEm/nW/C1bL4R1lrYTjnE3YPqqHfsNSxfI8l/FR","privKey":"MMmIhC+9Am4OeyzUQ4gGUrO6YusUcpzOmNtiFogskGk="},"lastRemoteEphemeralKey":"BcKbRszYj6HAaJYmHA/0J7d0oxdw+I+plv2EfCXw2EFB","previousCounter":0,"rootKey":"P/u/3CNqE8JDNSxOEOudUIaveRSB3yyaSHW0DzBymtM="},"indexInfo":{"baseKey":"BUevNtFNnD1oIDqGcALX1ArtCj9QsRsL8jNapxTb3qgR","baseKeyType":1,"closed":-1,"used":1746645069946,"created":1746645069946,"remoteIdentityKey":"BbcnsR4TBXS4K5C1MuDkfeB6IBo3r/r6V7cH5re+Xehm"},"_chains":{"BXwCgWEm/nW/C1bL4R1lrYTjnE3YPqqHfsNSxfI8l/FR":{"chainKey":{"counter":0,"key":"aY+8zzPV5PccZWONQeTsV1aHXJPMu4it4yHga1PPz5g="},"chainType":1,"messageKeys":{}}},"pendingPreKey":{"signedKeyId":4578834,"baseKey":"BUevNtFNnD1oIDqGcALX1ArtCj9QsRsL8jNapxTb3qgR","preKeyId":3184}}},"version":"v1"}