{"_sessions":{"BTIgCGh5vo7EreTz6KbT4imI2jPu3QeCfhoBlLVDRGse":{"registrationId":1715954061,"currentRatchet":{"ephemeralKeyPair":{"pubKey":"BUlAXqN1LI2h4RBksDRdoN8O1YOs0Qcs5ZgD5IHSBcYd","privKey":"ePvLNgTfNwkwR7bsuNvFsUnfUm+z+pMP5z7hSrS/B0c="},"lastRemoteEphemeralKey":"BXgkAawuR+9lEJe4pyXktNRIqfxwYoVQihiS385NSWlA","previousCounter":0,"rootKey":"VKubvXEMClTn5r9PsJnulPnmP3yh/wYk+eczOjSMJRU="},"indexInfo":{"baseKey":"BTIgCGh5vo7EreTz6KbT4imI2jPu3QeCfhoBlLVDRGse","baseKeyType":1,"closed":-1,"used":1746645166062,"created":1746645166062,"remoteIdentityKey":"Be49dlv5u7fVuyMsDqwTmb5XiflOY8/3VKuVI/m3e28q"},"_chains":{"BUlAXqN1LI2h4RBksDRdoN8O1YOs0Qcs5ZgD5IHSBcYd":{"chainKey":{"counter":0,"key":"MPZvonu4Vz7LNHpPzYN9Ywmgf6QHpJclBLUjpGbhlh0="},"chainType":1,"messageKeys":{}}},"pendingPreKey":{"signedKeyId":16,"baseKey":"BTIgCGh5vo7EreTz6KbT4imI2jPu3QeCfhoBlLVDRGse","preKeyId":14298627}}},"version":"v1"}