{"_sessions":{"BZ8HY4g0vEbEDlsyLDKrmupZ27n8gCKB6xLlwMPiGZBB":{"registrationId":1182734293,"currentRatchet":{"ephemeralKeyPair":{"pubKey":"BVfN2IQkhCSN7rjxT30r9QQ2Zv2Ga2Bx3bifvtJeCLxp","privKey":"APm6FM62X+cjJqhCmCJM5dqRDGbzRnkd/XpboilRi1o="},"lastRemoteEphemeralKey":"BUM+2qtTb4haAgVBlNT05Kt59OXntF7K1vm1WzLeRbB3","previousCounter":0,"rootKey":"bCoFBN1s76iKLHyW9Moheepo9OT66s8p/mapnd5XCsg="},"indexInfo":{"baseKey":"BZ8HY4g0vEbEDlsyLDKrmupZ27n8gCKB6xLlwMPiGZBB","baseKeyType":1,"closed":1746627386410,"used":1746627365692,"created":1746627365692,"remoteIdentityKey":"BYvSInd5xe3ws3KHcNOutMCuLY/XFrp6+ZxaGpEaZi8i"},"_chains":{"BVfN2IQkhCSN7rjxT30r9QQ2Zv2Ga2Bx3bifvtJeCLxp":{"chainKey":{"counter":0,"key":"r0OuUzrybJhuUmbRzz0IOAEZeeCXjBc7PkWtP8LLNhU="},"chainType":1,"messageKeys":{}}},"pendingPreKey":{"signedKeyId":10,"baseKey":"BZ8HY4g0vEbEDlsyLDKrmupZ27n8gCKB6xLlwMPiGZBB"}},"Baz0BBtFYz89uTRvebxVbK5jtDhj/Smo/abmid2R35h4":{"registrationId":1182734293,"currentRatchet":{"ephemeralKeyPair":{"pubKey":"BYv+VmbW7Qisv8ZJTRkf4AvZcl/eU7qS0BSPfztYe4kr","privKey":"0CtF6lp2U6Ogwnx/kwwokTWo7lHbL5FdV93MKpnfhU0="},"lastRemoteEphemeralKey":"BUM+2qtTb4haAgVBlNT05Kt59OXntF7K1vm1WzLeRbB3","previousCounter":0,"rootKey":"lkLEbYhCt5PfazzX+erHg00/3W72TexYDpq3VPFa5YY="},"indexInfo":{"baseKey":"Baz0BBtFYz89uTRvebxVbK5jtDhj/Smo/abmid2R35h4","baseKeyType":1,"closed":1746627408665,"used":1746627385747,"created":1746627385747,"remoteIdentityKey":"BYvSInd5xe3ws3KHcNOutMCuLY/XFrp6+ZxaGpEaZi8i"},"_chains":{"BYv+VmbW7Qisv8ZJTRkf4AvZcl/eU7qS0BSPfztYe4kr":{"chainKey":{"counter":0,"key":"9IHU1HmKvMKEQm9klTbARFV14KjL54ncOlBz5cNH9OM="},"chainType":1,"messageKeys":{}}},"pendingPreKey":{"signedKeyId":10,"baseKey":"Baz0BBtFYz89uTRvebxVbK5jtDhj/Smo/abmid2R35h4"}},"BWcWQaUGHKlLlO61LFfzsQuSkbTd2uAvhbNu/AHcwXog":{"registrationId":1182734293,"currentRatchet":{"ephemeralKeyPair":{"pubKey":"BSZ9JNXymx+7yDkwNCAy4hkTxzW+uOpQzIzXr/4muldA","privKey":"uG8qOT/L+foH+bUBvw/7KZGQOYADr8nHWaM2h4f4+2w="},"lastRemoteEphemeralKey":"BUM+2qtTb4haAgVBlNT05Kt59OXntF7K1vm1WzLeRbB3","previousCounter":0,"rootKey":"EKp7tYw/Qf3KL61dx+ELegtBWKfIcvmnKI5f3ZrUI+A="},"indexInfo":{"baseKey":"BWcWQaUGHKlLlO61LFfzsQuSkbTd2uAvhbNu/AHcwXog","baseKeyType":1,"closed":-1,"used":1746627408125,"created":1746627408125,"remoteIdentityKey":"BYvSInd5xe3ws3KHcNOutMCuLY/XFrp6+ZxaGpEaZi8i"},"_chains":{"BSZ9JNXymx+7yDkwNCAy4hkTxzW+uOpQzIzXr/4muldA":{"chainKey":{"counter":3,"key":"iFl3i5oO/RekFNNuqI44pD2csFAexO2+f1MDbeL1X34="},"chainType":1,"messageKeys":{}}},"pendingPreKey":{"signedKeyId":10,"baseKey":"BWcWQaUGHKlLlO61LFfzsQuSkbTd2uAvhbNu/AHcwXog"}}},"version":"v1"}