{"_sessions":{"BVTUCVYRnv390CDilut3sEQKM/H9lfdpYTql7C1Ks3Fs":{"registrationId":602813867,"currentRatchet":{"ephemeralKeyPair":{"pubKey":"BUHgBhPdryc9T9+Qmq0NRE5JJZ3aUjpEGnq0WakQpCMY","privKey":"8LRte8+9A90mgdUNHS5pBa3fz/z1mOatJDB93JzgSFo="},"lastRemoteEphemeralKey":"BZFgyp7FiPRRDElmfXmAmbTlDScYVf7bJoT9z736DFYA","previousCounter":0,"rootKey":"22whenOB/e2J61e/S2P3ZVj5519DcY78fgFp/+lzYhU="},"indexInfo":{"baseKey":"BVTUCVYRnv390CDilut3sEQKM/H9lfdpYTql7C1Ks3Fs","baseKeyType":1,"closed":-1,"used":1746612492707,"created":1746612492707,"remoteIdentityKey":"BRHcVE8CBRetcobZDHRtY8jBWF71GSn3WtROTpsZpRMo"},"_chains":{"BUHgBhPdryc9T9+Qmq0NRE5JJZ3aUjpEGnq0WakQpCMY":{"chainKey":{"counter":4,"key":"D40r2O4REstJbduOjFjvm+Q/GWcH9ZaqriLcfutiudk="},"chainType":1,"messageKeys":{}}},"pendingPreKey":{"signedKeyId":4,"baseKey":"BVTUCVYRnv390CDilut3sEQKM/H9lfdpYTql7C1Ks3Fs","preKeyId":14238147}}},"version":"v1"}