{"_sessions":{"Bf0Bz5CdbcgogCRLh8xKV2r6zaJG2RYpbVJeFQ160oUS":{"registrationId":354379016,"currentRatchet":{"ephemeralKeyPair":{"pubKey":"BXhmysCCaSn/acp7tIQVL7338EDczjr/C2C2F84iogxA","privKey":"kLbinX3jm+XQLe7pFjk/KTluzvMhK5NbDbPRiBf6NWk="},"lastRemoteEphemeralKey":"BWoI0L/mcOGbOyh5T2ix12SsnkSru3vXpj7Z+DIoJhR0","previousCounter":0,"rootKey":"dG59+rEblpG31ycDAR8oOMN4qc3EhBtdzfmpTSKkm7w="},"indexInfo":{"baseKey":"Bf0Bz5CdbcgogCRLh8xKV2r6zaJG2RYpbVJeFQ160oUS","baseKeyType":1,"closed":-1,"used":1746612492617,"created":1746612492617,"remoteIdentityKey":"BdjnEqupPmqqWehYC9QdLhU/wmqFfw4/TqUbHNaxjjkW"},"_chains":{"BXhmysCCaSn/acp7tIQVL7338EDczjr/C2C2F84iogxA":{"chainKey":{"counter":4,"key":"bXO5rNzlhD69oZJt+sOXeuB9qYKkJV7p37q94onNS9c="},"chainType":1,"messageKeys":{}}},"pendingPreKey":{"signedKeyId":1,"baseKey":"Bf0Bz5CdbcgogCRLh8xKV2r6zaJG2RYpbVJeFQ160oUS","preKeyId":8997703}}},"version":"v1"}