{"_sessions":{"BTBvcJ/4rq63rz+vVd6P/U5Bw7PmxpOUB240qrIAs7xY":{"registrationId":18886142,"currentRatchet":{"ephemeralKeyPair":{"pubKey":"BaqJnkUdI/dXBBz081uF6LvjgIxWbPKn5V7i5inJyOl+","privKey":"GGpEBPd+Jyxg4QU9PoO7ul5+lIMablPIAD2gSCV3GXE="},"lastRemoteEphemeralKey":"Bd3JPAXqAyWpHgQKe/bkCXbB3/SR0ixs/n6GIkYoXgAh","previousCounter":0,"rootKey":"dmHAKp5nldiROy+PdfVFbasMfNElAv2AS6E8nU5FNBA="},"indexInfo":{"baseKey":"BTBvcJ/4rq63rz+vVd6P/U5Bw7PmxpOUB240qrIAs7xY","baseKeyType":1,"closed":-1,"used":1746645162553,"created":1746645162553,"remoteIdentityKey":"BWDJd1JHj+cey07ZmYMhlxFgHp6KVNl4somZyaCpCmhD"},"_chains":{"BaqJnkUdI/dXBBz081uF6LvjgIxWbPKn5V7i5inJyOl+":{"chainKey":{"counter":0,"key":"VmUj0SwdcT4cxHSCKCCUmZ7ObCPorq1Voc4WypxzUAw="},"chainType":1,"messageKeys":{}}},"pendingPreKey":{"signedKeyId":1,"baseKey":"BTBvcJ/4rq63rz+vVd6P/U5Bw7PmxpOUB240qrIAs7xY","preKeyId":4368164}}},"version":"v1"}