{"_sessions":{"BeF3U5hJcKNcJqoKMZCrVuv6EEDHw4WVHZE8QpBuQmsn":{"registrationId":649699940,"currentRatchet":{"ephemeralKeyPair":{"pubKey":"BSuQil0U/83vnPCY8bnurSbbWQBLvUwphg+99z7Ue6F1","privKey":"oAvfY0teVSUCUCIHxOypYO8+81UAaE5Cf9m5woIGDHg="},"lastRemoteEphemeralKey":"BQTt9XpM2mtf6sVCIXMkArjXheE02JOFZAoT0egLJG9C","previousCounter":0,"rootKey":"HFFlz4kXQfgqAt4Uj/5O6gj5QsPcWT/6mEJjqqCL7SQ="},"indexInfo":{"baseKey":"BeF3U5hJcKNcJqoKMZCrVuv6EEDHw4WVHZE8QpBuQmsn","baseKeyType":1,"closed":-1,"used":1746627350765,"created":1746627350765,"remoteIdentityKey":"BSpqBtmtsj0bvUdYIcGmtGewaTh4lh6y+7SjuN3klOEN"},"_chains":{"BSuQil0U/83vnPCY8bnurSbbWQBLvUwphg+99z7Ue6F1":{"chainKey":{"counter":0,"key":"WMFNCi63rl4c977ZUTqmjpe7QZ2ZJmCmpQvtkPXRGg8="},"chainType":1,"messageKeys":{}}},"pendingPreKey":{"signedKeyId":15,"baseKey":"BeF3U5hJcKNcJqoKMZCrVuv6EEDHw4WVHZE8QpBuQmsn","preKeyId":14507476}}},"version":"v1"}