{"_sessions":{"BVG7jmyUF2H9L7LqfLPgdx2w10pWEdc0ECJHv6mQdRYC":{"registrationId":393232042,"currentRatchet":{"ephemeralKeyPair":{"pubKey":"BSxcqjO4hsUEo+k2SABil12ARlanc75wC/Ucp0rZ0a1G","privKey":"QLLtz9IeeYPVmfwOCH7fObT17rbw6GNNVrgrMBEBjmY="},"lastRemoteEphemeralKey":"Bad/9CB08maeDXPVhThvGlqrjPz77o/LMQ+Bc/rJoSsa","previousCounter":0,"rootKey":"gFXH1SfFprp71vMfKXZGTLGiCnk/WX+lRt1yVd6sFz0="},"indexInfo":{"baseKey":"BVG7jmyUF2H9L7LqfLPgdx2w10pWEdc0ECJHv6mQdRYC","baseKeyType":1,"closed":-1,"used":1746639403290,"created":1746639403290,"remoteIdentityKey":"BZqeQLOlVo7GRfo4MgOdjFPU+eCaeiELYtiAyptSscMi"},"_chains":{"BSxcqjO4hsUEo+k2SABil12ARlanc75wC/Ucp0rZ0a1G":{"chainKey":{"counter":0,"key":"mpQ34IwumFKk0RSg1HD8VH1fdVYXhnuDKHlYGWZG1y4="},"chainType":1,"messageKeys":{}}},"pendingPreKey":{"signedKeyId":3,"baseKey":"BVG7jmyUF2H9L7LqfLPgdx2w10pWEdc0ECJHv6mQdRYC","preKeyId":2441213}}},"version":"v1"}