{"_sessions":{"BUDI4J1JQj51ApZyacP4tTds7OqqGvlv5+awnC65tEFB":{"registrationId":1052900910,"currentRatchet":{"ephemeralKeyPair":{"pubKey":"BWIh2lqvZcqEhgQk+DhZPw22nYFiqauPJOUWXOZZklgi","privKey":"OCqhVLXGhg9sefVVm3NjHnm7bMKEY7btzmG4l21a9VU="},"lastRemoteEphemeralKey":"BboZ1hubAq0+I+qQY2lLYtX12m4qJBfuTHn8eKNgsrgp","previousCounter":0,"rootKey":"uw9OLZtSBCessXQkJc1fML5SVHgjsWh/WgnSXsqozDM="},"indexInfo":{"baseKey":"BUDI4J1JQj51ApZyacP4tTds7OqqGvlv5+awnC65tEFB","baseKeyType":1,"closed":-1,"used":1746627450060,"created":1746627450060,"remoteIdentityKey":"BTYddIkKjYt9lIu1VclEefTN9e6LmwSoS3n3uTExSGxM"},"_chains":{"BWIh2lqvZcqEhgQk+DhZPw22nYFiqauPJOUWXOZZklgi":{"chainKey":{"counter":0,"key":"ePnOr1DCZll6juZ+gVSXIy9QsQ1/NHq1hi+2XIi4bpY="},"chainType":1,"messageKeys":{}}},"pendingPreKey":{"signedKeyId":2,"baseKey":"BUDI4J1JQj51ApZyacP4tTds7OqqGvlv5+awnC65tEFB","preKeyId":2735487}}},"version":"v1"}