{"_sessions":{"BYj7qAFWX+w649iwlIlDeIO6I0neqzXhDrA+rsB/QTIt":{"registrationId":166,"currentRatchet":{"ephemeralKeyPair":{"pubKey":"BTKLjcYT/h9s0fpNrEqzJdBoqaFR4q4fDDjvTu5Vxfkw","privKey":"mCrYtNRQ9J/u9oy0BnHXuYI/ywMgvhEcP0UvsDtYe2g="},"lastRemoteEphemeralKey":"BaU7RZ5IZGUSi5ysyUg9NR0fodCXb2YWdrDOAoMWy9JF","previousCounter":0,"rootKey":"nzO+m+FsMHT6rVUhOhJly/pVF+y5gP+WTzMHyW5M2ZM="},"indexInfo":{"baseKey":"BYj7qAFWX+w649iwlIlDeIO6I0neqzXhDrA+rsB/QTIt","baseKeyType":1,"closed":1746612706686,"used":1746612488482,"created":1746612488482,"remoteIdentityKey":"BYueZu+mUrI9lEY0pHgBbeM1MMFxlR5ZWyD4oHol/r9G"},"_chains":{"BTKLjcYT/h9s0fpNrEqzJdBoqaFR4q4fDDjvTu5Vxfkw":{"chainKey":{"counter":0,"key":"EdPMYkqhDFod9zWtCC7NKkP9JNghch9yBPJxZ56olEI="},"chainType":1,"messageKeys":{}}},"pendingPreKey":{"signedKeyId":1,"baseKey":"BYj7qAFWX+w649iwlIlDeIO6I0neqzXhDrA+rsB/QTIt"}},"BU/0noKSIpD8LxNWVBN6a99gkOu5abKFem2J/NLaf5ok":{"registrationId":166,"currentRatchet":{"ephemeralKeyPair":{"pubKey":"Bfq7+ilGMAhsr3Lmlcelc4jY5FYYOFisT5Mxegl+aMBL","privKey":"aO586HxgUG9eMQ3CroyqT6XPdoD4Qbp/9IsNBFVneWg="},"lastRemoteEphemeralKey":"BaU7RZ5IZGUSi5ysyUg9NR0fodCXb2YWdrDOAoMWy9JF","previousCounter":0,"rootKey":"HvgFCDHb5y4VZ/M86tjn5oGp5kBnsHb3KBLsFUMCLlg="},"indexInfo":{"baseKey":"BU/0noKSIpD8LxNWVBN6a99gkOu5abKFem2J/NLaf5ok","baseKeyType":1,"closed":-1,"used":1746612706632,"created":1746612706632,"remoteIdentityKey":"BYueZu+mUrI9lEY0pHgBbeM1MMFxlR5ZWyD4oHol/r9G"},"_chains":{"Bfq7+ilGMAhsr3Lmlcelc4jY5FYYOFisT5Mxegl+aMBL":{"chainKey":{"counter":3,"key":"hRjUIfIerzYHn5B935fTZ356lIRnd539Z3aytASvCA0="},"chainType":1,"messageKeys":{}}},"pendingPreKey":{"signedKeyId":1,"baseKey":"BU/0noKSIpD8LxNWVBN6a99gkOu5abKFem2J/NLaf5ok"}}},"version":"v1"}