{"_sessions":{"Bbl1MVFqwNkD9hHgtPczK9/WT/PmFljWazhGwNnI6NYP":{"registrationId":378155340,"currentRatchet":{"ephemeralKeyPair":{"pubKey":"BV/ALXGstFqYhwbVq4TxkecUlcf+LpI60huBHNDdc2gf","privKey":"WJHYTqU+BIao6inaWU/F68oAyoXJ0vcunrAXZILfxl8="},"lastRemoteEphemeralKey":"BVNN/LRorR6FTJA4ugKP+xE47neBAf+WU8LP4nDfrjd5","previousCounter":0,"rootKey":"ZdpHMJ4xqJ/N/Kc61OhmqizQ1qx0/V/KdnckYAsUGNY="},"indexInfo":{"baseKey":"Bbl1MVFqwNkD9hHgtPczK9/WT/PmFljWazhGwNnI6NYP","baseKeyType":1,"closed":1746627386408,"used":1746627365687,"created":1746627365687,"remoteIdentityKey":"BbHYKslRCZM0QovfGkbTmOAZZztNgZ+lrlXH9VtbzSAX"},"_chains":{"BV/ALXGstFqYhwbVq4TxkecUlcf+LpI60huBHNDdc2gf":{"chainKey":{"counter":0,"key":"/I+icvqQjMXGEdI5xsHHxRmG3/8edICrGeIB0r4HOGE="},"chainType":1,"messageKeys":{}}},"pendingPreKey":{"signedKeyId":5,"baseKey":"Bbl1MVFqwNkD9hHgtPczK9/WT/PmFljWazhGwNnI6NYP"}},"BY9ooJLiGNEets54W9vHGBErZNdRxn629NdnazFlU/IA":{"registrationId":378155340,"currentRatchet":{"ephemeralKeyPair":{"pubKey":"BWpQBFaSCkM5s3GocJrfJSrI0PBKg7n1Jg0JXjeC4Ow1","privKey":"UGdxvsv7pgtYU6WDB6GJ80MUteSU2wipjGE9LRB6L1s="},"lastRemoteEphemeralKey":"BVNN/LRorR6FTJA4ugKP+xE47neBAf+WU8LP4nDfrjd5","previousCounter":0,"rootKey":"SGXqnsio0vUmxHo4l5kz/J4zINKTBiK8PV5g01Xjtyw="},"indexInfo":{"baseKey":"BY9ooJLiGNEets54W9vHGBErZNdRxn629NdnazFlU/IA","baseKeyType":1,"closed":1746627408664,"used":1746627385741,"created":1746627385741,"remoteIdentityKey":"BbHYKslRCZM0QovfGkbTmOAZZztNgZ+lrlXH9VtbzSAX"},"_chains":{"BWpQBFaSCkM5s3GocJrfJSrI0PBKg7n1Jg0JXjeC4Ow1":{"chainKey":{"counter":0,"key":"mtNBLufhU2V3efiwRP9SDOoUYyYSVYYE3jPO5TXQhvE="},"chainType":1,"messageKeys":{}}},"pendingPreKey":{"signedKeyId":5,"baseKey":"BY9ooJLiGNEets54W9vHGBErZNdRxn629NdnazFlU/IA"}},"BXFJPpWZMSp9yH70v38LDItoc/ApAFOtjcp3/ZXsgYVd":{"registrationId":378155340,"currentRatchet":{"ephemeralKeyPair":{"pubKey":"BUPvCjCrYCRTeizjM5hdq8RjTAoMyINdWMI+Uuh880Ul","privKey":"OCGeJ7R2klFgOuCaZONUCCOvZKuru3AcMp4KCUj5Uko="},"lastRemoteEphemeralKey":"BVNN/LRorR6FTJA4ugKP+xE47neBAf+WU8LP4nDfrjd5","previousCounter":0,"rootKey":"r9bo5EI3ljmGSaVphv343eXgTh2qdeqDnjzFOGw6XLY="},"indexInfo":{"baseKey":"BXFJPpWZMSp9yH70v38LDItoc/ApAFOtjcp3/ZXsgYVd","baseKeyType":1,"closed":-1,"used":1746627408120,"created":1746627408120,"remoteIdentityKey":"BbHYKslRCZM0QovfGkbTmOAZZztNgZ+lrlXH9VtbzSAX"},"_chains":{"BUPvCjCrYCRTeizjM5hdq8RjTAoMyINdWMI+Uuh880Ul":{"chainKey":{"counter":3,"key":"ntGW7+18RYP/EONvaV2b9p9kcBR9gS0+gN5OqIrT1WM="},"chainType":1,"messageKeys":{}}},"pendingPreKey":{"signedKeyId":5,"baseKey":"BXFJPpWZMSp9yH70v38LDItoc/ApAFOtjcp3/ZXsgYVd"}}},"version":"v1"}