{"_sessions":{"BRB11JE+MfrseYLuTyazTllVZmjWStFT0I2L2n5RYP8+":{"registrationId":616260354,"currentRatchet":{"ephemeralKeyPair":{"pubKey":"BQsOUFDy7yrd/IRgFW/SzxnsCzuxCgd0FiHY4uEdpBkW","privKey":"KDMzc/EySLwkCpP+orNZDdQ4yTIw7oewzYAjZrFSekk="},"lastRemoteEphemeralKey":"Bd+VJJVMea0OExomEP3usbtDcWEeR4IufM5j0pHX+nlw","previousCounter":0,"rootKey":"bjVlOBsXhOrRVjG+qkld0MMIh7PSqZaFTBKeztqLOiA="},"indexInfo":{"baseKey":"BRB11JE+MfrseYLuTyazTllVZmjWStFT0I2L2n5RYP8+","baseKeyType":1,"closed":1746627386437,"used":1746627365755,"created":1746627365755,"remoteIdentityKey":"BVQSu9aOoyqEHbWVgOFMDsUCDDKVEm/ZmEAip5JcEzYj"},"_chains":{"BQsOUFDy7yrd/IRgFW/SzxnsCzuxCgd0FiHY4uEdpBkW":{"chainKey":{"counter":0,"key":"MPs+EoF5YW8YcbPbM+KSeXfCCEfhWMtVSp9T3Tg1NcI="},"chainType":1,"messageKeys":{}}},"pendingPreKey":{"signedKeyId":4,"baseKey":"BRB11JE+MfrseYLuTyazTllVZmjWStFT0I2L2n5RYP8+","preKeyId":10886983}},"BdZQa2mzSkIJqW8wdnYGjocKn9/5bYFwPYR6eGoGyEYA":{"registrationId":616260354,"currentRatchet":{"ephemeralKeyPair":{"pubKey":"BShoveD+avD3vQGsjbMAbnVchRVvx0oqhonbBEb754t6","privKey":"QNECsEjozJ6oDiz7vR5MP4n6S6DVtiMwClvqScQAX3A="},"lastRemoteEphemeralKey":"Bd+VJJVMea0OExomEP3usbtDcWEeR4IufM5j0pHX+nlw","previousCounter":0,"rootKey":"Yl2anp6mrpp4CWmqnhk1w8MHCDB877Ju66pBvFx2h8g="},"indexInfo":{"baseKey":"BdZQa2mzSkIJqW8wdnYGjocKn9/5bYFwPYR6eGoGyEYA","baseKeyType":1,"closed":1746627408681,"used":1746627385818,"created":1746627385818,"remoteIdentityKey":"BVQSu9aOoyqEHbWVgOFMDsUCDDKVEm/ZmEAip5JcEzYj"},"_chains":{"BShoveD+avD3vQGsjbMAbnVchRVvx0oqhonbBEb754t6":{"chainKey":{"counter":0,"key":"SUd8dEWmL21hDdbxI8xeTImP4HR5BmKdndCS5gzBrik="},"chainType":1,"messageKeys":{}}},"pendingPreKey":{"signedKeyId":4,"baseKey":"BdZQa2mzSkIJqW8wdnYGjocKn9/5bYFwPYR6eGoGyEYA","preKeyId":10886987}},"BTQ7KUaay293/6dD/jhnCgsegy8NS5H3gQ9teYjjUNIC":{"registrationId":616260354,"currentRatchet":{"ephemeralKeyPair":{"pubKey":"BZW4zuXKfIt4hTcc3an+2a8ycZ0q8a8ApIrDMTJfLdxt","privKey":"SJOxMjoD5SqRKZb4B9M55n2LuMO8a5AiQZmRAW/12kg="},"lastRemoteEphemeralKey":"Bd+VJJVMea0OExomEP3usbtDcWEeR4IufM5j0pHX+nlw","previousCounter":0,"rootKey":"DwjeXDmcrq7cmnBctV3HeKNweaNjV86K8g+E1aZa9hw="},"indexInfo":{"baseKey":"BTQ7KUaay293/6dD/jhnCgsegy8NS5H3gQ9teYjjUNIC","baseKeyType":1,"closed":-1,"used":1746627408189,"created":1746627408189,"remoteIdentityKey":"BVQSu9aOoyqEHbWVgOFMDsUCDDKVEm/ZmEAip5JcEzYj"},"_chains":{"BZW4zuXKfIt4hTcc3an+2a8ycZ0q8a8ApIrDMTJfLdxt":{"chainKey":{"counter":3,"key":"D9PCXmXWvgWR8u5A3aOOsZstAAydJWAhc3dP5tB75uw="},"chainType":1,"messageKeys":{}}},"pendingPreKey":{"signedKeyId":4,"baseKey":"BTQ7KUaay293/6dD/jhnCgsegy8NS5H3gQ9teYjjUNIC","preKeyId":10887007}}},"version":"v1"}