{"_sessions":{"BRK4VNxLbhPF/fA3oItBgQGPpdY4u52ZjkBFfKVcj3lv":{"registrationId":882803247,"currentRatchet":{"ephemeralKeyPair":{"pubKey":"BW97zTmEMpoXxim80SfTJA3fatbLxSdeoVvnU8hFNK4/","privKey":"EDa0jRWwwhCXuzI6mlUF40X8eR6rv67pepqhy2kPbmA="},"lastRemoteEphemeralKey":"BeOaxTghZ03M4qoN58148HsU8D9ZiCxc1zm5JDoYny80","previousCounter":0,"rootKey":"qjL8qujoiV94DTTo7fmXliI3CIBiHrfj6Ka7qSvOUns="},"indexInfo":{"baseKey":"BRK4VNxLbhPF/fA3oItBgQGPpdY4u52ZjkBFfKVcj3lv","baseKeyType":1,"closed":-1,"used":1746645158475,"created":1746645158475,"remoteIdentityKey":"Bardf2zM4bSBIuREmqHERX/vXS621FxHvuP+7nDLtTky"},"_chains":{"BW97zTmEMpoXxim80SfTJA3fatbLxSdeoVvnU8hFNK4/":{"chainKey":{"counter":0,"key":"4cEoNA9mKgfrXYvbYFINUNfyGguPsfB5P5SoVggPgmY="},"chainType":1,"messageKeys":{}}},"pendingPreKey":{"signedKeyId":1,"baseKey":"BRK4VNxLbhPF/fA3oItBgQGPpdY4u52ZjkBFfKVcj3lv","preKeyId":1383}}},"version":"v1"}