{"_sessions":{"BZCczLIS9zHR+dkzDIlOhri8KzWi4Hw48ZRCelXrmmVg":{"registrationId":279700518,"currentRatchet":{"ephemeralKeyPair":{"pubKey":"BQe0KFXba/qARgL9/yl1c/77iQ+UxCzkHXq4oyLHCnRj","privKey":"6BnKqKoGGEP8WzJ/LCVzfsAU2E+grVUy0XJU4bqj8HY="},"lastRemoteEphemeralKey":"Bbgaul1pOzrV5xG+0tfIpNtPwYiRd+ExD/zqvByXeOQk","previousCounter":0,"rootKey":"hyBV5BjyAFF91eiRz4Phbytu8QOm/y6R9OwsAhLBleY="},"indexInfo":{"baseKey":"BZCczLIS9zHR+dkzDIlOhri8KzWi4Hw48ZRCelXrmmVg","baseKeyType":1,"closed":-1,"used":1746612488955,"created":1746612488955,"remoteIdentityKey":"BRUimRoHwiyplnq9ebXU86kVB5zMeIXG9BfP0e6YF+07"},"_chains":{"BQe0KFXba/qARgL9/yl1c/77iQ+UxCzkHXq4oyLHCnRj":{"chainKey":{"counter":4,"key":"sK4LabwBO7Z2hWI60I6hF5Z7ny9NYAnwDEji+EmDnPw="},"chainType":1,"messageKeys":{}}},"pendingPreKey":{"signedKeyId":18,"baseKey":"BZCczLIS9zHR+dkzDIlOhri8KzWi4Hw48ZRCelXrmmVg"}}},"version":"v1"}