{"_sessions":{"BRRM7hZBzKZ9mtWQrRfr4/cJ7LV9/ZTLZwMY3++jx38Z":{"registrationId":1837770469,"currentRatchet":{"ephemeralKeyPair":{"pubKey":"Bb7Tp2zuWVn9a7amEc8ikdCCYNq75KRfVr3DPhcak/UA","privKey":"EBapkz/BCz98giDqZubQRc0aI79f0Lh6LmhIHf0HtmU="},"lastRemoteEphemeralKey":"BdALMvGQ28kFNT3t9JHDV08ZtMvhDryija24cdv4TShR","previousCounter":0,"rootKey":"LN7XH9kAzsf4LyrF3dFdhNkfNW8fjyL+xT0KROie3+4="},"indexInfo":{"baseKey":"BRRM7hZBzKZ9mtWQrRfr4/cJ7LV9/ZTLZwMY3++jx38Z","baseKeyType":1,"closed":-1,"used":1746645158828,"created":1746645158828,"remoteIdentityKey":"BZPlummOj0Lw1FU4aJA/EV0bjtGlqJI6BKLoBPBN/oZ2"},"_chains":{"Bb7Tp2zuWVn9a7amEc8ikdCCYNq75KRfVr3DPhcak/UA":{"chainKey":{"counter":0,"key":"cLLUT/mCsePU35dl1u8bh0BeQBq8dBNMsQubSFCc0W0="},"chainType":1,"messageKeys":{}}},"pendingPreKey":{"signedKeyId":2,"baseKey":"BRRM7hZBzKZ9mtWQrRfr4/cJ7LV9/ZTLZwMY3++jx38Z","preKeyId":4329483}}},"version":"v1"}