{"_sessions":{"BYFFf+gwYEiyBdTYl1SUWu8R2+01WsCabEAOsdL36Cot":{"registrationId":1161887477,"currentRatchet":{"ephemeralKeyPair":{"pubKey":"BS6y4fd1KW5neCChlQaZfIkhaW9z96ZDFeV9XRo8KJNw","privKey":"wP/1FUg2xxjT7qGsQMq9EqOFHWtnRV6Jqtu+rJLjp1Y="},"lastRemoteEphemeralKey":"BbPqHfUVhAyAGpg/QGWobZJvmpQlR5emitPrvrksq3Eg","previousCounter":0,"rootKey":"bU2uxzIIGNG6VSSgALk3ksq9/nXsbrrBJxibp/f6jEs="},"indexInfo":{"baseKey":"BYFFf+gwYEiyBdTYl1SUWu8R2+01WsCabEAOsdL36Cot","baseKeyType":1,"closed":-1,"used":1746645158549,"created":1746645158549,"remoteIdentityKey":"BfsRcyOJ3KGgkM28k01MG5ZzhNqhq5NTmM5WPhWkvm8h"},"_chains":{"BS6y4fd1KW5neCChlQaZfIkhaW9z96ZDFeV9XRo8KJNw":{"chainKey":{"counter":0,"key":"6FYvfjSzfQrAuBCXr1BMf8feDdVQr2Yfwj4Yvi/v3q8="},"chainType":1,"messageKeys":{}}},"pendingPreKey":{"signedKeyId":11299795,"baseKey":"BYFFf+gwYEiyBdTYl1SUWu8R2+01WsCabEAOsdL36Cot","preKeyId":5391}}},"version":"v1"}