{"_sessions":{"BYO1YCzCnHundprSM9gs32sCaKy2MPIYzvMwFqsqCzwa":{"registrationId":1740593250,"currentRatchet":{"ephemeralKeyPair":{"pubKey":"BaHAmWRXCsjYgX/T9Teq5KeG2eS6xfB+AbTodEdDltBh","privKey":"2ALPRBPusXk78C5FGP8aIuvZNaniILMwcus8ZODXkGs="},"lastRemoteEphemeralKey":"BWXqy5dZWGkUF5gz9jZoztdnIRan0TQNGVPIYz+Ry/0C","previousCounter":0,"rootKey":"GAgdZQQ8wRwkPrlX5Yi4tHjPgP5gXmdp6GsF+B/wPDw="},"indexInfo":{"baseKey":"BYO1YCzCnHundprSM9gs32sCaKy2MPIYzvMwFqsqCzwa","baseKeyType":1,"closed":1746627390223,"used":1746627369033,"created":1746627369033,"remoteIdentityKey":"BeoLURk3AEf4pWh7WDfMWR9cUcNwOjmjDKyiUGSLIBxk"},"_chains":{"BaHAmWRXCsjYgX/T9Teq5KeG2eS6xfB+AbTodEdDltBh":{"chainKey":{"counter":0,"key":"KG4lDJ3Oo3DRjIUbgKCsuVSnpBtnsHuAB40CLMsPllQ="},"chainType":1,"messageKeys":{}}},"pendingPreKey":{"signedKeyId":27,"baseKey":"BYO1YCzCnHundprSM9gs32sCaKy2MPIYzvMwFqsqCzwa","preKeyId":12201474}},"BXgro2qQGYf2La5SfxsnovFdA6rCFrBlU0v9+Zt4z3lF":{"registrationId":1740593250,"currentRatchet":{"ephemeralKeyPair":{"pubKey":"BbFX6wujkdHCaVQTH44T7YapKvvoUSu85wL3/lJ2zVIx","privKey":"2E8qlp/C75cP6WYYlNT9ob0bzOWwyZDm8U/hcnj+sWY="},"lastRemoteEphemeralKey":"BWXqy5dZWGkUF5gz9jZoztdnIRan0TQNGVPIYz+Ry/0C","previousCounter":0,"rootKey":"dqjxgeEDyNICG97omFWoePoxf79lgT+VwoU0sTMBtU8="},"indexInfo":{"baseKey":"BXgro2qQGYf2La5SfxsnovFdA6rCFrBlU0v9+Zt4z3lF","baseKeyType":1,"closed":1746627412403,"used":1746627389735,"created":1746627389735,"remoteIdentityKey":"BeoLURk3AEf4pWh7WDfMWR9cUcNwOjmjDKyiUGSLIBxk"},"_chains":{"BbFX6wujkdHCaVQTH44T7YapKvvoUSu85wL3/lJ2zVIx":{"chainKey":{"counter":0,"key":"QPof0wShLLCLpXeLEXWuzRBe0rRON132vwVKoyDba2M="},"chainType":1,"messageKeys":{}}},"pendingPreKey":{"signedKeyId":27,"baseKey":"BXgro2qQGYf2La5SfxsnovFdA6rCFrBlU0v9+Zt4z3lF","preKeyId":12201800}},"BYGlLYiWodMRkBewFiHINbMoeiSdvZzgDBVmpm9oGooG":{"registrationId":1740593250,"currentRatchet":{"ephemeralKeyPair":{"pubKey":"BanoP0BmD0Ca4/oxRovyD241aJptLmmM+sVrFhYMvMtd","privKey":"0MKDoa4wUfuVrUDGgnd2bRL6eI1Bx/31dJsUo4RTsV4="},"lastRemoteEphemeralKey":"BWXqy5dZWGkUF5gz9jZoztdnIRan0TQNGVPIYz+Ry/0C","previousCounter":0,"rootKey":"GTWBclJKQ193euMb268r91gG/CMrvs4E7JlIWqlzEBo="},"indexInfo":{"baseKey":"BYGlLYiWodMRkBewFiHINbMoeiSdvZzgDBVmpm9oGooG","baseKeyType":1,"closed":-1,"used":1746627411856,"created":1746627411856,"remoteIdentityKey":"BeoLURk3AEf4pWh7WDfMWR9cUcNwOjmjDKyiUGSLIBxk"},"_chains":{"BanoP0BmD0Ca4/oxRovyD241aJptLmmM+sVrFhYMvMtd":{"chainKey":{"counter":3,"key":"3/oXieRs0ULUXU/SXunBXAjR1Bm/lM+/It2owYtP5Ks="},"chainType":1,"messageKeys":{}}},"pendingPreKey":{"signedKeyId":27,"baseKey":"BYGlLYiWodMRkBewFiHINbMoeiSdvZzgDBVmpm9oGooG","preKeyId":12201374}}},"version":"v1"}