{"_sessions":{"BcwSS2kxKqUjizDsgddhWjv8+zfbtKcZfnwUvBfR5Zs+":{"registrationId":1012480022,"currentRatchet":{"ephemeralKeyPair":{"pubKey":"BevFeEOzoDHDnpURA+QeYFmxV/Ie8rsHUWga32iEAPwG","privKey":"qIP0vrV8Q8ePAIaU/Vh4mWXQZagX77DadzVQIlXPiUQ="},"lastRemoteEphemeralKey":"BW1UZG1VGynr7bgGIA9vXEc6x+XxZGxiBmNpoXgoa8lX","previousCounter":0,"rootKey":"0NapwWVo7g++brKIgbd8gj9UnlHrGMz89LdiRWBje3c="},"indexInfo":{"baseKey":"BcwSS2kxKqUjizDsgddhWjv8+zfbtKcZfnwUvBfR5Zs+","baseKeyType":1,"closed":-1,"used":1746645069995,"created":1746645069995,"remoteIdentityKey":"BSYAD74PqL6C5yP66yjCZS2KBlea96Iml5yz5UiJPNRB"},"_chains":{"BevFeEOzoDHDnpURA+QeYFmxV/Ie8rsHUWga32iEAPwG":{"chainKey":{"counter":0,"key":"MH7bKOJZ8MmeRVzsstHUzB6sDyRItSWVoGL5WECyS0o="},"chainType":1,"messageKeys":{}}},"pendingPreKey":{"signedKeyId":2,"baseKey":"BcwSS2kxKqUjizDsgddhWjv8+zfbtKcZfnwUvBfR5Zs+"}}},"version":"v1"}