{"_sessions":{"BYWiDUpiMAEzFEPH1kziMo+nN99g8ExtaD9mia3SBpZn":{"registrationId":428176847,"currentRatchet":{"ephemeralKeyPair":{"pubKey":"Bf5/8T8qFOl7cZm0W8CjvYWax5UsYkQbev0OHtJP6EV8","privKey":"kMySmF5Whfp5u5y5KTjIT9ZuDX7NkY0nNehScRD24HI="},"lastRemoteEphemeralKey":"BZ2CGVQnpQSFsWFZVRKRjuoV3dFgBlush1M3evJqjRZq","previousCounter":0,"rootKey":"9CHCg0XwahPcysJ/yL+/1HviduM84HSmOnJACaqXdFE="},"indexInfo":{"baseKey":"BYWiDUpiMAEzFEPH1kziMo+nN99g8ExtaD9mia3SBpZn","baseKeyType":1,"closed":-1,"used":1746612488593,"created":1746612488593,"remoteIdentityKey":"BUhmWNLvnlNL+zym2I4hbRdvvp7+GdSXXTSDV+8e+y1R"},"_chains":{"Bf5/8T8qFOl7cZm0W8CjvYWax5UsYkQbev0OHtJP6EV8":{"chainKey":{"counter":4,"key":"IyGwuDn+T7eGk/YqoMM3pLfPrNjra7+oWGcfa3gkjy8="},"chainType":1,"messageKeys":{}}},"pendingPreKey":{"signedKeyId":3,"baseKey":"BYWiDUpiMAEzFEPH1kziMo+nN99g8ExtaD9mia3SBpZn","preKeyId":11809993}}},"version":"v1"}