{"_sessions":{"BXfqViX3YrkecJ4sM+ZNiEVM1LOkqe+jdMZYytsZ97Iv":{"registrationId":43381482,"currentRatchet":{"ephemeralKeyPair":{"pubKey":"BYD8YO6yDchE51uuQVbEBzdHQFYnRlQm+R3K4orbj6JU","privKey":"4BAdmtYqcMh8Soz/oGY9pfeO99yQoHJHcj13KXCA0no="},"lastRemoteEphemeralKey":"BUcQtTAOpg0mgEwL49W6veHb192n+fqfRaZi2FJm1AZh","previousCounter":0,"rootKey":"4dPsDG9UJdEn5RNc9CSH9cswfiUR5B2QfcwvI3QVXSM="},"indexInfo":{"baseKey":"BXfqViX3YrkecJ4sM+ZNiEVM1LOkqe+jdMZYytsZ97Iv","baseKeyType":1,"closed":-1,"used":1746645158823,"created":1746645158823,"remoteIdentityKey":"BdxDZxR3zIyDXS5stDNksk7Zz2TJVDQTb6Soy2K/OYxG"},"_chains":{"BYD8YO6yDchE51uuQVbEBzdHQFYnRlQm+R3K4orbj6JU":{"chainKey":{"counter":0,"key":"b21CCIxspiPzg95Dvj5zjLdrAn03KiBCD25u0TZR/AU="},"chainType":1,"messageKeys":{}}},"pendingPreKey":{"signedKeyId":1,"baseKey":"BXfqViX3YrkecJ4sM+ZNiEVM1LOkqe+jdMZYytsZ97Iv","preKeyId":14673537}}},"version":"v1"}