{"_sessions":{"BZBOImH1fvIMV8bRf3M4QjmHLCgnVNXq58ESajVBAzIV":{"registrationId":2811554,"currentRatchet":{"ephemeralKeyPair":{"pubKey":"BX8C+MOeWgzjN1dv5jq++PgsrUP7xtzbaxHdowgGyUZp","privKey":"oOHmQvXaCS4+9mZkNGgN7iuWwpvJ02L4GE9lp8DC92Y="},"lastRemoteEphemeralKey":"BWAFiqbV7Se/D+5XSfRtW45e3eT3s0UvMwfJxuu2tZ4U","previousCounter":0,"rootKey":"+Pb9lmP+46WA7KoS/EmakbbzUjgJvvmkzi9V0noBcT4="},"indexInfo":{"baseKey":"BZBOImH1fvIMV8bRf3M4QjmHLCgnVNXq58ESajVBAzIV","baseKeyType":1,"closed":-1,"used":1746645162208,"created":1746645162208,"remoteIdentityKey":"BeipeUrmizzHlepmMoKqc8iyTActNRZdoGbokroHb+k+"},"_chains":{"BX8C+MOeWgzjN1dv5jq++PgsrUP7xtzbaxHdowgGyUZp":{"chainKey":{"counter":0,"key":"u24d2KOm0NDOCo/1m7Idrd1nU01FWIq0qEHKtC+oWJE="},"chainType":1,"messageKeys":{}}},"pendingPreKey":{"signedKeyId":4,"baseKey":"BZBOImH1fvIMV8bRf3M4QjmHLCgnVNXq58ESajVBAzIV","preKeyId":1820287}}},"version":"v1"}