{"_sessions":{"Bc83VZlBwE9IljhppXWFpf4KcYNkVUefS9ZSum7L3aYP":{"registrationId":341889435,"currentRatchet":{"ephemeralKeyPair":{"pubKey":"BSh08z5T9Pfw8tUlhZ6fESfjvFag7jSbkZiYAuYayGsg","privKey":"oGUqoJsh008/Qv5vDmlstnB/5Ba4NVuOhb+Ik+kcckk="},"lastRemoteEphemeralKey":"BcHCLOQj18NznaiTaTX+3BwJu2Pbq0buBCAwFm5a0G8B","previousCounter":0,"rootKey":"n/ObKTymwC9ROVl+zvIcjHiPIZkm/q95NnUcepK+9Rw="},"indexInfo":{"baseKey":"Bc83VZlBwE9IljhppXWFpf4KcYNkVUefS9ZSum7L3aYP","baseKeyType":1,"closed":1746627386576,"used":1746627366191,"created":1746627366191,"remoteIdentityKey":"BRJRpIMcE071whT+fpc+UaW7lqoqqq2yjZksUVL99N52"},"_chains":{"BSh08z5T9Pfw8tUlhZ6fESfjvFag7jSbkZiYAuYayGsg":{"chainKey":{"counter":0,"key":"5EmNWNPOSTTfSCcz5r/Fbck/SR9i9JZAg15m681LvZg="},"chainType":1,"messageKeys":{}}},"pendingPreKey":{"signedKeyId":10,"baseKey":"Bc83VZlBwE9IljhppXWFpf4KcYNkVUefS9ZSum7L3aYP","preKeyId":6647880}},"BfZaQSAgLrQ6EVaoB6Tj82WmwgpJKCbV2k1TfGdoeCdw":{"registrationId":341889435,"currentRatchet":{"ephemeralKeyPair":{"pubKey":"BVJ7y/PW59XPglX9Cw48rQ/i+7Fz+Nde21YYsm0LQLQY","privKey":"CEKCFKqIPWtd1zSBxQdEU0Ct3CiXWNYSKDhUh020VWk="},"lastRemoteEphemeralKey":"BcHCLOQj18NznaiTaTX+3BwJu2Pbq0buBCAwFm5a0G8B","previousCounter":0,"rootKey":"cCoOBtfYts4quKCeCD5UlD9n0eq4sVUpNv4Yg8omN70="},"indexInfo":{"baseKey":"BfZaQSAgLrQ6EVaoB6Tj82WmwgpJKCbV2k1TfGdoeCdw","baseKeyType":1,"closed":1746627408782,"used":1746627386322,"created":1746627386322,"remoteIdentityKey":"BRJRpIMcE071whT+fpc+UaW7lqoqqq2yjZksUVL99N52"},"_chains":{"BVJ7y/PW59XPglX9Cw48rQ/i+7Fz+Nde21YYsm0LQLQY":{"chainKey":{"counter":0,"key":"C1oBSHzzutAF4TdjRRtr7q92EE8tFkMU0eqXHA1yU30="},"chainType":1,"messageKeys":{}}},"pendingPreKey":{"signedKeyId":10,"baseKey":"BfZaQSAgLrQ6EVaoB6Tj82WmwgpJKCbV2k1TfGdoeCdw","preKeyId":6648383}},"BQVzTdA2T4qVVxzo4sx9kIY9lE7Euo/YhDZsFT3AoWJ5":{"registrationId":341889435,"currentRatchet":{"ephemeralKeyPair":{"pubKey":"Be9d8fcdjepFpBWFi6uImAoy5aTvQPkahQ9//W3SNS4d","privKey":"YEcOKunuC3spfQrnuMflY3rcnL9ZqPBUuARuF96Py1I="},"lastRemoteEphemeralKey":"BcHCLOQj18NznaiTaTX+3BwJu2Pbq0buBCAwFm5a0G8B","previousCounter":0,"rootKey":"O84kRDGSAZFireuGa3TpsD9h8ROs9e4etH8gBk6FKm0="},"indexInfo":{"baseKey":"BQVzTdA2T4qVVxzo4sx9kIY9lE7Euo/YhDZsFT3AoWJ5","baseKeyType":1,"closed":-1,"used":1746627408602,"created":1746627408602,"remoteIdentityKey":"BRJRpIMcE071whT+fpc+UaW7lqoqqq2yjZksUVL99N52"},"_chains":{"Be9d8fcdjepFpBWFi6uImAoy5aTvQPkahQ9//W3SNS4d":{"chainKey":{"counter":3,"key":"eWu0dL/6Oq2dCEVJa5OCumhi4eUMLcRYre4Spw7/Pkw="},"chainType":1,"messageKeys":{}}},"pendingPreKey":{"signedKeyId":10,"baseKey":"BQVzTdA2T4qVVxzo4sx9kIY9lE7Euo/YhDZsFT3AoWJ5","preKeyId":6648533}}},"version":"v1"}