{"_sessions":{"BbABVF3d/TBLWXUQ5iBfoHA0870Q5jGbCOHBADabM9JA":{"registrationId":700643421,"currentRatchet":{"ephemeralKeyPair":{"pubKey":"Bc0XshnT51khEUdz3HH00SopNBH1QabOsQRxKu4VbB9y","privKey":"AF8QC6r9krbYC7SY5pnUwkf5oDifj75Oan2cI3vXO2E="},"lastRemoteEphemeralKey":"BY/Cpkecg/xtjE83aDtvM7bTUaAsFpGut+J9yw2r5+pU","previousCounter":0,"rootKey":"bchImqR/jGC/qfP4FJOb6WqfVorxF0tZWhYcwJGLC2g="},"indexInfo":{"baseKey":"BbABVF3d/TBLWXUQ5iBfoHA0870Q5jGbCOHBADabM9JA","baseKeyType":1,"closed":-1,"used":1746644956767,"created":1746644956767,"remoteIdentityKey":"BaKAmW+Zb5LTjyqYt9gc+Dv20wYsi2w2D5syAgfRrPBx"},"_chains":{"Bc0XshnT51khEUdz3HH00SopNBH1QabOsQRxKu4VbB9y":{"chainKey":{"counter":1,"key":"GzUx31h8oWE2mMuUiSkKkZH8s91HjlUKxTv0dIAWsHs="},"chainType":1,"messageKeys":{}}},"pendingPreKey":{"signedKeyId":23,"baseKey":"BbABVF3d/TBLWXUQ5iBfoHA0870Q5jGbCOHBADabM9JA","preKeyId":2859148}}},"version":"v1"}