{"_sessions":{"BfnjnuMj47NrVCr50VcNqWfX4S/HutvR1f7Al4AElmYf":{"registrationId":1878245477,"currentRatchet":{"ephemeralKeyPair":{"pubKey":"BR3Mhdlj7uoPZwIFIBzJeKOKLExHC/mnX035rhSvu7wv","privKey":"6OJn39t9Dh8DgqOgcpNPG8cq/mynRvFTZb9rfq+M/W8="},"lastRemoteEphemeralKey":"BasLMe9gVgkQoil5nVaaqM7PGC5r/iBNeYlSjJO9X3da","previousCounter":0,"rootKey":"EtI0LONWZC76/Qvn0wjgUAOOYmKtiuMpVPtRb1wl1ck="},"indexInfo":{"baseKey":"BfnjnuMj47NrVCr50VcNqWfX4S/HutvR1f7Al4AElmYf","baseKeyType":1,"closed":-1,"used":1746645162290,"created":1746645162290,"remoteIdentityKey":"Bdh4sMUvzHG8/lMxlTvMNrpZo2EO+km8mc5AfczOhdlr"},"_chains":{"BR3Mhdlj7uoPZwIFIBzJeKOKLExHC/mnX035rhSvu7wv":{"chainKey":{"counter":0,"key":"bJ7ZWXLV+Y3tWWUzTFaYNq6O+sNxA0OvpFp6d9ight0="},"chainType":1,"messageKeys":{}}},"pendingPreKey":{"signedKeyId":6,"baseKey":"BfnjnuMj47NrVCr50VcNqWfX4S/HutvR1f7Al4AElmYf","preKeyId":12816758}}},"version":"v1"}