{"_sessions":{"BcyYClbLKAmKJwCUr4niyeTvi6597+9BvYTZKSrSE+dZ":{"registrationId":1818707474,"currentRatchet":{"ephemeralKeyPair":{"pubKey":"BUbtrDGZBsk13YxGCN18Bb4vmWz52txttPJiNtNFCGgm","privKey":"qCJJHEiEWFjpzOk3K+GO6jQzfDcwFFSquITF4tQ0iVk="},"lastRemoteEphemeralKey":"BfNiBtqlf33g/b8VHs3UcfvJv/xQPLi7TLmveqzlXUcg","previousCounter":0,"rootKey":"NgP70zmu6T9Rvyg0qowiXQ2eHxFLIDjiezeMhrC6N84="},"indexInfo":{"baseKey":"BcyYClbLKAmKJwCUr4niyeTvi6597+9BvYTZKSrSE+dZ","baseKeyType":1,"closed":-1,"used":1746612492860,"created":1746612492860,"remoteIdentityKey":"BT2QWMCbZMITIkFpY2yCVhKpmpH55wzonDtzq0xHUpR9"},"_chains":{"BUbtrDGZBsk13YxGCN18Bb4vmWz52txttPJiNtNFCGgm":{"chainKey":{"counter":4,"key":"UAUS8AonSHOIUjQoddX9YzKIP9VaIhOciK2FyPEQKMk="},"chainType":1,"messageKeys":{}}},"pendingPreKey":{"signedKeyId":12457163,"baseKey":"BcyYClbLKAmKJwCUr4niyeTvi6597+9BvYTZKSrSE+dZ"}}},"version":"v1"}