{"_sessions":{"BQfEEGOQVtCcq4JWzamoqqgPB/OAX7diaTuFcXiHjPJe":{"registrationId":1284712176,"currentRatchet":{"ephemeralKeyPair":{"pubKey":"Bd33aUEl4PYqJd9uIx2Fryuss03fOlhcPUQ1W5Q4NUZm","privKey":"KKSosncWMSXqwWLD4m+YCtH0dGKLHXuV/zfplZ4550g="},"lastRemoteEphemeralKey":"BREQUPKivly1Ws7KZin6gUA6ojogr2nxAQO5KuyFgPoo","previousCounter":0,"rootKey":"JIVEZww5CqmW+aj0M1QqKq1o1cEBHb/QYa/3hpCx6cg="},"indexInfo":{"baseKey":"BQfEEGOQVtCcq4JWzamoqqgPB/OAX7diaTuFcXiHjPJe","baseKeyType":1,"closed":-1,"used":1746645070298,"created":1746645070298,"remoteIdentityKey":"Bc2RIbiAE2319t0ddDsvKwVrvBee1kR9SsI17pCGAbgD"},"_chains":{"Bd33aUEl4PYqJd9uIx2Fryuss03fOlhcPUQ1W5Q4NUZm":{"chainKey":{"counter":0,"key":"9r1QgnewRHgntdzyJxOpA/tr/v0zbBxNLnwn37U8Daw="},"chainType":1,"messageKeys":{}}},"pendingPreKey":{"signedKeyId":9,"baseKey":"BQfEEGOQVtCcq4JWzamoqqgPB/OAX7diaTuFcXiHjPJe","preKeyId":9696046}}},"version":"v1"}