{"_sessions":{"BYDQGLogc6wHLxcnX8XRVodPJlee28BkCgSdBp1E5f0Z":{"registrationId":155768660,"currentRatchet":{"ephemeralKeyPair":{"pubKey":"BSonpVscBySb9xZRHI7CjMG1PNZLs411iDfUY8rIGLoZ","privKey":"QCfzacSZAEoJ1x3EIP3PFu82lh8ogsSkkXKQ3xq+B2U="},"lastRemoteEphemeralKey":"BbbPvjyPNzO53xrsKcRW6NyqZtlW7s6t/EDnK0EbHflj","previousCounter":0,"rootKey":"1BCD1/6p41Er6G3IqJgLmceb2oEMVOURJXPnSkb412g="},"indexInfo":{"baseKey":"BYDQGLogc6wHLxcnX8XRVodPJlee28BkCgSdBp1E5f0Z","baseKeyType":1,"closed":-1,"used":1746627350726,"created":1746627350726,"remoteIdentityKey":"BXofIDMCp/zj0Bn3nA08RQHbbqRL+SvFtMlT4CLpj9xd"},"_chains":{"BSonpVscBySb9xZRHI7CjMG1PNZLs411iDfUY8rIGLoZ":{"chainKey":{"counter":0,"key":"E53zJNCL/4l718HbdmZ7Yt5vp7mOpLVu11UE1rq81Ac="},"chainType":1,"messageKeys":{}}},"pendingPreKey":{"signedKeyId":0,"baseKey":"BYDQGLogc6wHLxcnX8XRVodPJlee28BkCgSdBp1E5f0Z","preKeyId":6818426}}},"version":"v1"}