{"_sessions":{"BYBscj8GMA7REwWOqzl4qN8BrwFp01t7UEhD/G5QnAF6":{"registrationId":278038610,"currentRatchet":{"ephemeralKeyPair":{"pubKey":"BVrh0VUwdcPa976znq9dWJxmvMKPOHurpNT+UKfgCLtc","privKey":"IKGG8DcdA6gxSDtLX39KsCt8u8xNwqgEYIkgNtIPZHk="},"lastRemoteEphemeralKey":"BZLoMxc+hxkBxidUIDAsW4OM+1ZL/+3L4khWbiPPiCYi","previousCounter":0,"rootKey":"9PSbFtMWqeA/W07UkZk5NkjlWF1Z8KPHYA9kGdwz0BE="},"indexInfo":{"baseKey":"BYBscj8GMA7REwWOqzl4qN8BrwFp01t7UEhD/G5QnAF6","baseKeyType":1,"closed":-1,"used":1746645069932,"created":1746645069932,"remoteIdentityKey":"BX+1GNBp2jSQVa3TEs+PaTfjm0gV4aEXVZX7OWt3As1c"},"_chains":{"BVrh0VUwdcPa976znq9dWJxmvMKPOHurpNT+UKfgCLtc":{"chainKey":{"counter":0,"key":"mPvHjbwf99LolSJAbx6WJOkdVBYNYCOv3ZQEU68ysww="},"chainType":1,"messageKeys":{}}},"pendingPreKey":{"signedKeyId":0,"baseKey":"BYBscj8GMA7REwWOqzl4qN8BrwFp01t7UEhD/G5QnAF6","preKeyId":1751189}}},"version":"v1"}