{"_sessions":{"BeYNtebuyyOZRaG/ZLFZsekd6qBZMteWyD6H9nt98LM3":{"registrationId":229454566,"currentRatchet":{"ephemeralKeyPair":{"pubKey":"Beb6sme7ghDRWNTZcHBQeIU4SlyS3QLOzQN5vtI+6BJw","privKey":"4LoEXGQi4Ixy2mkbSTNwIQtrxQtLwSv0joS+/TrHM1g="},"lastRemoteEphemeralKey":"BQhpsgznht6u/1Gcp9UMjKW/7+T2hpxVu2thsdbO/4Qg","previousCounter":0,"rootKey":"iZk3pmjR6VMsUCMR9Oe9IOD7xXO+zfN7StUgz5DexLM="},"indexInfo":{"baseKey":"BeYNtebuyyOZRaG/ZLFZsekd6qBZMteWyD6H9nt98LM3","baseKeyType":1,"closed":1746627386570,"used":1746627366175,"created":1746627366175,"remoteIdentityKey":"BSbpOJgpY7NO1wLwQjVZFwwjjsCXtIZinw3zzEZlWYNn"},"_chains":{"Beb6sme7ghDRWNTZcHBQeIU4SlyS3QLOzQN5vtI+6BJw":{"chainKey":{"counter":0,"key":"wm4OakvR54QJq4QXwkQtT5YUM0gSIU7dFJ3xZygKw/o="},"chainType":1,"messageKeys":{}}},"pendingPreKey":{"signedKeyId":4,"baseKey":"BeYNtebuyyOZRaG/ZLFZsekd6qBZMteWyD6H9nt98LM3","preKeyId":8991435}},"BQS8hJjnZPyVD4yyu5ZeIu0ZDpkY54Z+elj2i1Ycn/8G":{"registrationId":229454566,"currentRatchet":{"ephemeralKeyPair":{"pubKey":"BU7pdd6Y3uVBaVpmEO5Evtp6ePtyUNRG8N9gMgnpoEQG","privKey":"OA8bTJhP/IuCbxWX6W/qqgBYzQIJcAcE7NOdOsrzc2c="},"lastRemoteEphemeralKey":"BQhpsgznht6u/1Gcp9UMjKW/7+T2hpxVu2thsdbO/4Qg","previousCounter":0,"rootKey":"zRAKaIuK32qoX2tLc6lWO5RgZxBxTkxKzHDiMVS5aC4="},"indexInfo":{"baseKey":"BQS8hJjnZPyVD4yyu5ZeIu0ZDpkY54Z+elj2i1Ycn/8G","baseKeyType":1,"closed":1746627408779,"used":1746627386295,"created":1746627386295,"remoteIdentityKey":"BSbpOJgpY7NO1wLwQjVZFwwjjsCXtIZinw3zzEZlWYNn"},"_chains":{"BU7pdd6Y3uVBaVpmEO5Evtp6ePtyUNRG8N9gMgnpoEQG":{"chainKey":{"counter":0,"key":"5mUP4B4kFlIY4KF8NAnh7z6RVMY73eysow2rV3sPNBo="},"chainType":1,"messageKeys":{}}},"pendingPreKey":{"signedKeyId":4,"baseKey":"BQS8hJjnZPyVD4yyu5ZeIu0ZDpkY54Z+elj2i1Ycn/8G","preKeyId":8991352}},"Bd6kOzFFSSkuz0Umm4p+MlXy1Y/BMA6w41Mlp3ZUNo5w":{"registrationId":229454566,"currentRatchet":{"ephemeralKeyPair":{"pubKey":"BfiRbEEfeuJ2GcwZOHJj3Mi90haSMl6tCaxdjNBQWk8M","privKey":"IASS73GJLm2CGQOVRFpVo9T2mvffCGx3lDLTX9f4kVc="},"lastRemoteEphemeralKey":"BQhpsgznht6u/1Gcp9UMjKW/7+T2hpxVu2thsdbO/4Qg","previousCounter":0,"rootKey":"TQmq/jNe3XJb7ftJ5Jq32sXYUxFb/MVZG81Ag/lEmWc="},"indexInfo":{"baseKey":"Bd6kOzFFSSkuz0Umm4p+MlXy1Y/BMA6w41Mlp3ZUNo5w","baseKeyType":1,"closed":-1,"used":1746627408585,"created":1746627408585,"remoteIdentityKey":"BSbpOJgpY7NO1wLwQjVZFwwjjsCXtIZinw3zzEZlWYNn"},"_chains":{"BfiRbEEfeuJ2GcwZOHJj3Mi90haSMl6tCaxdjNBQWk8M":{"chainKey":{"counter":3,"key":"tLRN7R1Vkp9A4YDuYYxOr6WHpzAvHjMb3SNDS3KmPjg="},"chainType":1,"messageKeys":{}}},"pendingPreKey":{"signedKeyId":4,"baseKey":"Bd6kOzFFSSkuz0Umm4p+MlXy1Y/BMA6w41Mlp3ZUNo5w","preKeyId":8991096}}},"version":"v1"}