{"_sessions":{"BR6aPpGoWgKKDksGffvL7hp5NkDXbcvCEjY2YIZxre5O":{"registrationId":1614877263,"currentRatchet":{"ephemeralKeyPair":{"pubKey":"BW84U1SUoN1bTZusmfYzwCsWxcu1IFXUASezvLMUmVQm","privKey":"aLvl6Q2Lq1/qjZwTVkvRA/V6r4BVnZAjnOhDG3Lr4E8="},"lastRemoteEphemeralKey":"Bfofn7ZfmxSHaKEnIqGpSMUKflidoNBZCHQxdU1kll98","previousCounter":0,"rootKey":"QlIUDShNu2JOe0zGMf1on/1XvT66rn1exGaMPo4FZaQ="},"indexInfo":{"baseKey":"BR6aPpGoWgKKDksGffvL7hp5NkDXbcvCEjY2YIZxre5O","baseKeyType":1,"closed":1746627386454,"used":1746627365781,"created":1746627365781,"remoteIdentityKey":"BROhfZwExzWdAXy1Zf+aGFV0IdvpzKQGEWPUCxRgIbYE"},"_chains":{"BW84U1SUoN1bTZusmfYzwCsWxcu1IFXUASezvLMUmVQm":{"chainKey":{"counter":0,"key":"mxEvhobaPDGramt/RoutTpyIN0ivYvjnYJhKYDeQFl8="},"chainType":1,"messageKeys":{}}},"pendingPreKey":{"signedKeyId":12380793,"baseKey":"BR6aPpGoWgKKDksGffvL7hp5NkDXbcvCEjY2YIZxre5O","preKeyId":17584}},"BU3ktuFfq3mAMSA8X2JQogUq8lOMSM2q8YiV0jjzY6on":{"registrationId":1614877263,"currentRatchet":{"ephemeralKeyPair":{"pubKey":"BQyP0Wca+f8WcKLLkufq5CcYutVrqKQ3LRK3IEeFZf07","privKey":"UMR3hFH6q2KvOwl9z9qUdBoxYlEX8+HxI6KO/Otx33A="},"lastRemoteEphemeralKey":"Bfofn7ZfmxSHaKEnIqGpSMUKflidoNBZCHQxdU1kll98","previousCounter":0,"rootKey":"rm4qNRbxAj4UQPYctG9EiKDFJgC7Mh6jdN2Pj320EQU="},"indexInfo":{"baseKey":"BU3ktuFfq3mAMSA8X2JQogUq8lOMSM2q8YiV0jjzY6on","baseKeyType":1,"closed":1746627408696,"used":1746627385845,"created":1746627385845,"remoteIdentityKey":"BROhfZwExzWdAXy1Zf+aGFV0IdvpzKQGEWPUCxRgIbYE"},"_chains":{"BQyP0Wca+f8WcKLLkufq5CcYutVrqKQ3LRK3IEeFZf07":{"chainKey":{"counter":0,"key":"QSmzCYurQ2y0EadvJZdfOdG/I/da2APn4G812hSWYWs="},"chainType":1,"messageKeys":{}}},"pendingPreKey":{"signedKeyId":12380793,"baseKey":"BU3ktuFfq3mAMSA8X2JQogUq8lOMSM2q8YiV0jjzY6on","preKeyId":17312}},"BUBl5m4qO9zSPC9n2YKUBZsl4nvy2qth0FYtdl+eEU02":{"registrationId":1614877263,"currentRatchet":{"ephemeralKeyPair":{"pubKey":"Bc53o989JK7LNLQi+3iNhUQUDjcD5dP3SQhUTMFAmcUw","privKey":"gGC6mQ+EHG82iXYwopRjakWRoCkfvzOWOCz0e0msdVI="},"lastRemoteEphemeralKey":"Bfofn7ZfmxSHaKEnIqGpSMUKflidoNBZCHQxdU1kll98","previousCounter":0,"rootKey":"uzBMvupCoKlkbk4NR/CroiWFk+zHDnk1h/iYYz5e90Y="},"indexInfo":{"baseKey":"BUBl5m4qO9zSPC9n2YKUBZsl4nvy2qth0FYtdl+eEU02","baseKeyType":1,"closed":-1,"used":1746627408215,"created":1746627408215,"remoteIdentityKey":"BROhfZwExzWdAXy1Zf+aGFV0IdvpzKQGEWPUCxRgIbYE"},"_chains":{"Bc53o989JK7LNLQi+3iNhUQUDjcD5dP3SQhUTMFAmcUw":{"chainKey":{"counter":3,"key":"J/PGM7DHC9wIvLVss/DccsZvuwPgrAR8aI79L9kOSAA="},"chainType":1,"messageKeys":{}}},"pendingPreKey":{"signedKeyId":12380793,"baseKey":"BUBl5m4qO9zSPC9n2YKUBZsl4nvy2qth0FYtdl+eEU02","preKeyId":17244}}},"version":"v1"}