{"_sessions":{"BTiCuXzV9VeTFtACYah6imTb8zq6I/+EUjfG+4zfHJIE":{"registrationId":343714266,"currentRatchet":{"ephemeralKeyPair":{"pubKey":"BaTiKFxHDgZJMhD7PXLSR7OV4cDoZM3bXf/el2H60O8t","privKey":"YAUeHLmXn+s2fAz5WcAQVN5noVEoELHywOtkBX7A/lc="},"lastRemoteEphemeralKey":"BW8AaXSI4WU66T0HVqlJH8tPUM2fOgGVpp0Z7+OS6pBr","previousCounter":0,"rootKey":"nzLTS7kZa1NePOfZKIh76BjtNIGA6RW47vXXe3uYNE8="},"indexInfo":{"baseKey":"BTiCuXzV9VeTFtACYah6imTb8zq6I/+EUjfG+4zfHJIE","baseKeyType":2,"closed":-1,"used":1746711071048,"created":1746711071048,"remoteIdentityKey":"BQap2wnCSq7B5auF0WpHhQChB6DhIYKvI+eN/+FzgrwH"},"_chains":{"BW8AaXSI4WU66T0HVqlJH8tPUM2fOgGVpp0Z7+OS6pBr":{"chainKey":{"counter":0,"key":"CHK71wa5+YKbfZuhzmrBVhTgUPS3i3nqzfW5r0v/Tws="},"chainType":2,"messageKeys":{}},"BaTiKFxHDgZJMhD7PXLSR7OV4cDoZM3bXf/el2H60O8t":{"chainKey":{"counter":-1,"key":"qyb3rSNdyT0zaF5ra5QbMuqSn0RQ1Sf/COSxpDesVNY="},"chainType":1,"messageKeys":{}}}}},"version":"v1"}