{"_sessions":{"BfRw9NucfqONcbcPGZcwrsOwfBCwFw007u/fJKFEMNlV":{"registrationId":629269305,"currentRatchet":{"ephemeralKeyPair":{"pubKey":"BQGu4L2isUOXmHkcRS6taaZh5g1IQVFTTUyS16/8vXRV","privKey":"QLqfUEuyVr4hEujcyvyOpomMnVP3OLepiXl0OmPXHVA="},"lastRemoteEphemeralKey":"BTruKZUcITWKlAE/FVgnDfVbPIWhdq3I5xigu9Viqetn","previousCounter":0,"rootKey":"kXcrVGlAh9oqBTd0ANAbq8mnB04ILLHRNkaHroiG4Vw="},"indexInfo":{"baseKey":"BfRw9NucfqONcbcPGZcwrsOwfBCwFw007u/fJKFEMNlV","baseKeyType":1,"closed":-1,"used":1746612488818,"created":1746612488818,"remoteIdentityKey":"Bb+oyaWO0jM0e2Mgo16HbGb8tOY89iK/Uv/2GZTqosxy"},"_chains":{"BQGu4L2isUOXmHkcRS6taaZh5g1IQVFTTUyS16/8vXRV":{"chainKey":{"counter":4,"key":"Kwf7HCubU8zwMTf/oYICj3CuYFymyAkBhyHBIPY/Y9g="},"chainType":1,"messageKeys":{}}},"pendingPreKey":{"signedKeyId":3,"baseKey":"BfRw9NucfqONcbcPGZcwrsOwfBCwFw007u/fJKFEMNlV","preKeyId":11207354}}},"version":"v1"}