{"_sessions":{"BSVmAmUHLMh8rZ2pAnnu75d9YBj0HDGuHj0z0fCqVpEc":{"registrationId":970176436,"currentRatchet":{"ephemeralKeyPair":{"pubKey":"BcgOUnlaAra9LUvmB0UF9qIGpAQQkA9uLvGL2SVgKsMP","privKey":"2HEgiNvLet0nWFN9Va23ZeCdRoyF22XDjZStaYPG8Fs="},"lastRemoteEphemeralKey":"BVaTU7SYV0NTiKJ3r/8jav+L2E+/UM+Okv6mK06yV3QT","previousCounter":0,"rootKey":"kITP2A/Kcrw3xg72bxsEzRWgtAtnK7hU1FV4lZgEdvI="},"indexInfo":{"baseKey":"BSVmAmUHLMh8rZ2pAnnu75d9YBj0HDGuHj0z0fCqVpEc","baseKeyType":1,"closed":-1,"used":1746645162453,"created":1746645162453,"remoteIdentityKey":"BbYM+P0RS7ImcuSeXHri6TjbzIagsN35DmB+ckokgXJh"},"_chains":{"BcgOUnlaAra9LUvmB0UF9qIGpAQQkA9uLvGL2SVgKsMP":{"chainKey":{"counter":0,"key":"jxKX7nzUCdMAS3fSti3b2vuHv4qwcokqN4C4KE6S8mY="},"chainType":1,"messageKeys":{}}},"pendingPreKey":{"signedKeyId":1,"baseKey":"BSVmAmUHLMh8rZ2pAnnu75d9YBj0HDGuHj0z0fCqVpEc","preKeyId":3226508}}},"version":"v1"}