{"_sessions":{"BaYSZK2VhG6padlhE+DWGVdyeC1EbRs5XQRJkKaXbOBd":{"registrationId":1944288024,"currentRatchet":{"ephemeralKeyPair":{"pubKey":"BYpHmHq6mjHKw4SHVIe/feoQ1F3EWbC+x0lozZ4B1DwS","privKey":"6D61Bse9RTrUQVZkVxbI6yMdI/McefidCGIBhBu5xFw="},"lastRemoteEphemeralKey":"Ba6mbyRHD14TIQ9kpuEwpQ5Sezl03dGTPy15V4/oO/g8","previousCounter":0,"rootKey":"JsLhpHuIjwmKxMitbBRk6e4NHVNoFLf1qctVd51QF6U="},"indexInfo":{"baseKey":"BaYSZK2VhG6padlhE+DWGVdyeC1EbRs5XQRJkKaXbOBd","baseKeyType":1,"closed":-1,"used":1746645162318,"created":1746645162318,"remoteIdentityKey":"BXuqvPtHyKYFSQyPi7Lgh76kYtCEqPcT7em4aGaKJjEf"},"_chains":{"BYpHmHq6mjHKw4SHVIe/feoQ1F3EWbC+x0lozZ4B1DwS":{"chainKey":{"counter":0,"key":"x3skzxrNF809wYJXyEmfXH5lftcu4hwN+sImPk13+H4="},"chainType":1,"messageKeys":{}}},"pendingPreKey":{"signedKeyId":6,"baseKey":"BaYSZK2VhG6padlhE+DWGVdyeC1EbRs5XQRJkKaXbOBd","preKeyId":12599348}}},"version":"v1"}