{"_sessions":{"BT7KDwooVcsFujAxB6EZNuCjkJhiDY3eyHgiyALAzVk0":{"registrationId":905989158,"currentRatchet":{"ephemeralKeyPair":{"pubKey":"BWeUlylPfzlBw6k7wXQoNtwOc5UtlSa7VYLmevj0KgIq","privKey":"oJDAkqy9JruSdr8QEQTYR4fRZChzYa5EMFX6jrcZLk0="},"lastRemoteEphemeralKey":"BanzNP2BxFX1HFWl6m/E3bFHK/MhKmjr6mOMRJEbsoA2","previousCounter":0,"rootKey":"SMGc7JEUGYwwj5KPDtwNJV1q1OYqsQ7LK8Whpeoz0rE="},"indexInfo":{"baseKey":"BT7KDwooVcsFujAxB6EZNuCjkJhiDY3eyHgiyALAzVk0","baseKeyType":1,"closed":-1,"used":1746645158883,"created":1746645158883,"remoteIdentityKey":"BQCie2LEc0RY59BGW3Wvtz6icMTbfxPCXdP74enKft8U"},"_chains":{"BWeUlylPfzlBw6k7wXQoNtwOc5UtlSa7VYLmevj0KgIq":{"chainKey":{"counter":0,"key":"ZtXc8fz5dyywk2F38t1IwHStGAF8XGAPabZltX+6A2k="},"chainType":1,"messageKeys":{}}},"pendingPreKey":{"signedKeyId":2,"baseKey":"BT7KDwooVcsFujAxB6EZNuCjkJhiDY3eyHgiyALAzVk0","preKeyId":14268016}}},"version":"v1"}