{"_sessions":{"BXvEHOkYnMv2MjCAlr64rvYebZlpVLj69UiQVz2oozt9":{"registrationId":2026319972,"currentRatchet":{"ephemeralKeyPair":{"pubKey":"Bc+271JJLdP6Ai5E6/9m9fnZ8woENNpmXuOl+LZUElpP","privKey":"KFWvFWFFnmTlFTXUjgi38UJEY+W8uddBdQuaEiWwbV4="},"lastRemoteEphemeralKey":"BYHFbwDNiQ2d5nVVhOvZfKzN8rjIqdtWj3gt9izvNLZE","previousCounter":0,"rootKey":"kYASebY1uPh1/ebSYnPVf29WCuqnEKtYcUnis+7p0rg="},"indexInfo":{"baseKey":"BXvEHOkYnMv2MjCAlr64rvYebZlpVLj69UiQVz2oozt9","baseKeyType":1,"closed":-1,"used":1746645070305,"created":1746645070305,"remoteIdentityKey":"BUonnCeQ1DvIHv/DYuw8Fp267WNZWei3qHGEvFoYKAtB"},"_chains":{"Bc+271JJLdP6Ai5E6/9m9fnZ8woENNpmXuOl+LZUElpP":{"chainKey":{"counter":0,"key":"Yl2rr/c+XQDb4izjr+iBHEnEPQ6iRr9GzTLZNrAWjck="},"chainType":1,"messageKeys":{}}},"pendingPreKey":{"signedKeyId":2,"baseKey":"BXvEHOkYnMv2MjCAlr64rvYebZlpVLj69UiQVz2oozt9","preKeyId":8584869}}},"version":"v1"}