{"_sessions":{"BbC9bGPGhEt0VMW3CM240XexW0OQpgcxneLOF1m1/SVW":{"registrationId":1795294676,"currentRatchet":{"ephemeralKeyPair":{"pubKey":"BfZgemvJZAVdBj6dLDflQNmSyYAF0cxvhHsWpeXl/sB4","privKey":"EEXciz55o7Lqw/qmcqtAqkhYedcjhn5j0XBa2JfBzVU="},"lastRemoteEphemeralKey":"BX0vEjmq/OsGqI/FsjYPV/9sPVOjfw8Ggo1V08Y/29Ye","previousCounter":0,"rootKey":"AtFRZbfF80BwgkZiHSySWKbngVzXE97iH3VOr2qlffM="},"indexInfo":{"baseKey":"BbC9bGPGhEt0VMW3CM240XexW0OQpgcxneLOF1m1/SVW","baseKeyType":1,"closed":-1,"used":1746644956866,"created":1746644956866,"remoteIdentityKey":"BTWdxQ8vhUUBk32/jOrz1hCIKr5CCQMDkp7i+Vv6Hv9w"},"_chains":{"BfZgemvJZAVdBj6dLDflQNmSyYAF0cxvhHsWpeXl/sB4":{"chainKey":{"counter":1,"key":"hzhgL9MT7lkV3uz1Hl7xGwYSLEtnJ8LbgfaLMSo27nY="},"chainType":1,"messageKeys":{}}},"pendingPreKey":{"signedKeyId":11,"baseKey":"BbC9bGPGhEt0VMW3CM240XexW0OQpgcxneLOF1m1/SVW","preKeyId":13965772}}},"version":"v1"}