{"_sessions":{"BZLtp7oFPdPI0t3eSJmXZwWD2u9q5hDOp6PQ17/LOIch":{"registrationId":1721830452,"currentRatchet":{"ephemeralKeyPair":{"pubKey":"BYb+7V1U2FuoK+C6C5M8T0CtpQcK/eaTmkqN0lEZ1FIB","privKey":"KB6Kd6RC63rQFPJDWtC7mGXThtkBJBHL1jtHmC4WME4="},"lastRemoteEphemeralKey":"Bf9o5Tyoy6VoXASXS/wPmQ+alFPCi6B/SbbLf5RXMnU3","previousCounter":0,"rootKey":"F2lKlXiN9VYKjcGx2WECv9PmFcPjslvpWsRqMbshAAw="},"indexInfo":{"baseKey":"BZLtp7oFPdPI0t3eSJmXZwWD2u9q5hDOp6PQ17/LOIch","baseKeyType":1,"closed":-1,"used":1746644960172,"created":1746644960172,"remoteIdentityKey":"Bch9jF6FpNTvBDNHePNAzDXuw9NFnCJRIcqTfXm+jUJO"},"_chains":{"BYb+7V1U2FuoK+C6C5M8T0CtpQcK/eaTmkqN0lEZ1FIB":{"chainKey":{"counter":1,"key":"7tCAwUoqtSAZ/ubLNXc4n5L4hc+ILS56D/XIU6C2hLQ="},"chainType":1,"messageKeys":{}}},"pendingPreKey":{"signedKeyId":27,"baseKey":"BZLtp7oFPdPI0t3eSJmXZwWD2u9q5hDOp6PQ17/LOIch","preKeyId":9496971}}},"version":"v1"}