{"_sessions":{"BUWp6lra5OxG3mwYPZY9pr/k2Ho1+VKzrBMPN2Qby09M":{"registrationId":699289105,"currentRatchet":{"ephemeralKeyPair":{"pubKey":"BY/D9meKfEWdTbcNakBjCXvKFNSeDzBNzlEQLS+THr5w","privKey":"ODaMz6rfyTxILsFpu6t6qvv7w+5W07ISw7jtzyVO3VA="},"lastRemoteEphemeralKey":"BcYW+zZsP8MVJSHA1DsEGpl9PEFKPQI1ZBvETFUsWsUK","previousCounter":0,"rootKey":"j0MCCHujYjanOYqCuKmqELESsE25YpC9ekhLVgB5UyM="},"indexInfo":{"baseKey":"BUWp6lra5OxG3mwYPZY9pr/k2Ho1+VKzrBMPN2Qby09M","baseKeyType":1,"closed":1746627382164,"used":1746627362251,"created":1746627362251,"remoteIdentityKey":"BU7ZP94GrME3tecZVy7geDQV8o7UZIV84XbkVnwOE4w2"},"_chains":{"BY/D9meKfEWdTbcNakBjCXvKFNSeDzBNzlEQLS+THr5w":{"chainKey":{"counter":0,"key":"36czHAm6rRxtlK04omAyC0FeoN7UdGFmWVDEq0Unxjs="},"chainType":1,"messageKeys":{}}},"pendingPreKey":{"signedKeyId":1,"baseKey":"BUWp6lra5OxG3mwYPZY9pr/k2Ho1+VKzrBMPN2Qby09M"}},"BUsHVeGCA9jobSYK6FziY5xAWADQXUr6emNlUywC484J":{"registrationId":699289105,"currentRatchet":{"ephemeralKeyPair":{"pubKey":"Bdg5mwYq8N8nSHUhUAoiYyhNp0/pvCsIPtwPyRJazPlx","privKey":"eDaRhIQvsP6mwXfe1LBekM1y9kDm+/dBXRhCngu5u24="},"lastRemoteEphemeralKey":"BcYW+zZsP8MVJSHA1DsEGpl9PEFKPQI1ZBvETFUsWsUK","previousCounter":0,"rootKey":"+Em3sh3hBG8aftRCl/IuqpIE3XmXwR1E03IEpoGQOqM="},"indexInfo":{"baseKey":"BUsHVeGCA9jobSYK6FziY5xAWADQXUr6emNlUywC484J","baseKeyType":1,"closed":1746627404865,"used":1746627381683,"created":1746627381683,"remoteIdentityKey":"BU7ZP94GrME3tecZVy7geDQV8o7UZIV84XbkVnwOE4w2"},"_chains":{"Bdg5mwYq8N8nSHUhUAoiYyhNp0/pvCsIPtwPyRJazPlx":{"chainKey":{"counter":0,"key":"PzPQZPEPRYEnXhNfUnHno7iphi6HQY+23uQ+p1l6Yf4="},"chainType":1,"messageKeys":{}}},"pendingPreKey":{"signedKeyId":1,"baseKey":"BUsHVeGCA9jobSYK6FziY5xAWADQXUr6emNlUywC484J"}},"Ba59wKN4x0cfPQYZmJGjpVlhSn/JHBT8zgwIheLd+M4n":{"registrationId":699289105,"currentRatchet":{"ephemeralKeyPair":{"pubKey":"BQGDeOLw/cg9OZ+h9pb8ZKvWT2E0OyU2/JuGtEmm61sh","privKey":"8DSmYmFsnOpuNCCbjhycqTy+2flqFvGZbjXSpONxJGo="},"lastRemoteEphemeralKey":"BcYW+zZsP8MVJSHA1DsEGpl9PEFKPQI1ZBvETFUsWsUK","previousCounter":0,"rootKey":"BPB83cqzf5dCx0Es8eYWWu6GTZirswnuBQe5gUEJCYs="},"indexInfo":{"baseKey":"Ba59wKN4x0cfPQYZmJGjpVlhSn/JHBT8zgwIheLd+M4n","baseKeyType":1,"closed":-1,"used":1746627404507,"created":1746627404507,"remoteIdentityKey":"BU7ZP94GrME3tecZVy7geDQV8o7UZIV84XbkVnwOE4w2"},"_chains":{"BQGDeOLw/cg9OZ+h9pb8ZKvWT2E0OyU2/JuGtEmm61sh":{"chainKey":{"counter":3,"key":"70zXqrnjRZa4HhHl/Nh8pRjRVXmQch+aLHw01894GeA="},"chainType":1,"messageKeys":{}}},"pendingPreKey":{"signedKeyId":1,"baseKey":"Ba59wKN4x0cfPQYZmJGjpVlhSn/JHBT8zgwIheLd+M4n"}}},"version":"v1"}