{"_sessions":{"BVXQ/nCwu7HYRE4FIiUqlktysnvllnpSpSMpmmtYowUl":{"registrationId":1439204412,"currentRatchet":{"ephemeralKeyPair":{"pubKey":"BRHfaUFxlRzp9rFDxdrChXrAk2glxQO0XPh9EoHHcIlc","privKey":"OGbxHSfPu3a6uApmEoE4CXfcc9VCNkEbOtlh/HptwGw="},"lastRemoteEphemeralKey":"BUprKT2KoWbX6fK9IwC+Dd+4yll1OjJTuERRFwjRVdwQ","previousCounter":0,"rootKey":"rXIZNZWtvfOhNvzffKgTGp7vYBEOjXCq9Xtb7nMslNU="},"indexInfo":{"baseKey":"BVXQ/nCwu7HYRE4FIiUqlktysnvllnpSpSMpmmtYowUl","baseKeyType":1,"closed":-1,"used":1746645070082,"created":1746645070082,"remoteIdentityKey":"BfXCAnwKmcgvEikpaMI1hUZEHIFZjA1eATu0S7mtU5l9"},"_chains":{"BRHfaUFxlRzp9rFDxdrChXrAk2glxQO0XPh9EoHHcIlc":{"chainKey":{"counter":0,"key":"UFx6F4FKktIWEGSJWHdY/dW6VKfw+C/ugXUZ3hK5QSQ="},"chainType":1,"messageKeys":{}}},"pendingPreKey":{"signedKeyId":3,"baseKey":"BVXQ/nCwu7HYRE4FIiUqlktysnvllnpSpSMpmmtYowUl","preKeyId":5089574}}},"version":"v1"}