{"_sessions":{"BXnAMoV2qQJ2/Bki9J0tUb+szlBu7YygQCOp/W5w+kRB":{"registrationId":139183166,"currentRatchet":{"ephemeralKeyPair":{"pubKey":"BVySeyHgFyKdvRdWc3NuI43D8RNyQP3CI5B/unFKKWcL","privKey":"KPDIfjFGOcyM4j2D+r49rpVV07LqXRw01zlc/ZSmGXo="},"lastRemoteEphemeralKey":"BQyy6Bn8aKI1mkd+yh/oSTOCH62LosnBM1cE+IW8g5I3","previousCounter":0,"rootKey":"KmoZc3lT42VHp1BmGnZK2mFA34YryYM0uJZw2rJXqiQ="},"indexInfo":{"baseKey":"BXnAMoV2qQJ2/Bki9J0tUb+szlBu7YygQCOp/W5w+kRB","baseKeyType":1,"closed":-1,"used":1746645158484,"created":1746645158484,"remoteIdentityKey":"BSVL/troznGtPVOVFdFVUzUWLg7nEFeQewKGy5BxGZlY"},"_chains":{"BVySeyHgFyKdvRdWc3NuI43D8RNyQP3CI5B/unFKKWcL":{"chainKey":{"counter":0,"key":"awhjb90Ihg1dnd6Ji6aIyegkp2vQbHCsJhSJPbL8Wv0="},"chainType":1,"messageKeys":{}}},"pendingPreKey":{"signedKeyId":1,"baseKey":"BXnAMoV2qQJ2/Bki9J0tUb+szlBu7YygQCOp/W5w+kRB","preKeyId":402971}}},"version":"v1"}