{"_sessions":{"BZQFKmIFVmXdhhbwb0YOgz5RXdlDdzRoXYrtvHfPpAxT":{"registrationId":259537354,"currentRatchet":{"ephemeralKeyPair":{"pubKey":"BX4Essu8hdTj+TVRY0ZUHHMnVT0+c+uhXhvIb6xOxf8T","privKey":"YNVjuRC8mwqwrAF7W9ml5TwzMLHBj+7zxBgqftQZcVQ="},"lastRemoteEphemeralKey":"BW8/d2cIIOFdAIqGkAmJ3qMlVCv7q9MqfdtUMPvcTbdx","previousCounter":0,"rootKey":"SU8BPP3ModtLAu6bx48eJIG8r9y9lVf7vorgdeuHHmM="},"indexInfo":{"baseKey":"BZQFKmIFVmXdhhbwb0YOgz5RXdlDdzRoXYrtvHfPpAxT","baseKeyType":1,"closed":-1,"used":1746645069860,"created":1746645069860,"remoteIdentityKey":"BbeA6xUOKl1KDaClk1ohvX/0XMmKzO8Y4Itu/TQnJxkv"},"_chains":{"BX4Essu8hdTj+TVRY0ZUHHMnVT0+c+uhXhvIb6xOxf8T":{"chainKey":{"counter":0,"key":"5o+FI47jm7bgiB0X+OqfDh+RIzQhZ01I7IQz+watSLM="},"chainType":1,"messageKeys":{}}},"pendingPreKey":{"signedKeyId":2,"baseKey":"BZQFKmIFVmXdhhbwb0YOgz5RXdlDdzRoXYrtvHfPpAxT","preKeyId":13335682}}},"version":"v1"}