{"_sessions":{"BcW9MT25DglrwoVcDaQbDvioBpjw3lc2aq0SJ32yD3sm":{"registrationId":491198470,"currentRatchet":{"ephemeralKeyPair":{"pubKey":"BTJ+/rdwEi3Qd1wNqBMAJeURcFrKdSiNJ8royCSzTKg8","privKey":"eBPNzrP3Uqn+3HQ8FIKyUECJoiJume7K+IcNve7GN0Y="},"lastRemoteEphemeralKey":"BbAi7HxaSHDnDY+fHQaxps2/dZQCT6S31j3jt7CS5+ZC","previousCounter":0,"rootKey":"SPNohimDBuM8BqjLpoAUG3/FZjSWlNVt1uNPlgpN9Vc="},"indexInfo":{"baseKey":"BcW9MT25DglrwoVcDaQbDvioBpjw3lc2aq0SJ32yD3sm","baseKeyType":1,"closed":-1,"used":1746645166248,"created":1746645166248,"remoteIdentityKey":"BV2LPGARVc3Fa/Xumk7C6nuFSG+mn8+eRKTGDuVsJO9J"},"_chains":{"BTJ+/rdwEi3Qd1wNqBMAJeURcFrKdSiNJ8royCSzTKg8":{"chainKey":{"counter":0,"key":"RhbiMVqjpgxwj7yGrSeqi4nIViIgvdMCNE9pEQaL5LQ="},"chainType":1,"messageKeys":{}}},"pendingPreKey":{"signedKeyId":3,"baseKey":"BcW9MT25DglrwoVcDaQbDvioBpjw3lc2aq0SJ32yD3sm","preKeyId":795863}}},"version":"v1"}