{"_sessions":{"BXirJa+oHA96cSaL9IyAg+XD3WbPlRO2crjwkliVDedA":{"registrationId":1455361707,"currentRatchet":{"ephemeralKeyPair":{"pubKey":"Bahi3Lf+/Cvc8P5WbayNTpYU5lpu1oqB0vwJRYYcoSwd","privKey":"2JXGkKoEW9N6J0y8Bumfka21k7oybzrqQXSr1NffaXU="},"lastRemoteEphemeralKey":"BRVOCbPi5qfWXmPa2tsRtdlFQiNZpwc6fnAQT0nQPeRm","previousCounter":0,"rootKey":"zryjqLIDDviouZ3bmr/GbWDC7y57rUUvSopyrZApJFU="},"indexInfo":{"baseKey":"BXirJa+oHA96cSaL9IyAg+XD3WbPlRO2crjwkliVDedA","baseKeyType":1,"closed":1746627382490,"used":1746627362562,"created":1746627362562,"remoteIdentityKey":"BbJbZc/are6hwpEOwh7dq8PGOlayIu5RywQCpFuZ78px"},"_chains":{"Bahi3Lf+/Cvc8P5WbayNTpYU5lpu1oqB0vwJRYYcoSwd":{"chainKey":{"counter":0,"key":"bypzfzTIuw0aNlpfmUobnzIaBWMeM7c1NAgRykf089w="},"chainType":1,"messageKeys":{}}},"pendingPreKey":{"signedKeyId":6,"baseKey":"BXirJa+oHA96cSaL9IyAg+XD3WbPlRO2crjwkliVDedA","preKeyId":15122374}},"BZ9st65jwkHiFerhD2DG4dX3iuuSVg0IMz+7aEkmJkU6":{"registrationId":1455361707,"currentRatchet":{"ephemeralKeyPair":{"pubKey":"BVxMp56mdmdawo2h7jLxHNb6WxtcrNrRIeCY9PDZmypl","privKey":"gOvbYgGzaJdCNuWdUMYBbXDv52WJ1kE23WFjMszV23I="},"lastRemoteEphemeralKey":"BRVOCbPi5qfWXmPa2tsRtdlFQiNZpwc6fnAQT0nQPeRm","previousCounter":0,"rootKey":"KUQRDQJ3P2lxnjKzvgrPYLZEA9jjPDR4iXmSAgOumJQ="},"indexInfo":{"baseKey":"BZ9st65jwkHiFerhD2DG4dX3iuuSVg0IMz+7aEkmJkU6","baseKeyType":1,"closed":1746627404912,"used":1746627381961,"created":1746627381961,"remoteIdentityKey":"BbJbZc/are6hwpEOwh7dq8PGOlayIu5RywQCpFuZ78px"},"_chains":{"BVxMp56mdmdawo2h7jLxHNb6WxtcrNrRIeCY9PDZmypl":{"chainKey":{"counter":0,"key":"jxGdhpNtXzcET6EvHFZRbvkjpiPa/iYmC48vWvcPpCs="},"chainType":1,"messageKeys":{}}},"pendingPreKey":{"signedKeyId":6,"baseKey":"BZ9st65jwkHiFerhD2DG4dX3iuuSVg0IMz+7aEkmJkU6","preKeyId":15122732}},"Bc2XkVuXIwFuIJfoomLgeiMqseB9vZKLfpPfIPi0qMJF":{"registrationId":1455361707,"currentRatchet":{"ephemeralKeyPair":{"pubKey":"BcoDn4rQxMM1SVQeRTy6GE5KKyAyDDKeXT9aB2EiY84Y","privKey":"yI3bodYsS+hjM+bTbhJMlFE7KFzQDwwCyqQycMM8Tlo="},"lastRemoteEphemeralKey":"BRVOCbPi5qfWXmPa2tsRtdlFQiNZpwc6fnAQT0nQPeRm","previousCounter":0,"rootKey":"8azsKGat4O0vApgp+SKMr83pTYZz/5sXPubOm2jLUAY="},"indexInfo":{"baseKey":"Bc2XkVuXIwFuIJfoomLgeiMqseB9vZKLfpPfIPi0qMJF","baseKeyType":1,"closed":-1,"used":1746627404719,"created":1746627404719,"remoteIdentityKey":"BbJbZc/are6hwpEOwh7dq8PGOlayIu5RywQCpFuZ78px"},"_chains":{"BcoDn4rQxMM1SVQeRTy6GE5KKyAyDDKeXT9aB2EiY84Y":{"chainKey":{"counter":3,"key":"TmWXTF2Ae86VyPFdKorjcG1JEh1SQ0gYxnI5Q/AmKlQ="},"chainType":1,"messageKeys":{}}},"pendingPreKey":{"signedKeyId":6,"baseKey":"Bc2XkVuXIwFuIJfoomLgeiMqseB9vZKLfpPfIPi0qMJF","preKeyId":15122248}}},"version":"v1"}