{"_sessions":{"BQrkVu+SWQ5SNPNxS+mRgj38GnS19AfA+q1lAm4AGIh8":{"registrationId":660647787,"currentRatchet":{"ephemeralKeyPair":{"pubKey":"BdMRNN+/z+9vE27b6VZ110ol6yllIUsl+adiAMR4XcdN","privKey":"kO1AyPBKY6pXL4ug3YJEEn9xM4MSGEoo/1iWnuvLu30="},"lastRemoteEphemeralKey":"Bd46GcgD3zk+LJSxmqF+plyh/ApQ/BMtTKxpSt+vpUJY","previousCounter":0,"rootKey":"0fBEoSZlA1ovSRyZuQJ1GBLz1E+q1t5iYTd9axdMMmU="},"indexInfo":{"baseKey":"BQrkVu+SWQ5SNPNxS+mRgj38GnS19AfA+q1lAm4AGIh8","baseKeyType":1,"closed":-1,"used":1746645158431,"created":1746645158431,"remoteIdentityKey":"BfGAst8P1A74ZfVPy5dgtP49dTiU3AxOBsTR2/TTaY54"},"_chains":{"BdMRNN+/z+9vE27b6VZ110ol6yllIUsl+adiAMR4XcdN":{"chainKey":{"counter":0,"key":"72Ko9/zlYu9XiOcmUSrMbHhAyUXH4HoK+XoIRjo9azw="},"chainType":1,"messageKeys":{}}},"pendingPreKey":{"signedKeyId":8056841,"baseKey":"BQrkVu+SWQ5SNPNxS+mRgj38GnS19AfA+q1lAm4AGIh8","preKeyId":1159}}},"version":"v1"}