{"_sessions":{"BbV5xHUiSwnJuN2pDxsMgUT7CPPgGfkxfy3zwQzvULFI":{"registrationId":2017545532,"currentRatchet":{"ephemeralKeyPair":{"pubKey":"BRsjujFiwf6VvTToBRxWAEozHUCenaNRqV+XrAH9kGI7","privKey":"mDjaKugYjrcbffIVala+O12eoMzNdVy+48RoaF3iZGs="},"lastRemoteEphemeralKey":"BdQWZaO2K9LDkIInMSY/wzAzHz3g5rzHityNp0LB1Qgv","previousCounter":0,"rootKey":"GaRAWiT7YLbgF67bYbued0/DLHOYu6Dio9Z9b/0WV1U="},"indexInfo":{"baseKey":"BbV5xHUiSwnJuN2pDxsMgUT7CPPgGfkxfy3zwQzvULFI","baseKeyType":1,"closed":-1,"used":1746644956774,"created":1746644956774,"remoteIdentityKey":"BaN3ZPNyOe4m7Oc5FC4ypjAs82tLOMXGw7Xja/y9rV4i"},"_chains":{"BRsjujFiwf6VvTToBRxWAEozHUCenaNRqV+XrAH9kGI7":{"chainKey":{"counter":1,"key":"v3zKDg/ckVY6dS2DXmH4L98Brwep4zY1Agv1dq6E9QE="},"chainType":1,"messageKeys":{}}},"pendingPreKey":{"signedKeyId":5,"baseKey":"BbV5xHUiSwnJuN2pDxsMgUT7CPPgGfkxfy3zwQzvULFI","preKeyId":9893787}}},"version":"v1"}