{"_sessions":{"BUxCrttd65uturqr7g9qxjFEUFjoanzmo2Hffz4R1jcc":{"registrationId":208610256,"currentRatchet":{"ephemeralKeyPair":{"pubKey":"BV31iygnDNqo4ll7Zm89hFhgu8FwtOIIMx6/KMDZSFEw","privKey":"8Ekjxon6LyX4j1ar6ltHut8n0U+ucmn0c+NgifojUG0="},"lastRemoteEphemeralKey":"BQjpY+Knu5dN3EXLsZ6gSruZoIFkHKfASsDmRqkS+4I7","previousCounter":0,"rootKey":"bknJRgwJEobQ6iod2ls2/8/vzYbWM4263fUnhNp7rw8="},"indexInfo":{"baseKey":"BUxCrttd65uturqr7g9qxjFEUFjoanzmo2Hffz4R1jcc","baseKeyType":1,"closed":-1,"used":1746645162656,"created":1746645162656,"remoteIdentityKey":"BQLV826PzcLlbB6uCRNzVjOJfgxvK4KsHBXcnZ02JMI1"},"_chains":{"BV31iygnDNqo4ll7Zm89hFhgu8FwtOIIMx6/KMDZSFEw":{"chainKey":{"counter":0,"key":"nIDJsiG+Knr4QgUirsWs/BS80HUxRLV5xKfu14ghDcM="},"chainType":1,"messageKeys":{}}},"pendingPreKey":{"signedKeyId":4,"baseKey":"BUxCrttd65uturqr7g9qxjFEUFjoanzmo2Hffz4R1jcc","preKeyId":3387924}}},"version":"v1"}