{"_sessions":{"BTNZPkwslR6cPp1ghxOmMHvq/2xDYahulH9At6Ojtukr":{"registrationId":1038913663,"currentRatchet":{"ephemeralKeyPair":{"pubKey":"BZmUG3SQgQpBTd/9J3lLur02syMa2VInEo6vK4Vl8jYD","privKey":"cOV+gTRsEbvy+B693di/5ZOi3X4AzjVgSySF314OSEo="},"lastRemoteEphemeralKey":"BU0LbvgdHEFQANqNCb+bxzFbOTbuFV9/pMlKL6FNdsMX","previousCounter":0,"rootKey":"16X8zPxG9il/+AG5keUJUruhY482ysbUlssjsW9V88E="},"indexInfo":{"baseKey":"BTNZPkwslR6cPp1ghxOmMHvq/2xDYahulH9At6Ojtukr","baseKeyType":1,"closed":-1,"used":1746645162233,"created":1746645162233,"remoteIdentityKey":"BTnnFPtZlg5Aag2oZWlt4246A9Vb7dFRNzUHGHdBpUFY"},"_chains":{"BZmUG3SQgQpBTd/9J3lLur02syMa2VInEo6vK4Vl8jYD":{"chainKey":{"counter":0,"key":"+xgR7J7m8tvvs6ptrHyl4a7ypqXrNIDLdyMhCFZOVAw="},"chainType":1,"messageKeys":{}}},"pendingPreKey":{"signedKeyId":2437537,"baseKey":"BTNZPkwslR6cPp1ghxOmMHvq/2xDYahulH9At6Ojtukr","preKeyId":6197}}},"version":"v1"}