{"_sessions":{"BUw7xpXls8NF3bRq0iRU/vYtENnrdRwd8YI/s6qmCXIG":{"registrationId":1356293942,"currentRatchet":{"ephemeralKeyPair":{"pubKey":"BcXCZHRL0h8hoGqHLyci3DA5zMU9oM9LDwsnZpRBvpVy","privKey":"WJxId4SNUkU+Mge7EqQSDKskGD1ObctA6GEWHwmh0Vc="},"lastRemoteEphemeralKey":"BcN7oMiCTnzMkl2+S+vDUzVmlwpg95sl99BohaOiZEQT","previousCounter":0,"rootKey":"tEN5AC8CFJOyicEG1sBqLSxtz67bc78XdztoJCPdLeI="},"indexInfo":{"baseKey":"BUw7xpXls8NF3bRq0iRU/vYtENnrdRwd8YI/s6qmCXIG","baseKeyType":1,"closed":1746627386508,"used":1746627365971,"created":1746627365971,"remoteIdentityKey":"BVjmw03N3RD8l8UoPMrtehgjFlTKTEeW81cnLt2JrdE1"},"_chains":{"BcXCZHRL0h8hoGqHLyci3DA5zMU9oM9LDwsnZpRBvpVy":{"chainKey":{"counter":0,"key":"JBiva3juP7eH6puWA/FBGOqu/b621LtxqIOPO15QKDA="},"chainType":1,"messageKeys":{}}},"pendingPreKey":{"signedKeyId":10,"baseKey":"BUw7xpXls8NF3bRq0iRU/vYtENnrdRwd8YI/s6qmCXIG","preKeyId":6961700}},"Be8gptLYUAgUKO/XmcThSoRT8YOAF7nXrJiEcMjgxnlp":{"registrationId":1356293942,"currentRatchet":{"ephemeralKeyPair":{"pubKey":"BZm26wwVxsXpSlET1D78uHXYOLXIuIKl3fH5/LFcYphd","privKey":"mLvQbKPnXuKfjKxiGPVc1CebvTfJ8q6ztNdtsqk710s="},"lastRemoteEphemeralKey":"BcN7oMiCTnzMkl2+S+vDUzVmlwpg95sl99BohaOiZEQT","previousCounter":0,"rootKey":"WuqXMD42CJzX/f7LijotL00F946BjLgO/IYoSF9spfU="},"indexInfo":{"baseKey":"Be8gptLYUAgUKO/XmcThSoRT8YOAF7nXrJiEcMjgxnlp","baseKeyType":1,"closed":1746627408736,"used":1746627386046,"created":1746627386046,"remoteIdentityKey":"BVjmw03N3RD8l8UoPMrtehgjFlTKTEeW81cnLt2JrdE1"},"_chains":{"BZm26wwVxsXpSlET1D78uHXYOLXIuIKl3fH5/LFcYphd":{"chainKey":{"counter":0,"key":"Fn7DWO/N/D2nAHQcFdJMc5n79tX5Cmk/hX8nlie9XTw="},"chainType":1,"messageKeys":{}}},"pendingPreKey":{"signedKeyId":10,"baseKey":"Be8gptLYUAgUKO/XmcThSoRT8YOAF7nXrJiEcMjgxnlp","preKeyId":6961323}},"BesZURl07ObAs+W7OnfPRc+14MSddD0uyXoaqbYipIBu":{"registrationId":1356293942,"currentRatchet":{"ephemeralKeyPair":{"pubKey":"BW6n28/hblKN69UwSr7GLAToVFOgskedQPwveua5MQ46","privKey":"gI+IewrifoxkkDDfhqB2Qmg8sNBvIo2ZVnotcnQsblQ="},"lastRemoteEphemeralKey":"BcN7oMiCTnzMkl2+S+vDUzVmlwpg95sl99BohaOiZEQT","previousCounter":0,"rootKey":"FGkQEdAtxZ42oT6YmxCOmsvExrhEgHt9RLZA7EKnp5o="},"indexInfo":{"baseKey":"BesZURl07ObAs+W7OnfPRc+14MSddD0uyXoaqbYipIBu","baseKeyType":1,"closed":-1,"used":1746627408380,"created":1746627408380,"remoteIdentityKey":"BVjmw03N3RD8l8UoPMrtehgjFlTKTEeW81cnLt2JrdE1"},"_chains":{"BW6n28/hblKN69UwSr7GLAToVFOgskedQPwveua5MQ46":{"chainKey":{"counter":3,"key":"Uf3sMXg6lkF0GTtxPLRbQJPk2abOlLNC1FtJCLi88W8="},"chainType":1,"messageKeys":{}}},"pendingPreKey":{"signedKeyId":10,"baseKey":"BesZURl07ObAs+W7OnfPRc+14MSddD0uyXoaqbYipIBu","preKeyId":6961531}}},"version":"v1"}