{"_sessions":{"BQGLGjhFLvGvtiUlQnhPRlLN1bnXNZOd0JLyTuAJgpAx":{"registrationId":839712127,"currentRatchet":{"ephemeralKeyPair":{"pubKey":"BbeRtJbcHkEcqRfN5Sh97Y9UN+nOXTOQG2HDscsl1Gdg","privKey":"WGkm+j+mEFuRIK30j2J3t3NZPDFWErOAUbiXACKcK0U="},"lastRemoteEphemeralKey":"BSgkdHBAISqh0r/Rq7BZqPlHpxiCQ/N2cjVugZpaNhhB","previousCounter":0,"rootKey":"7dgB3IheeW0OMaWXFOzKZ1riRZ+tl4KYDZZZkaiEvpQ="},"indexInfo":{"baseKey":"BQGLGjhFLvGvtiUlQnhPRlLN1bnXNZOd0JLyTuAJgpAx","baseKeyType":1,"closed":-1,"used":1746627450140,"created":1746627450140,"remoteIdentityKey":"BahgXFfR+cHbtUMSWbkq1Ddygc2gpHv2S+r78zMcS+Jk"},"_chains":{"BbeRtJbcHkEcqRfN5Sh97Y9UN+nOXTOQG2HDscsl1Gdg":{"chainKey":{"counter":0,"key":"uo6roVr20mEwLnBdnSI6mTu1GNhPvCuHBjC0noXSU74="},"chainType":1,"messageKeys":{}}},"pendingPreKey":{"signedKeyId":2,"baseKey":"BQGLGjhFLvGvtiUlQnhPRlLN1bnXNZOd0JLyTuAJgpAx","preKeyId":11590060}}},"version":"v1"}