{"_sessions":{"BUWsRZhGi4d6eySK7tXot0deBDRmYl2vj4kFTyFBa81F":{"registrationId":905395034,"currentRatchet":{"ephemeralKeyPair":{"pubKey":"BTQCy8nzD6G/+35fvwcrq3iN92OLHZlNxZzO4w0SJoYd","privKey":"2MEu1KsfeG3GSdXiEDDDqBAbCY3HhqGl2fOXJxH1GUc="},"lastRemoteEphemeralKey":"BSc+cRmfNS0gh5R8aLTVWZfRTkGhNL3Hd1drMLfBmVsI","previousCounter":0,"rootKey":"eRfK0fir2/KZF/Mx5753aCoVYDj30rfWgD6KdGuRCDI="},"indexInfo":{"baseKey":"BUWsRZhGi4d6eySK7tXot0deBDRmYl2vj4kFTyFBa81F","baseKeyType":1,"closed":-1,"used":1746645166163,"created":1746645166163,"remoteIdentityKey":"BQxGmMxtqWxTg0nF4BqSyWk/Ev9NtySRUz9lo/EVKqN9"},"_chains":{"BTQCy8nzD6G/+35fvwcrq3iN92OLHZlNxZzO4w0SJoYd":{"chainKey":{"counter":0,"key":"w3MOjPaSrHaY2Ey/bOZ0E2YzOZt+MewGnRr/9edSkCM="},"chainType":1,"messageKeys":{}}},"pendingPreKey":{"signedKeyId":10,"baseKey":"BUWsRZhGi4d6eySK7tXot0deBDRmYl2vj4kFTyFBa81F","preKeyId":8593230}}},"version":"v1"}