{"_sessions":{"BRz7SybDnFghHkIQ9EXCFiYgv20Oiwd1fpMeKON1SWAV":{"registrationId":168180584,"currentRatchet":{"ephemeralKeyPair":{"pubKey":"BRdYEtPP9ZIbVjzJS64ZCvZiJrtKuMw/aaf/1gdc6TB0","privKey":"KGT+OFxEkODcWkeop0dNzvYdMz4pibgwD0R7+9snJlE="},"lastRemoteEphemeralKey":"BQfro2l9fzyY9u+e7T5trX1eXiO7p3yZ7uDYqiIFgJou","previousCounter":0,"rootKey":"hUO881Y6wy5IFwU8LPfMOwMn7JpDPPhRxGTJz4VGyhI="},"indexInfo":{"baseKey":"BRz7SybDnFghHkIQ9EXCFiYgv20Oiwd1fpMeKON1SWAV","baseKeyType":1,"closed":-1,"used":1746645158668,"created":1746645158668,"remoteIdentityKey":"BREBOrlnX84JZQAYjuYU13IIuz8js+DYuFK2ssBWVaAY"},"_chains":{"BRdYEtPP9ZIbVjzJS64ZCvZiJrtKuMw/aaf/1gdc6TB0":{"chainKey":{"counter":0,"key":"wuknb9JxUkQRYm6x913zA7dqqRUDWYEXU0RbB6ga8ao="},"chainType":1,"messageKeys":{}}},"pendingPreKey":{"signedKeyId":12,"baseKey":"BRz7SybDnFghHkIQ9EXCFiYgv20Oiwd1fpMeKON1SWAV","preKeyId":13876290}}},"version":"v1"}