{"_sessions":{"BRRVCd1fhmvC4TThpEHmB4Q578bAB4XK86iyIZ+xyqs/":{"registrationId":1093371955,"currentRatchet":{"ephemeralKeyPair":{"pubKey":"BcrINwc8+HF3RzGZA5+oA66ygmkkXg/aIswGTPTBRSAa","privKey":"iCKQllR7IOXVLLHam4wNFZpO2q+yTJSj+o8t32CWTF4="},"lastRemoteEphemeralKey":"BagjsW0XERoSpKcHEAT0xj9OkGd3KfeGNvdShzWMS6hX","previousCounter":0,"rootKey":"6GOFTh3EwLyRkOkc0kxRP+zn7bESjJfp4MJdRxt1/Ec="},"indexInfo":{"baseKey":"BRRVCd1fhmvC4TThpEHmB4Q578bAB4XK86iyIZ+xyqs/","baseKeyType":1,"closed":1746627386593,"used":1746627366224,"created":1746627366224,"remoteIdentityKey":"Bd6wkrGCNjn7x3CFCUU8V0saossV8MH7RbpbnDW46KdH"},"_chains":{"BcrINwc8+HF3RzGZA5+oA66ygmkkXg/aIswGTPTBRSAa":{"chainKey":{"counter":0,"key":"w9l0HY8Yg2KiuFN2Tf3qfnWVZE3SDKYudeuPPDxIpJQ="},"chainType":1,"messageKeys":{}}},"pendingPreKey":{"signedKeyId":3,"baseKey":"BRRVCd1fhmvC4TThpEHmB4Q578bAB4XK86iyIZ+xyqs/","preKeyId":2284050}},"BYVEmXeZaVRTvDbh5AG6jaXDlFy7ecB+2RNgdGp4GSow":{"registrationId":1093371955,"currentRatchet":{"ephemeralKeyPair":{"pubKey":"BT5x4NkPVA6iiUQHzhw7CKg2ic/m58KuLbNeDQ6q2Ox5","privKey":"KO7nyl+YiBzkpiRhYzpf5CuM/nDV8E+6nXKi8H8/cUE="},"lastRemoteEphemeralKey":"BagjsW0XERoSpKcHEAT0xj9OkGd3KfeGNvdShzWMS6hX","previousCounter":0,"rootKey":"8aVS7YVLCheKXZqlXllWFEOjqpTD9M9XqK4IbmYVFCs="},"indexInfo":{"baseKey":"BYVEmXeZaVRTvDbh5AG6jaXDlFy7ecB+2RNgdGp4GSow","baseKeyType":1,"closed":1746627408792,"used":1746627386385,"created":1746627386385,"remoteIdentityKey":"Bd6wkrGCNjn7x3CFCUU8V0saossV8MH7RbpbnDW46KdH"},"_chains":{"BT5x4NkPVA6iiUQHzhw7CKg2ic/m58KuLbNeDQ6q2Ox5":{"chainKey":{"counter":0,"key":"eqoSpYPBQFQYbLIZQJV/x8IYnE+dR8ERybMsxKplTNM="},"chainType":1,"messageKeys":{}}},"pendingPreKey":{"signedKeyId":3,"baseKey":"BYVEmXeZaVRTvDbh5AG6jaXDlFy7ecB+2RNgdGp4GSow","preKeyId":2283825}},"BeQDi2MOD6GXJ0U2W/7k9T12U4S02mCr/vcgZyKAgLd+":{"registrationId":1093371955,"currentRatchet":{"ephemeralKeyPair":{"pubKey":"BSnPnNM3mqqPmmLNlK4vfRWp06Y58bvO4rSNH2c3d9xT","privKey":"OP/Rbwazi/nn4yaKQGiTA9Bu9w71ufQiEuYtrSu/w2A="},"lastRemoteEphemeralKey":"BagjsW0XERoSpKcHEAT0xj9OkGd3KfeGNvdShzWMS6hX","previousCounter":0,"rootKey":"KsDq92IdOZaooTKTkYwU49SDQP6mRnPmNyDNZ6PXziQ="},"indexInfo":{"baseKey":"BeQDi2MOD6GXJ0U2W/7k9T12U4S02mCr/vcgZyKAgLd+","baseKeyType":1,"closed":-1,"used":1746627408648,"created":1746627408648,"remoteIdentityKey":"Bd6wkrGCNjn7x3CFCUU8V0saossV8MH7RbpbnDW46KdH"},"_chains":{"BSnPnNM3mqqPmmLNlK4vfRWp06Y58bvO4rSNH2c3d9xT":{"chainKey":{"counter":3,"key":"h1NoAAnmjXH117Oofw1lHWsfkq8j/zMFNs8ff6HWwTw="},"chainType":1,"messageKeys":{}}},"pendingPreKey":{"signedKeyId":3,"baseKey":"BeQDi2MOD6GXJ0U2W/7k9T12U4S02mCr/vcgZyKAgLd+","preKeyId":2284046}}},"version":"v1"}