{"_sessions":{"BSxnNacXK61xvtFoy7yJ1HYARiVXIdESbwNP0tGoJmUG":{"registrationId":1562655045,"currentRatchet":{"ephemeralKeyPair":{"pubKey":"Bd0VItF1Yee9ElyWGKNQAUjRbSjHDOab0VXO+TdRTeAE","privKey":"SBrtXfY82sr8hh4qxhaCc7LKyD8Wr1PFlYrxzq5gEmE="},"lastRemoteEphemeralKey":"BVXWxgGwCxjq0+LJSEksIx3E9MJZQYWt87zpmt0WQ3Vr","previousCounter":0,"rootKey":"tZsaJpS4QIhele7vELOnb0cA/oBVuK/3OwTUhcxFzxs="},"indexInfo":{"baseKey":"BSxnNacXK61xvtFoy7yJ1HYARiVXIdESbwNP0tGoJmUG","baseKeyType":1,"closed":1746627382659,"used":1746627362682,"created":1746627362682,"remoteIdentityKey":"BXnyPQbRi3NoigI8p9LrqEdjagviYRkvgACwx6m0uU0s"},"_chains":{"Bd0VItF1Yee9ElyWGKNQAUjRbSjHDOab0VXO+TdRTeAE":{"chainKey":{"counter":0,"key":"cd1KkASJopgrk5/Flqt31i7zy1++97No7Gf5iKKOmKI="},"chainType":1,"messageKeys":{}}},"pendingPreKey":{"signedKeyId":1,"baseKey":"BSxnNacXK61xvtFoy7yJ1HYARiVXIdESbwNP0tGoJmUG","preKeyId":7937417}},"Bf51rE3VPi2tvuOKUC7aUmKF6tJsMPXGmOyehCiTZE0t":{"registrationId":1562655045,"currentRatchet":{"ephemeralKeyPair":{"pubKey":"BatweZkP1hMCFx9zd7wOjhnoFpWXX9PCYTjwZ13iX7Vl","privKey":"wN2WlRADDl7cOTTXoQqYkvC9mo/cQxbv8WXMqxiEVFk="},"lastRemoteEphemeralKey":"BVXWxgGwCxjq0+LJSEksIx3E9MJZQYWt87zpmt0WQ3Vr","previousCounter":0,"rootKey":"xrsF0GJYj2SPQCHOBKQXzNoZMt5EY7yEWiZlIg1vSbI="},"indexInfo":{"baseKey":"Bf51rE3VPi2tvuOKUC7aUmKF6tJsMPXGmOyehCiTZE0t","baseKeyType":1,"closed":1746627404936,"used":1746627382061,"created":1746627382061,"remoteIdentityKey":"BXnyPQbRi3NoigI8p9LrqEdjagviYRkvgACwx6m0uU0s"},"_chains":{"BatweZkP1hMCFx9zd7wOjhnoFpWXX9PCYTjwZ13iX7Vl":{"chainKey":{"counter":0,"key":"U0Rp1x38MVgtNL/L84HO23Yc31YouF4DhLuF/rjIyVs="},"chainType":1,"messageKeys":{}}},"pendingPreKey":{"signedKeyId":1,"baseKey":"Bf51rE3VPi2tvuOKUC7aUmKF6tJsMPXGmOyehCiTZE0t","preKeyId":7936600}},"Be6/7HeI/tYYtxXpfWJz5sNr20DR+qCfIfNhiWqiDqAQ":{"registrationId":1562655045,"currentRatchet":{"ephemeralKeyPair":{"pubKey":"BdxDRJUsP8UDN5eGpGCnvDMRvFbQYz/G0pxUUoaXRRwq","privKey":"iFya5+2YR9ttPnHZaWHF8S2AjVEGQTfYZ3pj/aI41m4="},"lastRemoteEphemeralKey":"BVXWxgGwCxjq0+LJSEksIx3E9MJZQYWt87zpmt0WQ3Vr","previousCounter":0,"rootKey":"nfke35JvYML2SZa6/yRxTfUkgRbHVXTFeOyW175oPy8="},"indexInfo":{"baseKey":"Be6/7HeI/tYYtxXpfWJz5sNr20DR+qCfIfNhiWqiDqAQ","baseKeyType":1,"closed":-1,"used":1746627404802,"created":1746627404802,"remoteIdentityKey":"BXnyPQbRi3NoigI8p9LrqEdjagviYRkvgACwx6m0uU0s"},"_chains":{"BdxDRJUsP8UDN5eGpGCnvDMRvFbQYz/G0pxUUoaXRRwq":{"chainKey":{"counter":3,"key":"Kn1fhm6HVMoNrDoXax4K4AuqgdO31kfX55fSIIGRv2w="},"chainType":1,"messageKeys":{}}},"pendingPreKey":{"signedKeyId":1,"baseKey":"Be6/7HeI/tYYtxXpfWJz5sNr20DR+qCfIfNhiWqiDqAQ","preKeyId":7936744}}},"version":"v1"}