{"_sessions":{"Ba72H4rC4QuAUp1OXDNxquEFhPUpsjOSSBcYMZd+228/":{"registrationId":606022100,"currentRatchet":{"ephemeralKeyPair":{"pubKey":"Bab8hlwGR+MUT7Zabgd+AEirEcepNmJHLgxwhO0/lj5X","privKey":"UDnUo9sw7F4Xt6aXCPcnva1/lgUuBbU2ctN4w2xCYmY="},"lastRemoteEphemeralKey":"Ba6P1xVg5ktTH3dkfdglmAZ96KMDP4Fj3Xn4jF7uUmom","previousCounter":0,"rootKey":"PlIX9WCu4rKWZmuaHBzPr4N5DvqTXVwHER+YXLoSPHQ="},"indexInfo":{"baseKey":"Ba72H4rC4QuAUp1OXDNxquEFhPUpsjOSSBcYMZd+228/","baseKeyType":1,"closed":-1,"used":1746612695043,"created":1746612695043,"remoteIdentityKey":"BfCJeJOLV/LKO0BblwccQqQGXy10HkknMhEjq/VVvQEM"},"_chains":{"Bab8hlwGR+MUT7Zabgd+AEirEcepNmJHLgxwhO0/lj5X":{"chainKey":{"counter":0,"key":"eNf2KrW8zZbd9JBDCBb+MLP1HGhFQaHpt3tuaxmuG10="},"chainType":1,"messageKeys":{}}},"pendingPreKey":{"signedKeyId":5,"baseKey":"Ba72H4rC4QuAUp1OXDNxquEFhPUpsjOSSBcYMZd+228/"}}},"version":"v1"}