{"_sessions":{"BX13ch50p6n73kcWfGtzmPWa7bfD99xv6DaG+wH9ulwJ":{"registrationId":1620740557,"currentRatchet":{"ephemeralKeyPair":{"pubKey":"BT62BeJVZLkPz2Yl8iWSSW+JxSq9Nb7TLJZwylbC5Ulf","privKey":"+GhpmcdOvD55kGPn1qgK2V6Bj9LWjdUwHGvxlO/kqEs="},"lastRemoteEphemeralKey":"BY3O1WYf84h4ZkU2B1SUdp+uINKzR0Y6wKeHXRXU6YEU","previousCounter":0,"rootKey":"5/vFF4TGlfDwdFu9PINkXQM+1THAeULjeEkJgrMLpHQ="},"indexInfo":{"baseKey":"BX13ch50p6n73kcWfGtzmPWa7bfD99xv6DaG+wH9ulwJ","baseKeyType":1,"closed":1746627386439,"used":1746627365760,"created":1746627365760,"remoteIdentityKey":"BWu0vej6p5Mpp0K69wqbUxlcd+eYaZJsJYMVRSr05mJW"},"_chains":{"BT62BeJVZLkPz2Yl8iWSSW+JxSq9Nb7TLJZwylbC5Ulf":{"chainKey":{"counter":0,"key":"TeZ0Fzfkpo89Iv9kCQ8qEyvi9ly6uyvg62hfRSEIb8M="},"chainType":1,"messageKeys":{}}},"pendingPreKey":{"signedKeyId":1,"baseKey":"BX13ch50p6n73kcWfGtzmPWa7bfD99xv6DaG+wH9ulwJ","preKeyId":12522344}},"BVeKEOTNshWiN03ndUN1Yg6ciMzZVoOf10zrRsXr761x":{"registrationId":1620740557,"currentRatchet":{"ephemeralKeyPair":{"pubKey":"BXe/OKyudftwW1Y6puvcur/zjoh9E9HPOSWC72wx36MK","privKey":"CPQUrGl878O/or3Pv0kymXYkLk/3SA2BjTmLcb8fnGw="},"lastRemoteEphemeralKey":"BY3O1WYf84h4ZkU2B1SUdp+uINKzR0Y6wKeHXRXU6YEU","previousCounter":0,"rootKey":"UpgReYF2I6NQxhOmjEwWpFz5gT02zlAiMXktStMoizc="},"indexInfo":{"baseKey":"BVeKEOTNshWiN03ndUN1Yg6ciMzZVoOf10zrRsXr761x","baseKeyType":1,"closed":1746627408692,"used":1746627385823,"created":1746627385823,"remoteIdentityKey":"BWu0vej6p5Mpp0K69wqbUxlcd+eYaZJsJYMVRSr05mJW"},"_chains":{"BXe/OKyudftwW1Y6puvcur/zjoh9E9HPOSWC72wx36MK":{"chainKey":{"counter":0,"key":"kh3fIf1e1zv6j3xMK3lRgUiRlWxZKMprLY+1WLU/Hf0="},"chainType":1,"messageKeys":{}}},"pendingPreKey":{"signedKeyId":1,"baseKey":"BVeKEOTNshWiN03ndUN1Yg6ciMzZVoOf10zrRsXr761x","preKeyId":12522140}},"BUZP1ZlczVeSpcce8FuJInhApDD6e+Mcz4DJv4shgTd6":{"registrationId":1620740557,"currentRatchet":{"ephemeralKeyPair":{"pubKey":"BQUJo52i0yjStCbogHgNkoGCrk2LKLKNHSMDhMgwKEE/","privKey":"UFXuZvsJIaCJcRtEx7BdPojix922dVvjRc2GaSAgTUc="},"lastRemoteEphemeralKey":"BY3O1WYf84h4ZkU2B1SUdp+uINKzR0Y6wKeHXRXU6YEU","previousCounter":0,"rootKey":"685oR36KhsEt4XBOBJqakpc7Az2/NDOlMXmXGYGo8W0="},"indexInfo":{"baseKey":"BUZP1ZlczVeSpcce8FuJInhApDD6e+Mcz4DJv4shgTd6","baseKeyType":1,"closed":-1,"used":1746627408194,"created":1746627408194,"remoteIdentityKey":"BWu0vej6p5Mpp0K69wqbUxlcd+eYaZJsJYMVRSr05mJW"},"_chains":{"BQUJo52i0yjStCbogHgNkoGCrk2LKLKNHSMDhMgwKEE/":{"chainKey":{"counter":3,"key":"Y2s8s5RlVKeDTflcFbp9OCWlrrcQSor3XfvGoG0hjcw="},"chainType":1,"messageKeys":{}}},"pendingPreKey":{"signedKeyId":1,"baseKey":"BUZP1ZlczVeSpcce8FuJInhApDD6e+Mcz4DJv4shgTd6","preKeyId":12522257}}},"version":"v1"}