{"_sessions":{"BTNHGJ1moT2UPC12LaV8S5C5UY+CQ5xgE7k2hXnkMR1K":{"registrationId":2076898200,"currentRatchet":{"ephemeralKeyPair":{"pubKey":"BaTlVEd9Ykj8EuOzo+K4FoTFVhV+aOjcZq7Q6GYxhGtv","privKey":"OCI23OkvUhafCcIjxpEWolnYcMNyW1dzAj4D59izKkI="},"lastRemoteEphemeralKey":"BZS1tRWiWZAlgmFxKMf0cnuwrl+NtK58C5gIHNTSTfZq","previousCounter":0,"rootKey":"ZlfwtYXwaa3hvuhwqaOTD/czssDDeYPxXcAIoLPqmcY="},"indexInfo":{"baseKey":"BTNHGJ1moT2UPC12LaV8S5C5UY+CQ5xgE7k2hXnkMR1K","baseKeyType":1,"closed":-1,"used":1746645158570,"created":1746645158570,"remoteIdentityKey":"BaeFBYZpiXpE3NFFgn+noFOf+9WMIAGa3c0xJ02a8oMm"},"_chains":{"BaTlVEd9Ykj8EuOzo+K4FoTFVhV+aOjcZq7Q6GYxhGtv":{"chainKey":{"counter":0,"key":"9OIJ4E0HMD18HXpHh20iUjw6pG57kTtifMmOk4yZeUE="},"chainType":1,"messageKeys":{}}},"pendingPreKey":{"signedKeyId":1,"baseKey":"BTNHGJ1moT2UPC12LaV8S5C5UY+CQ5xgE7k2hXnkMR1K","preKeyId":4786015}}},"version":"v1"}