{"_sessions":{"BWV3VJ65TlEumBB71G4orWhRk0MhqOXaL2pYrE/OFGBV":{"registrationId":867766918,"currentRatchet":{"ephemeralKeyPair":{"pubKey":"BZehnDxBJGtLgwwTwC44xAwHWgx5MwSOh91NAJMSfBxq","privKey":"SF9GfM3LSknfIDkoKSYpDuC0hyr2iir+uBeH2kzotEY="},"lastRemoteEphemeralKey":"BUi6sSsdOqsW956C8K1MAyMJKLtg0ay6Q6lRqgwTrXFl","previousCounter":0,"rootKey":"yKCig0RbmgY/hnoip7UBC8pBtZ5pauRdg/CeEiaa0Bg="},"indexInfo":{"baseKey":"BWV3VJ65TlEumBB71G4orWhRk0MhqOXaL2pYrE/OFGBV","baseKeyType":1,"closed":-1,"used":1746612492780,"created":1746612492780,"remoteIdentityKey":"BXd068Wv/gSmmQlfStArZXm7FwZD0s1NmiskFfOuotVN"},"_chains":{"BZehnDxBJGtLgwwTwC44xAwHWgx5MwSOh91NAJMSfBxq":{"chainKey":{"counter":4,"key":"tFETAtaMzVhUtn5O5Rf6B/z/jAevD5vAkg/RhpqzGCY="},"chainType":1,"messageKeys":{}}},"pendingPreKey":{"signedKeyId":4,"baseKey":"BWV3VJ65TlEumBB71G4orWhRk0MhqOXaL2pYrE/OFGBV","preKeyId":5158601}}},"version":"v1"}