{"_sessions":{"BRhPtOW8YM6W3lML5z7SIm2jWvW/krp2vYqa2WRfGBVn":{"registrationId":2089358264,"currentRatchet":{"ephemeralKeyPair":{"pubKey":"BQ7M3p88tS1342zXM52A2j8HjUcLZb37QtKrKqp++Pc3","privKey":"EKLWZG6b9X6Eu7hmV0nG2k99FQm7lhQTrrqH05bbDGc="},"lastRemoteEphemeralKey":"BbtjcdY4OwQQAopv7J1HjUy9CL4h6Fk/G/z22WxC6wQ8","previousCounter":0,"rootKey":"TWJUymLhkzHB3XkdUNqRk4s4UIiddKnY6Y1AAZaQr5E="},"indexInfo":{"baseKey":"BRhPtOW8YM6W3lML5z7SIm2jWvW/krp2vYqa2WRfGBVn","baseKeyType":1,"closed":-1,"used":1746645158520,"created":1746645158520,"remoteIdentityKey":"Bawvtns2nx3foyOKPZK9VlrZUNgONeUSy1JWawB1TGUv"},"_chains":{"BQ7M3p88tS1342zXM52A2j8HjUcLZb37QtKrKqp++Pc3":{"chainKey":{"counter":0,"key":"puoexiMcQ3JuhToIemRA4VcjoJ9m9vXCVdz38Bm8cdM="},"chainType":1,"messageKeys":{}}},"pendingPreKey":{"signedKeyId":4,"baseKey":"BRhPtOW8YM6W3lML5z7SIm2jWvW/krp2vYqa2WRfGBVn"}}},"version":"v1"}