{"_sessions":{"BSwJQqnZJeGqgF7hMOqDblXlPHiH+xTop2fPA7K48kwQ":{"registrationId":428200202,"currentRatchet":{"ephemeralKeyPair":{"pubKey":"BYiqATMQKrZMuixXBZ8/XQto8eL4pnll5f+RXLmH/zkj","privKey":"OFY1oEPfNJyfOp+9JqEcqKtnEElD6WfpipAv8DpMFGM="},"lastRemoteEphemeralKey":"BYyMyXg3FE/FLY9CUrtRH+u92NbQoMFhCY6tLM0ovR1O","previousCounter":0,"rootKey":"CYjTd795b7Z+ha1cy5Bi/bPD2JyG4QeyvGLOQRUkm30="},"indexInfo":{"baseKey":"BSwJQqnZJeGqgF7hMOqDblXlPHiH+xTop2fPA7K48kwQ","baseKeyType":1,"closed":-1,"used":1746612488714,"created":1746612488714,"remoteIdentityKey":"BaSiHE+Cu51048LsIT16CcvFq4+qqSrzNVNclWMKPndd"},"_chains":{"BYiqATMQKrZMuixXBZ8/XQto8eL4pnll5f+RXLmH/zkj":{"chainKey":{"counter":4,"key":"orWkyQfXoPpc48bzsWCnhGljjduEXfh9xcHqqFpvTY4="},"chainType":1,"messageKeys":{}}},"pendingPreKey":{"signedKeyId":12884167,"baseKey":"BSwJQqnZJeGqgF7hMOqDblXlPHiH+xTop2fPA7K48kwQ","preKeyId":7297}}},"version":"v1"}