{"_sessions":{"BUw7cWrUwZ5iIFrPuY1ADywGFbePq+cspjQJX54LEb5m":{"registrationId":416031088,"currentRatchet":{"ephemeralKeyPair":{"pubKey":"BZQFcdT4sjmqfkKnl2YSm5AT3yYeRgw/AwcZTd+iHpFo","privKey":"aGe/oC1ATWDpnWZnr5lADuBsZmLfGN5IRAOm97vJBG0="},"lastRemoteEphemeralKey":"Be5yEOQcdfnbSKB2dLP3qpoqt9bxgfuD9J2gUY6Px+J0","previousCounter":0,"rootKey":"bGg8VeQoeR/3Sv9ZhZXd5GC5u9tGPesY+O/FVvjb9dA="},"indexInfo":{"baseKey":"BUw7cWrUwZ5iIFrPuY1ADywGFbePq+cspjQJX54LEb5m","baseKeyType":1,"closed":1746627390224,"used":1746627369037,"created":1746627369037,"remoteIdentityKey":"BTmU0A8oBExQmk9spm3wgXT8QZJAZmom3T5X0Fqkd18w"},"_chains":{"BZQFcdT4sjmqfkKnl2YSm5AT3yYeRgw/AwcZTd+iHpFo":{"chainKey":{"counter":0,"key":"Z3bm1mo1pDwjozk+w8k5wy9hVVQ8dMO82jJdNg7hg+8="},"chainType":1,"messageKeys":{}}},"pendingPreKey":{"signedKeyId":10,"baseKey":"BUw7cWrUwZ5iIFrPuY1ADywGFbePq+cspjQJX54LEb5m","preKeyId":9546374}},"BXgK67orbyVsgNnRRTOxVw+DKnD2i5BgYTHCkZRVRuoW":{"registrationId":416031088,"currentRatchet":{"ephemeralKeyPair":{"pubKey":"BWAdRvQByEV8GBSv60Eo0qoKtZlJZrtIONOOg54za/UQ","privKey":"2KDroczxQOupWYxkzXDAD+sufyGKW6w0n6q1xOB0JWA="},"lastRemoteEphemeralKey":"Be5yEOQcdfnbSKB2dLP3qpoqt9bxgfuD9J2gUY6Px+J0","previousCounter":0,"rootKey":"M88jY5LFehPqKdfhenQKIGeQNY7oTfbL1yxdLgMDlb8="},"indexInfo":{"baseKey":"BXgK67orbyVsgNnRRTOxVw+DKnD2i5BgYTHCkZRVRuoW","baseKeyType":1,"closed":1746627412404,"used":1746627389740,"created":1746627389740,"remoteIdentityKey":"BTmU0A8oBExQmk9spm3wgXT8QZJAZmom3T5X0Fqkd18w"},"_chains":{"BWAdRvQByEV8GBSv60Eo0qoKtZlJZrtIONOOg54za/UQ":{"chainKey":{"counter":0,"key":"gT1wpgflnrJYAs8CfZkHTpKdOIQXuv6f4b0dVuBAzlE="},"chainType":1,"messageKeys":{}}},"pendingPreKey":{"signedKeyId":10,"baseKey":"BXgK67orbyVsgNnRRTOxVw+DKnD2i5BgYTHCkZRVRuoW","preKeyId":9546347}},"BZ5hlpT6mAQrH0kUH5QavTo4+qQIdxehb9E6nnyI+CY+":{"registrationId":416031088,"currentRatchet":{"ephemeralKeyPair":{"pubKey":"Bf+0TwmeGVLYQxwUGMyFQCDDbhw9XMDiGZj6fLN6kTR7","privKey":"yECNvnXwXKUCFVPdm8dEigg8cXbRHVj8V0PTRjDP1kE="},"lastRemoteEphemeralKey":"Be5yEOQcdfnbSKB2dLP3qpoqt9bxgfuD9J2gUY6Px+J0","previousCounter":0,"rootKey":"YQ/mqolKfaGgA+0XENHu3HIk1ndGDdeDkNMYSQlw4cs="},"indexInfo":{"baseKey":"BZ5hlpT6mAQrH0kUH5QavTo4+qQIdxehb9E6nnyI+CY+","baseKeyType":1,"closed":-1,"used":1746627411862,"created":1746627411862,"remoteIdentityKey":"BTmU0A8oBExQmk9spm3wgXT8QZJAZmom3T5X0Fqkd18w"},"_chains":{"Bf+0TwmeGVLYQxwUGMyFQCDDbhw9XMDiGZj6fLN6kTR7":{"chainKey":{"counter":3,"key":"tuIQMqE/vtWuZ97Qdug2g5uFD8AaSHiDQyfKB+IdrAQ="},"chainType":1,"messageKeys":{}}},"pendingPreKey":{"signedKeyId":10,"baseKey":"BZ5hlpT6mAQrH0kUH5QavTo4+qQIdxehb9E6nnyI+CY+","preKeyId":9546390}}},"version":"v1"}