{"_sessions":{"BQni2KhW1i+Eyc3nMIMPjzIG0Par3/YkzMGN2A0hMl4d":{"registrationId":1635117333,"currentRatchet":{"ephemeralKeyPair":{"pubKey":"BYObzAy696/b+9VSiE0sEhPne91pw2kh32HkloYyGSkG","privKey":"ALap9h0OkA9ZKTHHH4y60m5IapCAEWQWfsNOJ8mywFs="},"lastRemoteEphemeralKey":"BcPLG/RZknEsUoteVFM8muoU0ecrh+Crc16IkQTSEkcv","previousCounter":0,"rootKey":"+xIaD5p9+9XPH0b0MPQJjzs8I5AUMqBBA0XVQW68n9w="},"indexInfo":{"baseKey":"BQni2KhW1i+Eyc3nMIMPjzIG0Par3/YkzMGN2A0hMl4d","baseKeyType":1,"closed":-1,"used":1746645070197,"created":1746645070197,"remoteIdentityKey":"BUXE+fq8esnVEK5LDmgoum3/QlGIBzJg0sK5ms07+0ZZ"},"_chains":{"BYObzAy696/b+9VSiE0sEhPne91pw2kh32HkloYyGSkG":{"chainKey":{"counter":0,"key":"OUA9ESid8FpjejssWFMz7eeDT/R/Kl7HtMnBXDDUENs="},"chainType":1,"messageKeys":{}}},"pendingPreKey":{"signedKeyId":2,"baseKey":"BQni2KhW1i+Eyc3nMIMPjzIG0Par3/YkzMGN2A0hMl4d","preKeyId":13066527}}},"version":"v1"}