{"_sessions":{"BRGoIQdN3/+0GZ6HeLW9Jm+yVeSojE2QLm+jXSVDOrgM":{"registrationId":36988045,"currentRatchet":{"ephemeralKeyPair":{"pubKey":"BcNP3HGiaH/CABYoUvhujdCb/MyUYn5yr1Rs7eN34/MO","privKey":"iKevmYsc+MYc4O+S824ZyN+gZoPVn0X45y4TriGQiGw="},"lastRemoteEphemeralKey":"Bf/K5hfpLptNrD8aNlkEGOIh4pb90iVivktC1KlS0kQw","previousCounter":0,"rootKey":"7aLbtNYO2qP7OTGSyZsWcB0kkWYPSppKQKR7az52CeY="},"indexInfo":{"baseKey":"BRGoIQdN3/+0GZ6HeLW9Jm+yVeSojE2QLm+jXSVDOrgM","baseKeyType":1,"closed":1746627386523,"used":1746627366023,"created":1746627366023,"remoteIdentityKey":"BTf7Selpc/TqJmRStYQK6WOXYkexoLxo17vuVZpq/x1S"},"_chains":{"BcNP3HGiaH/CABYoUvhujdCb/MyUYn5yr1Rs7eN34/MO":{"chainKey":{"counter":0,"key":"czSvw7Z7brhzJCOTxAJg38GJ/ORs9gEFEUaH9m2ntVI="},"chainType":1,"messageKeys":{}}},"pendingPreKey":{"signedKeyId":16520109,"baseKey":"BRGoIQdN3/+0GZ6HeLW9Jm+yVeSojE2QLm+jXSVDOrgM","preKeyId":3272}},"BaoKkhTFyp0zaRqhCZNvBkXTty0u1XfffjB2Y8LwSpEK":{"registrationId":36988045,"currentRatchet":{"ephemeralKeyPair":{"pubKey":"BXxkMEP8XzJWbiVYoaIQ4/jyyUIBOkop61CywWEVRYRy","privKey":"WE6EE4G51YTnykvfdzoySw0Mw5iqzDSLdrvc4+Dp8GY="},"lastRemoteEphemeralKey":"Bf/K5hfpLptNrD8aNlkEGOIh4pb90iVivktC1KlS0kQw","previousCounter":0,"rootKey":"hc+dcee0+hweMzYXNz28S0DWxoVmNrv0kLM4ESjiMQ4="},"indexInfo":{"baseKey":"BaoKkhTFyp0zaRqhCZNvBkXTty0u1XfffjB2Y8LwSpEK","baseKeyType":1,"closed":1746627408745,"used":1746627386100,"created":1746627386100,"remoteIdentityKey":"BTf7Selpc/TqJmRStYQK6WOXYkexoLxo17vuVZpq/x1S"},"_chains":{"BXxkMEP8XzJWbiVYoaIQ4/jyyUIBOkop61CywWEVRYRy":{"chainKey":{"counter":0,"key":"fgcUvH6p52k5MVWAH6jfqw16/SW9Xk5unkeIqONFuYU="},"chainType":1,"messageKeys":{}}},"pendingPreKey":{"signedKeyId":16520109,"baseKey":"BaoKkhTFyp0zaRqhCZNvBkXTty0u1XfffjB2Y8LwSpEK","preKeyId":3290}},"BdlB6AmyOAqLCFv2A2pwk781nztgqJjDA5rdyv+gpoAJ":{"registrationId":36988045,"currentRatchet":{"ephemeralKeyPair":{"pubKey":"BURGtYR8nilX1vWavvYs2N6he6dFpoeZWeV+2U5nO8c4","privKey":"qEUvv0ASnXf9bIAlXW6C7HFuAnRLfJ9M262Ri2D4BG8="},"lastRemoteEphemeralKey":"Bf/K5hfpLptNrD8aNlkEGOIh4pb90iVivktC1KlS0kQw","previousCounter":0,"rootKey":"0fY2liuyfAF4PRK+N4fs3M5zveO/Mq+J3ccYELMlhKw="},"indexInfo":{"baseKey":"BdlB6AmyOAqLCFv2A2pwk781nztgqJjDA5rdyv+gpoAJ","baseKeyType":1,"closed":-1,"used":1746627408421,"created":1746627408421,"remoteIdentityKey":"BTf7Selpc/TqJmRStYQK6WOXYkexoLxo17vuVZpq/x1S"},"_chains":{"BURGtYR8nilX1vWavvYs2N6he6dFpoeZWeV+2U5nO8c4":{"chainKey":{"counter":3,"key":"Y0DEi13oj4T8aTu3AitdFzR9El0+etWATIgmG2VFGqI="},"chainType":1,"messageKeys":{}}},"pendingPreKey":{"signedKeyId":16520109,"baseKey":"BdlB6AmyOAqLCFv2A2pwk781nztgqJjDA5rdyv+gpoAJ","preKeyId":3301}}},"version":"v1"}