{"_sessions":{"BY2JIJPu2W8QakNurO1WWJEvV5EUY/4eu+ftelWXx3dw":{"registrationId":109749905,"currentRatchet":{"ephemeralKeyPair":{"pubKey":"BbnFqkPKBhCGBHA0ZPdcqb+0jPhM/QpV+4VxxaRMzhU/","privKey":"cLFVpmDM0kmfg+j6viWjx37xAgT7L6sKCIP8ZBBA4E0="},"lastRemoteEphemeralKey":"BXsL+FnvNNCxbt9AVx6GrhgdnMZ2Nkan+uykGSHTXXNq","previousCounter":0,"rootKey":"bMAAmwXni/HUEHTslCTZG7ZnehsSimkwOiiT4gAqOwc="},"indexInfo":{"baseKey":"BY2JIJPu2W8QakNurO1WWJEvV5EUY/4eu+ftelWXx3dw","baseKeyType":1,"closed":-1,"used":1746627350671,"created":1746627350671,"remoteIdentityKey":"BZjuwcMsrC+GfPmHiJspWbun+HHjGuymrtGVOoP/AclX"},"_chains":{"BbnFqkPKBhCGBHA0ZPdcqb+0jPhM/QpV+4VxxaRMzhU/":{"chainKey":{"counter":0,"key":"Wve/7mLuUMfJslC5ZCpe6STwek3M9vDcmNhHN3hciVk="},"chainType":1,"messageKeys":{}}},"pendingPreKey":{"signedKeyId":11,"baseKey":"BY2JIJPu2W8QakNurO1WWJEvV5EUY/4eu+ftelWXx3dw","preKeyId":10132492}}},"version":"v1"}