{"_sessions":{"Be5WaKMBdbEjRU6slU7KvK2IZM00+pk/9Cay92n6N3JV":{"registrationId":1096595994,"currentRatchet":{"ephemeralKeyPair":{"pubKey":"BXM47gN8Grz2NLw1errnTfmCxivBy/oi7kDiFoE9tfhX","privKey":"AGIUum3AToVP7KkvYAgGEZ1lVTcrw0PXxUTTdDCQfkU="},"lastRemoteEphemeralKey":"BXUymFgNEH/MN1l7IVLCLu1FkfOKI4vwSvP7iCP5iU0Y","previousCounter":0,"rootKey":"tP/TMfk4tp9auXtmWsNdBFCRSNz1LM2YmD/X7tgBzGc="},"indexInfo":{"baseKey":"Be5WaKMBdbEjRU6slU7KvK2IZM00+pk/9Cay92n6N3JV","baseKeyType":1,"closed":-1,"used":1746612492866,"created":1746612492866,"remoteIdentityKey":"BSBdN+BNxtnEYpevNLUbwiHZz18MR84uwZCy4AL2t6d+"},"_chains":{"BXM47gN8Grz2NLw1errnTfmCxivBy/oi7kDiFoE9tfhX":{"chainKey":{"counter":4,"key":"5SbE9sqf4sFxwIxxBSx0aBsInZWD8yJtOJdpK17dusQ="},"chainType":1,"messageKeys":{}}},"pendingPreKey":{"signedKeyId":5,"baseKey":"Be5WaKMBdbEjRU6slU7KvK2IZM00+pk/9Cay92n6N3JV","preKeyId":8885592}}},"version":"v1"}