{"_sessions":{"BfugEDsDERh/SQH7lugQxgCuIuCbIUP+yiBvNTYSsbsI":{"registrationId":2129365011,"currentRatchet":{"ephemeralKeyPair":{"pubKey":"Bc+CAfQfyP1TBoQaEXnXi6alEpmludDsNuIIijUS5ug6","privKey":"8FQLe57xlQ3M0Xsn7SWSp2LdW55XHHBgwkOWKcp8SH0="},"lastRemoteEphemeralKey":"BZwZhx7vn7uSO70jCDCwNYYlF/kBHEeMKGXWk/B5ItpP","previousCounter":0,"rootKey":"F0XpaT8wMqfOZEV/NtH74eJbErL0aJRS9lWM2hBDOk4="},"indexInfo":{"baseKey":"BfugEDsDERh/SQH7lugQxgCuIuCbIUP+yiBvNTYSsbsI","baseKeyType":1,"closed":-1,"used":1746645069912,"created":1746645069912,"remoteIdentityKey":"BTfnF8n30D65/X1/0vWApktLr4LjAo2q787eJT+pRVtu"},"_chains":{"Bc+CAfQfyP1TBoQaEXnXi6alEpmludDsNuIIijUS5ug6":{"chainKey":{"counter":0,"key":"JYFRzweS9qtrAfde8zq8wn+vJddITxFffazrRA3Zblo="},"chainType":1,"messageKeys":{}}},"pendingPreKey":{"signedKeyId":1,"baseKey":"BfugEDsDERh/SQH7lugQxgCuIuCbIUP+yiBvNTYSsbsI"}}},"version":"v1"}