{"_sessions":{"Bb2QPzh7cecI/oY0JYdv0lGlCavDljMGPrPieJkKUtRW":{"registrationId":1597690846,"currentRatchet":{"ephemeralKeyPair":{"pubKey":"BWPkGNA+GTAmYK1zzVma3U7HPH6Qzu4xd+7B1DVt02cz","privKey":"CJTEMdULC/FEYLreA6y3w/Xc4dk2Hn+wRJz9vj5kj3Y="},"lastRemoteEphemeralKey":"BaQMgRaujdBhLwnn/LEUSd4GkeLNffeqhCJhbxnF3S04","previousCounter":0,"rootKey":"7dwBXN9TX3umVj055v42XLPmrzRoN5wNlAVv0Uz0pvw="},"indexInfo":{"baseKey":"Bb2QPzh7cecI/oY0JYdv0lGlCavDljMGPrPieJkKUtRW","baseKeyType":1,"closed":-1,"used":1746627350642,"created":1746627350642,"remoteIdentityKey":"BePPRAMrdvcuIRKzXAJU0QUjt0VIlfFD+JOE90AP3i5o"},"_chains":{"BWPkGNA+GTAmYK1zzVma3U7HPH6Qzu4xd+7B1DVt02cz":{"chainKey":{"counter":0,"key":"FjWiFYJyaLV3Xs589btkWquMIMSqPyY9L3NCG6WLqn8="},"chainType":1,"messageKeys":{}}},"pendingPreKey":{"signedKeyId":2,"baseKey":"Bb2QPzh7cecI/oY0JYdv0lGlCavDljMGPrPieJkKUtRW","preKeyId":2819}}},"version":"v1"}