{"_sessions":{"BZvgtiR9ihSy9ydorSxpWRWdNParONZlmwMidRmegIUk":{"registrationId":689010568,"currentRatchet":{"ephemeralKeyPair":{"pubKey":"BeFbB60z+qYeRZk/vZstNXdhk7+lLJrGnHhzaC7In2sI","privKey":"2LUAHJfDvFXJLre5WxjserF4Tbt5LBhCleAmlgzVnVw="},"lastRemoteEphemeralKey":"BRTK5kU6VE5H/aKsLSBsB0HwkPWGKtaXq9OY3xpIDmhD","previousCounter":0,"rootKey":"D6anck8aE4kaQ4gJsw+zLaAelyZ7VBdLO3cxj+3bBiA="},"indexInfo":{"baseKey":"BZvgtiR9ihSy9ydorSxpWRWdNParONZlmwMidRmegIUk","baseKeyType":1,"closed":-1,"used":1746645158562,"created":1746645158562,"remoteIdentityKey":"BZu0SqhGVt/jpUfkTIXhAMyl/E2MbFyvkHN8a7b6ZBAP"},"_chains":{"BeFbB60z+qYeRZk/vZstNXdhk7+lLJrGnHhzaC7In2sI":{"chainKey":{"counter":0,"key":"3RWyYrQtHw1SfRNaVpssHg/H6LywLDIGgGgwwbgpdeU="},"chainType":1,"messageKeys":{}}},"pendingPreKey":{"signedKeyId":2283537,"baseKey":"BZvgtiR9ihSy9ydorSxpWRWdNParONZlmwMidRmegIUk","preKeyId":29023}}},"version":"v1"}