{"_sessions":{"BVj++ISisxBe/Yz+PmOImzU9YYX7aqR5hJ1HmMyUn7Yq":{"registrationId":7330,"currentRatchet":{"ephemeralKeyPair":{"pubKey":"BTu0cv/tFCEqcB8B0enT466imzDgBP3jPkaEkf01p184","privKey":"uKUaN3pGOJs6yiD8STexK2BkLL4ip3Wy8lCewpmhKG4="},"lastRemoteEphemeralKey":"BeM9wIxisIAIZLEbnNz7qE6hnvegWh2GNUPQLIuyH1JA","previousCounter":0,"rootKey":"39Gq/DjMf2J5gLn3WUI21dhdD0Nch+oElDtPK8VybYk="},"indexInfo":{"baseKey":"BVj++ISisxBe/Yz+PmOImzU9YYX7aqR5hJ1HmMyUn7Yq","baseKeyType":1,"closed":-1,"used":1746644956670,"created":1746644956670,"remoteIdentityKey":"BRwsOSfJVtDqcx9BlDLoU1qkry7ad7lDzGJM8185DDFI"},"_chains":{"BTu0cv/tFCEqcB8B0enT466imzDgBP3jPkaEkf01p184":{"chainKey":{"counter":1,"key":"6XuDvIiz4IMOc+0AnQaZcaiwxoDDQYJ08bl3gQGD9hY="},"chainType":1,"messageKeys":{}}},"pendingPreKey":{"signedKeyId":1,"baseKey":"BVj++ISisxBe/Yz+PmOImzU9YYX7aqR5hJ1HmMyUn7Yq","preKeyId":5107}}},"version":"v1"}