{"_sessions":{"BdOHgYicw0dgmuKTEQ+ryad7O1pRwZwX1SUOitFI7AMa":{"registrationId":105984395,"currentRatchet":{"ephemeralKeyPair":{"pubKey":"BZkAjZ3u3TayOL3fLyp+gu+Pgh7ZhUcesmPPZ1QxHIR6","privKey":"QHHHdpa8+YT5KJ/yaAV/fPlCX0C3DYBiZ2EiJvI+ZmQ="},"lastRemoteEphemeralKey":"Bf3eBeLVjNv8LKfyKxFNk/7aX+wy/qwXIDNImr4Q6M8+","previousCounter":0,"rootKey":"eb9pJfJY2igA4+5IpNi29PAuNzHdijSdyxqQOH14uIE="},"indexInfo":{"baseKey":"BdOHgYicw0dgmuKTEQ+ryad7O1pRwZwX1SUOitFI7AMa","baseKeyType":1,"closed":-1,"used":1746644959985,"created":1746644959985,"remoteIdentityKey":"BbJoiZomhqy5CyI/wbjTHj7n6PYSlQpwPqHQAlGeBcJv"},"_chains":{"BZkAjZ3u3TayOL3fLyp+gu+Pgh7ZhUcesmPPZ1QxHIR6":{"chainKey":{"counter":1,"key":"tx/tR/B85BMqbq3rDX+Ag6qwfDzHZzDtWnEtFSl61wQ="},"chainType":1,"messageKeys":{}}},"pendingPreKey":{"signedKeyId":3,"baseKey":"BdOHgYicw0dgmuKTEQ+ryad7O1pRwZwX1SUOitFI7AMa","preKeyId":4822403}}},"version":"v1"}