{"_sessions":{"Bb8SZCIgcwk5VKPu+q1Ic3pb1R4mL6+VO5R2couHmc8R":{"registrationId":1552727437,"currentRatchet":{"ephemeralKeyPair":{"pubKey":"Bd61ZGG7kADyn317F6oUjCV1kstJ6QX1+/dz0By/mpZM","privKey":"iI402k9xJRWf4P+uFJjHLXtorzkVOv9WIeH/Jbey9nw="},"lastRemoteEphemeralKey":"Ba0tw4eMedV4hRU10Ep6thGUnqsIcacuaXXJnWev1P5w","previousCounter":0,"rootKey":"QP9FbF8nLmjjh9JeXv5Ftt2XWNyW+Qoc5dj/1dKiVqQ="},"indexInfo":{"baseKey":"Bb8SZCIgcwk5VKPu+q1Ic3pb1R4mL6+VO5R2couHmc8R","baseKeyType":1,"closed":1746627382532,"used":1746627362603,"created":1746627362603,"remoteIdentityKey":"BT1Sh+hjOpMGjlAmASWx82z/V1NMtXq+A5pjy5uGHdAT"},"_chains":{"Bd61ZGG7kADyn317F6oUjCV1kstJ6QX1+/dz0By/mpZM":{"chainKey":{"counter":0,"key":"TcGI6YTNpHhuAohnEfGmpqVFD3a6x6bKLucsPNX03Do="},"chainType":1,"messageKeys":{}}},"pendingPreKey":{"signedKeyId":8,"baseKey":"Bb8SZCIgcwk5VKPu+q1Ic3pb1R4mL6+VO5R2couHmc8R","preKeyId":491161}},"BWUh0ibwHjT86NLgw3ZHCrfLs3etwmMSm+rjUtrFNbhT":{"registrationId":1552727437,"currentRatchet":{"ephemeralKeyPair":{"pubKey":"BdKb2G0AUQGIiyiOc0evd80sDW2rdk071j2p7lJ343Fo","privKey":"kE+HV2k/x8UDKjCvTkQMQzyG2Lme5m3HN0mN27zUfWo="},"lastRemoteEphemeralKey":"Ba0tw4eMedV4hRU10Ep6thGUnqsIcacuaXXJnWev1P5w","previousCounter":0,"rootKey":"h914bahUQVwa65nHEEPL7vud6eK4LRNvH+zQhtQ3EfY="},"indexInfo":{"baseKey":"BWUh0ibwHjT86NLgw3ZHCrfLs3etwmMSm+rjUtrFNbhT","baseKeyType":1,"closed":1746627404918,"used":1746627381992,"created":1746627381992,"remoteIdentityKey":"BT1Sh+hjOpMGjlAmASWx82z/V1NMtXq+A5pjy5uGHdAT"},"_chains":{"BdKb2G0AUQGIiyiOc0evd80sDW2rdk071j2p7lJ343Fo":{"chainKey":{"counter":0,"key":"SyeRcuTC2vmh3yE0bZE0EiVKteepwTXJuDjGZBlOKeU="},"chainType":1,"messageKeys":{}}},"pendingPreKey":{"signedKeyId":8,"baseKey":"BWUh0ibwHjT86NLgw3ZHCrfLs3etwmMSm+rjUtrFNbhT","preKeyId":491139}},"BaRlPlGK/NCW2f0KB/Yjgb4T28hyNj+oZqCKrNuIooh5":{"registrationId":1552727437,"currentRatchet":{"ephemeralKeyPair":{"pubKey":"BQcVxL2nfssR42/QrjdU7kbA2wF8xwSqtbsoZhZmZphL","privKey":"qCR208m2gdR76QkPjTuFrZnpgxqz0eBH/J1bwFS9lF8="},"lastRemoteEphemeralKey":"Ba0tw4eMedV4hRU10Ep6thGUnqsIcacuaXXJnWev1P5w","previousCounter":0,"rootKey":"o++ZUJqOmNC12ln5uALhFQgusAtHXLvamlSIhoE6YXU="},"indexInfo":{"baseKey":"BaRlPlGK/NCW2f0KB/Yjgb4T28hyNj+oZqCKrNuIooh5","baseKeyType":1,"closed":-1,"used":1746627404744,"created":1746627404744,"remoteIdentityKey":"BT1Sh+hjOpMGjlAmASWx82z/V1NMtXq+A5pjy5uGHdAT"},"_chains":{"BQcVxL2nfssR42/QrjdU7kbA2wF8xwSqtbsoZhZmZphL":{"chainKey":{"counter":3,"key":"Uk5RA8ZtXJhaueeoBEWz0QRsQI9eO+bo+rrOsLwA2KM="},"chainType":1,"messageKeys":{}}},"pendingPreKey":{"signedKeyId":8,"baseKey":"BaRlPlGK/NCW2f0KB/Yjgb4T28hyNj+oZqCKrNuIooh5","preKeyId":490861}}},"version":"v1"}