{"_sessions":{"BQns5UJQYoSCRljZsPL3FgP9osK+L/JVDImexJONkdwi":{"registrationId":268732234,"currentRatchet":{"ephemeralKeyPair":{"pubKey":"BeVAB7M4Vw/RzbDCNnZlDAu3LXk1oFCcR6Ce3JVNsilG","privKey":"aBZ+ok/nznjDkz95YS4PH41jZekLzaiJOHJzdo8dVmA="},"lastRemoteEphemeralKey":"BSFwXIiCrcbT8op3n4QUqfjy/qLucqyLHSxkZSHNSGpr","previousCounter":0,"rootKey":"9YemxBx8Leya+8LMPOKKF8cyB169VMj+xmEKfYz5Pig="},"indexInfo":{"baseKey":"BQns5UJQYoSCRljZsPL3FgP9osK+L/JVDImexJONkdwi","baseKeyType":1,"closed":-1,"used":1746645158643,"created":1746645158643,"remoteIdentityKey":"BfE88V9XbQTonME7g4rtNgeM5NPXNOIts9cmn6drrMRc"},"_chains":{"BeVAB7M4Vw/RzbDCNnZlDAu3LXk1oFCcR6Ce3JVNsilG":{"chainKey":{"counter":0,"key":"lMIbjTTK7Do8IuY3S9PvVOzEie7jgP+yIDoAfpjUDjA="},"chainType":1,"messageKeys":{}}},"pendingPreKey":{"signedKeyId":13471871,"baseKey":"BQns5UJQYoSCRljZsPL3FgP9osK+L/JVDImexJONkdwi","preKeyId":5793}}},"version":"v1"}