{"_sessions":{"BdqejPZ8q3mSSsKvS00Nc3qKj4tyBsEdWwbTagmBsRJL":{"registrationId":251067319,"currentRatchet":{"ephemeralKeyPair":{"pubKey":"BZMTnEzJCrAcOU/HmDLtf3yFJ5fruj+3oF1vIpfnor0p","privKey":"AA5Y49NSSyi0EbzIOD26f8NsIqvgbwBnAnnog1pUI0A="},"lastRemoteEphemeralKey":"BWQp4dDMzbw2eynLG7E1BNNkBkO+LLNJzgi5sHY3oq0r","previousCounter":0,"rootKey":"hNxn0diENW/US85Vq0/qo3ebvREEZvE/jDCLUzjsQBw="},"indexInfo":{"baseKey":"BdqejPZ8q3mSSsKvS00Nc3qKj4tyBsEdWwbTagmBsRJL","baseKeyType":1,"closed":-1,"used":1746645166211,"created":1746645166211,"remoteIdentityKey":"Be7u8SXNCnNc4Zyt8hjEBqEMJbeIG2H9LRNT8Lh56H96"},"_chains":{"BZMTnEzJCrAcOU/HmDLtf3yFJ5fruj+3oF1vIpfnor0p":{"chainKey":{"counter":0,"key":"FXX+TrXvWG/s2NqszHkk837M0u6wnkWsNtykhLHUBgk="},"chainType":1,"messageKeys":{}}},"pendingPreKey":{"signedKeyId":8,"baseKey":"BdqejPZ8q3mSSsKvS00Nc3qKj4tyBsEdWwbTagmBsRJL","preKeyId":3619860}}},"version":"v1"}