{"_sessions":{"BYeB1fs85c1FnXvUCyQA7L5ozaFyfREL/wQsvWklk31s":{"registrationId":795495473,"currentRatchet":{"ephemeralKeyPair":{"pubKey":"BRfOKdMRJmPR/U6DavmIjsfgfsutmDrxmW0ayAMEcEVx","privKey":"6MxbY3LqcOESPq88dU0dRcFEKzfNC196oSmXw+6aLGM="},"lastRemoteEphemeralKey":"BS1xN1/l8BWKthKtHdsEUACHBnarggtiVmGLkeT/uLVF","previousCounter":0,"rootKey":"bqlsizETWKlDsfr/NHOsxXh10hMiNKScP8/jcM5hKdM="},"indexInfo":{"baseKey":"BYeB1fs85c1FnXvUCyQA7L5ozaFyfREL/wQsvWklk31s","baseKeyType":1,"closed":-1,"used":1746644960128,"created":1746644960128,"remoteIdentityKey":"BYU3abEsyYwg61ZV8mWJzfCnaROVHLdWvV3dr6EH0LZM"},"_chains":{"BRfOKdMRJmPR/U6DavmIjsfgfsutmDrxmW0ayAMEcEVx":{"chainKey":{"counter":1,"key":"OMBH7MbjGe7RdFS7+DmP5XiLWudc0dh0jEwOoJeejpk="},"chainType":1,"messageKeys":{}}},"pendingPreKey":{"signedKeyId":669567,"baseKey":"BYeB1fs85c1FnXvUCyQA7L5ozaFyfREL/wQsvWklk31s","preKeyId":3347}}},"version":"v1"}