{"_sessions":{"BeO1RaX7BlNTmllJwQ4yWkxaHDkok+a/mIp/A8ZpX3Aj":{"registrationId":11101,"currentRatchet":{"ephemeralKeyPair":{"pubKey":"BZwgnEkHmVmCIU8bvWirhTMcq4XudFVJ1LzjXx/O6yc3","privKey":"0Lpr2pxWLH5vWeHN0sL99Xlh9o7Gvb/hvxohdous6FU="},"lastRemoteEphemeralKey":"BSNu4WYpkLjmb1+ocpKSaSHZDWXEL8D5NtIDJpjKt8Qa","previousCounter":0,"rootKey":"KJ5ZY0wrRGPggATSrWk1Ldvas7jYDKoCaCdgxFI7yJY="},"indexInfo":{"baseKey":"BeO1RaX7BlNTmllJwQ4yWkxaHDkok+a/mIp/A8ZpX3Aj","baseKeyType":1,"closed":-1,"used":1746645069667,"created":1746645069667,"remoteIdentityKey":"BUhuQFX88RhMdZr0WvQEI7CR6l/gkRBm3sDQ5om+ocYl"},"_chains":{"BZwgnEkHmVmCIU8bvWirhTMcq4XudFVJ1LzjXx/O6yc3":{"chainKey":{"counter":0,"key":"TXDk87CTCDISDFGjTzextUtbeqD/LOxuiyDUZx2UdYI="},"chainType":1,"messageKeys":{}}},"pendingPreKey":{"signedKeyId":0,"baseKey":"BeO1RaX7BlNTmllJwQ4yWkxaHDkok+a/mIp/A8ZpX3Aj","preKeyId":1969822}}},"version":"v1"}