{"_sessions":{"BTaTpshgCTCjyChfpY2mroS0OUgL9EMEj8sjSTrIu/RP":{"registrationId":1682565494,"currentRatchet":{"ephemeralKeyPair":{"pubKey":"BUZUvrvIT9OztONlFu5IuHVO7vOTxrkQKtWeq/So7mE3","privKey":"ICeLKeiJY0HrAQc1u2x29zMS4ltryKMAywaQ9wmqEmU="},"lastRemoteEphemeralKey":"BQzMmKcxIAnbmDqp8zymlUonMTP5t6OMUjPrP11k3sNg","previousCounter":0,"rootKey":"TbCUheFUprDMwl3LVe5k11iuapqFfy4hUR5PT4YVCgA="},"indexInfo":{"baseKey":"BTaTpshgCTCjyChfpY2mroS0OUgL9EMEj8sjSTrIu/RP","baseKeyType":1,"closed":-1,"used":1746644956558,"created":1746644956558,"remoteIdentityKey":"BSQiLn4qVPEBduMfn0pA372SEs2a6K64BRzIfRoNZ+ZQ"},"_chains":{"BUZUvrvIT9OztONlFu5IuHVO7vOTxrkQKtWeq/So7mE3":{"chainKey":{"counter":1,"key":"9EGPM64MU6CSprZaJg/pPM0TWLOTNJ19guTkSj+nW60="},"chainType":1,"messageKeys":{}}},"pendingPreKey":{"signedKeyId":1,"baseKey":"BTaTpshgCTCjyChfpY2mroS0OUgL9EMEj8sjSTrIu/RP","preKeyId":13026398}}},"version":"v1"}