{"_sessions":{"Bb4GanUaVY40EKRz1CoCru4m6PrwcM66CeSbPaVrM7wx":{"registrationId":1201170896,"currentRatchet":{"ephemeralKeyPair":{"pubKey":"BSIMxAy20B6b7FyQWFqM/Zo2acYIVKJJ05EJpR+/tjtu","privKey":"YEHhdJMwSF95AAYNuYOsdzu8+ANAzGaCkukN6sBP5Fs="},"lastRemoteEphemeralKey":"BUYbLxqps/JSKcB7Yy/X1bZrNN2lx95GGBGELcVN+FMo","previousCounter":0,"rootKey":"xaFTwtf7s8QP43s34LtbU/7TpWgoY0jP0U6rr7U5+bo="},"indexInfo":{"baseKey":"Bb4GanUaVY40EKRz1CoCru4m6PrwcM66CeSbPaVrM7wx","baseKeyType":1,"closed":-1,"used":1746645158684,"created":1746645158684,"remoteIdentityKey":"BaOtZnw4XSn2SvtHrrHUD2Vv3avXVj7Pbm1tfTTMqAV+"},"_chains":{"BSIMxAy20B6b7FyQWFqM/Zo2acYIVKJJ05EJpR+/tjtu":{"chainKey":{"counter":0,"key":"fG9A+rPzVAZ3GvsRswyGM3AlpABOX9led/iYz2k0kns="},"chainType":1,"messageKeys":{}}},"pendingPreKey":{"signedKeyId":2,"baseKey":"Bb4GanUaVY40EKRz1CoCru4m6PrwcM66CeSbPaVrM7wx","preKeyId":15085320}}},"version":"v1"}