{"_sessions":{"BX35IZ7h9EmwzpkDjRE3qErv9+Ch6UTlj9P9dTa2pD5J":{"registrationId":818184733,"currentRatchet":{"ephemeralKeyPair":{"pubKey":"BadmVanFmD7kfbQM3R7pMq1jwmDExyuu8O1Px8nu4eUT","privKey":"ADcSQpuK3htDLHej/TB9IqQQUhnpJuA1h7m9AgJqoHQ="},"lastRemoteEphemeralKey":"BdHQY1wZnIEGfaCuSznNgrLrmh8JNTuJ9l7aBJdjtFNY","previousCounter":0,"rootKey":"vfr/KguTnvNATo/a82AUJN0zMTOKtK87rF83j9cVdGE="},"indexInfo":{"baseKey":"BX35IZ7h9EmwzpkDjRE3qErv9+Ch6UTlj9P9dTa2pD5J","baseKeyType":1,"closed":1746627386481,"used":1746627365868,"created":1746627365868,"remoteIdentityKey":"BRK2v1z9rsS1FSWpRn6IMDMmTmdMjh1HT9mJuVCseEVz"},"_chains":{"BadmVanFmD7kfbQM3R7pMq1jwmDExyuu8O1Px8nu4eUT":{"chainKey":{"counter":0,"key":"/mrJZAz7EP5ga3yNMveLN90QcKvF2o78ZWAzszApJUc="},"chainType":1,"messageKeys":{}}},"pendingPreKey":{"signedKeyId":15513401,"baseKey":"BX35IZ7h9EmwzpkDjRE3qErv9+Ch6UTlj9P9dTa2pD5J","preKeyId":5823}},"Bef8Eo7KIgEubYqcDfB9PpBZ2XtnmBbVqqY0KAmfii4V":{"registrationId":818184733,"currentRatchet":{"ephemeralKeyPair":{"pubKey":"BUZc+Zvfc2C1P2gid6lyMoJjk0uBcBYIzMYvqHphJycq","privKey":"YM4keRHmwR/fy04zB0kvgnO26yGm/sP1KXqFtK12GEk="},"lastRemoteEphemeralKey":"BdHQY1wZnIEGfaCuSznNgrLrmh8JNTuJ9l7aBJdjtFNY","previousCounter":0,"rootKey":"ZtgrYPUq8qN+7jb2hgLpv3m01ouAILLqEK8y56qZi3o="},"indexInfo":{"baseKey":"Bef8Eo7KIgEubYqcDfB9PpBZ2XtnmBbVqqY0KAmfii4V","baseKeyType":1,"closed":1746627408715,"used":1746627385933,"created":1746627385933,"remoteIdentityKey":"BRK2v1z9rsS1FSWpRn6IMDMmTmdMjh1HT9mJuVCseEVz"},"_chains":{"BUZc+Zvfc2C1P2gid6lyMoJjk0uBcBYIzMYvqHphJycq":{"chainKey":{"counter":0,"key":"AZTbtFJdOurEdWQ+ghJZlmB+TKal9zj8r8DeLmNv5kc="},"chainType":1,"messageKeys":{}}},"pendingPreKey":{"signedKeyId":15513401,"baseKey":"Bef8Eo7KIgEubYqcDfB9PpBZ2XtnmBbVqqY0KAmfii4V","preKeyId":5835}},"BaJwKwdw4WdoNMCNbLHiRBpaLDGrXFhpMwfcMT/tQVMi":{"registrationId":818184733,"currentRatchet":{"ephemeralKeyPair":{"pubKey":"BewHXcAaQj+ONqk83v22N6nWK2rcoAJcgysOf5ebWWoG","privKey":"KPxI01wmxm/G1AwAYFAM8idbLROvIQyxJWJQJy1TR30="},"lastRemoteEphemeralKey":"BdHQY1wZnIEGfaCuSznNgrLrmh8JNTuJ9l7aBJdjtFNY","previousCounter":0,"rootKey":"K8rlHtwoCuyf1gLIvEp/IM2+Qge7lYmoTd44reR1330="},"indexInfo":{"baseKey":"BaJwKwdw4WdoNMCNbLHiRBpaLDGrXFhpMwfcMT/tQVMi","baseKeyType":1,"closed":-1,"used":1746627408293,"created":1746627408293,"remoteIdentityKey":"BRK2v1z9rsS1FSWpRn6IMDMmTmdMjh1HT9mJuVCseEVz"},"_chains":{"BewHXcAaQj+ONqk83v22N6nWK2rcoAJcgysOf5ebWWoG":{"chainKey":{"counter":3,"key":"kGzaahnxWztFzeX53lsmhXFcHmRe9MtP3Uf2o/PQAUk="},"chainType":1,"messageKeys":{}}},"pendingPreKey":{"signedKeyId":15513401,"baseKey":"BaJwKwdw4WdoNMCNbLHiRBpaLDGrXFhpMwfcMT/tQVMi","preKeyId":5809}}},"version":"v1"}