{"_sessions":{"BdfhGCIImW8gF9xGmvVO/uMju36jdc81OHd80F/lh7cp":{"registrationId":620545597,"currentRatchet":{"ephemeralKeyPair":{"pubKey":"BURNKG3jOH3iRPV44nhBwvw0Qo4WPi3ZN8OsOHF9nVx+","privKey":"qF5kEX8R/SblNReolBr1fYXKAHLcIaDmpwoQeSq/228="},"lastRemoteEphemeralKey":"Bc/mA/fq/1S3OrREV6uHvKxuCaaHC3/+Whed4OLmRwZj","previousCounter":0,"rootKey":"8c32Jy8eitzSFo85tid1SOFgKZJEyDiJQVeGflqA/bA="},"indexInfo":{"baseKey":"BdfhGCIImW8gF9xGmvVO/uMju36jdc81OHd80F/lh7cp","baseKeyType":1,"closed":-1,"used":1746645166014,"created":1746645166014,"remoteIdentityKey":"BUALLZO4/x6TQSljDbnmBpY9bIiPYqFJrXq04f6dFDce"},"_chains":{"BURNKG3jOH3iRPV44nhBwvw0Qo4WPi3ZN8OsOHF9nVx+":{"chainKey":{"counter":0,"key":"tzqqbEqexgBW1SUd2atDihl8+omPdUbrLVqVo/A7DVQ="},"chainType":1,"messageKeys":{}}},"pendingPreKey":{"signedKeyId":13877817,"baseKey":"BdfhGCIImW8gF9xGmvVO/uMju36jdc81OHd80F/lh7cp","preKeyId":7678}}},"version":"v1"}