{"_sessions":{"BYop6ZL40Rkb/80vcblvYNG3S2rD+usE+mwxUZh/s+Ji":{"registrationId":685747080,"currentRatchet":{"ephemeralKeyPair":{"pubKey":"BfcVRzDyHPv2u16Qu41nuUMErQHnu446KDuvOkmrYTQX","privKey":"yMgdP9woKS5O+1M0hZVV9s0zLCshmgfJWcsYff7slEY="},"lastRemoteEphemeralKey":"BdLfd5fMrma6m7JGbUhyBycx0BAk8Ai/64Tmn+Sq+iNd","previousCounter":0,"rootKey":"+FreeFZwNdd5UTwWrHOTdI3+g2v8iGYIVwRCAWe8aFs="},"indexInfo":{"baseKey":"BYop6ZL40Rkb/80vcblvYNG3S2rD+usE+mwxUZh/s+Ji","baseKeyType":2,"closed":-1,"used":1746710813164,"created":1746710813164,"remoteIdentityKey":"BbWEKNIaAsvRkiXJdQ1qT4seVUGv5w8Iv6EQMI0vwD5E"},"_chains":{"BdLfd5fMrma6m7JGbUhyBycx0BAk8Ai/64Tmn+Sq+iNd":{"chainKey":{"counter":2,"key":"29mnpIDAYREEmBNTroOfOkwbhNisGQXMP+WZuq0ZbpU="},"chainType":2,"messageKeys":{"1":"6ZJeBpzSj9KbpykKwxQK79qSnHyi5s1IulWl/oCDXqA="}},"BfcVRzDyHPv2u16Qu41nuUMErQHnu446KDuvOkmrYTQX":{"chainKey":{"counter":-1,"key":"DeNQqEEtAtkezfcBAw6Nd0yFzlzMNkfzRRcBNAH8+fI="},"chainType":1,"messageKeys":{}}}}},"version":"v1"}