{"_sessions":{"BZ9oIZXzucPrPXgx7NfFjSebAH8x7FcwrEhLbr2e9EBN":{"registrationId":745899726,"currentRatchet":{"ephemeralKeyPair":{"pubKey":"BTbhaI6RQqUpjw2N2CFCVNCNyMS6vElVTR8x4eUBVkQt","privKey":"oGzWZOA6hA2ECRCic42EeKnOb/LzpCsktkY5ubO8bUQ="},"lastRemoteEphemeralKey":"BZWSdYjaTNAwRzvA6r+X6TzH7+SI8cBkCNVWN+DSiDZP","previousCounter":0,"rootKey":"XAHUILj1KxY7rsnl9UJQtOW8giTmbUS1mkBoIsJ7RuU="},"indexInfo":{"baseKey":"BZ9oIZXzucPrPXgx7NfFjSebAH8x7FcwrEhLbr2e9EBN","baseKeyType":1,"closed":1746627386402,"used":1746627365669,"created":1746627365669,"remoteIdentityKey":"Bdn3kQxcl6VSvD9XFcmjRMCkvcRI3lSJomF/iM8YzMIB"},"_chains":{"BTbhaI6RQqUpjw2N2CFCVNCNyMS6vElVTR8x4eUBVkQt":{"chainKey":{"counter":0,"key":"V+2uxymoe4Z7kjU6s2KCmmr/uq3UQQ4ft90jLjsHGcY="},"chainType":1,"messageKeys":{}}},"pendingPreKey":{"signedKeyId":14875381,"baseKey":"BZ9oIZXzucPrPXgx7NfFjSebAH8x7FcwrEhLbr2e9EBN","preKeyId":3873}},"Bb8YZU069MwdPE0FkFk+a1+xUgpWsf4VUi200BnTPcEJ":{"registrationId":745899726,"currentRatchet":{"ephemeralKeyPair":{"pubKey":"BYU/NJUOxln/z/L2sH/R5Je05ixlFKruP8oRf03Nqzwl","privKey":"cLQFjf6yP9k4Bn7BlFj/GufDpp83wQ3tUv3109GtSks="},"lastRemoteEphemeralKey":"BZWSdYjaTNAwRzvA6r+X6TzH7+SI8cBkCNVWN+DSiDZP","previousCounter":0,"rootKey":"yaPkPkBCKEQnX6Ptpby4J94t/iAIB2eOwQxPQ3rbCz8="},"indexInfo":{"baseKey":"Bb8YZU069MwdPE0FkFk+a1+xUgpWsf4VUi200BnTPcEJ","baseKeyType":1,"closed":1746627408660,"used":1746627385726,"created":1746627385726,"remoteIdentityKey":"Bdn3kQxcl6VSvD9XFcmjRMCkvcRI3lSJomF/iM8YzMIB"},"_chains":{"BYU/NJUOxln/z/L2sH/R5Je05ixlFKruP8oRf03Nqzwl":{"chainKey":{"counter":0,"key":"2WHUEUUUxbV9UAApgbRci0BVwGCYz6Nzc3ejEGvyei0="},"chainType":1,"messageKeys":{}}},"pendingPreKey":{"signedKeyId":14875381,"baseKey":"Bb8YZU069MwdPE0FkFk+a1+xUgpWsf4VUi200BnTPcEJ","preKeyId":3525}},"BbaoEPw+QobhtRqItW3JgemIxzKy4W9rplz6AQJEfeoB":{"registrationId":745899726,"currentRatchet":{"ephemeralKeyPair":{"pubKey":"Bex5TiLf7Hmmyq0YMw0OAfFRY6An71kPYwJ3Q2TXvxVK","privKey":"2FuKyzrNbxsXYsMQ2DCf2RDOTXDGBjxDq0tiUOfbNF8="},"lastRemoteEphemeralKey":"BZWSdYjaTNAwRzvA6r+X6TzH7+SI8cBkCNVWN+DSiDZP","previousCounter":0,"rootKey":"9levTlwAV1WIpbN4ToySwuJA5aBFp6tE6dG28oFJY0s="},"indexInfo":{"baseKey":"BbaoEPw+QobhtRqItW3JgemIxzKy4W9rplz6AQJEfeoB","baseKeyType":1,"closed":-1,"used":1746627408105,"created":1746627408105,"remoteIdentityKey":"Bdn3kQxcl6VSvD9XFcmjRMCkvcRI3lSJomF/iM8YzMIB"},"_chains":{"Bex5TiLf7Hmmyq0YMw0OAfFRY6An71kPYwJ3Q2TXvxVK":{"chainKey":{"counter":3,"key":"5NSMYmCmor3BHMqWHSLyg4qcl6YlCVMQCeeAIoVxPak="},"chainType":1,"messageKeys":{}}},"pendingPreKey":{"signedKeyId":14875381,"baseKey":"BbaoEPw+QobhtRqItW3JgemIxzKy4W9rplz6AQJEfeoB","preKeyId":3287}}},"version":"v1"}