{"_sessions":{"Bclr9pM5jmb8o6WyLERgmQKmLpmj2NJqDiMQhiFZWnE1":{"registrationId":140667999,"currentRatchet":{"ephemeralKeyPair":{"pubKey":"BYXvc4dl8IruLZiOKIXuB9AcgAruWXcntwY1atwhh7M6","privKey":"sOFIRT9zk4/GHZeG8dTqLSm/TsIgRPVCV3bsDpS5XlA="},"lastRemoteEphemeralKey":"BTRGy5m/VHSPNL9rHi2GZV5JNfZPyJK7TviCjwPLtgpP","previousCounter":0,"rootKey":"Yf7OchpQE3uB5/xMRzBtY3+ThPrOpVCJpW9YLXTX5XY="},"indexInfo":{"baseKey":"Bclr9pM5jmb8o6WyLERgmQKmLpmj2NJqDiMQhiFZWnE1","baseKeyType":1,"closed":-1,"used":1746644956856,"created":1746644956856,"remoteIdentityKey":"BV8xBV7Bnjicrtn9Xa4pYbHkORXsaPDlpK823XEzOo1S"},"_chains":{"BYXvc4dl8IruLZiOKIXuB9AcgAruWXcntwY1atwhh7M6":{"chainKey":{"counter":1,"key":"ZZiTZKODhK9TPzScaP0Hihf/OjSYQFeG6BGPZItELJw="},"chainType":1,"messageKeys":{}}},"pendingPreKey":{"signedKeyId":11,"baseKey":"Bclr9pM5jmb8o6WyLERgmQKmLpmj2NJqDiMQhiFZWnE1","preKeyId":7297663}}},"version":"v1"}