{"_sessions":{"BRaFGFhiqBoDFzn0qMThEuQLgemqzZDkFRxbYKt6PdYO":{"registrationId":984632261,"currentRatchet":{"ephemeralKeyPair":{"pubKey":"BcsKBIaK05Jn/QQlvNWSQt688L8p9piFUw9urF1e8ZN6","privKey":"AEwQE8n1pimOphRuFYQT3ZCHWTfOeGWIpbqYikmU2k8="},"lastRemoteEphemeralKey":"Bav9wNKe14tJpkhsD4wGBNluAbvWCzSLsT0Zmr4UF7Jw","previousCounter":0,"rootKey":"RaGwCxM1HpCD0f+aaruX8j0oLrCj7bhx0+WAv564S6M="},"indexInfo":{"baseKey":"BRaFGFhiqBoDFzn0qMThEuQLgemqzZDkFRxbYKt6PdYO","baseKeyType":1,"closed":1746627382485,"used":1746627362542,"created":1746627362542,"remoteIdentityKey":"BdkCL7rJkjJwKNbBd40tuX0RXt+OXk3Dk2DzFzNXVB9b"},"_chains":{"BcsKBIaK05Jn/QQlvNWSQt688L8p9piFUw9urF1e8ZN6":{"chainKey":{"counter":0,"key":"Cp+fENqQ+1l0UyUJwIr0ANleVfDsOf2vn4E/t08ehZ4="},"chainType":1,"messageKeys":{}}},"pendingPreKey":{"signedKeyId":2,"baseKey":"BRaFGFhiqBoDFzn0qMThEuQLgemqzZDkFRxbYKt6PdYO","preKeyId":4228938}},"BUyydOHhkgRxvEvg/p7x7o9NpTGbh2FaIgTDXeaXZS4Z":{"registrationId":984632261,"currentRatchet":{"ephemeralKeyPair":{"pubKey":"BbFdlTkGOJM2VkPBuSxFNhCgiK+2JmNhMTpYcxfCrNJ3","privKey":"4MygTx9nXT0lAWCOpJg8aciriO/h/6Mp8VOWtPmIwlM="},"lastRemoteEphemeralKey":"Bav9wNKe14tJpkhsD4wGBNluAbvWCzSLsT0Zmr4UF7Jw","previousCounter":0,"rootKey":"TGGn7DFet6+X9kHlEpRhDEvss403sm4hIaPeubfgYIY="},"indexInfo":{"baseKey":"BUyydOHhkgRxvEvg/p7x7o9NpTGbh2FaIgTDXeaXZS4Z","baseKeyType":1,"closed":1746627404910,"used":1746627381942,"created":1746627381942,"remoteIdentityKey":"BdkCL7rJkjJwKNbBd40tuX0RXt+OXk3Dk2DzFzNXVB9b"},"_chains":{"BbFdlTkGOJM2VkPBuSxFNhCgiK+2JmNhMTpYcxfCrNJ3":{"chainKey":{"counter":0,"key":"7mXfp4xxre16tSA7JFWYBSnXv1dtiAA1OWl8GSKNceY="},"chainType":1,"messageKeys":{}}},"pendingPreKey":{"signedKeyId":2,"baseKey":"BUyydOHhkgRxvEvg/p7x7o9NpTGbh2FaIgTDXeaXZS4Z","preKeyId":4229051}},"BbMwSgZj3kcc4JjrXNWM1/oi3J/v+Q8fmkwjcyzvcBQ4":{"registrationId":984632261,"currentRatchet":{"ephemeralKeyPair":{"pubKey":"BY2Gh60ZfqcwsczUutlVtzFqxAjm2ZaAhi2Uc2e8s5Ag","privKey":"UDbkNbmWAqD3DvjOxaKULgteLzbtRrjccxk90tLCfm0="},"lastRemoteEphemeralKey":"Bav9wNKe14tJpkhsD4wGBNluAbvWCzSLsT0Zmr4UF7Jw","previousCounter":0,"rootKey":"1aw2bEownmEekXICkhr93OjZsk9vy93ZtB0q+kLcCQs="},"indexInfo":{"baseKey":"BbMwSgZj3kcc4JjrXNWM1/oi3J/v+Q8fmkwjcyzvcBQ4","baseKeyType":1,"closed":-1,"used":1746627404706,"created":1746627404706,"remoteIdentityKey":"BdkCL7rJkjJwKNbBd40tuX0RXt+OXk3Dk2DzFzNXVB9b"},"_chains":{"BY2Gh60ZfqcwsczUutlVtzFqxAjm2ZaAhi2Uc2e8s5Ag":{"chainKey":{"counter":3,"key":"+kSXXiYDZuumYLMs+wSwBAHBnLbJlxE4X2pDNbAGOm8="},"chainType":1,"messageKeys":{}}},"pendingPreKey":{"signedKeyId":2,"baseKey":"BbMwSgZj3kcc4JjrXNWM1/oi3J/v+Q8fmkwjcyzvcBQ4","preKeyId":4229086}}},"version":"v1"}