{"_sessions":{"BVYQ8lAwRYNeduOK4KUP1XH++m3KL/QDKMe9LegaP1lz":{"registrationId":1248159473,"currentRatchet":{"ephemeralKeyPair":{"pubKey":"BRfOWY4USfwj+kHvAYxTu8KxusTe0inmOgx7mtlQzthD","privKey":"IFlea2LinnQUuNUWjZ5FTj61v3T361JNM6hsm+lqHmY="},"lastRemoteEphemeralKey":"BQ/o/Z8WHMYox3sMr+wFfb0TXG5pMEEnhBdIFPayOQcW","previousCounter":0,"rootKey":"HzTDqsTQUVsCtfccQaiMw2qqALhRRVW8DvnUIz3s0Vg="},"indexInfo":{"baseKey":"BVYQ8lAwRYNeduOK4KUP1XH++m3KL/QDKMe9LegaP1lz","baseKeyType":1,"closed":-1,"used":1746644960119,"created":1746644960119,"remoteIdentityKey":"BWeDEPYVsMVQAQ6dl25A/Yj3xiBRkgzb9asHqPpYfhlA"},"_chains":{"BRfOWY4USfwj+kHvAYxTu8KxusTe0inmOgx7mtlQzthD":{"chainKey":{"counter":1,"key":"2qOKvwFaxsEN66k3kME9d6u6PgX5INK7W2CQBrLXYPg="},"chainType":1,"messageKeys":{}}},"pendingPreKey":{"signedKeyId":2,"baseKey":"BVYQ8lAwRYNeduOK4KUP1XH++m3KL/QDKMe9LegaP1lz","preKeyId":8209986}}},"version":"v1"}