{"_sessions":{"BfJgDIirSgdgKI1KJ6wTzM4U+2nvI+YPVTIhVr7l6FUz":{"registrationId":902182096,"currentRatchet":{"ephemeralKeyPair":{"pubKey":"BflVUF4msSEEt9uH4hMY81oxH6DChai2tw+6b0MHF/IO","privKey":"GOGS5F6lXapMQNvjx685BqcMC2Kt3+qXHEutqEU7L0Y="},"lastRemoteEphemeralKey":"BbhQOlT5GHbUxOSja6yewgmHomQwWyyAOrYrWzmMaMso","previousCounter":0,"rootKey":"xO7dLlUGoMDoOi8vEB2meMmy3DXLoIgFz/BIjraJ/S0="},"indexInfo":{"baseKey":"BfJgDIirSgdgKI1KJ6wTzM4U+2nvI+YPVTIhVr7l6FUz","baseKeyType":1,"closed":-1,"used":1746645158634,"created":1746645158634,"remoteIdentityKey":"BW3eCEV/Kg4LMhFQfHEZOQ4JRZXmfcCnRVn573F/xCQR"},"_chains":{"BflVUF4msSEEt9uH4hMY81oxH6DChai2tw+6b0MHF/IO":{"chainKey":{"counter":0,"key":"JCjZyFJdjf2sYl8gG4AU3Y4GVlyzuEMCpurI7ly5cKo="},"chainType":1,"messageKeys":{}}},"pendingPreKey":{"signedKeyId":21,"baseKey":"BfJgDIirSgdgKI1KJ6wTzM4U+2nvI+YPVTIhVr7l6FUz","preKeyId":1691121}}},"version":"v1"}