{"_sessions":{"BVmxqB2B8CPRtTQyvzbdk2E95SAHGKF9de2kahvihh4v":{"registrationId":117782969,"currentRatchet":{"ephemeralKeyPair":{"pubKey":"BZ6jRund8jnNoROdeOlblkXd3CzVZPzFMoJbvkAz4asa","privKey":"kNd9uDihrqVE6WEUlWtmdwq00BXp62azYvVXyu9/qV4="},"lastRemoteEphemeralKey":"BQWyMi31APqDD90ZInPXors6X6HwMNyaTwRa/AQsDpAx","previousCounter":0,"rootKey":"LaJUgdmiOg9LBMJAqxMQDQVK6cQw1ULwHwv52DRx9/s="},"indexInfo":{"baseKey":"BVmxqB2B8CPRtTQyvzbdk2E95SAHGKF9de2kahvihh4v","baseKeyType":1,"closed":-1,"used":1746627450081,"created":1746627450081,"remoteIdentityKey":"BTi4cU4ZngXr8aOB+BR3vj65pokhrHAw5dp6s2LE9Nxz"},"_chains":{"BZ6jRund8jnNoROdeOlblkXd3CzVZPzFMoJbvkAz4asa":{"chainKey":{"counter":0,"key":"0wMi0oOB1WA/CsytoBiwYYPpigk48fjwAkV+huqpaGQ="},"chainType":1,"messageKeys":{}}},"pendingPreKey":{"signedKeyId":4,"baseKey":"BVmxqB2B8CPRtTQyvzbdk2E95SAHGKF9de2kahvihh4v"}}},"version":"v1"}