{"_sessions":{"BXGFmVZDkFAtCdVVf3rnk5fbCwVrch+RGLWnXEYvIzAR":{"registrationId":1896457287,"currentRatchet":{"ephemeralKeyPair":{"pubKey":"BVCuQXh15fGUnMLNHIkTEUyYRk1MB4k9Q4PXWC3Bvika","privKey":"oAkeRPh388RsarYZC6y4teksnzmZI+9qIRaWKJnlrFU="},"lastRemoteEphemeralKey":"BXJ8U7AM2Ec+PXuVbmatAhZGeqZAYpely3tLV4N9jQh8","previousCounter":0,"rootKey":"fsg4NRo8igRR6N37x1R+IlDljO0bg/B+hQDvw2ZgnDo="},"indexInfo":{"baseKey":"BXGFmVZDkFAtCdVVf3rnk5fbCwVrch+RGLWnXEYvIzAR","baseKeyType":1,"closed":-1,"used":1746645069919,"created":1746645069919,"remoteIdentityKey":"BTIrPTFF4B8ZUS4L3rya1EouqlcwYT5ec5Nhvv4Tn3Jr"},"_chains":{"BVCuQXh15fGUnMLNHIkTEUyYRk1MB4k9Q4PXWC3Bvika":{"chainKey":{"counter":1,"key":"ZXve1safIkJvXTDx2c9Bb8vjq525nU6VipteQvsgaT8="},"chainType":1,"messageKeys":{}}},"pendingPreKey":{"signedKeyId":8936631,"baseKey":"BXGFmVZDkFAtCdVVf3rnk5fbCwVrch+RGLWnXEYvIzAR","preKeyId":21190}}},"version":"v1"}