{"_sessions":{"BbaQEHPtbKpcnnW+gSXocRAa6HlsfaIrAG4/ViYeH/we":{"registrationId":1036325592,"currentRatchet":{"ephemeralKeyPair":{"pubKey":"BaMdsPEbntTgvBFlLhDET2ixkFzozDBL7R6GpQzQXjBS","privKey":"6Evkue37apgouqjjbiCUJ1s/TiBDUWTDnlTd5k3mXFA="},"lastRemoteEphemeralKey":"BXgWq5+OczI/f/oUJX1IynfExC/X9RYkO9P4Qhgx/wZU","previousCounter":0,"rootKey":"PppONjLn79qSSUdPJwSQfRJEWa2WyjTQtjirkEpsCJ0="},"indexInfo":{"baseKey":"BbaQEHPtbKpcnnW+gSXocRAa6HlsfaIrAG4/ViYeH/we","baseKeyType":1,"closed":-1,"used":1746627350749,"created":1746627350749,"remoteIdentityKey":"BZQwy2v83S29ixJ4WIC6VPkUHQ1dvfIo9f+RgffCDnJi"},"_chains":{"BaMdsPEbntTgvBFlLhDET2ixkFzozDBL7R6GpQzQXjBS":{"chainKey":{"counter":0,"key":"dAX1nk3K6852JSIwIYKftgP4CPeKVRI9hCKkv9xgqNs="},"chainType":1,"messageKeys":{}}},"pendingPreKey":{"signedKeyId":2,"baseKey":"BbaQEHPtbKpcnnW+gSXocRAa6HlsfaIrAG4/ViYeH/we"}}},"version":"v1"}