{"_sessions":{"BTIBe4g5dIs5MVGGYnbe93f3Gyp3gTffisjqwoyP+pAK":{"registrationId":1192734257,"currentRatchet":{"ephemeralKeyPair":{"pubKey":"BUUMJAp6o0dKOlRiytiOBB8u4Fft7QkvxEz4JoZnebVd","privKey":"MDS74H/lYKt1V1eCYIZq5sU0vjZL7vw+FDIMWvP8EnQ="},"lastRemoteEphemeralKey":"BSPEfa6ooaODTzb6IO8DymUmb1FyQTsF5+/+H+NHueom","previousCounter":0,"rootKey":"Dcv+wY2Kj0XkNK67cI7KVFB0yoJkn++D04B7xoUHYgU="},"indexInfo":{"baseKey":"BTIBe4g5dIs5MVGGYnbe93f3Gyp3gTffisjqwoyP+pAK","baseKeyType":1,"closed":-1,"used":1746645162513,"created":1746645162513,"remoteIdentityKey":"BY3ahU3PpMFnI0bvHx2rgKNPNZO62fA97hX5mt9ygDgL"},"_chains":{"BUUMJAp6o0dKOlRiytiOBB8u4Fft7QkvxEz4JoZnebVd":{"chainKey":{"counter":0,"key":"UsbQV1gMtygPVObIQCeEx7drDAJt4IZ9Fz3VN1M4sIM="},"chainType":1,"messageKeys":{}}},"pendingPreKey":{"signedKeyId":2418694,"baseKey":"BTIBe4g5dIs5MVGGYnbe93f3Gyp3gTffisjqwoyP+pAK","preKeyId":4588}}},"version":"v1"}