{"_sessions":{"BYCXGqdaINFEOU09wdNq49n7cQBfGGcWJfZtfPQrb7dY":{"registrationId":683212693,"currentRatchet":{"ephemeralKeyPair":{"pubKey":"BR8naiSQ6QNSJ1keCpJWa+by8bUFNcY392SV5nS0NSFB","privKey":"cGCLTHYTA5D7cavAY+LaovE/z/MtM2PQINj7FH6Y3UI="},"lastRemoteEphemeralKey":"BTfYI9Tx2PGrl3RhCeHil2ZFp0AzKPUCimY+3sMtyUYa","previousCounter":0,"rootKey":"ILsjse/YBaf+9OeFRFHLLel0Do9BrO1EHIof4dkfXtU="},"indexInfo":{"baseKey":"BYCXGqdaINFEOU09wdNq49n7cQBfGGcWJfZtfPQrb7dY","baseKeyType":1,"closed":-1,"used":1746645070336,"created":1746645070336,"remoteIdentityKey":"BWw0zEbSchuBZ0QBP+JFa2w7UFNTBm6ikebTTiiJo+Yy"},"_chains":{"BR8naiSQ6QNSJ1keCpJWa+by8bUFNcY392SV5nS0NSFB":{"chainKey":{"counter":0,"key":"Wxl/6Gu9Joexbrd8PP3Uyxpt/LDX33QUbccdtpugSvo="},"chainType":1,"messageKeys":{}}},"pendingPreKey":{"signedKeyId":10,"baseKey":"BYCXGqdaINFEOU09wdNq49n7cQBfGGcWJfZtfPQrb7dY","preKeyId":11151612}}},"version":"v1"}