{"_sessions":{"BQD8Donmn5+tYyf7iRXA39m6Et4yyQTnstdUwEW+RGt1":{"registrationId":384109640,"currentRatchet":{"ephemeralKeyPair":{"pubKey":"Bep+sJ7DXDLyoNz7SvJ9+bavMbK53/Y9V9iel47zA6kI","privKey":"+KjxYXBWPsue2ElSSyZOI+6lWI+dAd3tlQ+/+3IZ6Fo="},"lastRemoteEphemeralKey":"BWlKwoLTEQgZi/kSScI9NHn/Oe4jKdDSz+EjxbULMUVy","previousCounter":0,"rootKey":"6TWFkdEpPZMR6TCroGPC+ssanbZdSNJtjoWJO/Si0A0="},"indexInfo":{"baseKey":"BQD8Donmn5+tYyf7iRXA39m6Et4yyQTnstdUwEW+RGt1","baseKeyType":1,"closed":-1,"used":1746645166205,"created":1746645166205,"remoteIdentityKey":"BWOUPYf5bJACzMcGiQSfog7FKTjt3RPub2ohZfBWly5V"},"_chains":{"Bep+sJ7DXDLyoNz7SvJ9+bavMbK53/Y9V9iel47zA6kI":{"chainKey":{"counter":0,"key":"m+n9DLcJC0U14mlx3LH+gn6h672LOEajdEfqKOgqIt4="},"chainType":1,"messageKeys":{}}},"pendingPreKey":{"signedKeyId":0,"baseKey":"BQD8Donmn5+tYyf7iRXA39m6Et4yyQTnstdUwEW+RGt1","preKeyId":16710717}}},"version":"v1"}