{"_sessions":{"BRaE/IYKP6uv5wOS4nFPNvpTnZ6BbaYW6+fM+PMqrhBq":{"registrationId":638346106,"currentRatchet":{"ephemeralKeyPair":{"pubKey":"BUvnmK6W0JTs4awhdq7sexte14NGoNUYVHq6scwHWM4d","privKey":"ANRMz6vHqKZXjtsgkljC0QVTNKJSSNAvIu9ovRZCsEA="},"lastRemoteEphemeralKey":"BYb61m2/iyQJVofXlNOMXwcGaUSKUeSwV9YOy5pVK81i","previousCounter":0,"rootKey":"BpEJrPM1TfuNZcTbkyFMQu4KHWAzGHHtxVCSaWM1QTE="},"indexInfo":{"baseKey":"BRaE/IYKP6uv5wOS4nFPNvpTnZ6BbaYW6+fM+PMqrhBq","baseKeyType":1,"closed":-1,"used":1746612488879,"created":1746612488879,"remoteIdentityKey":"BXuKrglxQfYQFZaCgirPgZaSDezuNRiewFUA0jiI0RRG"},"_chains":{"BUvnmK6W0JTs4awhdq7sexte14NGoNUYVHq6scwHWM4d":{"chainKey":{"counter":4,"key":"IsnUKCGJFiYfJnlbaBrMds9CQ4HALf85KAs5IPQxpa4="},"chainType":1,"messageKeys":{}}},"pendingPreKey":{"signedKeyId":3,"baseKey":"BRaE/IYKP6uv5wOS4nFPNvpTnZ6BbaYW6+fM+PMqrhBq","preKeyId":7434020}}},"version":"v1"}