{"_sessions":{"BXbZSgNUyAfVfqtrLoKHFknDrVd/sVu9OJw6CqBesLNN":{"registrationId":1311290281,"currentRatchet":{"ephemeralKeyPair":{"pubKey":"BRfJohSbNua/LkP3kihK7QqFrhjgCDJM5NLg9ROoN5A5","privKey":"iEI5oRAMGRdZlpJYGd3EM/yTUkQT2O7CY8QV/kMZzk8="},"lastRemoteEphemeralKey":"BXC0vOdA1BQB18LvpoqD2OsJC+liCr390bpHqswaVVIx","previousCounter":0,"rootKey":"eCMqGCJegGMbx/+oIFT1PecCcJDg8iJjwnCZ2ThP+mI="},"indexInfo":{"baseKey":"BXbZSgNUyAfVfqtrLoKHFknDrVd/sVu9OJw6CqBesLNN","baseKeyType":1,"closed":1746627382321,"used":1746627362412,"created":1746627362412,"remoteIdentityKey":"BbdgVryRufDtG4tBtG9wwn/6WAvwPssImIwmn4pRWMdQ"},"_chains":{"BRfJohSbNua/LkP3kihK7QqFrhjgCDJM5NLg9ROoN5A5":{"chainKey":{"counter":0,"key":"0VuCJiqqFqerY2zhWNMEj/ge1RKonZsQveqTTXrhVaM="},"chainType":1,"messageKeys":{}}},"pendingPreKey":{"signedKeyId":1,"baseKey":"BXbZSgNUyAfVfqtrLoKHFknDrVd/sVu9OJw6CqBesLNN"}},"BbrhT8aX4z3K4+Uv6Q1bXvhxCU/2s8JwjqXcujwbtRFI":{"registrationId":1311290281,"currentRatchet":{"ephemeralKeyPair":{"pubKey":"BbCRRiG4RxRx9dsOYgwh6/fRoWCRkeq7JwKXxwQQenoB","privKey":"0GM0vT4P9kTQFXoEzOdifZadzFy2tXgVxPUdqzfc6mI="},"lastRemoteEphemeralKey":"BXC0vOdA1BQB18LvpoqD2OsJC+liCr390bpHqswaVVIx","previousCounter":0,"rootKey":"ViaHk9vDzIduPFvbO5p/a1a3FqHHG4u7AI6CvuZtG5Q="},"indexInfo":{"baseKey":"BbrhT8aX4z3K4+Uv6Q1bXvhxCU/2s8JwjqXcujwbtRFI","baseKeyType":1,"closed":1746627404894,"used":1746627381836,"created":1746627381836,"remoteIdentityKey":"BbdgVryRufDtG4tBtG9wwn/6WAvwPssImIwmn4pRWMdQ"},"_chains":{"BbCRRiG4RxRx9dsOYgwh6/fRoWCRkeq7JwKXxwQQenoB":{"chainKey":{"counter":0,"key":"Qtw6X88fhBOx10ysDoQIn6PxFTN5xFhsb5ooePJJvOk="},"chainType":1,"messageKeys":{}}},"pendingPreKey":{"signedKeyId":1,"baseKey":"BbrhT8aX4z3K4+Uv6Q1bXvhxCU/2s8JwjqXcujwbtRFI"}},"BcmHhcRBNTyOvM2Wg9T3nb3qUJHcdZsULsXRJ/iQSZhy":{"registrationId":1311290281,"currentRatchet":{"ephemeralKeyPair":{"pubKey":"BZKWGFkYZ3vMNdaYmn1eillRABAH8ieaFFM1IKLsxNlh","privKey":"mGc8+k0ovvSWK05/Vd4yrzSKomqGSYcNhxXpbs6HfmM="},"lastRemoteEphemeralKey":"BXC0vOdA1BQB18LvpoqD2OsJC+liCr390bpHqswaVVIx","previousCounter":0,"rootKey":"q8vqpHeKODeBPpiXr8NrdKMXW3dGBfXc/meS2/IyC8o="},"indexInfo":{"baseKey":"BcmHhcRBNTyOvM2Wg9T3nb3qUJHcdZsULsXRJ/iQSZhy","baseKeyType":1,"closed":-1,"used":1746627404623,"created":1746627404623,"remoteIdentityKey":"BbdgVryRufDtG4tBtG9wwn/6WAvwPssImIwmn4pRWMdQ"},"_chains":{"BZKWGFkYZ3vMNdaYmn1eillRABAH8ieaFFM1IKLsxNlh":{"chainKey":{"counter":3,"key":"1+n0x7x4r45Hvmfnp2H3M+NI3g3AsdeRnZsle8Zr1fU="},"chainType":1,"messageKeys":{}}},"pendingPreKey":{"signedKeyId":1,"baseKey":"BcmHhcRBNTyOvM2Wg9T3nb3qUJHcdZsULsXRJ/iQSZhy"}}},"version":"v1"}