{"_sessions":{"BbhnmcvZ6Ufokd57eKYPrFWlDbm5lXIs6DCX+qkXRfVi":{"registrationId":1726762194,"currentRatchet":{"ephemeralKeyPair":{"pubKey":"BfYXE5Tx3f6NOr8oCjwTr/tWwL3oPwFFV18TG7+pgnM9","privKey":"8Mt2b9RRYg9zskxmt8YZehxgNfWUIcG8i7tCYYBTMVA="},"lastRemoteEphemeralKey":"BTKMIhIWHJ3mlmRt1DM3G6bOwyG5i5YZCpOItNpEK/Nz","previousCounter":0,"rootKey":"VJUrpuhqyxbGxXbneFIVJ7aqn/jwujphdQBLXfRziKg="},"indexInfo":{"baseKey":"BbhnmcvZ6Ufokd57eKYPrFWlDbm5lXIs6DCX+qkXRfVi","baseKeyType":1,"closed":1746627386561,"used":1746627366154,"created":1746627366154,"remoteIdentityKey":"BfD30VUYESdGmgS/qYpsJ5mf3Yy5Ciou/7XHY68z061O"},"_chains":{"BfYXE5Tx3f6NOr8oCjwTr/tWwL3oPwFFV18TG7+pgnM9":{"chainKey":{"counter":0,"key":"EAqyJH0GHczl1t6h+fgYJ/D7LbeNAVzdR0LziYGd6Q0="},"chainType":1,"messageKeys":{}}},"pendingPreKey":{"signedKeyId":45,"baseKey":"BbhnmcvZ6Ufokd57eKYPrFWlDbm5lXIs6DCX+qkXRfVi","preKeyId":6776351}},"BVjjXmt8Il74xZ+w9rmWl0lsi7/DEUTMTagCy53y16VT":{"registrationId":1726762194,"currentRatchet":{"ephemeralKeyPair":{"pubKey":"BUB8535YHZeUaweX85bRrlzp0EBlrXJ8ei+UbjfLCsEv","privKey":"gBWqzAdHZu7usN7uKsXiZuRDhaEqfVg9E60FmQvQPUY="},"lastRemoteEphemeralKey":"BTKMIhIWHJ3mlmRt1DM3G6bOwyG5i5YZCpOItNpEK/Nz","previousCounter":0,"rootKey":"+6QMcPrhwiUNS0P/BWorGXs68Uwtfz+wDfC8qrMM0oE="},"indexInfo":{"baseKey":"BVjjXmt8Il74xZ+w9rmWl0lsi7/DEUTMTagCy53y16VT","baseKeyType":1,"closed":1746627408774,"used":1746627386264,"created":1746627386264,"remoteIdentityKey":"BfD30VUYESdGmgS/qYpsJ5mf3Yy5Ciou/7XHY68z061O"},"_chains":{"BUB8535YHZeUaweX85bRrlzp0EBlrXJ8ei+UbjfLCsEv":{"chainKey":{"counter":0,"key":"OG64Y5RCq372ux7suwvDuJ3Ns3rW0fePtX3RFmP+Wk4="},"chainType":1,"messageKeys":{}}},"pendingPreKey":{"signedKeyId":45,"baseKey":"BVjjXmt8Il74xZ+w9rmWl0lsi7/DEUTMTagCy53y16VT","preKeyId":6777230}},"BfOAQZ25aO2zUKOchwZKfCr4d8XI/C0Iyjk+Xy2OqJ9k":{"registrationId":1726762194,"currentRatchet":{"ephemeralKeyPair":{"pubKey":"BShR86nkAHrpljmiIXKuW0fmiP0y+FX7wycEtWfchmMM","privKey":"IB+PBnpP5oL0hKPSmr0KixavDig6uayMpkFbYj7rEmQ="},"lastRemoteEphemeralKey":"BTKMIhIWHJ3mlmRt1DM3G6bOwyG5i5YZCpOItNpEK/Nz","previousCounter":0,"rootKey":"xwJhFxSKIZEHaWQayiBl80rkCeBfh2QfA1iMdD1cNHs="},"indexInfo":{"baseKey":"BfOAQZ25aO2zUKOchwZKfCr4d8XI/C0Iyjk+Xy2OqJ9k","baseKeyType":1,"closed":-1,"used":1746627408561,"created":1746627408561,"remoteIdentityKey":"BfD30VUYESdGmgS/qYpsJ5mf3Yy5Ciou/7XHY68z061O"},"_chains":{"BShR86nkAHrpljmiIXKuW0fmiP0y+FX7wycEtWfchmMM":{"chainKey":{"counter":3,"key":"keivDjWanmMsTO9fcvmKePQi/KY8Uw9AIw7jr3bn7Bo="},"chainType":1,"messageKeys":{}}},"pendingPreKey":{"signedKeyId":45,"baseKey":"BfOAQZ25aO2zUKOchwZKfCr4d8XI/C0Iyjk+Xy2OqJ9k","preKeyId":6776485}}},"version":"v1"}