{"_sessions":{"BS/9d84oKK/WSV13a6WB56IVOIPAOG5Py4VYSLZb9xYR":{"registrationId":890179143,"currentRatchet":{"ephemeralKeyPair":{"pubKey":"BZf5mo//9LgAyqUN4qZDguG7/YgeYL58EwkRYIaDLo4W","privKey":"yPyDUb5kRYAoZgqiYun0SfyAIn112rRsVpXHi/jvwmY="},"lastRemoteEphemeralKey":"BbBvA3VxMY6w/GDfCjlUy+7w3q3bP/Ng3gvdo+HLmqwh","previousCounter":0,"rootKey":"LzxBL7S+wB2hhMv+Cy1IQiLcgSftu4qTlQD7UDjoluA="},"indexInfo":{"baseKey":"BS/9d84oKK/WSV13a6WB56IVOIPAOG5Py4VYSLZb9xYR","baseKeyType":1,"closed":-1,"used":1746645158815,"created":1746645158815,"remoteIdentityKey":"BUt3TmJz4UBAQLqqh2JemZgyU5YtQbKetilUMqxVjLB0"},"_chains":{"BZf5mo//9LgAyqUN4qZDguG7/YgeYL58EwkRYIaDLo4W":{"chainKey":{"counter":0,"key":"bcj+T8+3eVXJXOVcEiUXRomH2vlOqtepNcE4uwC5mcI="},"chainType":1,"messageKeys":{}}},"pendingPreKey":{"signedKeyId":6,"baseKey":"BS/9d84oKK/WSV13a6WB56IVOIPAOG5Py4VYSLZb9xYR","preKeyId":8774331}}},"version":"v1"}