{"_sessions":{"Ba8JDUNi3Ihrp/muOXiO2xHB7OOSFS3uH4CovdzUAfQs":{"registrationId":1626350928,"currentRatchet":{"ephemeralKeyPair":{"pubKey":"BTwbb7UHwNSYLmT8b0fsChNG4LtjTmyP6y4WWemKf91s","privKey":"ANRqjxYJjJlDABtg5xGjCXEKomeFQP5getFsqWtuDEU="},"lastRemoteEphemeralKey":"BcxlFcW8Bq6pW7U5ahphVj6wyaGKfSyQTpMd5s7/n2oq","previousCounter":0,"rootKey":"IRY3H+bRKVJO0ifmEbe7gqUTyoi7317VBj76Tkjk308="},"indexInfo":{"baseKey":"Ba8JDUNi3Ihrp/muOXiO2xHB7OOSFS3uH4CovdzUAfQs","baseKeyType":1,"closed":-1,"used":1746612492754,"created":1746612492754,"remoteIdentityKey":"BY6Ue19sdeQPan9w3Ik3movNpfr+H5ADkfnauk0kQvl1"},"_chains":{"BTwbb7UHwNSYLmT8b0fsChNG4LtjTmyP6y4WWemKf91s":{"chainKey":{"counter":4,"key":"uYI3cKoa4VseLo3RfQuCaHze47JEv6dVUB9GH8qbFP4="},"chainType":1,"messageKeys":{}}},"pendingPreKey":{"signedKeyId":4,"baseKey":"Ba8JDUNi3Ihrp/muOXiO2xHB7OOSFS3uH4CovdzUAfQs","preKeyId":3111860}}},"version":"v1"}