{"_sessions":{"Beni60cd5CywnV9T+QfhAGsXYUKSCjEb5kxVgNKDc6hA":{"registrationId":438887803,"currentRatchet":{"ephemeralKeyPair":{"pubKey":"BRCsFKo4cQ5asR0BkHlDWwVJBarcmVsTZCB7+veWbmYn","privKey":"UHbIOZI8o3Awnon0st+89to2niAV51y5AaGxlb/aclM="},"lastRemoteEphemeralKey":"BZd9IQXGC+ZYM74duuyHnmiSNKiib1qXTRetBom8m9Mt","previousCounter":0,"rootKey":"on8EpW46tTfywwhyNCr1R6oPcSKFI3pOKDCEhQIoDng="},"indexInfo":{"baseKey":"Beni60cd5CywnV9T+QfhAGsXYUKSCjEb5kxVgNKDc6hA","baseKeyType":1,"closed":-1,"used":1746645158843,"created":1746645158843,"remoteIdentityKey":"Ba+GZ9avkijV+TvW+6bo05srPPypjsvL0UEGKDQZAhUG"},"_chains":{"BRCsFKo4cQ5asR0BkHlDWwVJBarcmVsTZCB7+veWbmYn":{"chainKey":{"counter":0,"key":"f6KFEiSL+9krkc2Xxy0iQR2vpHuw6+G6dbvzh54cYn8="},"chainType":1,"messageKeys":{}}},"pendingPreKey":{"signedKeyId":0,"baseKey":"Beni60cd5CywnV9T+QfhAGsXYUKSCjEb5kxVgNKDc6hA","preKeyId":12523913}}},"version":"v1"}