{"_sessions":{"BbvGdVkV29rxYyKDf8gllMiuSPzu5HuyVJGNSdgwyzda":{"registrationId":2102670644,"currentRatchet":{"ephemeralKeyPair":{"pubKey":"BbT5B7b3WfMxrV/ZGxfOY9ajUvwuPgIHCPNetCKUtmAp","privKey":"qKqSne2O1K2NRCattO4gk26/Agtzr7zdR+GBOehvUn8="},"lastRemoteEphemeralKey":"BdjULB0LrRFrs6xUjnMdtH0HLKbCWD85gLXAhM+KMdU/","previousCounter":0,"rootKey":"UztkDEYjcuZdh3C61Fgxp5tECwUKwuQwRPhj51WXkts="},"indexInfo":{"baseKey":"BbvGdVkV29rxYyKDf8gllMiuSPzu5HuyVJGNSdgwyzda","baseKeyType":2,"closed":-1,"used":1746710817500,"created":1746710817500,"remoteIdentityKey":"BV5PcSAkh08JTbTYS5wbf3RUfGjN6CS8oFXQeiovc6tO"},"_chains":{"BdjULB0LrRFrs6xUjnMdtH0HLKbCWD85gLXAhM+KMdU/":{"chainKey":{"counter":0,"key":"pGIQjihvh1aosq/GgKZf6JmDHAoUgTBJ7vPzbqPw2K0="},"chainType":2,"messageKeys":{}},"BbT5B7b3WfMxrV/ZGxfOY9ajUvwuPgIHCPNetCKUtmAp":{"chainKey":{"counter":-1,"key":"5jx5345B09w4/yUSVQ/pY5U0Lj2dpz1vnEp6ClVKGVw="},"chainType":1,"messageKeys":{}}}}},"version":"v1"}