{"_sessions":{"BcPaFD/EGQjhpjAWwspr9oN9zJCitBJYNyUtYkoejYsy":{"registrationId":443703419,"currentRatchet":{"ephemeralKeyPair":{"pubKey":"BWNd8R+IXlvrSGM+PNAcyWYi+7GxWQ/KPuwSi8M4T4Vk","privKey":"mKM3rKdZDOcRN4ZU5u0B6i7ORJfZvOjWC8yPalZpwEs="},"lastRemoteEphemeralKey":"BUYtbrW+J8IpRzhNS07lIA7w9pbztnmxYB2fqfq1Nrko","previousCounter":0,"rootKey":"1vd/2tjCq/LzBQjylPIA5AJoEpvK7jBat0tm7aQejlI="},"indexInfo":{"baseKey":"BcPaFD/EGQjhpjAWwspr9oN9zJCitBJYNyUtYkoejYsy","baseKeyType":1,"closed":1746627386515,"used":1746627365997,"created":1746627365997,"remoteIdentityKey":"BQUiifzgObsj2XqiBFuAbflO3OsDVmf6sMQWbOhvo/10"},"_chains":{"BWNd8R+IXlvrSGM+PNAcyWYi+7GxWQ/KPuwSi8M4T4Vk":{"chainKey":{"counter":0,"key":"nXnVimEWpirR9u8RRgNDP3laTj0duYLZHSSua1jVmmA="},"chainType":1,"messageKeys":{}}},"pendingPreKey":{"signedKeyId":13,"baseKey":"BcPaFD/EGQjhpjAWwspr9oN9zJCitBJYNyUtYkoejYsy","preKeyId":698191}},"BdY30rK4Uc3F5jJ1ryhLp4pEISgv686xXGASkSJPf9g2":{"registrationId":443703419,"currentRatchet":{"ephemeralKeyPair":{"pubKey":"BW2+Jso+vzG4B4g0jsXuj7feb/qhB4VvxvWGGs6eVK5d","privKey":"GJO2WWE0aohFteHTBpZ8u3cP9bFXEH4PlqstfOqY1HM="},"lastRemoteEphemeralKey":"BUYtbrW+J8IpRzhNS07lIA7w9pbztnmxYB2fqfq1Nrko","previousCounter":0,"rootKey":"eXvEOEnZU4ogarqnxiUQ9CY7qhSvUcGG+Wg4AH5A9Bo="},"indexInfo":{"baseKey":"BdY30rK4Uc3F5jJ1ryhLp4pEISgv686xXGASkSJPf9g2","baseKeyType":1,"closed":1746627408741,"used":1746627386073,"created":1746627386073,"remoteIdentityKey":"BQUiifzgObsj2XqiBFuAbflO3OsDVmf6sMQWbOhvo/10"},"_chains":{"BW2+Jso+vzG4B4g0jsXuj7feb/qhB4VvxvWGGs6eVK5d":{"chainKey":{"counter":0,"key":"DdxbQ8OhILxJ/91aeDDKIezdpBLfRrmfTgCgq6zAuvI="},"chainType":1,"messageKeys":{}}},"pendingPreKey":{"signedKeyId":13,"baseKey":"BdY30rK4Uc3F5jJ1ryhLp4pEISgv686xXGASkSJPf9g2","preKeyId":698916}},"BSnOeuNG4ip6Tk/gWA8/KDzoWefYMyyj27hv0guf2zk/":{"registrationId":443703419,"currentRatchet":{"ephemeralKeyPair":{"pubKey":"Ba74pmWdENukycZ6uW75Y442LKT8xQfSSqcjdgjGAAx/","privKey":"cJoP4BPHB3hWVGGyks/yDIBtwgwuPNxUS32vNdz1dWw="},"lastRemoteEphemeralKey":"BUYtbrW+J8IpRzhNS07lIA7w9pbztnmxYB2fqfq1Nrko","previousCounter":0,"rootKey":"2fUVGimmiFWxYtAxnIo/uBjOj4nrvuPvHfsOhYkkYfM="},"indexInfo":{"baseKey":"BSnOeuNG4ip6Tk/gWA8/KDzoWefYMyyj27hv0guf2zk/","baseKeyType":1,"closed":-1,"used":1746627408399,"created":1746627408399,"remoteIdentityKey":"BQUiifzgObsj2XqiBFuAbflO3OsDVmf6sMQWbOhvo/10"},"_chains":{"Ba74pmWdENukycZ6uW75Y442LKT8xQfSSqcjdgjGAAx/":{"chainKey":{"counter":3,"key":"3ykKPXw/yPfs/JFAcuMXYgZuWKJbWkmdA31nQb59RtE="},"chainType":1,"messageKeys":{}}},"pendingPreKey":{"signedKeyId":13,"baseKey":"BSnOeuNG4ip6Tk/gWA8/KDzoWefYMyyj27hv0guf2zk/","preKeyId":698211}}},"version":"v1"}