{"_sessions":{"BfmRuWbUf8aqVsAN4OMfzxXp+8Cq+Tz7ATaU55sx4LFO":{"registrationId":2006484561,"currentRatchet":{"ephemeralKeyPair":{"pubKey":"BVdshgW6aiJd3yxeJ8lKYknJHJ+q/9o2wQI4YGhMBlkb","privKey":"aNcdxZGHfOAgUUZYw3G9iB849pKUBm2z/7aTQlJeHFg="},"lastRemoteEphemeralKey":"BXAv8vi2fRqZp+CT2gnXwEASPrmqfaS2sSZWeTCeE9k4","previousCounter":0,"rootKey":"WkHv3SJD+P2gBHEeMYvhr4QPJCPGMJ/OwJ3UF577dZs="},"indexInfo":{"baseKey":"BfmRuWbUf8aqVsAN4OMfzxXp+8Cq+Tz7ATaU55sx4LFO","baseKeyType":1,"closed":-1,"used":1746627350737,"created":1746627350737,"remoteIdentityKey":"BVHkRG/Kq1Cwfd/u2yuI9d0tafE0hBzfc0z2fs2YPeMM"},"_chains":{"BVdshgW6aiJd3yxeJ8lKYknJHJ+q/9o2wQI4YGhMBlkb":{"chainKey":{"counter":0,"key":"XwCP6D0u2FmpXMwuxy4OzRoy6WEC6X8QxiJSoNLBouY="},"chainType":1,"messageKeys":{}}},"pendingPreKey":{"signedKeyId":13,"baseKey":"BfmRuWbUf8aqVsAN4OMfzxXp+8Cq+Tz7ATaU55sx4LFO","preKeyId":4159262}}},"version":"v1"}