{"_sessions":{"BYK/t8Stz9qxWHy3LFS5lePztW8pmf/6eHm6DHE2Xah2":{"registrationId":797400504,"currentRatchet":{"ephemeralKeyPair":{"pubKey":"BYTiBZ9lk8h0R8BZTjKX5eEHJ1K8XPEVvHJDNi9KO0lv","privKey":"MKtI0LOnm37qCAik/Wg0qj0IhCmAZxS00XrGbmtWkkk="},"lastRemoteEphemeralKey":"BR5v/yBCpKMSfZY2dwzXs/aA4Dqiv6VTeht1sz1+DNIl","previousCounter":0,"rootKey":"xb+qfMrCufrj/buDyOD7H8onIrWxBAaUBKomp5FwxSs="},"indexInfo":{"baseKey":"BYK/t8Stz9qxWHy3LFS5lePztW8pmf/6eHm6DHE2Xah2","baseKeyType":1,"closed":-1,"used":1746627450168,"created":1746627450168,"remoteIdentityKey":"BR30ylPjQ65CqqMARTKgCkwQJ1YFf43EfFbPsLN2tMRE"},"_chains":{"BYTiBZ9lk8h0R8BZTjKX5eEHJ1K8XPEVvHJDNi9KO0lv":{"chainKey":{"counter":0,"key":"vswfDpo4gANfo5gTlgeGIlN2fg3TDrDHpFioRHxfVbQ="},"chainType":1,"messageKeys":{}}},"pendingPreKey":{"signedKeyId":5,"baseKey":"BYK/t8Stz9qxWHy3LFS5lePztW8pmf/6eHm6DHE2Xah2","preKeyId":1822661}}},"version":"v1"}