{"_sessions":{"BVN1kDP4AVBMRZlFtoYUAUj25gjsYEj014Kxe9PLuUFd":{"registrationId":600132042,"currentRatchet":{"ephemeralKeyPair":{"pubKey":"BTDlw516I2DXJy6MTyp++wQi/ZupQ9sOVaxWH6G2Kq4Q","privKey":"AJ7WUo+IrnObAZfvVUSTFe6V+DAo2c9rTbtbPJuiPV0="},"lastRemoteEphemeralKey":"BTJ5B8ucqixvPk4GhnRWiPfcIwjYp9UUKNSatB9LyLNx","previousCounter":0,"rootKey":"WbuW6inC5uoItJugRMNcHJ72jricS4k8HPnUfOuDMAg="},"indexInfo":{"baseKey":"BVN1kDP4AVBMRZlFtoYUAUj25gjsYEj014Kxe9PLuUFd","baseKeyType":1,"closed":-1,"used":1746645162373,"created":1746645162373,"remoteIdentityKey":"BZYVn0zuxXpM6zhDGTItwC1hHzs/6Mip4LtHYC7Vn40N"},"_chains":{"BTDlw516I2DXJy6MTyp++wQi/ZupQ9sOVaxWH6G2Kq4Q":{"chainKey":{"counter":0,"key":"7GJcehSatVze1CDVsEUurQzjgdLwUXImPQz89MP0OMI="},"chainType":1,"messageKeys":{}}},"pendingPreKey":{"signedKeyId":15,"baseKey":"BVN1kDP4AVBMRZlFtoYUAUj25gjsYEj014Kxe9PLuUFd","preKeyId":11923594}}},"version":"v1"}