{"_sessions":{"Bczq0QSvCqjNYRJUHM0ri27zuBdQEBgmqafqwmGmCjlV":{"registrationId":1569949802,"currentRatchet":{"ephemeralKeyPair":{"pubKey":"BV92i3+v8cjTCBmQoy9YcI9yzB3WIZN2U3YgZnpsaLoG","privKey":"oDg9Lu4BvMP/Z6eCzADqW/T5IujvfvXpOa1o9fERLG4="},"lastRemoteEphemeralKey":"BWRx+2nAUx6aLKMdXY92bsHlJNq8b19NntYCO1hLGToZ","previousCounter":0,"rootKey":"ef76No5TxMc8iw9e/yxBIsdhmkWIxi9xnyef7Sj88Dc="},"indexInfo":{"baseKey":"Bczq0QSvCqjNYRJUHM0ri27zuBdQEBgmqafqwmGmCjlV","baseKeyType":1,"closed":-1,"used":1746645162434,"created":1746645162434,"remoteIdentityKey":"BUwltGma+mTUSKrmbXotvGJ4DWx+FNHpZdEhKYMuJEc4"},"_chains":{"BV92i3+v8cjTCBmQoy9YcI9yzB3WIZN2U3YgZnpsaLoG":{"chainKey":{"counter":0,"key":"0OzMv+6AhUUYl78XyGiHSzKCepP1sDerkluVJ7CtFBU="},"chainType":1,"messageKeys":{}}},"pendingPreKey":{"signedKeyId":6,"baseKey":"Bczq0QSvCqjNYRJUHM0ri27zuBdQEBgmqafqwmGmCjlV","preKeyId":15834633}}},"version":"v1"}