{"_sessions":{"BQ6+k9ZMHnIXVqI9KURKX1uiFQFgUu62k8S1GP+KMIx0":{"registrationId":1945210856,"currentRatchet":{"ephemeralKeyPair":{"pubKey":"BVFxZCyyGAd9FeubLSYTmbwrcQP3lHUKdcHBRu0U/FIh","privKey":"WGQvmg49l5bEqeb8ouS5nKXAnyA8lYEuyYIdZlo2EGs="},"lastRemoteEphemeralKey":"BcWIcG7+ehiJw+23JcglycwIbIjtkbF4xNNawN0eYq9M","previousCounter":0,"rootKey":"ghokA3UyItxzbExZ/B1eaAv86CYZLXC6Rk1cJMqtESg="},"indexInfo":{"baseKey":"BQ6+k9ZMHnIXVqI9KURKX1uiFQFgUu62k8S1GP+KMIx0","baseKeyType":1,"closed":-1,"used":1746644960029,"created":1746644960029,"remoteIdentityKey":"Bcrl8f94lLF7F0vAhbCNdQUvP7yL+/GKw5r+FzUDq9tk"},"_chains":{"BVFxZCyyGAd9FeubLSYTmbwrcQP3lHUKdcHBRu0U/FIh":{"chainKey":{"counter":1,"key":"vT1nUEcl+pDg1s13W5CYI1varoKn1EYBc7ZHSH0jjKY="},"chainType":1,"messageKeys":{}}},"pendingPreKey":{"signedKeyId":14994222,"baseKey":"BQ6+k9ZMHnIXVqI9KURKX1uiFQFgUu62k8S1GP+KMIx0","preKeyId":2283}}},"version":"v1"}