{"_sessions":{"BdedkIup46gCPzeU3ohbHDKpBtW0xsc0jNn7DooX4TEe":{"registrationId":618934666,"currentRatchet":{"ephemeralKeyPair":{"pubKey":"Bb5r86FhPWmubMUjDzuHVtgm7Zm9jCdH+ll1i1GzDucB","privKey":"cE5tNlhb3QGPoRVOL5PooRrtcCfj33Gbg/2+WV0uVnk="},"lastRemoteEphemeralKey":"Bf6ngP9kf6TQHeDG/U2RXD5ncb6/Xyg3LhvXR+yxQnYt","previousCounter":0,"rootKey":"3zTTquBogfMl1HSkP6UIuFEijOJ+daLUP8OMjWSjS74="},"indexInfo":{"baseKey":"BdedkIup46gCPzeU3ohbHDKpBtW0xsc0jNn7DooX4TEe","baseKeyType":1,"closed":1746627382453,"used":1746627362535,"created":1746627362535,"remoteIdentityKey":"BVLXxW5BR0dVJaqRu8Ysfc1ZXVaXtgG0JmORwxfcNdx0"},"_chains":{"Bb5r86FhPWmubMUjDzuHVtgm7Zm9jCdH+ll1i1GzDucB":{"chainKey":{"counter":0,"key":"4YAeYxkjBjMR2JXvjPpEORmf2Y1Yg2GdUNlt1OBclZ8="},"chainType":1,"messageKeys":{}}},"pendingPreKey":{"signedKeyId":5,"baseKey":"BdedkIup46gCPzeU3ohbHDKpBtW0xsc0jNn7DooX4TEe","preKeyId":9659735}},"BcZ9N9GBvbmtcSgzztVMJ2Na3msP9A+Lb7tMAToAh+on":{"registrationId":618934666,"currentRatchet":{"ephemeralKeyPair":{"pubKey":"BQDaFsmNGO3N4wFXDtR8pkKL6rIk1cHf2kdwIUqBFxV/","privKey":"cOyNTXqPAzv3d1wlkR/VZh/uVkdBK0AEtcIRLKYi2EA="},"lastRemoteEphemeralKey":"Bf6ngP9kf6TQHeDG/U2RXD5ncb6/Xyg3LhvXR+yxQnYt","previousCounter":0,"rootKey":"H/B35OvFryPdWJn+AihJG3ZbMUuFMeqJIHY1tJ7bfWo="},"indexInfo":{"baseKey":"BcZ9N9GBvbmtcSgzztVMJ2Na3msP9A+Lb7tMAToAh+on","baseKeyType":1,"closed":1746627404909,"used":1746627381936,"created":1746627381936,"remoteIdentityKey":"BVLXxW5BR0dVJaqRu8Ysfc1ZXVaXtgG0JmORwxfcNdx0"},"_chains":{"BQDaFsmNGO3N4wFXDtR8pkKL6rIk1cHf2kdwIUqBFxV/":{"chainKey":{"counter":0,"key":"l6OmGh7Uw7b1JNqLtT61rnCx3W34MCNt+aVN+RHgYwI="},"chainType":1,"messageKeys":{}}},"pendingPreKey":{"signedKeyId":5,"baseKey":"BcZ9N9GBvbmtcSgzztVMJ2Na3msP9A+Lb7tMAToAh+on","preKeyId":9659729}},"BfA5pwqeDO7J6XjfiwfNY/xGZdxjxSJiS5DaBX/Hia1K":{"registrationId":618934666,"currentRatchet":{"ephemeralKeyPair":{"pubKey":"BXMr70c0H50ss2k/UHixRQit6aNQ9WlYgjfym1UQU1kw","privKey":"+JgVMuzPApfXN/aixSJl2Y1WW3XvuGqz4GTz6q7nDWI="},"lastRemoteEphemeralKey":"Bf6ngP9kf6TQHeDG/U2RXD5ncb6/Xyg3LhvXR+yxQnYt","previousCounter":0,"rootKey":"xFSc3zUPzQpId6RUumUAxG+8Bxs7nYDEzdBFbtHTwho="},"indexInfo":{"baseKey":"BfA5pwqeDO7J6XjfiwfNY/xGZdxjxSJiS5DaBX/Hia1K","baseKeyType":1,"closed":-1,"used":1746627404702,"created":1746627404702,"remoteIdentityKey":"BVLXxW5BR0dVJaqRu8Ysfc1ZXVaXtgG0JmORwxfcNdx0"},"_chains":{"BXMr70c0H50ss2k/UHixRQit6aNQ9WlYgjfym1UQU1kw":{"chainKey":{"counter":3,"key":"8eBBkHZN/GwXu8I2ww1yLK2eDwjT6Jrl4PrvN/MkUy0="},"chainType":1,"messageKeys":{}}},"pendingPreKey":{"signedKeyId":5,"baseKey":"BfA5pwqeDO7J6XjfiwfNY/xGZdxjxSJiS5DaBX/Hia1K","preKeyId":9660391}}},"version":"v1"}