{"_sessions":{"BZTDowvdIN8oQIHnEgizbyv7IuRYhXGLd9Hi0WNBguhl":{"registrationId":1136889020,"currentRatchet":{"ephemeralKeyPair":{"pubKey":"BUjyo+x2InAXI7kQjz1FoeC7dM70L8LjfdxZoVqEAPI0","privKey":"SFZjynKwlJn/muiTOVznZlM7PXBue7QPUpr0wPoL2EE="},"lastRemoteEphemeralKey":"BfdcXl//w91hMP+GNYbXFWcvbdoVSgeHBhleDQYmJKoy","previousCounter":0,"rootKey":"NrPXOXRw+Qwug+rz+OzTfertcHXXRA+61YysMSQKUdQ="},"indexInfo":{"baseKey":"BZTDowvdIN8oQIHnEgizbyv7IuRYhXGLd9Hi0WNBguhl","baseKeyType":1,"closed":-1,"used":1746627350678,"created":1746627350678,"remoteIdentityKey":"BUQDkjXuBMNlkk5OqZKbE658mCdq22tEFGUzTiNU3DcU"},"_chains":{"BUjyo+x2InAXI7kQjz1FoeC7dM70L8LjfdxZoVqEAPI0":{"chainKey":{"counter":0,"key":"SreU/P/YVbAHJ5wI0LhHD3XKmxecNXKiuFuj+u8mGRQ="},"chainType":1,"messageKeys":{}}},"pendingPreKey":{"signedKeyId":3,"baseKey":"BZTDowvdIN8oQIHnEgizbyv7IuRYhXGLd9Hi0WNBguhl","preKeyId":1558387}}},"version":"v1"}