{"_sessions":{"BQZx3iiQYq2nqPMl8TbgCRyZIjZbku6CtqyM8SnA3XIo":{"registrationId":1562998126,"currentRatchet":{"ephemeralKeyPair":{"pubKey":"BYLQJ1LkYX+0/wV6Pv0tGgEv8UYIwRWf3sy2zWCkeipm","privKey":"yPuf5pj8bt2r3ewycWMkEPbYhSsmSk7Mw68LnaZIQ2g="},"lastRemoteEphemeralKey":"BQGuZiRh56rnrF/d78oIRW7BWaSLCrJ564Sz2LQVTvUZ","previousCounter":0,"rootKey":"EI7KQL5wdB8K9SOy6oMnYmDvBu8ZewfU6oGr4Xn5mG4="},"indexInfo":{"baseKey":"BQZx3iiQYq2nqPMl8TbgCRyZIjZbku6CtqyM8SnA3XIo","baseKeyType":1,"closed":-1,"used":1746612695052,"created":1746612695052,"remoteIdentityKey":"BXxbXcUzQIR3HgWayIJK0SwbgEhbAlpO6M6IIH1uirth"},"_chains":{"BYLQJ1LkYX+0/wV6Pv0tGgEv8UYIwRWf3sy2zWCkeipm":{"chainKey":{"counter":0,"key":"X4ta/D9ADh9XGgFWwANr0fhcuyfiZ8Okb4S27Yc/pqE="},"chainType":1,"messageKeys":{}}},"pendingPreKey":{"signedKeyId":5,"baseKey":"BQZx3iiQYq2nqPMl8TbgCRyZIjZbku6CtqyM8SnA3XIo","preKeyId":14278051}}},"version":"v1"}