{"_sessions":{"BQh7mEmsFz/+yoSPWwi2c+Hz7CmJL+kjafNL59Bvz+5a":{"registrationId":844504444,"currentRatchet":{"ephemeralKeyPair":{"pubKey":"BW0eEmCh6tEWuvrEmiFVCy7ugGRj8DSXY39aCRWYlNEN","privKey":"WNsXQQxEExXQHAAQehaO081l9y7Q0twsWRFjvtVGuGY="},"lastRemoteEphemeralKey":"BcAldbdEv+Ix0V0B/cUpGzQgqn80DtI+89dH/4RHnaMH","previousCounter":0,"rootKey":"OhpVH6sj5kcaI/hjWk6jc7CzRS4l35fLTfpz5JgeuSA="},"indexInfo":{"baseKey":"BQh7mEmsFz/+yoSPWwi2c+Hz7CmJL+kjafNL59Bvz+5a","baseKeyType":1,"closed":-1,"used":1746645162148,"created":1746645162148,"remoteIdentityKey":"BTPSZSRz6YLDvcS1MmX0snCqiDaDvrPEjBGk+fAAUVpi"},"_chains":{"BW0eEmCh6tEWuvrEmiFVCy7ugGRj8DSXY39aCRWYlNEN":{"chainKey":{"counter":0,"key":"eX3wEYa5akE5TLU4JgoCOf+1gt2BSmuOGd0FEVlss6Y="},"chainType":1,"messageKeys":{}}},"pendingPreKey":{"signedKeyId":8,"baseKey":"BQh7mEmsFz/+yoSPWwi2c+Hz7CmJL+kjafNL59Bvz+5a"}}},"version":"v1"}