{"_sessions":{"Ba3ACvX5zBdECqw7htJcOmANNf6uZt6XfKEtxruzSkMt":{"registrationId":414535358,"currentRatchet":{"ephemeralKeyPair":{"pubKey":"BZxLDvTd7pVzI/d8VNImykXjlYCNP9MyMGeYeslk9hMg","privKey":"wA834awJgTNPswIOhcJuSqTzVMOooI7LFzBLDTGACVA="},"lastRemoteEphemeralKey":"BXvoNNzA79aQKo2dThQN38xMQEDtrUul87ILH6eL8e9I","previousCounter":0,"rootKey":"AHhK9L/QZiojY5ebLXC2c/msYJWyCtarnjnWFaVPMDk="},"indexInfo":{"baseKey":"Ba3ACvX5zBdECqw7htJcOmANNf6uZt6XfKEtxruzSkMt","baseKeyType":1,"closed":-1,"used":1746645166258,"created":1746645166258,"remoteIdentityKey":"BQyxGk/A9L6U6inQottrfpPMzTwDX+XDnU35MpoTOa98"},"_chains":{"BZxLDvTd7pVzI/d8VNImykXjlYCNP9MyMGeYeslk9hMg":{"chainKey":{"counter":0,"key":"t9uDa4Q4cFCJhGDsKvk8RH9CU1B6xWsuvtoNLGkwkfQ="},"chainType":1,"messageKeys":{}}},"pendingPreKey":{"signedKeyId":5979140,"baseKey":"Ba3ACvX5zBdECqw7htJcOmANNf6uZt6XfKEtxruzSkMt","preKeyId":1627}}},"version":"v1"}