{"_sessions":{"BZay0NX1l2qKdwzUYYgRWDHgpXm/2EcgPKNH498kgqMh":{"registrationId":239187675,"currentRatchet":{"ephemeralKeyPair":{"pubKey":"BSLy23UfereYbjhdvy+Hupodi3zxXCWsi25iNGEY2GQN","privKey":"iJFZ4rr6vS46XW1CPzR3mKpR5KufNCGcydAArqg/tXs="},"lastRemoteEphemeralKey":"BYxgxwB1mSdM1nVZofwX80mTbkCavv+vRPiZuRlCXgIZ","previousCounter":0,"rootKey":"/5Aye9x7Cn8Jf65TliT3pmeJZ5TIY+hVcK+uj02vuKY="},"indexInfo":{"baseKey":"BZay0NX1l2qKdwzUYYgRWDHgpXm/2EcgPKNH498kgqMh","baseKeyType":2,"closed":1746706227211,"used":1746706104150,"created":1746706104150,"remoteIdentityKey":"BWVy02ES3ZaPjtO/eG6lME/HGflXVcgbpdw1lpD8wT03"},"_chains":{"BYxgxwB1mSdM1nVZofwX80mTbkCavv+vRPiZuRlCXgIZ":{"chainKey":{"counter":0,"key":"m+VwldRj7ANPUVoeXPhBOhG66dgoUBgM/8ucOn1UtbQ="},"chainType":2,"messageKeys":{}},"BSLy23UfereYbjhdvy+Hupodi3zxXCWsi25iNGEY2GQN":{"chainKey":{"counter":-1,"key":"Vsh9q1IZ5rcEAiHcDUsDuuisYfYY3hXKaTBCAo0V7pk="},"chainType":1,"messageKeys":{}}}},"BbnmpzFVYZpYpQOd44Z6Vx2JW5W3BRYBc/CXOqc/6XYF":{"registrationId":239187675,"currentRatchet":{"ephemeralKeyPair":{"pubKey":"BXv2lRj1SNBpUswaCMlP27r2uCkj+hdNHRJDZYBbOSVR","privKey":"0E2IbaH+wU+9IYGe+/y3ElC8+1rC80tjzH4Nbraby3g="},"lastRemoteEphemeralKey":"BR7gfRDyOneqNxRteuFODAl5R8jVDuL9LFzMmnz209N6","previousCounter":0,"rootKey":"nKCJvZTNdR6LPyUCVk0ra03xjqChsz83qXRwI2LcMW8="},"indexInfo":{"baseKey":"BbnmpzFVYZpYpQOd44Z6Vx2JW5W3BRYBc/CXOqc/6XYF","baseKeyType":2,"closed":-1,"used":1746706227218,"created":1746706227218,"remoteIdentityKey":"BWVy02ES3ZaPjtO/eG6lME/HGflXVcgbpdw1lpD8wT03"},"_chains":{"BR7gfRDyOneqNxRteuFODAl5R8jVDuL9LFzMmnz209N6":{"chainKey":{"counter":0,"key":"RwC/5meDBkNUZTWzsBPJT5ar+27RoGLmr31RwxPhRbg="},"chainType":2,"messageKeys":{}},"BXv2lRj1SNBpUswaCMlP27r2uCkj+hdNHRJDZYBbOSVR":{"chainKey":{"counter":-1,"key":"onfvEljhi3tASj/tMLXsUXNtf/wB7DLH20x6p8+ZQpg="},"chainType":1,"messageKeys":{}}}}},"version":"v1"}