{"_sessions":{"BYkNdcb9eq48dfcF8vm+fX8v7EBOlBbC+ZGj3kIRtjwG":{"registrationId":1520772616,"currentRatchet":{"ephemeralKeyPair":{"pubKey":"Ba1C8b2XCToec+7Aunu39O1+bGMfrZsG/I0z8trnzXMY","privKey":"8I3wU5sXs7YEohSQnxaee1YA17dJDlMXfOrXuWf1IXs="},"lastRemoteEphemeralKey":"BWMgFNAqcZdxGc66UAoTmEFkKyloyxOUQoFugTcOtCAi","previousCounter":0,"rootKey":"k1gLCDxYzLipGNodiD/Rlrm1EcB/CesLT0XrqgrxjfA="},"indexInfo":{"baseKey":"BYkNdcb9eq48dfcF8vm+fX8v7EBOlBbC+ZGj3kIRtjwG","baseKeyType":1,"closed":-1,"used":1746612488847,"created":1746612488847,"remoteIdentityKey":"Bdo+0Ow9ThgsCJl9eDfVa/JL0zEm+N4CMwbGbqOa0MQA"},"_chains":{"Ba1C8b2XCToec+7Aunu39O1+bGMfrZsG/I0z8trnzXMY":{"chainKey":{"counter":4,"key":"e9lNntU/mEV963vkCVE0oPg64DvXt6j0xMbsdmnE+6c="},"chainType":1,"messageKeys":{}}},"pendingPreKey":{"signedKeyId":0,"baseKey":"BYkNdcb9eq48dfcF8vm+fX8v7EBOlBbC+ZGj3kIRtjwG","preKeyId":10248319}}},"version":"v1"}