{"_sessions":{"BQMn3p5TpP/6YTUF8lSGH/65E/95OmPdhTC/oPo8Z1Qv":{"registrationId":135,"currentRatchet":{"ephemeralKeyPair":{"pubKey":"BUA5PqqOhIudCxTE7lXvVDeABt5px9Jf4WQ+WvcW/2kT","privKey":"0IPwl0vJ8dKvOsHdj9XEEctqWosSO3grociAHedoYGI="},"lastRemoteEphemeralKey":"BT4o6S/80JSnYIbKSJH7qeufmEcQd6PLWUKAZyAAKapU","previousCounter":0,"rootKey":"9Q5zSSJB5eleVxnAUYXrZKO6mzgBzVZTVwtDZxzXo6w="},"indexInfo":{"baseKey":"BQMn3p5TpP/6YTUF8lSGH/65E/95OmPdhTC/oPo8Z1Qv","baseKeyType":1,"closed":-1,"used":1746644956412,"created":1746644956412,"remoteIdentityKey":"BSrkaVjV1FdcsQk6jirhnapHrbwPokEdDF+dOwANUTJO"},"_chains":{"BUA5PqqOhIudCxTE7lXvVDeABt5px9Jf4WQ+WvcW/2kT":{"chainKey":{"counter":1,"key":"SxMdpeJt2EvvHZxF5mgsiCQAV81LeCexxs+DA+waAgs="},"chainType":1,"messageKeys":{}}},"pendingPreKey":{"signedKeyId":1,"baseKey":"BQMn3p5TpP/6YTUF8lSGH/65E/95OmPdhTC/oPo8Z1Qv","preKeyId":54}}},"version":"v1"}