{"_sessions":{"BYsnycwYA/njRkScMElVfKwBFTC9WehRYJeHuHZp5CE+":{"registrationId":1785357393,"currentRatchet":{"ephemeralKeyPair":{"pubKey":"BfCUZLM7wEzQ0ZAG+jLJbN8QoWhNz/Z3UjWkqTIJWC8a","privKey":"+OkS815xRf5fKCu6n1kH/xMBzVE56P5+tvQI9kdS004="},"lastRemoteEphemeralKey":"BZT0C3qXhIc25rx865PDRtMrOKxiWJyCv+ezHgBLLDkw","previousCounter":0,"rootKey":"k776bU8sHY015CBcwgHyU1dCznGypSCYk1srluYs6Ms="},"indexInfo":{"baseKey":"BYsnycwYA/njRkScMElVfKwBFTC9WehRYJeHuHZp5CE+","baseKeyType":1,"closed":-1,"used":1746644956499,"created":1746644956499,"remoteIdentityKey":"BcOolim/eb/l5SJBNpwZpWZ9AlmcDv2Gj+NymDMxvkJV"},"_chains":{"BfCUZLM7wEzQ0ZAG+jLJbN8QoWhNz/Z3UjWkqTIJWC8a":{"chainKey":{"counter":1,"key":"cti4h3Dd2Aqlo8sNiYG/dAYPL5dlQdLv05ancWQi8vQ="},"chainType":1,"messageKeys":{}}},"pendingPreKey":{"signedKeyId":1,"baseKey":"BYsnycwYA/njRkScMElVfKwBFTC9WehRYJeHuHZp5CE+"}}},"version":"v1"}