{"_sessions":{"BTnUxfBdg+CP2Y6vgsig4CQCc5UIkGHgtbkxwzF4id5I":{"registrationId":1916480649,"currentRatchet":{"ephemeralKeyPair":{"pubKey":"BQ8hw50aAemTJ0lJmYXxepksI6WuWa8pMPmBtpPnb4FD","privKey":"4A1IycqOZZk9cJWMc7fKbJom47vdu1ASWDq/cK6SLnM="},"lastRemoteEphemeralKey":"Bd8dScmLfb9yaF5osKOLYsSreHN1U5JWNYA3Wrcim39l","previousCounter":0,"rootKey":"PeOnqNCFL8juOsGCW8ZH+4ef7Xs5YEplxg7ZO6SbElc="},"indexInfo":{"baseKey":"BTnUxfBdg+CP2Y6vgsig4CQCc5UIkGHgtbkxwzF4id5I","baseKeyType":1,"closed":-1,"used":1746644956830,"created":1746644956830,"remoteIdentityKey":"BbxYUvn7qF75RmuNH/8dFtKoPuv9S0NgSD9uKHTT1W0r"},"_chains":{"BQ8hw50aAemTJ0lJmYXxepksI6WuWa8pMPmBtpPnb4FD":{"chainKey":{"counter":1,"key":"5rT9xXO4+7+omNMLauDOGf090G9C1nEOy1muzM0oFPA="},"chainType":1,"messageKeys":{}}},"pendingPreKey":{"signedKeyId":1,"baseKey":"BTnUxfBdg+CP2Y6vgsig4CQCc5UIkGHgtbkxwzF4id5I","preKeyId":3740367}}},"version":"v1"}