{"_sessions":{"BW2Wxj/LUeHX4EJS09D9tVV3LI33rco7Bd5uuXmqlZ1P":{"registrationId":2074385500,"currentRatchet":{"ephemeralKeyPair":{"pubKey":"BVLI5wZp+BTqcHRQZwXXlMKkBeSQaaNDsnHkPZD5+gMw","privKey":"gKL35dvxjvgMqm4iTyhOclCrvHkdIVIszlE2BFG+fls="},"lastRemoteEphemeralKey":"BYl3dFRX5i+iXiP6GZFQWFXcc3fAZfAQLY2mWqZDJq4c","previousCounter":0,"rootKey":"qKO4xaIKjDQWTzprw3EJalGX0lGEgZ2VqG6eE6d5TfU="},"indexInfo":{"baseKey":"BW2Wxj/LUeHX4EJS09D9tVV3LI33rco7Bd5uuXmqlZ1P","baseKeyType":1,"closed":-1,"used":1746645158890,"created":1746645158890,"remoteIdentityKey":"BQqD1BwJ0Nj++xLe08LDT6PCg1TXpF5qfW1FHSJdpy1Z"},"_chains":{"BVLI5wZp+BTqcHRQZwXXlMKkBeSQaaNDsnHkPZD5+gMw":{"chainKey":{"counter":0,"key":"gDNtb+ZyyfquBWY3fEWhVN8TPqiU0g5WgNs6RE4PUcE="},"chainType":1,"messageKeys":{}}},"pendingPreKey":{"signedKeyId":1,"baseKey":"BW2Wxj/LUeHX4EJS09D9tVV3LI33rco7Bd5uuXmqlZ1P","preKeyId":2181549}}},"version":"v1"}