{"_sessions":{"BfkUDX6R7YlUlzAG3156qC80Klnk9VlBn2eAL4pyrbFo":{"registrationId":1902886792,"currentRatchet":{"ephemeralKeyPair":{"pubKey":"BZiI9YxIrSdYNecI+NHQdy74YjhNYe4/YAboJSfQkhde","privKey":"UNToGK/PIDRJfSUB4m2Z9p5vHj2y0BcDLFWA0x37n34="},"lastRemoteEphemeralKey":"BaO+SQnfNQEd7o74vK/yXXpJEI278O0sotC6AJCDQBxJ","previousCounter":0,"rootKey":"tcRu91PVvSd4z/VqzqAIz8Y+KBvcqorvU7LsdNfJ/N4="},"indexInfo":{"baseKey":"BfkUDX6R7YlUlzAG3156qC80Klnk9VlBn2eAL4pyrbFo","baseKeyType":1,"closed":1746627382612,"used":1746627362639,"created":1746627362639,"remoteIdentityKey":"BTzfJ0ejxSFdPo1ARwXpdIS7xAP8HtGzknQGKop//7VQ"},"_chains":{"BZiI9YxIrSdYNecI+NHQdy74YjhNYe4/YAboJSfQkhde":{"chainKey":{"counter":0,"key":"YXQg/HEdQP5U7NjKnYTCYgJ+jgmmAw/8DickzuY8irM="},"chainType":1,"messageKeys":{}}},"pendingPreKey":{"signedKeyId":4,"baseKey":"BfkUDX6R7YlUlzAG3156qC80Klnk9VlBn2eAL4pyrbFo","preKeyId":7550661}},"BbAUWnm9nTVKeLpS7ViahbvimchKXgbkDnTKV+ZluZVG":{"registrationId":1902886792,"currentRatchet":{"ephemeralKeyPair":{"pubKey":"Bd4O9/wXzibw7eju6wtIndhI5v6+uevbCDp7hZtUObhX","privKey":"iG/X/nbaBDFQ6L3Y9cAAmB/AtT/xSYoCC5hCBKfthHU="},"lastRemoteEphemeralKey":"BaO+SQnfNQEd7o74vK/yXXpJEI278O0sotC6AJCDQBxJ","previousCounter":0,"rootKey":"7zMcyXTh3uB5SXg7ZVj2DKW7bPPnfbzNcd98ZUxfUFw="},"indexInfo":{"baseKey":"BbAUWnm9nTVKeLpS7ViahbvimchKXgbkDnTKV+ZluZVG","baseKeyType":1,"closed":1746627404931,"used":1746627382026,"created":1746627382026,"remoteIdentityKey":"BTzfJ0ejxSFdPo1ARwXpdIS7xAP8HtGzknQGKop//7VQ"},"_chains":{"Bd4O9/wXzibw7eju6wtIndhI5v6+uevbCDp7hZtUObhX":{"chainKey":{"counter":0,"key":"F7OecDPLeT0BPrHX26ZVr3by4qPUqZ5vKBAjupj6fBw="},"chainType":1,"messageKeys":{}}},"pendingPreKey":{"signedKeyId":4,"baseKey":"BbAUWnm9nTVKeLpS7ViahbvimchKXgbkDnTKV+ZluZVG","preKeyId":7549818}},"BbnRx7MOVYm7Ver6dVYw0b3VwtC2r7+8CJ77A8GK1dtZ":{"registrationId":1902886792,"currentRatchet":{"ephemeralKeyPair":{"pubKey":"BY+xh/VhPi01qdiYGW7StJXfN/sfdjqqy19D1t5Bd28u","privKey":"mI7iDac4gwC9e68m87xxNLZOf+H+HQbiG46f/DTLwXc="},"lastRemoteEphemeralKey":"BaO+SQnfNQEd7o74vK/yXXpJEI278O0sotC6AJCDQBxJ","previousCounter":0,"rootKey":"kPlyYg5Qdz8lFj11fbJKs+o0Kp7HlCUHfoP+yc2P1Qw="},"indexInfo":{"baseKey":"BbnRx7MOVYm7Ver6dVYw0b3VwtC2r7+8CJ77A8GK1dtZ","baseKeyType":1,"closed":-1,"used":1746627404772,"created":1746627404772,"remoteIdentityKey":"BTzfJ0ejxSFdPo1ARwXpdIS7xAP8HtGzknQGKop//7VQ"},"_chains":{"BY+xh/VhPi01qdiYGW7StJXfN/sfdjqqy19D1t5Bd28u":{"chainKey":{"counter":3,"key":"NHIZ7u8+Q0n7WfBuZQRw35RnTGIO7hpiMkCbt11AABU="},"chainType":1,"messageKeys":{}}},"pendingPreKey":{"signedKeyId":4,"baseKey":"BbnRx7MOVYm7Ver6dVYw0b3VwtC2r7+8CJ77A8GK1dtZ","preKeyId":7550561}}},"version":"v1"}