{"_sessions":{"BdiJJ7XPuLEtT1gj8v4pbcDrreulejOid7XdjybHyKMX":{"registrationId":1501536145,"currentRatchet":{"ephemeralKeyPair":{"pubKey":"BUbJsCACRVBheFWyoQsbiD3ZT1UyiySpV7VQI3CzFWce","privKey":"CLkQw5xFyIP+HLc6+i6lh1BHlK/XctwDY9H3vsqPgG4="},"lastRemoteEphemeralKey":"BSMy/wI4omp7E2rAtVexPki0jfk7hKnTya/lJVrh8Wlf","previousCounter":0,"rootKey":"gsu6MTIuGwoXNVBr/pJIZZka6fwYxASnWnBOy3nOETc="},"indexInfo":{"baseKey":"BdiJJ7XPuLEtT1gj8v4pbcDrreulejOid7XdjybHyKMX","baseKeyType":1,"closed":-1,"used":1746612488835,"created":1746612488835,"remoteIdentityKey":"BSf6SWxuYhW0QX1gWr6s/XlcUpk5KuP+pFA98qIp+XJa"},"_chains":{"BUbJsCACRVBheFWyoQsbiD3ZT1UyiySpV7VQI3CzFWce":{"chainKey":{"counter":4,"key":"TTC3YdA+xYzUOgcBAal9+nBrpfF7Ztq7OBoPIC98kLk="},"chainType":1,"messageKeys":{}}},"pendingPreKey":{"signedKeyId":6,"baseKey":"BdiJJ7XPuLEtT1gj8v4pbcDrreulejOid7XdjybHyKMX","preKeyId":16101105}}},"version":"v1"}