{"_sessions":{"BUYzxg9ijouXIr11xJVO7UkWVjGX4YEovXmHQt5MhaQi":{"registrationId":1276896985,"currentRatchet":{"ephemeralKeyPair":{"pubKey":"Ba17ywHyKPiDIQdhG/92AZeWJTVDrUIF4SPHENaauyJV","privKey":"aAATibGqyzB5t/vb5tKp1Td9mnpVlZPJWBus29fq0Ws="},"lastRemoteEphemeralKey":"Bff+252QG9CBiaYbk8fptzQIYcggQgBOMEmytmhOZZ0J","previousCounter":0,"rootKey":"EMhydoMDzL7e7qH9r5bK93Mhch3MnRU2pT4ns/n2qhg="},"indexInfo":{"baseKey":"BUYzxg9ijouXIr11xJVO7UkWVjGX4YEovXmHQt5MhaQi","baseKeyType":1,"closed":-1,"used":1746644960052,"created":1746644960052,"remoteIdentityKey":"BfjHbQe4Sw3zuOGuoJJi94hpPV+kGtBuFlptPaldjLsf"},"_chains":{"Ba17ywHyKPiDIQdhG/92AZeWJTVDrUIF4SPHENaauyJV":{"chainKey":{"counter":1,"key":"gCIqxcDVRYkEDsMbK5+oUMXfF4YLuQX1YQ/dcM4kDMM="},"chainType":1,"messageKeys":{}}},"pendingPreKey":{"signedKeyId":1,"baseKey":"BUYzxg9ijouXIr11xJVO7UkWVjGX4YEovXmHQt5MhaQi","preKeyId":6709746}}},"version":"v1"}