{"_sessions":{"BfOh2nrzcw8+Mk2Um9dYB14utYAexvRUd5evJiytWown":{"registrationId":984632261,"currentRatchet":{"ephemeralKeyPair":{"pubKey":"BUOKR3eIzpfA4n3EqiNHa1nceMC+TeI/OOpdtZVwCL0c","privKey":"qLUu1LdVs6JWg/qTtXtZOvpOWr8S6mRUnD7g8bUbGlE="},"lastRemoteEphemeralKey":"Bav9wNKe14tJpkhsD4wGBNluAbvWCzSLsT0Zmr4UF7Jw","previousCounter":0,"rootKey":"M+WsKI5afxGd21CZzJYNpsolyTbrRZcC7YrMgeKp8p8="},"indexInfo":{"baseKey":"BfOh2nrzcw8+Mk2Um9dYB14utYAexvRUd5evJiytWown","baseKeyType":1,"closed":-1,"used":1746644956709,"created":1746644956709,"remoteIdentityKey":"BdkCL7rJkjJwKNbBd40tuX0RXt+OXk3Dk2DzFzNXVB9b"},"_chains":{"BUOKR3eIzpfA4n3EqiNHa1nceMC+TeI/OOpdtZVwCL0c":{"chainKey":{"counter":1,"key":"gxziLLZwl5HoWSLET0+Rc+4SN9TQ7DefDicanz3VfzI="},"chainType":1,"messageKeys":{}}},"pendingPreKey":{"signedKeyId":2,"baseKey":"BfOh2nrzcw8+Mk2Um9dYB14utYAexvRUd5evJiytWown","preKeyId":4230503}}},"version":"v1"}