{"_sessions":{"BTZFlOBGMFTdclT+XhB/EHpwFz36VuEaK1bvaXSpJeUv":{"registrationId":581260948,"currentRatchet":{"ephemeralKeyPair":{"pubKey":"BRanR6S4SmH/3JE2lmYAeoGSa9sbOi8c0YJvT80uM6Y8","privKey":"uBANiEPJd8FcxgN/RLbUUvvw9gzKnYL+flNlh+xhPXw="},"lastRemoteEphemeralKey":"BaIbayvMRWrk5l0vmbb5w65Yms/WIuJZmWv+q07I9dRc","previousCounter":0,"rootKey":"GrSxhOfX4l7cCdOivP+5rWsYZ0LQKKQiYS4CfpcnzpU="},"indexInfo":{"baseKey":"BTZFlOBGMFTdclT+XhB/EHpwFz36VuEaK1bvaXSpJeUv","baseKeyType":1,"closed":1746627386543,"used":1746627366096,"created":1746627366096,"remoteIdentityKey":"BdusYP5Wq5v+veGKXdiigKPNwKrpYC/e7gtrZMzJspR3"},"_chains":{"BRanR6S4SmH/3JE2lmYAeoGSa9sbOi8c0YJvT80uM6Y8":{"chainKey":{"counter":0,"key":"qxmWDdy+j0znGb4xp0nyyG+3gkrLdRspl/SW6UDeJ7Y="},"chainType":1,"messageKeys":{}}},"pendingPreKey":{"signedKeyId":6965266,"baseKey":"BTZFlOBGMFTdclT+XhB/EHpwFz36VuEaK1bvaXSpJeUv","preKeyId":6630}},"BXEZddR2IO/9qqn0zWfTpZg9rsCoQv2UGYhnwIn0pmoi":{"registrationId":581260948,"currentRatchet":{"ephemeralKeyPair":{"pubKey":"BUDvnNsxlXpqdkTtrEMBEynNfsuFJ93ACSjzJW2O5YVC","privKey":"mCbpIzuDF6Znq4AEO1n+QVlJriVeNlOFkEb63r1P+2Q="},"lastRemoteEphemeralKey":"BaIbayvMRWrk5l0vmbb5w65Yms/WIuJZmWv+q07I9dRc","previousCounter":0,"rootKey":"bZJ2ETI/62zjWvbOYwoc7J6Kmn6wEmaKiP6dWnd/Mmk="},"indexInfo":{"baseKey":"BXEZddR2IO/9qqn0zWfTpZg9rsCoQv2UGYhnwIn0pmoi","baseKeyType":1,"closed":1746627408761,"used":1746627386184,"created":1746627386184,"remoteIdentityKey":"BdusYP5Wq5v+veGKXdiigKPNwKrpYC/e7gtrZMzJspR3"},"_chains":{"BUDvnNsxlXpqdkTtrEMBEynNfsuFJ93ACSjzJW2O5YVC":{"chainKey":{"counter":0,"key":"yVaDTPPyzK5RBVId/peif5u8oOYb/UkvANuRWCnp+iI="},"chainType":1,"messageKeys":{}}},"pendingPreKey":{"signedKeyId":6965266,"baseKey":"BXEZddR2IO/9qqn0zWfTpZg9rsCoQv2UGYhnwIn0pmoi","preKeyId":7081}},"BR3a/K24KyQxFgLlBelcnaBHAbIajRYGMBYHIuZS24Bl":{"registrationId":581260948,"currentRatchet":{"ephemeralKeyPair":{"pubKey":"BUgG7aWkZC4eDNo89OR6I4Wh1spZqqLOdzbGUn44zTMn","privKey":"YAbbQCLC51Ei5snxr31BM8kBm452TPT4Q5VzYLyDzHM="},"lastRemoteEphemeralKey":"BaIbayvMRWrk5l0vmbb5w65Yms/WIuJZmWv+q07I9dRc","previousCounter":0,"rootKey":"SAz8225L/yCjJ2UJNhTiIYBbZaqomdyZhc1DzkKVwxc="},"indexInfo":{"baseKey":"BR3a/K24KyQxFgLlBelcnaBHAbIajRYGMBYHIuZS24Bl","baseKeyType":1,"closed":-1,"used":1746627408490,"created":1746627408490,"remoteIdentityKey":"BdusYP5Wq5v+veGKXdiigKPNwKrpYC/e7gtrZMzJspR3"},"_chains":{"BUgG7aWkZC4eDNo89OR6I4Wh1spZqqLOdzbGUn44zTMn":{"chainKey":{"counter":3,"key":"EzYSq5+zGTDIxogY8k+H3Gy4/B+jn192EoVIvZQ9/4E="},"chainType":1,"messageKeys":{}}},"pendingPreKey":{"signedKeyId":6965266,"baseKey":"BR3a/K24KyQxFgLlBelcnaBHAbIajRYGMBYHIuZS24Bl","preKeyId":7172}}},"version":"v1"}