{"_sessions":{"BUvHdPL6j1RtWP0jurij1WkMfCoi9O9XwFqw3d4Y1MBR":{"registrationId":1460456108,"currentRatchet":{"ephemeralKeyPair":{"pubKey":"BTTuCy1viBmXJcFflbQFKFlz2M6+EFE9Us8yrB7AL1JJ","privKey":"QAZUp54fjhduBa2DCmy5sRUgi29R7FKAl3CeNDpI8Gw="},"lastRemoteEphemeralKey":"BcyYH+vkaTuMs+d1iJI1zvUk3EgsBeRFngcJ1pwHMzNJ","previousCounter":0,"rootKey":"00jQUi/3TCTFWpJMdQliAnv625GC0uiKwOUfOLOWp6o="},"indexInfo":{"baseKey":"BUvHdPL6j1RtWP0jurij1WkMfCoi9O9XwFqw3d4Y1MBR","baseKeyType":2,"closed":-1,"used":1746711693237,"created":1746711693237,"remoteIdentityKey":"BQA31LJ39LdKfE6MaTGWex8z3Fiel64gb2hUlvuu5RV4"},"_chains":{"BcyYH+vkaTuMs+d1iJI1zvUk3EgsBeRFngcJ1pwHMzNJ":{"chainKey":{"counter":1,"key":"HuGeitLs6V/B9juQlNRceA5U9raZz2tPOQxp4Wg5XW4="},"chainType":2,"messageKeys":{"0":"nIyGGn4z3a/EvUnUUH4pA+EK0lLA1ceglP60DDL34Jc="}},"BTTuCy1viBmXJcFflbQFKFlz2M6+EFE9Us8yrB7AL1JJ":{"chainKey":{"counter":-1,"key":"TFdkE5zop8HEss2yKtgcYgo+xsRZ0r+bBIl6xJHLXdY="},"chainType":1,"messageKeys":{}}}}},"version":"v1"}