{"_sessions":{"BZ9egUyM7JF1R5P7H8fFKKJ4PD694pOsKoXFdo32z4Eh":{"registrationId":503917988,"currentRatchet":{"ephemeralKeyPair":{"pubKey":"BfV/hdBYgTIoHompo17jYENHToShKh5Aev0knfM/sPsb","privKey":"0PP/Q6Ou2mPcxaAUUZbBAOO71P9whnQKYO5SQWeygFM="},"lastRemoteEphemeralKey":"BUugNXerOJ06/e7bEnxGSVhRQobr2xgeVXFqnY3YSh0H","previousCounter":0,"rootKey":"aRTW5m6e5SzXyT1tatoVyKQzzvtQ9PYDjiFr5imgiBY="},"indexInfo":{"baseKey":"BZ9egUyM7JF1R5P7H8fFKKJ4PD694pOsKoXFdo32z4Eh","baseKeyType":1,"closed":-1,"used":1746639403410,"created":1746639403410,"remoteIdentityKey":"BYY9XD9L6K2zGcsYCji13pGTT1r4U1kYbAWCATsO/B1s"},"_chains":{"BfV/hdBYgTIoHompo17jYENHToShKh5Aev0knfM/sPsb":{"chainKey":{"counter":0,"key":"ne3qxQS3PB9i/rvgTZ3ts37tML9GaZlsqBdM2gDBISc="},"chainType":1,"messageKeys":{}}},"pendingPreKey":{"signedKeyId":6,"baseKey":"BZ9egUyM7JF1R5P7H8fFKKJ4PD694pOsKoXFdo32z4Eh","preKeyId":8025486}}},"version":"v1"}