{"_sessions":{"BbOXQB+yhOYvc1q8Dw9ftjeMGzU81Lq0QVoiJYghfdFh":{"registrationId":1287475274,"currentRatchet":{"ephemeralKeyPair":{"pubKey":"BXkSlBb+IPjT0in/fWZBrO2tbTr0rMqgufUvVtRKDXI3","privKey":"ULkedztzF2RX/F3l/U7rTRfZY3Z1CC84izlsgB+A4lk="},"lastRemoteEphemeralKey":"BZkRfdo5+z3WkoA6wqtqNzVo1g2wYNQBBkRlA55GKip3","previousCounter":0,"rootKey":"Xdj8OfcpWnrZCrRGzteWNohCmXjUK5EgyIvM/lk3Now="},"indexInfo":{"baseKey":"BbOXQB+yhOYvc1q8Dw9ftjeMGzU81Lq0QVoiJYghfdFh","baseKeyType":1,"closed":-1,"used":1746627450179,"created":1746627450179,"remoteIdentityKey":"BVH0c9mBB4dllUzaChoagAKVysVJPu6IVvJaeRe30XBh"},"_chains":{"BXkSlBb+IPjT0in/fWZBrO2tbTr0rMqgufUvVtRKDXI3":{"chainKey":{"counter":0,"key":"FI2yVgE7lybLKSOhMxWPXB3Pe4pL5KWulExMkdxrOSQ="},"chainType":1,"messageKeys":{}}},"pendingPreKey":{"signedKeyId":2089742,"baseKey":"BbOXQB+yhOYvc1q8Dw9ftjeMGzU81Lq0QVoiJYghfdFh","preKeyId":3403}}},"version":"v1"}