{"_sessions":{"Bex+cYVD0GSPgoxh73ih0P7WRqv0LDg2lL3RJeOEQjJf":{"registrationId":981848770,"currentRatchet":{"ephemeralKeyPair":{"pubKey":"BWyq9wnq9XBCJBSbAYkYf2swwAuub4bwDcwn9RWvVpI6","privKey":"4AcBpvD7GTs9WlFUJ+tGD1GM+NPnIVnMwVWXCXXfDk8="},"lastRemoteEphemeralKey":"BaqOWmkr05zyQdkAHa5qtR6J5sjfmLqVedglYj5yAIdC","previousCounter":0,"rootKey":"oAYYm6uMGFnDlsk46JZw3nA63gjgZ8mtNDwvhuo263I="},"indexInfo":{"baseKey":"Bex+cYVD0GSPgoxh73ih0P7WRqv0LDg2lL3RJeOEQjJf","baseKeyType":1,"closed":-1,"used":1746645158728,"created":1746645158728,"remoteIdentityKey":"BSwmjQIi9OMm9e9MgA8s/5gH/UfZ+ynQQZWF+u09Ts8e"},"_chains":{"BWyq9wnq9XBCJBSbAYkYf2swwAuub4bwDcwn9RWvVpI6":{"chainKey":{"counter":0,"key":"rOLgl9MFjm6xQO/AA+hL4wC5QxbWsXcvuYITvWwxyJE="},"chainType":1,"messageKeys":{}}},"pendingPreKey":{"signedKeyId":2,"baseKey":"Bex+cYVD0GSPgoxh73ih0P7WRqv0LDg2lL3RJeOEQjJf","preKeyId":3324711}}},"version":"v1"}