{"_sessions":{"BWR/BvDr1Z8CaufwSm5Cp742Rj6ovd/MfBqH7VqnGrhb":{"registrationId":1552727437,"currentRatchet":{"ephemeralKeyPair":{"pubKey":"BaSyowm2txP1tMBVSBeKDW/rl+Pmeib8aNrK/MQPNlQU","privKey":"QNiuRmuVEZGV1Fy0cNWoVQKcxv+iMv5OSSY3t/BfiFg="},"lastRemoteEphemeralKey":"Ba0tw4eMedV4hRU10Ep6thGUnqsIcacuaXXJnWev1P5w","previousCounter":0,"rootKey":"eygqJue+RRlt/ymBZwXnA00Be3Czu/R4sq0zXk9h1IY="},"indexInfo":{"baseKey":"BWR/BvDr1Z8CaufwSm5Cp742Rj6ovd/MfBqH7VqnGrhb","baseKeyType":1,"closed":-1,"used":1746644956757,"created":1746644956757,"remoteIdentityKey":"BT1Sh+hjOpMGjlAmASWx82z/V1NMtXq+A5pjy5uGHdAT"},"_chains":{"BaSyowm2txP1tMBVSBeKDW/rl+Pmeib8aNrK/MQPNlQU":{"chainKey":{"counter":1,"key":"1xievrKFW0kZQPK7xef8HYjo7uXSOKEIF6/kgPzanjM="},"chainType":1,"messageKeys":{}}},"pendingPreKey":{"signedKeyId":8,"baseKey":"BWR/BvDr1Z8CaufwSm5Cp742Rj6ovd/MfBqH7VqnGrhb","preKeyId":491192}}},"version":"v1"}