{"_sessions":{"BRNAsLi3q6+AGl4U84JDSR+t9oexmi4f7qWfaP4OralA":{"registrationId":1403780111,"currentRatchet":{"ephemeralKeyPair":{"pubKey":"BaZJlew/J3hpXSKVlGFqB1guQiTl4AnxNY8CnY+CFgEp","privKey":"CNgaZ0xdARr+FavKUNGGIPTxZVh/P5On1GJVW7atzn4="},"lastRemoteEphemeralKey":"BTUQONSqK4Xeyb9Coc0QX94fpTBlxarOwSy+qdFnWZJp","previousCounter":0,"rootKey":"jK8TPwWmO2MUUqzaVc2XY4hMBx0Gzq4Gx+1p7dQyZVQ="},"indexInfo":{"baseKey":"BRNAsLi3q6+AGl4U84JDSR+t9oexmi4f7qWfaP4OralA","baseKeyType":1,"closed":-1,"used":1746645070068,"created":1746645070068,"remoteIdentityKey":"BVzVi+vSRtqf9xPaAo8j04K3RaFZ6Ze2AsU0HGnTnxwg"},"_chains":{"BaZJlew/J3hpXSKVlGFqB1guQiTl4AnxNY8CnY+CFgEp":{"chainKey":{"counter":0,"key":"GVKIgYcToV6/nWeb4RJkg/JxZvDePspxRQOmp9pQllk="},"chainType":1,"messageKeys":{}}},"pendingPreKey":{"signedKeyId":9,"baseKey":"BRNAsLi3q6+AGl4U84JDSR+t9oexmi4f7qWfaP4OralA"}}},"version":"v1"}