{"_sessions":{"BWHbDAkUTc3R9Of4mq9M1m919wAiRcJsU2a+jQ1yGUgw":{"registrationId":745899726,"currentRatchet":{"ephemeralKeyPair":{"pubKey":"BcPLWhNSN/wx1ZL36sVbPJtN6rOhsRr6Zfswa3VlDmBD","privKey":"gCa0stj9Sle3Z3548fkO7gV1JCgqUoMpMAGe4CTxVXM="},"lastRemoteEphemeralKey":"BZWSdYjaTNAwRzvA6r+X6TzH7+SI8cBkCNVWN+DSiDZP","previousCounter":0,"rootKey":"YASd4SOdoWvfCadx/owKsZJo9d8bnGxUrvSSuvswaNo="},"indexInfo":{"baseKey":"BWHbDAkUTc3R9Of4mq9M1m919wAiRcJsU2a+jQ1yGUgw","baseKeyType":1,"closed":-1,"used":1746644959955,"created":1746644959955,"remoteIdentityKey":"Bdn3kQxcl6VSvD9XFcmjRMCkvcRI3lSJomF/iM8YzMIB"},"_chains":{"BcPLWhNSN/wx1ZL36sVbPJtN6rOhsRr6Zfswa3VlDmBD":{"chainKey":{"counter":1,"key":"krHTUt+xU4KZKYNumO4vp1enhyLnr8QoV1t0S+UmPAc="},"chainType":1,"messageKeys":{}}},"pendingPreKey":{"signedKeyId":14875381,"baseKey":"BWHbDAkUTc3R9Of4mq9M1m919wAiRcJsU2a+jQ1yGUgw","preKeyId":3378}}},"version":"v1"}