{"_sessions":{"BQXGj40MQp3wMA7prAPt9slKf+JZInBXp+/nYZx2SgpM":{"registrationId":479905874,"currentRatchet":{"ephemeralKeyPair":{"pubKey":"BQmKzX9cLsrl/7t17NwgnlrHQvfi5iOGdVJYr0OgN7cU","privKey":"GIh3vF4uvLfeaLAz233AMCBpfJfKmHc4L3ONUglRcUg="},"lastRemoteEphemeralKey":"BWcRcRjt/QnS94LXWK46HeWPzstVz9LKJ4ZYsr1miMlI","previousCounter":0,"rootKey":"/3ncvoHHKnkxgNncVLCvksS0zM9fdSGirHsHpxdPtlc="},"indexInfo":{"baseKey":"BQXGj40MQp3wMA7prAPt9slKf+JZInBXp+/nYZx2SgpM","baseKeyType":1,"closed":-1,"used":1746645070211,"created":1746645070211,"remoteIdentityKey":"BZlEn/H7YPm3TY8jjW1hlGlwsSSu+fTG3TrZefAOEFt0"},"_chains":{"BQmKzX9cLsrl/7t17NwgnlrHQvfi5iOGdVJYr0OgN7cU":{"chainKey":{"counter":0,"key":"/Ed2J7Z23tt6xgXgNJXqPtEW9GzPl+5co3t8JB4schQ="},"chainType":1,"messageKeys":{}}},"pendingPreKey":{"signedKeyId":2,"baseKey":"BQXGj40MQp3wMA7prAPt9slKf+JZInBXp+/nYZx2SgpM","preKeyId":11848388}}},"version":"v1"}