{"_sessions":{"BeAHxKV2vYJ8hDt0YD9wAroN/vSNk2JtrQ8WYIHOmvZM":{"registrationId":1077218149,"currentRatchet":{"ephemeralKeyPair":{"pubKey":"BSde0BXdGGKaci2HfgIegPipqb0vCv1TV8/Vt/+Mo3Bu","privKey":"QBUEq0idTfMN8OxZTdVcMjksP2m2zWDM408vUufiblI="},"lastRemoteEphemeralKey":"BW4YSzoTBzphjsB8d5zCVOdnF+yPY+kKXovm4xecMHhL","previousCounter":0,"rootKey":"BuaYZTKkSfieGm5+mWJVibeKpl1fgF509J9cIley2iA="},"indexInfo":{"baseKey":"BeAHxKV2vYJ8hDt0YD9wAroN/vSNk2JtrQ8WYIHOmvZM","baseKeyType":1,"closed":-1,"used":1746639403316,"created":1746639403316,"remoteIdentityKey":"BVJPMUfdjDBRI8Y4u1w5Yo3LgxyvOPYo/qyzbT3bi0tT"},"_chains":{"BSde0BXdGGKaci2HfgIegPipqb0vCv1TV8/Vt/+Mo3Bu":{"chainKey":{"counter":0,"key":"Kc/4F+VlG7Ios2SHuYxZgWygAZQ7XfkcyY9tuR53PVg="},"chainType":1,"messageKeys":{}}},"pendingPreKey":{"signedKeyId":12758956,"baseKey":"BeAHxKV2vYJ8hDt0YD9wAroN/vSNk2JtrQ8WYIHOmvZM","preKeyId":4329}}},"version":"v1"}