{"_sessions":{"BVM0mH6v6zve8uigMtYPhoAmcrOZk/QoYZ74Iq9bYPds":{"registrationId":416440252,"currentRatchet":{"ephemeralKeyPair":{"pubKey":"BXr703/D4ZcX7wHyZk3j/KoeRMNzdW9Q9sUBOOGT/Hg4","privKey":"QKkRUYtHtw+FEwEqs/oudul5UTwYkZW60hQQe53k6kM="},"lastRemoteEphemeralKey":"Bb/LtWKFHKTncYmGxITv/p/wFvEQCyS9Q0u5TmgjBlI0","previousCounter":0,"rootKey":"+Pm/5gzOes7R9f0qbp+wBHwx3X1NI0lwUHjb82zaeiI="},"indexInfo":{"baseKey":"BVM0mH6v6zve8uigMtYPhoAmcrOZk/QoYZ74Iq9bYPds","baseKeyType":1,"closed":-1,"used":1746645069843,"created":1746645069843,"remoteIdentityKey":"BSvS2MyGJt1TdWlx4uoIO/C1flwFUrO5DdN8wpNxpE56"},"_chains":{"BXr703/D4ZcX7wHyZk3j/KoeRMNzdW9Q9sUBOOGT/Hg4":{"chainKey":{"counter":0,"key":"IijXQBR6oA0v0AndYh9VaRPnoOhB4hRgdsabPT50SlU="},"chainType":1,"messageKeys":{}}},"pendingPreKey":{"signedKeyId":13,"baseKey":"BVM0mH6v6zve8uigMtYPhoAmcrOZk/QoYZ74Iq9bYPds","preKeyId":3595253}}},"version":"v1"}