{"_sessions":{"BaQbs3AhK4dvEjpWPjNgtTD66RkKz0jLYjEs9p79ODFh":{"registrationId":621340340,"currentRatchet":{"ephemeralKeyPair":{"pubKey":"BeX+lDrQKnI1XKgCsKUoK3HO1d41oMxqmQ3pX3+9kq9b","privKey":"oCOXjynkQg3xl2lvHGm5GyRpPt5AU84YHfjuX3FSo1o="},"lastRemoteEphemeralKey":"Bfn1x7pm96ebJ9ruuO0icQrmTXYehZVCpmDYJTk+Aexf","previousCounter":0,"rootKey":"X6yMMT32MKA4WcoXCn2jTR84ee3MWcR8kNvatMsI5jo="},"indexInfo":{"baseKey":"BaQbs3AhK4dvEjpWPjNgtTD66RkKz0jLYjEs9p79ODFh","baseKeyType":1,"closed":-1,"used":1746644956845,"created":1746644956845,"remoteIdentityKey":"BdK/66e5Rxi5RH12oMt69TF3zzZWsg70Lzpq9Z31Wl1A"},"_chains":{"BeX+lDrQKnI1XKgCsKUoK3HO1d41oMxqmQ3pX3+9kq9b":{"chainKey":{"counter":1,"key":"Wz8CvKpNupRjnoZKGqjLSlQsxKf2lB0hIixorpF3eo4="},"chainType":1,"messageKeys":{}}},"pendingPreKey":{"signedKeyId":1,"baseKey":"BaQbs3AhK4dvEjpWPjNgtTD66RkKz0jLYjEs9p79ODFh","preKeyId":2918552}}},"version":"v1"}