{"_sessions":{"BazDYCm++wlHEoaojsH1ZBj2lOMr0GnQcrg+vPCGzOtS":{"registrationId":443848580,"currentRatchet":{"ephemeralKeyPair":{"pubKey":"Bca0rzrRiMqtVQ6aJcdMHqT6E+d+F+iklnBtwkDlKBI3","privKey":"eOCnd040c7NE3rBivmi0AmStHPGFKed2G8Ahf3uVr1Y="},"lastRemoteEphemeralKey":"BavC064ylpIgh37Ep1IXjNzJru2KezZxzmBPdPlODWxj","previousCounter":0,"rootKey":"yl3jtN877qZYgNoHPG2/KJIyMUBt+7eoCByCgHFsQyA="},"indexInfo":{"baseKey":"BazDYCm++wlHEoaojsH1ZBj2lOMr0GnQcrg+vPCGzOtS","baseKeyType":1,"closed":-1,"used":1746645162185,"created":1746645162185,"remoteIdentityKey":"BWPlbnaZey5Q7zhviGmYgrpgEqL+EAlMOxkKzKeQ5iZB"},"_chains":{"Bca0rzrRiMqtVQ6aJcdMHqT6E+d+F+iklnBtwkDlKBI3":{"chainKey":{"counter":0,"key":"wgKkVkuFsns0A4dw6m5/FGcSQljR9oNaX05Ax0LsCnE="},"chainType":1,"messageKeys":{}}},"pendingPreKey":{"signedKeyId":0,"baseKey":"BazDYCm++wlHEoaojsH1ZBj2lOMr0GnQcrg+vPCGzOtS","preKeyId":13970397}}},"version":"v1"}