{"_sessions":{"BeRRPizN69jyneM/Ivajz2CVeQZrAggQfu7JpzCMr7B4":{"registrationId":261536776,"currentRatchet":{"ephemeralKeyPair":{"pubKey":"BWgWY9YviIhuCkEyQ22Sgkwo+uDiqly0uHbxbUHtFIoL","privKey":"MLLj4GZiHYavjMwyiSEgPt7dVnPjaIRpPkJpXkrbpl0="},"lastRemoteEphemeralKey":"BRUzYFdVWlUpL9AE9AgLp8DniewULAJ4e6hKeSCvJ5A3","previousCounter":0,"rootKey":"NcMoXOyGQgngSFUljoIgc+znYDxC2OD90VuimEwbHIU="},"indexInfo":{"baseKey":"BeRRPizN69jyneM/Ivajz2CVeQZrAggQfu7JpzCMr7B4","baseKeyType":1,"closed":-1,"used":1746612492787,"created":1746612492787,"remoteIdentityKey":"BSni83wqYR9hlI1KSjDn67a/t/LkbLLE1H903CESE/p9"},"_chains":{"BWgWY9YviIhuCkEyQ22Sgkwo+uDiqly0uHbxbUHtFIoL":{"chainKey":{"counter":4,"key":"8VufOgJtyQ8yihURpRg/0oKY6fXTqTFLq4tqkhLeFRQ="},"chainType":1,"messageKeys":{}}},"pendingPreKey":{"signedKeyId":1,"baseKey":"BeRRPizN69jyneM/Ivajz2CVeQZrAggQfu7JpzCMr7B4","preKeyId":495080}}},"version":"v1"}