{"_sessions":{"BbapaIpcdhYTcfe6Dm9QPCff7073/11x1Bw7ObOUOJAA":{"registrationId":1420670233,"currentRatchet":{"ephemeralKeyPair":{"pubKey":"BVZM/bRRha9A14JuEa59uc/CF4+6OwCgKfwJvghWBNo5","privKey":"kMp8MJsV1Y/ENZykZl4dNRiQEtgq70+FSWM/kFK+QFQ="},"lastRemoteEphemeralKey":"BaYj9dJaFHx/SRw7G/6VizDxcKA8eQakFeUjzqo8PtBo","previousCounter":0,"rootKey":"EQ2pyoGmMTpRHkeD3VPj5HgEpnWw0DpFGt77BGRm4+I="},"indexInfo":{"baseKey":"BbapaIpcdhYTcfe6Dm9QPCff7073/11x1Bw7ObOUOJAA","baseKeyType":1,"closed":1746627386430,"used":1746627365737,"created":1746627365737,"remoteIdentityKey":"BbF4jM90t7lJCXh69diLi56TlZk6J8Lkyy1204hA6eI3"},"_chains":{"BVZM/bRRha9A14JuEa59uc/CF4+6OwCgKfwJvghWBNo5":{"chainKey":{"counter":0,"key":"A04S/3L0gv/OATEiKoKvw0IS4WXrt6yKukQpslkDVHI="},"chainType":1,"messageKeys":{}}},"pendingPreKey":{"signedKeyId":14,"baseKey":"BbapaIpcdhYTcfe6Dm9QPCff7073/11x1Bw7ObOUOJAA","preKeyId":734668}},"BWaNLt+M04rBvYiXzNh3m1MD7nTLvQPA2KK29vYPsSFU":{"registrationId":1420670233,"currentRatchet":{"ephemeralKeyPair":{"pubKey":"Bb8vgHzdfi8OJbTuW6JaE1eit2EnAgiJCgpjhLsYueVH","privKey":"kH2pjCMtWJiKEJN5vOtubfDhU2XHxbdst7uLMjyd8EM="},"lastRemoteEphemeralKey":"BaYj9dJaFHx/SRw7G/6VizDxcKA8eQakFeUjzqo8PtBo","previousCounter":0,"rootKey":"0HkpUQVxiiAKm7YX0oMlGpJD5pS+6LUJ9w2Yn7ixV80="},"indexInfo":{"baseKey":"BWaNLt+M04rBvYiXzNh3m1MD7nTLvQPA2KK29vYPsSFU","baseKeyType":1,"closed":1746627408677,"used":1746627385801,"created":1746627385801,"remoteIdentityKey":"BbF4jM90t7lJCXh69diLi56TlZk6J8Lkyy1204hA6eI3"},"_chains":{"Bb8vgHzdfi8OJbTuW6JaE1eit2EnAgiJCgpjhLsYueVH":{"chainKey":{"counter":0,"key":"2Fom6pUJ9JEMPdCRyAwEs7asVCgjV1bGv8qWGnz8i5g="},"chainType":1,"messageKeys":{}}},"pendingPreKey":{"signedKeyId":14,"baseKey":"BWaNLt+M04rBvYiXzNh3m1MD7nTLvQPA2KK29vYPsSFU","preKeyId":734414}},"BSDN6lPOKv483FIuxr8PmOFi6MxNEN5B0fKq9k3CDldd":{"registrationId":1420670233,"currentRatchet":{"ephemeralKeyPair":{"pubKey":"BYinCK8VTWAjPZkNw8SJDEW/lKK2DSMMEIqFjaMNg7pH","privKey":"GGJPBCCx9qZvWjXXAZjdbJjxB3CV6PLWsasCGv7QbGE="},"lastRemoteEphemeralKey":"BaYj9dJaFHx/SRw7G/6VizDxcKA8eQakFeUjzqo8PtBo","previousCounter":0,"rootKey":"+G8AODqzK+Qd6y58hrniaaddNo7/IYJVbwZj8vxYWm8="},"indexInfo":{"baseKey":"BSDN6lPOKv483FIuxr8PmOFi6MxNEN5B0fKq9k3CDldd","baseKeyType":1,"closed":-1,"used":1746627408172,"created":1746627408172,"remoteIdentityKey":"BbF4jM90t7lJCXh69diLi56TlZk6J8Lkyy1204hA6eI3"},"_chains":{"BYinCK8VTWAjPZkNw8SJDEW/lKK2DSMMEIqFjaMNg7pH":{"chainKey":{"counter":3,"key":"PIFz9iROJgMMpbFqUMc0M+EJqnFwLHrkmP10A5wrRqk="},"chainType":1,"messageKeys":{}}},"pendingPreKey":{"signedKeyId":14,"baseKey":"BSDN6lPOKv483FIuxr8PmOFi6MxNEN5B0fKq9k3CDldd","preKeyId":734406}}},"version":"v1"}