{"_sessions":{"BWbI52sl2XXG4Aoq0HwRrc6P9pnmvzk2wQ28okJXo4km":{"registrationId":13221,"currentRatchet":{"ephemeralKeyPair":{"pubKey":"BYp/oiZh6dUNwHunejv53eJZjlXH9eK+k4tKZWls7Ucz","privKey":"ADcuxAKzjqCujl8kkByVgxm/Ndrm/In4EG1/6WFD2lc="},"lastRemoteEphemeralKey":"BYtUBeWt1sczdjXR6nyEVOkUeWvsm5X4usbc/EbaqUQe","previousCounter":0,"rootKey":"nqbQQDQVTb0o9zFx3TDo1bIMJRVPL5D4kplqGF5D0jk="},"indexInfo":{"baseKey":"BWbI52sl2XXG4Aoq0HwRrc6P9pnmvzk2wQ28okJXo4km","baseKeyType":1,"closed":-1,"used":1746644956422,"created":1746644956422,"remoteIdentityKey":"Bba94r8Y7NtDn1zPkTOGF41q+bYvmsgC++oBuczD29Ms"},"_chains":{"BYp/oiZh6dUNwHunejv53eJZjlXH9eK+k4tKZWls7Ucz":{"chainKey":{"counter":1,"key":"v2/UOO6Ol066iVF1wuCtxG/1d6b0yx4ziNFBF16iHik="},"chainType":1,"messageKeys":{}}},"pendingPreKey":{"signedKeyId":1,"baseKey":"BWbI52sl2XXG4Aoq0HwRrc6P9pnmvzk2wQ28okJXo4km","preKeyId":578}}},"version":"v1"}