{"_sessions":{"BThaDb2BzFlDVFQJ0fcxYgD2UKs2aqUEJJYqHMsac5Bb":{"registrationId":526404429,"currentRatchet":{"ephemeralKeyPair":{"pubKey":"BTgG9HnMtlGJMzTMNzSa9XB58z+y/Cvsr0o5P4PEb0xn","privKey":"eCINLFvIhhHrLDuPxlq/DaASaMj/xwB35Y2+VcTwgXs="},"lastRemoteEphemeralKey":"BZnChQtpUNuGUQeyAPdvaarcaZtAZP465JNxOMGy3+8L","previousCounter":0,"rootKey":"NF/k/hy8GKERFnfI6RXpsG5nFGhuVAd3CfEzw+ypDoM="},"indexInfo":{"baseKey":"BThaDb2BzFlDVFQJ0fcxYgD2UKs2aqUEJJYqHMsac5Bb","baseKeyType":1,"closed":-1,"used":1746645070365,"created":1746645070365,"remoteIdentityKey":"BcqVBozXT172Pn2Ps1Y36OjnJvGzM3H8QSwusjPRBtsR"},"_chains":{"BTgG9HnMtlGJMzTMNzSa9XB58z+y/Cvsr0o5P4PEb0xn":{"chainKey":{"counter":0,"key":"q8qch55oVJZ6I0FPA+X2plxe3Pdm1YxHI0teleZKaSM="},"chainType":1,"messageKeys":{}}},"pendingPreKey":{"signedKeyId":5,"baseKey":"BThaDb2BzFlDVFQJ0fcxYgD2UKs2aqUEJJYqHMsac5Bb"}}},"version":"v1"}