{"_sessions":{"BQfXHRtidx6P5xJsS4pX+qyyfNf3hkE0xpBJF8eqFmlF":{"registrationId":760391715,"currentRatchet":{"ephemeralKeyPair":{"pubKey":"BeZiM4rcdIggAI8aBi+bvDQs2lfTiKJQn6HdrQCDTmEz","privKey":"kMXdbPGFTe61v4n2fsPbDKM033OMUmuJSNJCMrxbMGM="},"lastRemoteEphemeralKey":"BfYZLlUy8Ymo2jgZR7rmRCOLim9wgqB016NzjcJMbS04","previousCounter":0,"rootKey":"XsIqQU5K9d5a0FXIHx+ESW2c6QqKNUGVEIpfTJI6jHM="},"indexInfo":{"baseKey":"BQfXHRtidx6P5xJsS4pX+qyyfNf3hkE0xpBJF8eqFmlF","baseKeyType":1,"closed":-1,"used":1746645162352,"created":1746645162352,"remoteIdentityKey":"BQ3gRZLyB69IqVSOlTNaXkWuhxrWxtxDMbM2Jvdlmycq"},"_chains":{"BeZiM4rcdIggAI8aBi+bvDQs2lfTiKJQn6HdrQCDTmEz":{"chainKey":{"counter":0,"key":"+lRnAbpXebRASxvz6117Br01+d1omcdFROAjkYtgzZo="},"chainType":1,"messageKeys":{}}},"pendingPreKey":{"signedKeyId":0,"baseKey":"BQfXHRtidx6P5xJsS4pX+qyyfNf3hkE0xpBJF8eqFmlF","preKeyId":23143}}},"version":"v1"}