{"_sessions":{"BfWnqmY62wF+o48Oqffamg+JynIi1jMEQZ1wlXPGMDxT":{"registrationId":1439204412,"currentRatchet":{"ephemeralKeyPair":{"pubKey":"BeUOmwWd1NCC/zFuXP5sdLhqQ5bDTI3Q33XXiX1oKKIn","privKey":"UE877ROOy1ZW59BQdJCarZCock0nI1pxJQoBVR1s2Hk="},"lastRemoteEphemeralKey":"BUprKT2KoWbX6fK9IwC+Dd+4yll1OjJTuERRFwjRVdwQ","previousCounter":0,"rootKey":"r2OFhgkzMENE+tYFr+LoafSzzNutRNexFRbiVg2QVp0="},"indexInfo":{"baseKey":"BfWnqmY62wF+o48Oqffamg+JynIi1jMEQZ1wlXPGMDxT","baseKeyType":1,"closed":-1,"used":1746612488676,"created":1746612488676,"remoteIdentityKey":"BfXCAnwKmcgvEikpaMI1hUZEHIFZjA1eATu0S7mtU5l9"},"_chains":{"BeUOmwWd1NCC/zFuXP5sdLhqQ5bDTI3Q33XXiX1oKKIn":{"chainKey":{"counter":4,"key":"MzY5SSGZqUtv1sWqDx1xE7H03iimBdLTrNuYTdpK9hs="},"chainType":1,"messageKeys":{}}},"pendingPreKey":{"signedKeyId":3,"baseKey":"BfWnqmY62wF+o48Oqffamg+JynIi1jMEQZ1wlXPGMDxT","preKeyId":5088672}}},"version":"v1"}