{"_sessions":{"BSpMECDWrxkaeF/3GvQ/s1q5s4GorVNO7q28HOVLsLsC":{"registrationId":626710710,"currentRatchet":{"ephemeralKeyPair":{"pubKey":"Bbenl0F2tvwa1lONlfdLGb0JtCYTQp1ihLvgdE+OtjcV","privKey":"mNm4SOxdMqALCVBGAmJfFQC8MyM3NGZeXaxChfOEfF8="},"lastRemoteEphemeralKey":"BSwqqjkE26oyUtOeCw4VUqgDDaKrXr06IKa59m8veGly","previousCounter":0,"rootKey":"CeWySdci1shb21BUdTZtXaLjh+egoD1f0jOC/oRqLI8="},"indexInfo":{"baseKey":"BSpMECDWrxkaeF/3GvQ/s1q5s4GorVNO7q28HOVLsLsC","baseKeyType":1,"closed":-1,"used":1746645158688,"created":1746645158688,"remoteIdentityKey":"BXKvCcI1Aej2xMPXA42/WsTjc+xYhFuZrcXLr3s9VM8e"},"_chains":{"Bbenl0F2tvwa1lONlfdLGb0JtCYTQp1ihLvgdE+OtjcV":{"chainKey":{"counter":0,"key":"Io5gLiZSqF0MWWPVbJV8Eepm7YwWQN6USTMoCD4Qmyk="},"chainType":1,"messageKeys":{}}},"pendingPreKey":{"signedKeyId":4,"baseKey":"BSpMECDWrxkaeF/3GvQ/s1q5s4GorVNO7q28HOVLsLsC","preKeyId":3812227}}},"version":"v1"}