{"_sessions":{"BSoZLmQ2ff+9PG239MHeA9O5tMUj9Mv1XOmOYX0koNJG":{"registrationId":1013558809,"currentRatchet":{"ephemeralKeyPair":{"pubKey":"BQElC8baAGjwc7/ORtxvguU5v16pC0YE6hWaewNlnPgc","privKey":"kErcza3xDqlwQUcJ+U0pYTp0AoJIIJPgONnw7+feUE8="},"lastRemoteEphemeralKey":"BdbZB+oHG85/18mXy60hyZY5cnco1NrjcRBlXBeSGFdA","previousCounter":0,"rootKey":"vKanYbmUacwzRA9hKgtjDlRLM5vYruE1XJ1Q4SpVDcI="},"indexInfo":{"baseKey":"BSoZLmQ2ff+9PG239MHeA9O5tMUj9Mv1XOmOYX0koNJG","baseKeyType":1,"closed":1746627390218,"used":1746627369019,"created":1746627369019,"remoteIdentityKey":"BbBFzGP9hUkdWCfbSGrSa3RiNH+/iMtLbbtR4m6OlI4/"},"_chains":{"BQElC8baAGjwc7/ORtxvguU5v16pC0YE6hWaewNlnPgc":{"chainKey":{"counter":0,"key":"BCLFF9lna+VR/5WeGs0USKa8OFVugeN+b7D9CdP+T8g="},"chainType":1,"messageKeys":{}}},"pendingPreKey":{"signedKeyId":3,"baseKey":"BSoZLmQ2ff+9PG239MHeA9O5tMUj9Mv1XOmOYX0koNJG","preKeyId":14459231}},"BfYfHWrmaY9+VsV0bcehYfxVkiYb4Ixq3ZdL+Bmb+41h":{"registrationId":1013558809,"currentRatchet":{"ephemeralKeyPair":{"pubKey":"BedR5kT5PEBNq26LR04wJdRmVH8w5VBzn2d3oYRkrbU/","privKey":"wOMaWJic9ZYmm2O2xNUev70ITSeEQJwBoYQDppSBiUo="},"lastRemoteEphemeralKey":"BdbZB+oHG85/18mXy60hyZY5cnco1NrjcRBlXBeSGFdA","previousCounter":0,"rootKey":"jcmE45YxIa5KYQtDYB+p5d0nauel4B6FXsqmPEr/lYE="},"indexInfo":{"baseKey":"BfYfHWrmaY9+VsV0bcehYfxVkiYb4Ixq3ZdL+Bmb+41h","baseKeyType":1,"closed":1746627412397,"used":1746627389715,"created":1746627389715,"remoteIdentityKey":"BbBFzGP9hUkdWCfbSGrSa3RiNH+/iMtLbbtR4m6OlI4/"},"_chains":{"BedR5kT5PEBNq26LR04wJdRmVH8w5VBzn2d3oYRkrbU/":{"chainKey":{"counter":0,"key":"FM0rRvmp9/jabfXWo2skN8d4FTpydtGZ1ES+RUxi4kE="},"chainType":1,"messageKeys":{}}},"pendingPreKey":{"signedKeyId":3,"baseKey":"BfYfHWrmaY9+VsV0bcehYfxVkiYb4Ixq3ZdL+Bmb+41h","preKeyId":14458537}},"BUndYM/ksLlp02ae2momQ3sTAYs3qoHjziPa42HB4kpB":{"registrationId":1013558809,"currentRatchet":{"ephemeralKeyPair":{"pubKey":"BbWMD6WOelDkCK7YuupoEaR80BiJrrqSSIuI2GS94el1","privKey":"8G3hC3X9ZaxTiMhSae2NBo2E1OVLA1sL3CFfsuNiw3c="},"lastRemoteEphemeralKey":"BdbZB+oHG85/18mXy60hyZY5cnco1NrjcRBlXBeSGFdA","previousCounter":0,"rootKey":"7rWAyrOYNnH8Exo9iPyyzC3zOK1vs27/WYwjuVqFdUI="},"indexInfo":{"baseKey":"BUndYM/ksLlp02ae2momQ3sTAYs3qoHjziPa42HB4kpB","baseKeyType":1,"closed":-1,"used":1746627411834,"created":1746627411834,"remoteIdentityKey":"BbBFzGP9hUkdWCfbSGrSa3RiNH+/iMtLbbtR4m6OlI4/"},"_chains":{"BbWMD6WOelDkCK7YuupoEaR80BiJrrqSSIuI2GS94el1":{"chainKey":{"counter":3,"key":"ceSz5vLrqEIXBBnGAcx4us28jFWLDAGnNdMi7dvIglk="},"chainType":1,"messageKeys":{}}},"pendingPreKey":{"signedKeyId":3,"baseKey":"BUndYM/ksLlp02ae2momQ3sTAYs3qoHjziPa42HB4kpB","preKeyId":14459168}}},"version":"v1"}