{"_sessions":{"BZ93GkLFHapM00vUy8MMMNBIMI7u9mxxKR7s19KIkuAC":{"registrationId":1888471436,"currentRatchet":{"ephemeralKeyPair":{"pubKey":"Bd8XH6DPVwNcuZHmvCCxhImXD/gMa0/47IjbrjwkJJkU","privKey":"oL5URwdyG4d3aPbXLvXzfjCSUMF9UEgQrrJR5Jb2w3Q="},"lastRemoteEphemeralKey":"BUPkacac5KxFEgM34uIbDEI1MVZ9jk1dYJtW0ll9NNME","previousCounter":0,"rootKey":"/RLhL2Ib7HkrWOWMz7km87h3ROElLHO8RW0z5J51wZ0="},"indexInfo":{"baseKey":"BZ93GkLFHapM00vUy8MMMNBIMI7u9mxxKR7s19KIkuAC","baseKeyType":1,"closed":-1,"used":1746645158453,"created":1746645158453,"remoteIdentityKey":"BUPDGUA/7is9NQSpgqEDzXdAMlH/NdZ51v0h0Zy3QZF6"},"_chains":{"Bd8XH6DPVwNcuZHmvCCxhImXD/gMa0/47IjbrjwkJJkU":{"chainKey":{"counter":0,"key":"xoT/rBTyAbK6dgciPB7etES5uYb4DQZeDLcW3gWrTGk="},"chainType":1,"messageKeys":{}}},"pendingPreKey":{"signedKeyId":5,"baseKey":"BZ93GkLFHapM00vUy8MMMNBIMI7u9mxxKR7s19KIkuAC","preKeyId":3926}}},"version":"v1"}