{"_sessions":{"BXEfbTuILF5a8QcOqPh29phUmSBdcXkijHXjt7QgOTIc":{"registrationId":418716578,"currentRatchet":{"ephemeralKeyPair":{"pubKey":"BexguoYoKNwCMQq5hU9kdy7NTvVG0fWAH7RFi1CSZRg0","privKey":"AEe1hiB4lMmN3mlF6UBmdcUhmy+Nvz2VlQ9tyIWWAkw="},"lastRemoteEphemeralKey":"BerTx2hgXWkGNWitlR5S0S+GXhrqoc/nhN0djU1G+d5t","previousCounter":0,"rootKey":"PVq5qVzBnAngIIn2DJTtZQlcBTL1qq0dhSJ/LjYLvpI="},"indexInfo":{"baseKey":"BXEfbTuILF5a8QcOqPh29phUmSBdcXkijHXjt7QgOTIc","baseKeyType":1,"closed":1746627386467,"used":1746627365816,"created":1746627365816,"remoteIdentityKey":"BcimgRMjFcA6UNDvaaLIqbVYd/pU9Hf3s6f05eyCSCw0"},"_chains":{"BexguoYoKNwCMQq5hU9kdy7NTvVG0fWAH7RFi1CSZRg0":{"chainKey":{"counter":0,"key":"yv+3E15vIirHVDk87y3so+MH1l7yRlRr9KAK6TW05XI="},"chainType":1,"messageKeys":{}}},"pendingPreKey":{"signedKeyId":1,"baseKey":"BXEfbTuILF5a8QcOqPh29phUmSBdcXkijHXjt7QgOTIc","preKeyId":12407303}},"BQoCxU2itB+dov4Gg8xQlMRHiqt+/+4LC0lzwiRw3Rxa":{"registrationId":418716578,"currentRatchet":{"ephemeralKeyPair":{"pubKey":"BX0iaiE0ZlLgo1aBb8vZRuo7slCgh8Y0GmSiWjuB46l+","privKey":"8KYxL3S8Mid8qnTJ0CnwJvsk+MQcJCzVOpROAVWY1kY="},"lastRemoteEphemeralKey":"BerTx2hgXWkGNWitlR5S0S+GXhrqoc/nhN0djU1G+d5t","previousCounter":0,"rootKey":"waPh30yTSa4QUOwfyeXWA4IVE+yk47hdOz3s+syN0V4="},"indexInfo":{"baseKey":"BQoCxU2itB+dov4Gg8xQlMRHiqt+/+4LC0lzwiRw3Rxa","baseKeyType":1,"closed":1746627408705,"used":1746627385885,"created":1746627385885,"remoteIdentityKey":"BcimgRMjFcA6UNDvaaLIqbVYd/pU9Hf3s6f05eyCSCw0"},"_chains":{"BX0iaiE0ZlLgo1aBb8vZRuo7slCgh8Y0GmSiWjuB46l+":{"chainKey":{"counter":0,"key":"EOGitms0EZCSannktpeZtfTnFhgaNSmaFyB085PY9eI="},"chainType":1,"messageKeys":{}}},"pendingPreKey":{"signedKeyId":1,"baseKey":"BQoCxU2itB+dov4Gg8xQlMRHiqt+/+4LC0lzwiRw3Rxa","preKeyId":12406709}},"BZ4jLprEhD7Of5elTMyvRsIuefiFghj52kPEH1EOr+5i":{"registrationId":418716578,"currentRatchet":{"ephemeralKeyPair":{"pubKey":"BfSXdPGBEUyp97JFT2wQJ6VRBCEqH69YdVVy8KcyRjFV","privKey":"8AC4MJO8LJFmB/o4l2i6Qk5GSlXzIygC1PeX0eNtE3I="},"lastRemoteEphemeralKey":"BerTx2hgXWkGNWitlR5S0S+GXhrqoc/nhN0djU1G+d5t","previousCounter":0,"rootKey":"shO/o0mtKDlW4snsBhPdCrCx9T2aP4BxtEPaZMk8pKw="},"indexInfo":{"baseKey":"BZ4jLprEhD7Of5elTMyvRsIuefiFghj52kPEH1EOr+5i","baseKeyType":1,"closed":-1,"used":1746627408252,"created":1746627408252,"remoteIdentityKey":"BcimgRMjFcA6UNDvaaLIqbVYd/pU9Hf3s6f05eyCSCw0"},"_chains":{"BfSXdPGBEUyp97JFT2wQJ6VRBCEqH69YdVVy8KcyRjFV":{"chainKey":{"counter":3,"key":"/UX0OS/bzNuBXlyNLTAQqUUTUFXNOdx6nFGUplQxqF4="},"chainType":1,"messageKeys":{}}},"pendingPreKey":{"signedKeyId":1,"baseKey":"BZ4jLprEhD7Of5elTMyvRsIuefiFghj52kPEH1EOr+5i","preKeyId":12407330}}},"version":"v1"}