{"_sessions":{"BflI7Wq0nBFm4uGLa2yO7GPM9XXK+A7qYVzeE5W+BdZC":{"registrationId":1321049608,"currentRatchet":{"ephemeralKeyPair":{"pubKey":"BTaPve042Pe/K9Izw9zJD9RtIvpIOJVlOd7fCyFLJWIa","privKey":"SGgHR3pjyaJz288D+Ku+hbZOe+mizo9QQnmKaPSRP2Q="},"lastRemoteEphemeralKey":"BZGEUo1IOu1kxTchg1DOh6GTSz9jQvmBvg1z0FKnRJQd","previousCounter":0,"rootKey":"pzVu+svSeUrRzVG0fbqDFZEOmYhqyy3CYGFhf8Z61Vs="},"indexInfo":{"baseKey":"BflI7Wq0nBFm4uGLa2yO7GPM9XXK+A7qYVzeE5W+BdZC","baseKeyType":1,"closed":-1,"used":1746645162419,"created":1746645162419,"remoteIdentityKey":"BU2Wdm+pCkzNK669pdBHThDWuzy0XTHI7EXGxgJ2TFMV"},"_chains":{"BTaPve042Pe/K9Izw9zJD9RtIvpIOJVlOd7fCyFLJWIa":{"chainKey":{"counter":0,"key":"Hb9eRVuSNLoC+lc7D4AQoB3e6n9p7o5YBPCTXsrvQxE="},"chainType":1,"messageKeys":{}}},"pendingPreKey":{"signedKeyId":2,"baseKey":"BflI7Wq0nBFm4uGLa2yO7GPM9XXK+A7qYVzeE5W+BdZC","preKeyId":1329549}}},"version":"v1"}