{"_sessions":{"Bax7HkAR0XYfpfQreBdItVE/m6TR1AY9YLgt2WAWjjMd":{"registrationId":2011631727,"currentRatchet":{"ephemeralKeyPair":{"pubKey":"BXKNKPRtzcEBa7ovGRjahmSrhfIS2jc0jQg0qFpe1j0E","privKey":"EIAlksY31pt4e2bRDf4Gbe1Q40Lz91KIGZ31NLDiP0s="},"lastRemoteEphemeralKey":"BZ7HD9ywHbVZ82Ocm4XV2GpJ7A4S+bCAudm8FRuuZOkG","previousCounter":0,"rootKey":"T/TZrwqsUtiMJl9IpCetcthVc2ySudd8ktsB2X1oHbQ="},"indexInfo":{"baseKey":"Bax7HkAR0XYfpfQreBdItVE/m6TR1AY9YLgt2WAWjjMd","baseKeyType":1,"closed":-1,"used":1746645158693,"created":1746645158693,"remoteIdentityKey":"BfMSDfAPnV9lMEUlgG7+oJ0Nz4mqplVPrgAm/TAybDk2"},"_chains":{"BXKNKPRtzcEBa7ovGRjahmSrhfIS2jc0jQg0qFpe1j0E":{"chainKey":{"counter":0,"key":"9AHPnw2C8CInAX456d21a2Eq7nBj1MXQv5HIreDuWeQ="},"chainType":1,"messageKeys":{}}},"pendingPreKey":{"signedKeyId":1475253,"baseKey":"Bax7HkAR0XYfpfQreBdItVE/m6TR1AY9YLgt2WAWjjMd","preKeyId":2441}}},"version":"v1"}