{"_sessions":{"BUtASfBvIGwJTIBvSnGG3OvJ0tXOY/VtOkgBT8hjN7gE":{"registrationId":69814915,"currentRatchet":{"ephemeralKeyPair":{"pubKey":"BbUU4RiBuotaNblH7YS4EI5n9asXSwBVOvO9Mbp1MAUg","privKey":"mHk3evXR2MWBSTyDiwY5yXQK/nTMnO+QA8uKOduhmnY="},"lastRemoteEphemeralKey":"Bbcys/wQHESGhIAKe1PrAAPqPOMLe8f7PMmb9z2J3AZG","previousCounter":0,"rootKey":"2v+y9lLMuDIJsGta6etViNICd7RSZrgkIClVjhxh2BQ="},"indexInfo":{"baseKey":"BUtASfBvIGwJTIBvSnGG3OvJ0tXOY/VtOkgBT8hjN7gE","baseKeyType":1,"closed":-1,"used":1746644960166,"created":1746644960166,"remoteIdentityKey":"BaOu0rhzFdgbJ+gNlfMNB1rOZdVwRXdkiFw6/SQEjAsI"},"_chains":{"BbUU4RiBuotaNblH7YS4EI5n9asXSwBVOvO9Mbp1MAUg":{"chainKey":{"counter":1,"key":"IdOLE+6+GiCMf/75vNe8Ud5oa0LTMwLNvjF1eSecpn0="},"chainType":1,"messageKeys":{}}},"pendingPreKey":{"signedKeyId":31,"baseKey":"BUtASfBvIGwJTIBvSnGG3OvJ0tXOY/VtOkgBT8hjN7gE"}}},"version":"v1"}