{"_sessions":{"BVik3OuiWwZLFQ2X7lWX4OoXcC4misNxK3Vm5di4I11Q":{"registrationId":1495475679,"currentRatchet":{"ephemeralKeyPair":{"pubKey":"BW9iJsZCS7/GRj45TvKTg2fawi1zl03mpKb0m0erXLs+","privKey":"SNpvH5BXTE4LG+I3AhFMS89NszW1/PJ4DXRl/bzVdHY="},"lastRemoteEphemeralKey":"BeKzyMOv3/R8vEX+R10dyX3bo17p2hGUlt+uK3TVVlF8","previousCounter":0,"rootKey":"LwgTD5g9rhFaj75GpsUj5jaOW/tQ3lMxmOSX3+JIRBc="},"indexInfo":{"baseKey":"BVik3OuiWwZLFQ2X7lWX4OoXcC4misNxK3Vm5di4I11Q","baseKeyType":1,"closed":-1,"used":1746644956835,"created":1746644956835,"remoteIdentityKey":"BVd1iShOBnWZBR1dsN7W347bYrPGLz3vihX04aswBjYI"},"_chains":{"BW9iJsZCS7/GRj45TvKTg2fawi1zl03mpKb0m0erXLs+":{"chainKey":{"counter":1,"key":"OHKcIonSRA82e9WHG82o5ARLY752XVFbE+zMxPFtFC4="},"chainType":1,"messageKeys":{}}},"pendingPreKey":{"signedKeyId":10,"baseKey":"BVik3OuiWwZLFQ2X7lWX4OoXcC4misNxK3Vm5di4I11Q","preKeyId":15230395}}},"version":"v1"}