{"_sessions":{"BQ/5UFpj/8MNVrYK1p5eX0Fw4fp4XOFmkaF6AU6K+x0s":{"registrationId":1446377246,"currentRatchet":{"ephemeralKeyPair":{"pubKey":"BfR2XRtgcj2d77uIGOUxM2G8X1Dc9HKeqFZtRccgVXUO","privKey":"kBVKv2J2iT9h+3QGM4oPUzSY1hPMI6rrw+SwphwjqWM="},"lastRemoteEphemeralKey":"Beg4e4F+yWwQW+Wtit1U17dfJPWlKYZEuY70/WKlPd8I","previousCounter":0,"rootKey":"fy6nBZ2HPpG4AHSN3w9Bp+/abJAtmjR6X4MU40cCejY="},"indexInfo":{"baseKey":"BQ/5UFpj/8MNVrYK1p5eX0Fw4fp4XOFmkaF6AU6K+x0s","baseKeyType":1,"closed":-1,"used":1746645158847,"created":1746645158847,"remoteIdentityKey":"BVBJIJVB7rOY0Ox5f6x+IqOX1fxC/j8xoWpSh4fzZIdn"},"_chains":{"BfR2XRtgcj2d77uIGOUxM2G8X1Dc9HKeqFZtRccgVXUO":{"chainKey":{"counter":0,"key":"638QJvckYtrRGQwCFSlHU+VHbm/VHHihpuJeXXajFiw="},"chainType":1,"messageKeys":{}}},"pendingPreKey":{"signedKeyId":12808067,"baseKey":"BQ/5UFpj/8MNVrYK1p5eX0Fw4fp4XOFmkaF6AU6K+x0s","preKeyId":3153}}},"version":"v1"}