{"_sessions":{"BQijWlQXCI3uINfJM3CX7lZ5CmajeueWL4/zJkh9lswM":{"registrationId":795495473,"currentRatchet":{"ephemeralKeyPair":{"pubKey":"BR7frr7M1Y9u2x2Hn5/6zuWzE4iKLvDPyXU+T8zyPQ0+","privKey":"kIoengySE432ne8ddXA10Bac57OQYUFczyachpQY7VI="},"lastRemoteEphemeralKey":"BS1xN1/l8BWKthKtHdsEUACHBnarggtiVmGLkeT/uLVF","previousCounter":0,"rootKey":"fUhOtlmg2PIIZ7PYysx9wyipakPQ7fcR8/9+FH/FWJQ="},"indexInfo":{"baseKey":"BQijWlQXCI3uINfJM3CX7lZ5CmajeueWL4/zJkh9lswM","baseKeyType":1,"closed":1746627386469,"used":1746627365822,"created":1746627365822,"remoteIdentityKey":"BYU3abEsyYwg61ZV8mWJzfCnaROVHLdWvV3dr6EH0LZM"},"_chains":{"BR7frr7M1Y9u2x2Hn5/6zuWzE4iKLvDPyXU+T8zyPQ0+":{"chainKey":{"counter":0,"key":"1WnbKYjQYTTaOybA+kbuwp4ULbzExLmL4VmqTIFRWKU="},"chainType":1,"messageKeys":{}}},"pendingPreKey":{"signedKeyId":669567,"baseKey":"BQijWlQXCI3uINfJM3CX7lZ5CmajeueWL4/zJkh9lswM","preKeyId":3263}},"BVJREYOwl9KSs2O6tS8560Y9BUV/1oRV2JxVpuWeoeYW":{"registrationId":795495473,"currentRatchet":{"ephemeralKeyPair":{"pubKey":"BWQBCM4lXjhzbRl4DbwvuZrPVpKO/fwcsdNK8xPTdI4R","privKey":"QOXxV68m1kgX/uynlNEXOpGssNvoyCYuZgSXMeuSF2U="},"lastRemoteEphemeralKey":"BS1xN1/l8BWKthKtHdsEUACHBnarggtiVmGLkeT/uLVF","previousCounter":0,"rootKey":"VX/a1tghVhoVMmwar7xzxYEge+RLzlt9QDnhILj4uj4="},"indexInfo":{"baseKey":"BVJREYOwl9KSs2O6tS8560Y9BUV/1oRV2JxVpuWeoeYW","baseKeyType":1,"closed":1746627408707,"used":1746627385891,"created":1746627385891,"remoteIdentityKey":"BYU3abEsyYwg61ZV8mWJzfCnaROVHLdWvV3dr6EH0LZM"},"_chains":{"BWQBCM4lXjhzbRl4DbwvuZrPVpKO/fwcsdNK8xPTdI4R":{"chainKey":{"counter":0,"key":"bYX6WN8qu3S9cfGYZddIH1kucIahOQ4zeN5lh1Q501A="},"chainType":1,"messageKeys":{}}},"pendingPreKey":{"signedKeyId":669567,"baseKey":"BVJREYOwl9KSs2O6tS8560Y9BUV/1oRV2JxVpuWeoeYW","preKeyId":3964}},"BSYLdTmWcDsN6rLaKJIZhxMuzEbeVNDZ17x3i7a9uTM4":{"registrationId":795495473,"currentRatchet":{"ephemeralKeyPair":{"pubKey":"BY7+w+VR2UcOCpQnI+tssLBasBffHTcvG4w2V9o3My9g","privKey":"QLc+a7IY+DNqdii14gLunwMFAiaBjQhIFSOmYhyZ5F0="},"lastRemoteEphemeralKey":"BS1xN1/l8BWKthKtHdsEUACHBnarggtiVmGLkeT/uLVF","previousCounter":0,"rootKey":"XJl+RrP+kTI/o7gLD4SgzERh4KapIrgPnyKPZvHFPXw="},"indexInfo":{"baseKey":"BSYLdTmWcDsN6rLaKJIZhxMuzEbeVNDZ17x3i7a9uTM4","baseKeyType":1,"closed":-1,"used":1746627408258,"created":1746627408258,"remoteIdentityKey":"BYU3abEsyYwg61ZV8mWJzfCnaROVHLdWvV3dr6EH0LZM"},"_chains":{"BY7+w+VR2UcOCpQnI+tssLBasBffHTcvG4w2V9o3My9g":{"chainKey":{"counter":3,"key":"PrlWbT4XgvJb/sPSJcO6KRvHoPuW4epA9+BgjlNRKfw="},"chainType":1,"messageKeys":{}}},"pendingPreKey":{"signedKeyId":669567,"baseKey":"BSYLdTmWcDsN6rLaKJIZhxMuzEbeVNDZ17x3i7a9uTM4","preKeyId":3333}}},"version":"v1"}