{"_sessions":{"Be7EBkhyKM9lTLL5GhrMp1x4LXYCkdQNWLi52PxZw0po":{"registrationId":2090615770,"currentRatchet":{"ephemeralKeyPair":{"pubKey":"BWVomoWOLddj76u7Gnj/IUPm7kz6/dNavygKGN0XxSM9","privKey":"yA5kf4EpqNRqIl/B5rJhXv0dFfW4PfnLAyv8n3WZF1k="},"lastRemoteEphemeralKey":"BcpQeYoxN4E9VJ2nbK8fL1+/b9ArRCFOBVf+nWPvNMk+","previousCounter":0,"rootKey":"2mReQMJ8LE3Lh3kWd2mUwc6JejE0/tzNQuRoaHD8lJY="},"indexInfo":{"baseKey":"Be7EBkhyKM9lTLL5GhrMp1x4LXYCkdQNWLi52PxZw0po","baseKeyType":1,"closed":-1,"used":1746639403419,"created":1746639403419,"remoteIdentityKey":"BX8QpZ4WN/4JNejWMH4ZmOKywbDC/TXVSJjT/PboB2B3"},"_chains":{"BWVomoWOLddj76u7Gnj/IUPm7kz6/dNavygKGN0XxSM9":{"chainKey":{"counter":0,"key":"yAmkICK2oitOPpPNfhgprI1pJFVp/VDnwoAmsLcgI9s="},"chainType":1,"messageKeys":{}}},"pendingPreKey":{"signedKeyId":4,"baseKey":"Be7EBkhyKM9lTLL5GhrMp1x4LXYCkdQNWLi52PxZw0po","preKeyId":13134662}}},"version":"v1"}