{"_sessions":{"Bd6jG04T3QL4+0aiNTL78k2CkKEn36vGhTTPO3oJMwxS":{"registrationId":742724988,"currentRatchet":{"ephemeralKeyPair":{"pubKey":"BX7frZlR+N3KyNbYoaJP1UBOa1iKb/1IaZOXtBaHqOsw","privKey":"gMO0aI6/irZ2qjqYJG3jxC3jyCrWkZHNhZsIMBtynUs="},"lastRemoteEphemeralKey":"Bd0QO0eyK7xf9m4nHuTJkNe1n9z4xbZx1yU3aOIjVt13","previousCounter":0,"rootKey":"wWDKWEIsnCATFy7RpB84W+lafDSC4nhL/F91KHfImS0="},"indexInfo":{"baseKey":"Bd6jG04T3QL4+0aiNTL78k2CkKEn36vGhTTPO3oJMwxS","baseKeyType":1,"closed":-1,"used":1746645158802,"created":1746645158802,"remoteIdentityKey":"BeU0NaZx9atOjVZNEFIlFtYIykdZgwyaEfiuL5L9Txl0"},"_chains":{"BX7frZlR+N3KyNbYoaJP1UBOa1iKb/1IaZOXtBaHqOsw":{"chainKey":{"counter":0,"key":"4We/F2qA7YVEw47Mf5VK2UZDq0xHw1l9Rx/CwWmOViE="},"chainType":1,"messageKeys":{}}},"pendingPreKey":{"signedKeyId":0,"baseKey":"Bd6jG04T3QL4+0aiNTL78k2CkKEn36vGhTTPO3oJMwxS","preKeyId":15912759}}},"version":"v1"}