{"_sessions":{"BUUTvWClqEIBGUxLyyIVjwEPymsd7hv4R/0giqmyPV0p":{"registrationId":764767633,"currentRatchet":{"ephemeralKeyPair":{"pubKey":"BdqlVwUw0jVYnwbL3d2Ipi1cmWTjHUyxAXFdofsMlr1d","privKey":"cCBj5+jB2q4QQpEmMWpvoHI65tFbRRWZkzKmCN7yCVw="},"lastRemoteEphemeralKey":"BWC58vjYOL+RRFcvInc6UL4mWvw3HPhGf/ZSAKXpw0oB","previousCounter":0,"rootKey":"qBdiuchU/Pzkeh9tb6uqcDG+Wzqsq1vCka2j79eFhUk="},"indexInfo":{"baseKey":"BUUTvWClqEIBGUxLyyIVjwEPymsd7hv4R/0giqmyPV0p","baseKeyType":1,"closed":-1,"used":1746644960220,"created":1746644960220,"remoteIdentityKey":"BaqKuHA0Mbnn0O7WXjFg1Ol121nJiPTqprY1y1OovqBg"},"_chains":{"BdqlVwUw0jVYnwbL3d2Ipi1cmWTjHUyxAXFdofsMlr1d":{"chainKey":{"counter":1,"key":"otR+ay/yv4rJ1iz7kCmxVkAFrOjCWbqYkmlxJK/TtgI="},"chainType":1,"messageKeys":{}}},"pendingPreKey":{"signedKeyId":0,"baseKey":"BUUTvWClqEIBGUxLyyIVjwEPymsd7hv4R/0giqmyPV0p","preKeyId":12156802}}},"version":"v1"}