{"_sessions":{"BUxmN+dwLQsFPr5VrjnHBrmL7CHME1etNlByJZN9cJIg":{"registrationId":2024023863,"currentRatchet":{"ephemeralKeyPair":{"pubKey":"BQVAYtkT2a+iPoO6zkfyy2yEQiLGA2SokNjVCFBs4hxt","privKey":"wOd7hqy8j+5WmgYE77mJXC166YU1LQobk9K1+HoSEWc="},"lastRemoteEphemeralKey":"Bf4+9D/uynSUcVvU9MbqIeHBVGNlrsc+Ymh86GDg1+kp","previousCounter":0,"rootKey":"VNpAO2fTe4liZ9FEooMij4uUBGfxtj4vS522ov8imu4="},"indexInfo":{"baseKey":"BUxmN+dwLQsFPr5VrjnHBrmL7CHME1etNlByJZN9cJIg","baseKeyType":1,"closed":-1,"used":1746645158786,"created":1746645158786,"remoteIdentityKey":"BaGK32tgyPHhMtvdSLdFW1Vn3oTBtmpBkExgpYwPu+R6"},"_chains":{"BQVAYtkT2a+iPoO6zkfyy2yEQiLGA2SokNjVCFBs4hxt":{"chainKey":{"counter":0,"key":"No/h6GiQa8oazXWluKOwL3cUsIXHtNaOZJPp5ntVQEo="},"chainType":1,"messageKeys":{}}},"pendingPreKey":{"signedKeyId":0,"baseKey":"BUxmN+dwLQsFPr5VrjnHBrmL7CHME1etNlByJZN9cJIg"}}},"version":"v1"}