{"_sessions":{"BcfOdvN1pLfdjTxJxXG7s7ILyS3mhh5oQMFy+r4tMLVK":{"registrationId":906696721,"currentRatchet":{"ephemeralKeyPair":{"pubKey":"BSAEVRgT+tsAfgiYlk16UyYp21EZXXTt+X8onLReRS8G","privKey":"iDb8a1+zrqypOlBWF6uCFpP9/eHPd+/t0mYG1t+5S3Q="},"lastRemoteEphemeralKey":"BZKJ5mOz4NEDEGOccihSx2JmKGBiFMwTIZc9CxhzcDJ5","previousCounter":0,"rootKey":"N21NIJeQGeCYE9KkdwR8JHB2cbP+1vv5VOVPU9S3YFc="},"indexInfo":{"baseKey":"BcfOdvN1pLfdjTxJxXG7s7ILyS3mhh5oQMFy+r4tMLVK","baseKeyType":1,"closed":1746627386578,"used":1746627366196,"created":1746627366196,"remoteIdentityKey":"BcoBAO4pZ6nFFeN3gTSshkrJPtsdLH99eZ2sxOncVwxR"},"_chains":{"BSAEVRgT+tsAfgiYlk16UyYp21EZXXTt+X8onLReRS8G":{"chainKey":{"counter":0,"key":"sDg3NzSmpenZsXuif91mkw9FKmMNpKiy289yhRhx4bs="},"chainType":1,"messageKeys":{}}},"pendingPreKey":{"signedKeyId":4,"baseKey":"BcfOdvN1pLfdjTxJxXG7s7ILyS3mhh5oQMFy+r4tMLVK","preKeyId":6348283}},"BUe/I/FkGp45g1loGwh/4OnRatGujdSROzx41nvpTx0U":{"registrationId":906696721,"currentRatchet":{"ephemeralKeyPair":{"pubKey":"BfKFdmQ35pD79WGkBGmjInHZfv8kQubRMciukCKXZrpu","privKey":"gGeql1QAOKs8qOld9hP+HCrIMfOKvpbSrIfyELQcZHE="},"lastRemoteEphemeralKey":"BZKJ5mOz4NEDEGOccihSx2JmKGBiFMwTIZc9CxhzcDJ5","previousCounter":0,"rootKey":"JIz7a3Wqe1uplnrKnkRx6Sq1Jz0sGC/Yx2QfOlQPdRQ="},"indexInfo":{"baseKey":"BUe/I/FkGp45g1loGwh/4OnRatGujdSROzx41nvpTx0U","baseKeyType":1,"closed":1746627408783,"used":1746627386329,"created":1746627386329,"remoteIdentityKey":"BcoBAO4pZ6nFFeN3gTSshkrJPtsdLH99eZ2sxOncVwxR"},"_chains":{"BfKFdmQ35pD79WGkBGmjInHZfv8kQubRMciukCKXZrpu":{"chainKey":{"counter":0,"key":"kOm7TYjaDlYXqYKBNeoXy8f1xpLxzdCf85Z1QB9NeTY="},"chainType":1,"messageKeys":{}}},"pendingPreKey":{"signedKeyId":4,"baseKey":"BUe/I/FkGp45g1loGwh/4OnRatGujdSROzx41nvpTx0U","preKeyId":6346957}},"BW/VCDkeQj7FSprSYQIUpmNgEVZKZG9siyOAbw/pggZv":{"registrationId":906696721,"currentRatchet":{"ephemeralKeyPair":{"pubKey":"Bdl3LAIwTk6a4m84HVmIrhJYYIJrKaUKLaGXX3qKnYsx","privKey":"uHhH6sD/eOiHlaGRhc8j2fPIEpl3tGvL3J5WrqTBtnE="},"lastRemoteEphemeralKey":"BZKJ5mOz4NEDEGOccihSx2JmKGBiFMwTIZc9CxhzcDJ5","previousCounter":0,"rootKey":"Q7EjmG5H+uNre2Q7xypZK4pKICCGXBLE5Cp+blE3Q3Y="},"indexInfo":{"baseKey":"BW/VCDkeQj7FSprSYQIUpmNgEVZKZG9siyOAbw/pggZv","baseKeyType":1,"closed":-1,"used":1746627408607,"created":1746627408607,"remoteIdentityKey":"BcoBAO4pZ6nFFeN3gTSshkrJPtsdLH99eZ2sxOncVwxR"},"_chains":{"Bdl3LAIwTk6a4m84HVmIrhJYYIJrKaUKLaGXX3qKnYsx":{"chainKey":{"counter":3,"key":"20HWMpmn7XxDq7hu+kqcqoaJ8nSp0ezSG08kVTshQdg="},"chainType":1,"messageKeys":{}}},"pendingPreKey":{"signedKeyId":4,"baseKey":"BW/VCDkeQj7FSprSYQIUpmNgEVZKZG9siyOAbw/pggZv","preKeyId":6346391}}},"version":"v1"}