{"_sessions":{"BZCZliB0Vmwl9FqnNQX8ZkV9+J9B1MVtOn6nRGSlq+Bd":{"registrationId":1616423198,"currentRatchet":{"ephemeralKeyPair":{"pubKey":"BTwgpTtpk9RuIiJ2OwkFDhyCtLtjheUU6UNIaGYgCSxU","privKey":"OF7+8LIwk9PK3nZlDa5xMwtKEwWqvfLXyh4cnkxYG1Y="},"lastRemoteEphemeralKey":"BXYIE156rEuWxYbHg3JjRyxcFdEk2ABOe07srGwLKdsZ","previousCounter":0,"rootKey":"F4SCFF7pFWpFnxrR9H650F1mJsnJmlj4yMnorGxZP6I="},"indexInfo":{"baseKey":"BZCZliB0Vmwl9FqnNQX8ZkV9+J9B1MVtOn6nRGSlq+Bd","baseKeyType":1,"closed":-1,"used":1746645158594,"created":1746645158594,"remoteIdentityKey":"BT6a4EKxgtWHnlELVhbAc5PmE7mEaUTRt9LTog0KbzNQ"},"_chains":{"BTwgpTtpk9RuIiJ2OwkFDhyCtLtjheUU6UNIaGYgCSxU":{"chainKey":{"counter":0,"key":"1ubjrKicNhtyhhHEdRCfD34HTavRmdfbbXhSckAmnaA="},"chainType":1,"messageKeys":{}}},"pendingPreKey":{"signedKeyId":3,"baseKey":"BZCZliB0Vmwl9FqnNQX8ZkV9+J9B1MVtOn6nRGSlq+Bd","preKeyId":13257478}}},"version":"v1"}