{"_sessions":{"BR0OdrSQIKZWazhZ7nPNuLVGaQ+J0AwzAmYL0yviknhI":{"registrationId":1320491027,"currentRatchet":{"ephemeralKeyPair":{"pubKey":"BR9YNv8eM1MpslQD1hwDZk38cn4wY/a8PpvQIApES0Qa","privKey":"UAU03G+qTwfUk9o5UAdeJe7B+HZRIHyQNnUJMGyiUWc="},"lastRemoteEphemeralKey":"BWaaHr5ToSszVWQ0nzeCcuB/ILEVo9NBQKkduCcldhMl","previousCounter":0,"rootKey":"Y4n/85u0JInjkY9/b+SuyzLjQJTpgX+mv61n5b0XU9Y="},"indexInfo":{"baseKey":"BR0OdrSQIKZWazhZ7nPNuLVGaQ+J0AwzAmYL0yviknhI","baseKeyType":1,"closed":-1,"used":1746645070189,"created":1746645070189,"remoteIdentityKey":"BfAU5v5GbVk0M1+iIVIkYJSwMbAlrzMVgv9crFuytEAm"},"_chains":{"BR9YNv8eM1MpslQD1hwDZk38cn4wY/a8PpvQIApES0Qa":{"chainKey":{"counter":0,"key":"9Ai8XrLVDaQnuOcl4RTSOAiwJrmytE6h6FdvWrjRjVw="},"chainType":1,"messageKeys":{}}},"pendingPreKey":{"signedKeyId":14,"baseKey":"BR0OdrSQIKZWazhZ7nPNuLVGaQ+J0AwzAmYL0yviknhI","preKeyId":8155550}}},"version":"v1"}