{"_sessions":{"BS/4B83iO92Cpmw4zfTNHK7T0GhFtHWXH/3C24V9zJMd":{"registrationId":901457510,"currentRatchet":{"ephemeralKeyPair":{"pubKey":"BdcPUiBUOJhWYTrda8yJJ9bD/7sonGoa4qwu7jsgocZS","privKey":"4JcK4UXw2i+RItpsacJWB9zaJ2mQKe+/friXqluBEF0="},"lastRemoteEphemeralKey":"BYJp9jnt3ZEhag0dwBiOdzhj4QOTPZdVSh1OuM6wzkk7","previousCounter":0,"rootKey":"0WEzDh4jZhc6Xv1Rrrw/OCQiyv63xy/Al4jMIJx2KaI="},"indexInfo":{"baseKey":"BS/4B83iO92Cpmw4zfTNHK7T0GhFtHWXH/3C24V9zJMd","baseKeyType":1,"closed":-1,"used":1746645262697,"created":1746645158574,"remoteIdentityKey":"BXhXUnJ1WtcAgrdGQxt1qmhTTlSzCBkSVoX9D7Jwf0xd"},"_chains":{"BYJp9jnt3ZEhag0dwBiOdzhj4QOTPZdVSh1OuM6wzkk7":{"chainKey":{"counter":0,"key":"Q2pfAdyb07JhI3Cez4Y6XmEgSqS/ESdrfkRO8wsTr6o="},"chainType":2,"messageKeys":{}},"BdcPUiBUOJhWYTrda8yJJ9bD/7sonGoa4qwu7jsgocZS":{"chainKey":{"counter":-1,"key":"DDiALDnt0C4fv4OBUR4qI6zTZhMcdx13xqmWvbxp/Fg="},"chainType":1,"messageKeys":{}}}}},"version":"v1"}