{"_sessions":{"BSDiXM9+UH4RGxeBtr46PUmgP/wBHPNP/faZaR7hGvIP":{"registrationId":181295822,"currentRatchet":{"ephemeralKeyPair":{"pubKey":"BeZo7gsxC0GE6Pnlvapgi92eku5JxvNsphuuJcujJrp6","privKey":"+I2h9W2BxA4qBVoAJbHljjNhkULlsYisrk8t1eZJn3w="},"lastRemoteEphemeralKey":"BYH7WLJfSxNsTKsUBB1SU55PcYDeXqVi6WtgecWesNBC","previousCounter":0,"rootKey":"hVxeQmqHHBCKU7XuL6Dyih/sez26oP7sw5IFoIvBHFg="},"indexInfo":{"baseKey":"BSDiXM9+UH4RGxeBtr46PUmgP/wBHPNP/faZaR7hGvIP","baseKeyType":1,"closed":-1,"used":1746645166186,"created":1746645166186,"remoteIdentityKey":"BaQquDIWusKeskhxyMQSF0EMteqnjEnSEEe7OT18FTV7"},"_chains":{"BeZo7gsxC0GE6Pnlvapgi92eku5JxvNsphuuJcujJrp6":{"chainKey":{"counter":0,"key":"FcgE1skhv1bmsOpddeLI2xJyB6DrEAL6k+B/R1jIJhA="},"chainType":1,"messageKeys":{}}},"pendingPreKey":{"signedKeyId":2,"baseKey":"BSDiXM9+UH4RGxeBtr46PUmgP/wBHPNP/faZaR7hGvIP","preKeyId":14502809}}},"version":"v1"}