{"_sessions":{"Ba/nOHuiZGGBieuL5f1XJIBKRkprU11l0wGO642c/24b":{"registrationId":1749707197,"currentRatchet":{"ephemeralKeyPair":{"pubKey":"BVkAaAsseXQI7DdkP3cDA5b3slHnJzfc3TQJbl2Csut0","privKey":"AML+r4iw5z+lwrqgRoXHK09fWNlJ3SfjZNZMlsRqnWM="},"lastRemoteEphemeralKey":"BXXuH6i4xkMGn285eYtvKs5dAeN70M4eZdjAYheTdhAy","previousCounter":0,"rootKey":"IMiMpI9E4Smr1whHE5lykITRE2C3QtQSKojuZt5JpcM="},"indexInfo":{"baseKey":"Ba/nOHuiZGGBieuL5f1XJIBKRkprU11l0wGO642c/24b","baseKeyType":1,"closed":-1,"used":1746644960278,"created":1746644960278,"remoteIdentityKey":"BTSnnjMI+eUA40/X1v5knT5MKOcDHZ2inAN7l4qNCUNZ"},"_chains":{"BVkAaAsseXQI7DdkP3cDA5b3slHnJzfc3TQJbl2Csut0":{"chainKey":{"counter":1,"key":"QPLI2ZdqtMeQi1bR29OAg5TRUswbMR4ON0ffoVm/6v0="},"chainType":1,"messageKeys":{}}},"pendingPreKey":{"signedKeyId":5,"baseKey":"Ba/nOHuiZGGBieuL5f1XJIBKRkprU11l0wGO642c/24b","preKeyId":11744096}}},"version":"v1"}