{"_sessions":{"BTHrsqR6mK7HDi/6ML0uCR+rDiR+s92aQmW5GjdIq3xo":{"registrationId":2060076290,"currentRatchet":{"ephemeralKeyPair":{"pubKey":"BWQzvNn0GHsNZkgL/Y/GG2RJmRqqxbik1O6GFjKO0pJP","privKey":"GDXi8Q3sczUivvoy6dg+iMnAAqF+WP+XtWVoiDwt/UQ="},"lastRemoteEphemeralKey":"Bdk24pBThawdhmOuH5Pw4wktrjxLwcUdU0S1rsCE+ogz","previousCounter":0,"rootKey":"rCQLUEXdz1NBqXjWy3J9298QvNrEUkzMkDAQkttkIJ8="},"indexInfo":{"baseKey":"BTHrsqR6mK7HDi/6ML0uCR+rDiR+s92aQmW5GjdIq3xo","baseKeyType":1,"closed":-1,"used":1746645166021,"created":1746645166021,"remoteIdentityKey":"BaVrBzVpGtUn5mRA15JaApc8VWGn9YyPJIWrsfQW2I47"},"_chains":{"BWQzvNn0GHsNZkgL/Y/GG2RJmRqqxbik1O6GFjKO0pJP":{"chainKey":{"counter":0,"key":"OBGCcPdPA9pEAFLPGlp1Qij9JN53j5h2II87fA2IQ68="},"chainType":1,"messageKeys":{}}},"pendingPreKey":{"signedKeyId":15138341,"baseKey":"BTHrsqR6mK7HDi/6ML0uCR+rDiR+s92aQmW5GjdIq3xo","preKeyId":10537}}},"version":"v1"}