{"_sessions":{"BWu72nn9mX6vEt3xbFVPLmHBG4VZ6WwfZjvUjdEBxv9E":{"registrationId":1156074815,"currentRatchet":{"ephemeralKeyPair":{"pubKey":"BZj8LByD4wOyw4/eTlGPBp2Ri1/HEV0KbytvzQTd8e5v","privKey":"qFqK7tf4wqcjvYBMf4wV6q+OC/S/ZOZ0+MOEb9gkwlU="},"lastRemoteEphemeralKey":"BYlYyvZoxDRBw7Vot80rYFubN5/m+I74jVrflRhVnqds","previousCounter":0,"rootKey":"oQU08g5fXIeIw8ntFWbGXM2RWRdoWEQoPQvZEukB7AU="},"indexInfo":{"baseKey":"BWu72nn9mX6vEt3xbFVPLmHBG4VZ6WwfZjvUjdEBxv9E","baseKeyType":1,"closed":-1,"used":1746645158585,"created":1746645158585,"remoteIdentityKey":"BdEv78NgZz8o/QCjmoOA+AQYdYBFAM1Hjcc4bdCPcVVK"},"_chains":{"BZj8LByD4wOyw4/eTlGPBp2Ri1/HEV0KbytvzQTd8e5v":{"chainKey":{"counter":0,"key":"FZjWfL8YbYLt4YPBmpMf5ehunZsNtNkFQFFrzeR9Uts="},"chainType":1,"messageKeys":{}}},"pendingPreKey":{"signedKeyId":7,"baseKey":"BWu72nn9mX6vEt3xbFVPLmHBG4VZ6WwfZjvUjdEBxv9E","preKeyId":12352854}}},"version":"v1"}