{"_sessions":{"BcnIIedZOmDLh4It18K2Oiw245M+ydPb+U/WgwLHi653":{"registrationId":412333557,"currentRatchet":{"ephemeralKeyPair":{"pubKey":"BTAp4IB7dP89LhURz3I9JLpUdsCK/T1OfnqN5vw0Lxtf","privKey":"uMsbVIpcoL4zzRw279n7Kvck2d5Lh/qlO1iColO+W20="},"lastRemoteEphemeralKey":"BTXpSNScpPNrFXt7CxjuTbFvOq4SCB+1LAVfBzYdxVNe","previousCounter":0,"rootKey":"lK9sbz+MlhIbeA2rDeydXtAj5Aunq/o+jJLF0LWzEKo="},"indexInfo":{"baseKey":"BcnIIedZOmDLh4It18K2Oiw245M+ydPb+U/WgwLHi653","baseKeyType":1,"closed":-1,"used":1746627350661,"created":1746627350661,"remoteIdentityKey":"BZKBAZZcv7tjgcG6ZSBG8kpk6ubPhLhLzUIIeD7izmIR"},"_chains":{"BTAp4IB7dP89LhURz3I9JLpUdsCK/T1OfnqN5vw0Lxtf":{"chainKey":{"counter":0,"key":"tLKV1MU9fAYRdx6Tv/omvjo8DUY2fZ1X0PLUes82SvY="},"chainType":1,"messageKeys":{}}},"pendingPreKey":{"signedKeyId":2,"baseKey":"BcnIIedZOmDLh4It18K2Oiw245M+ydPb+U/WgwLHi653","preKeyId":15207713}}},"version":"v1"}