{"_sessions":{"BffKBVeOQPcO2byvbTFpwRRKV1dPj1PFnEPDwVxNWiF3":{"registrationId":76779890,"currentRatchet":{"ephemeralKeyPair":{"pubKey":"BfnFzmUxJhMuZL9HxAKi8K2lrrfiKEBvh43dRav5wBMB","privKey":"SD0CfyJwUZlYLl1khwDAVx5zgT7lf0bE99+qQIasX2g="},"lastRemoteEphemeralKey":"BcKbRszYj6HAaJYmHA/0J7d0oxdw+I+plv2EfCXw2EFB","previousCounter":0,"rootKey":"aodY9QyeabOf0XP7bRMb5xeBigwgz2qtGVohulDkrZY="},"indexInfo":{"baseKey":"BffKBVeOQPcO2byvbTFpwRRKV1dPj1PFnEPDwVxNWiF3","baseKeyType":1,"closed":-1,"used":1746612488616,"created":1746612488616,"remoteIdentityKey":"BbcnsR4TBXS4K5C1MuDkfeB6IBo3r/r6V7cH5re+Xehm"},"_chains":{"BfnFzmUxJhMuZL9HxAKi8K2lrrfiKEBvh43dRav5wBMB":{"chainKey":{"counter":4,"key":"Eyl75/m2kTEaOfSp70vsDwrtPQ3IGwH8tuomNcrdRoo="},"chainType":1,"messageKeys":{}}},"pendingPreKey":{"signedKeyId":4578834,"baseKey":"BffKBVeOQPcO2byvbTFpwRRKV1dPj1PFnEPDwVxNWiF3","preKeyId":2540}}},"version":"v1"}