{"_sessions":{"BSZftFS+bCnaze/h4ExjPvPQ+gu+lcduCcyDD5SHYi1/":{"registrationId":601624406,"currentRatchet":{"ephemeralKeyPair":{"pubKey":"Bf5E9xHMnw8ekjEZk/N7CAteHE4qLdQUAX7qZukOQCRE","privKey":"0E67uof14ohQGjicLB6DVnRhnBajfKzE9k28p2LN2Uk="},"lastRemoteEphemeralKey":"BYZ9Sv22vJNZX0O4/Fnxr9HpgyfrNI7gOXYg7VQyAZNX","previousCounter":0,"rootKey":"xAtL2/tlB9G/bFCgWofLyekS4+XhjYeK9eVvu/Rk0OA="},"indexInfo":{"baseKey":"BSZftFS+bCnaze/h4ExjPvPQ+gu+lcduCcyDD5SHYi1/","baseKeyType":1,"closed":-1,"used":1746645158733,"created":1746645158733,"remoteIdentityKey":"BeD382tsEGSUPnR6A9U9I1aAhjLS4amKOlH8uv31jg8W"},"_chains":{"Bf5E9xHMnw8ekjEZk/N7CAteHE4qLdQUAX7qZukOQCRE":{"chainKey":{"counter":0,"key":"Z+UCoHDBSJSpeqZCT405E+r9TQ1m84Oxs9pHXTbjw2c="},"chainType":1,"messageKeys":{}}},"pendingPreKey":{"signedKeyId":3,"baseKey":"BSZftFS+bCnaze/h4ExjPvPQ+gu+lcduCcyDD5SHYi1/","preKeyId":1769589}}},"version":"v1"}