{"_sessions":{"BQZg1OYkT9FnrX1vRxMwJVdZmG/boeULF95bG48C0wdE":{"registrationId":973871694,"currentRatchet":{"ephemeralKeyPair":{"pubKey":"BV4xin/Nm7K0YvNDKKctEAWTOwbHpzsYhH/G4OW3utpl","privKey":"MLjHgr8xehPhQBApXkE73bAawD4gnZ8B09T4RaZWXXM="},"lastRemoteEphemeralKey":"BWuSiTUpqkj2aiDNmeMokDoWmRSmsKfc8NylAkkniDRf","previousCounter":0,"rootKey":"8fjgqw/rONVtjLi5AgckD0WQM0leTqV1zxsCX6PRF0E="},"indexInfo":{"baseKey":"BQZg1OYkT9FnrX1vRxMwJVdZmG/boeULF95bG48C0wdE","baseKeyType":1,"closed":-1,"used":1746645158774,"created":1746645158774,"remoteIdentityKey":"BXTWnjvuwp/uGDgZn7hEz/ydFfM5ekGihumXkB2HCEtF"},"_chains":{"BV4xin/Nm7K0YvNDKKctEAWTOwbHpzsYhH/G4OW3utpl":{"chainKey":{"counter":0,"key":"gbvAOVg5LtDx0s03naW0Ww/n3gZpUINGtzhqVr6nPEs="},"chainType":1,"messageKeys":{}}},"pendingPreKey":{"signedKeyId":1,"baseKey":"BQZg1OYkT9FnrX1vRxMwJVdZmG/boeULF95bG48C0wdE","preKeyId":14453161}}},"version":"v1"}