{"_sessions":{"BTOvPAvb/DOiPuGHNUBAStIhcBD7LQfyzJEffhfNWi4N":{"registrationId":558552885,"currentRatchet":{"ephemeralKeyPair":{"pubKey":"BQYJI+vxZY2GZ1frM7WdfTnDksUigsML/2XUDb98US8s","privKey":"WN1egP+8KlHSw8zsEzBUCW7mntrfSYcGmofArVjoaHo="},"lastRemoteEphemeralKey":"BeQT4FotyBor0KZEwp+Xl3JuENjCEbW11W7URWV9Y+wx","previousCounter":0,"rootKey":"uNeCnemrB+sk4wDFgmF/wrwmVmYS1OdktddgNyjsWXw="},"indexInfo":{"baseKey":"BTOvPAvb/DOiPuGHNUBAStIhcBD7LQfyzJEffhfNWi4N","baseKeyType":1,"closed":-1,"used":1746645069900,"created":1746645069900,"remoteIdentityKey":"BSFzX/C97pzvs5KfSlxz3ycfUTzRwBCLYh+MOS3NRCY0"},"_chains":{"BQYJI+vxZY2GZ1frM7WdfTnDksUigsML/2XUDb98US8s":{"chainKey":{"counter":0,"key":"g4OzWC/qXyr16rMKP/Wj7uLKz8qo4aShetflxpKyoao="},"chainType":1,"messageKeys":{}}},"pendingPreKey":{"signedKeyId":9,"baseKey":"BTOvPAvb/DOiPuGHNUBAStIhcBD7LQfyzJEffhfNWi4N","preKeyId":6452724}}},"version":"v1"}