{"_sessions":{"BZSSQWSeQOJAUsCcOI+u57pWmVGiBDdvKxxmh6IJorQk":{"registrationId":1613831873,"currentRatchet":{"ephemeralKeyPair":{"pubKey":"BSYreQHd9rAvyXf0WP5nkEwpvFEevyRjtik6P+LvIqou","privKey":"0B15OaJyD9AgIXtuY6YkMcBoqAkKoV2ZsZ4DYania0I="},"lastRemoteEphemeralKey":"BZW8ZILm6frGn3hgdgGm98C4G0jKI/lpERL2tM5BrV1a","previousCounter":0,"rootKey":"kQhpd7O09ievJav3BwOT0P9+XbfB2DzP+dCJ7dtRD/M="},"indexInfo":{"baseKey":"BZSSQWSeQOJAUsCcOI+u57pWmVGiBDdvKxxmh6IJorQk","baseKeyType":1,"closed":1746627386564,"used":1746627366159,"created":1746627366159,"remoteIdentityKey":"BWUWfiVRUXdnSZghZnBzYZx7VgpTwyzSbmdxjKXwgVta"},"_chains":{"BSYreQHd9rAvyXf0WP5nkEwpvFEevyRjtik6P+LvIqou":{"chainKey":{"counter":0,"key":"D5rDfL3Ms2qGJjfC/sFH/daUdNPUI1raECKvQ04T4yo="},"chainType":1,"messageKeys":{}}},"pendingPreKey":{"signedKeyId":8,"baseKey":"BZSSQWSeQOJAUsCcOI+u57pWmVGiBDdvKxxmh6IJorQk","preKeyId":7221121}},"BQnqf2kuuK3gd21HKX0/hxXtFFaHCtk+UZMS1WnraUh2":{"registrationId":1613831873,"currentRatchet":{"ephemeralKeyPair":{"pubKey":"BTTeRYu+3agABlBYh3v7lq4yUZ27zsK7dXQ3IK3SZ38/","privKey":"EG24XOUDr0v4BiwPKzaSrtcXjiLXXq5Kg3RWAWCRWmE="},"lastRemoteEphemeralKey":"BZW8ZILm6frGn3hgdgGm98C4G0jKI/lpERL2tM5BrV1a","previousCounter":0,"rootKey":"WdAfJcvdNiJPQ4weX7PtzvqVe0Br1hBVkwFexy5XDdI="},"indexInfo":{"baseKey":"BQnqf2kuuK3gd21HKX0/hxXtFFaHCtk+UZMS1WnraUh2","baseKeyType":1,"closed":1746627408775,"used":1746627386272,"created":1746627386272,"remoteIdentityKey":"BWUWfiVRUXdnSZghZnBzYZx7VgpTwyzSbmdxjKXwgVta"},"_chains":{"BTTeRYu+3agABlBYh3v7lq4yUZ27zsK7dXQ3IK3SZ38/":{"chainKey":{"counter":0,"key":"c8PsInVbfS7lfoQzz6kRoW+tQfRgOj0RByhuYggmm20="},"chainType":1,"messageKeys":{}}},"pendingPreKey":{"signedKeyId":8,"baseKey":"BQnqf2kuuK3gd21HKX0/hxXtFFaHCtk+UZMS1WnraUh2","preKeyId":7221016}},"BelPApidgLobe4rX+tPTHSbDxQXNXdNdWC+MaOCafbx+":{"registrationId":1613831873,"currentRatchet":{"ephemeralKeyPair":{"pubKey":"BbZzKIGY/WJ6VRbcdJ6vQZi0QQw+QEHXIbLDLSGSpCk7","privKey":"8MAj9gvDZXECJQbqidKJfAT0efBV3Yl5SEb+zghkh3I="},"lastRemoteEphemeralKey":"BZW8ZILm6frGn3hgdgGm98C4G0jKI/lpERL2tM5BrV1a","previousCounter":0,"rootKey":"GXPhGXa0bCGjD7/gSs5NWYQtTwWAhhx1Ol55blQ6HMY="},"indexInfo":{"baseKey":"BelPApidgLobe4rX+tPTHSbDxQXNXdNdWC+MaOCafbx+","baseKeyType":1,"closed":-1,"used":1746627408567,"created":1746627408567,"remoteIdentityKey":"BWUWfiVRUXdnSZghZnBzYZx7VgpTwyzSbmdxjKXwgVta"},"_chains":{"BbZzKIGY/WJ6VRbcdJ6vQZi0QQw+QEHXIbLDLSGSpCk7":{"chainKey":{"counter":3,"key":"24JAy0w2Bjk9Tr5qij61+RPEgCm+VyRbWZkxP0QRYOc="},"chainType":1,"messageKeys":{}}},"pendingPreKey":{"signedKeyId":8,"baseKey":"BelPApidgLobe4rX+tPTHSbDxQXNXdNdWC+MaOCafbx+","preKeyId":7221126}}},"version":"v1"}