{"_sessions":{"BU5If4y0ZZXt+fUZBcCWH0C6CjId28iFIS7GyJqWY8Zm":{"registrationId":1902886792,"currentRatchet":{"ephemeralKeyPair":{"pubKey":"BWoj5pf4MHu/Thjir6xqO8MByDSIP2pW/CrkLBzC5o16","privKey":"AK6Bppk/G1t1KZyn2psaYFTI+vWXefkipJzGiLZV8Vk="},"lastRemoteEphemeralKey":"BaO+SQnfNQEd7o74vK/yXXpJEI278O0sotC6AJCDQBxJ","previousCounter":0,"rootKey":"VeKspjGNSgmzxlwWgKm1pnKlE1dquyXuPFHp09iRmkk="},"indexInfo":{"baseKey":"BU5If4y0ZZXt+fUZBcCWH0C6CjId28iFIS7GyJqWY8Zm","baseKeyType":1,"closed":-1,"used":1746644956790,"created":1746644956790,"remoteIdentityKey":"BTzfJ0ejxSFdPo1ARwXpdIS7xAP8HtGzknQGKop//7VQ"},"_chains":{"BWoj5pf4MHu/Thjir6xqO8MByDSIP2pW/CrkLBzC5o16":{"chainKey":{"counter":1,"key":"h7Jxu7dNFi3oayjPZh5HAVd8jf+sUvTxKoUo455+Omk="},"chainType":1,"messageKeys":{}}},"pendingPreKey":{"signedKeyId":4,"baseKey":"BU5If4y0ZZXt+fUZBcCWH0C6CjId28iFIS7GyJqWY8Zm","preKeyId":7549717}}},"version":"v1"}