{"_sessions":{"BedkaBcIAqjJpt52pWUaiHcFVw7i/t0A6Nb3T47BWdU4":{"registrationId":1563329650,"currentRatchet":{"ephemeralKeyPair":{"pubKey":"BWkztIalrfCylth4isvDPJUYbuR2CgJTdxi4FitsVw4D","privKey":"4D0fACTcXUAJk+tRT25b5CyN5zqI15GFpnlnag2EL38="},"lastRemoteEphemeralKey":"BX0ceJD8UN6qFe5bwbmJERK1kUGUnGw2UUcEq5phQgwZ","previousCounter":0,"rootKey":"3aZnL5H0j2Js2t6QESTGEy0SG51ZAfY24uLwBHV1C7s="},"indexInfo":{"baseKey":"BedkaBcIAqjJpt52pWUaiHcFVw7i/t0A6Nb3T47BWdU4","baseKeyType":1,"closed":-1,"used":1746644960246,"created":1746644960246,"remoteIdentityKey":"BbLy4CUpjVNBnoz6/CbKciSRGjoi9rusT3byM0R1z0c/"},"_chains":{"BWkztIalrfCylth4isvDPJUYbuR2CgJTdxi4FitsVw4D":{"chainKey":{"counter":1,"key":"yY0hB6TcZhEZhkrdT3ON6Aw7NY/mWfw12uzTEI+Wv3U="},"chainType":1,"messageKeys":{}}},"pendingPreKey":{"signedKeyId":0,"baseKey":"BedkaBcIAqjJpt52pWUaiHcFVw7i/t0A6Nb3T47BWdU4"}}},"version":"v1"}