{"_sessions":{"BXbM/hwbm+tHw8sks8oxxwkxc/l8lWbzKv+oJL37rzFb":{"registrationId":44492468,"currentRatchet":{"ephemeralKeyPair":{"pubKey":"BYOJFyrRNzfyNp0ibISc/VJtFiuN0XJ5a24IugFdz5Et","privKey":"KF/RxioEX57eIMxhJ/ncfgOjqAfNSFR4pojHICePjVg="},"lastRemoteEphemeralKey":"BReBFQCO0fp8rAIwsDsYj9oqmpm8Z19HfRogHrJWq1ZM","previousCounter":0,"rootKey":"MbbA0ao6my7IQKu9Kow5zoXfTfs7vcR73oUwTCaaUtE="},"indexInfo":{"baseKey":"BXbM/hwbm+tHw8sks8oxxwkxc/l8lWbzKv+oJL37rzFb","baseKeyType":1,"closed":1746627386555,"used":1746627366134,"created":1746627366134,"remoteIdentityKey":"BWsD/4bv5WzVZRuqS3HHP0P+1lxepWcIbJKuc1DjlcAZ"},"_chains":{"BYOJFyrRNzfyNp0ibISc/VJtFiuN0XJ5a24IugFdz5Et":{"chainKey":{"counter":0,"key":"hfTOpWxn6AQWVrHCEY0oKisdKejsS04Ygoza8rboqHY="},"chainType":1,"messageKeys":{}}},"pendingPreKey":{"signedKeyId":1,"baseKey":"BXbM/hwbm+tHw8sks8oxxwkxc/l8lWbzKv+oJL37rzFb","preKeyId":2539351}},"BdVJHnEQocDfcpPZLLjEv0WYdV0Vy0sVBnbkHjU46vpD":{"registrationId":44492468,"currentRatchet":{"ephemeralKeyPair":{"pubKey":"Bd1JHu8771ZpeN/+9tRwRAWWrwqEUSHWU48lV5XtLP4J","privKey":"aGA40hE5EUx/uYFuLNGxca4EETKC2DbPZXu7EPQC1Fc="},"lastRemoteEphemeralKey":"BReBFQCO0fp8rAIwsDsYj9oqmpm8Z19HfRogHrJWq1ZM","previousCounter":0,"rootKey":"Hti3eHWaTGc/6EhtUnjnZJBEfXxoNVcPpb6HFG3QRnE="},"indexInfo":{"baseKey":"BdVJHnEQocDfcpPZLLjEv0WYdV0Vy0sVBnbkHjU46vpD","baseKeyType":1,"closed":1746627408770,"used":1746627386235,"created":1746627386235,"remoteIdentityKey":"BWsD/4bv5WzVZRuqS3HHP0P+1lxepWcIbJKuc1DjlcAZ"},"_chains":{"Bd1JHu8771ZpeN/+9tRwRAWWrwqEUSHWU48lV5XtLP4J":{"chainKey":{"counter":0,"key":"ryJezsFXXhTFfqTLPIEmuGENkDvWOqMlaMUd6id42H0="},"chainType":1,"messageKeys":{}}},"pendingPreKey":{"signedKeyId":1,"baseKey":"BdVJHnEQocDfcpPZLLjEv0WYdV0Vy0sVBnbkHjU46vpD","preKeyId":2539683}},"BRKMT62LU0HdbduaHSXLLNq19+nlSEGNuQjDsNRCuyRW":{"registrationId":44492468,"currentRatchet":{"ephemeralKeyPair":{"pubKey":"BR2WjDeuHtwGIAzhbAjd9YHnfFviFjzAwxOsQehCF00a","privKey":"KCK+6gdDmbOenztaht1zO6wTbQagAkPSeYA4OJt54kI="},"lastRemoteEphemeralKey":"BReBFQCO0fp8rAIwsDsYj9oqmpm8Z19HfRogHrJWq1ZM","previousCounter":0,"rootKey":"CCd08eA9Afv6gckptOudP8VDn8CumyRYw8ZE4ps5xHY="},"indexInfo":{"baseKey":"BRKMT62LU0HdbduaHSXLLNq19+nlSEGNuQjDsNRCuyRW","baseKeyType":1,"closed":-1,"used":1746627408534,"created":1746627408534,"remoteIdentityKey":"BWsD/4bv5WzVZRuqS3HHP0P+1lxepWcIbJKuc1DjlcAZ"},"_chains":{"BR2WjDeuHtwGIAzhbAjd9YHnfFviFjzAwxOsQehCF00a":{"chainKey":{"counter":3,"key":"e2sNOCjhYaSMB4pTlvnlDJnK5tQGP9k3z0w69cdkOpE="},"chainType":1,"messageKeys":{}}},"pendingPreKey":{"signedKeyId":1,"baseKey":"BRKMT62LU0HdbduaHSXLLNq19+nlSEGNuQjDsNRCuyRW","preKeyId":2539458}}},"version":"v1"}