{"_sessions":{"BWwSTHvO4lw5JLeOTpp1BOO5AWCNvwBcwCio6gUqKhMb":{"registrationId":1450686436,"currentRatchet":{"ephemeralKeyPair":{"pubKey":"Bb6zjC8Dc0URqY2PteqrgPykrNW7qzXc+srA6aaroNMd","privKey":"cHpdcpsVr115mzzQauo/Yqqp9nQO+h7oQpmFyMvlyUE="},"lastRemoteEphemeralKey":"BZETttkiDEpFXg/ShyOW/KkcBua597I3pBjlonKDdXcy","previousCounter":0,"rootKey":"Pm7CqLQaKsdfkPMOB3r9F1XcDSNCZgJsftRgFdIpADE="},"indexInfo":{"baseKey":"BWwSTHvO4lw5JLeOTpp1BOO5AWCNvwBcwCio6gUqKhMb","baseKeyType":1,"closed":-1,"used":1746645158534,"created":1746645158534,"remoteIdentityKey":"Bf6yK6xP+R7XJtuW1f6o9k0of9R8IUXNwBO+UCjlIBgr"},"_chains":{"Bb6zjC8Dc0URqY2PteqrgPykrNW7qzXc+srA6aaroNMd":{"chainKey":{"counter":0,"key":"nWDH8L6vTyd5x8m4Jb6EwoTsl3vjfMCuQNZ5U89YvAM="},"chainType":1,"messageKeys":{}}},"pendingPreKey":{"signedKeyId":1,"baseKey":"BWwSTHvO4lw5JLeOTpp1BOO5AWCNvwBcwCio6gUqKhMb","preKeyId":1520}}},"version":"v1"}