{"_sessions":{"BSmCh+zOpyedsnpOrzAGe4zZa+jZP3dSTyVIKDBS9vZM":{"registrationId":513030111,"currentRatchet":{"ephemeralKeyPair":{"pubKey":"BUD3CodUfXaPOL+g/iOA+knHpQj/rpmCMz4vZzg5Bps8","privKey":"SIDj2vVvg+JWBxUwDlrOTopW/rHv/peY2ZfKdjLmJWU="},"lastRemoteEphemeralKey":"BTOVzNmmOF462OohL8xn6igPVWaGOMEVUhnFx9riRfl+","previousCounter":0,"rootKey":"BfDsk3BAb2dkXtk9g6iQXW6Sla8ZG+1Rnyt9CKpgHIE="},"indexInfo":{"baseKey":"BSmCh+zOpyedsnpOrzAGe4zZa+jZP3dSTyVIKDBS9vZM","baseKeyType":1,"closed":-1,"used":1746644956753,"created":1746644956753,"remoteIdentityKey":"BS5cpRQ32ZGPRfavdevzbXqEp3bFmC7OZmFFVAw51Jx7"},"_chains":{"BUD3CodUfXaPOL+g/iOA+knHpQj/rpmCMz4vZzg5Bps8":{"chainKey":{"counter":1,"key":"p5WxV5NtFcak0OCsfHAblIvj5gDoskfN3R9jPURQfxA="},"chainType":1,"messageKeys":{}}},"pendingPreKey":{"signedKeyId":4,"baseKey":"BSmCh+zOpyedsnpOrzAGe4zZa+jZP3dSTyVIKDBS9vZM","preKeyId":708946}}},"version":"v1"}