{"_sessions":{"BfelRczUFgYk01w5drpJlRRqZOGViZeWj01QkBuSxqV4":{"registrationId":745338955,"currentRatchet":{"ephemeralKeyPair":{"pubKey":"BV4Z7Qs/ovoAarZZrBeCYyBZ1t/Ws5NTnNP6LMaOUjxl","privKey":"oHa9Vb5CFQE5feve5TSNQJ4ups//JR96gC/g1lGauGI="},"lastRemoteEphemeralKey":"BdAakduU+1+pExApUz0VNMHj3bLl5onnFrvLkAdDK48Y","previousCounter":0,"rootKey":"Bu13FfQPeFIVKv62NozIRwLFJ0MkCsWNv6bQbMwKIXk="},"indexInfo":{"baseKey":"BfelRczUFgYk01w5drpJlRRqZOGViZeWj01QkBuSxqV4","baseKeyType":1,"closed":-1,"used":1746645162630,"created":1746645162630,"remoteIdentityKey":"BXhL4FoBZmpUexY7x2QGFX+M4oKwxjKPMbvnFzoRFeUR"},"_chains":{"BV4Z7Qs/ovoAarZZrBeCYyBZ1t/Ws5NTnNP6LMaOUjxl":{"chainKey":{"counter":0,"key":"KmmjHdM54+odCYy2UXybCw6jbmCD049ViWAB9HtUytc="},"chainType":1,"messageKeys":{}}},"pendingPreKey":{"signedKeyId":5,"baseKey":"BfelRczUFgYk01w5drpJlRRqZOGViZeWj01QkBuSxqV4","preKeyId":356210}}},"version":"v1"}