{"_sessions":{"BQIX66jZaivX9xp+b8FrGVVZNN/LNhVBjf8ymb13otZE":{"registrationId":1421802998,"currentRatchet":{"ephemeralKeyPair":{"pubKey":"BdrxlN8P1HGl4KptXIbBn9XIV4gWhgrqUCyBSoWrneA2","privKey":"MKE4tEyOJHM8WLPu8uShgPQ4DYlfpbfxefYDN8u9JWQ="},"lastRemoteEphemeralKey":"BU4TgLTr36znHZ0mj1SZrhZk6piSh5JutW23cPkz/K83","previousCounter":0,"rootKey":"Kcz8sPMqL9cXIvvXhCdmIC8V5RmFQZpp2tLj5FY8J+s="},"indexInfo":{"baseKey":"BQIX66jZaivX9xp+b8FrGVVZNN/LNhVBjf8ymb13otZE","baseKeyType":1,"closed":-1,"used":1746644956861,"created":1746644956861,"remoteIdentityKey":"BdF9flwqm2HuPf8+rA1YsiZ9wf535wVMVo5BYziMmYZq"},"_chains":{"BdrxlN8P1HGl4KptXIbBn9XIV4gWhgrqUCyBSoWrneA2":{"chainKey":{"counter":1,"key":"ZkIpwCr2zXvdaSDDXpReVwWM34ox4QtqOxRfSD0HGyo="},"chainType":1,"messageKeys":{}}},"pendingPreKey":{"signedKeyId":9,"baseKey":"BQIX66jZaivX9xp+b8FrGVVZNN/LNhVBjf8ymb13otZE","preKeyId":7611412}}},"version":"v1"}