{"_sessions":{"BdjKLs3w+n62Kw/hFHhKixu3NdyX2+Cn8fXEGunzvpY5":{"registrationId":1184620561,"currentRatchet":{"ephemeralKeyPair":{"pubKey":"BVOW26LhVCz1477l1mIoK75MZNw61/yO6GN5t48XYmVW","privKey":"4GZM3rN8j1fgPSv9CpWeNSLw5FYMceJzP2c+ZDGltXc="},"lastRemoteEphemeralKey":"BUuzZ9THfs8XFU+PtpuUnWrwlyJstyd+HsCWUevegf5f","previousCounter":0,"rootKey":"Ald6BdlrCp3o1oR5rc/x5KbX2R0r0YwMC7c+6A1IMzY="},"indexInfo":{"baseKey":"BdjKLs3w+n62Kw/hFHhKixu3NdyX2+Cn8fXEGunzvpY5","baseKeyType":1,"closed":-1,"used":1746645158857,"created":1746645158857,"remoteIdentityKey":"BZugtmLSheHrO0NaB7Lx6s0Sj2W9n3VyQCoiHzdjfLt4"},"_chains":{"BVOW26LhVCz1477l1mIoK75MZNw61/yO6GN5t48XYmVW":{"chainKey":{"counter":0,"key":"Mt+mlZo30CkAN4LIjONo38DBmZrghcQqhF6kkmUrttM="},"chainType":1,"messageKeys":{}}},"pendingPreKey":{"signedKeyId":5,"baseKey":"BdjKLs3w+n62Kw/hFHhKixu3NdyX2+Cn8fXEGunzvpY5","preKeyId":6444362}}},"version":"v1"}