{"_sessions":{"Bfs+H5nNK1vatwUpAmkPhn0TqYuDpJCcOZaXAqXid3pl":{"registrationId":234000011,"currentRatchet":{"ephemeralKeyPair":{"pubKey":"BaYKNoOIJ60m5MamxDYIwUo0CXefTkT1++O/HjM9+8sH","privKey":"ENkz+5k2ag2PwSUs6tNwQqYmvi/HRwGxsN8lzudd5Eo="},"lastRemoteEphemeralKey":"BRBEuKm23payiaFjQIy+XZhIknxYFdCdOMEnZU2Pa1Ne","previousCounter":0,"rootKey":"F6NrY1Y0ZvouEQmGQBAkO6Il1/yD9BRk+MwjTfhr8Q8="},"indexInfo":{"baseKey":"Bfs+H5nNK1vatwUpAmkPhn0TqYuDpJCcOZaXAqXid3pl","baseKeyType":1,"closed":-1,"used":1746645158742,"created":1746645158742,"remoteIdentityKey":"BZSfwufxL8Mcqtjyqv5QvG9tsKvkbxXNVZtAma36K7MW"},"_chains":{"BaYKNoOIJ60m5MamxDYIwUo0CXefTkT1++O/HjM9+8sH":{"chainKey":{"counter":0,"key":"yAZgz2VU0xZIh4Ti4sFBAU23EL1hwJJnUgpyoY3RBZk="},"chainType":1,"messageKeys":{}}},"pendingPreKey":{"signedKeyId":6891303,"baseKey":"Bfs+H5nNK1vatwUpAmkPhn0TqYuDpJCcOZaXAqXid3pl"}}},"version":"v1"}