{"_sessions":{"BbAfQoxhdKdVrMe/F7R6YSvIopssMLA4jYBp+rh/E5lw":{"registrationId":661743525,"currentRatchet":{"ephemeralKeyPair":{"pubKey":"BQUbC0AoJqVIQleNWNDq/DMAlHcMTNbJ3DSOWR/D8+Ya","privKey":"6IRgJj3bUPNinyKXhvRK2f9DZyRvWS/sa8FYQEmVZlM="},"lastRemoteEphemeralKey":"Bcc9X8CNIkAdqnA8sVXyzIUrFME/x7WvQ5V5wmh/IVlZ","previousCounter":0,"rootKey":"IjGycA8QGhZfhgY63ISb6H9AChXa0y1k3sxU+H4ufVk="},"indexInfo":{"baseKey":"BbAfQoxhdKdVrMe/F7R6YSvIopssMLA4jYBp+rh/E5lw","baseKeyType":1,"closed":-1,"used":1746627450086,"created":1746627450086,"remoteIdentityKey":"BYf8jKB1faAdMc6AWNmi5e5t9XJwVcpBj/EBl3TgjHpk"},"_chains":{"BQUbC0AoJqVIQleNWNDq/DMAlHcMTNbJ3DSOWR/D8+Ya":{"chainKey":{"counter":0,"key":"U3UQMTdeWGs5bpm6MS+NFVShvtCf5TS9WptWX7QvsGc="},"chainType":1,"messageKeys":{}}},"pendingPreKey":{"signedKeyId":0,"baseKey":"BbAfQoxhdKdVrMe/F7R6YSvIopssMLA4jYBp+rh/E5lw","preKeyId":5949541}}},"version":"v1"}