{"_sessions":{"BY7Y4V5547q0dQ0az7kXOApO1S07SdrEDKkvagt9Rq9m":{"registrationId":893682718,"currentRatchet":{"ephemeralKeyPair":{"pubKey":"BTj/E8zyZWrfZigxD4tPrh9d4AzVRqa+UR5IfExdEJIW","privKey":"oDDXUQ5ibb4xjIbkLIRGmBAhps//ZvehNfHVCWdETWQ="},"lastRemoteEphemeralKey":"BRJaeWF0BnDJbs1DJpB1jp5kuiU8Uf2W451bOVRu89pX","previousCounter":0,"rootKey":"++nTazz6c0SVnJ4D0nYIJCCiMLFy86T0exy0vN1d9yY="},"indexInfo":{"baseKey":"BY7Y4V5547q0dQ0az7kXOApO1S07SdrEDKkvagt9Rq9m","baseKeyType":1,"closed":-1,"used":1746645158806,"created":1746645158806,"remoteIdentityKey":"BQwqoMiGbFZTGR+o0mr9Xj13nj9DvQoNyiywRWvMaqMH"},"_chains":{"BTj/E8zyZWrfZigxD4tPrh9d4AzVRqa+UR5IfExdEJIW":{"chainKey":{"counter":0,"key":"5Vrqxfy+jCZ67/m3y//1WiZe2CSrGNvfoHhAbt5Zhns="},"chainType":1,"messageKeys":{}}},"pendingPreKey":{"signedKeyId":1,"baseKey":"BY7Y4V5547q0dQ0az7kXOApO1S07SdrEDKkvagt9Rq9m","preKeyId":14925277}}},"version":"v1"}