{"_sessions":{"BXdRw+H7KnV5zr0zVH3a1jkV1ks80GQcOcWP2tazPngH":{"registrationId":2707,"currentRatchet":{"ephemeralKeyPair":{"pubKey":"Be1y2fA05xFWrwIeXuO6Oj96tU9n1WMs6ud3Tl8hN/dY","privKey":"UCpelAQ6lvV8+nOIa+GJqTd/cYxgZfTl5cPTlZ6OqGo="},"lastRemoteEphemeralKey":"Bc7QxzjgEVyS1fctG7bijr+miWUBmG/ZTtQzMvwePzBI","previousCounter":0,"rootKey":"QimqzlCh8lQoFEeqGzBhLX6VK4JuCDFx8LbLzRHjEh8="},"indexInfo":{"baseKey":"BXdRw+H7KnV5zr0zVH3a1jkV1ks80GQcOcWP2tazPngH","baseKeyType":1,"closed":-1,"used":1746644956515,"created":1746644956515,"remoteIdentityKey":"BU51uIeptP9GaQliFNZTjNzzCEbvLtsyNRo0hG4aHP4Z"},"_chains":{"Be1y2fA05xFWrwIeXuO6Oj96tU9n1WMs6ud3Tl8hN/dY":{"chainKey":{"counter":1,"key":"bBcSxmhYSsJRQMAE8aZh1Lx+G3XbXlHAbb2ePFWMBZQ="},"chainType":1,"messageKeys":{}}},"pendingPreKey":{"signedKeyId":1,"baseKey":"BXdRw+H7KnV5zr0zVH3a1jkV1ks80GQcOcWP2tazPngH"}}},"version":"v1"}