{"_sessions":{"Bbh+MJYnlg6OE7kBefLmudDgwiejsJa0f+PFF02vqMYy":{"registrationId":41824087,"currentRatchet":{"ephemeralKeyPair":{"pubKey":"BTAtty17/PL+IxwncxmfMUOGC+sVaP3vpFSZL6fExYcG","privKey":"4Mj3vVkicfPF8+BtsfIlXOgDKRwzP4IEYu0YL2BRBXE="},"lastRemoteEphemeralKey":"BQ/VH6bcgEcdSwHe7mdUZENtsVInUxkHjNF3ldV/ISVT","previousCounter":0,"rootKey":"RF1ZCHvDHmHHK5ddWd2MGiTg3R5bgXtDlZ5X4Y+yhsY="},"indexInfo":{"baseKey":"Bbh+MJYnlg6OE7kBefLmudDgwiejsJa0f+PFF02vqMYy","baseKeyType":1,"closed":-1,"used":1746627450145,"created":1746627450145,"remoteIdentityKey":"BS90AItdeYa24lN52u5n22eB5xReWnoQF5uGdKr8yqEL"},"_chains":{"BTAtty17/PL+IxwncxmfMUOGC+sVaP3vpFSZL6fExYcG":{"chainKey":{"counter":0,"key":"UsxlZjm0ZWhWMw9qvyUnRiFLfzR/ei2SBiovyPTKWF4="},"chainType":1,"messageKeys":{}}},"pendingPreKey":{"signedKeyId":7,"baseKey":"Bbh+MJYnlg6OE7kBefLmudDgwiejsJa0f+PFF02vqMYy","preKeyId":4747160}}},"version":"v1"}