{"_sessions":{"BVGH5yrGwsLzYKJ/ctvVcuYhoeJlAhxD2d6gRR/ksNFc":{"registrationId":1796367606,"currentRatchet":{"ephemeralKeyPair":{"pubKey":"BVc48uYxH+Bfjq/xdDAaq/5NN481Som7aKH0HeR0f6gj","privKey":"MHTl/Apylx6YJcgP6hsd+LSwycTIDypMkFE13DYywWA="},"lastRemoteEphemeralKey":"Bfa6FcJkM4PxifUCJ+pExjpRqBM5IS3oOsobigeyb4l2","previousCounter":0,"rootKey":"uwNKTtwNauRFkRhAG7Pv+MnbKBuLYJwiERYr8VUxqhg="},"indexInfo":{"baseKey":"BVGH5yrGwsLzYKJ/ctvVcuYhoeJlAhxD2d6gRR/ksNFc","baseKeyType":1,"closed":-1,"used":1746645069686,"created":1746645069686,"remoteIdentityKey":"BbCR+1kg+9ewQTvubW/K9WrrIkw5E13CVUR/jSrE20tc"},"_chains":{"BVc48uYxH+Bfjq/xdDAaq/5NN481Som7aKH0HeR0f6gj":{"chainKey":{"counter":0,"key":"ESl5yoJMJvOrsfUNYf/w1bu+MC+aAmDU/WU3vrnU3aQ="},"chainType":1,"messageKeys":{}}},"pendingPreKey":{"signedKeyId":1,"baseKey":"BVGH5yrGwsLzYKJ/ctvVcuYhoeJlAhxD2d6gRR/ksNFc","preKeyId":11246423}}},"version":"v1"}