{"_sessions":{"BSskh0ShcPZxs1kn4XQFI7nRexF/RjzlX4EmLNo8mBQe":{"registrationId":629818986,"currentRatchet":{"ephemeralKeyPair":{"pubKey":"BbN4At3pyNyZ6N3WtoOy7xVb5rk+rmZ3FW/GjU1hLZI0","privKey":"WLggJ2glxdjlvfVcZDBE+QmaeWlj1jSYN753VDF7U14="},"lastRemoteEphemeralKey":"BaGLrTfOERU6cO96iY25Plhc7UqQdAcP9rz1l/JBM2w5","previousCounter":0,"rootKey":"j3wsvBy8LAQltDo66c3sAVpH2JwYLD6N3ben9W6GhrI="},"indexInfo":{"baseKey":"BSskh0ShcPZxs1kn4XQFI7nRexF/RjzlX4EmLNo8mBQe","baseKeyType":1,"closed":-1,"used":1746645070253,"created":1746645070253,"remoteIdentityKey":"BUkhg3pfWKjBP6TmdX8W2/OoZeoXHBEXP705St5bj1h5"},"_chains":{"BbN4At3pyNyZ6N3WtoOy7xVb5rk+rmZ3FW/GjU1hLZI0":{"chainKey":{"counter":0,"key":"0IBCuwy6zoc1rjmPdNpldKoFsXtJ2H+hXjpcR8QCpec="},"chainType":1,"messageKeys":{}}},"pendingPreKey":{"signedKeyId":8,"baseKey":"BSskh0ShcPZxs1kn4XQFI7nRexF/RjzlX4EmLNo8mBQe","preKeyId":469308}}},"version":"v1"}