{"_sessions":{"BZaELHRDRQkN+wQG1xheJ7nt2kPQcDvSLDJvukKiytU/":{"registrationId":2028982669,"currentRatchet":{"ephemeralKeyPair":{"pubKey":"Bd0frTs4xOTDS6W5E/ijOdXWZKLO9TisrKo0kP5PhbdK","privKey":"OHS8l6Sk7NQBT/bmCMuAAhRMNYQrHuQk+5d4v/nulEM="},"lastRemoteEphemeralKey":"BaOafgToQj28xe0LjKbEb9ArPlDXQRDqiag3n9vdNaQ7","previousCounter":0,"rootKey":"V44A1GGkqsLAAjk0smV8I/Io7C5nG6/s+yv0zX3COJ4="},"indexInfo":{"baseKey":"BZaELHRDRQkN+wQG1xheJ7nt2kPQcDvSLDJvukKiytU/","baseKeyType":1,"closed":-1,"used":1746644956851,"created":1746644956851,"remoteIdentityKey":"BW0vvLE8EH3EuYCGB8TBL8Ahs4MKPA+pFQgnK9JmGk0+"},"_chains":{"Bd0frTs4xOTDS6W5E/ijOdXWZKLO9TisrKo0kP5PhbdK":{"chainKey":{"counter":1,"key":"DNsUn5vCO/MKmGenTiP3qSRFm+Kdf7q9f/Y8XtwBrvM="},"chainType":1,"messageKeys":{}}},"pendingPreKey":{"signedKeyId":0,"baseKey":"BZaELHRDRQkN+wQG1xheJ7nt2kPQcDvSLDJvukKiytU/","preKeyId":8992274}}},"version":"v1"}