{"_sessions":{"BXPn8A+kXOLK6Qp8Ya6t6dAh56cOvMjVpVNlp7K+Bp5i":{"registrationId":574230151,"currentRatchet":{"ephemeralKeyPair":{"pubKey":"BVB8dYqM/YJDo+qe4GaRPovUhR3Y2dktFJQkdZ0M+gQr","privKey":"EI9Ze2SVWNm9qJcUReC9gxXjG6QjbLoVaQovXJz7mGk="},"lastRemoteEphemeralKey":"BdMXALdMF8DLnfdEJKBPKygYhXxZofdbc5ko1GaRiy5y","previousCounter":0,"rootKey":"yKOnpGePp0UX1t5BvsvG+cee4nV7ksNp8sy0zOEXXJo="},"indexInfo":{"baseKey":"BXPn8A+kXOLK6Qp8Ya6t6dAh56cOvMjVpVNlp7K+Bp5i","baseKeyType":1,"closed":-1,"used":1746644956803,"created":1746644956803,"remoteIdentityKey":"BaffBOOAgeACBh0KcPAh8XBkFcZucDuXTKSLYrCxaNZn"},"_chains":{"BVB8dYqM/YJDo+qe4GaRPovUhR3Y2dktFJQkdZ0M+gQr":{"chainKey":{"counter":1,"key":"2dtUhItZahckiL1ToxElIQpUJwiQRmHHcGhJOVrE/Wc="},"chainType":1,"messageKeys":{}}},"pendingPreKey":{"signedKeyId":2,"baseKey":"BXPn8A+kXOLK6Qp8Ya6t6dAh56cOvMjVpVNlp7K+Bp5i","preKeyId":6011291}}},"version":"v1"}