{"_sessions":{"Bc+JDbuYttOVWFqodOajOfjNVzRFC2CGmG+TUV9eBxJR":{"registrationId":2043199932,"currentRatchet":{"ephemeralKeyPair":{"pubKey":"BdQ/7SssZVjf+fK1GkyrPhUOFI0glNw+uekKid1elmBJ","privKey":"kM5Ta40jgVAznOubWpN30ckT8iP7fb4uIfkICLMfXW0="},"lastRemoteEphemeralKey":"BWLupNyIyMq5xvWp171cE1hNKe39IuUYhtWisU2IAk0p","previousCounter":0,"rootKey":"w2m7kqNaHtD7ctG/B/fSc+UhGSRwXPR4TwmWqbwEX0w="},"indexInfo":{"baseKey":"Bc+JDbuYttOVWFqodOajOfjNVzRFC2CGmG+TUV9eBxJR","baseKeyType":1,"closed":-1,"used":1746644956778,"created":1746644956778,"remoteIdentityKey":"BWAWDYsPEtXhya7fzLQPCsboJXoBnowEgqNw2nUYIRNt"},"_chains":{"BdQ/7SssZVjf+fK1GkyrPhUOFI0glNw+uekKid1elmBJ":{"chainKey":{"counter":1,"key":"2Z2ukQllZh5ZenNk6NGFQba/PFyC6UNbFB4ouaSJll0="},"chainType":1,"messageKeys":{}}},"pendingPreKey":{"signedKeyId":9,"baseKey":"Bc+JDbuYttOVWFqodOajOfjNVzRFC2CGmG+TUV9eBxJR","preKeyId":5686267}}},"version":"v1"}