{"_sessions":{"BZusM4RGXpWQknwFYdv+7eFDirkoOehhzygWo4CgPLgF":{"registrationId":1120096839,"currentRatchet":{"ephemeralKeyPair":{"pubKey":"BVsNpGxMchkvCjeYi49Kgt2lyXijqVVruZnhNfLQ3uAZ","privKey":"eJnAbDkiAAECbX9pmRuzMhMskR+BAOJuHQrCUJymSUI="},"lastRemoteEphemeralKey":"Bb7SFlcavraCQyam5M5+2kT3EfkgmOzcwbc5m2ml2TBh","previousCounter":0,"rootKey":"VHwwpRmxUzDi4krEj47Qm3Q2v9NegQJB+7zrYNMekRA="},"indexInfo":{"baseKey":"BZusM4RGXpWQknwFYdv+7eFDirkoOehhzygWo4CgPLgF","baseKeyType":1,"closed":-1,"used":1746645165993,"created":1746645165993,"remoteIdentityKey":"Be6WLHn4Puma6N6MBBaZTz6t/LDd+KaA6PjCFsYLfn5g"},"_chains":{"BVsNpGxMchkvCjeYi49Kgt2lyXijqVVruZnhNfLQ3uAZ":{"chainKey":{"counter":0,"key":"OoR+EuXQYeF1FM3HjWHTeTUQLqgqlg8BTa6czVVSP2w="},"chainType":1,"messageKeys":{}}},"pendingPreKey":{"signedKeyId":1174358,"baseKey":"BZusM4RGXpWQknwFYdv+7eFDirkoOehhzygWo4CgPLgF","preKeyId":1867}}},"version":"v1"}