{"_sessions":{"BdRyZ1TDJiqpDDJvATXhbrq4ZNJndKX2N0RC6CKtgnJa":{"registrationId":128725897,"currentRatchet":{"ephemeralKeyPair":{"pubKey":"BS51GsiA5CVRbOYPWrhtU/3YH1Ua+zXSryETp2ygtoki","privKey":"cDEJcdxlX2YuoVGT0q8mIShONy2IYrEow2/mydUqo1w="},"lastRemoteEphemeralKey":"Bb5k5vFQHrIYzWb9i5Yvww8yRFyrgU3McVhP32HDPlMd","previousCounter":0,"rootKey":"ovcrZnp+zwefq4a7Om8GWyz8mlhWxgM0ZKlJ0t2QSq4="},"indexInfo":{"baseKey":"BdRyZ1TDJiqpDDJvATXhbrq4ZNJndKX2N0RC6CKtgnJa","baseKeyType":1,"closed":-1,"used":1746645162448,"created":1746645162448,"remoteIdentityKey":"BVrS7CM+A+SVGmG+CWjcbvZtS2Ew18FECU4kEufzEbQp"},"_chains":{"BS51GsiA5CVRbOYPWrhtU/3YH1Ua+zXSryETp2ygtoki":{"chainKey":{"counter":0,"key":"VA6BWLPAw7ejlqhONE8zPMQ45jG/MvE6A21S+fEzJ1U="},"chainType":1,"messageKeys":{}}},"pendingPreKey":{"signedKeyId":6,"baseKey":"BdRyZ1TDJiqpDDJvATXhbrq4ZNJndKX2N0RC6CKtgnJa","preKeyId":15761541}}},"version":"v1"}