{"_sessions":{"BSinjiJ5MPqsyyuB4r0Ba/Ngzv+e9LLfaEX34kv8JXQe":{"registrationId":804464281,"currentRatchet":{"ephemeralKeyPair":{"pubKey":"BQgvDfSVWTgqf3tjWFsxIZVZhewqYDee6JF7sr5+MtIC","privKey":"sIYheAjx2++gE2lNo1eqh5SOr8vpKtcFnEZJ97fvtFA="},"lastRemoteEphemeralKey":"BWv3Pp0b8ZqHPjHGFG/uWqL7kR5hPRSOaxw6lk4Th5VQ","previousCounter":0,"rootKey":"btYzQP3Khf3ymD+yu0IcOoeFghj68uwCMhVez1B5Guo="},"indexInfo":{"baseKey":"BSinjiJ5MPqsyyuB4r0Ba/Ngzv+e9LLfaEX34kv8JXQe","baseKeyType":1,"closed":-1,"used":1746644960023,"created":1746644960023,"remoteIdentityKey":"BTVvhAQsXhDMEqmLzz1SkpubPbg7fckmhKPTddQbAK8H"},"_chains":{"BQgvDfSVWTgqf3tjWFsxIZVZhewqYDee6JF7sr5+MtIC":{"chainKey":{"counter":1,"key":"SKr8+dVEzAn47YmWH9Q2Uki1tLxDC3k75InLfZAZJCk="},"chainType":1,"messageKeys":{}}},"pendingPreKey":{"signedKeyId":63,"baseKey":"BSinjiJ5MPqsyyuB4r0Ba/Ngzv+e9LLfaEX34kv8JXQe","preKeyId":13900847}}},"version":"v1"}