{"_sessions":{"BTw8cmyLmrVnWmoad+4sjh0TC5tXatpeIdeqaSTBB6w/":{"registrationId":1945210856,"currentRatchet":{"ephemeralKeyPair":{"pubKey":"BVS2isgiHzfZuIIF4c3oRMat1bnHWLnFZfqiAzdL3+5q","privKey":"qGz29b0ErLT2+WJj1FGUJcuAYGKCaEADTaSwZco7V1E="},"lastRemoteEphemeralKey":"BcWIcG7+ehiJw+23JcglycwIbIjtkbF4xNNawN0eYq9M","previousCounter":0,"rootKey":"n4UOnSwPFyOS4n8lUGoTb8/S5r/K3X6rLYl+zwQDDio="},"indexInfo":{"baseKey":"BTw8cmyLmrVnWmoad+4sjh0TC5tXatpeIdeqaSTBB6w/","baseKeyType":1,"closed":1746627386427,"used":1746627365728,"created":1746627365728,"remoteIdentityKey":"Bcrl8f94lLF7F0vAhbCNdQUvP7yL+/GKw5r+FzUDq9tk"},"_chains":{"BVS2isgiHzfZuIIF4c3oRMat1bnHWLnFZfqiAzdL3+5q":{"chainKey":{"counter":0,"key":"NrmkRJi56ZpC481IhkJ3UsD6ydR2Vc3uuf5DnFJX46E="},"chainType":1,"messageKeys":{}}},"pendingPreKey":{"signedKeyId":14994222,"baseKey":"BTw8cmyLmrVnWmoad+4sjh0TC5tXatpeIdeqaSTBB6w/","preKeyId":1975}},"BTYToSgN5YwM3q+KoqyHN0SraCKydK4ZtEHXT/JyiZJV":{"registrationId":1945210856,"currentRatchet":{"ephemeralKeyPair":{"pubKey":"BRFTHNjxi5dbSKFJUolSpa9gqzIxoGRdUH6LiKFGRbsd","privKey":"0MzOgO6oOQgtCh9OadqoIFNrCLJ55B48TNwpPqHzQ0s="},"lastRemoteEphemeralKey":"BcWIcG7+ehiJw+23JcglycwIbIjtkbF4xNNawN0eYq9M","previousCounter":0,"rootKey":"Px5MoNNEiWPs7qeAwhem+Fm6b85DhLtVPs9kl3b9gVs="},"indexInfo":{"baseKey":"BTYToSgN5YwM3q+KoqyHN0SraCKydK4ZtEHXT/JyiZJV","baseKeyType":1,"closed":1746627408675,"used":1746627385790,"created":1746627385790,"remoteIdentityKey":"Bcrl8f94lLF7F0vAhbCNdQUvP7yL+/GKw5r+FzUDq9tk"},"_chains":{"BRFTHNjxi5dbSKFJUolSpa9gqzIxoGRdUH6LiKFGRbsd":{"chainKey":{"counter":0,"key":"75ku58hIFAtOACWMXXuIDZ6SvSL6EcterC3v2BtW86s="},"chainType":1,"messageKeys":{}}},"pendingPreKey":{"signedKeyId":14994222,"baseKey":"BTYToSgN5YwM3q+KoqyHN0SraCKydK4ZtEHXT/JyiZJV","preKeyId":1999}},"Ba1/zJsUyNZ5HwwHgsCq/accSM7TpWgbCkDewB2JvDod":{"registrationId":1945210856,"currentRatchet":{"ephemeralKeyPair":{"pubKey":"Be2fW6FsTHHDQU4wf2pYRYNy95Gl8Mry6GBHKONfp4tG","privKey":"KDaW5bvV3ia58Ebgagx8pV8W4GzzEjrsx/7wEImfm2Q="},"lastRemoteEphemeralKey":"BcWIcG7+ehiJw+23JcglycwIbIjtkbF4xNNawN0eYq9M","previousCounter":0,"rootKey":"i3ab3c8+5jgv84MaXiZHnyCDnWw2p1BAZDg86yryg2g="},"indexInfo":{"baseKey":"Ba1/zJsUyNZ5HwwHgsCq/accSM7TpWgbCkDewB2JvDod","baseKeyType":1,"closed":-1,"used":1746627408162,"created":1746627408162,"remoteIdentityKey":"Bcrl8f94lLF7F0vAhbCNdQUvP7yL+/GKw5r+FzUDq9tk"},"_chains":{"Be2fW6FsTHHDQU4wf2pYRYNy95Gl8Mry6GBHKONfp4tG":{"chainKey":{"counter":3,"key":"ETAdtBofelIBLgKjO442Z5fZ6VHobJH1DJTpnsy4M64="},"chainType":1,"messageKeys":{}}},"pendingPreKey":{"signedKeyId":14994222,"baseKey":"Ba1/zJsUyNZ5HwwHgsCq/accSM7TpWgbCkDewB2JvDod","preKeyId":1980}}},"version":"v1"}