{"_sessions":{"BSFdTfGE4zSI5ItEYlfUXG8y8wQxSUsnUTr2kxkk4+oM":{"registrationId":810320709,"currentRatchet":{"ephemeralKeyPair":{"pubKey":"BeeMeGqaEyBGloNeA99RgUU9zsROmWDzUyTvMXlD8sdG","privKey":"WANewAro9nXGlbGOA+cqVqM2NCu7CJSAw8V5wY+4Wl0="},"lastRemoteEphemeralKey":"BWpBYQiFbVw/Jag/dZXiSFcMjNNoDAvF9EAJ375+dKNC","previousCounter":0,"rootKey":"Z6/JfJKGE8p1KrtSqfsXkBP+QF1ztvchwvTpUbJf/1U="},"indexInfo":{"baseKey":"BSFdTfGE4zSI5ItEYlfUXG8y8wQxSUsnUTr2kxkk4+oM","baseKeyType":1,"closed":-1,"used":1746627450157,"created":1746627450157,"remoteIdentityKey":"BZwe+F8iee3464aKvPUMCuEeMPN2I/kPSefdg4sevINN"},"_chains":{"BeeMeGqaEyBGloNeA99RgUU9zsROmWDzUyTvMXlD8sdG":{"chainKey":{"counter":0,"key":"nAkEy0KCu4Vbr5lc50SzWmDaRbBCV74WdnlXk0xxUO8="},"chainType":1,"messageKeys":{}}},"pendingPreKey":{"signedKeyId":13,"baseKey":"BSFdTfGE4zSI5ItEYlfUXG8y8wQxSUsnUTr2kxkk4+oM","preKeyId":10038007}}},"version":"v1"}