{"_sessions":{"BTrTHjfPZNJ/hPaQlM/Dj5HBxFFbKouPP8iqnoP3wxJW":{"registrationId":1405216390,"currentRatchet":{"ephemeralKeyPair":{"pubKey":"BVwNy2zKBF3ZbyAvqOBePZR0KQW5VSYbgKkesoy0PoMq","privKey":"SCbBSdeVxefINTtMyVGBA+wca/B7Jkoz1zrQByMxjFI="},"lastRemoteEphemeralKey":"BdB3hXgsKADPaP3EfXPL6fG5kJC7CswG9R03ocmtKsx6","previousCounter":0,"rootKey":"vOyn7bHAbdUAa5uRh8S6OF+dAN28Gip09nu2NNaFkxU="},"indexInfo":{"baseKey":"BTrTHjfPZNJ/hPaQlM/Dj5HBxFFbKouPP8iqnoP3wxJW","baseKeyType":1,"closed":-1,"used":1746645162222,"created":1746645162222,"remoteIdentityKey":"BYYTY6sYfg1Jo8r1Gdl4F7z7K+Gx34MnOzgzYbzVXld0"},"_chains":{"BVwNy2zKBF3ZbyAvqOBePZR0KQW5VSYbgKkesoy0PoMq":{"chainKey":{"counter":0,"key":"4oim9SEooMnZPfiWEBFzc4bFb8Rs2OuPz6VoOnW4xyA="},"chainType":1,"messageKeys":{}}},"pendingPreKey":{"signedKeyId":10719981,"baseKey":"BTrTHjfPZNJ/hPaQlM/Dj5HBxFFbKouPP8iqnoP3wxJW"}}},"version":"v1"}