{"_sessions":{"BXQs+19AHkX92VA3jQf9z4rdVSjeOfVVnUkscbzYk8RG":{"registrationId":213545500,"currentRatchet":{"ephemeralKeyPair":{"pubKey":"BfUAwhPeJMiq03l5Q3c7cds6xe5TWxUWzYyMHR7q+SVe","privKey":"YBsVeBLHCZD3Vdw++j7b7MGOtaoNUO0rIznwJpzGfGE="},"lastRemoteEphemeralKey":"BQt7JdH41orVZ80s5gRlFW9kD2LdHmlvCVRGXHun8AtK","previousCounter":0,"rootKey":"Sa8gAd7IAVrHlcR/Zb4O/RJMib0x0E6R1LSRU65WxHo="},"indexInfo":{"baseKey":"BXQs+19AHkX92VA3jQf9z4rdVSjeOfVVnUkscbzYk8RG","baseKeyType":1,"closed":-1,"used":1746644960181,"created":1746644960181,"remoteIdentityKey":"BQ74KYRIvdOAUA9yzNwi3TL5pEawcCsIKtB+V/oPjDZE"},"_chains":{"BfUAwhPeJMiq03l5Q3c7cds6xe5TWxUWzYyMHR7q+SVe":{"chainKey":{"counter":1,"key":"2x+lBfDyPVbINl4UKzJk2jF3fxsOi+auQgeKCzpznok="},"chainType":1,"messageKeys":{}}},"pendingPreKey":{"signedKeyId":2,"baseKey":"BXQs+19AHkX92VA3jQf9z4rdVSjeOfVVnUkscbzYk8RG"}}},"version":"v1"}