{"_sessions":{"BWnb/8NJ21TFnL3S2+A+8CXPXd2kfYKVM7dqrN2d/fgf":{"registrationId":1726879503,"currentRatchet":{"ephemeralKeyPair":{"pubKey":"BaYNmK8aHQhZ2744wnxCXFZCehcE6bgm0ZvNqukS/fVI","privKey":"UFMl9VN/b/G6gyDzQ5WDUOCIv24beOKTi30u86YJIH4="},"lastRemoteEphemeralKey":"BXjb3fccRI5h/rlV1/a0fEFyYhqXUzrTe8wVzdaTqiYQ","previousCounter":0,"rootKey":"4tz75b06iuejOlnNgC9GScD6dBW7kfjQRFu3Dah+tzY="},"indexInfo":{"baseKey":"BWnb/8NJ21TFnL3S2+A+8CXPXd2kfYKVM7dqrN2d/fgf","baseKeyType":1,"closed":1746627386476,"used":1746627365849,"created":1746627365849,"remoteIdentityKey":"BWZg4WvGn4MD2mVuWrQ992HThYwjyfvR72An6bI0IYdf"},"_chains":{"BaYNmK8aHQhZ2744wnxCXFZCehcE6bgm0ZvNqukS/fVI":{"chainKey":{"counter":0,"key":"h95U8u9GygPeFNNPwefPHKSWTxjsWD6xBUNTi5jKMgA="},"chainType":1,"messageKeys":{}}},"pendingPreKey":{"signedKeyId":0,"baseKey":"BWnb/8NJ21TFnL3S2+A+8CXPXd2kfYKVM7dqrN2d/fgf","preKeyId":12587168}},"BV74Ldrhl2MxvLtAWk1hQ061dduWrxxq3K8U7DcgE5Fm":{"registrationId":1726879503,"currentRatchet":{"ephemeralKeyPair":{"pubKey":"BQ9J+hDft0PTa4wW3BsLdfBdvP4JNgaukifT4cgCzGgJ","privKey":"aB29cInfPktDRK9BOTk8lpushRIDGCudhadmH4x66HE="},"lastRemoteEphemeralKey":"BXjb3fccRI5h/rlV1/a0fEFyYhqXUzrTe8wVzdaTqiYQ","previousCounter":0,"rootKey":"WOiyZfJtY6JFKaKyk6bY0vCLx8KDj5uekgcLiN5rD+0="},"indexInfo":{"baseKey":"BV74Ldrhl2MxvLtAWk1hQ061dduWrxxq3K8U7DcgE5Fm","baseKeyType":1,"closed":1746627408712,"used":1746627385914,"created":1746627385914,"remoteIdentityKey":"BWZg4WvGn4MD2mVuWrQ992HThYwjyfvR72An6bI0IYdf"},"_chains":{"BQ9J+hDft0PTa4wW3BsLdfBdvP4JNgaukifT4cgCzGgJ":{"chainKey":{"counter":0,"key":"Jew9Tv44+9zWNKAkfAp78qqAuivpeilE/1AVeBaJzVQ="},"chainType":1,"messageKeys":{}}},"pendingPreKey":{"signedKeyId":0,"baseKey":"BV74Ldrhl2MxvLtAWk1hQ061dduWrxxq3K8U7DcgE5Fm","preKeyId":12586671}},"BfSBf6Of8a6npe3VJP9wiaB6owbTowvwIyMWbvnQk/NT":{"registrationId":1726879503,"currentRatchet":{"ephemeralKeyPair":{"pubKey":"BS8Cf3pj4v98M5YyBOPR7J3HPQRD7KRdhUL8QlbKbK0/","privKey":"OFGOZu6YrJbbpHx9sgAsY0iihE4vJN+kzf9QF+u0kGY="},"lastRemoteEphemeralKey":"BXjb3fccRI5h/rlV1/a0fEFyYhqXUzrTe8wVzdaTqiYQ","previousCounter":0,"rootKey":"Y18WUzxaoBzcAZtrJ3sqXS6wb4v+kwEoyNmfN0zvGpU="},"indexInfo":{"baseKey":"BfSBf6Of8a6npe3VJP9wiaB6owbTowvwIyMWbvnQk/NT","baseKeyType":1,"closed":-1,"used":1746627408277,"created":1746627408277,"remoteIdentityKey":"BWZg4WvGn4MD2mVuWrQ992HThYwjyfvR72An6bI0IYdf"},"_chains":{"BS8Cf3pj4v98M5YyBOPR7J3HPQRD7KRdhUL8QlbKbK0/":{"chainKey":{"counter":3,"key":"eXta4ai8z0XTPtMlhT1btjJlmXTP/qMqlFGBXB+HIjk="},"chainType":1,"messageKeys":{}}},"pendingPreKey":{"signedKeyId":0,"baseKey":"BfSBf6Of8a6npe3VJP9wiaB6owbTowvwIyMWbvnQk/NT","preKeyId":12586554}}},"version":"v1"}