{"_sessions":{"BRek069z2BMZ1Sn+38+zo93r4nyooG56Cb/ovPMhIjgq":{"registrationId":2006244586,"currentRatchet":{"ephemeralKeyPair":{"pubKey":"BSk3mGwz/CBXKgBK2/GmBW7bMuBbVMelrNh7S1gkbOFx","privKey":"kIZxhAD4sFqFEGv9BjOE124jFqHeMW/fASpMvjmD8nQ="},"lastRemoteEphemeralKey":"BfpSlVgmebVKPPq5eKTcQrvc+bupYDXoD822O/qVW4wK","previousCounter":0,"rootKey":"sFjLv0TOCq/OtwQs6dX2f06WsSpWMk21VGX/c1//F+k="},"indexInfo":{"baseKey":"BRek069z2BMZ1Sn+38+zo93r4nyooG56Cb/ovPMhIjgq","baseKeyType":1,"closed":-1,"used":1746627450110,"created":1746627450110,"remoteIdentityKey":"BVhnEc83Ip8YZbWqnDZH+N1It1i6iu10zX1u69XirKti"},"_chains":{"BSk3mGwz/CBXKgBK2/GmBW7bMuBbVMelrNh7S1gkbOFx":{"chainKey":{"counter":0,"key":"XFHa6rjpOQbFkSPnoZ8FPCWN1lcOnnz8cjnbbxjcBCs="},"chainType":1,"messageKeys":{}}},"pendingPreKey":{"signedKeyId":13,"baseKey":"BRek069z2BMZ1Sn+38+zo93r4nyooG56Cb/ovPMhIjgq","preKeyId":1220145}}},"version":"v1"}