{"_sessions":{"BUBJygKosZFb1y4gHAtdupB/n0+YWhXaRJrh9Yn1dYFj":{"registrationId":279700518,"currentRatchet":{"ephemeralKeyPair":{"pubKey":"BbfgPTAVN7eKNQowXO3vwplZleMyXNLbkoo3WsGmKSx/","privKey":"ENYoCotoOoDO6LqeKZWn64d1WAqoUsU7rAHJhsiRhEc="},"lastRemoteEphemeralKey":"Bbgaul1pOzrV5xG+0tfIpNtPwYiRd+ExD/zqvByXeOQk","previousCounter":0,"rootKey":"DLc3jKvsWhVl51d9CWq3ijtUETele8kMpCO4FVpTFpw="},"indexInfo":{"baseKey":"BUBJygKosZFb1y4gHAtdupB/n0+YWhXaRJrh9Yn1dYFj","baseKeyType":1,"closed":-1,"used":1746645070412,"created":1746645070412,"remoteIdentityKey":"BRUimRoHwiyplnq9ebXU86kVB5zMeIXG9BfP0e6YF+07"},"_chains":{"BbfgPTAVN7eKNQowXO3vwplZleMyXNLbkoo3WsGmKSx/":{"chainKey":{"counter":0,"key":"rMZwpqce4UoZ/2rjKGPpbBbYIEj0Mr5NmVet+VGp7Aw="},"chainType":1,"messageKeys":{}}},"pendingPreKey":{"signedKeyId":18,"baseKey":"BUBJygKosZFb1y4gHAtdupB/n0+YWhXaRJrh9Yn1dYFj"}}},"version":"v1"}