{"_sessions":{"BUYpM6UUBu4h4JNrM+gJ+pY0D+K4s7bi/wxka51ETu8R":{"registrationId":1796367606,"currentRatchet":{"ephemeralKeyPair":{"pubKey":"BQeVz9krW4cJrY4jZPLRUJTGCtgfo53QWvoX3b08E5ou","privKey":"MKFniIZsKsy15Khf78VglOV1QjzHE66RP6hJqBVy1VU="},"lastRemoteEphemeralKey":"Bfa6FcJkM4PxifUCJ+pExjpRqBM5IS3oOsobigeyb4l2","previousCounter":0,"rootKey":"dVl864D8kUYqhOLQpwRh3vOcML/0lrsSahu6isJWL5U="},"indexInfo":{"baseKey":"BUYpM6UUBu4h4JNrM+gJ+pY0D+K4s7bi/wxka51ETu8R","baseKeyType":1,"closed":-1,"used":1746612488400,"created":1746612488400,"remoteIdentityKey":"BbCR+1kg+9ewQTvubW/K9WrrIkw5E13CVUR/jSrE20tc"},"_chains":{"BQeVz9krW4cJrY4jZPLRUJTGCtgfo53QWvoX3b08E5ou":{"chainKey":{"counter":4,"key":"0ovvlOMZeHRLETVECMSLyeqT9TXguLT9c7LmumcI+Bs="},"chainType":1,"messageKeys":{}}},"pendingPreKey":{"signedKeyId":1,"baseKey":"BUYpM6UUBu4h4JNrM+gJ+pY0D+K4s7bi/wxka51ETu8R","preKeyId":11245178}}},"version":"v1"}