{"_sessions":{"BXuCfyHa0KwAUH5p75u4gdOLrMBDfKJjgVO2b0d1pRUk":{"registrationId":1683841812,"currentRatchet":{"ephemeralKeyPair":{"pubKey":"BVOrJEQbK4ouQPAiza7buD9sXSC5XtLdC7lM4t1yp9NK","privKey":"UGuOkbL4Kte25oz3wwCwVzJ1x/eUyuIL4YuOGrWDVXs="},"lastRemoteEphemeralKey":"BaQBD6X9AcQeaesBZYQn6FcEkcUslkpBKlZBz5hmMl0P","previousCounter":0,"rootKey":"1KAk05eERjSyDPTO7Y5NO3Z6TM/so/BAlp/+yk288vg="},"indexInfo":{"baseKey":"BXuCfyHa0KwAUH5p75u4gdOLrMBDfKJjgVO2b0d1pRUk","baseKeyType":1,"closed":-1,"used":1746645069814,"created":1746645069814,"remoteIdentityKey":"BQwNNPTytatrA4Y16J8phCoOAypR6RBcumvtpIZ3xHZB"},"_chains":{"BVOrJEQbK4ouQPAiza7buD9sXSC5XtLdC7lM4t1yp9NK":{"chainKey":{"counter":0,"key":"cG7YoPug+QdPIJ5dsdjy/2sBT4Qm3Y3agC4G49vDOfc="},"chainType":1,"messageKeys":{}}},"pendingPreKey":{"signedKeyId":7,"baseKey":"BXuCfyHa0KwAUH5p75u4gdOLrMBDfKJjgVO2b0d1pRUk","preKeyId":3050854}}},"version":"v1"}