{"_sessions":{"BfhG5OHGlV7tq2OF85EWmC+ejwVBdk9O1nAON5ykCrdC":{"registrationId":609019935,"currentRatchet":{"ephemeralKeyPair":{"pubKey":"BSzXLIuNbNW4/q6ip4yHY75lHMtr8bITTSidJRyazGg1","privKey":"qHYkEl483O0+sAhU5Nwv3jzkGo75W+TKwD7C8AROQmA="},"lastRemoteEphemeralKey":"Beny4w8/JsROnFgjkyJv27nvZLFtowC18OIR8QFH2JBz","previousCounter":0,"rootKey":"8WwSUMsjyIusLP4+0dG+s/IIub3+C6zS0W2FbN7VqWk="},"indexInfo":{"baseKey":"BfhG5OHGlV7tq2OF85EWmC+ejwVBdk9O1nAON5ykCrdC","baseKeyType":1,"closed":-1,"used":1746645158765,"created":1746645158765,"remoteIdentityKey":"BSuw6g+FT9pFj9YFmCorELH/Vz5ICYgNytAlh73bgaAJ"},"_chains":{"BSzXLIuNbNW4/q6ip4yHY75lHMtr8bITTSidJRyazGg1":{"chainKey":{"counter":0,"key":"otHtLG3bhqzT5Mv1lcjfsptSHa96c/VMz7FBdr867Vg="},"chainType":1,"messageKeys":{}}},"pendingPreKey":{"signedKeyId":9323989,"baseKey":"BfhG5OHGlV7tq2OF85EWmC+ejwVBdk9O1nAON5ykCrdC","preKeyId":5471}}},"version":"v1"}