{"_sessions":{"Bc7XO0rwl6KF5b3Wa2Dp1T5/u+EtXrtPXqhc54qecvgX":{"registrationId":2061947708,"currentRatchet":{"ephemeralKeyPair":{"pubKey":"Bcb9hIQHUiFFgEZsjtHI05CRWxJx17Z1loDl0BRQKIB2","privKey":"gLnB1yuCPQnMWOzf6t2G6f4s9/smO2gFndjjKFZbl2g="},"lastRemoteEphemeralKey":"BWUHUHx1FdFKgdYD0znlOQiOHWg1IMAawkl71cgd4c1a","previousCounter":0,"rootKey":"ZBVgxe7zgQYEKDkOb1+Zboux+ILS2Z64FzGgRCkyOf8="},"indexInfo":{"baseKey":"Bc7XO0rwl6KF5b3Wa2Dp1T5/u+EtXrtPXqhc54qecvgX","baseKeyType":1,"closed":-1,"used":1746645162536,"created":1746645162536,"remoteIdentityKey":"BeNrKk3JjkzWSnsYXIoYzDEzEbtt9HEYAeJvo5DEkK9X"},"_chains":{"Bcb9hIQHUiFFgEZsjtHI05CRWxJx17Z1loDl0BRQKIB2":{"chainKey":{"counter":0,"key":"RojuJw3Ls1Bs5h7RNqnT2Uq0nmxjlmvI3A+NoCs52wk="},"chainType":1,"messageKeys":{}}},"pendingPreKey":{"signedKeyId":7,"baseKey":"Bc7XO0rwl6KF5b3Wa2Dp1T5/u+EtXrtPXqhc54qecvgX","preKeyId":2355798}}},"version":"v1"}