{"_sessions":{"BcCu1zwh+rjp5t13Bit8h8WYJxHGVF0cdOlYx1T1tkMb":{"registrationId":2068067659,"currentRatchet":{"ephemeralKeyPair":{"pubKey":"Bcv5AoFZ9eOq++ym+8sznKKXJ/1zBfmfQ4jIlaRY5+lQ","privKey":"2FbfKd2rGBDR2sUhu6Ja6jjxBKM6lU+RqxXIp7/Z1k8="},"lastRemoteEphemeralKey":"BfoidA2+jGQRwhR9MA/p3/5p9WYmiZ1v26BV7f1Covsd","previousCounter":0,"rootKey":"vhXvpU/zNEQ9tCdqrY97d3JmMQNZzsHRpcd8rNAO8aQ="},"indexInfo":{"baseKey":"BcCu1zwh+rjp5t13Bit8h8WYJxHGVF0cdOlYx1T1tkMb","baseKeyType":1,"closed":1746627382411,"used":1746627362498,"created":1746627362498,"remoteIdentityKey":"BZSCux6WfEt28HecfRzf9Y2aWjGd+cnNE6OOis8IScku"},"_chains":{"Bcv5AoFZ9eOq++ym+8sznKKXJ/1zBfmfQ4jIlaRY5+lQ":{"chainKey":{"counter":0,"key":"cIZN1BVyzoLvQ3Wh004kxSJGqCDMedsX5MHSu0McPaY="},"chainType":1,"messageKeys":{}}},"pendingPreKey":{"signedKeyId":11,"baseKey":"BcCu1zwh+rjp5t13Bit8h8WYJxHGVF0cdOlYx1T1tkMb","preKeyId":2040267}},"BWBWSlfYcIYeHtccG/9tAzViF0/MXKeAkSH5HZ6N3+hs":{"registrationId":2068067659,"currentRatchet":{"ephemeralKeyPair":{"pubKey":"BT+ig8vviH2yNQwBJTQYDu3w6dRpLoYq05ILjoVxS29r","privKey":"qG9gYEMnLm2VZEvjQUnhxVv6SCLyhKZ/1emtsR44dVk="},"lastRemoteEphemeralKey":"BfoidA2+jGQRwhR9MA/p3/5p9WYmiZ1v26BV7f1Covsd","previousCounter":0,"rootKey":"3Pftc22IcXXl0iD/tO6wILxjkcqgC+uhpZHdvw/3igs="},"indexInfo":{"baseKey":"BWBWSlfYcIYeHtccG/9tAzViF0/MXKeAkSH5HZ6N3+hs","baseKeyType":1,"closed":1746627404904,"used":1746627381902,"created":1746627381902,"remoteIdentityKey":"BZSCux6WfEt28HecfRzf9Y2aWjGd+cnNE6OOis8IScku"},"_chains":{"BT+ig8vviH2yNQwBJTQYDu3w6dRpLoYq05ILjoVxS29r":{"chainKey":{"counter":0,"key":"io8eba2XhhZS7T/N3L015Ig+Oi7POlfqk3nTLcpgXDY="},"chainType":1,"messageKeys":{}}},"pendingPreKey":{"signedKeyId":11,"baseKey":"BWBWSlfYcIYeHtccG/9tAzViF0/MXKeAkSH5HZ6N3+hs","preKeyId":2040577}},"BWjLv5zKG0ltAUSKjOWSkjCJd4hHQVPpP0AXN/xzPetN":{"registrationId":2068067659,"currentRatchet":{"ephemeralKeyPair":{"pubKey":"BW4Z5kY+vZXysg8u1kkYb02y1YYa2FjTDsC94a0M5yIL","privKey":"gFcXXJgMwmlUza7zJxomLQ401V/rvbKo+yHKnFDBdHQ="},"lastRemoteEphemeralKey":"BfoidA2+jGQRwhR9MA/p3/5p9WYmiZ1v26BV7f1Covsd","previousCounter":0,"rootKey":"8HAfjWWYV5FQfsz9XZYCohhaPbhPt26qQWzmshcLqKM="},"indexInfo":{"baseKey":"BWjLv5zKG0ltAUSKjOWSkjCJd4hHQVPpP0AXN/xzPetN","baseKeyType":1,"closed":-1,"used":1746627404674,"created":1746627404674,"remoteIdentityKey":"BZSCux6WfEt28HecfRzf9Y2aWjGd+cnNE6OOis8IScku"},"_chains":{"BW4Z5kY+vZXysg8u1kkYb02y1YYa2FjTDsC94a0M5yIL":{"chainKey":{"counter":3,"key":"goMF29zGd7535cyNmA2u3awJF0Mh2HSoJkAjSSriTtU="},"chainType":1,"messageKeys":{}}},"pendingPreKey":{"signedKeyId":11,"baseKey":"BWjLv5zKG0ltAUSKjOWSkjCJd4hHQVPpP0AXN/xzPetN","preKeyId":2040217}}},"version":"v1"}