{"_sessions":{"BXi36mRiQgCeOrvEke+oX+3E/86MGGdltzU5IzWLafZY":{"registrationId":1273283929,"currentRatchet":{"ephemeralKeyPair":{"pubKey":"BT4nVFcggxIZBKWcwSsKVn9+Zq+tYSvlfhSG3FDMOP1V","privKey":"aIg7C0+Kwx33Zm6hqn/+UdS+Tczpu6nIqugVpMFV9X8="},"lastRemoteEphemeralKey":"BbBMNwJBL4VfH6qVsUzNAK3rXEx4GlrnFYzuwWlk4XtD","previousCounter":0,"rootKey":"MnvG4yHbf1+JreGQbN3PMw/4MfCJacyUTdwLJlaS8Ag="},"indexInfo":{"baseKey":"BXi36mRiQgCeOrvEke+oX+3E/86MGGdltzU5IzWLafZY","baseKeyType":1,"closed":1746627386529,"used":1746627366050,"created":1746627366050,"remoteIdentityKey":"BZSYPkbqeUEHpm/l0EfUXtqaoi3l87YAMveYRXCbpD4S"},"_chains":{"BT4nVFcggxIZBKWcwSsKVn9+Zq+tYSvlfhSG3FDMOP1V":{"chainKey":{"counter":0,"key":"g+lBCcfnMyJUm6EzsrXF1B9enYME6tsgTLPT5dOdjKY="},"chainType":1,"messageKeys":{}}},"pendingPreKey":{"signedKeyId":2,"baseKey":"BXi36mRiQgCeOrvEke+oX+3E/86MGGdltzU5IzWLafZY","preKeyId":4387720}},"Be20rh5j9x5/qOkV4vxQmhPDbBPOtmp4BbSQhzHPGHsr":{"registrationId":1273283929,"currentRatchet":{"ephemeralKeyPair":{"pubKey":"BVMyd2JG8PiB3Wtttf059qQ6fSqq2kAn281ARjK0LqNU","privKey":"MOIeLTImBw2DgoDWAx4lAmye33jwfd2IRbQnijai208="},"lastRemoteEphemeralKey":"BbBMNwJBL4VfH6qVsUzNAK3rXEx4GlrnFYzuwWlk4XtD","previousCounter":0,"rootKey":"LGUImOcaIkSu36b/LSq1qohjvWaBHSzJZ/u8p7SLPog="},"indexInfo":{"baseKey":"Be20rh5j9x5/qOkV4vxQmhPDbBPOtmp4BbSQhzHPGHsr","baseKeyType":1,"closed":1746627408750,"used":1746627386129,"created":1746627386129,"remoteIdentityKey":"BZSYPkbqeUEHpm/l0EfUXtqaoi3l87YAMveYRXCbpD4S"},"_chains":{"BVMyd2JG8PiB3Wtttf059qQ6fSqq2kAn281ARjK0LqNU":{"chainKey":{"counter":0,"key":"5IqAWM616eDQg3Eo15Hm19O9A05jUiuifplXeWQPseQ="},"chainType":1,"messageKeys":{}}},"pendingPreKey":{"signedKeyId":2,"baseKey":"Be20rh5j9x5/qOkV4vxQmhPDbBPOtmp4BbSQhzHPGHsr","preKeyId":4387717}},"Bds2vsdk7qI9pMhMrLJ8IF5Tp+B2eynK1/ttSwjyW6gT":{"registrationId":1273283929,"currentRatchet":{"ephemeralKeyPair":{"pubKey":"BeOi6yqoiyms9R+9/0qkwGLmndYCAh3bVipOCCCMyfhO","privKey":"ENpsV4WAZzpxRerJnmyZIPswPuNvtHWi4dDVw7/iuUE="},"lastRemoteEphemeralKey":"BbBMNwJBL4VfH6qVsUzNAK3rXEx4GlrnFYzuwWlk4XtD","previousCounter":0,"rootKey":"DmeD30Z8Tjcq3yb2PDUEZd7jz+Ook+myCkR1JlvPlVM="},"indexInfo":{"baseKey":"Bds2vsdk7qI9pMhMrLJ8IF5Tp+B2eynK1/ttSwjyW6gT","baseKeyType":1,"closed":-1,"used":1746627408443,"created":1746627408443,"remoteIdentityKey":"BZSYPkbqeUEHpm/l0EfUXtqaoi3l87YAMveYRXCbpD4S"},"_chains":{"BeOi6yqoiyms9R+9/0qkwGLmndYCAh3bVipOCCCMyfhO":{"chainKey":{"counter":3,"key":"mYSycP3+Qmg39KiIn0sLggi/AVW5Swe/YX3B65fV5lc="},"chainType":1,"messageKeys":{}}},"pendingPreKey":{"signedKeyId":2,"baseKey":"Bds2vsdk7qI9pMhMrLJ8IF5Tp+B2eynK1/ttSwjyW6gT","preKeyId":4387572}}},"version":"v1"}