{"_sessions":{"BWgLfVPrBWB6z8coPND2V6yBpGw+7oxMduyFh8+ksLsV":{"registrationId":68669308,"currentRatchet":{"ephemeralKeyPair":{"pubKey":"BYfEiiBt196dHfZUU2PRbUJQE4gcnLVr+qVNoU1wQslp","privKey":"eHW9ORwdMz5RYPnJzAFKvJzD/JEEHharWqKj0HY9a30="},"lastRemoteEphemeralKey":"BWBzi+E9tZin6FvQfoCmevzGiNZSiiDLdJ+xcRoPqVME","previousCounter":0,"rootKey":"LTKt5fgczt4QczvDqnJR7Qtc/Lx7XzHvkgRv5uvWvS8="},"indexInfo":{"baseKey":"BWgLfVPrBWB6z8coPND2V6yBpGw+7oxMduyFh8+ksLsV","baseKeyType":1,"closed":-1,"used":1746645070032,"created":1746645070032,"remoteIdentityKey":"BaooxYKIp8oWSqZtKxcqA+EFhe3qOagmXT32SxALVcMX"},"_chains":{"BYfEiiBt196dHfZUU2PRbUJQE4gcnLVr+qVNoU1wQslp":{"chainKey":{"counter":0,"key":"GLrLce7bi83V+4H/XaowzoyifpgzzfDEqSHiR1YNeWI="},"chainType":1,"messageKeys":{}}},"pendingPreKey":{"signedKeyId":14287682,"baseKey":"BWgLfVPrBWB6z8coPND2V6yBpGw+7oxMduyFh8+ksLsV","preKeyId":74582}}},"version":"v1"}