{"_sessions":{"Bdmm02SilGFBrzJAFKMBvLsajHuQPLSd/Q3fxsvyUVIX":{"registrationId":2029543688,"currentRatchet":{"ephemeralKeyPair":{"pubKey":"BT7RhX+2CrrYRDS3rUos1wugA+gBSdxlPJv50dlTh8xl","privKey":"8FJI5vp/tQMutwRuUxs1t9cDh54scipPhAVJdaxoAWE="},"lastRemoteEphemeralKey":"BdyuY0390caIk0QvLeL/TK6UBr1J9D+WWRJcsRyS7uh3","previousCounter":0,"rootKey":"7/d9VBN9GXrfuxW//2Ti8JzJHik+rjDb4Tkb0QPdnGM="},"indexInfo":{"baseKey":"Bdmm02SilGFBrzJAFKMBvLsajHuQPLSd/Q3fxsvyUVIX","baseKeyType":1,"closed":-1,"used":1746645162580,"created":1746645162580,"remoteIdentityKey":"BYiK+Yk1y45JUPkZ18zAz20EMrWAr/VKxORKQCatA/8+"},"_chains":{"BT7RhX+2CrrYRDS3rUos1wugA+gBSdxlPJv50dlTh8xl":{"chainKey":{"counter":0,"key":"CpbXZU0ojlubzaFaUwSQN/ESUWrLNHUXbnFlXRHvJrs="},"chainType":1,"messageKeys":{}}},"pendingPreKey":{"signedKeyId":8,"baseKey":"Bdmm02SilGFBrzJAFKMBvLsajHuQPLSd/Q3fxsvyUVIX","preKeyId":15833972}}},"version":"v1"}