{"_sessions":{"Be6C7UOSBEbJQK7/OKoIMwhirvM5N0ZwCE8b51tlx8gB":{"registrationId":2098574989,"currentRatchet":{"ephemeralKeyPair":{"pubKey":"BYQnOc1nP9Am1WJ2KHy5ofk8zKkml+5gc0vcg4tSPd8H","privKey":"SFwYrxfUnM5UgjFqsFBkKmBr2bWRiDx3xqXuYCjw12k="},"lastRemoteEphemeralKey":"BcRnek+cnKmIxVkddpRc8Okb2fJ2SzeIuoNPLlSOsm1t","previousCounter":0,"rootKey":"G/Vm2x3yMmWl1XL6TacPv7FoT3VbcvHqS5Ka1osqk6I="},"indexInfo":{"baseKey":"Be6C7UOSBEbJQK7/OKoIMwhirvM5N0ZwCE8b51tlx8gB","baseKeyType":1,"closed":-1,"used":1746645162413,"created":1746645162413,"remoteIdentityKey":"BW4b9mtSIqTh5WQ3zgSfXXsSLPzWpzGKnmYgaj2pOsUY"},"_chains":{"BYQnOc1nP9Am1WJ2KHy5ofk8zKkml+5gc0vcg4tSPd8H":{"chainKey":{"counter":0,"key":"+L4ihU65uGLAim2Hu2tkX7C7LLhRiVsp8Sux+iGbYSM="},"chainType":1,"messageKeys":{}}},"pendingPreKey":{"signedKeyId":3088240,"baseKey":"Be6C7UOSBEbJQK7/OKoIMwhirvM5N0ZwCE8b51tlx8gB","preKeyId":7669}}},"version":"v1"}