{"_sessions":{"BV2XTud1aC/PvS9JbXeIj6r2n1fCWgX3OiEHuajh83A7":{"registrationId":1168238222,"currentRatchet":{"ephemeralKeyPair":{"pubKey":"BWCOa5P//OcTqRFpTsvVUD/QsKsQBznRQXj97oVi/6UE","privKey":"EDs67V4rAanbgLMl2zhdoqjlDUg9bk0912T0+dtVcm4="},"lastRemoteEphemeralKey":"BfOWRTK3wLkzcHSaS+nSFU2e0YemENXy1IQwzqR/BHVq","previousCounter":0,"rootKey":"Y8dT1yzOkvxKxdoRu2rohIrvqCziI58r3dzSr/o1mo8="},"indexInfo":{"baseKey":"BV2XTud1aC/PvS9JbXeIj6r2n1fCWgX3OiEHuajh83A7","baseKeyType":1,"closed":-1,"used":1746645166262,"created":1746645166262,"remoteIdentityKey":"BamoqbG50MeR/cijFYZY1no4s+J3AQmRbk4GtF7ZLR4/"},"_chains":{"BWCOa5P//OcTqRFpTsvVUD/QsKsQBznRQXj97oVi/6UE":{"chainKey":{"counter":0,"key":"/gXs1cJHcyI8ObJCfHmR3tntbwkAEbzuXop5ETE2ros="},"chainType":1,"messageKeys":{}}},"pendingPreKey":{"signedKeyId":9,"baseKey":"BV2XTud1aC/PvS9JbXeIj6r2n1fCWgX3OiEHuajh83A7"}}},"version":"v1"}