{"_sessions":{"BehT4wK3KqZtQeMCglwe2DsWEbi3lo9s26mOdJt78rkJ":{"registrationId":1912449176,"currentRatchet":{"ephemeralKeyPair":{"pubKey":"BUuIGg7903yt+np2sPmqEPHUhfbAU20wOa9+Us7YrPkv","privKey":"EO1dTAIvnZjjjEDIgAR2DVEDC3ZJk2bZwmwKCEPaUF4="},"lastRemoteEphemeralKey":"BXmz9jLyxqvKM+bEI2PQjxEr13Jf1uKojTEBqqBhS99B","previousCounter":0,"rootKey":"nZ3cIbPFNh5QfEf3kOpjdC/nCchCW7SjQzAsVBRqlaA="},"indexInfo":{"baseKey":"BehT4wK3KqZtQeMCglwe2DsWEbi3lo9s26mOdJt78rkJ","baseKeyType":1,"closed":-1,"used":1746645158737,"created":1746645158737,"remoteIdentityKey":"BYOd9rATQpWIlYrm/pq81QXtKpUkNCLKLQd50uIKdf0X"},"_chains":{"BUuIGg7903yt+np2sPmqEPHUhfbAU20wOa9+Us7YrPkv":{"chainKey":{"counter":0,"key":"n6T9/viAlI5+RSlWB+gRNcy4zNDlnRPcywWT3nbrCD0="},"chainType":1,"messageKeys":{}}},"pendingPreKey":{"signedKeyId":6,"baseKey":"BehT4wK3KqZtQeMCglwe2DsWEbi3lo9s26mOdJt78rkJ"}}},"version":"v1"}