{"_sessions":{"BTq8mUuD26vOr7XwcBcyzPA24g3Uck7PeKF1P6Mk2r02":{"registrationId":2005744724,"currentRatchet":{"ephemeralKeyPair":{"pubKey":"BcI/+r99PPVyVa5p1GpigyEGGbnqeKISDUkNRuTJEF0o","privKey":"QAQbpQwG5OT2hfekPP1AApfCpwGNzbo6hQoLPJO43X8="},"lastRemoteEphemeralKey":"BcDasCcGRF6B7A5QKG1gU+l2bWlw7CNs9T3l9HIK2RxB","previousCounter":0,"rootKey":"hPPXi/RxQq7uO6AXwfAFvrAKWo6Fmyz6a4DkeWUs0dg="},"indexInfo":{"baseKey":"BTq8mUuD26vOr7XwcBcyzPA24g3Uck7PeKF1P6Mk2r02","baseKeyType":1,"closed":-1,"used":1746645162611,"created":1746645162611,"remoteIdentityKey":"BUHzYdHTytHNeSTkqjpSjJf+1xIPVIISL8meJOheFqU+"},"_chains":{"BcI/+r99PPVyVa5p1GpigyEGGbnqeKISDUkNRuTJEF0o":{"chainKey":{"counter":0,"key":"9UDtwrN8OqbAp6NLPUAanDDFCRg6KBz795lZOzicWHQ="},"chainType":1,"messageKeys":{}}},"pendingPreKey":{"signedKeyId":8,"baseKey":"BTq8mUuD26vOr7XwcBcyzPA24g3Uck7PeKF1P6Mk2r02","preKeyId":9305601}}},"version":"v1"}