{"_sessions":{"BcFFLUTIGRXkg1z0mQ8eNwYHvMt/UEAVis3wzMBTOWhl":{"registrationId":809035362,"currentRatchet":{"ephemeralKeyPair":{"pubKey":"BUa7R5Z7MMKs9CArORBiNYOVj8ggV5zQu7fDe0faEuRy","privKey":"UDB4eSjQyPhXjzYLbCGw/Cf2vID01on7uEOfsR95eEE="},"lastRemoteEphemeralKey":"BTL2NoOFb7vamXr2EtcIIQvbQcH6H29IhW3J3RqVNEgi","previousCounter":0,"rootKey":"eSRp8QuzhrE9tSvjerJQDRH+Ige3NrDrgskDNyd2+uA="},"indexInfo":{"baseKey":"BcFFLUTIGRXkg1z0mQ8eNwYHvMt/UEAVis3wzMBTOWhl","baseKeyType":1,"closed":-1,"used":1746645162662,"created":1746645162662,"remoteIdentityKey":"BRZg4i0fNt2zdCAZcQbZf687ffjwB4OJAVd/qQLorbYT"},"_chains":{"BUa7R5Z7MMKs9CArORBiNYOVj8ggV5zQu7fDe0faEuRy":{"chainKey":{"counter":0,"key":"W1W0a9MAe1UHqCLuV6l6JQ0jOkCs5gBYV44hS/KsVBU="},"chainType":1,"messageKeys":{}}},"pendingPreKey":{"signedKeyId":1,"baseKey":"BcFFLUTIGRXkg1z0mQ8eNwYHvMt/UEAVis3wzMBTOWhl","preKeyId":8130002}}},"version":"v1"}