{"_sessions":{"BTklTSY/FuQfWEHnCP6lzrA8s4QDl/Be4eb5KG5I1NZz":{"registrationId":550159590,"currentRatchet":{"ephemeralKeyPair":{"pubKey":"BfbnAIlPIg6+Ay0+nvImR4D6f+HW54FGd81+bDMg5W4F","privKey":"oIG0JFa0z/f9qHJCgt9eu1XJbtl0H7wEfeYcKY94nkU="},"lastRemoteEphemeralKey":"BVBHH47ZrzIJD05M9ryNAzGeoe5Vt2df5W+7PGiDrwgb","previousCounter":0,"rootKey":"1lrUCCX3isQUcXTdwKONOK24yVwFruARd0FSdYv8OpI="},"indexInfo":{"baseKey":"BTklTSY/FuQfWEHnCP6lzrA8s4QDl/Be4eb5KG5I1NZz","baseKeyType":1,"closed":1746627386517,"used":1746627366004,"created":1746627366004,"remoteIdentityKey":"BQzFDcF8tnDIxE8COrP4c1WmaJKZ+j9bFUgHBoRZ1gYH"},"_chains":{"BfbnAIlPIg6+Ay0+nvImR4D6f+HW54FGd81+bDMg5W4F":{"chainKey":{"counter":0,"key":"6Dm1s1TnSjmg3GnSmmwOe6sql6dJUV/eupKiFmitYm0="},"chainType":1,"messageKeys":{}}},"pendingPreKey":{"signedKeyId":2,"baseKey":"BTklTSY/FuQfWEHnCP6lzrA8s4QDl/Be4eb5KG5I1NZz","preKeyId":2857830}},"BbB6cMOzQm7NA333krI5lnJM4s/eJ2bYcRIP/sB8NGkn":{"registrationId":550159590,"currentRatchet":{"ephemeralKeyPair":{"pubKey":"BUiv7+Kc3mTbtppOkhcRnfMDJuEZ7GxIpJoQgJjPFMpT","privKey":"YCP1DDlHs1ndNZ7g9Ahr9nyYJI7JJ4nugI73fPCVz0E="},"lastRemoteEphemeralKey":"BVBHH47ZrzIJD05M9ryNAzGeoe5Vt2df5W+7PGiDrwgb","previousCounter":0,"rootKey":"unupXJ/3+/Ifccun2/sLwW1PNGWzEaj/kUBcgBGCFWM="},"indexInfo":{"baseKey":"BbB6cMOzQm7NA333krI5lnJM4s/eJ2bYcRIP/sB8NGkn","baseKeyType":1,"closed":1746627408742,"used":1746627386080,"created":1746627386080,"remoteIdentityKey":"BQzFDcF8tnDIxE8COrP4c1WmaJKZ+j9bFUgHBoRZ1gYH"},"_chains":{"BUiv7+Kc3mTbtppOkhcRnfMDJuEZ7GxIpJoQgJjPFMpT":{"chainKey":{"counter":0,"key":"lABDzdr2YS1FMO8niTD8rLJSIBSvZ76pQDhMordVwaw="},"chainType":1,"messageKeys":{}}},"pendingPreKey":{"signedKeyId":2,"baseKey":"BbB6cMOzQm7NA333krI5lnJM4s/eJ2bYcRIP/sB8NGkn","preKeyId":2858823}},"BYxnI5Gg9mPD3CHve7zdaruMacgjXr8ePPLBsrbrwiR7":{"registrationId":550159590,"currentRatchet":{"ephemeralKeyPair":{"pubKey":"BSoa6fyNtbbLhsYctnoP0V22V2xXJG38U5V8FRtsTrQM","privKey":"6MeK84cdESpr2D3YWMJkjv/mgKkZ33+HHEhzYBVDk3k="},"lastRemoteEphemeralKey":"BVBHH47ZrzIJD05M9ryNAzGeoe5Vt2df5W+7PGiDrwgb","previousCounter":0,"rootKey":"C2/R8xRkCwdYftpMzjcNLgnMzU+HGnt24Clnpowkrn8="},"indexInfo":{"baseKey":"BYxnI5Gg9mPD3CHve7zdaruMacgjXr8ePPLBsrbrwiR7","baseKeyType":1,"closed":-1,"used":1746627408404,"created":1746627408404,"remoteIdentityKey":"BQzFDcF8tnDIxE8COrP4c1WmaJKZ+j9bFUgHBoRZ1gYH"},"_chains":{"BSoa6fyNtbbLhsYctnoP0V22V2xXJG38U5V8FRtsTrQM":{"chainKey":{"counter":3,"key":"WLyVKM550Cy2q8A0/WbllRkVPste0wpMbVSGHotITUo="},"chainType":1,"messageKeys":{}}},"pendingPreKey":{"signedKeyId":2,"baseKey":"BYxnI5Gg9mPD3CHve7zdaruMacgjXr8ePPLBsrbrwiR7","preKeyId":2859200}}},"version":"v1"}