{"_sessions":{"BYKLAoxu3Y94n4fDPTHnoTz/YdcH4boMiGcuSFuFukNG":{"registrationId":573854228,"currentRatchet":{"ephemeralKeyPair":{"pubKey":"BSAo/xLOeSXVvXb9n1spnTB8OFlHP2Z6XdKUUf9RfCBM","privKey":"oDt7QeaT7uRyQ3YCzGmjhzHY91UC70paRNf6vTsTHUE="},"lastRemoteEphemeralKey":"Bd5dHTfXvhKFfM/Z5m0U8h3MhKDwr2PkJpbT3LFliale","previousCounter":0,"rootKey":"Vop4u/MPUzKNPuDuazyMn2Nx6wsiGXNQ2m81t35PiN8="},"indexInfo":{"baseKey":"BYKLAoxu3Y94n4fDPTHnoTz/YdcH4boMiGcuSFuFukNG","baseKeyType":2,"closed":-1,"used":1746706336839,"created":1746706336839,"remoteIdentityKey":"BaWHFEwNLlsoh2/s9eTM8N9fGAWggyij07EwZA7ua19J"},"_chains":{"Bd5dHTfXvhKFfM/Z5m0U8h3MhKDwr2PkJpbT3LFliale":{"chainKey":{"counter":0,"key":"XqBDJhIPTbDD/+tX6ynORPz8FNQpMPU/pbSHt5uUgEY="},"chainType":2,"messageKeys":{}},"BSAo/xLOeSXVvXb9n1spnTB8OFlHP2Z6XdKUUf9RfCBM":{"chainKey":{"counter":-1,"key":"bgF+Fys962HPut5tXEFyBxovVYZPauswa3102Br67Gg="},"chainType":1,"messageKeys":{}}}}},"version":"v1"}