{"_sessions":{"Bdla2ZfWOYXo3Y0jBvuS+mA0cYJvH5aELrgdcD0nOERN":{"registrationId":1935085221,"currentRatchet":{"ephemeralKeyPair":{"pubKey":"BTmU7HAQ3usa7NxvxSq4jUf8ibPM0vIhnmu/qzJHJylR","privKey":"UCvouPs4h691nYM2hPuKSXutAlLCGqlfj1zmtmLuiHk="},"lastRemoteEphemeralKey":"BSgxCZZ7xiEn3vm3EzHukFRXnjMsnR4BoU7kyut72YZh","previousCounter":0,"rootKey":"sursL8AyluCJHFS5LUo6PbBZjEGxZ/tqZbeIY+nPcII="},"indexInfo":{"baseKey":"Bdla2ZfWOYXo3Y0jBvuS+mA0cYJvH5aELrgdcD0nOERN","baseKeyType":1,"closed":-1,"used":1746639403348,"created":1746639403348,"remoteIdentityKey":"BRxzGvfF91hexjGlognhEWBBgpRRWoLnpQ4+AeLpR4lx"},"_chains":{"BTmU7HAQ3usa7NxvxSq4jUf8ibPM0vIhnmu/qzJHJylR":{"chainKey":{"counter":0,"key":"vzeniowraUKuw7Zw+lQ34h2JUSmUXDpzeivkx6IDbww="},"chainType":1,"messageKeys":{}}},"pendingPreKey":{"signedKeyId":5,"baseKey":"Bdla2ZfWOYXo3Y0jBvuS+mA0cYJvH5aELrgdcD0nOERN","preKeyId":9859134}}},"version":"v1"}