{"_sessions":{"BbCBQeE2W7lfvneF5VQzn4R0vg1r9vq5FKEZNSUwEf1A":{"registrationId":765194453,"currentRatchet":{"ephemeralKeyPair":{"pubKey":"BVlxaSxCxU4+5VqdWzkasIFmklmUcKsqKpdC0Kod08c9","privKey":"ANmtFakBYcmfEIA+Pd66Isg/AbdBVP5gWNZRqejDymY="},"lastRemoteEphemeralKey":"BUh0bLBBQWCJRoqrbHGaFqWlXv+J6kMlwGDyIU+9Lx1I","previousCounter":0,"rootKey":"D6wUErdP1qtLvUErFOrUOTtpi/9gNMnkGa41U4yAW+I="},"indexInfo":{"baseKey":"BbCBQeE2W7lfvneF5VQzn4R0vg1r9vq5FKEZNSUwEf1A","baseKeyType":1,"closed":-1,"used":1746645070392,"created":1746645070392,"remoteIdentityKey":"BYlLUb4wVUaijqs79V9ClqHmP+BSY+Wm8wDpNF4eX8Nv"},"_chains":{"BVlxaSxCxU4+5VqdWzkasIFmklmUcKsqKpdC0Kod08c9":{"chainKey":{"counter":0,"key":"Hg99GRryDQ6L323uDWbMQFKO44C8Z/J+xFBqD791RCA="},"chainType":1,"messageKeys":{}}},"pendingPreKey":{"signedKeyId":0,"baseKey":"BbCBQeE2W7lfvneF5VQzn4R0vg1r9vq5FKEZNSUwEf1A","preKeyId":993470}}},"version":"v1"}