{"_sessions":{"BVkcZ98nk8clCNi2kZfmJztv/QkfJaCOAkKnE+BYdx4u":{"registrationId":1356293942,"currentRatchet":{"ephemeralKeyPair":{"pubKey":"BRfQD7ScZl+5S6woxh/VIRu8Y66IDbCtADnViK7Btptw","privKey":"ACJUaedP5xX7AEbqTBahj0o74z65T9fzPu8ytlryoGk="},"lastRemoteEphemeralKey":"BcN7oMiCTnzMkl2+S+vDUzVmlwpg95sl99BohaOiZEQT","previousCounter":0,"rootKey":"O7rqVWT2mo+Kn/ZG1BTX5GowOAzYjpH6Bi02oBgB9Bc="},"indexInfo":{"baseKey":"BVkcZ98nk8clCNi2kZfmJztv/QkfJaCOAkKnE+BYdx4u","baseKeyType":1,"closed":-1,"used":1746644960259,"created":1746644960259,"remoteIdentityKey":"BVjmw03N3RD8l8UoPMrtehgjFlTKTEeW81cnLt2JrdE1"},"_chains":{"BRfQD7ScZl+5S6woxh/VIRu8Y66IDbCtADnViK7Btptw":{"chainKey":{"counter":1,"key":"4zbim5UfjlQ3nj/FQLGXnokqBTF5ArtXvRY7X77uZ5w="},"chainType":1,"messageKeys":{}}},"pendingPreKey":{"signedKeyId":10,"baseKey":"BVkcZ98nk8clCNi2kZfmJztv/QkfJaCOAkKnE+BYdx4u","preKeyId":6961289}}},"version":"v1"}