{"_sessions":{"BZmf5DtrQxZ4LqEGVMSEP1tiG5i4aM3066Q+M+Fah6ca":{"registrationId":1224207446,"currentRatchet":{"ephemeralKeyPair":{"pubKey":"Ba8FuG0goxne03cKKSpMJ7X+ZoebRrR2epive7YEFXk0","privKey":"ABwdpEXIS/68EgZi9a7rroAugZlfg9PG3OTnSz1MuWQ="},"lastRemoteEphemeralKey":"BT1FkvJWYH6qiJGu0q/3wfJB2vxZCRHXkXPl4e0hD1si","previousCounter":0,"rootKey":"3x/J0R0XNH7n6LQqvGIwft2y+JnYQQR1HQDWuYpreZc="},"indexInfo":{"baseKey":"BZmf5DtrQxZ4LqEGVMSEP1tiG5i4aM3066Q+M+Fah6ca","baseKeyType":1,"closed":-1,"used":1746645166112,"created":1746645166112,"remoteIdentityKey":"BYkGPK/nlS2XSTfUgAA/99IwAck3V55bPpIjqlk3ZKdi"},"_chains":{"Ba8FuG0goxne03cKKSpMJ7X+ZoebRrR2epive7YEFXk0":{"chainKey":{"counter":0,"key":"beaM8E7clgVuWT5mWeGFpoJksM8bVF415Oju9rPnuNk="},"chainType":1,"messageKeys":{}}},"pendingPreKey":{"signedKeyId":4,"baseKey":"BZmf5DtrQxZ4LqEGVMSEP1tiG5i4aM3066Q+M+Fah6ca","preKeyId":14803993}}},"version":"v1"}