{"_sessions":{"BQ5cPxBUYaScJ+drj5SM2qVaRP1AQP4+fa1a6gKzyyFQ":{"registrationId":780378422,"currentRatchet":{"ephemeralKeyPair":{"pubKey":"BQAOInSCkiLH1b4B2CJbyH2xwVuRVtgjhlc1KAbF45cW","privKey":"sNPwol/KLeGwdFFSb9pGGm/Pn1+zYHw+vb4Ixv6+TVo="},"lastRemoteEphemeralKey":"BWv7Otri1MCRy8POxYNrIpQECBYnr6VDKRyR/OPAnm4Q","previousCounter":0,"rootKey":"zkDrQ10QwQnewm76dZLUp0ZKvwK88YLIfxLxWP8qGS0="},"indexInfo":{"baseKey":"BQ5cPxBUYaScJ+drj5SM2qVaRP1AQP4+fa1a6gKzyyFQ","baseKeyType":1,"closed":-1,"used":1746645166227,"created":1746645166227,"remoteIdentityKey":"Bc+svKcJeg/I1Rvd0PfXvi0Z/cYqjxyGVMTt+X2TlvI+"},"_chains":{"BQAOInSCkiLH1b4B2CJbyH2xwVuRVtgjhlc1KAbF45cW":{"chainKey":{"counter":0,"key":"J8C140yp3lRIYFPTi6c20b8r8musTWQt12FsXYOAPfE="},"chainType":1,"messageKeys":{}}},"pendingPreKey":{"signedKeyId":2,"baseKey":"BQ5cPxBUYaScJ+drj5SM2qVaRP1AQP4+fa1a6gKzyyFQ","preKeyId":7646601}}},"version":"v1"}