{"_sessions":{"BXPGR618n/2nyge+4MpMah2PmzVNkAFzrZirA95MI2pU":{"registrationId":1916480649,"currentRatchet":{"ephemeralKeyPair":{"pubKey":"Be/WFswgezgg1YuVBqxHhKrCk96WPhBuZ0KpUzJtl9RD","privKey":"CEo3d2ESay4bVH1NY4PqD70LUQ+kyj2WnIwvdU8I5HY="},"lastRemoteEphemeralKey":"Bd8dScmLfb9yaF5osKOLYsSreHN1U5JWNYA3Wrcim39l","previousCounter":0,"rootKey":"b961aQHJM/7dJVo0PHqDZSeJ+G+iobmFFn7gt1wl3As="},"indexInfo":{"baseKey":"BXPGR618n/2nyge+4MpMah2PmzVNkAFzrZirA95MI2pU","baseKeyType":1,"closed":1746627382661,"used":1746627362688,"created":1746627362688,"remoteIdentityKey":"BbxYUvn7qF75RmuNH/8dFtKoPuv9S0NgSD9uKHTT1W0r"},"_chains":{"Be/WFswgezgg1YuVBqxHhKrCk96WPhBuZ0KpUzJtl9RD":{"chainKey":{"counter":0,"key":"xryQRssxow10ODpF2fa7ULJWw/urYZR0YUBZvA65zHw="},"chainType":1,"messageKeys":{}}},"pendingPreKey":{"signedKeyId":1,"baseKey":"BXPGR618n/2nyge+4MpMah2PmzVNkAFzrZirA95MI2pU","preKeyId":3739813}},"BdUgS0URro7Ezgctd2fFjhAtzWYd5FtywEUuQj5e1tI6":{"registrationId":1916480649,"currentRatchet":{"ephemeralKeyPair":{"pubKey":"BfjunoDXdOz/mQwcCC05AFkTMSsyUF9drAM8nBpe1Tou","privKey":"WKaO3c+POVjy4TYRi8J7buvZlGUjpoyuP0Kf/wDdUUU="},"lastRemoteEphemeralKey":"Bd8dScmLfb9yaF5osKOLYsSreHN1U5JWNYA3Wrcim39l","previousCounter":0,"rootKey":"4vvUNs1vwS3/4sYogkUBVHLtlboiTCKe/ahyxnafeeI="},"indexInfo":{"baseKey":"BdUgS0URro7Ezgctd2fFjhAtzWYd5FtywEUuQj5e1tI6","baseKeyType":1,"closed":1746627404937,"used":1746627382066,"created":1746627382066,"remoteIdentityKey":"BbxYUvn7qF75RmuNH/8dFtKoPuv9S0NgSD9uKHTT1W0r"},"_chains":{"BfjunoDXdOz/mQwcCC05AFkTMSsyUF9drAM8nBpe1Tou":{"chainKey":{"counter":0,"key":"X9E/HRwYG2kj46oGqat+lN5MzZ10r9TaysYNaILbxq4="},"chainType":1,"messageKeys":{}}},"pendingPreKey":{"signedKeyId":1,"baseKey":"BdUgS0URro7Ezgctd2fFjhAtzWYd5FtywEUuQj5e1tI6","preKeyId":3739739}},"BVuUZKMaaNmQyn81Su6XxjdFbiJQmBDDNWxPNZGYwhkI":{"registrationId":1916480649,"currentRatchet":{"ephemeralKeyPair":{"pubKey":"BbgOEXqNljEUEe9id+1BmkbjwE/YUr3GcGRHxq/CCeAy","privKey":"QN6ei9viubHxXcjJJdFzF7qcwJsWbIVFuWdo+UxY5l8="},"lastRemoteEphemeralKey":"Bd8dScmLfb9yaF5osKOLYsSreHN1U5JWNYA3Wrcim39l","previousCounter":0,"rootKey":"4E+C/h+ixghrYLAyehxHyWBKQmziCCHTIBrnjBdkl3s="},"indexInfo":{"baseKey":"BVuUZKMaaNmQyn81Su6XxjdFbiJQmBDDNWxPNZGYwhkI","baseKeyType":1,"closed":-1,"used":1746627404806,"created":1746627404806,"remoteIdentityKey":"BbxYUvn7qF75RmuNH/8dFtKoPuv9S0NgSD9uKHTT1W0r"},"_chains":{"BbgOEXqNljEUEe9id+1BmkbjwE/YUr3GcGRHxq/CCeAy":{"chainKey":{"counter":3,"key":"JYQkyyzugd2u2NKZsC6zHTofHalk84T7QXeZWeclNQc="},"chainType":1,"messageKeys":{}}},"pendingPreKey":{"signedKeyId":1,"baseKey":"BVuUZKMaaNmQyn81Su6XxjdFbiJQmBDDNWxPNZGYwhkI","preKeyId":3740403}}},"version":"v1"}