{"_sessions":{"Be60Z/LtvxNKSFUj4T0D04HkvOdDgz7o5dyY2zjaSi1E":{"registrationId":955328309,"currentRatchet":{"ephemeralKeyPair":{"pubKey":"BQAqgeZEC2EsBMZGJ+7313oeQrbxJ0XzL0iZtZqZf2VV","privKey":"+HDQJG0noJ/Hpm7SvG8IlJbZV+Fa0uwJJpNE9cyTl2k="},"lastRemoteEphemeralKey":"BUiYFxvVs9nKuiv5rhQUj/YJxupyI07cdp1XlRcs9BFj","previousCounter":0,"rootKey":"6TMAf8GOtBt983qJvzyBjbRTpQgORBNE/mjzIsi/ML0="},"indexInfo":{"baseKey":"Be60Z/LtvxNKSFUj4T0D04HkvOdDgz7o5dyY2zjaSi1E","baseKeyType":1,"closed":-1,"used":1746645069894,"created":1746645069894,"remoteIdentityKey":"BaOl0sTmzxP0E+yi4sCX7aQLsH9KNR55IiE7k7l+6DFL"},"_chains":{"BQAqgeZEC2EsBMZGJ+7313oeQrbxJ0XzL0iZtZqZf2VV":{"chainKey":{"counter":0,"key":"jfkVCV3oAq9cx4h3uQUOVhDP3yyBTJNXmk7WF4CqTg8="},"chainType":1,"messageKeys":{}}},"pendingPreKey":{"signedKeyId":8,"baseKey":"Be60Z/LtvxNKSFUj4T0D04HkvOdDgz7o5dyY2zjaSi1E","preKeyId":6445613}}},"version":"v1"}