{"_sessions":{"BRqEP3frc4OxXFqkOUTUaJ+rcF2ryJc6iHzDQMIBaQJf":{"registrationId":1726879503,"currentRatchet":{"ephemeralKeyPair":{"pubKey":"BWZKqKIyCzpSHrHFSK0VUepAej3fF1uOkaeakB37Y/pv","privKey":"WISNYf9D6D18E57yZUq2ZkjmvmtllMzTo88jxhfZclo="},"lastRemoteEphemeralKey":"BXjb3fccRI5h/rlV1/a0fEFyYhqXUzrTe8wVzdaTqiYQ","previousCounter":0,"rootKey":"FxHRKODJPvOc0Os4WNSSY+ADL76+x5fj8xKPmtQK7DE="},"indexInfo":{"baseKey":"BRqEP3frc4OxXFqkOUTUaJ+rcF2ryJc6iHzDQMIBaQJf","baseKeyType":1,"closed":-1,"used":1746644960147,"created":1746644960147,"remoteIdentityKey":"BWZg4WvGn4MD2mVuWrQ992HThYwjyfvR72An6bI0IYdf"},"_chains":{"BWZKqKIyCzpSHrHFSK0VUepAej3fF1uOkaeakB37Y/pv":{"chainKey":{"counter":1,"key":"OYoeF9CHycXeFacNOYxh6TA8UlqF8d7dkDcSAijE32U="},"chainType":1,"messageKeys":{}}},"pendingPreKey":{"signedKeyId":0,"baseKey":"BRqEP3frc4OxXFqkOUTUaJ+rcF2ryJc6iHzDQMIBaQJf","preKeyId":12586566}}},"version":"v1"}