{"_sessions":{"BUuYzBpi5c+RZqiECIq1svW4mQU6PrvdmV6GFYP/Lko7":{"registrationId":1849324687,"currentRatchet":{"ephemeralKeyPair":{"pubKey":"BXgJQyjjW6SZxo+bly4FIWWyDRgWjHXPskR6vfJ9hsg+","privKey":"OH9Y3nMhXIAGeKXJK1Vo1B7K95WtDHqsXuGVY41K7H4="},"lastRemoteEphemeralKey":"BYGgCwkFyu/ll5yr4QsZ+A5LlRfjjA3vDKmopc2TFS4G","previousCounter":0,"rootKey":"fLPM0KcfruB+V2xVNF5/hqzouHnC96NV9c4lfk9SUk4="},"indexInfo":{"baseKey":"BUuYzBpi5c+RZqiECIq1svW4mQU6PrvdmV6GFYP/Lko7","baseKeyType":1,"closed":-1,"used":1746645158769,"created":1746645158769,"remoteIdentityKey":"Bb72EgDf+PzaX+NmjACpYQtpPwLUJA7GD4QMxMVByktz"},"_chains":{"BXgJQyjjW6SZxo+bly4FIWWyDRgWjHXPskR6vfJ9hsg+":{"chainKey":{"counter":0,"key":"PPEeAkmCIQKHo1R8EJxKF2mepEDuT+q8bFOLGrieR44="},"chainType":1,"messageKeys":{}}},"pendingPreKey":{"signedKeyId":1,"baseKey":"BUuYzBpi5c+RZqiECIq1svW4mQU6PrvdmV6GFYP/Lko7","preKeyId":10348226}}},"version":"v1"}