{"_sessions":{"BXaYhNqBMxgGwervB+16IxaeUyalVsr1AXeIO5YFzIlG":{"registrationId":1086977996,"currentRatchet":{"ephemeralKeyPair":{"pubKey":"BRYxukQAJE0x3Ix1bi7377Aig596Z/WkNEyFc5NWBzUX","privKey":"YBUpKDknCSvs3iSED1qQ9W4e63gBlpCc3ABSD6VCh0E="},"lastRemoteEphemeralKey":"BaPUzZyFh6LqU6FXVMwn6qQSx6tQHawoLN77DW/gf4UU","previousCounter":0,"rootKey":"GCs72vozsnxSYWDHRbYDWc6PMRkOM7PIa82XgU5nvPA="},"indexInfo":{"baseKey":"BXaYhNqBMxgGwervB+16IxaeUyalVsr1AXeIO5YFzIlG","baseKeyType":1,"closed":-1,"used":1746645070406,"created":1746645070406,"remoteIdentityKey":"BUDKUnRMu+5Wac9auO1FjCg1OX3Giw2iU08RSfpVDFUi"},"_chains":{"BRYxukQAJE0x3Ix1bi7377Aig596Z/WkNEyFc5NWBzUX":{"chainKey":{"counter":0,"key":"3kToZhsy1226ToZugxncPfCKGt6YblG79pr/l2j6sNM="},"chainType":1,"messageKeys":{}}},"pendingPreKey":{"signedKeyId":5,"baseKey":"BXaYhNqBMxgGwervB+16IxaeUyalVsr1AXeIO5YFzIlG"}}},"version":"v1"}