{"_sessions":{"Bci612531zunp3061wDq5X2FY9v6dYQo3SXemQxK7lcu":{"registrationId":1482849531,"currentRatchet":{"ephemeralKeyPair":{"pubKey":"BUyP3TOqay9q+2tBx7kl79KwldkRpLmYOcQDbdOaMMkc","privKey":"oBqf4y948SOZBRuGPfuDc2wTZjuGUv0VWjpTTfW8FG0="},"lastRemoteEphemeralKey":"BYvyJSKCpuncUyc5HOEaXz/vpxf8hyWKsTZ8mdB49M4l","previousCounter":0,"rootKey":"4vKhJClUIPB8K/pZIeLzNKlG7fppEpwb6sd4D6swfwo="},"indexInfo":{"baseKey":"Bci612531zunp3061wDq5X2FY9v6dYQo3SXemQxK7lcu","baseKeyType":1,"closed":-1,"used":1746645162571,"created":1746645162571,"remoteIdentityKey":"BRU5bbYGN6A+5qhKQuW3Kk2lEirw0WzWk9e0F3oZ8c8g"},"_chains":{"BUyP3TOqay9q+2tBx7kl79KwldkRpLmYOcQDbdOaMMkc":{"chainKey":{"counter":0,"key":"nFWtmYzrdGHoHJR4fN4KkhfcsW26NYicgzyxt+OYRAE="},"chainType":1,"messageKeys":{}}},"pendingPreKey":{"signedKeyId":1,"baseKey":"Bci612531zunp3061wDq5X2FY9v6dYQo3SXemQxK7lcu","preKeyId":6068089}}},"version":"v1"}