{"_sessions":{"BYpffSDJ28PgdhU9TTNfiQtPqgyZIelWjoyh2aJQEBMa":{"registrationId":164357091,"currentRatchet":{"ephemeralKeyPair":{"pubKey":"BTBPZhKEXr7nXAFRC/lSFPki4tftWZMywB992Qpk14x8","privKey":"QOmV9YVC/ob6gbAevdzaUp1n5QQyiKAEtDuw8QLlfmE="},"lastRemoteEphemeralKey":"BRgsLr8cKsPbz6saZk/6Nv+4ZA3bCHsF0corNUIXMrw8","previousCounter":0,"rootKey":"vPgMDtDrDdi6RJRW2gpceKi550A9ZGcVMY2zESBbMMo="},"indexInfo":{"baseKey":"BYpffSDJ28PgdhU9TTNfiQtPqgyZIelWjoyh2aJQEBMa","baseKeyType":1,"closed":-1,"used":1746645158838,"created":1746645158838,"remoteIdentityKey":"BRAVN+B2ojylgBN36+k5e7g7T1YwFj4eLd9Pmftm5yo6"},"_chains":{"BTBPZhKEXr7nXAFRC/lSFPki4tftWZMywB992Qpk14x8":{"chainKey":{"counter":0,"key":"YzLzBcnd4R+eTxgVzdiMK87cJEnukVNt9urfsxrWr1k="},"chainType":1,"messageKeys":{}}},"pendingPreKey":{"signedKeyId":11,"baseKey":"BYpffSDJ28PgdhU9TTNfiQtPqgyZIelWjoyh2aJQEBMa","preKeyId":13832400}}},"version":"v1"}