{"_sessions":{"BUYiKo6ZY73XyeQHN4i3sIYGOiVei88/QZE/JyS8LiJK":{"registrationId":1540864902,"currentRatchet":{"ephemeralKeyPair":{"pubKey":"BUoUK+W2umNmDcDauHTzfmqemMxxSdfi20gS7hOfPwd3","privKey":"gEQqxcTiJRHy2PIbq6szoC79XCtijadwZ/G8A+rzgX8="},"lastRemoteEphemeralKey":"BT4qPmNdbebk4IIwkSqkRKApVvIPt7HPomFFqin3aZwS","previousCounter":0,"rootKey":"kqqx4EUIRL2UAryiEUXIbMW2G3dhICtZN8OxoyP2aUs="},"indexInfo":{"baseKey":"BUYiKo6ZY73XyeQHN4i3sIYGOiVei88/QZE/JyS8LiJK","baseKeyType":1,"closed":-1,"used":1746644960114,"created":1746644960114,"remoteIdentityKey":"Bfl4DzDcq0oDS5PmNLxgPi/m7zeef2XLrPNKWctDK4IC"},"_chains":{"BUoUK+W2umNmDcDauHTzfmqemMxxSdfi20gS7hOfPwd3":{"chainKey":{"counter":1,"key":"XDXZkFha25VjwLZfk/GA70Y/d1GaGq3rCwm71QeTe9k="},"chainType":1,"messageKeys":{}}},"pendingPreKey":{"signedKeyId":12,"baseKey":"BUYiKo6ZY73XyeQHN4i3sIYGOiVei88/QZE/JyS8LiJK","preKeyId":4676335}}},"version":"v1"}