{"_sessions":{"BTluj89p3Adq7J2ZfMtmWoNgL4i0GwUXC7L0qVfQ1ss6":{"registrationId":47904961,"currentRatchet":{"ephemeralKeyPair":{"pubKey":"BXY70KoBUS30eQZqZu4P2F3N2wjqtQoUFR9JNfBai8Ye","privKey":"yJ4V+GDjRzCa4z9w6sD2btOnz09N/g3s/2CdKQzxHls="},"lastRemoteEphemeralKey":"BX0E4jCNzjR7U6j2u8xuygvxSmrQEF0h0tgoGHnpLHVM","previousCounter":0,"rootKey":"igiRPahnhQFIdqcbrkESc/Oy5noxr+Yxl2EkaZ4/0I4="},"indexInfo":{"baseKey":"BTluj89p3Adq7J2ZfMtmWoNgL4i0GwUXC7L0qVfQ1ss6","baseKeyType":1,"closed":-1,"used":1746645158761,"created":1746645158761,"remoteIdentityKey":"BTtqWqgmcEP8MbGpUMXKxLF3Wg3QYpGHNQW7mbn2TW8J"},"_chains":{"BXY70KoBUS30eQZqZu4P2F3N2wjqtQoUFR9JNfBai8Ye":{"chainKey":{"counter":0,"key":"whXSnzbUSdGwhNvf6s2DqZbO3xaXIDlzyBM72T/54JY="},"chainType":1,"messageKeys":{}}},"pendingPreKey":{"signedKeyId":15240457,"baseKey":"BTluj89p3Adq7J2ZfMtmWoNgL4i0GwUXC7L0qVfQ1ss6","preKeyId":5557}}},"version":"v1"}