{"_sessions":{"BajxFmMqEcevilA2bJO1ZLqJmE3Zo9HMCGJW+4Eu8vYq":{"registrationId":1012480022,"currentRatchet":{"ephemeralKeyPair":{"pubKey":"BYfvsX2CwHhQdnZH82qVjZ7SloV0O/tsdVBGmR33RhZN","privKey":"kNxCtl++pD8odIFSFOR3/y3wPzHi+6H88IaKt06vsE0="},"lastRemoteEphemeralKey":"BW1UZG1VGynr7bgGIA9vXEc6x+XxZGxiBmNpoXgoa8lX","previousCounter":0,"rootKey":"rvXJVzI0hBcNa1H75OPgq/LBpz/iomoZdXphOOOTYYY="},"indexInfo":{"baseKey":"BajxFmMqEcevilA2bJO1ZLqJmE3Zo9HMCGJW+4Eu8vYq","baseKeyType":1,"closed":-1,"used":1746612488651,"created":1746612488651,"remoteIdentityKey":"BSYAD74PqL6C5yP66yjCZS2KBlea96Iml5yz5UiJPNRB"},"_chains":{"BYfvsX2CwHhQdnZH82qVjZ7SloV0O/tsdVBGmR33RhZN":{"chainKey":{"counter":4,"key":"wimLhwMGD+5ME3hv4ZqLHIFAXCcy9uqXGIF3nxNACx8="},"chainType":1,"messageKeys":{}}},"pendingPreKey":{"signedKeyId":2,"baseKey":"BajxFmMqEcevilA2bJO1ZLqJmE3Zo9HMCGJW+4Eu8vYq"}}},"version":"v1"}