{"_sessions":{"BTfksObnkWkpJE1FCAPMdbVZa0/e3b0rkeXnBGiW0pxK":{"registrationId":1752101286,"currentRatchet":{"ephemeralKeyPair":{"pubKey":"BaZuQ0U9xjYWMV8F6coVapOibWE/up1MzkmkVoJgLthp","privKey":"sGuDpUmal5jMf4sLjiDHG97hJ1ThZdqfzuKrSSNuXXg="},"lastRemoteEphemeralKey":"BWIZ4LlO3b5leunK7ccB9Bcyy7ZL/e8Ob4C3wIomaF4z","previousCounter":0,"rootKey":"XibmRXVyH0H0SbdQp2jwqZZt/4xdnHmTyGj59aRhkEI="},"indexInfo":{"baseKey":"BTfksObnkWkpJE1FCAPMdbVZa0/e3b0rkeXnBGiW0pxK","baseKeyType":1,"closed":-1,"used":1746645162526,"created":1746645162526,"remoteIdentityKey":"BU+qSyhZumSs7ehz38BDA8lfNNtdu/PFUbQGbrikpohU"},"_chains":{"BaZuQ0U9xjYWMV8F6coVapOibWE/up1MzkmkVoJgLthp":{"chainKey":{"counter":0,"key":"73Yk4CLcBh3BaT6jS6hdp7Mi+S43dBWws8d8+cb8ohs="},"chainType":1,"messageKeys":{}}},"pendingPreKey":{"signedKeyId":6,"baseKey":"BTfksObnkWkpJE1FCAPMdbVZa0/e3b0rkeXnBGiW0pxK","preKeyId":4655610}}},"version":"v1"}