{"_sessions":{"BRTolR/kuXSIE4a8ewQFWDqyx3l5DLT5y/FvFckhmC4g":{"registrationId":1628138638,"currentRatchet":{"ephemeralKeyPair":{"pubKey":"BZ+SREx9bbAXeth0b8yIzQ+9Z1PWgcuHYQj56I55BqwD","privKey":"YBNHD1bXIduWeeLwd7HL7zoQP/I26c9+OiW17G0liUs="},"lastRemoteEphemeralKey":"BdaW5ifejNiG0tjcVe1dhmyD0jVGOdz/2XNnmZKSXwpk","previousCounter":0,"rootKey":"Ct+MSubAWbIVXEHemm2xmUKtHOxmDn97ITM92JLZSHw="},"indexInfo":{"baseKey":"BRTolR/kuXSIE4a8ewQFWDqyx3l5DLT5y/FvFckhmC4g","baseKeyType":1,"closed":-1,"used":1746612488745,"created":1746612488745,"remoteIdentityKey":"BXaQQveXsBF4k7mjxQoU00IptYr5YBFtYLNofPFoe9sx"},"_chains":{"BZ+SREx9bbAXeth0b8yIzQ+9Z1PWgcuHYQj56I55BqwD":{"chainKey":{"counter":4,"key":"2MG24gd91uc14ccq9JM41DlwGFOVNSSIzmwB8kCN73A="},"chainType":1,"messageKeys":{}}},"pendingPreKey":{"signedKeyId":3,"baseKey":"BRTolR/kuXSIE4a8ewQFWDqyx3l5DLT5y/FvFckhmC4g","preKeyId":1485918}}},"version":"v1"}