{"_sessions":{"BcDFUzcQdfT3m70QFKe64RfogQ1MZuUJ9vKYyl2FTGNb":{"registrationId":379640516,"currentRatchet":{"ephemeralKeyPair":{"pubKey":"BW0g6PLmN9wWG+e30VA7ZYX+VptXUXzOcLSnzuC1VOZn","privKey":"CPZhuBy9Tqcw19cw6WvOwdDh9GdZCrUNlH7OgGfPGHg="},"lastRemoteEphemeralKey":"Bbf1CosT7WrG70KBMgrj+eQEYuhFvLyDJidRngUO6P1L","previousCounter":0,"rootKey":"aJMxj/b2rJQlM8GkTZvlhoLqiax2qVUn8tefPgEUQUg="},"indexInfo":{"baseKey":"BcDFUzcQdfT3m70QFKe64RfogQ1MZuUJ9vKYyl2FTGNb","baseKeyType":1,"closed":1746627386494,"used":1746627365915,"created":1746627365915,"remoteIdentityKey":"BcmPuXf/3D61wU6TgeWhvQiY+LPAUG+HuRJzXJFb+682"},"_chains":{"BW0g6PLmN9wWG+e30VA7ZYX+VptXUXzOcLSnzuC1VOZn":{"chainKey":{"counter":0,"key":"0afBUS8eSltJes4GAFpfpjX8uJW9U6CByoF1HuvMArs="},"chainType":1,"messageKeys":{}}},"pendingPreKey":{"signedKeyId":15,"baseKey":"BcDFUzcQdfT3m70QFKe64RfogQ1MZuUJ9vKYyl2FTGNb","preKeyId":9389610}},"BUyUfv+Qhe4zIWtRH16wH93Cffc7obLe4rp7iOTQlbtf":{"registrationId":379640516,"currentRatchet":{"ephemeralKeyPair":{"pubKey":"BSjROhB6jbSOC3rm5A94mLS5sumssLVicVo/CvNdYWsA","privKey":"KOPFzFvZffhGnktB9LtY7NLJS6fRNq3IghqcKSH0KXk="},"lastRemoteEphemeralKey":"Bbf1CosT7WrG70KBMgrj+eQEYuhFvLyDJidRngUO6P1L","previousCounter":0,"rootKey":"0SSkK6vNVHayV98ShN/47ob3QkPOpO/lAHQz2J4E8HA="},"indexInfo":{"baseKey":"BUyUfv+Qhe4zIWtRH16wH93Cffc7obLe4rp7iOTQlbtf","baseKeyType":1,"closed":1746627408725,"used":1746627385979,"created":1746627385979,"remoteIdentityKey":"BcmPuXf/3D61wU6TgeWhvQiY+LPAUG+HuRJzXJFb+682"},"_chains":{"BSjROhB6jbSOC3rm5A94mLS5sumssLVicVo/CvNdYWsA":{"chainKey":{"counter":0,"key":"uqze6jrmVR8LmGvWUdj4qioBtaQ/+TpVUjH7Pe9lOfA="},"chainType":1,"messageKeys":{}}},"pendingPreKey":{"signedKeyId":15,"baseKey":"BUyUfv+Qhe4zIWtRH16wH93Cffc7obLe4rp7iOTQlbtf","preKeyId":9389085}},"BXOYKCc6zcBlvICjDPDOTYec/6+Fu6W5qhrZkroxUz9N":{"registrationId":379640516,"currentRatchet":{"ephemeralKeyPair":{"pubKey":"BehEFPw4CbJ8kCiJn0bNtIO4ap71skXjKlbefZZDTaU9","privKey":"GFnEvlV5auOM+bFT1CcbeZTWfGiOUbakfcHrwtiBAVs="},"lastRemoteEphemeralKey":"Bbf1CosT7WrG70KBMgrj+eQEYuhFvLyDJidRngUO6P1L","previousCounter":0,"rootKey":"4UCGYue2+gmHuLFASoD0VTP4RxDshTJECulKHdFikeg="},"indexInfo":{"baseKey":"BXOYKCc6zcBlvICjDPDOTYec/6+Fu6W5qhrZkroxUz9N","baseKeyType":1,"closed":-1,"used":1746627408331,"created":1746627408331,"remoteIdentityKey":"BcmPuXf/3D61wU6TgeWhvQiY+LPAUG+HuRJzXJFb+682"},"_chains":{"BehEFPw4CbJ8kCiJn0bNtIO4ap71skXjKlbefZZDTaU9":{"chainKey":{"counter":3,"key":"lDJhoZk9sUFx7JqDi3XjL7dY08cm4gql8wIvjkg4Mec="},"chainType":1,"messageKeys":{}}},"pendingPreKey":{"signedKeyId":15,"baseKey":"BXOYKCc6zcBlvICjDPDOTYec/6+Fu6W5qhrZkroxUz9N","preKeyId":9389551}}},"version":"v1"}