{"_sessions":{"BSxqBkMLThYFMT9AWA6tKmXFY9xZX0EtffKsClAp4NtQ":{"registrationId":685747080,"currentRatchet":{"ephemeralKeyPair":{"pubKey":"BTZXQdJt+rRZ0kDEqv1/aU4LD5mteukk98HjQPakPW5+","privKey":"cNafhZnrT5EP31e/rz/f+M1nmAg7ruuGwfRl0tIPzUc="},"lastRemoteEphemeralKey":"BbiYpmeNQjsBAwFrZg/NKzFRCu1nI6bNUbaj27RbvIxe","previousCounter":0,"rootKey":"XpPtqIMliS2oiF8N9lc4tYe279m+AJWVsl1OSv5bIok="},"indexInfo":{"baseKey":"BSxqBkMLThYFMT9AWA6tKmXFY9xZX0EtffKsClAp4NtQ","baseKeyType":1,"closed":1746627386582,"used":1746627366205,"created":1746627366205,"remoteIdentityKey":"BbWEKNIaAsvRkiXJdQ1qT4seVUGv5w8Iv6EQMI0vwD5E"},"_chains":{"BTZXQdJt+rRZ0kDEqv1/aU4LD5mteukk98HjQPakPW5+":{"chainKey":{"counter":0,"key":"w6R0aML180BFMe6DamlHqdsVyv82KhqZFsor3XGPISM="},"chainType":1,"messageKeys":{}}},"pendingPreKey":{"signedKeyId":1,"baseKey":"BSxqBkMLThYFMT9AWA6tKmXFY9xZX0EtffKsClAp4NtQ","preKeyId":6554}},"BZ77mGZ5BVXfhqk5hQtCsnMZ38lS4EpRZ2vgxPjUVr1A":{"registrationId":685747080,"currentRatchet":{"ephemeralKeyPair":{"pubKey":"BY6awZ8lxt4tgLFsUdSP5pJNji9wTSxU/CSdTnbcFi8x","privKey":"EOpc+fPTqSsC309LxyDRMrTkv6KSTez/nYCZhwgypmc="},"lastRemoteEphemeralKey":"BbiYpmeNQjsBAwFrZg/NKzFRCu1nI6bNUbaj27RbvIxe","previousCounter":0,"rootKey":"4G5zvq+08R8zgq5NSMEzA8iyiicSS34RGcpyvz1sBvc="},"indexInfo":{"baseKey":"BZ77mGZ5BVXfhqk5hQtCsnMZ38lS4EpRZ2vgxPjUVr1A","baseKeyType":1,"closed":1746627408786,"used":1746627386346,"created":1746627386346,"remoteIdentityKey":"BbWEKNIaAsvRkiXJdQ1qT4seVUGv5w8Iv6EQMI0vwD5E"},"_chains":{"BY6awZ8lxt4tgLFsUdSP5pJNji9wTSxU/CSdTnbcFi8x":{"chainKey":{"counter":0,"key":"LwG6m92xeTTFazH1aE5DTTe4s4AlnuawFkwdi6k3R2E="},"chainType":1,"messageKeys":{}}},"pendingPreKey":{"signedKeyId":1,"baseKey":"BZ77mGZ5BVXfhqk5hQtCsnMZ38lS4EpRZ2vgxPjUVr1A","preKeyId":5999}},"BYeyr1z4wivV6zI+42MrnvsDdwsySc2cMAU8yP4Kzl81":{"registrationId":685747080,"currentRatchet":{"ephemeralKeyPair":{"pubKey":"BcuD7oCFv1m9pxN7UwObmROpPqP4KgwfrNy0ycAEe2sT","privKey":"ILZJ+mncfLth+n1cohMzmiKVsf0ai6tRqiDCGQB51FQ="},"lastRemoteEphemeralKey":"BbiYpmeNQjsBAwFrZg/NKzFRCu1nI6bNUbaj27RbvIxe","previousCounter":0,"rootKey":"dvSGmF8DHiy1xoOBsGAAmN+61JL+ub9maHTnJdNY7ec="},"indexInfo":{"baseKey":"BYeyr1z4wivV6zI+42MrnvsDdwsySc2cMAU8yP4Kzl81","baseKeyType":1,"closed":-1,"used":1746627408619,"created":1746627408619,"remoteIdentityKey":"BbWEKNIaAsvRkiXJdQ1qT4seVUGv5w8Iv6EQMI0vwD5E"},"_chains":{"BcuD7oCFv1m9pxN7UwObmROpPqP4KgwfrNy0ycAEe2sT":{"chainKey":{"counter":3,"key":"1FPJTz/jIzluqdwh5LbhuQs33Y2x3oQ5dwqqbnTdHmg="},"chainType":1,"messageKeys":{}}},"pendingPreKey":{"signedKeyId":1,"baseKey":"BYeyr1z4wivV6zI+42MrnvsDdwsySc2cMAU8yP4Kzl81","preKeyId":6576}}},"version":"v1"}