{"_sessions":{"BZny+yeTTMSpLR0UsAGnHsSJA27N1mmRg8QHH/kBj1hn":{"registrationId":229454566,"currentRatchet":{"ephemeralKeyPair":{"pubKey":"BcYRhWa5aK3scX46/si+TwVLmK4pplrEHXjuFPWilrs7","privKey":"AIunrJ81srrm6Wlz660ajUJLFsrFqTzM8TZtvpv0hV0="},"lastRemoteEphemeralKey":"BZaG3PCySYRPWplUzveb94OuPQ33ONNuPOdYIYJ9Pntd","previousCounter":0,"rootKey":"Q6bVxni8217iQ9FxuQBJuX5OmGs7wDk06eXQzsoUOqY="},"indexInfo":{"baseKey":"BZny+yeTTMSpLR0UsAGnHsSJA27N1mmRg8QHH/kBj1hn","baseKeyType":2,"closed":-1,"used":1746710811818,"created":1746710811818,"remoteIdentityKey":"BSbpOJgpY7NO1wLwQjVZFwwjjsCXtIZinw3zzEZlWYNn"},"_chains":{"BZaG3PCySYRPWplUzveb94OuPQ33ONNuPOdYIYJ9Pntd":{"chainKey":{"counter":0,"key":"ebaDM5mmY0fwhebqHem7mRV5FOv5ja6HCgD/efSeF2w="},"chainType":2,"messageKeys":{}},"BcYRhWa5aK3scX46/si+TwVLmK4pplrEHXjuFPWilrs7":{"chainKey":{"counter":-1,"key":"KCeW0nJaEqQgdqVFaCWmDGqjk6Yjk2E2ABgf6JndDec="},"chainType":1,"messageKeys":{}}}}},"version":"v1"}