{"_sessions":{"BdI+cpaFTLLYmNRLv1s0vH3maE4nH+T2M+ZP4k6VQBRS":{"registrationId":1468602729,"currentRatchet":{"ephemeralKeyPair":{"pubKey":"Bee6kKFUyX378FePGX36n/ZQz25jmGYQlK85f+xNzHxz","privKey":"8BEvdiVH6adWLmDWq3CvWAeBVJcTiXzpJ46P1iJeZk8="},"lastRemoteEphemeralKey":"BSo20XB7+TO8+SkmHj1whg1ngMpyUd5F4qXAKmIKjBkA","previousCounter":0,"rootKey":"QNeG9wqSjhWPzOITH36mcnBYXSRp5r9ZsyjGtEBlTCQ="},"indexInfo":{"baseKey":"BdI+cpaFTLLYmNRLv1s0vH3maE4nH+T2M+ZP4k6VQBRS","baseKeyType":1,"closed":-1,"used":1746612492885,"created":1746612492885,"remoteIdentityKey":"Ba0L23A94y3FuzsA3tI+ixjC97i/+wii0OkSj889c8Id"},"_chains":{"Bee6kKFUyX378FePGX36n/ZQz25jmGYQlK85f+xNzHxz":{"chainKey":{"counter":4,"key":"LnRz/iJ/cyvx0/eClDN9Qw6KJadDys8ZJFT+JvA/Qa4="},"chainType":1,"messageKeys":{}}},"pendingPreKey":{"signedKeyId":1,"baseKey":"BdI+cpaFTLLYmNRLv1s0vH3maE4nH+T2M+ZP4k6VQBRS","preKeyId":4681726}}},"version":"v1"}