{"_sessions":{"BWfSyBPJDhlQ9u/49RakTcLL2shJLXyuRu7ntpomKPZY":{"registrationId":85663453,"currentRatchet":{"ephemeralKeyPair":{"pubKey":"BSgWsTzroXm6K9ylZA3tv+pZIsZMA/5GpBaqIwUfBj1u","privKey":"GN6TBgb8EFJZRwnbEz1OL4hkTNTWqQdmBzXz0+x7Qls="},"lastRemoteEphemeralKey":"BVQgwkQdt/iqoWiD3TUEp0NCK+ZjwaXPQexHdyh+ZxAJ","previousCounter":0,"rootKey":"f0nZuB6WQHXas/2p5ArhJh72LD/ACGUDJyqMcgDJgU8="},"indexInfo":{"baseKey":"BWfSyBPJDhlQ9u/49RakTcLL2shJLXyuRu7ntpomKPZY","baseKeyType":1,"closed":-1,"used":1746645162549,"created":1746645162549,"remoteIdentityKey":"BQl5eaG/3saxiaRM+IKy48/4gEMz/AU95ngPk5DeGJRm"},"_chains":{"BSgWsTzroXm6K9ylZA3tv+pZIsZMA/5GpBaqIwUfBj1u":{"chainKey":{"counter":0,"key":"ddzDCetNQC86O4eJhee6O9L5NYkQxaLGMozweqx9VA8="},"chainType":1,"messageKeys":{}}},"pendingPreKey":{"signedKeyId":4808599,"baseKey":"BWfSyBPJDhlQ9u/49RakTcLL2shJLXyuRu7ntpomKPZY","preKeyId":4882}}},"version":"v1"}