{"_sessions":{"BbhgsCHSM9DBBsvLbnH4szygTV14YV8HT0taVFPJuhc6":{"registrationId":1319121118,"currentRatchet":{"ephemeralKeyPair":{"pubKey":"BSMNdToIluxrFs4x0aWHy87pTDIAiSfbzCcNov/g1nk6","privKey":"qHSk+GnJgNmMz/ICeicUS5glfP50LWbJIQ7I2e/MW1w="},"lastRemoteEphemeralKey":"BRWfau+7WaZq/K9lQtWjLNX+FiDNt/rzkZxFW2dGtoRk","previousCounter":0,"rootKey":"NHRu/1x0hpM4PGVQCaxQh6YxBobmJ7DoIMVFwkO+l48="},"indexInfo":{"baseKey":"BbhgsCHSM9DBBsvLbnH4szygTV14YV8HT0taVFPJuhc6","baseKeyType":1,"closed":1746627386535,"used":1746627366067,"created":1746627366067,"remoteIdentityKey":"BRg37VxE9oCS0wLnVZx+DgwBm00NshF4fToIP7leTSUP"},"_chains":{"BSMNdToIluxrFs4x0aWHy87pTDIAiSfbzCcNov/g1nk6":{"chainKey":{"counter":0,"key":"Tz+UxBr5Q6xhJ3X9kK41K8b03cX78j1yFsQkZxFyVFc="},"chainType":1,"messageKeys":{}}},"pendingPreKey":{"signedKeyId":1472376,"baseKey":"BbhgsCHSM9DBBsvLbnH4szygTV14YV8HT0taVFPJuhc6","preKeyId":7246}},"BdJmg/U3UzjzLmTDFtZxc+w38Ew39H7KBTURdgNyjY9K":{"registrationId":1319121118,"currentRatchet":{"ephemeralKeyPair":{"pubKey":"BZFGiaHD5vatA3IQMixfQSyW6bTaUkUQjp/34HxvXwpk","privKey":"ELEyFw7Xa9rcwYxV8hnIlZeFlTxvUX6GNhv8+8Ea83M="},"lastRemoteEphemeralKey":"BRWfau+7WaZq/K9lQtWjLNX+FiDNt/rzkZxFW2dGtoRk","previousCounter":0,"rootKey":"6kaqJGWRkTtnTK2U2SMW5pFGronlq3FHlFx9TFmhpn0="},"indexInfo":{"baseKey":"BdJmg/U3UzjzLmTDFtZxc+w38Ew39H7KBTURdgNyjY9K","baseKeyType":1,"closed":1746627408755,"used":1746627386149,"created":1746627386149,"remoteIdentityKey":"BRg37VxE9oCS0wLnVZx+DgwBm00NshF4fToIP7leTSUP"},"_chains":{"BZFGiaHD5vatA3IQMixfQSyW6bTaUkUQjp/34HxvXwpk":{"chainKey":{"counter":0,"key":"nUuAZduU7oUjPYYNaUv9lVhShxp/D18gUQ7iLQ2tmQM="},"chainType":1,"messageKeys":{}}},"pendingPreKey":{"signedKeyId":1472376,"baseKey":"BdJmg/U3UzjzLmTDFtZxc+w38Ew39H7KBTURdgNyjY9K","preKeyId":7290}},"BT3gf/AJ6grJ3dW48CmN94lcvUWdmLyg/oJQDCbvOKBq":{"registrationId":1319121118,"currentRatchet":{"ephemeralKeyPair":{"pubKey":"BYZr/M2Diz2T8Bvo+9eGbP1ic5lWeIMo6FRsOZvWl4o8","privKey":"8Nyc5E7xgtTXnU2qyWlfMwDu/Xqfs5gC/dUEwFtOtl8="},"lastRemoteEphemeralKey":"BRWfau+7WaZq/K9lQtWjLNX+FiDNt/rzkZxFW2dGtoRk","previousCounter":0,"rootKey":"TzfllRjvJ/VRtntpSLkbAEzjUjgbA5+awyhqq+ybur4="},"indexInfo":{"baseKey":"BT3gf/AJ6grJ3dW48CmN94lcvUWdmLyg/oJQDCbvOKBq","baseKeyType":1,"closed":-1,"used":1746627408461,"created":1746627408461,"remoteIdentityKey":"BRg37VxE9oCS0wLnVZx+DgwBm00NshF4fToIP7leTSUP"},"_chains":{"BYZr/M2Diz2T8Bvo+9eGbP1ic5lWeIMo6FRsOZvWl4o8":{"chainKey":{"counter":3,"key":"SB+LkB3fT7n8DAKAaEBTCKcyzxoE3Dd5jGcSzUMkaFA="},"chainType":1,"messageKeys":{}}},"pendingPreKey":{"signedKeyId":1472376,"baseKey":"BT3gf/AJ6grJ3dW48CmN94lcvUWdmLyg/oJQDCbvOKBq","preKeyId":7247}}},"version":"v1"}