{"_sessions":{"BX3liCyCI1fnoKIFPNnQtG77h7HOyeN/rR1Q0Qj7g8c2":{"registrationId":992816606,"currentRatchet":{"ephemeralKeyPair":{"pubKey":"BeKUXfoRphl5dBPTU1Z7jsB4LovbVteyUqqUuhmqIjte","privKey":"wLKd53aqPvZurq2Rd7f7VN4cZWIU/hhNr6MFCaJQBWQ="},"lastRemoteEphemeralKey":"BZEpT4cgkuAPhPAkuJ756C0rKtIkrymljX8+3WBuKUdK","previousCounter":0,"rootKey":"UJkvzt3tq+IXzs+8pHBDSuxsdJFS65ZGqF5GSbI1Ee8="},"indexInfo":{"baseKey":"BX3liCyCI1fnoKIFPNnQtG77h7HOyeN/rR1Q0Qj7g8c2","baseKeyType":1,"closed":-1,"used":1746645162191,"created":1746645162191,"remoteIdentityKey":"BeOfK7UX0fH7pIV469YW4F8Yc1XNB2k4dy+GWiK8mZYw"},"_chains":{"BeKUXfoRphl5dBPTU1Z7jsB4LovbVteyUqqUuhmqIjte":{"chainKey":{"counter":0,"key":"5VqsIBEgE7MXmAJqIG8ChBoqunFFUj3mwx54HC+xkpE="},"chainType":1,"messageKeys":{}}},"pendingPreKey":{"signedKeyId":13151515,"baseKey":"BX3liCyCI1fnoKIFPNnQtG77h7HOyeN/rR1Q0Qj7g8c2","preKeyId":2608}}},"version":"v1"}