{"_sessions":{"BdB296CJrYndG8BiHugwhx38JNrQbg+WStP6030lMKhy":{"registrationId":2083122275,"currentRatchet":{"ephemeralKeyPair":{"pubKey":"BepkNelUU05Gr0E3PqYf0L+VUQ6fXi0de66gU2l0bZZ0","privKey":"ED+Pu8gBhO/vsjXifO96k/ld7a40ieT7vXzgRQZ9lXk="},"lastRemoteEphemeralKey":"BU79O1VCztgZtY3piOZs2Y+/LYU2RgZ65+2VxFUxZbNq","previousCounter":0,"rootKey":"ICfgbuCP+SP690ArrPEHycEF8JXKIAFPN+RC7B1q9Tk="},"indexInfo":{"baseKey":"BdB296CJrYndG8BiHugwhx38JNrQbg+WStP6030lMKhy","baseKeyType":1,"closed":-1,"used":1746645162383,"created":1746645162383,"remoteIdentityKey":"BVqQeUDuwnd7WWEX+3flwEKKvIDWH+XUI0j4u4PEWkYH"},"_chains":{"BepkNelUU05Gr0E3PqYf0L+VUQ6fXi0de66gU2l0bZZ0":{"chainKey":{"counter":0,"key":"Dvf7gtMYyANSmJkcGJoGWd91LfMkFdkVAIqg/10w5V8="},"chainType":1,"messageKeys":{}}},"pendingPreKey":{"signedKeyId":3,"baseKey":"BdB296CJrYndG8BiHugwhx38JNrQbg+WStP6030lMKhy","preKeyId":6240263}}},"version":"v1"}