{"_sessions":{"BSPU54tEXHJzYizP30+yrwjWe7uzWc7l5VUldEfJSl4Z":{"registrationId":1504733141,"currentRatchet":{"ephemeralKeyPair":{"pubKey":"BZ8mzGW420aO4ERKDdWUO8b4p0WNRtD0yooWrPSs/yx+","privKey":"yBQf7KroOfS90RZ0hC1g+GO9LLuJrZFBuHbAK+G74EM="},"lastRemoteEphemeralKey":"BQFqp3Zmny3HJVGPOZGJRUB3DalBfYRMTKDd4HQnVe4u","previousCounter":0,"rootKey":"OVzPrhLyy9MIx85+CpHK0MCwIKHJPDf7+KJj03VXRrg="},"indexInfo":{"baseKey":"BSPU54tEXHJzYizP30+yrwjWe7uzWc7l5VUldEfJSl4Z","baseKeyType":1,"closed":-1,"used":1746645166041,"created":1746645166041,"remoteIdentityKey":"BWd1GBsJSsmHsNEUlrAodZDU46gXmqJwM5Udq//+/IYk"},"_chains":{"BZ8mzGW420aO4ERKDdWUO8b4p0WNRtD0yooWrPSs/yx+":{"chainKey":{"counter":0,"key":"9C8gsiUdjLky6tkx+lFbcPVrI4qKMhEplcrLv2gSLv4="},"chainType":1,"messageKeys":{}}},"pendingPreKey":{"signedKeyId":1,"baseKey":"BSPU54tEXHJzYizP30+yrwjWe7uzWc7l5VUldEfJSl4Z","preKeyId":4009002}}},"version":"v1"}