{"_sessions":{"BR6TH1ZUo+atd1ICScaiUheJh3w/KlG/7CCoefXJfMkw":{"registrationId":1173131836,"currentRatchet":{"ephemeralKeyPair":{"pubKey":"BYqLEv5/Mk7lIUf7E05ObeS6EAulHdw9BmCuRQTmKcha","privKey":"sJLE4/hVK7CwgmX8B+1VdkbRlB+PXYTEwOTMhPntgkE="},"lastRemoteEphemeralKey":"BQChtyS2K9TsJ/NPiNaxcqtt9YXNxuAawVml+tDvOkhN","previousCounter":0,"rootKey":"Ofuk34tXy8WTeXuVZ0LHJqn2OqygAI9ZkHWdedsDI2c="},"indexInfo":{"baseKey":"BR6TH1ZUo+atd1ICScaiUheJh3w/KlG/7CCoefXJfMkw","baseKeyType":1,"closed":1746627386433,"used":1746627365743,"created":1746627365743,"remoteIdentityKey":"BRZa535//2wZX2UUMvyi2qYYd4stGrwI4hwFxN/tdDUM"},"_chains":{"BYqLEv5/Mk7lIUf7E05ObeS6EAulHdw9BmCuRQTmKcha":{"chainKey":{"counter":0,"key":"RpnzIwQsKa2jVCNAu9vQDWgiYtm8i0b8nXYQ8VAVQdk="},"chainType":1,"messageKeys":{}}},"pendingPreKey":{"signedKeyId":5,"baseKey":"BR6TH1ZUo+atd1ICScaiUheJh3w/KlG/7CCoefXJfMkw","preKeyId":7523167}},"BRJH1K+RyZIjUq6TYeqa1WGn+1P0WGG68+MkKnDg8IEZ":{"registrationId":1173131836,"currentRatchet":{"ephemeralKeyPair":{"pubKey":"BbVIvEbXbuiCBNIWqEofPVqUFKKPa+dQbfCd7cqwlT9k","privKey":"0HqAusV8w6jw7v1k3YAyUzuhh46TujcRzBMaSLwuBm0="},"lastRemoteEphemeralKey":"BQChtyS2K9TsJ/NPiNaxcqtt9YXNxuAawVml+tDvOkhN","previousCounter":0,"rootKey":"5N/Ao+gqgwy8iT50OInW4l3ohAMhyaw4uhOc22tfBZI="},"indexInfo":{"baseKey":"BRJH1K+RyZIjUq6TYeqa1WGn+1P0WGG68+MkKnDg8IEZ","baseKeyType":1,"closed":1746627408678,"used":1746627385806,"created":1746627385806,"remoteIdentityKey":"BRZa535//2wZX2UUMvyi2qYYd4stGrwI4hwFxN/tdDUM"},"_chains":{"BbVIvEbXbuiCBNIWqEofPVqUFKKPa+dQbfCd7cqwlT9k":{"chainKey":{"counter":0,"key":"42XM/gRTcMTZXgTGRLgt4ZIYUA4BNzTZl1SKbImdLwg="},"chainType":1,"messageKeys":{}}},"pendingPreKey":{"signedKeyId":5,"baseKey":"BRJH1K+RyZIjUq6TYeqa1WGn+1P0WGG68+MkKnDg8IEZ","preKeyId":7522554}},"BTiZETd8Vf6AtNYyAVUOU+lZavjPWrjzbAaBVh97odZK":{"registrationId":1173131836,"currentRatchet":{"ephemeralKeyPair":{"pubKey":"BU4atcsP2C7mpEXfLEVf/7v/GZBTwKynig2MqvOZ428P","privKey":"yERoTqNtZhKG7+Xl1bire6ZDJjcf28k1WH6iHoTJp1M="},"lastRemoteEphemeralKey":"BQChtyS2K9TsJ/NPiNaxcqtt9YXNxuAawVml+tDvOkhN","previousCounter":0,"rootKey":"7IVh+BfWVGReT+wKJjzu8Tw41Miwxof/61k1qnAlKx4="},"indexInfo":{"baseKey":"BTiZETd8Vf6AtNYyAVUOU+lZavjPWrjzbAaBVh97odZK","baseKeyType":1,"closed":-1,"used":1746627408178,"created":1746627408178,"remoteIdentityKey":"BRZa535//2wZX2UUMvyi2qYYd4stGrwI4hwFxN/tdDUM"},"_chains":{"BU4atcsP2C7mpEXfLEVf/7v/GZBTwKynig2MqvOZ428P":{"chainKey":{"counter":3,"key":"qxbP3ar1Q3QApB0mAzEO+kooMGxYDdjFkBQHFQ8fQm4="},"chainType":1,"messageKeys":{}}},"pendingPreKey":{"signedKeyId":5,"baseKey":"BTiZETd8Vf6AtNYyAVUOU+lZavjPWrjzbAaBVh97odZK","preKeyId":7522509}}},"version":"v1"}