{"_sessions":{"BQQQbIfv6bz6wQOhn3C5OGWYZDh0Bo+VDqIof7cMwSRR":{"registrationId":1681040903,"currentRatchet":{"ephemeralKeyPair":{"pubKey":"BY5aF942Y8YQvm1xgWkP3l72VHW0LhhOM2mgWi3se5Z5","privKey":"ABxvPv2iiqrsOEnMsotVLdrXQGJEbKDx0LiVYmL4xHA="},"lastRemoteEphemeralKey":"BWdxswKoL2/1EHqMvQiPTkhCSqkq7A8rV7Pj4gOayw9R","previousCounter":0,"rootKey":"vxxCiCxVx6Yo2eaBZ3cLcX4Mr9+mmOms6YIni6DYxwQ="},"indexInfo":{"baseKey":"BQQQbIfv6bz6wQOhn3C5OGWYZDh0Bo+VDqIof7cMwSRR","baseKeyType":1,"closed":1746627386526,"used":1746627366036,"created":1746627366036,"remoteIdentityKey":"BX46eZ5YfkQ1NDhEgLXUj2G86fMJDPBUiW+d1wT5Y+ox"},"_chains":{"BY5aF942Y8YQvm1xgWkP3l72VHW0LhhOM2mgWi3se5Z5":{"chainKey":{"counter":0,"key":"RocUbRm5wazVAYKwQzrgYnT3zYKIkFx3mgGjopCgulM="},"chainType":1,"messageKeys":{}}},"pendingPreKey":{"signedKeyId":11123363,"baseKey":"BQQQbIfv6bz6wQOhn3C5OGWYZDh0Bo+VDqIof7cMwSRR","preKeyId":13021}},"BVcl/XMDC4sJAy2OcrgqnEGaC9uOoiGLdFOHAVpLo8ME":{"registrationId":1681040903,"currentRatchet":{"ephemeralKeyPair":{"pubKey":"BYE1U7aDaIEmsjVcaDKeiGYvneIMzUleGEYQ7ITZI056","privKey":"2DmA8CdkSESTnymAqFyB3plaAsSAJlhE1Ad/aHbeq0s="},"lastRemoteEphemeralKey":"BWdxswKoL2/1EHqMvQiPTkhCSqkq7A8rV7Pj4gOayw9R","previousCounter":0,"rootKey":"gnpevh4MIsIO46YJYw1cuuO9uTvN297zeMr1dbUOAbk="},"indexInfo":{"baseKey":"BVcl/XMDC4sJAy2OcrgqnEGaC9uOoiGLdFOHAVpLo8ME","baseKeyType":1,"closed":1746627408747,"used":1746627386115,"created":1746627386115,"remoteIdentityKey":"BX46eZ5YfkQ1NDhEgLXUj2G86fMJDPBUiW+d1wT5Y+ox"},"_chains":{"BYE1U7aDaIEmsjVcaDKeiGYvneIMzUleGEYQ7ITZI056":{"chainKey":{"counter":0,"key":"nJJ5HhM/rmbThelEPzAfpKwxhAgM0x75aI3Ck2aMMLM="},"chainType":1,"messageKeys":{}}},"pendingPreKey":{"signedKeyId":11123363,"baseKey":"BVcl/XMDC4sJAy2OcrgqnEGaC9uOoiGLdFOHAVpLo8ME","preKeyId":13085}},"BTz9EaKvNBSOuV80K04lyJkIpZykiaAZ+YtJ1NOjSxNb":{"registrationId":1681040903,"currentRatchet":{"ephemeralKeyPair":{"pubKey":"BW94C/CG4Q48lXJR03hWB/DTfDAJHnK3f/0pqX4no5Zf","privKey":"kPdzF9KUXKvB4mJDdRfuY7Di5/LDkjKBYn/SoHr96WA="},"lastRemoteEphemeralKey":"BWdxswKoL2/1EHqMvQiPTkhCSqkq7A8rV7Pj4gOayw9R","previousCounter":0,"rootKey":"Z5QW1UOLeS8eQSWNh2ljf9IGyixyueuB+J1N+I5/UIM="},"indexInfo":{"baseKey":"BTz9EaKvNBSOuV80K04lyJkIpZykiaAZ+YtJ1NOjSxNb","baseKeyType":1,"closed":-1,"used":1746627408432,"created":1746627408432,"remoteIdentityKey":"BX46eZ5YfkQ1NDhEgLXUj2G86fMJDPBUiW+d1wT5Y+ox"},"_chains":{"BW94C/CG4Q48lXJR03hWB/DTfDAJHnK3f/0pqX4no5Zf":{"chainKey":{"counter":3,"key":"H3MN7IFBRnu4LRlwFmVrr52sekjAUNePLl5zosXI75Q="},"chainType":1,"messageKeys":{}}},"pendingPreKey":{"signedKeyId":11123363,"baseKey":"BTz9EaKvNBSOuV80K04lyJkIpZykiaAZ+YtJ1NOjSxNb","preKeyId":13703}}},"version":"v1"}