{"_sessions":{"BYhyQkgpZsQhkfeHy8QTKiAd+5dBrcgO1MpnXGmeKRUi":{"registrationId":418716578,"currentRatchet":{"ephemeralKeyPair":{"pubKey":"BUOrTI5P+WskKIuMVC7+JdjjK1UNsNSg7c/TmiZBtgpU","privKey":"uCxfAxfr5EgL/UJMZvZy2t2ZujAMsDQomF9Q+wZGu0w="},"lastRemoteEphemeralKey":"BerTx2hgXWkGNWitlR5S0S+GXhrqoc/nhN0djU1G+d5t","previousCounter":0,"rootKey":"jZu8AU6qeI+jDzAtwKL5B8kMutGGuwl5D26eCercHA0="},"indexInfo":{"baseKey":"BYhyQkgpZsQhkfeHy8QTKiAd+5dBrcgO1MpnXGmeKRUi","baseKeyType":1,"closed":-1,"used":1746644960123,"created":1746644960123,"remoteIdentityKey":"BcimgRMjFcA6UNDvaaLIqbVYd/pU9Hf3s6f05eyCSCw0"},"_chains":{"BUOrTI5P+WskKIuMVC7+JdjjK1UNsNSg7c/TmiZBtgpU":{"chainKey":{"counter":1,"key":"Xcs6fkwpSKMw/B8BXdpVSCPoJERLW67kmwuRSiUK3YI="},"chainType":1,"messageKeys":{}}},"pendingPreKey":{"signedKeyId":1,"baseKey":"BYhyQkgpZsQhkfeHy8QTKiAd+5dBrcgO1MpnXGmeKRUi","preKeyId":12407180}}},"version":"v1"}