{"_sessions":{"BVBvNSthQ8UatK8AXSeFoiIblONx5UWm38RlofoIsYQt":{"registrationId":7330,"currentRatchet":{"ephemeralKeyPair":{"pubKey":"Be3+Hg9n6sbGGqz0n8/UBPvyKeQEl67HGZg6YiBw8oEu","privKey":"eH9/XEn1In8oZL7UNi2PpoZD/IQoRAShJC7Xj/haJXc="},"lastRemoteEphemeralKey":"BeM9wIxisIAIZLEbnNz7qE6hnvegWh2GNUPQLIuyH1JA","previousCounter":0,"rootKey":"GuDwfd0lRqIIh+7EtiF6SGrmfTBYKe1xmgMLg3p041I="},"indexInfo":{"baseKey":"BVBvNSthQ8UatK8AXSeFoiIblONx5UWm38RlofoIsYQt","baseKeyType":1,"closed":1746627382409,"used":1746627362493,"created":1746627362492,"remoteIdentityKey":"BRwsOSfJVtDqcx9BlDLoU1qkry7ad7lDzGJM8185DDFI"},"_chains":{"Be3+Hg9n6sbGGqz0n8/UBPvyKeQEl67HGZg6YiBw8oEu":{"chainKey":{"counter":0,"key":"bZE8kDi4G6EfpBpFAycidB7sWr1PnX48rrzRHbMkW70="},"chainType":1,"messageKeys":{}}},"pendingPreKey":{"signedKeyId":1,"baseKey":"BVBvNSthQ8UatK8AXSeFoiIblONx5UWm38RlofoIsYQt","preKeyId":5590}},"BY2Zu4DyWwtwaDBF+J6sYBOwTkqn/sDy9TjxBGV0cvAX":{"registrationId":7330,"currentRatchet":{"ephemeralKeyPair":{"pubKey":"BY+bt1WZTd3uMqTkYsy2NcXHZTF9vlx/enhAVaNRc0xD","privKey":"4EI11CWDZYBYi/Z2/rQsLTTIyyBaiJKSUNG7dRos+nI="},"lastRemoteEphemeralKey":"BeM9wIxisIAIZLEbnNz7qE6hnvegWh2GNUPQLIuyH1JA","previousCounter":0,"rootKey":"HHt2/vqBHUY6YnIu6nuL5pkx5XFTxk2OpBGFEgxP4fE="},"indexInfo":{"baseKey":"BY2Zu4DyWwtwaDBF+J6sYBOwTkqn/sDy9TjxBGV0cvAX","baseKeyType":1,"closed":1746627404904,"used":1746627381898,"created":1746627381898,"remoteIdentityKey":"BRwsOSfJVtDqcx9BlDLoU1qkry7ad7lDzGJM8185DDFI"},"_chains":{"BY+bt1WZTd3uMqTkYsy2NcXHZTF9vlx/enhAVaNRc0xD":{"chainKey":{"counter":0,"key":"q+IxXoSZM6CCb705XUHeyEgb4oMyTNoWQk/i3IFKweg="},"chainType":1,"messageKeys":{}}},"pendingPreKey":{"signedKeyId":1,"baseKey":"BY2Zu4DyWwtwaDBF+J6sYBOwTkqn/sDy9TjxBGV0cvAX","preKeyId":5491}},"BcndDlXZmALVva1pZio4smHAJ1wdW8GPAghL/cLOdDMG":{"registrationId":7330,"currentRatchet":{"ephemeralKeyPair":{"pubKey":"BYTQVevgVpIK8/mGVZ5fMlCpZjfWftg1MqMJhvUr5D9W","privKey":"gB/ftDJPlI/OR57+ERnZjaXGg2Cow/wdY/DPHVo6UFw="},"lastRemoteEphemeralKey":"BeM9wIxisIAIZLEbnNz7qE6hnvegWh2GNUPQLIuyH1JA","previousCounter":0,"rootKey":"2PbWDFepYbQyAlhRYeMcBlXNi4cF6nwQRkZyrawY9lo="},"indexInfo":{"baseKey":"BcndDlXZmALVva1pZio4smHAJ1wdW8GPAghL/cLOdDMG","baseKeyType":1,"closed":-1,"used":1746627404670,"created":1746627404670,"remoteIdentityKey":"BRwsOSfJVtDqcx9BlDLoU1qkry7ad7lDzGJM8185DDFI"},"_chains":{"BYTQVevgVpIK8/mGVZ5fMlCpZjfWftg1MqMJhvUr5D9W":{"chainKey":{"counter":3,"key":"ThwJetqkO1mFYZIIrurdDK8EwcEWXwmKbQysA74gZQU="},"chainType":1,"messageKeys":{}}},"pendingPreKey":{"signedKeyId":1,"baseKey":"BcndDlXZmALVva1pZio4smHAJ1wdW8GPAghL/cLOdDMG","preKeyId":5074}}},"version":"v1"}