{"_sessions":{"Ba+BeSW3HA6/2oD4H4XHR5GZ5PctiEJ5qo2hJQCvsfhI":{"registrationId":2078286081,"currentRatchet":{"ephemeralKeyPair":{"pubKey":"BR33vs7WDLrB8Mqn1AyJZTf4HRxDKZk0H+wfsmEtA7kB","privKey":"qBUYMIKucimx+Etjepiz7vaXziidt3hv3HGbnd7jkkk="},"lastRemoteEphemeralKey":"BZUc3oG1IEGlM1ZPXEpTgH4Aqr5kdsrtdRRtfvNkKWxT","previousCounter":0,"rootKey":"8BhjfJ3gYDe0LZqljxu4b9w+9cbxG7n1zWcJfDPdZTA="},"indexInfo":{"baseKey":"Ba+BeSW3HA6/2oD4H4XHR5GZ5PctiEJ5qo2hJQCvsfhI","baseKeyType":1,"closed":-1,"used":1746627450203,"created":1746627450203,"remoteIdentityKey":"BYobM1+6EEtskt0egilJ03B2UqPuNbTfEeqP8JILpDYT"},"_chains":{"BR33vs7WDLrB8Mqn1AyJZTf4HRxDKZk0H+wfsmEtA7kB":{"chainKey":{"counter":0,"key":"yQvoCvPB5Ap/M7Rv/jy9NgLGJqZYGWecBOKVY52BK54="},"chainType":1,"messageKeys":{}}},"pendingPreKey":{"signedKeyId":3,"baseKey":"Ba+BeSW3HA6/2oD4H4XHR5GZ5PctiEJ5qo2hJQCvsfhI","preKeyId":4630810}}},"version":"v1"}