{"_sessions":{"BUIU2zA0LGgIFfl8xuTLOJ7qdavfS4SmkNakkQgClMlG":{"registrationId":2092591337,"currentRatchet":{"ephemeralKeyPair":{"pubKey":"BcI0dprPqArS29c2fvF44ay4w9NgusLGVT2Cm7+YVT8+","privKey":"YIcYYKWA9VEZdikw0DHO6oo5hfZ0wmcu887BCJUeeXg="},"lastRemoteEphemeralKey":"Bc3QQihWDFX9VQz8pfM+Vd36ZYP/JuMe83GkyVHj5e4U","previousCounter":0,"rootKey":"1Dn5aqCZUCt1AnpxWYuFZSaOIaAUJpIGJY9fECpVnQw="},"indexInfo":{"baseKey":"BUIU2zA0LGgIFfl8xuTLOJ7qdavfS4SmkNakkQgClMlG","baseKeyType":1,"closed":-1,"used":1746645070182,"created":1746645070182,"remoteIdentityKey":"BUIy8Tk2+nyw92GwbSZeqzAhfRR33V9fSkt0YinOR3pv"},"_chains":{"BcI0dprPqArS29c2fvF44ay4w9NgusLGVT2Cm7+YVT8+":{"chainKey":{"counter":1,"key":"CBs/Ko7SbyR2h+SX5QkTiTFEA5yRC6U21G4EEdHKOcI="},"chainType":1,"messageKeys":{}}},"pendingPreKey":{"signedKeyId":0,"baseKey":"BUIU2zA0LGgIFfl8xuTLOJ7qdavfS4SmkNakkQgClMlG","preKeyId":5908244}}},"version":"v1"}