{"_sessions":{"BSxQYgZ3VrMunN2kquf6m7GjcWSshsJwg+WB63WZfD0w":{"registrationId":725293575,"currentRatchet":{"ephemeralKeyPair":{"pubKey":"BeVsw1F8QeUoat/aveCHliMApsv57YJ7DRypouYhr24p","privKey":"0Nns4N41TOmrXsyTR3L+X8hmp8qMmbRJ4JV1MZ/5KlU="},"lastRemoteEphemeralKey":"BYcwc+dFKqN7Hyq08FO+ZXY+drzIy5g1UGbcfpzWm6VU","previousCounter":0,"rootKey":"qfJzgeZ3OEJni6MjjgbtD6tvRfdO9gkw/s6Rv4u6zMY="},"indexInfo":{"baseKey":"BSxQYgZ3VrMunN2kquf6m7GjcWSshsJwg+WB63WZfD0w","baseKeyType":1,"closed":-1,"used":1746645162306,"created":1746645162306,"remoteIdentityKey":"BfQ4R1P/0BKr2gvmVKXI45QsjlUvdvjQrIdeLI8nxaZ8"},"_chains":{"BeVsw1F8QeUoat/aveCHliMApsv57YJ7DRypouYhr24p":{"chainKey":{"counter":0,"key":"ln9NVReJRy2XxG3E/8kZPLazFbJv7mTS/Auej6o0jMg="},"chainType":1,"messageKeys":{}}},"pendingPreKey":{"signedKeyId":1,"baseKey":"BSxQYgZ3VrMunN2kquf6m7GjcWSshsJwg+WB63WZfD0w","preKeyId":588364}}},"version":"v1"}