{"_sessions":{"BYoZutxbCWoDHf2+dCBLpnWi+m+1ILpU2TOWdrQsVrI4":{"registrationId":393419909,"currentRatchet":{"ephemeralKeyPair":{"pubKey":"BUP7K7ZiIDeEwQ4hLbptzeql15hvkBKfgnaQyM6xXIZF","privKey":"eI2rp6UpKNxCFOv133XT3lYZvnTOYVWHgCCQzIQWwUQ="},"lastRemoteEphemeralKey":"BUE8w4D+L2Egs4GgWAq/Fsra6bP5kNhQVQRgVvrBnw99","previousCounter":0,"rootKey":"3R/iyk/kSzPD2BVJYv4uF0tLdNOJAfdpEHg6e2017gs="},"indexInfo":{"baseKey":"BYoZutxbCWoDHf2+dCBLpnWi+m+1ILpU2TOWdrQsVrI4","baseKeyType":1,"closed":-1,"used":1746645166000,"created":1746645166000,"remoteIdentityKey":"BQX/lEQi5C6mnAD/00vyS2nzRK8qxCJln+4HEIp1BuZ3"},"_chains":{"BUP7K7ZiIDeEwQ4hLbptzeql15hvkBKfgnaQyM6xXIZF":{"chainKey":{"counter":0,"key":"fYyi+o3171oB0F0OgFu3n2xMy+pWKWIbLM+xPHhPI1E="},"chainType":1,"messageKeys":{}}},"pendingPreKey":{"signedKeyId":2,"baseKey":"BYoZutxbCWoDHf2+dCBLpnWi+m+1ILpU2TOWdrQsVrI4","preKeyId":4559941}}},"version":"v1"}