{"_sessions":{"Be195KL6RUgtg20NwWv8FmC1BKAh73JfIDgxwL7gWrFS":{"registrationId":418857875,"currentRatchet":{"ephemeralKeyPair":{"pubKey":"BfdoHdZMW2K4wlU170u8pNRQ5Jjsh/aiJBIrOTKDG5tf","privKey":"qPU3mURcEDz7ZcKRUDEGgl3pAVf0+pvazT1aQAIkLEQ="},"lastRemoteEphemeralKey":"BYsv2UeNtEBmvLj6UBXOR2KY3bFa3mDbserblCTIrU80","previousCounter":0,"rootKey":"HtgW+0GbOEHDZEXgqaqivEzaDmNVmQv7FibSL484xmU="},"indexInfo":{"baseKey":"Be195KL6RUgtg20NwWv8FmC1BKAh73JfIDgxwL7gWrFS","baseKeyType":1,"closed":-1,"used":1746645162517,"created":1746645162517,"remoteIdentityKey":"BQezZC/x0GLCZ8Y2YE9gonp+OuimLUkcFTaIXnACWeQu"},"_chains":{"BfdoHdZMW2K4wlU170u8pNRQ5Jjsh/aiJBIrOTKDG5tf":{"chainKey":{"counter":0,"key":"cyK2A+OPQITkMy0R+PCjCkKEldyHiW/Po79COSSGwrA="},"chainType":1,"messageKeys":{}}},"pendingPreKey":{"signedKeyId":3,"baseKey":"Be195KL6RUgtg20NwWv8FmC1BKAh73JfIDgxwL7gWrFS","preKeyId":3986024}}},"version":"v1"}