{"_sessions":{"Bff0x5n/n1kHmvPD1x+HxwGwGunT/dOXbal+dJfSj8Qr":{"registrationId":1905670057,"currentRatchet":{"ephemeralKeyPair":{"pubKey":"BdwD2ls1rsz0+YB11GJQWZmSrmc5mQSt7PZ3Jxs57C12","privKey":"+PJGXppTpOUTpAcGX0++eD4NgugSx1D2AnTfKeVywXU="},"lastRemoteEphemeralKey":"BX6dradVkDohdcgSvOMhdycR4wQK6vg8DLAQKBrii/0+","previousCounter":0,"rootKey":"sRRkEzRXHhWlo7b0gAw+Cwh2xqKVD20e8DdcIBgmC5g="},"indexInfo":{"baseKey":"Bff0x5n/n1kHmvPD1x+HxwGwGunT/dOXbal+dJfSj8Qr","baseKeyType":1,"closed":-1,"used":1746645162458,"created":1746645162458,"remoteIdentityKey":"BVpK1/fowjUeaWy4U45v1PQ1b2//VIwu5JxkwxyqU0ES"},"_chains":{"BdwD2ls1rsz0+YB11GJQWZmSrmc5mQSt7PZ3Jxs57C12":{"chainKey":{"counter":0,"key":"s3R8QLIrrw4xWizjcEdR62MzVg84n6QHlev0NYhhTY4="},"chainType":1,"messageKeys":{}}},"pendingPreKey":{"signedKeyId":3,"baseKey":"Bff0x5n/n1kHmvPD1x+HxwGwGunT/dOXbal+dJfSj8Qr","preKeyId":10050363}}},"version":"v1"}