{"_sessions":{"BRF6oInsFHRKbbOd/n/1xUTGDSVlRXcxy2K5LWWhbSZr":{"registrationId":1714651025,"currentRatchet":{"ephemeralKeyPair":{"pubKey":"BTMOtG3htCoWzX1yMp4XWkbb0WEXGablROwIZeUOCpIj","privKey":"SNvxvCUhB/XWVNWz6JzJdb+3EKUz8pPKi4k6K4/Ml0c="},"lastRemoteEphemeralKey":"BeI2LbHoDIQMPzdwjPvMdHaUDMGFlrYFQ50/fSh8wI08","previousCounter":2,"rootKey":"s999dUx+LlymU5+VPX8JaLSRlmnCowKO0iaNzHb1H3c="},"indexInfo":{"baseKey":"BRF6oInsFHRKbbOd/n/1xUTGDSVlRXcxy2K5LWWhbSZr","baseKeyType":1,"closed":-1,"used":1746627341676,"created":1746612492574,"remoteIdentityKey":"BQVbdOrIkNaU4r1JfenXLHaJI8M1RSc8mEWU6z+49G0C"},"_chains":{"BeI2LbHoDIQMPzdwjPvMdHaUDMGFlrYFQ50/fSh8wI08":{"chainKey":{"counter":0,"key":"26Ku7UBJDJ1K3ZG0c1wym03SvqHNBYG6vHMhgD3NkeY="},"chainType":2,"messageKeys":{}},"BTMOtG3htCoWzX1yMp4XWkbb0WEXGablROwIZeUOCpIj":{"chainKey":{"counter":1,"key":"NqdSJXTO3Jo+NFCwk6mWdvXqlnwnCGlCP+uWYmbqQXE="},"chainType":1,"messageKeys":{}}}}},"version":"v1"}