{"_sessions":{"BVd40aZ0Z2bEBjONLkHCQKEaNI9e2iS+YkfIKRJZNUQ4":{"registrationId":1255366944,"currentRatchet":{"ephemeralKeyPair":{"pubKey":"BZICDl/L7r1bGJFhaC3e5vUqMGibgwlcMNvyX3o+F9oh","privKey":"MJ2Ik+YycP0rQS6DPHoGscduONIZSPcfsXiXQOFSxnQ="},"lastRemoteEphemeralKey":"BcnkAMHRzaiW06Ge2D5A0VphoALA5sAuoUDny8JbNzVW","previousCounter":0,"rootKey":"pu0fER0Slyne/1gsdNqKUPBRNwcg1a/oJrkVaRYBBOY="},"indexInfo":{"baseKey":"BVd40aZ0Z2bEBjONLkHCQKEaNI9e2iS+YkfIKRJZNUQ4","baseKeyType":1,"closed":1746627386490,"used":1746627365896,"created":1746627365896,"remoteIdentityKey":"BXrmD+Ap7YImkDX1HxehjauXO1DHuZK9BlVwTIvV/vQK"},"_chains":{"BZICDl/L7r1bGJFhaC3e5vUqMGibgwlcMNvyX3o+F9oh":{"chainKey":{"counter":0,"key":"btJi30+u6al4/6rYtbvlfuANype+9UyTncLkgu9zkr8="},"chainType":1,"messageKeys":{}}},"pendingPreKey":{"signedKeyId":0,"baseKey":"BVd40aZ0Z2bEBjONLkHCQKEaNI9e2iS+YkfIKRJZNUQ4","preKeyId":10202205}},"BaOlgwlkiHf/wehcMbH9p94sF/oF+2XbbAqIO6axcfBd":{"registrationId":1255366944,"currentRatchet":{"ephemeralKeyPair":{"pubKey":"BUzfFpWrNl2b6SnY0KD4zKIx0qW+ZFd4EI9UvpPXcbkF","privKey":"gDLeyAcc3nN6D9vI7fDh1ai3QKGrJ/8bVX/UfFm9C34="},"lastRemoteEphemeralKey":"BcnkAMHRzaiW06Ge2D5A0VphoALA5sAuoUDny8JbNzVW","previousCounter":0,"rootKey":"35aZvky6grphfQJKfgpUiFxQhjWulHj1HFhopdk8Qu0="},"indexInfo":{"baseKey":"BaOlgwlkiHf/wehcMbH9p94sF/oF+2XbbAqIO6axcfBd","baseKeyType":1,"closed":1746627408722,"used":1746627385961,"created":1746627385961,"remoteIdentityKey":"BXrmD+Ap7YImkDX1HxehjauXO1DHuZK9BlVwTIvV/vQK"},"_chains":{"BUzfFpWrNl2b6SnY0KD4zKIx0qW+ZFd4EI9UvpPXcbkF":{"chainKey":{"counter":0,"key":"kE1mQydLmgsBxfBw6oVy1BumSQ1hvVsKpJkalUsGpzE="},"chainType":1,"messageKeys":{}}},"pendingPreKey":{"signedKeyId":0,"baseKey":"BaOlgwlkiHf/wehcMbH9p94sF/oF+2XbbAqIO6axcfBd","preKeyId":10202329}},"BR+qGIE2P2RQ/f5hTw4g1BTkzkQvRaABymfq/pyOWLhJ":{"registrationId":1255366944,"currentRatchet":{"ephemeralKeyPair":{"pubKey":"BRCT4VR55+m+STdGla3wQU9V3ftIXCsreuAWkqbfsI4h","privKey":"GJOIFL88mZZBPaIOzrBtmwQtaTc/kvwwN8OxykeZlEM="},"lastRemoteEphemeralKey":"BcnkAMHRzaiW06Ge2D5A0VphoALA5sAuoUDny8JbNzVW","previousCounter":0,"rootKey":"t+wSPu8mzzsgBYlavZtsWDebFg48mg+cBhiRTihAneo="},"indexInfo":{"baseKey":"BR+qGIE2P2RQ/f5hTw4g1BTkzkQvRaABymfq/pyOWLhJ","baseKeyType":1,"closed":-1,"used":1746627408316,"created":1746627408316,"remoteIdentityKey":"BXrmD+Ap7YImkDX1HxehjauXO1DHuZK9BlVwTIvV/vQK"},"_chains":{"BRCT4VR55+m+STdGla3wQU9V3ftIXCsreuAWkqbfsI4h":{"chainKey":{"counter":3,"key":"elWQMGYg6sNWjae63RZd9FTjk7cdyaKRj1SEm2zBE/U="},"chainType":1,"messageKeys":{}}},"pendingPreKey":{"signedKeyId":0,"baseKey":"BR+qGIE2P2RQ/f5hTw4g1BTkzkQvRaABymfq/pyOWLhJ","preKeyId":10201696}}},"version":"v1"}