{"_sessions":{"BUb/Jlp/uCkClKCjxctpbbqtrzGVTNsT3mEHlQIjlfAx":{"registrationId":1127052732,"currentRatchet":{"ephemeralKeyPair":{"pubKey":"BYebr48eA+lYH19uGVLXBtIn6IPkNZiZ/L8j1169vAtH","privKey":"CCOG9ahrozBw+Qu4V1O5h/153bviGBSASOPWfaqsynU="},"lastRemoteEphemeralKey":"BQoaj+AHUwJ5W5AAXcqQ451YKa4f8kD6JO/kwdiD7mMO","previousCounter":0,"rootKey":"UIpavnluOXBkc/egM9CfN+ibpgSbfPI5q1yMiM9EJIU="},"indexInfo":{"baseKey":"BUb/Jlp/uCkClKCjxctpbbqtrzGVTNsT3mEHlQIjlfAx","baseKeyType":1,"closed":-1,"used":1746644956715,"created":1746644956715,"remoteIdentityKey":"BZSl1U5rEkFOTr/pSFdn7qiRecIszuGcKQ0PKFMqkxYs"},"_chains":{"BYebr48eA+lYH19uGVLXBtIn6IPkNZiZ/L8j1169vAtH":{"chainKey":{"counter":1,"key":"/WJMvGQrzl0anvPFkpL8Ahl1jlYrezuzqs9OhS5GSWE="},"chainType":1,"messageKeys":{}}},"pendingPreKey":{"signedKeyId":2,"baseKey":"BUb/Jlp/uCkClKCjxctpbbqtrzGVTNsT3mEHlQIjlfAx","preKeyId":2852733}}},"version":"v1"}