{"_sessions":{"BaI0DQljQYF2ILaDDYtFThyS2J6EPUyUY82NrVYiFFRZ":{"registrationId":1210361179,"currentRatchet":{"ephemeralKeyPair":{"pubKey":"BSvTbE/QPKWFD39f0P+VerNHn/Vr4obS7ymzmepD7cdP","privKey":"yGbu2NItR9w+oPW+joIDNRfO4hWYh6wnACONHNTH6lE="},"lastRemoteEphemeralKey":"Bb1GSWXfZMk7VZSpZW7YtLhyis0+K1dGFMXoUqbqGWtb","previousCounter":0,"rootKey":"mpcqh7neYzKOn4+YTAEDckhsrPYbWnKjX/HPyrDlg8g="},"indexInfo":{"baseKey":"BaI0DQljQYF2ILaDDYtFThyS2J6EPUyUY82NrVYiFFRZ","baseKeyType":1,"closed":-1,"used":1746612488922,"created":1746612488922,"remoteIdentityKey":"BWhiPT2Mpb6aK/oMcRoR2G/IkMypZAjqbHWJMMVMMFxT"},"_chains":{"BSvTbE/QPKWFD39f0P+VerNHn/Vr4obS7ymzmepD7cdP":{"chainKey":{"counter":4,"key":"yehhn8xJ7MpOuLWTegMxYzfGE0Ywtv6GQldF3LLtClc="},"chainType":1,"messageKeys":{}}},"pendingPreKey":{"signedKeyId":0,"baseKey":"BaI0DQljQYF2ILaDDYtFThyS2J6EPUyUY82NrVYiFFRZ"}}},"version":"v1"}