{"_sessions":{"BTQQdNzJ1Goe6l8D7He9aB8F0SFoRYpkYO5sBFUF51FG":{"registrationId":1604888905,"currentRatchet":{"ephemeralKeyPair":{"pubKey":"BRo1jdI9ymC0vKHgTCJ+qcUTQTp607BICqWyEuSwb4l7","privKey":"EIudYLa4n7ljQfZmQBOial4hAX/2ajD69hsvKhhaClM="},"lastRemoteEphemeralKey":"BTMYqWJ6X/Y1S3b9Vo7xHKtC94ksZ6VJICgG9FdAulUD","previousCounter":0,"rootKey":"d2TsnSsYMBPMRiLXE10YkoYLTxQLwOzNYyyUCiRiC8I="},"indexInfo":{"baseKey":"BTQQdNzJ1Goe6l8D7He9aB8F0SFoRYpkYO5sBFUF51FG","baseKeyType":1,"closed":1746627386584,"used":1746627366208,"created":1746627366208,"remoteIdentityKey":"BRNXa0GwRaXFPfGkjYwY/rV0MeK45fy35C+5mTkhQqIC"},"_chains":{"BRo1jdI9ymC0vKHgTCJ+qcUTQTp607BICqWyEuSwb4l7":{"chainKey":{"counter":0,"key":"K1MRNcA/Qbvf4jyeu05NM4gYZvL4DSo4neBMhxGXbRA="},"chainType":1,"messageKeys":{}}},"pendingPreKey":{"signedKeyId":10499969,"baseKey":"BTQQdNzJ1Goe6l8D7He9aB8F0SFoRYpkYO5sBFUF51FG","preKeyId":23179}},"BWBnxyUwVcWexoAxSphwZyf5935eh6qasLsgRdnhkTEO":{"registrationId":1604888905,"currentRatchet":{"ephemeralKeyPair":{"pubKey":"BXXmdj2lmrGNBBb+yUuPuiXjTSxsopTf3RVpujRcQtpA","privKey":"6AGWmnX39zAKNJkXu+iBbCmuj9FLtykZvmqoedfxmV4="},"lastRemoteEphemeralKey":"BTMYqWJ6X/Y1S3b9Vo7xHKtC94ksZ6VJICgG9FdAulUD","previousCounter":0,"rootKey":"R8tSY1BCdU63gd+LdzAmXV4Yco8ywg/hNdY7gw6W/EY="},"indexInfo":{"baseKey":"BWBnxyUwVcWexoAxSphwZyf5935eh6qasLsgRdnhkTEO","baseKeyType":1,"closed":1746627408787,"used":1746627386354,"created":1746627386354,"remoteIdentityKey":"BRNXa0GwRaXFPfGkjYwY/rV0MeK45fy35C+5mTkhQqIC"},"_chains":{"BXXmdj2lmrGNBBb+yUuPuiXjTSxsopTf3RVpujRcQtpA":{"chainKey":{"counter":0,"key":"53kODfyWolkHpl9A2mV0TERwax3nIffiMVfBpuMjkcw="},"chainType":1,"messageKeys":{}}},"pendingPreKey":{"signedKeyId":10499969,"baseKey":"BWBnxyUwVcWexoAxSphwZyf5935eh6qasLsgRdnhkTEO","preKeyId":23143}},"BQEQj9Ne65vwL8sNSfiZw29TiMEHarekE7ZmKbxBMv5F":{"registrationId":1604888905,"currentRatchet":{"ephemeralKeyPair":{"pubKey":"BQsJeBAU0JoIbf9c0VjfXgQB0Mf4Ad6qtlECnxrPCbIq","privKey":"aPmasSn0xyDLD6BobokC/uY1C79QSNeHK0qp6fHD8ms="},"lastRemoteEphemeralKey":"BTMYqWJ6X/Y1S3b9Vo7xHKtC94ksZ6VJICgG9FdAulUD","previousCounter":0,"rootKey":"5PYXLfeeCa169+ci9KUKEcWgZlvYttnnYrZ7NiSqJW0="},"indexInfo":{"baseKey":"BQEQj9Ne65vwL8sNSfiZw29TiMEHarekE7ZmKbxBMv5F","baseKeyType":1,"closed":-1,"used":1746627408625,"created":1746627408625,"remoteIdentityKey":"BRNXa0GwRaXFPfGkjYwY/rV0MeK45fy35C+5mTkhQqIC"},"_chains":{"BQsJeBAU0JoIbf9c0VjfXgQB0Mf4Ad6qtlECnxrPCbIq":{"chainKey":{"counter":3,"key":"2jww/XNVKNexRhk3GY6rdUNeyiWcOiYYP+qHtPkp32w="},"chainType":1,"messageKeys":{}}},"pendingPreKey":{"signedKeyId":10499969,"baseKey":"BQEQj9Ne65vwL8sNSfiZw29TiMEHarekE7ZmKbxBMv5F","preKeyId":23735}}},"version":"v1"}