{"_sessions":{"BUynbBTjJmxz8m+ELyOG0+n6LxmwIKMv4YxpM/frI48E":{"registrationId":883879113,"currentRatchet":{"ephemeralKeyPair":{"pubKey":"BX4+VriDO0hCOFPMf5KlrvLO7+fKrBnGkwiqTIwH2pJW","privKey":"yI6BmvKRwCIUWNc2Gt9Gu3BElx1JdxOgye6qpBrSY2o="},"lastRemoteEphemeralKey":"BWxUDbMVdoIaJuPsdnDmG41N/i5hPTu/2GnnexRDYtx0","previousCounter":0,"rootKey":"OnX6JJ21gpqo4k4JcQuY8vmoDbU7WOF16YunCOHpwds="},"indexInfo":{"baseKey":"BUynbBTjJmxz8m+ELyOG0+n6LxmwIKMv4YxpM/frI48E","baseKeyType":1,"closed":-1,"used":1746645162360,"created":1746645162360,"remoteIdentityKey":"BY6tgO8Zq4nqRr3b0CK+PUKshz+hWDGyTFrxsXtL6ABd"},"_chains":{"BX4+VriDO0hCOFPMf5KlrvLO7+fKrBnGkwiqTIwH2pJW":{"chainKey":{"counter":0,"key":"CfITPMFyOAxOtP0TBVZyRFVoKabtWC1qZcODMi6eLTI="},"chainType":1,"messageKeys":{}}},"pendingPreKey":{"signedKeyId":13,"baseKey":"BUynbBTjJmxz8m+ELyOG0+n6LxmwIKMv4YxpM/frI48E","preKeyId":5236509}}},"version":"v1"}