{"_sessions":{"BTTrtrQfVcBkEbhp8xOpy9XIXmxR4E/QBZxsqOZ59IkZ":{"registrationId":684672618,"currentRatchet":{"ephemeralKeyPair":{"pubKey":"BR9uwFD+l9PYAAwQpXCjLjIj7hsv9Pher5ZPpYLCRxp1","privKey":"SGz2qfsqIT0GiPXipM2Iumb0dzg39Bzxd4is7xdehXw="},"lastRemoteEphemeralKey":"BeUGCc1pbOKEu17Mm/ixgxlxP4owwPkMRp3k9mrYdthj","previousCounter":0,"rootKey":"yOK0pyFkAl6ukd/1d4iFejIih0FwPwXV9isCk25Plcg="},"indexInfo":{"baseKey":"BTTrtrQfVcBkEbhp8xOpy9XIXmxR4E/QBZxsqOZ59IkZ","baseKeyType":1,"closed":-1,"used":1746645158673,"created":1746645158673,"remoteIdentityKey":"BVarDAgNFSFgUjye7kG1ClMCehyFKoOFb03Y0y3QFI1C"},"_chains":{"BR9uwFD+l9PYAAwQpXCjLjIj7hsv9Pher5ZPpYLCRxp1":{"chainKey":{"counter":0,"key":"LKaTco25alALXnNy97d+B08pLSW7JUt3YGcmvdKzd6Y="},"chainType":1,"messageKeys":{}}},"pendingPreKey":{"signedKeyId":14104688,"baseKey":"BTTrtrQfVcBkEbhp8xOpy9XIXmxR4E/QBZxsqOZ59IkZ"}}},"version":"v1"}