{"_sessions":{"Bd7iC5KNILmWxiEIMqy53shxu8oxG+OwIf19M8DvFEUE":{"registrationId":758791233,"currentRatchet":{"ephemeralKeyPair":{"pubKey":"BQtZfZpDzYDPtA3Her8n4504rfiJdBjl/GLvqybPuFsY","privKey":"OIcFzXqOgWR0hztA1uI+V6av4jQEEh6u9IoSUCFOyUU="},"lastRemoteEphemeralKey":"BYsH2wGtPFoNk8hvb42MOgSMDEQfg+D/1aIhGZ8Pa9d+","previousCounter":0,"rootKey":"7slCnYsnTtp7CJFhG8us7e+CbpHv/Ka7xIP2cdqBL6Y="},"indexInfo":{"baseKey":"Bd7iC5KNILmWxiEIMqy53shxu8oxG+OwIf19M8DvFEUE","baseKeyType":1,"closed":-1,"used":1746644959949,"created":1746644959949,"remoteIdentityKey":"BS1ngfeMViG/Hd2YV6yUDsi8NqF8C9j2S+wILCFgiV40"},"_chains":{"BQtZfZpDzYDPtA3Her8n4504rfiJdBjl/GLvqybPuFsY":{"chainKey":{"counter":1,"key":"uoe7B+VuinKIEm1M6RTyEwBTAhAOAwMQTg7WV6d9E08="},"chainType":1,"messageKeys":{}}},"pendingPreKey":{"signedKeyId":1,"baseKey":"Bd7iC5KNILmWxiEIMqy53shxu8oxG+OwIf19M8DvFEUE","preKeyId":5420413}}},"version":"v1"}