{"_sessions":{"BYIC33kCmzZa59mhYtKidwUGCUzEqnBYiL+WUYURoKcL":{"registrationId":1246231704,"currentRatchet":{"ephemeralKeyPair":{"pubKey":"BcwNeWaEugZyz3fTx0VtQCnK2y2lD7+yrvY1MSox7XgI","privKey":"CFvXplji8/uBIAnh2LWd1w7R+QGhGpyeI3+4GBcRHHc="},"lastRemoteEphemeralKey":"BcbJNNt1rSaCe0ZrqPoWz8fohQPnPZkZiZ75nkv8U5UR","previousCounter":0,"rootKey":"JyfuuiMZqEFVlUqiX8goLgxFHzeiB+HBICWZKmLW/0U="},"indexInfo":{"baseKey":"BYIC33kCmzZa59mhYtKidwUGCUzEqnBYiL+WUYURoKcL","baseKeyType":1,"closed":1746627386574,"used":1746627366185,"created":1746627366185,"remoteIdentityKey":"BRDg8LaZL1IeJPbwVAmlPKHUlZxjZGExlzGGndOHW+4i"},"_chains":{"BcwNeWaEugZyz3fTx0VtQCnK2y2lD7+yrvY1MSox7XgI":{"chainKey":{"counter":0,"key":"IRWTTVIKDpLYgworBGlME9Y20//CwFqFPmg5gMyMbqc="},"chainType":1,"messageKeys":{}}},"pendingPreKey":{"signedKeyId":3,"baseKey":"BYIC33kCmzZa59mhYtKidwUGCUzEqnBYiL+WUYURoKcL","preKeyId":3454871}},"BWhGNP46T1n1Y4pijsmTdHb0QjVy1YzEuRjjpES3KEUf":{"registrationId":1246231704,"currentRatchet":{"ephemeralKeyPair":{"pubKey":"BS4E3sJqjl+RfpGe/AmlEC+1APnrIWmwa4VpxjqToBU4","privKey":"yK/HfJae88OHz51NzSD8B1lPXeNVacN0I37T9nzMk3k="},"lastRemoteEphemeralKey":"BcbJNNt1rSaCe0ZrqPoWz8fohQPnPZkZiZ75nkv8U5UR","previousCounter":0,"rootKey":"GKAmh5f4CWNRlHmUcgYfqfxgq/AmBw5GEk8uAhx9ukI="},"indexInfo":{"baseKey":"BWhGNP46T1n1Y4pijsmTdHb0QjVy1YzEuRjjpES3KEUf","baseKeyType":1,"closed":1746627408781,"used":1746627386311,"created":1746627386310,"remoteIdentityKey":"BRDg8LaZL1IeJPbwVAmlPKHUlZxjZGExlzGGndOHW+4i"},"_chains":{"BS4E3sJqjl+RfpGe/AmlEC+1APnrIWmwa4VpxjqToBU4":{"chainKey":{"counter":0,"key":"iGyeH6y2RP552RYHrUhVhgHQ9FOctfDvMYC0ADQYVLU="},"chainType":1,"messageKeys":{}}},"pendingPreKey":{"signedKeyId":3,"baseKey":"BWhGNP46T1n1Y4pijsmTdHb0QjVy1YzEuRjjpES3KEUf","preKeyId":3454851}},"BX6IEupI7IWjtOM6EzsD+6icQSI+lqpZB3Wo8cUlgOw3":{"registrationId":1246231704,"currentRatchet":{"ephemeralKeyPair":{"pubKey":"BaGSBRF0Lm81T6I4JRX+8qNjcOrwO3663uaInQGoV9JQ","privKey":"cLLEzPp2UcLJbP49oAReh/LnKzTM1j+sGx/HrUYQXEI="},"lastRemoteEphemeralKey":"BcbJNNt1rSaCe0ZrqPoWz8fohQPnPZkZiZ75nkv8U5UR","previousCounter":0,"rootKey":"k8CVYflVoUYpPsPWjmbHr/H6Wfx/sw+UPEODBXI5azc="},"indexInfo":{"baseKey":"BX6IEupI7IWjtOM6EzsD+6icQSI+lqpZB3Wo8cUlgOw3","baseKeyType":1,"closed":-1,"used":1746627408596,"created":1746627408596,"remoteIdentityKey":"BRDg8LaZL1IeJPbwVAmlPKHUlZxjZGExlzGGndOHW+4i"},"_chains":{"BaGSBRF0Lm81T6I4JRX+8qNjcOrwO3663uaInQGoV9JQ":{"chainKey":{"counter":3,"key":"JNGWNTza5swWuu1qi2PuqtYIq4fsG89hOGOtR/LS4V4="},"chainType":1,"messageKeys":{}}},"pendingPreKey":{"signedKeyId":3,"baseKey":"BX6IEupI7IWjtOM6EzsD+6icQSI+lqpZB3Wo8cUlgOw3","preKeyId":3454841}}},"version":"v1"}