{"_sessions":{"BcfhEL87eKLjC3opxUlBxZ2TRNL5eJQNECS04eOPMaAo":{"registrationId":621340340,"currentRatchet":{"ephemeralKeyPair":{"pubKey":"BaFrUPQRdj7szmqkmiyTK6q+4UqSyXfiMUl/uvogb3BK","privKey":"aDeYq9tJH+pwqWALloSSOnXL6USmpx53gQ7nL6hufn4="},"lastRemoteEphemeralKey":"Bfn1x7pm96ebJ9ruuO0icQrmTXYehZVCpmDYJTk+Aexf","previousCounter":0,"rootKey":"ILaYPpVLxXPwwWSpMtOdSaRdxCIlrELniZ9PBFhIi9o="},"indexInfo":{"baseKey":"BcfhEL87eKLjC3opxUlBxZ2TRNL5eJQNECS04eOPMaAo","baseKeyType":1,"closed":1746627382666,"used":1746627362706,"created":1746627362706,"remoteIdentityKey":"BdK/66e5Rxi5RH12oMt69TF3zzZWsg70Lzpq9Z31Wl1A"},"_chains":{"BaFrUPQRdj7szmqkmiyTK6q+4UqSyXfiMUl/uvogb3BK":{"chainKey":{"counter":0,"key":"KpXJI2/89PGrno5mLhWp7HDjVFRSRIkBMyQgmbQkdNA="},"chainType":1,"messageKeys":{}}},"pendingPreKey":{"signedKeyId":1,"baseKey":"BcfhEL87eKLjC3opxUlBxZ2TRNL5eJQNECS04eOPMaAo","preKeyId":2918890}},"BUyUe22IyO7YI8zbjO/gutYbSTkyy/mPXsVUU18WUoIi":{"registrationId":621340340,"currentRatchet":{"ephemeralKeyPair":{"pubKey":"BUNQNgL91V6MUQV3eiX/3rpX9OHnmj653XFlJlpFxaop","privKey":"uOeD/w4t3Zy7bCv58N/WZM6CzcwEYUGw58GWtWi3I3c="},"lastRemoteEphemeralKey":"Bfn1x7pm96ebJ9ruuO0icQrmTXYehZVCpmDYJTk+Aexf","previousCounter":0,"rootKey":"O8qSNH29XoPvjWIk1KnQsRROFTcwVsCKDtF0xcquIX4="},"indexInfo":{"baseKey":"BUyUe22IyO7YI8zbjO/gutYbSTkyy/mPXsVUU18WUoIi","baseKeyType":1,"closed":1746627404939,"used":1746627382083,"created":1746627382083,"remoteIdentityKey":"BdK/66e5Rxi5RH12oMt69TF3zzZWsg70Lzpq9Z31Wl1A"},"_chains":{"BUNQNgL91V6MUQV3eiX/3rpX9OHnmj653XFlJlpFxaop":{"chainKey":{"counter":0,"key":"v5FXOXzVU/bUtVG9n4uk8EM9y6ezRQNeuyQps466fiE="},"chainType":1,"messageKeys":{}}},"pendingPreKey":{"signedKeyId":1,"baseKey":"BUyUe22IyO7YI8zbjO/gutYbSTkyy/mPXsVUU18WUoIi","preKeyId":2919013}},"BSgcsOf3iydMe6qTCyMdtHmxZXj7CHd96wR4VNj50Ic3":{"registrationId":621340340,"currentRatchet":{"ephemeralKeyPair":{"pubKey":"BQWX5kikLBfZjbpusw0xKrwHTadfem6SkOiD++PHT6pe","privKey":"cOTjLFX1rTJYlQp7e17BHnsHnS1/NGo6t2yjN2FjYUs="},"lastRemoteEphemeralKey":"Bfn1x7pm96ebJ9ruuO0icQrmTXYehZVCpmDYJTk+Aexf","previousCounter":0,"rootKey":"/fi9+IkQ9hA9NYE3sOS5dacQZxAAYQv4oZq2sASvN1s="},"indexInfo":{"baseKey":"BSgcsOf3iydMe6qTCyMdtHmxZXj7CHd96wR4VNj50Ic3","baseKeyType":1,"closed":-1,"used":1746627404818,"created":1746627404818,"remoteIdentityKey":"BdK/66e5Rxi5RH12oMt69TF3zzZWsg70Lzpq9Z31Wl1A"},"_chains":{"BQWX5kikLBfZjbpusw0xKrwHTadfem6SkOiD++PHT6pe":{"chainKey":{"counter":3,"key":"DV6QzVqd8By7svutPdrj03uVjjsTbhi/2z3gxftq8yk="},"chainType":1,"messageKeys":{}}},"pendingPreKey":{"signedKeyId":1,"baseKey":"BSgcsOf3iydMe6qTCyMdtHmxZXj7CHd96wR4VNj50Ic3","preKeyId":2918524}}},"version":"v1"}