{"_sessions":{"BbGZm1y9WM0gqtUYII09URI2V57QrGWZSYXjeAfGZXM0":{"registrationId":822116134,"currentRatchet":{"ephemeralKeyPair":{"pubKey":"BaeZDd0Ier1rULEdAU44yB4NtYga+pgWJ1XYVUHfTBNZ","privKey":"eK3epoaMSsQCkGWNavvMdu666hyCbqPVOcKBf1jtM1I="},"lastRemoteEphemeralKey":"BQwcS8DmEsNRU8ssiX6FXXp9niyGmbCDrtoMeb8Fgo4R","previousCounter":0,"rootKey":"qDRIUCqcWj8UvxXicNfhx7uMPY00pFuZgz+zs6FrcHY="},"indexInfo":{"baseKey":"BbGZm1y9WM0gqtUYII09URI2V57QrGWZSYXjeAfGZXM0","baseKeyType":1,"closed":-1,"used":1746645162477,"created":1746645162477,"remoteIdentityKey":"BXtwfVOf9h6MfigPOFZQhyizJzBjY62wSe6r9Jafuwk0"},"_chains":{"BaeZDd0Ier1rULEdAU44yB4NtYga+pgWJ1XYVUHfTBNZ":{"chainKey":{"counter":0,"key":"9Zhz8JtVCk8x0wSBME9Ym8ERi4kSjaag0N/HSC9kLhk="},"chainType":1,"messageKeys":{}}},"pendingPreKey":{"signedKeyId":7,"baseKey":"BbGZm1y9WM0gqtUYII09URI2V57QrGWZSYXjeAfGZXM0"}}},"version":"v1"}