{"_sessions":{"Ba4yy3kc5QtfHFJ7ABFGeJUTaSTc/uU82xrJW8ZRAwU9":{"registrationId":1696883147,"currentRatchet":{"ephemeralKeyPair":{"pubKey":"BV62oI9Ivj1Z+QDSsN/LFYTXKM4U1zISv1oKJh19/GA6","privKey":"4B9jFBK5wzLDGhpbKnGTjPR5PYjV1F8ioRhmLOhw+U0="},"lastRemoteEphemeralKey":"BX96GCCDjWP9DGm3xUJElrc01HFP6omsoscuBmiZDhNq","previousCounter":0,"rootKey":"5R534XlMCSqoK3lUPP6qBQa5iiEtucMemWRhuYoTUlY="},"indexInfo":{"baseKey":"Ba4yy3kc5QtfHFJ7ABFGeJUTaSTc/uU82xrJW8ZRAwU9","baseKeyType":1,"closed":-1,"used":1746645162300,"created":1746645162300,"remoteIdentityKey":"BYNBweEdIdH1c5P7TTtK5YuIkaaSY4LUKzr+9SqZeoFw"},"_chains":{"BV62oI9Ivj1Z+QDSsN/LFYTXKM4U1zISv1oKJh19/GA6":{"chainKey":{"counter":0,"key":"4HKWXpHFBRBOccdcPE68wGUyKg5zlAFF3amzSAgB54M="},"chainType":1,"messageKeys":{}}},"pendingPreKey":{"signedKeyId":3001297,"baseKey":"Ba4yy3kc5QtfHFJ7ABFGeJUTaSTc/uU82xrJW8ZRAwU9","preKeyId":7690}}},"version":"v1"}