{"_sessions":{"BXKiKGa6+xC5Z+olIdqBkL9VS3ZUFpeNUFjEmGMQPalj":{"registrationId":2071655947,"currentRatchet":{"ephemeralKeyPair":{"pubKey":"BWX7MeqDxwD0kByWTM4DNOX90rboQMWj2t7UTZoZvWkU","privKey":"wFiKwqUm10pF22RZqtktIXt6BPRbmkVzghv9u9HQRko="},"lastRemoteEphemeralKey":"BYxN1QpO7FokFLH5TZEAOnEOSt0KT6J/jsTx332PNRJP","previousCounter":0,"rootKey":"KhIH6TD60FIlOOzqErHM6cpmbZ4BKVJLfr2wg2FZiTM="},"indexInfo":{"baseKey":"BXKiKGa6+xC5Z+olIdqBkL9VS3ZUFpeNUFjEmGMQPalj","baseKeyType":1,"closed":-1,"used":1746645162490,"created":1746645162490,"remoteIdentityKey":"BcZO1tiNmS8FDcYGnZCDUN+SHNawJxF/NjJCpcpkwOJb"},"_chains":{"BWX7MeqDxwD0kByWTM4DNOX90rboQMWj2t7UTZoZvWkU":{"chainKey":{"counter":0,"key":"s5+721a82PRBfLR93o76w+zLqDSkTmyEBWAuguGyhOI="},"chainType":1,"messageKeys":{}}},"pendingPreKey":{"signedKeyId":0,"baseKey":"BXKiKGa6+xC5Z+olIdqBkL9VS3ZUFpeNUFjEmGMQPalj"}}},"version":"v1"}