{"_sessions":{"BWdqZ2CaK/KN3zxyNbGDOwoiesxkPKIHhElgFBhpX8ha":{"registrationId":1508722062,"currentRatchet":{"ephemeralKeyPair":{"pubKey":"BYD5NpIFpjuwnISS4bpw3zmx4e/yFSXQUH3dWHarmS8S","privKey":"eEccvByNrpesCidXldNlIdCutlDCH/pKVbC+m069M3s="},"lastRemoteEphemeralKey":"BVXBN3VH5cZ9FkTRART3UHtSPFdpUfvTKnIg0pTmrEQA","previousCounter":0,"rootKey":"RURUsjq3H3gqRxjRaFugocF//e+LXeYnxOqfI8A4V7k="},"indexInfo":{"baseKey":"BWdqZ2CaK/KN3zxyNbGDOwoiesxkPKIHhElgFBhpX8ha","baseKeyType":1,"closed":-1,"used":1746645158867,"created":1746645158867,"remoteIdentityKey":"BaPyoYkI5Z0nnfzqI3v5GXudFumwgD/n8hc5/JMS0XBk"},"_chains":{"BYD5NpIFpjuwnISS4bpw3zmx4e/yFSXQUH3dWHarmS8S":{"chainKey":{"counter":0,"key":"zbEPMuItfFkiflkq1348XjiMG++QAnOgCE+TAxOB2zQ="},"chainType":1,"messageKeys":{}}},"pendingPreKey":{"signedKeyId":5645672,"baseKey":"BWdqZ2CaK/KN3zxyNbGDOwoiesxkPKIHhElgFBhpX8ha","preKeyId":4612}}},"version":"v1"}