{"_sessions":{"BUu88K1g14P3HxuqcXIkFy7yhFOwVuICjFrQj1+I6hdG":{"registrationId":1340638095,"currentRatchet":{"ephemeralKeyPair":{"pubKey":"BdUuJQOjGYaHnCgnMzr/0mZasXg0CrHhiQkpOVA0X75M","privKey":"6GKJ8oApjOxnF0AHInThfBOuW1n13wbsCnYe+hQWUWI="},"lastRemoteEphemeralKey":"BcArd1NyTvU5wQTPk643rCB2vnushkXonZ/VKAdnFS4E","previousCounter":0,"rootKey":"X3RSbGEyx+DmFMWOYvpfQkEPjHU+Qdvham/ZdP8ZMl0="},"indexInfo":{"baseKey":"BUu88K1g14P3HxuqcXIkFy7yhFOwVuICjFrQj1+I6hdG","baseKeyType":1,"closed":1746627386580,"used":1746627366201,"created":1746627366201,"remoteIdentityKey":"BR4xdXu0DTSK3ewKOMqQ5hH5d6ejqQJfPidFvloy3vh+"},"_chains":{"BdUuJQOjGYaHnCgnMzr/0mZasXg0CrHhiQkpOVA0X75M":{"chainKey":{"counter":0,"key":"pwCWg23HTOgVDspfp2y5gP/CcXkJZqc4pG74l4rpoSw="},"chainType":1,"messageKeys":{}}},"pendingPreKey":{"signedKeyId":8,"baseKey":"BUu88K1g14P3HxuqcXIkFy7yhFOwVuICjFrQj1+I6hdG","preKeyId":4708501}},"BazVcElcwUd1CTNYQYatpzxN/l/2QzdNd612eZuzn+hJ":{"registrationId":1340638095,"currentRatchet":{"ephemeralKeyPair":{"pubKey":"BU3HcYphyxPrUlkuD+MXwfaus5tGVymr0uH8YQGqb7QW","privKey":"ONs6fcrIAQMs6hHo0GUollbrnNJSBq8NDD2RcayVEm4="},"lastRemoteEphemeralKey":"BcArd1NyTvU5wQTPk643rCB2vnushkXonZ/VKAdnFS4E","previousCounter":0,"rootKey":"JLtaRB9IuBZEjlyeIuWGaNvJ6eOmkklA1eRm9Dcr64w="},"indexInfo":{"baseKey":"BazVcElcwUd1CTNYQYatpzxN/l/2QzdNd612eZuzn+hJ","baseKeyType":1,"closed":1746627408785,"used":1746627386338,"created":1746627386338,"remoteIdentityKey":"BR4xdXu0DTSK3ewKOMqQ5hH5d6ejqQJfPidFvloy3vh+"},"_chains":{"BU3HcYphyxPrUlkuD+MXwfaus5tGVymr0uH8YQGqb7QW":{"chainKey":{"counter":0,"key":"c37P8BCYjgQLQZYZk2zZ/W0Mo55/T5a9n/95rHmW490="},"chainType":1,"messageKeys":{}}},"pendingPreKey":{"signedKeyId":8,"baseKey":"BazVcElcwUd1CTNYQYatpzxN/l/2QzdNd612eZuzn+hJ","preKeyId":4708131}},"BRoT20CptjMVebqaJYaYzbO8lXVcaJmDfzEABBNYpCli":{"registrationId":1340638095,"currentRatchet":{"ephemeralKeyPair":{"pubKey":"BQMNPUh8clHT4WWWBGlgVLlbUWIa0e8h8naRVZfB3dM+","privKey":"WNFHJ61qbWGiADDAaNWX4tA+BmdyI0I59Ll2k3qOoGo="},"lastRemoteEphemeralKey":"BcArd1NyTvU5wQTPk643rCB2vnushkXonZ/VKAdnFS4E","previousCounter":0,"rootKey":"nZuY6oSHaRQIF12f+p4yr2CFcyl8d4NjeW3T/OfSQeo="},"indexInfo":{"baseKey":"BRoT20CptjMVebqaJYaYzbO8lXVcaJmDfzEABBNYpCli","baseKeyType":1,"closed":-1,"used":1746627408613,"created":1746627408613,"remoteIdentityKey":"BR4xdXu0DTSK3ewKOMqQ5hH5d6ejqQJfPidFvloy3vh+"},"_chains":{"BQMNPUh8clHT4WWWBGlgVLlbUWIa0e8h8naRVZfB3dM+":{"chainKey":{"counter":3,"key":"tp88wuJsnx5u0a4DHU/rPB7rz2GIvS4Mc0GVCFORR8Q="},"chainType":1,"messageKeys":{}}},"pendingPreKey":{"signedKeyId":8,"baseKey":"BRoT20CptjMVebqaJYaYzbO8lXVcaJmDfzEABBNYpCli","preKeyId":4708220}}},"version":"v1"}