{"_sessions":{"BRo5zEkqKb620jV53p9JmZXlB1sEML6I6ctbb3LihxZS":{"registrationId":1571857487,"currentRatchet":{"ephemeralKeyPair":{"pubKey":"BbKTWD/7evl6+xgL5Edsoe/5sE0ofow09kBkxfwuk7Qk","privKey":"EGKFQDR8WG+BiNx4Bp3kvp3ubXp6a6Tr9gkIpoMXF0w="},"lastRemoteEphemeralKey":"BVxUqeK+WSWnFHZkEYcLogiBlOgqpvnDV69vqT0UC/Qn","previousCounter":0,"rootKey":"ZuApYu/NY8p8pmF1dxdHiI4q05QmcfkDAN6gH/2zT+w="},"indexInfo":{"baseKey":"BRo5zEkqKb620jV53p9JmZXlB1sEML6I6ctbb3LihxZS","baseKeyType":1,"closed":-1,"used":1746612492610,"created":1746612492610,"remoteIdentityKey":"BUXOvj1htJRHu9wJW9VZRQl6DDygivspK40uy1TEZnNP"},"_chains":{"BbKTWD/7evl6+xgL5Edsoe/5sE0ofow09kBkxfwuk7Qk":{"chainKey":{"counter":4,"key":"DO0bOOs7rcrRZNyN/zV971qApDQ6xnCKeEleM4ANsHg="},"chainType":1,"messageKeys":{}}},"pendingPreKey":{"signedKeyId":0,"baseKey":"BRo5zEkqKb620jV53p9JmZXlB1sEML6I6ctbb3LihxZS"}}},"version":"v1"}