{"_sessions":{"BU0rso4w61/p0t9oH88H8NmAh/VswYQtFhqdtYlba1BS":{"registrationId":6517,"currentRatchet":{"ephemeralKeyPair":{"pubKey":"BTS2HB5wKnCb1mOaITtZ36IipYiSZxwva40xFV++MHtD","privKey":"0OuPPfhg3ftw4ppoTvE3JK3a6IJLqLikOz006Io/aW8="},"lastRemoteEphemeralKey":"BWsfeKDZdmgCSKoTxYhVe7rfh9u+eD4xah41frxfnk9C","previousCounter":0,"rootKey":"vhZHLg2PutTVXRz+U20bKAYMW7QEYfAGCjAccjGbLVQ="},"indexInfo":{"baseKey":"BU0rso4w61/p0t9oH88H8NmAh/VswYQtFhqdtYlba1BS","baseKeyType":1,"closed":1746627382275,"used":1746627362367,"created":1746627362367,"remoteIdentityKey":"BQVo/P0gRFSQUP6X1pjs5hDYUuY96DPsRvVqy/X7JD4B"},"_chains":{"BTS2HB5wKnCb1mOaITtZ36IipYiSZxwva40xFV++MHtD":{"chainKey":{"counter":0,"key":"J/cmLwre2bos+igeUwIgt9XD/oT13MQUJQoymNYNniQ="},"chainType":1,"messageKeys":{}}},"pendingPreKey":{"signedKeyId":1,"baseKey":"BU0rso4w61/p0t9oH88H8NmAh/VswYQtFhqdtYlba1BS"}},"BXyt1Bn6yDWreL1hE9SX1Q9H3ymx34hE/9bc8r3NBrQm":{"registrationId":6517,"currentRatchet":{"ephemeralKeyPair":{"pubKey":"BdoYvDMM5UU2Q0JTsJUKz4gnaqF4FSvIiK8pIT0/GNgU","privKey":"iOccTAS9r2XEN1dbcmh9521nK+pY0XHddh099HD0GFk="},"lastRemoteEphemeralKey":"BWsfeKDZdmgCSKoTxYhVe7rfh9u+eD4xah41frxfnk9C","previousCounter":0,"rootKey":"fraHwyEEvKIoNY3Hqrlk/04atBkqXvjzmA+UsXRuQZk="},"indexInfo":{"baseKey":"BXyt1Bn6yDWreL1hE9SX1Q9H3ymx34hE/9bc8r3NBrQm","baseKeyType":1,"closed":1746627404887,"used":1746627381796,"created":1746627381796,"remoteIdentityKey":"BQVo/P0gRFSQUP6X1pjs5hDYUuY96DPsRvVqy/X7JD4B"},"_chains":{"BdoYvDMM5UU2Q0JTsJUKz4gnaqF4FSvIiK8pIT0/GNgU":{"chainKey":{"counter":0,"key":"Tw88WiI6hj2smiwjCBnKhS1zuJo4tikiY08FPMsinz8="},"chainType":1,"messageKeys":{}}},"pendingPreKey":{"signedKeyId":1,"baseKey":"BXyt1Bn6yDWreL1hE9SX1Q9H3ymx34hE/9bc8r3NBrQm"}},"BZ6iUnu2QP7SRpyCrTAFwWT3RKwHxXlIxwLnDAYZ2lEv":{"registrationId":6517,"currentRatchet":{"ephemeralKeyPair":{"pubKey":"BVYFxZF/f7qLqPoB4+Rk6DGCtJv0BqAldhGgvJqMzZJQ","privKey":"4L6zNbvkhU9KJ4HVIEoe9ipsiXEwnS1ZubZkToUg3ns="},"lastRemoteEphemeralKey":"BWsfeKDZdmgCSKoTxYhVe7rfh9u+eD4xah41frxfnk9C","previousCounter":0,"rootKey":"xkWaxsno4Kzi/SOU2MYY8TEv6joGdX3a5C4f14xVlIM="},"indexInfo":{"baseKey":"BZ6iUnu2QP7SRpyCrTAFwWT3RKwHxXlIxwLnDAYZ2lEv","baseKeyType":1,"closed":-1,"used":1746627404592,"created":1746627404592,"remoteIdentityKey":"BQVo/P0gRFSQUP6X1pjs5hDYUuY96DPsRvVqy/X7JD4B"},"_chains":{"BVYFxZF/f7qLqPoB4+Rk6DGCtJv0BqAldhGgvJqMzZJQ":{"chainKey":{"counter":3,"key":"AW99ydrLGmRP4p/tnRNTXI+gLVmrfC65iXy3nn4sgBI="},"chainType":1,"messageKeys":{}}},"pendingPreKey":{"signedKeyId":1,"baseKey":"BZ6iUnu2QP7SRpyCrTAFwWT3RKwHxXlIxwLnDAYZ2lEv"}}},"version":"v1"}