{"_sessions":{"BVqr5HnC2VeUi3Va+JbA4e6XF6XSPulC+JP6K8AfFqpM":{"registrationId":335137820,"currentRatchet":{"ephemeralKeyPair":{"pubKey":"Bc2za0qbHRL2dxkYxM+ghEQv4MVvQgWPIXmV7O3aQhRk","privKey":"+FOmX/Kla/n2fcCgSgd7a8nxNPpFpoehswHq8rnmZHc="},"lastRemoteEphemeralKey":"BTHMCFtXK6miRezSSp+WxfzC0zn7rDiUNRTlajbm7HV9","previousCounter":0,"rootKey":"nG4EOgmKBxAjI535cLqf/n1He4kH7FrwL68k4rLQOrQ="},"indexInfo":{"baseKey":"BVqr5HnC2VeUi3Va+JbA4e6XF6XSPulC+JP6K8AfFqpM","baseKeyType":1,"closed":-1,"used":1746644956737,"created":1746644956737,"remoteIdentityKey":"BY4AjTrDjtxysaeptBL8W2IgfDH+xB6LYN6pvNui8iNa"},"_chains":{"Bc2za0qbHRL2dxkYxM+ghEQv4MVvQgWPIXmV7O3aQhRk":{"chainKey":{"counter":1,"key":"36glspivrT3wmz44ybKWAbHeGvjUfy6lnxRT6r3ef+k="},"chainType":1,"messageKeys":{}}},"pendingPreKey":{"signedKeyId":0,"baseKey":"BVqr5HnC2VeUi3Va+JbA4e6XF6XSPulC+JP6K8AfFqpM","preKeyId":6157779}}},"version":"v1"}