{"_sessions":{"BYMmmQK3wcyYHzCxnp2AV6r0gqc+F2ZK4U2hn2oBlhlM":{"registrationId":586708441,"currentRatchet":{"ephemeralKeyPair":{"pubKey":"BXqpzhpj+K667LL1ZVrNa5aUaYOo6s6OpUFrPPs+cVoh","privKey":"eAhblYrI4IjA67hp2UPkmwObSfQgwZV/x7JCeufK3lg="},"lastRemoteEphemeralKey":"BX46Bd6hE5bpxNUQaLbtZRZr8fBmIVTFSVd4FKr/p74P","previousCounter":0,"rootKey":"bChrzWQfPWFvs9+/LkfalCyWWUYo1S1ueOWZC+TD2yk="},"indexInfo":{"baseKey":"BYMmmQK3wcyYHzCxnp2AV6r0gqc+F2ZK4U2hn2oBlhlM","baseKeyType":1,"closed":-1,"used":1746639403297,"created":1746639403297,"remoteIdentityKey":"BbETOPQn8iCDei0QxWT7bpuD3qOySNcLuNleQlXAEKAJ"},"_chains":{"BXqpzhpj+K667LL1ZVrNa5aUaYOo6s6OpUFrPPs+cVoh":{"chainKey":{"counter":0,"key":"kJ3eZMRSRPEhmfulQEbIcQLLrT4EvlRo3jUMkqfxqYQ="},"chainType":1,"messageKeys":{}}},"pendingPreKey":{"signedKeyId":3,"baseKey":"BYMmmQK3wcyYHzCxnp2AV6r0gqc+F2ZK4U2hn2oBlhlM"}}},"version":"v1"}