{"_sessions":{"BVsLRNbOpiMcQT9WCXf/tm03MIrEhVYkzum3W80GNkxC":{"registrationId":1599709611,"currentRatchet":{"ephemeralKeyPair":{"pubKey":"BflJkWz3uggwliI/2Bj+4ApoN9dAaKzaCPf1Y9ts9MRe","privKey":"AMJuFr97apgGccfbX49PPS/j71SBzz0K1MY4f4/O5Xw="},"lastRemoteEphemeralKey":"BW+0GXpwjRfAQn0dS8X/khoe49p4Q3UUVL4/f5bYjx0n","previousCounter":0,"rootKey":"2sJ8k0CpHCk7/lqr94/qdkLPTvmptVyaoyCWHpwK9EE="},"indexInfo":{"baseKey":"BVsLRNbOpiMcQT9WCXf/tm03MIrEhVYkzum3W80GNkxC","baseKeyType":1,"closed":-1,"used":1746645162388,"created":1746645162388,"remoteIdentityKey":"Bc+WSOgYXn1Ek60EdfQozZE7KTJIkrLScMfZcJ0l7OhI"},"_chains":{"BflJkWz3uggwliI/2Bj+4ApoN9dAaKzaCPf1Y9ts9MRe":{"chainKey":{"counter":0,"key":"Tc4gWJBJtBsSEg/TTiYkdCRZmyEmu/L013yRyszzlrM="},"chainType":1,"messageKeys":{}}},"pendingPreKey":{"signedKeyId":7,"baseKey":"BVsLRNbOpiMcQT9WCXf/tm03MIrEhVYkzum3W80GNkxC","preKeyId":7654153}}},"version":"v1"}