{"_sessions":{"BddGPoReJz1HBQcA2hHH0i22gxEduWGUk1KIeA7OKisD":{"registrationId":1251572172,"currentRatchet":{"ephemeralKeyPair":{"pubKey":"BRXtQ7m0Ia0wlsRM7Ua+dXNO3Lf9Au6qdukCbz9GMTVI","privKey":"WNGtaUt36cXe7L3Q16i4Q9sHqDsxEkB3dIM36xFtbFY="},"lastRemoteEphemeralKey":"BbidzcAIcUDZRmubQdFg3muWpZrxaBDPusQzGD/mZ0UL","previousCounter":0,"rootKey":"PN8K42PA+3+xjukCrJnFJVVL12ZQZTssMKAX7vTOeGY="},"indexInfo":{"baseKey":"BddGPoReJz1HBQcA2hHH0i22gxEduWGUk1KIeA7OKisD","baseKeyType":1,"closed":-1,"used":1746644956819,"created":1746644956819,"remoteIdentityKey":"BfA0+nosQaUEJ9pPeAhHWfSGAZudfRJ0b4ClEaj5iGkJ"},"_chains":{"BRXtQ7m0Ia0wlsRM7Ua+dXNO3Lf9Au6qdukCbz9GMTVI":{"chainKey":{"counter":1,"key":"etNrP7Wy6Xhri5wZRcN9imPTSIrIVLhwgMw69Xr17WE="},"chainType":1,"messageKeys":{}}},"pendingPreKey":{"signedKeyId":3,"baseKey":"BddGPoReJz1HBQcA2hHH0i22gxEduWGUk1KIeA7OKisD","preKeyId":13478522}}},"version":"v1"}