{"_sessions":{"BWuf+X6S4CHupqHjfxfLqU1N6kNgCX6kzQXz+sj9YigG":{"registrationId":1100792511,"currentRatchet":{"ephemeralKeyPair":{"pubKey":"BWS+QQpklADg7buztBHqU6SngcAQIPW5JL9p3ms6hE1u","privKey":"IBMiUXSbEfmI9Tn+xeUZwQl+5ZEKmToiE1EXLpN11lE="},"lastRemoteEphemeralKey":"BfdEGYwWu43n5dhAaJqqqr5HwtDlycDP9nRzFQY4XNpm","previousCounter":0,"rootKey":"djEA3TP8GsqKxdt8/NH/bDcSsFJVqE0NF5foCQ/u9A0="},"indexInfo":{"baseKey":"BWuf+X6S4CHupqHjfxfLqU1N6kNgCX6kzQXz+sj9YigG","baseKeyType":1,"closed":-1,"used":1746645158713,"created":1746645158713,"remoteIdentityKey":"Ba7WmB4CH7HJCAEs9l/bd+Sa+DEqWWvzkVec4kqHzXUH"},"_chains":{"BWS+QQpklADg7buztBHqU6SngcAQIPW5JL9p3ms6hE1u":{"chainKey":{"counter":0,"key":"cUrw6V6Mj2ydWHxaOkjlvVSJW9QzB/F6FbW7kJ98weA="},"chainType":1,"messageKeys":{}}},"pendingPreKey":{"signedKeyId":3,"baseKey":"BWuf+X6S4CHupqHjfxfLqU1N6kNgCX6kzQXz+sj9YigG","preKeyId":7547827}}},"version":"v1"}