{"_sessions":{"BXvRJ4NA6snNMEPoQf9U/6el3kphxQQj3WFFHbZOryxn":{"registrationId":1054058644,"currentRatchet":{"ephemeralKeyPair":{"pubKey":"BS3EMEMf8l+6l6qoKoxUa4CC7R85r7W1Awp7MB2p9o9b","privKey":"MOBKC3oBC3BCWhtOwPU33LHjcLfPSJ7cg7kLBaxOW2g="},"lastRemoteEphemeralKey":"BYi4goblv+ApIenX4GNkQCayyFwsgGS94SOTGTSIS58F","previousCounter":0,"rootKey":"RV1ehwpUkJKH0JN0uCgUjq364hRExapW/mXpwgVPP+I="},"indexInfo":{"baseKey":"BXvRJ4NA6snNMEPoQf9U/6el3kphxQQj3WFFHbZOryxn","baseKeyType":1,"closed":-1,"used":1746645162651,"created":1746645162651,"remoteIdentityKey":"BetrwIMFFnHoLeB4iYsmPjlwftB4xQSivQmXvIg/Cxke"},"_chains":{"BS3EMEMf8l+6l6qoKoxUa4CC7R85r7W1Awp7MB2p9o9b":{"chainKey":{"counter":0,"key":"cB7wvBuirOEpP1ouvVLNWqK8+XPeKf6vpGMyQHiyNCw="},"chainType":1,"messageKeys":{}}},"pendingPreKey":{"signedKeyId":3,"baseKey":"BXvRJ4NA6snNMEPoQf9U/6el3kphxQQj3WFFHbZOryxn","preKeyId":14863791}}},"version":"v1"}