{"_sessions":{"BXxxFkDwJ6cBFLgv+g/A876TA65ShXvJ9jxUIZL2rWNT":{"registrationId":1460456108,"currentRatchet":{"ephemeralKeyPair":{"pubKey":"BcMm37whhuUTqCmO8Y/Xu5noIuuchU+Wd0NOkeLkifp/","privKey":"yDVKOhm89ahu9WwsTthIvOfY4xDy5FsRlcBie75CwWw="},"lastRemoteEphemeralKey":"BY5s8sPxCzv4Glu4Fxx+kEibzo84ZrWpxGtgzAcOqOMl","previousCounter":0,"rootKey":"9wlmWfyKvEae0FCw8Hn2LGqV12sFv8/rSiVyDih1qvo="},"indexInfo":{"baseKey":"BXxxFkDwJ6cBFLgv+g/A876TA65ShXvJ9jxUIZL2rWNT","baseKeyType":1,"closed":-1,"used":1746644960071,"created":1746644960071,"remoteIdentityKey":"BQA31LJ39LdKfE6MaTGWex8z3Fiel64gb2hUlvuu5RV4"},"_chains":{"BcMm37whhuUTqCmO8Y/Xu5noIuuchU+Wd0NOkeLkifp/":{"chainKey":{"counter":1,"key":"w7ibGV3VeJbfCyVo0JCBQ5ga97NnPsyGwVmD++/BZio="},"chainType":1,"messageKeys":{}}},"pendingPreKey":{"signedKeyId":26,"baseKey":"BXxxFkDwJ6cBFLgv+g/A876TA65ShXvJ9jxUIZL2rWNT","preKeyId":12723237}}},"version":"v1"}