{"_sessions":{"BZ2S3Q5iso4X9hcNcLgjXsAeJNOmBnkeDhYrPj+jHlIH":{"registrationId":516815997,"currentRatchet":{"ephemeralKeyPair":{"pubKey":"BUwgigs5xasg5lGEz9Jut1DcyjKn/wKgWlr5DNGTShx1","privKey":"OJEFI0CtMVLvSWWnnfCZ/V/WcAhrRXpfyWA1WByyA3Y="},"lastRemoteEphemeralKey":"BcZz2wqECbnWlxBPTVPNgO6Wl3JIhqJh4gonwmQ2CgVF","previousCounter":0,"rootKey":"NXkxhR7QDzdF3BrJxp6ZmirwG7OwoGA1I7xL0fy5x+0="},"indexInfo":{"baseKey":"BZ2S3Q5iso4X9hcNcLgjXsAeJNOmBnkeDhYrPj+jHlIH","baseKeyType":1,"closed":-1,"used":1746645069907,"created":1746645069907,"remoteIdentityKey":"BQtqu7okzguloBIXOEr9Vjv4K7JsLjP1zNg4aNcmV046"},"_chains":{"BUwgigs5xasg5lGEz9Jut1DcyjKn/wKgWlr5DNGTShx1":{"chainKey":{"counter":0,"key":"MaGmepk1aZZh8pGVOEqv7ffi0W9et0XTi/v7QRdllKk="},"chainType":1,"messageKeys":{}}},"pendingPreKey":{"signedKeyId":3188418,"baseKey":"BZ2S3Q5iso4X9hcNcLgjXsAeJNOmBnkeDhYrPj+jHlIH","preKeyId":2435}}},"version":"v1"}