{"_sessions":{"BdtkhRfWDmGNvOQ9JXxJO5XmMlCim0UXA6B83xFFQdhu":{"registrationId":1357309607,"currentRatchet":{"ephemeralKeyPair":{"pubKey":"BTM0OQoLgNKikar0b5sECzmeQ2xzPQp5IdcgoUdW3tEJ","privKey":"sBRRrPZmi6zBbrwxYqcPtRdAszHQxwjp8Eusi6/QhXw="},"lastRemoteEphemeralKey":"BU9vgZuDM8aNwXVFgET43g3bLc+dFDyxUJjcpyUVRswb","previousCounter":0,"rootKey":"PXjgXXkZC5KlDk3zxNcIVXdlxStEMETccEExKQuLp5o="},"indexInfo":{"baseKey":"BdtkhRfWDmGNvOQ9JXxJO5XmMlCim0UXA6B83xFFQdhu","baseKeyType":1,"closed":-1,"used":1746645158778,"created":1746645158778,"remoteIdentityKey":"BaI2fJ6X8WUItms8CiYFGC2yM5vY9fPbF0iTyczR619R"},"_chains":{"BTM0OQoLgNKikar0b5sECzmeQ2xzPQp5IdcgoUdW3tEJ":{"chainKey":{"counter":0,"key":"1XVGu3K6CYPV5bDqcdV9/pi8riVRQjwY5Jzk2/o4JLw="},"chainType":1,"messageKeys":{}}},"pendingPreKey":{"signedKeyId":13,"baseKey":"BdtkhRfWDmGNvOQ9JXxJO5XmMlCim0UXA6B83xFFQdhu","preKeyId":13154148}}},"version":"v1"}