{"_sessions":{"Bdth8Q4yfX3QN5yWcSZKUuSMPTXL2hGBkKPwSFtSsqhE":{"registrationId":144,"currentRatchet":{"ephemeralKeyPair":{"pubKey":"BXxkK69R9lTnv0nhXqV8d8ngA/h0I5pCAkxD0E563f1e","privKey":"cCQ1P9cuxNHOnpFu+mN4608Vnuia4v6VefZpJsvnxkg="},"lastRemoteEphemeralKey":"BW7GNA/MFylAmU01W7cJH1vQ4vv3kBvf3Ft0VGHdjQ0R","previousCounter":0,"rootKey":"QS8zzvzOzveK5SHJU9Xt4ATtr3EDof+jO7TZhg53KbM="},"indexInfo":{"baseKey":"Bdth8Q4yfX3QN5yWcSZKUuSMPTXL2hGBkKPwSFtSsqhE","baseKeyType":1,"closed":-1,"used":1746645158524,"created":1746645158524,"remoteIdentityKey":"BQOt5PHqCDzlgMzKCgHJeViNNC5TzanOISvZeENFh84W"},"_chains":{"BXxkK69R9lTnv0nhXqV8d8ngA/h0I5pCAkxD0E563f1e":{"chainKey":{"counter":0,"key":"FCPWHLMrTK8QOD3s1aKHqCvAWAYh/FdYsTF1PcNqKRc="},"chainType":1,"messageKeys":{}}},"pendingPreKey":{"signedKeyId":1,"baseKey":"Bdth8Q4yfX3QN5yWcSZKUuSMPTXL2hGBkKPwSFtSsqhE"}}},"version":"v1"}