{"_sessions":{"BU2C1s2+BeJDeTImc7W1cyDq0fN9pQ9i/LaZCgteCTlt":{"registrationId":1495475679,"currentRatchet":{"ephemeralKeyPair":{"pubKey":"Bd3iRgPCGezXp/laSsdagJIEhwS3hc66b/0j3RrtIr1y","privKey":"cKYoswuZWfeKkFDd6ftauRL8MVIRUNFyV6bGH+eF/Fo="},"lastRemoteEphemeralKey":"BeKzyMOv3/R8vEX+R10dyX3bo17p2hGUlt+uK3TVVlF8","previousCounter":0,"rootKey":"CJ2+tDG6wp8B0HUc+yLC/OyT7TbM5IhgT2VvhK0G4p0="},"indexInfo":{"baseKey":"BU2C1s2+BeJDeTImc7W1cyDq0fN9pQ9i/LaZCgteCTlt","baseKeyType":1,"closed":1746627382663,"used":1746627362695,"created":1746627362695,"remoteIdentityKey":"BVd1iShOBnWZBR1dsN7W347bYrPGLz3vihX04aswBjYI"},"_chains":{"Bd3iRgPCGezXp/laSsdagJIEhwS3hc66b/0j3RrtIr1y":{"chainKey":{"counter":0,"key":"2ARGNq07yCW14EcS7c6WraeIaVedYOa+TTOGI3OcLoo="},"chainType":1,"messageKeys":{}}},"pendingPreKey":{"signedKeyId":10,"baseKey":"BU2C1s2+BeJDeTImc7W1cyDq0fN9pQ9i/LaZCgteCTlt","preKeyId":15230270}},"BcmcgZSpKg2JNaSzCh6c0G48ncmoo54qFjOWb2Yb1Q9b":{"registrationId":1495475679,"currentRatchet":{"ephemeralKeyPair":{"pubKey":"BT/bjJIa663LPFTG+3uo7Mgb6wBfb2AmH0+DouupQnJP","privKey":"IETY6eL4JHVDHm7MQfs7VMpD57GjXThfgjqoy5fDUkw="},"lastRemoteEphemeralKey":"BeKzyMOv3/R8vEX+R10dyX3bo17p2hGUlt+uK3TVVlF8","previousCounter":0,"rootKey":"5SLvrn/ktHI7x6Oj0Aa064M47o9/ozchLLhmHutIShc="},"indexInfo":{"baseKey":"BcmcgZSpKg2JNaSzCh6c0G48ncmoo54qFjOWb2Yb1Q9b","baseKeyType":1,"closed":1746627404937,"used":1746627382072,"created":1746627382072,"remoteIdentityKey":"BVd1iShOBnWZBR1dsN7W347bYrPGLz3vihX04aswBjYI"},"_chains":{"BT/bjJIa663LPFTG+3uo7Mgb6wBfb2AmH0+DouupQnJP":{"chainKey":{"counter":0,"key":"eEImfRjzGNWxIhkRXGtftyjVV0TvC55HKB4HIFaA1Ts="},"chainType":1,"messageKeys":{}}},"pendingPreKey":{"signedKeyId":10,"baseKey":"BcmcgZSpKg2JNaSzCh6c0G48ncmoo54qFjOWb2Yb1Q9b","preKeyId":15230494}},"BUn5J2huZ00Sn0jqhrA8pyC7ycb6Agy4EWbVP9yU39hr":{"registrationId":1495475679,"currentRatchet":{"ephemeralKeyPair":{"pubKey":"BYjqFKyByddxSsEV1FrV6FFHMrQex83VifNl2hhPeudy","privKey":"uP6aOgzsQ/8Cw49Ck0ipVRB9hLfFsvidSvpl+2sZt1I="},"lastRemoteEphemeralKey":"BeKzyMOv3/R8vEX+R10dyX3bo17p2hGUlt+uK3TVVlF8","previousCounter":0,"rootKey":"GG1mL2aKBVqClpnukNdKCD6Jhxsy/Ooo9jNn0yylYkE="},"indexInfo":{"baseKey":"BUn5J2huZ00Sn0jqhrA8pyC7ycb6Agy4EWbVP9yU39hr","baseKeyType":1,"closed":-1,"used":1746627404810,"created":1746627404810,"remoteIdentityKey":"BVd1iShOBnWZBR1dsN7W347bYrPGLz3vihX04aswBjYI"},"_chains":{"BYjqFKyByddxSsEV1FrV6FFHMrQex83VifNl2hhPeudy":{"chainKey":{"counter":3,"key":"I8+9Noxx2Nvh/aux9jJlwJAWB1dWpq5CbORe4BF0DYg="},"chainType":1,"messageKeys":{}}},"pendingPreKey":{"signedKeyId":10,"baseKey":"BUn5J2huZ00Sn0jqhrA8pyC7ycb6Agy4EWbVP9yU39hr","preKeyId":15230440}}},"version":"v1"}