{"_sessions":{"BV/aoxYINU6yDSQkzgjhA5GXr3AbKAwd6jXjzM9Cp49z":{"registrationId":1207287638,"currentRatchet":{"ephemeralKeyPair":{"pubKey":"BdQHWC6I40OuNEHdZbRi3zoAjwP505iNy+s4aCl+F3wn","privKey":"iA5iHawyU9GrHGbzCP7SFC3KPGp0MVy8GBFLlBzONFw="},"lastRemoteEphemeralKey":"BTDNlOc1RYcYVGM8O5hm56sJULcoDsfuksW7HNkkYJ0Z","previousCounter":0,"rootKey":"xCYIEa41u8BrQWioG4pN/aYMqKa3MmYBc9CPFt/Gd7Q="},"indexInfo":{"baseKey":"BV/aoxYINU6yDSQkzgjhA5GXr3AbKAwd6jXjzM9Cp49z","baseKeyType":1,"closed":-1,"used":1746645158851,"created":1746645158851,"remoteIdentityKey":"BXypAUgQLp6gM1a5koe1XxKuvUDbNAmnWLaSvD9b66M4"},"_chains":{"BdQHWC6I40OuNEHdZbRi3zoAjwP505iNy+s4aCl+F3wn":{"chainKey":{"counter":0,"key":"CFNtTteg0MNs22BhUAOE3povmNBXkKVN9PyTYc71vNE="},"chainType":1,"messageKeys":{}}},"pendingPreKey":{"signedKeyId":1,"baseKey":"BV/aoxYINU6yDSQkzgjhA5GXr3AbKAwd6jXjzM9Cp49z","preKeyId":2678304}}},"version":"v1"}