{"_sessions":{"BW6+hPl+89wD/OOSNtYNsc7YZYnUaA8bTUgWWPVQxNow":{"registrationId":818184733,"currentRatchet":{"ephemeralKeyPair":{"pubKey":"BZAjqvrQByzLFEoSfTWHJdARfDOceidYdmXCRN8272QF","privKey":"cJa8ZHG888l+OL/q3i35U9RfV8ifiMLXCL9VOiYTrmQ="},"lastRemoteEphemeralKey":"BdHQY1wZnIEGfaCuSznNgrLrmh8JNTuJ9l7aBJdjtFNY","previousCounter":0,"rootKey":"/AOUfH+/lCRcuKIoL/lN7DFpOu3RoQUVY50tHc6U+XE="},"indexInfo":{"baseKey":"BW6+hPl+89wD/OOSNtYNsc7YZYnUaA8bTUgWWPVQxNow","baseKeyType":1,"closed":-1,"used":1746644960162,"created":1746644960162,"remoteIdentityKey":"BRK2v1z9rsS1FSWpRn6IMDMmTmdMjh1HT9mJuVCseEVz"},"_chains":{"BZAjqvrQByzLFEoSfTWHJdARfDOceidYdmXCRN8272QF":{"chainKey":{"counter":1,"key":"cSor3i0QefwmgQKw4BSQyd97nFg7+MZ2SshKR55Koo8="},"chainType":1,"messageKeys":{}}},"pendingPreKey":{"signedKeyId":15513401,"baseKey":"BW6+hPl+89wD/OOSNtYNsc7YZYnUaA8bTUgWWPVQxNow","preKeyId":6366}}},"version":"v1"}