{"_sessions":{"BbSXuIeimo4l2aBDkNz1pbhL4K/H9pIYhfUD1TopapUI":{"registrationId":379640516,"currentRatchet":{"ephemeralKeyPair":{"pubKey":"BVOBic+VADsYI8JFUcBrumW7huM3KMWCKeIV96HHlFYF","privKey":"QEKzFYFq6LOeR6L3+ld0jCVh5MneN7uS9XlNdKEzGEY="},"lastRemoteEphemeralKey":"Bbf1CosT7WrG70KBMgrj+eQEYuhFvLyDJidRngUO6P1L","previousCounter":0,"rootKey":"g/JoydKOAaUVPmzKBWzdmzh6wST+dpmTe5KafyaoFgk="},"indexInfo":{"baseKey":"BbSXuIeimo4l2aBDkNz1pbhL4K/H9pIYhfUD1TopapUI","baseKeyType":1,"closed":-1,"used":1746644960203,"created":1746644960203,"remoteIdentityKey":"BcmPuXf/3D61wU6TgeWhvQiY+LPAUG+HuRJzXJFb+682"},"_chains":{"BVOBic+VADsYI8JFUcBrumW7huM3KMWCKeIV96HHlFYF":{"chainKey":{"counter":1,"key":"cxD08xuQc8mRxI+AVq1U4Gngthj/qwX3EtviyhAZ8II="},"chainType":1,"messageKeys":{}}},"pendingPreKey":{"signedKeyId":15,"baseKey":"BbSXuIeimo4l2aBDkNz1pbhL4K/H9pIYhfUD1TopapUI","preKeyId":9389540}}},"version":"v1"}