{"_sessions":{"Bd5BCkT/Le66bWZ/ccjZlxsnQAJzz4X4iqxZIew34w9S":{"registrationId":1895937241,"currentRatchet":{"ephemeralKeyPair":{"pubKey":"BUveQZBTdVQtnnqAnaG9O9qEYbzlURSMhquB1DKyhYIK","privKey":"cAdARSWRgAGcmCVqv0B4oCLl47WD9wM4h5l/AhFxy2g="},"lastRemoteEphemeralKey":"BXAaYWAcobKsDNSaEcYPTXfr1dEvfhrtDNuCLOcKIGpq","previousCounter":0,"rootKey":"YLrDcW30AUzbD5fOkrKti5GUnuhNI3u8D6ms+J6IKdk="},"indexInfo":{"baseKey":"Bd5BCkT/Le66bWZ/ccjZlxsnQAJzz4X4iqxZIew34w9S","baseKeyType":1,"closed":-1,"used":1746644956809,"created":1746644956809,"remoteIdentityKey":"Bcr6ZK2FHkUV/OuyeGWaedZKFM2FeJtJ2DPc6azXY/lo"},"_chains":{"BUveQZBTdVQtnnqAnaG9O9qEYbzlURSMhquB1DKyhYIK":{"chainKey":{"counter":1,"key":"5RjheKAbRVarUPN3+4m+oddPxIva0ZhUZxrDQ52dzLo="},"chainType":1,"messageKeys":{}}},"pendingPreKey":{"signedKeyId":10,"baseKey":"Bd5BCkT/Le66bWZ/ccjZlxsnQAJzz4X4iqxZIew34w9S","preKeyId":5885170}}},"version":"v1"}