{"_sessions":{"BX9U5oNKH5QzUfEMOiHANPrAPwU5NzW/Z23BFpWRlVdd":{"registrationId":887997689,"currentRatchet":{"ephemeralKeyPair":{"pubKey":"BWoBHNAWn8lQm8dN0gk+ptmKsJjZ4kcahqyeM2jmjCZk","privKey":"cNwelsa0b+RUXmP/wtjMAPAxoRg9kTp5CaRPJTHPwmc="},"lastRemoteEphemeralKey":"BX8E7dxs4YOBozmce1i4uF3m8k/GWdHLXSYd9w9Ivtgi","previousCounter":0,"rootKey":"iQ7VsfIjlXrub0/i7tb2mhWLxy6buqBo0PtJ+1A6GVM="},"indexInfo":{"baseKey":"BX9U5oNKH5QzUfEMOiHANPrAPwU5NzW/Z23BFpWRlVdd","baseKeyType":1,"closed":-1,"used":1746644956720,"created":1746644956720,"remoteIdentityKey":"BdrmGN3kt320IpSDaBQ5LiUsC4Hf9deQ6dgJXunAhHYj"},"_chains":{"BWoBHNAWn8lQm8dN0gk+ptmKsJjZ4kcahqyeM2jmjCZk":{"chainKey":{"counter":1,"key":"wikWefXnZR1I/tg1eXjAA1J94AjkBXQ/Mb0MiEgG4n8="},"chainType":1,"messageKeys":{}}},"pendingPreKey":{"signedKeyId":9,"baseKey":"BX9U5oNKH5QzUfEMOiHANPrAPwU5NzW/Z23BFpWRlVdd","preKeyId":13428630}}},"version":"v1"}