{"_sessions":{"Bbit0doFfiBdlM1E/nhAE1r7bXta8+uscA2RNO1C2SV9":{"registrationId":730343378,"currentRatchet":{"ephemeralKeyPair":{"pubKey":"BZI3Yv4fyaDo+lRfBPTtEg6G4aeRHa1Naw9xlNM3Tl4j","privKey":"mF20a1RaMOe9L6KIOT3CH+dOMJeao0tt6VudSkGssVU="},"lastRemoteEphemeralKey":"BQj1gBWNIsycjkV0ViwlFMflxF47T4BrmHG4QaoFhC9s","previousCounter":0,"rootKey":"GovnMtNWgw1xcfq3yh7nbQgxkvSnbQMqdKkxtzrFVwA="},"indexInfo":{"baseKey":"Bbit0doFfiBdlM1E/nhAE1r7bXta8+uscA2RNO1C2SV9","baseKeyType":1,"closed":-1,"used":1746644960077,"created":1746644960077,"remoteIdentityKey":"BeYq8lYC7fC/R2KTJbMsmFVIbs/JonITkX7Ku8YTY/hb"},"_chains":{"BZI3Yv4fyaDo+lRfBPTtEg6G4aeRHa1Naw9xlNM3Tl4j":{"chainKey":{"counter":1,"key":"EDmKs1KL7e4W4kvRYpmg+aRktjGAUAU5yu+B7ZY/NvE="},"chainType":1,"messageKeys":{}}},"pendingPreKey":{"signedKeyId":13,"baseKey":"Bbit0doFfiBdlM1E/nhAE1r7bXta8+uscA2RNO1C2SV9","preKeyId":1699001}}},"version":"v1"}