{"_sessions":{"BdJcL0r7gpNAdLpKAnShwRfC21P3gvMidQ2q313sifJu":{"registrationId":1736635542,"currentRatchet":{"ephemeralKeyPair":{"pubKey":"BfcPUx40fCYjGyAfnASb9gynL4QZ+eI5LiuqNBJKvKJZ","privKey":"YPmTiGt6mU5o/6I3dsjedG/euRaa6iYz9zvF0Dr3sVg="},"lastRemoteEphemeralKey":"BRPeZv3KaSdi06/1V6E9F3nPw83Dcv4S81Pbd9JwxcE3","previousCounter":0,"rootKey":"cunULzRQmCU33ODzjyLz3Gyr1cRu2hCV8ySdzs8azfo="},"indexInfo":{"baseKey":"BdJcL0r7gpNAdLpKAnShwRfC21P3gvMidQ2q313sifJu","baseKeyType":1,"closed":-1,"used":1746627450194,"created":1746627450194,"remoteIdentityKey":"BYX58bcUTQ08jAQXJQPe1dYgEIdXAVRkYJZO4kypZMJg"},"_chains":{"BfcPUx40fCYjGyAfnASb9gynL4QZ+eI5LiuqNBJKvKJZ":{"chainKey":{"counter":0,"key":"hSFu9Nca5HCw5aerj0iaqvqAetbEEWWUA1u7CUXe7No="},"chainType":1,"messageKeys":{}}},"pendingPreKey":{"signedKeyId":4,"baseKey":"BdJcL0r7gpNAdLpKAnShwRfC21P3gvMidQ2q313sifJu","preKeyId":7291134}}},"version":"v1"}