{"_sessions":{"BfOrJg8Z/TbdX7ieMqXXX5D1CczxxJAHlZledRNQntgM":{"registrationId":75357865,"currentRatchet":{"ephemeralKeyPair":{"pubKey":"BQ8OKhJEp7I92pQXL0AVLoka4IuTD+n/yb86MI9fiN19","privKey":"wKOAcZWxMdqm/D1R0DUegafH5Mw/eO70QxigBf7hEGA="},"lastRemoteEphemeralKey":"BRPRp16WKDRE2po22r3VlVc0Hh6pzLrLVUYa/jzQxJwo","previousCounter":0,"rootKey":"OtUGMZ9cu+XStRmC6L4yh/ZKyWRAI2a0jVuWbOdpBZs="},"indexInfo":{"baseKey":"BfOrJg8Z/TbdX7ieMqXXX5D1CczxxJAHlZledRNQntgM","baseKeyType":1,"closed":-1,"used":1746627350688,"created":1746627350688,"remoteIdentityKey":"Bag4GdFemVZcJddxszS/GzESfSSeXKYaAe0qp2s7e4Uf"},"_chains":{"BQ8OKhJEp7I92pQXL0AVLoka4IuTD+n/yb86MI9fiN19":{"chainKey":{"counter":0,"key":"j+0lcpXEoywjRWR3rl4qnrIB6XfWLB+F4qQx7nlPefA="},"chainType":1,"messageKeys":{}}},"pendingPreKey":{"signedKeyId":1,"baseKey":"BfOrJg8Z/TbdX7ieMqXXX5D1CczxxJAHlZledRNQntgM","preKeyId":9478758}}},"version":"v1"}