{"_sessions":{"BXFFS87yLVE1kbNKrCXXZ6xpbeA09mcq+prIto+CqOMO":{"registrationId":667843674,"currentRatchet":{"ephemeralKeyPair":{"pubKey":"BSTlF2nevVNI+SBS39jYUyaHqXHyhxRG79b9lQniVN9F","privKey":"GNI6YLbJHzcxbSo0XlrKpLJ3F3V9qqxzddH5gEcXYGA="},"lastRemoteEphemeralKey":"BTs8p1Ga61IXVDWyPQDHaV3J90BnSw+CXWJcnKQMA2tb","previousCounter":0,"rootKey":"QZBYTkrv6nPaW6lHFyQfdiBx8SuQyAZ1C/bnchlXVaw="},"indexInfo":{"baseKey":"BXFFS87yLVE1kbNKrCXXZ6xpbeA09mcq+prIto+CqOMO","baseKeyType":1,"closed":-1,"used":1746612488547,"created":1746612488547,"remoteIdentityKey":"BfTc+r2H0WS06hZeRrqPxGiG/RNLK/25ejynF4EM3/p5"},"_chains":{"BSTlF2nevVNI+SBS39jYUyaHqXHyhxRG79b9lQniVN9F":{"chainKey":{"counter":4,"key":"KjSnbLA1CD/shOBOA/boLKpvjnRRBlVjxhu+5/0IFbM="},"chainType":1,"messageKeys":{}}},"pendingPreKey":{"signedKeyId":15849009,"baseKey":"BXFFS87yLVE1kbNKrCXXZ6xpbeA09mcq+prIto+CqOMO","preKeyId":1290}}},"version":"v1"}