{"_sessions":{"BfFkf03U2cR9+hWw6Q+gD1H6t//R/nNmicvh4nIWmNxe":{"registrationId":953463072,"currentRatchet":{"ephemeralKeyPair":{"pubKey":"BdytuiX5grNioyYVYK8HHNEhOrkbseq70vnBegesYk45","privKey":"4KcHjzR7xDhbC0DCJwJHGqUZdvQPp2v65x1LoxCsNnE="},"lastRemoteEphemeralKey":"Bf2kne7ftwar9UF3/C6Ppz0PfFvD8PcmVE5uOiOVPZxn","previousCounter":0,"rootKey":"IPdhQiWfvLtWKEuA5Fwduvc8n8qp0XlJd1D95fV77AE="},"indexInfo":{"baseKey":"BfFkf03U2cR9+hWw6Q+gD1H6t//R/nNmicvh4nIWmNxe","baseKeyType":1,"closed":1746627386493,"used":1746627365909,"created":1746627365909,"remoteIdentityKey":"BU7ypycPBbUlTrAeSqY+qo3UWvD095ow6Jgnk6Yce8YZ"},"_chains":{"BdytuiX5grNioyYVYK8HHNEhOrkbseq70vnBegesYk45":{"chainKey":{"counter":0,"key":"j8dFoboQWEkSakZ49+0rRci0dAfCKjRY1n75y19GKkY="},"chainType":1,"messageKeys":{}}},"pendingPreKey":{"signedKeyId":13,"baseKey":"BfFkf03U2cR9+hWw6Q+gD1H6t//R/nNmicvh4nIWmNxe","preKeyId":3307900}},"Bexr2viEAjopjzif4OeXhl5eAVI8ZwZZGZYbvCDUUF04":{"registrationId":953463072,"currentRatchet":{"ephemeralKeyPair":{"pubKey":"BYFCMEn7P4+b/GKXP9ujyOebXj0ZmFhcljV1so6lFOM1","privKey":"mGQN8PnlZyLW4cKI3DV8wZ3L1PncV/rLyAFbAsjgdWQ="},"lastRemoteEphemeralKey":"Bf2kne7ftwar9UF3/C6Ppz0PfFvD8PcmVE5uOiOVPZxn","previousCounter":0,"rootKey":"GDsH8WTjUveR3b8oG7cDJyG5Uy/PvQK8xtwSZFfIA9o="},"indexInfo":{"baseKey":"Bexr2viEAjopjzif4OeXhl5eAVI8ZwZZGZYbvCDUUF04","baseKeyType":1,"closed":1746627408724,"used":1746627385973,"created":1746627385973,"remoteIdentityKey":"BU7ypycPBbUlTrAeSqY+qo3UWvD095ow6Jgnk6Yce8YZ"},"_chains":{"BYFCMEn7P4+b/GKXP9ujyOebXj0ZmFhcljV1so6lFOM1":{"chainKey":{"counter":0,"key":"77jeR5nbtVFov1mfSD8xXEKjcrLHNt51J2z5LDdQTeg="},"chainType":1,"messageKeys":{}}},"pendingPreKey":{"signedKeyId":13,"baseKey":"Bexr2viEAjopjzif4OeXhl5eAVI8ZwZZGZYbvCDUUF04","preKeyId":3307819}},"BTmTdLJ4TsUYckyyu80QCGVVWbZGI5Wk0m/2qnECnsod":{"registrationId":953463072,"currentRatchet":{"ephemeralKeyPair":{"pubKey":"BVI0K/9sRZDoIoQecHpUzoOuUp9kmek7fCPDy9KLacVQ","privKey":"yL3dPFBt11ZHiKRl4G8iZgtVFzZQrgDbQw5Cc86aGkk="},"lastRemoteEphemeralKey":"Bf2kne7ftwar9UF3/C6Ppz0PfFvD8PcmVE5uOiOVPZxn","previousCounter":0,"rootKey":"MGMikHEUoZh4BfqzCXJA9HpdGseK8BuV1bNcA2owxQE="},"indexInfo":{"baseKey":"BTmTdLJ4TsUYckyyu80QCGVVWbZGI5Wk0m/2qnECnsod","baseKeyType":1,"closed":-1,"used":1746627408326,"created":1746627408326,"remoteIdentityKey":"BU7ypycPBbUlTrAeSqY+qo3UWvD095ow6Jgnk6Yce8YZ"},"_chains":{"BVI0K/9sRZDoIoQecHpUzoOuUp9kmek7fCPDy9KLacVQ":{"chainKey":{"counter":3,"key":"IITwo7PLD91JBmyp1GfWIDgONZFCE3h4lsy3P9eqqG4="},"chainType":1,"messageKeys":{}}},"pendingPreKey":{"signedKeyId":13,"baseKey":"BTmTdLJ4TsUYckyyu80QCGVVWbZGI5Wk0m/2qnECnsod","preKeyId":3307817}}},"version":"v1"}