{"_sessions":{"BVjJtMCeHKLDwyuQjmCJa/hYld4wcLv9DxScnQiJ8Otp":{"registrationId":628791052,"currentRatchet":{"ephemeralKeyPair":{"pubKey":"BXX3/gB86g/qY2XakbGhHsKHqGv6OkMyH5Ny31qN43E5","privKey":"YD93WhTZu9YEIT+VSn3jZuFmdV04FcCSyJ1QAPalFEk="},"lastRemoteEphemeralKey":"BeGnPA8/wRHHrFdzWojjABo19AIMR6lrKZNgOtJS7ely","previousCounter":0,"rootKey":"mGWYss4eoSYqhfDD51myA4fCnxu94GvukCMIEvYf3xw="},"indexInfo":{"baseKey":"BVjJtMCeHKLDwyuQjmCJa/hYld4wcLv9DxScnQiJ8Otp","baseKeyType":1,"closed":-1,"used":1746645162645,"created":1746645162645,"remoteIdentityKey":"BY8TVbZFhTjXTzerNm6NXmR287AiJwJQAy5KEwOZw0Qg"},"_chains":{"BXX3/gB86g/qY2XakbGhHsKHqGv6OkMyH5Ny31qN43E5":{"chainKey":{"counter":0,"key":"WNzLODjjf8iplIFOWQkaguSo9lY0FHc029id9V8/n/Q="},"chainType":1,"messageKeys":{}}},"pendingPreKey":{"signedKeyId":4,"baseKey":"BVjJtMCeHKLDwyuQjmCJa/hYld4wcLv9DxScnQiJ8Otp","preKeyId":11340383}}},"version":"v1"}