{"_sessions":{"BRchHPoccZp6NmkC1qBIc58pjUn9gGS1mvS00jqgw+Mm":{"registrationId":573854228,"currentRatchet":{"ephemeralKeyPair":{"pubKey":"Bac4aSKV4jhOFEQbx6Mt25YrKxQPTT1Mrhzrtgirq99l","privKey":"KHrYnBwHzvsC8FEt8kxDTVWRtgXCeSqwrXmOdlkiXF0="},"lastRemoteEphemeralKey":"BXGP3ob9euRsexa63q0PHO9ZY/0s3QSVMIIyRTJN7XwU","previousCounter":0,"rootKey":"SYQ/9lyntfnfydPpuGNZtqnXbnoN+77GI6DvPtlCxEY="},"indexInfo":{"baseKey":"BRchHPoccZp6NmkC1qBIc58pjUn9gGS1mvS00jqgw+Mm","baseKeyType":1,"closed":-1,"used":1746645140279,"created":1746645070322,"remoteIdentityKey":"BaWHFEwNLlsoh2/s9eTM8N9fGAWggyij07EwZA7ua19J"},"_chains":{"BXGP3ob9euRsexa63q0PHO9ZY/0s3QSVMIIyRTJN7XwU":{"chainKey":{"counter":0,"key":"EG+Q1A1r5Nro8Ci+s78UNddNQFwS9Ff9A4WTolN+LAA="},"chainType":2,"messageKeys":{}},"Bac4aSKV4jhOFEQbx6Mt25YrKxQPTT1Mrhzrtgirq99l":{"chainKey":{"counter":-1,"key":"AFyFqeHuA0J+6Q0u867rkIKF7NYwwa0fo+2wpmchbwg="},"chainType":1,"messageKeys":{}}}}},"version":"v1"}