{"_sessions":{"Be9RACPnyxIExaFZaeBOWtPr/cg07k2SQfxY7inskHQM":{"registrationId":1756699817,"currentRatchet":{"ephemeralKeyPair":{"pubKey":"BWpmIsqaH74l6PeFcXqEHClpZzQOROB/MJUItVeU8s0X","privKey":"2F5RtBbaxjqKRXUhFRBEJZa61cDxFFTCZRoSnO3NwVY="},"lastRemoteEphemeralKey":"BYuUd14Sz2ACQEJWOPIKRFA3iTY9c/AwoaV+cif9C7Z8","previousCounter":0,"rootKey":"LFvznDchxFeZYlByjurWicUFYXzXdoTyHy84psth8N8="},"indexInfo":{"baseKey":"Be9RACPnyxIExaFZaeBOWtPr/cg07k2SQfxY7inskHQM","baseKeyType":1,"closed":1746627386424,"used":1746627365719,"created":1746627365719,"remoteIdentityKey":"BX9dlcVpbmG7aFVqJRS1js73m4mtB65jfOTBRzCMY+xg"},"_chains":{"BWpmIsqaH74l6PeFcXqEHClpZzQOROB/MJUItVeU8s0X":{"chainKey":{"counter":0,"key":"jCA/AkGNWL7IE32jwBMnl9MwkJxRjs/gqHpRRaabAfw="},"chainType":1,"messageKeys":{}}},"pendingPreKey":{"signedKeyId":9,"baseKey":"Be9RACPnyxIExaFZaeBOWtPr/cg07k2SQfxY7inskHQM","preKeyId":271918}},"BfnTmZtFDoB3xfMhFymfroNfU2Bopv4igzCgQeC0lqcb":{"registrationId":1756699817,"currentRatchet":{"ephemeralKeyPair":{"pubKey":"BWCVd+KiAf12R/Yb+SUcsV9h7Teh01bYlbZNbW5FniEv","privKey":"ENJesl+/k+cHAbXJozgmT7NLo0QSt8Ut+VQfbfcwL3U="},"lastRemoteEphemeralKey":"BYuUd14Sz2ACQEJWOPIKRFA3iTY9c/AwoaV+cif9C7Z8","previousCounter":0,"rootKey":"9gcxIHEuBIDYSiU0XlAH5gOEujx3NVSWVooLB3p3crw="},"indexInfo":{"baseKey":"BfnTmZtFDoB3xfMhFymfroNfU2Bopv4igzCgQeC0lqcb","baseKeyType":1,"closed":1746627408672,"used":1746627385780,"created":1746627385780,"remoteIdentityKey":"BX9dlcVpbmG7aFVqJRS1js73m4mtB65jfOTBRzCMY+xg"},"_chains":{"BWCVd+KiAf12R/Yb+SUcsV9h7Teh01bYlbZNbW5FniEv":{"chainKey":{"counter":0,"key":"TS8dARxST/elQr97Kb4CoWhUZMJgLScszpMiZ2xvbKA="},"chainType":1,"messageKeys":{}}},"pendingPreKey":{"signedKeyId":9,"baseKey":"BfnTmZtFDoB3xfMhFymfroNfU2Bopv4igzCgQeC0lqcb","preKeyId":271701}},"BVTWIabzrmqKnSsP1qfRIuzPPf18/Z9HslmuK/ppeD0R":{"registrationId":1756699817,"currentRatchet":{"ephemeralKeyPair":{"pubKey":"BRRZPyZgiZUaMqWF7y0HFyWxDaEHODnkwd5HI7eXA6o3","privKey":"GFOvwu3GxgLX3YwAxV+VVSr0gv6LFIavB7ssj2WNHXg="},"lastRemoteEphemeralKey":"BYuUd14Sz2ACQEJWOPIKRFA3iTY9c/AwoaV+cif9C7Z8","previousCounter":0,"rootKey":"8KoAcPGVlxddQ2kee5Ta7DWSgrN/AM98PBYzOnGmK5k="},"indexInfo":{"baseKey":"BVTWIabzrmqKnSsP1qfRIuzPPf18/Z9HslmuK/ppeD0R","baseKeyType":1,"closed":-1,"used":1746627408152,"created":1746627408152,"remoteIdentityKey":"BX9dlcVpbmG7aFVqJRS1js73m4mtB65jfOTBRzCMY+xg"},"_chains":{"BRRZPyZgiZUaMqWF7y0HFyWxDaEHODnkwd5HI7eXA6o3":{"chainKey":{"counter":3,"key":"lBbzkaoMt+yavy5K+3WHZquKOV7ydu5b+PTPEf4VGZc="},"chainType":1,"messageKeys":{}}},"pendingPreKey":{"signedKeyId":9,"baseKey":"BVTWIabzrmqKnSsP1qfRIuzPPf18/Z9HslmuK/ppeD0R","preKeyId":271543}}},"version":"v1"}