{"_sessions":{"Bdr4uyEBjF1ey2GLzEaiFFm74w5ZFWfb0jYgAfug6Vt4":{"registrationId":1105905297,"currentRatchet":{"ephemeralKeyPair":{"pubKey":"BVNSRrrLj6lYPGCB0acH5ekYKzTuCnbiTcMb2gF81eJf","privKey":"ACTUG4/tS6PtguYtHsH55HPS9lZ+kKUfyISF819kg2k="},"lastRemoteEphemeralKey":"BfTTwqqkZ6ApZcSJKO+u8PUSk2FVB+0kFJ+BszqcDD99","previousCounter":0,"rootKey":"k1gK5azTFIlKwvde0NQ9lF1zhaCTN3L+UBEn0ADXfbo="},"indexInfo":{"baseKey":"Bdr4uyEBjF1ey2GLzEaiFFm74w5ZFWfb0jYgAfug6Vt4","baseKeyType":1,"closed":-1,"used":1746645166232,"created":1746645166232,"remoteIdentityKey":"BfICAFop9/uxT3TQI0EQJtE2rdfuF9swRvMxSJTZqNgP"},"_chains":{"BVNSRrrLj6lYPGCB0acH5ekYKzTuCnbiTcMb2gF81eJf":{"chainKey":{"counter":0,"key":"UGhMMyN9lRHO8edyf1zqbvNcJVUeNO7v/mPV9gcDsI8="},"chainType":1,"messageKeys":{}}},"pendingPreKey":{"signedKeyId":3,"baseKey":"Bdr4uyEBjF1ey2GLzEaiFFm74w5ZFWfb0jYgAfug6Vt4","preKeyId":1685034}}},"version":"v1"}