{"_sessions":{"BTh9ZWYR/CWDYjH+1a7hYYcbE92g/0k6d2Ors+ulauVh":{"registrationId":854151132,"currentRatchet":{"ephemeralKeyPair":{"pubKey":"BfJ0QBSZ5Pna9pDMFKympMWpfLgqSPdYOGoqQJDwtkF8","privKey":"sKi1JsuDrQ11W9fJjGFmwugNCE1XQpyo7E6ZgOr85mY="},"lastRemoteEphemeralKey":"BQIjtaLEoNCuyq/dHVD2cF9O7nC4NK+MEBAeAkEsa8Fo","previousCounter":0,"rootKey":"DdRPlo1lhvsNuk+f/DZuxW9KlTZPCWrV/ztb0C7bzU4="},"indexInfo":{"baseKey":"BTh9ZWYR/CWDYjH+1a7hYYcbE92g/0k6d2Ors+ulauVh","baseKeyType":1,"closed":-1,"used":1746644960083,"created":1746644960083,"remoteIdentityKey":"Ba73XJ6XZ1d789G5BW9SDW7YIR/Euml96rJQ/j89fTAJ"},"_chains":{"BfJ0QBSZ5Pna9pDMFKympMWpfLgqSPdYOGoqQJDwtkF8":{"chainKey":{"counter":1,"key":"flDEMkji+DRMwLATAhrN6HP6QvQYU/5LyiCflO+mFkE="},"chainType":1,"messageKeys":{}}},"pendingPreKey":{"signedKeyId":3,"baseKey":"BTh9ZWYR/CWDYjH+1a7hYYcbE92g/0k6d2Ors+ulauVh","preKeyId":7740771}}},"version":"v1"}