{"_sessions":{"BZr/Wafj5ywyEbordUBkSe3/N1b61Y1cvLDc7NmstEZr":{"registrationId":428200202,"currentRatchet":{"ephemeralKeyPair":{"pubKey":"BQkrskXNFRfxSlXtE+WbxoMEHhRNUcSY0fVTK42iWXk5","privKey":"OKd9tn38Rqbh7EfJLPaHb6AolQmuJjW6yFviHNFH/lM="},"lastRemoteEphemeralKey":"BYyMyXg3FE/FLY9CUrtRH+u92NbQoMFhCY6tLM0ovR1O","previousCounter":0,"rootKey":"j9Klaqb2+hHIl9cQkjJF1BR9wlaZM/6R7j+rAE+4Rt0="},"indexInfo":{"baseKey":"BZr/Wafj5ywyEbordUBkSe3/N1b61Y1cvLDc7NmstEZr","baseKeyType":1,"closed":-1,"used":1746645070134,"created":1746645070134,"remoteIdentityKey":"BaSiHE+Cu51048LsIT16CcvFq4+qqSrzNVNclWMKPndd"},"_chains":{"BQkrskXNFRfxSlXtE+WbxoMEHhRNUcSY0fVTK42iWXk5":{"chainKey":{"counter":0,"key":"N62Smgi/2lkl96xlsNAmd2BKqymCgBzFEUdfnOK7/T0="},"chainType":1,"messageKeys":{}}},"pendingPreKey":{"signedKeyId":12884167,"baseKey":"BZr/Wafj5ywyEbordUBkSe3/N1b61Y1cvLDc7NmstEZr","preKeyId":6601}}},"version":"v1"}