{"_sessions":{"BctRhvVrm5eWZDYJ6/FS/nbnCY2RP+2MySNbJwtJ1owr":{"registrationId":922624323,"currentRatchet":{"ephemeralKeyPair":{"pubKey":"BZwfnJA9CNt0q314f2/No9ytn4vAbiHz8+86xygRr79e","privKey":"YEDCI9R7QvcQRHBIdYNvWk+TDHB+J3B2pPFNiOtdVmU="},"lastRemoteEphemeralKey":"BS7xlcaEnq6DVOGvuLlyS4C829vEb1gDh9YeF60pd2U5","previousCounter":0,"rootKey":"NvYbKbB08G8Rk2ISwyE9oocb//WJBVrPLEbP0tYGFog="},"indexInfo":{"baseKey":"BctRhvVrm5eWZDYJ6/FS/nbnCY2RP+2MySNbJwtJ1owr","baseKeyType":1,"closed":-1,"used":1746639403403,"created":1746639403403,"remoteIdentityKey":"BTFRq3+2SXnIq2M+/GeqMDt+vXrwL+ctAka0HROsjzBw"},"_chains":{"BZwfnJA9CNt0q314f2/No9ytn4vAbiHz8+86xygRr79e":{"chainKey":{"counter":0,"key":"EBopiDotuomssc7gR9F/3XKd817Rd0gXqbkbdtyASLQ="},"chainType":1,"messageKeys":{}}},"pendingPreKey":{"signedKeyId":13,"baseKey":"BctRhvVrm5eWZDYJ6/FS/nbnCY2RP+2MySNbJwtJ1owr","preKeyId":15023199}}},"version":"v1"}