{"_sessions":{"BXVzwHXBFflGGdk4vQHNfo0cQIhF2//r3vkLj+gRzjJw":{"registrationId":209,"currentRatchet":{"ephemeralKeyPair":{"pubKey":"BVwsaXEN2J6lC7lQDMUri7T7/4viBDyJxWcU7k++x9Z4","privKey":"sKrgf7/GJ/+W1t6Xq42vJz4SXGOjueJqMH3O2r5nnEE="},"lastRemoteEphemeralKey":"BSweEptq9wXoVd0PYCzoDy5JEsehfgYzhHCjwCTY/XcI","previousCounter":0,"rootKey":"L7NQV+Xz+xSm+2A79L14boIYQ4q3YweODnm8M1p7IPw="},"indexInfo":{"baseKey":"BXVzwHXBFflGGdk4vQHNfo0cQIhF2//r3vkLj+gRzjJw","baseKeyType":1,"closed":1746645269742,"used":1746644956464,"created":1746644956464,"remoteIdentityKey":"BbtoPR/kAXW92amrb5S+8dsTJRIsfNra5iDM7upWua89"},"_chains":{"BVwsaXEN2J6lC7lQDMUri7T7/4viBDyJxWcU7k++x9Z4":{"chainKey":{"counter":0,"key":"0BEqk3qu16mVfSwY3KfybGoU4wC37HXY283C77/TicU="},"chainType":1,"messageKeys":{}}},"pendingPreKey":{"signedKeyId":1,"baseKey":"BXVzwHXBFflGGdk4vQHNfo0cQIhF2//r3vkLj+gRzjJw","preKeyId":48}},"BZBnu0lohBnYwG9Jc1R6Efgh0qLXAyb+CmFrhOpHvxYr":{"registrationId":209,"currentRatchet":{"ephemeralKeyPair":{"pubKey":"BaVdwxwoEpomJSmtRjs+eox/IeyF+pw9EoizLEQ/FXpI","privKey":"SLjh500fsrSfqos0gYNho4zU31M4LjAfprWuo/rD/GQ="},"lastRemoteEphemeralKey":"BSweEptq9wXoVd0PYCzoDy5JEsehfgYzhHCjwCTY/XcI","previousCounter":0,"rootKey":"jZzeAggQvzmUC0CdFeIZ1VvYSKMX5gj/7Tcvou14CQg="},"indexInfo":{"baseKey":"BZBnu0lohBnYwG9Jc1R6Efgh0qLXAyb+CmFrhOpHvxYr","baseKeyType":1,"closed":-1,"used":1746645269659,"created":1746645269659,"remoteIdentityKey":"BbtoPR/kAXW92amrb5S+8dsTJRIsfNra5iDM7upWua89"},"_chains":{"BaVdwxwoEpomJSmtRjs+eox/IeyF+pw9EoizLEQ/FXpI":{"chainKey":{"counter":0,"key":"GbYDoTt5aoStEzCBdIXVKNOapLfWb8SbznhUVMcoSBc="},"chainType":1,"messageKeys":{}}},"pendingPreKey":{"signedKeyId":1,"baseKey":"BZBnu0lohBnYwG9Jc1R6Efgh0qLXAyb+CmFrhOpHvxYr","preKeyId":52}}},"version":"v1"}