{"_sessions":{"Bdtxxwnppej+Eu8SvgW+TUala1bZ8rG4soJ0+1M+OnQe":{"registrationId":764767633,"currentRatchet":{"ephemeralKeyPair":{"pubKey":"BaYtstb95XbaTAvFfJubDcc4dlZJko+5qvsLugqHFrdx","privKey":"IBLrUSbaD0kFDYaNS+vE4OwltSXoD7c+/vU6vwjNeEM="},"lastRemoteEphemeralKey":"BWC58vjYOL+RRFcvInc6UL4mWvw3HPhGf/ZSAKXpw0oB","previousCounter":0,"rootKey":"TtAPE9iSeXwnBtH0cKljcGpCGs1bV0fDRpg6WMw+EbM="},"indexInfo":{"baseKey":"Bdtxxwnppej+Eu8SvgW+TUala1bZ8rG4soJ0+1M+OnQe","baseKeyType":1,"closed":1746627386499,"used":1746627365933,"created":1746627365933,"remoteIdentityKey":"BaqKuHA0Mbnn0O7WXjFg1Ol121nJiPTqprY1y1OovqBg"},"_chains":{"BaYtstb95XbaTAvFfJubDcc4dlZJko+5qvsLugqHFrdx":{"chainKey":{"counter":0,"key":"iYMOh/vHAzgpjmRSZUdQtiGThIoL3KFfk1aj/GrGbYU="},"chainType":1,"messageKeys":{}}},"pendingPreKey":{"signedKeyId":0,"baseKey":"Bdtxxwnppej+Eu8SvgW+TUala1bZ8rG4soJ0+1M+OnQe","preKeyId":12156833}},"BdEdEl7jq1TRedp3ix5qROHJ+J1sMqMlmYwcMED+DYsF":{"registrationId":764767633,"currentRatchet":{"ephemeralKeyPair":{"pubKey":"BaVrGTUHk6y+UK14O54W/BRHbXuXywh4XapWksmhs44v","privKey":"0NhPVyJC0jmAJqoo2QPhjhEBBHt+rCESABYXQsFcBGU="},"lastRemoteEphemeralKey":"BWC58vjYOL+RRFcvInc6UL4mWvw3HPhGf/ZSAKXpw0oB","previousCounter":0,"rootKey":"oODccQedhpg9pBnUAFjoqRpJqWHpRkq8hNho6dYBDKg="},"indexInfo":{"baseKey":"BdEdEl7jq1TRedp3ix5qROHJ+J1sMqMlmYwcMED+DYsF","baseKeyType":1,"closed":1746627408728,"used":1746627386004,"created":1746627386004,"remoteIdentityKey":"BaqKuHA0Mbnn0O7WXjFg1Ol121nJiPTqprY1y1OovqBg"},"_chains":{"BaVrGTUHk6y+UK14O54W/BRHbXuXywh4XapWksmhs44v":{"chainKey":{"counter":0,"key":"yc5XkO5h2edm3nFob+bSK0WHWPm08Cz2MeImcwtIDGw="},"chainType":1,"messageKeys":{}}},"pendingPreKey":{"signedKeyId":0,"baseKey":"BdEdEl7jq1TRedp3ix5qROHJ+J1sMqMlmYwcMED+DYsF","preKeyId":12156850}},"BXoQiTM0QFj5eWX2W9KaEZ2m2SfqLJ33RcCzazBKziNY":{"registrationId":764767633,"currentRatchet":{"ephemeralKeyPair":{"pubKey":"BcKtcyE/ms6U1HC1vjb3J2qV/XgftaoZ0oz1v9RGjM9u","privKey":"IJ4/6mV4W1sw/XDLsjytHNH2SuhwwWuyiT3ETJDwZEg="},"lastRemoteEphemeralKey":"BWC58vjYOL+RRFcvInc6UL4mWvw3HPhGf/ZSAKXpw0oB","previousCounter":0,"rootKey":"mK4PmGyhmLuFuwUAlTTkDiqYkCk2+2QydVfbDsZqXjs="},"indexInfo":{"baseKey":"BXoQiTM0QFj5eWX2W9KaEZ2m2SfqLJ33RcCzazBKziNY","baseKeyType":1,"closed":-1,"used":1746627408348,"created":1746627408348,"remoteIdentityKey":"BaqKuHA0Mbnn0O7WXjFg1Ol121nJiPTqprY1y1OovqBg"},"_chains":{"BcKtcyE/ms6U1HC1vjb3J2qV/XgftaoZ0oz1v9RGjM9u":{"chainKey":{"counter":3,"key":"DlzvS3NX39rQPoS9k1bCrgHJBSpAES5ZrJU+7+8IQdU="},"chainType":1,"messageKeys":{}}},"pendingPreKey":{"signedKeyId":0,"baseKey":"BXoQiTM0QFj5eWX2W9KaEZ2m2SfqLJ33RcCzazBKziNY","preKeyId":12156937}}},"version":"v1"}