{"_sessions":{"BRigjCMyhxoZaj6thNaX9g+ZAUexV3WcuEJftyj5KXUn":{"registrationId":50053945,"currentRatchet":{"ephemeralKeyPair":{"pubKey":"BVR6NO3/Zq4W0NcknMZLLiGaDuQX4DgA8BQyVA5pmOIe","privKey":"yCnzw4tWRz0FUtAMURro4329r3UC/CgPDieOWzoHf14="},"lastRemoteEphemeralKey":"BUqumsA2+YEARj4fRM2WZwHYDfK/XczjKBA1HuguArA/","previousCounter":0,"rootKey":"ALefqyJWbdzvIkTB44xPLXCeXQm1vFqC8BfDONVV59Q="},"indexInfo":{"baseKey":"BRigjCMyhxoZaj6thNaX9g+ZAUexV3WcuEJftyj5KXUn","baseKeyType":1,"closed":-1,"used":1746645162606,"created":1746645162606,"remoteIdentityKey":"BcIBPR+wPq4heQBjG720zVXit+BWP55rDcMrNgzg1Iw9"},"_chains":{"BVR6NO3/Zq4W0NcknMZLLiGaDuQX4DgA8BQyVA5pmOIe":{"chainKey":{"counter":0,"key":"zA105kIYRguMR4BPbGU8TZs1I9uuYPwCZOA1HIn6OlQ="},"chainType":1,"messageKeys":{}}},"pendingPreKey":{"signedKeyId":3,"baseKey":"BRigjCMyhxoZaj6thNaX9g+ZAUexV3WcuEJftyj5KXUn","preKeyId":2040930}}},"version":"v1"}