{"_sessions":{"BbTp450nt6ld7kj0D4qcGktZqAJu2zBFomNVtDqC+jxh":{"registrationId":1767143873,"currentRatchet":{"ephemeralKeyPair":{"pubKey":"BSyzH5VDI8ep7ZXyjeA8Lk+BDGoKzTxvn/Mk2OKzTX1A","privKey":"SAPkvfTwBPb8+Zp6oDcW03fWuxbPsIQlFZ1hyhG3qlQ="},"lastRemoteEphemeralKey":"BebrBs3kyTdZzoArbKQWocfRcdQug4fPEZrVnHpPf91Z","previousCounter":0,"rootKey":"Q5LB8PFuW5/KtmmWqVFAZVWzFiqI7U8eF7mIdMqvylA="},"indexInfo":{"baseKey":"BbTp450nt6ld7kj0D4qcGktZqAJu2zBFomNVtDqC+jxh","baseKeyType":1,"closed":-1,"used":1746645166088,"created":1746645166088,"remoteIdentityKey":"BeRd89xDe1A7Jy+VnM3fxdrJt3Dg4We1otGn414WDJAk"},"_chains":{"BSyzH5VDI8ep7ZXyjeA8Lk+BDGoKzTxvn/Mk2OKzTX1A":{"chainKey":{"counter":0,"key":"uMF1/Y8hRkt7khMwRMfvnHhktVbIglFfllLhiETCiw0="},"chainType":1,"messageKeys":{}}},"pendingPreKey":{"signedKeyId":4,"baseKey":"BbTp450nt6ld7kj0D4qcGktZqAJu2zBFomNVtDqC+jxh","preKeyId":9067534}}},"version":"v1"}