{"_sessions":{"BbmjAzY7scfn5vMpy2QWTJdEcLZRx2qOIMMGayS/xMAx":{"registrationId":11575,"currentRatchet":{"ephemeralKeyPair":{"pubKey":"Bfh+5FVJodPhpBeYSKlxLf1xiwXI8GnlwrYCbp2Cnpl2","privKey":"kPIe1YNh6pic4Exz60xt5IH5triqc6ZjZEm+y4CzZUE="},"lastRemoteEphemeralKey":"Be2eJrI7XHn3qBSv8ymD7f/w7MWM7/o30VcsnoEZHvFP","previousCounter":0,"rootKey":"6QgbvPdJJMPf6oWnkNNcI13QgQtovduLG9IcfR8TkWQ="},"indexInfo":{"baseKey":"BbmjAzY7scfn5vMpy2QWTJdEcLZRx2qOIMMGayS/xMAx","baseKeyType":1,"closed":-1,"used":1746645158427,"created":1746645158427,"remoteIdentityKey":"BfbYmWlPMGFABjoiqggVrQn13TyznUWKI8gOcNEOqDtX"},"_chains":{"Bfh+5FVJodPhpBeYSKlxLf1xiwXI8GnlwrYCbp2Cnpl2":{"chainKey":{"counter":0,"key":"Hx5Cv6IOQp9prmQPmF2opItQaNcY0jWLhodJlWPFZHE="},"chainType":1,"messageKeys":{}}},"pendingPreKey":{"signedKeyId":1,"baseKey":"BbmjAzY7scfn5vMpy2QWTJdEcLZRx2qOIMMGayS/xMAx"}}},"version":"v1"}