{"_sessions":{"BTwlRlAArU3vvCwvM0lhLGhir3G5g7U9mudT/fzaXKUp":{"registrationId":1194641870,"currentRatchet":{"ephemeralKeyPair":{"pubKey":"BV2aD++eK0KDmX7WZsI7UL+MuBSokH5Xs3Cfnjz5sjcn","privKey":"oG6GmwZ1QMvGeL+0JmxaLiit38FgLPC8C6kT/rOczEE="},"lastRemoteEphemeralKey":"BWKy09tPha6J/x+ahUsYot2oG2i5jS9IyIY6VL5p3B1t","previousCounter":0,"rootKey":"osdtipuQP1ZS1Rs5rxnJzx2IS12y39h1xeUj+33hwaM="},"indexInfo":{"baseKey":"BTwlRlAArU3vvCwvM0lhLGhir3G5g7U9mudT/fzaXKUp","baseKeyType":1,"closed":-1,"used":1746629947932,"created":1746627450076,"remoteIdentityKey":"BVj4oAP+c0cYzQlK2yDNkHuSSHebNmzJ35XYKuv2jmpG"},"_chains":{"BWKy09tPha6J/x+ahUsYot2oG2i5jS9IyIY6VL5p3B1t":{"chainKey":{"counter":0,"key":"Azu0+GIV6OqzT/VOXRkzznuZozpGLDBmXWutCJfk/MM="},"chainType":2,"messageKeys":{}},"BV2aD++eK0KDmX7WZsI7UL+MuBSokH5Xs3Cfnjz5sjcn":{"chainKey":{"counter":-1,"key":"jfU9xowOgrPc6H007kCXt5pQzgbIgahzu+I4lD0IXI4="},"chainType":1,"messageKeys":{}}}}},"version":"v1"}