{"_sessions":{"BRErjRAVRDzK7rdSjnorjHcmXDvYYsgmHCVGUiDKeA8h":{"registrationId":1081826366,"currentRatchet":{"ephemeralKeyPair":{"pubKey":"BQjUkioPbnFSNqT5TJDICqodqkIyoeEotQS2KHFSPOh3","privKey":"iE6B56IPDm4T6ZpAhIqc7ek96k4x+demp8NQ2wN6UEA="},"lastRemoteEphemeralKey":"BYPq0fATHsRvvCX7MRz4F+hIVoIQip/zN9CgekhBzgco","previousCounter":0,"rootKey":"u0jFt6+TCzP6J0/3ENtYDTickDBs+uHykwEZGgAVIZk="},"indexInfo":{"baseKey":"BRErjRAVRDzK7rdSjnorjHcmXDvYYsgmHCVGUiDKeA8h","baseKeyType":1,"closed":-1,"used":1746645158618,"created":1746645158618,"remoteIdentityKey":"BQt1JHnzOMPchtcl1OTpj6Y7NncYJXwor0ymlLoC5W4z"},"_chains":{"BQjUkioPbnFSNqT5TJDICqodqkIyoeEotQS2KHFSPOh3":{"chainKey":{"counter":0,"key":"Q65JzcbDzmvK1QIPr+mIyas1oN2wPwcX8qV0LCbmNb8="},"chainType":1,"messageKeys":{}}},"pendingPreKey":{"signedKeyId":10,"baseKey":"BRErjRAVRDzK7rdSjnorjHcmXDvYYsgmHCVGUiDKeA8h","preKeyId":4901121}}},"version":"v1"}