{"_sessions":{"BVa/qjVQMINzLI4Uor1YzxXM0WAJ6a9IN4FwY6eLpkkW":{"registrationId":1160235673,"currentRatchet":{"ephemeralKeyPair":{"pubKey":"BdMe7f7OR7ONOhpodRK7AdSd4xeTWXK1dPQW65SythU0","privKey":"qDE/z3fDYg0mAI/yy7T9SLgRJfrBqHDNCBzPjpXe2mc="},"lastRemoteEphemeralKey":"BX+MTpI7orLUBUwaIU/9dmKqOduOZsbmkA1bba7S7oh2","previousCounter":0,"rootKey":"v2lB1etzmfI1wCabxIbHWb0T441rReeqESTnrSada0I="},"indexInfo":{"baseKey":"BVa/qjVQMINzLI4Uor1YzxXM0WAJ6a9IN4FwY6eLpkkW","baseKeyType":1,"closed":-1,"used":1746639403385,"created":1746639403385,"remoteIdentityKey":"BTdrLmD+0bXQ76YedfVEJL8oMmAPhI6PZOuraGDZB5pd"},"_chains":{"BdMe7f7OR7ONOhpodRK7AdSd4xeTWXK1dPQW65SythU0":{"chainKey":{"counter":0,"key":"HLVAA2KcUdbETQN+cQesm4Opb4DN8rmHOMj2OS8Ylx4="},"chainType":1,"messageKeys":{}}},"pendingPreKey":{"signedKeyId":4,"baseKey":"BVa/qjVQMINzLI4Uor1YzxXM0WAJ6a9IN4FwY6eLpkkW","preKeyId":2509087}}},"version":"v1"}