{"_sessions":{"BffEWQZm1P0jCzp0vgVT950YiCpwkY2GBu6YCABukBUO":{"registrationId":803804727,"currentRatchet":{"ephemeralKeyPair":{"pubKey":"BaaqjnfjuI5L/SVjyRj/L5DMfIwawud05kZhg6SK7ml0","privKey":"MKA4o6E6fCOVwMLG2qsStnj38FCIN1yBBe+r5/TGLWs="},"lastRemoteEphemeralKey":"BbguSgx2oCqawnuNx5VxuDzqQfFxR54bsw/jF2BLvHZw","previousCounter":2,"rootKey":"bFnxK0fWcT/EXTaNrB0hbDgziZM5/Qk2zx0Twu9Zv+E="},"indexInfo":{"baseKey":"BffEWQZm1P0jCzp0vgVT950YiCpwkY2GBu6YCABukBUO","baseKeyType":1,"closed":-1,"used":1746627467750,"created":1746612492684,"remoteIdentityKey":"BVkTyZfZYhD0uCAylwuOhcjxJUW+M+1oUJ+zIOirTWdI"},"_chains":{"BbguSgx2oCqawnuNx5VxuDzqQfFxR54bsw/jF2BLvHZw":{"chainKey":{"counter":2,"key":"KFU/Iax0lcq1F0uhSqT/SUI8G9vJuWPjfgI9kEYV2WE="},"chainType":2,"messageKeys":{}},"BaaqjnfjuI5L/SVjyRj/L5DMfIwawud05kZhg6SK7ml0":{"chainKey":{"counter":1,"key":"YeJbNBRQt3pida8p92PX48/MV3qiT70P10dLZUYlvmE="},"chainType":1,"messageKeys":{}}}}},"version":"v1"}