{"_sessions":{"BVYrUL6e6SEznhVik0O9vPZEFRIhhYAviL7Qply7w2kG":{"registrationId":1090686857,"currentRatchet":{"ephemeralKeyPair":{"pubKey":"BXqwHsyccwJ1N+53j8YSF2is394tW8wnVdFlRtefctd6","privKey":"MAqbt1rgwTDZv48A7/ZiPM0Vpi/gx+ZDOFYFnXU/cEc="},"lastRemoteEphemeralKey":"BZycGzAL0DAqwll8RMKSUyhYjp78KcUp7GxfsFkO7XwQ","previousCounter":0,"rootKey":"cWaLIA91Ghm3b/IdU7DCnZCjnOEN7/CW6VTLwtCmUI4="},"indexInfo":{"baseKey":"BVYrUL6e6SEznhVik0O9vPZEFRIhhYAviL7Qply7w2kG","baseKeyType":1,"closed":-1,"used":1746645069881,"created":1746645069881,"remoteIdentityKey":"BWPWBJWbfCcltDWWwaoWAwtgTrJwL52EZG7Ad78KBAw0"},"_chains":{"BXqwHsyccwJ1N+53j8YSF2is394tW8wnVdFlRtefctd6":{"chainKey":{"counter":0,"key":"mYnsxq7F+6Q6++sg7CvaFvhXJxHvvoMxyw/yF0RAPPg="},"chainType":1,"messageKeys":{}}},"pendingPreKey":{"signedKeyId":0,"baseKey":"BVYrUL6e6SEznhVik0O9vPZEFRIhhYAviL7Qply7w2kG","preKeyId":7113422}}},"version":"v1"}