{"_sessions":{"BSdHX/vcjAUOkrVesTUlfqGDw1S7A3LNPBYATDdL5+pj":{"registrationId":633277620,"currentRatchet":{"ephemeralKeyPair":{"pubKey":"BUR0vyMVlXwJemGFMFWcVMS7Y+GAndQj45239ShWhW0u","privKey":"qBVcT0sFSz2PSLBdB8HkQuCClUFGNVLtuf6gTnFHWn0="},"lastRemoteEphemeralKey":"BcdCyVcR7lvjPhfLuk0JuF/EKjNpLWyQunX+u7vfB9ZY","previousCounter":0,"rootKey":"GZbhjpP/uk9eoxMkYfIfGwiEXnMO8gdqsRg80XBugvM="},"indexInfo":{"baseKey":"BSdHX/vcjAUOkrVesTUlfqGDw1S7A3LNPBYATDdL5+pj","baseKeyType":1,"closed":-1,"used":1746644956578,"created":1746644956578,"remoteIdentityKey":"Bflru7kOKTxLiStY34jelGlZXBTjwV/lD+ulzj8qvsQe"},"_chains":{"BUR0vyMVlXwJemGFMFWcVMS7Y+GAndQj45239ShWhW0u":{"chainKey":{"counter":1,"key":"T0NprIBF2IMmPUigPOAb60M/xwv3iKPdz90EwTv65Zk="},"chainType":1,"messageKeys":{}}},"pendingPreKey":{"signedKeyId":1,"baseKey":"BSdHX/vcjAUOkrVesTUlfqGDw1S7A3LNPBYATDdL5+pj"}}},"version":"v1"}