{"_sessions":{"BfJ+stnseKEF9su2VXsCJGpkXpOlYfpaG9pJbIx0gU1f":{"registrationId":2080454897,"currentRatchet":{"ephemeralKeyPair":{"pubKey":"Bf/wZT63Oet2SKYCI8cH0eywgZX9XpuyLtoob6veOlgS","privKey":"YHeL+qcIc831E1KGqE8vHYs4nXMGygAhl6bkritTIn0="},"lastRemoteEphemeralKey":"BTCjsuVg6JxNotqGewUmYGfcF9K3FPWOauwsW4z21ZEi","previousCounter":0,"rootKey":"bYEUTkDDhy3OspSD2NKvoAQKX2Vo1qE1NVquuixQOQc="},"indexInfo":{"baseKey":"BfJ+stnseKEF9su2VXsCJGpkXpOlYfpaG9pJbIx0gU1f","baseKeyType":1,"closed":-1,"used":1746645162575,"created":1746645162575,"remoteIdentityKey":"BVOkn5IEm58cZUhJ0BjJJj3WAP7PSVXwEGVz72uvwVRF"},"_chains":{"Bf/wZT63Oet2SKYCI8cH0eywgZX9XpuyLtoob6veOlgS":{"chainKey":{"counter":0,"key":"cOO9lnaRVSBPs7JRw0Vlmqybqt0z1h7685Tb90iFmEY="},"chainType":1,"messageKeys":{}}},"pendingPreKey":{"signedKeyId":10825895,"baseKey":"BfJ+stnseKEF9su2VXsCJGpkXpOlYfpaG9pJbIx0gU1f","preKeyId":5280}}},"version":"v1"}