{"_sessions":{"BaHiTBTjr4QqczkYsrkAbVrKA0fBPklof86ThmCvgBht":{"registrationId":900229838,"currentRatchet":{"ephemeralKeyPair":{"pubKey":"BRT2WLuyj6iiK+8Hu3pN/3cSM4JRRpJgOsdQUSq9tycO","privKey":"YNsHU8bEZHa2eANZtUG1MD5OolMQfYK0+dCyi1kFUW8="},"lastRemoteEphemeralKey":"BdnOU991+8rPg7yP6uiCnNwvp6nfPxXA6AgSYUcHboRP","previousCounter":0,"rootKey":"4avx9CSge9pZDt6BB2ug0xFhpXgdQvbB8ppIcRzPj/8="},"indexInfo":{"baseKey":"BaHiTBTjr4QqczkYsrkAbVrKA0fBPklof86ThmCvgBht","baseKeyType":1,"closed":1746627386474,"used":1746627365842,"created":1746627365842,"remoteIdentityKey":"BfiYbP5TVTuGJqfx4bf1MtNE83jMR1YM8h/gcQCpe/N9"},"_chains":{"BRT2WLuyj6iiK+8Hu3pN/3cSM4JRRpJgOsdQUSq9tycO":{"chainKey":{"counter":0,"key":"SehofdDFHSAbzeocurysbhkch1WEYVowLgFZ9XNNOzg="},"chainType":1,"messageKeys":{}}},"pendingPreKey":{"signedKeyId":8,"baseKey":"BaHiTBTjr4QqczkYsrkAbVrKA0fBPklof86ThmCvgBht","preKeyId":3825659}},"BYKPj1ADK0G6GTt5d743QRydzGor3Nf3Of/TuJLKgyRx":{"registrationId":900229838,"currentRatchet":{"ephemeralKeyPair":{"pubKey":"BZJJRWONwXd99mTnfHaD1qqvK6p7TVE0j2bBlcxp9F96","privKey":"aJ+b4rbGA0qsgrVhaC0ofi/S0Oip8VhRQRgw9z1iVGc="},"lastRemoteEphemeralKey":"BdnOU991+8rPg7yP6uiCnNwvp6nfPxXA6AgSYUcHboRP","previousCounter":0,"rootKey":"EURipZyYG5/BzgI0Ms++ZYumGtWOQCK7gFhUoXzSJ2w="},"indexInfo":{"baseKey":"BYKPj1ADK0G6GTt5d743QRydzGor3Nf3Of/TuJLKgyRx","baseKeyType":1,"closed":1746627408710,"used":1746627385908,"created":1746627385908,"remoteIdentityKey":"BfiYbP5TVTuGJqfx4bf1MtNE83jMR1YM8h/gcQCpe/N9"},"_chains":{"BZJJRWONwXd99mTnfHaD1qqvK6p7TVE0j2bBlcxp9F96":{"chainKey":{"counter":0,"key":"jRq9tvqP8dnhZt5VEX8HndpSVTjiDOpynnrW6NpubXw="},"chainType":1,"messageKeys":{}}},"pendingPreKey":{"signedKeyId":8,"baseKey":"BYKPj1ADK0G6GTt5d743QRydzGor3Nf3Of/TuJLKgyRx","preKeyId":3825747}},"BWkU0ZK2dAjqWKvklCOdsR6F+C1Tbj7/qhpDwc/mdQ8t":{"registrationId":900229838,"currentRatchet":{"ephemeralKeyPair":{"pubKey":"BUbz6uYHgTK9xK7owLFtEUThjSJ6zH3wMQMho/zVQhZ7","privKey":"UONxqoDejoOUg/KXZoyXY2/8tw1xEeh0n/All+pUfnM="},"lastRemoteEphemeralKey":"BdnOU991+8rPg7yP6uiCnNwvp6nfPxXA6AgSYUcHboRP","previousCounter":0,"rootKey":"opKjc3j+M8qCG1jI9/rLJWBm/KXaRXDsaSi1uZpzrDc="},"indexInfo":{"baseKey":"BWkU0ZK2dAjqWKvklCOdsR6F+C1Tbj7/qhpDwc/mdQ8t","baseKeyType":1,"closed":-1,"used":1746627408272,"created":1746627408272,"remoteIdentityKey":"BfiYbP5TVTuGJqfx4bf1MtNE83jMR1YM8h/gcQCpe/N9"},"_chains":{"BUbz6uYHgTK9xK7owLFtEUThjSJ6zH3wMQMho/zVQhZ7":{"chainKey":{"counter":3,"key":"VB3+80gHrOBo290d5GNJowQkmcvi3GLhampewZ+KqU4="},"chainType":1,"messageKeys":{}}},"pendingPreKey":{"signedKeyId":8,"baseKey":"BWkU0ZK2dAjqWKvklCOdsR6F+C1Tbj7/qhpDwc/mdQ8t","preKeyId":3825667}}},"version":"v1"}