{"_sessions":{"Be1J6ss/hlGJ5UEM3cz3q4MwMGS6fq8GdBmXBklG39hi":{"registrationId":9606,"currentRatchet":{"ephemeralKeyPair":{"pubKey":"Ba3rSTyP7yTKFV4zABh8E9ThrCY+LdzF9f1Q04rde2RZ","privKey":"0FvvxTVj1w5RIXruyLpFenGWZxiWULHp+SNKk5+nrWg="},"lastRemoteEphemeralKey":"BWc/YeIK06EyrcYd2tEvVDnKkYx7JcFHAlD+fNdFXH9H","previousCounter":0,"rootKey":"pT2rTQcetjzFU/bm0zmPJBRFVoUIhOJg0M1QrE08V+g="},"indexInfo":{"baseKey":"Be1J6ss/hlGJ5UEM3cz3q4MwMGS6fq8GdBmXBklG39hi","baseKeyType":1,"closed":-1,"used":1746645158506,"created":1746645158506,"remoteIdentityKey":"BcTz8vn++OJtTcY1zFQ4QUnhaipLNpwWcXTbtMbJeLgB"},"_chains":{"Ba3rSTyP7yTKFV4zABh8E9ThrCY+LdzF9f1Q04rde2RZ":{"chainKey":{"counter":0,"key":"gtX8O+y36I0kqeVh5M+qJvRbs+adkU76XcSG3TA1kvY="},"chainType":1,"messageKeys":{}}},"pendingPreKey":{"signedKeyId":1,"baseKey":"Be1J6ss/hlGJ5UEM3cz3q4MwMGS6fq8GdBmXBklG39hi","preKeyId":1614}}},"version":"v1"}