{"_sessions":{"Bfch7h18byx0/G/shWdbdOA9WOjq2ssYenTIMB58HbVy":{"registrationId":1232347638,"currentRatchet":{"ephemeralKeyPair":{"pubKey":"BRLgZj4s0sSq1MVgv3BPO5VnS8YAYaIphPmsf3WhZQh0","privKey":"2Bk+qPERImG9g7+o5jZwbQ93Gx9nq1s3blEmwoKWPHM="},"lastRemoteEphemeralKey":"BdyzQqqF48sT4hqulx9Gvh2AswPERXSaN1ICOSZZZYcu","previousCounter":0,"rootKey":"2N0oPoGDdXoWfF4cPSre04gdVQt84YxBG9zLXXdHtbc="},"indexInfo":{"baseKey":"Bfch7h18byx0/G/shWdbdOA9WOjq2ssYenTIMB58HbVy","baseKeyType":1,"closed":-1,"used":1746645162486,"created":1746645162486,"remoteIdentityKey":"BcOvA7TYcI3IHzLKrRIZD5SdVgfQvNjlt9HgmZQdTPN+"},"_chains":{"BRLgZj4s0sSq1MVgv3BPO5VnS8YAYaIphPmsf3WhZQh0":{"chainKey":{"counter":0,"key":"ZQjcoiOnint9qMUeR6Oyffvh1nV0J6/MBXdJdsJLi/8="},"chainType":1,"messageKeys":{}}},"pendingPreKey":{"signedKeyId":7,"baseKey":"Bfch7h18byx0/G/shWdbdOA9WOjq2ssYenTIMB58HbVy","preKeyId":2554634}}},"version":"v1"}