{"_sessions":{"BTOrqMQaVAQpf6dIaL8x1NE7bfwrp3fn6V9zXQL9F5Mo":{"registrationId":116095178,"currentRatchet":{"ephemeralKeyPair":{"pubKey":"Bf8BxSj8HANQBMu8aMbtx7nwuP1zIPv0C75BMKw61uh4","privKey":"qFbdulaDIiDlZC3md246z1VpmsoWr6ZH8FRE8OMUPHU="},"lastRemoteEphemeralKey":"Ba6DTB797TcW39EQgYFSONAVjJlib3QGx+qx3j9YZSFk","previousCounter":0,"rootKey":"+zsHnnWHeeepGNY7RaPsqK5lGMiju+MwcJgA/K4eGlo="},"indexInfo":{"baseKey":"BTOrqMQaVAQpf6dIaL8x1NE7bfwrp3fn6V9zXQL9F5Mo","baseKeyType":1,"closed":-1,"used":1746645070090,"created":1746645070090,"remoteIdentityKey":"BX6rxXX3D0eE85lD+lA+riayAnhgd7kmIyFUuamAWX09"},"_chains":{"Bf8BxSj8HANQBMu8aMbtx7nwuP1zIPv0C75BMKw61uh4":{"chainKey":{"counter":0,"key":"8MCd2F7gFkHX/9uVcnCAV7kclzzOXvEih4OzZkmkBEw="},"chainType":1,"messageKeys":{}}},"pendingPreKey":{"signedKeyId":10451265,"baseKey":"BTOrqMQaVAQpf6dIaL8x1NE7bfwrp3fn6V9zXQL9F5Mo"}}},"version":"v1"}