{"_sessions":{"BXuyHZVreUwMNJjfg/mBonrJ8rC69M/J7B9K6umsQDJh":{"registrationId":4573,"currentRatchet":{"ephemeralKeyPair":{"pubKey":"BTONn+FtJltSr4zriJfd+eUmX0KHIYvb8vFO7B+/iXVt","privKey":"YChudz27EGvD6/vFr3H8sVoe7GElZeRz8cg2fTyqh3U="},"lastRemoteEphemeralKey":"Bd3SQiBIIdOSVk0+xfdvME7baInNM8Wf4e1diA0DqJJ6","previousCounter":0,"rootKey":"PtfiQ5O9KNNRxDmPrY5G+LYPMwtPXvRC2sSq4DCjC+o="},"indexInfo":{"baseKey":"BXuyHZVreUwMNJjfg/mBonrJ8rC69M/J7B9K6umsQDJh","baseKeyType":1,"closed":-1,"used":1746644956468,"created":1746644956468,"remoteIdentityKey":"BaZLm+QLyScpRDsoWWfWfNQ1ulBvGjaA5ODD5Lp120F8"},"_chains":{"BTONn+FtJltSr4zriJfd+eUmX0KHIYvb8vFO7B+/iXVt":{"chainKey":{"counter":1,"key":"YaSUyEmw1xqoA08QbSvR6bC5wVdT1KQUtBnAaFkZ8AI="},"chainType":1,"messageKeys":{}}},"pendingPreKey":{"signedKeyId":1,"baseKey":"BXuyHZVreUwMNJjfg/mBonrJ8rC69M/J7B9K6umsQDJh"}}},"version":"v1"}