{"_sessions":{"BUaJWPjdnrcFrlvSzus/8D7Ppiw+7kTzKa1Jv5oQRNVy":{"registrationId":981773373,"currentRatchet":{"ephemeralKeyPair":{"pubKey":"BSZYoni4As7eX2M5iecmy/bkLr969l7csKA1MRr86PpY","privKey":"+BNs8GOome1Y38NgHKuBni9HctqirBHv0VJCOotDAHg="},"lastRemoteEphemeralKey":"BaVZS+vMKl2Pg/23KNrmRDdTG4UmLwEBjEgC03fRgQcW","previousCounter":0,"rootKey":"XLEzh6KkivAcJXBdhvP0nBjQ7PBKYQSDyfMQGg8wNgY="},"indexInfo":{"baseKey":"BUaJWPjdnrcFrlvSzus/8D7Ppiw+7kTzKa1Jv5oQRNVy","baseKeyType":1,"closed":-1,"used":1746644956511,"created":1746644956511,"remoteIdentityKey":"BX9nwYBpM6dTz2LxZ52R5Lv/IcfsPapyeYWIU3QsUDlq"},"_chains":{"BSZYoni4As7eX2M5iecmy/bkLr969l7csKA1MRr86PpY":{"chainKey":{"counter":1,"key":"LOdMa2i2a0gb10SoyO/mhsOb4YSbNTOSvUBPlX1OHJY="},"chainType":1,"messageKeys":{}}},"pendingPreKey":{"signedKeyId":2,"baseKey":"BUaJWPjdnrcFrlvSzus/8D7Ppiw+7kTzKa1Jv5oQRNVy","preKeyId":6909}}},"version":"v1"}