{"_sessions":{"BbtNWDwvlUBOym449MjPmeiH4Vx5hTE1A4NQtAQhtoYg":{"registrationId":1248159473,"currentRatchet":{"ephemeralKeyPair":{"pubKey":"BSYaaVuKWYFsp8ObLi0FJdXGY2A8nmeWxFLDwV7ElG0q","privKey":"IHGmEJhxtDVYGevjCe5sWDyHicq4Im0JjPM7INKqwUE="},"lastRemoteEphemeralKey":"BWuGpdKw4w/DYYwBrFsPn2QmjkyPRc4CWuXI0bl3xLRN","previousCounter":0,"rootKey":"nIgLXkFzvU+lZWErHd13MKpyeq6QRYSM4ZJQ6aa4sqs="},"indexInfo":{"baseKey":"BbtNWDwvlUBOym449MjPmeiH4Vx5hTE1A4NQtAQhtoYg","baseKeyType":1,"closed":1746627386465,"used":1746627365812,"created":1746627365812,"remoteIdentityKey":"BWeDEPYVsMVQAQ6dl25A/Yj3xiBRkgzb9asHqPpYfhlA"},"_chains":{"BSYaaVuKWYFsp8ObLi0FJdXGY2A8nmeWxFLDwV7ElG0q":{"chainKey":{"counter":0,"key":"teT84KRE62tUayjEDUE/WoE4k4eMxWFQd+y7HbAcNag="},"chainType":1,"messageKeys":{}}},"pendingPreKey":{"signedKeyId":1,"baseKey":"BbtNWDwvlUBOym449MjPmeiH4Vx5hTE1A4NQtAQhtoYg","preKeyId":8209927}},"BXm12os8053+MH2FdHAKzEjKyW0y13h+3M21sfgB1itF":{"registrationId":1248159473,"currentRatchet":{"ephemeralKeyPair":{"pubKey":"BUUIzTZhcepApkXfSHcHjG1v5AXDJTyIuG240Vg7wxxG","privKey":"8Pg/aU4FxpowPRiv5iAGg6DQV42U4f2uU2EzfrFgSWg="},"lastRemoteEphemeralKey":"BWuGpdKw4w/DYYwBrFsPn2QmjkyPRc4CWuXI0bl3xLRN","previousCounter":0,"rootKey":"UPHBYu72WJ3vkRA5H+xqoxJgDvLItr8oSkU6i8w7dgg="},"indexInfo":{"baseKey":"BXm12os8053+MH2FdHAKzEjKyW0y13h+3M21sfgB1itF","baseKeyType":1,"closed":1746627408704,"used":1746627385880,"created":1746627385880,"remoteIdentityKey":"BWeDEPYVsMVQAQ6dl25A/Yj3xiBRkgzb9asHqPpYfhlA"},"_chains":{"BUUIzTZhcepApkXfSHcHjG1v5AXDJTyIuG240Vg7wxxG":{"chainKey":{"counter":0,"key":"n1Cc9hAkI4NDPLkXKYBjslJZRtt9zJn5Q5FOemthciA="},"chainType":1,"messageKeys":{}}},"pendingPreKey":{"signedKeyId":1,"baseKey":"BXm12os8053+MH2FdHAKzEjKyW0y13h+3M21sfgB1itF","preKeyId":8210158}},"BU1r38pKgWtDwQM6yY85Y4Qok3B7W8eX7aaPPZvhzsZs":{"registrationId":1248159473,"currentRatchet":{"ephemeralKeyPair":{"pubKey":"BWvEvVuUkR9RPCboIUkL+RDzf0rggu235mJFrD2YtQl0","privKey":"gFexdKzTUJMwHI61TWOibGvEDItFvBX3dk+N9n5a3lQ="},"lastRemoteEphemeralKey":"BWuGpdKw4w/DYYwBrFsPn2QmjkyPRc4CWuXI0bl3xLRN","previousCounter":0,"rootKey":"3/yteFIgsIXtU3Je4hlZ9/eVI5pFyB1zQGpSZJX4Zks="},"indexInfo":{"baseKey":"BU1r38pKgWtDwQM6yY85Y4Qok3B7W8eX7aaPPZvhzsZs","baseKeyType":1,"closed":-1,"used":1746627408247,"created":1746627408247,"remoteIdentityKey":"BWeDEPYVsMVQAQ6dl25A/Yj3xiBRkgzb9asHqPpYfhlA"},"_chains":{"BWvEvVuUkR9RPCboIUkL+RDzf0rggu235mJFrD2YtQl0":{"chainKey":{"counter":3,"key":"FcR1GsC/CTBNAoR/Leo6aXDQDDk9RtN+vR/f0JSV0U8="},"chainType":1,"messageKeys":{}}},"pendingPreKey":{"signedKeyId":1,"baseKey":"BU1r38pKgWtDwQM6yY85Y4Qok3B7W8eX7aaPPZvhzsZs","preKeyId":8209815}}},"version":"v1"}