{"_sessions":{"BRGAFkjtYotm6AtieBa3BwgpPlo24uTllua/7ux4n7sm":{"registrationId":1589718769,"currentRatchet":{"ephemeralKeyPair":{"pubKey":"BWnkhwq6EqpNewbwFdeGl/tFJsZaO6zpT5LwW+t8wyhF","privKey":"gDe08z4PHoxR0uoVtwOaeQHqtkqjjt/2Q7bZ2szWAV0="},"lastRemoteEphemeralKey":"BTC2y+QaOOexK8zBNw6jtS99QZsZ+O2BKowtRGsh2TMK","previousCounter":0,"rootKey":"fCGC/XarnHtiRVST5mEKRpviW7/nMl+oCm1j+4JPb0o="},"indexInfo":{"baseKey":"BRGAFkjtYotm6AtieBa3BwgpPlo24uTllua/7ux4n7sm","baseKeyType":1,"closed":-1,"used":1746645162398,"created":1746645162398,"remoteIdentityKey":"BYBUh69C7agRYevALuzOIx3FTaqAjUHNY+PhPdF1wnJp"},"_chains":{"BWnkhwq6EqpNewbwFdeGl/tFJsZaO6zpT5LwW+t8wyhF":{"chainKey":{"counter":0,"key":"johgI8wz6lz1Dy6GmiEOPxiuddA9VtP0sNnND2oTVE0="},"chainType":1,"messageKeys":{}}},"pendingPreKey":{"signedKeyId":0,"baseKey":"BRGAFkjtYotm6AtieBa3BwgpPlo24uTllua/7ux4n7sm","preKeyId":538384}}},"version":"v1"}