{"_sessions":{"BTlQ43PBmxYwxhY/cs/AtdQmDnyddHLSpfVSE+wJXcEa":{"registrationId":1448335979,"currentRatchet":{"ephemeralKeyPair":{"pubKey":"BcuwnU+WhfIGyk79q03RC+F+Hsur1LLQL6U+aIv4H6sA","privKey":"8Jn1ZDLnNqo3lLggOBcaZ7XKibxfeSSiFeSk7M0I3nQ="},"lastRemoteEphemeralKey":"BSsmdygTLpoyOEievVDT+Fx6ReGKRbvMn4/QfLqUOeIE","previousCounter":0,"rootKey":"OM4H2+SZk2tP8pLpb+TI6cUP4W5WXC1oAX4yBFab+D0="},"indexInfo":{"baseKey":"BTlQ43PBmxYwxhY/cs/AtdQmDnyddHLSpfVSE+wJXcEa","baseKeyType":1,"closed":-1,"used":1746645162153,"created":1746645162153,"remoteIdentityKey":"BXP3LaHgaaCq7gPSgcqPDfRdIraBSBFxqoJph69KpbMO"},"_chains":{"BcuwnU+WhfIGyk79q03RC+F+Hsur1LLQL6U+aIv4H6sA":{"chainKey":{"counter":0,"key":"TKvT1HQVCwwyobv65PdEsdHzWJish8Yp0X9NG40sI1I="},"chainType":1,"messageKeys":{}}},"pendingPreKey":{"signedKeyId":8,"baseKey":"BTlQ43PBmxYwxhY/cs/AtdQmDnyddHLSpfVSE+wJXcEa","preKeyId":3787379}}},"version":"v1"}