{"_sessions":{"BXpnKpLO9x+tF0SJFfb2JPqCiJMN1w+3sh+xraE5uXUJ":{"registrationId":316184716,"currentRatchet":{"ephemeralKeyPair":{"pubKey":"BfznBj10rcj8xL8KLRvfVEhkct7HeXIRL+NL3JIuRwEf","privKey":"qHrf+qrmnk/W48EwWmqT+8akKonSxm4/E1HHRshJHXY="},"lastRemoteEphemeralKey":"BarZgXcVJXhiAF75S+Ave+7B28bZabsgcykxImknT5ge","previousCounter":0,"rootKey":"1YrmCd1mputeIv/skAUv2jPBs/ODNy2hQSJoi7zFUiU="},"indexInfo":{"baseKey":"BXpnKpLO9x+tF0SJFfb2JPqCiJMN1w+3sh+xraE5uXUJ","baseKeyType":1,"closed":-1,"used":1746612488625,"created":1746612488625,"remoteIdentityKey":"BTgrEUkfpc4+WZ7X/3R4vdYlBggYbMsPuZs3gbleQoMB"},"_chains":{"BfznBj10rcj8xL8KLRvfVEhkct7HeXIRL+NL3JIuRwEf":{"chainKey":{"counter":4,"key":"205YIryHJojJOTemPrZ+a4fE74wItF6HauPhdF3+WmI="},"chainType":1,"messageKeys":{}}},"pendingPreKey":{"signedKeyId":7,"baseKey":"BXpnKpLO9x+tF0SJFfb2JPqCiJMN1w+3sh+xraE5uXUJ","preKeyId":940372}}},"version":"v1"}