{"_sessions":{"Bduowf4qMebCe5jxzza8WROSM26UwelFtS2I7A6Tb9N+":{"registrationId":205235038,"currentRatchet":{"ephemeralKeyPair":{"pubKey":"BQiyl9syTTBQhC5smv1UknbI085a0iprroTSHKg4mo0K","privKey":"cMc7gtnWWGM0lsrqVoQpuUFCyf7y75Lmxpmpam4h218="},"lastRemoteEphemeralKey":"BT0d1GR60pe2g6cQFAIGJfkanG4rGIZwPdII1bvFl35g","previousCounter":0,"rootKey":"+Kkm9p2lTytxtNzkKPzConfEKOBDPeg3x2T5hXXfelM="},"indexInfo":{"baseKey":"Bduowf4qMebCe5jxzza8WROSM26UwelFtS2I7A6Tb9N+","baseKeyType":1,"closed":-1,"used":1746645162408,"created":1746645162408,"remoteIdentityKey":"BYt4Qbx7BEH7Gab5WMdatMFZRDW69LzjH6iqpzbSGYdL"},"_chains":{"BQiyl9syTTBQhC5smv1UknbI085a0iprroTSHKg4mo0K":{"chainKey":{"counter":0,"key":"IQhIXQlb/xFY4WT24mJHoNTA0MT7S51Knbb8lAZ+2OA="},"chainType":1,"messageKeys":{}}},"pendingPreKey":{"signedKeyId":2,"baseKey":"Bduowf4qMebCe5jxzza8WROSM26UwelFtS2I7A6Tb9N+","preKeyId":6708165}}},"version":"v1"}