{"_sessions":{"BQBILEulUyfu+9D8qNY+pO5iqrts7V3RLbe1OtezciBy":{"registrationId":221843213,"currentRatchet":{"ephemeralKeyPair":{"pubKey":"BXinsviXaNFhkJOS0JZm/5OSJOZe7o3JuHbSDoGt/ng6","privKey":"8NhPWmn774QaO54Cdf7YYaiFfDR8YOzhyvXaE6cOtVA="},"lastRemoteEphemeralKey":"BQPQdVoPcdV8HcDNkMn0AfLD/eLP8wLC5E22adRrsQo6","previousCounter":0,"rootKey":"Np/Ie/iYbWA0bnlM+IvigHaTiUTYVc1GVTeiyqozqtk="},"indexInfo":{"baseKey":"BQBILEulUyfu+9D8qNY+pO5iqrts7V3RLbe1OtezciBy","baseKeyType":1,"closed":-1,"used":1746644960109,"created":1746644960109,"remoteIdentityKey":"BTpLTRlKVeDc9/kqWVF2L00rPBjw0xbZI3UWK0PvvxJ6"},"_chains":{"BXinsviXaNFhkJOS0JZm/5OSJOZe7o3JuHbSDoGt/ng6":{"chainKey":{"counter":1,"key":"tAwVG2bNCqZFt01e03TZwe1Eq04T02uQ5YngWRv4X5o="},"chainType":1,"messageKeys":{}}},"pendingPreKey":{"signedKeyId":3949684,"baseKey":"BQBILEulUyfu+9D8qNY+pO5iqrts7V3RLbe1OtezciBy","preKeyId":48775}}},"version":"v1"}