{"_sessions":{"BWYvFrCDPwEpLyEvxfdNKBqx46IdQ/QXAmf4dtw9/4M7":{"registrationId":447822400,"currentRatchet":{"ephemeralKeyPair":{"pubKey":"BUh2Ja9eSEKnnp270hYL5wHm+iHncpJG1isaptH7NsAN","privKey":"sINJWqJMKU0uDOUMTfwVwa57HgIUnbSyXd2EatKktn8="},"lastRemoteEphemeralKey":"BYsgeqURY1gIq5ybQXmqPRpDSYIGY4RYbXpA4TIyhXQD","previousCounter":0,"rootKey":"0/2LTXkiNGz9cwQO+AA7qs1Ocx2x6LtWRcRoq5xUKJ8="},"indexInfo":{"baseKey":"BWYvFrCDPwEpLyEvxfdNKBqx46IdQ/QXAmf4dtw9/4M7","baseKeyType":1,"closed":-1,"used":1746645162562,"created":1746645162562,"remoteIdentityKey":"BX1XspLFLsNPZ9fEtD3yhTInuOOiGPtzqTpLExWwEqcW"},"_chains":{"BUh2Ja9eSEKnnp270hYL5wHm+iHncpJG1isaptH7NsAN":{"chainKey":{"counter":0,"key":"d/Of3gZygUhZfIoaFWKdxibQerdajk+94NBIlMFgqSg="},"chainType":1,"messageKeys":{}}},"pendingPreKey":{"signedKeyId":1,"baseKey":"BWYvFrCDPwEpLyEvxfdNKBqx46IdQ/QXAmf4dtw9/4M7","preKeyId":10246833}}},"version":"v1"}