{"_sessions":{"BYnvoIKpLUrU0g6yDs7Z6BorEshe/uq1tPNeR80r/D4b":{"registrationId":788370637,"currentRatchet":{"ephemeralKeyPair":{"pubKey":"BXfdfEKVMirMV4XVbdHkAeIVXSyqgyGnWn0Z9xuvYuk+","privKey":"uMGpC/t0WNkD89+mUv+DOobki6SDu/px2lZLk+pu004="},"lastRemoteEphemeralKey":"BYJdbp3xQmP+xznLcpQOw2xE4M8z7AAFQFu5l6YDEnMK","previousCounter":0,"rootKey":"JZcqUIchmV7b3Qdiu3MyUvbdDX0a97rgKuexmmzwS34="},"indexInfo":{"baseKey":"BYnvoIKpLUrU0g6yDs7Z6BorEshe/uq1tPNeR80r/D4b","baseKeyType":1,"closed":-1,"used":1746612488752,"created":1746612488752,"remoteIdentityKey":"BbhAzrUOu43vYOHpIzNfNICqk/pqKqJj78r97gfxz1QF"},"_chains":{"BXfdfEKVMirMV4XVbdHkAeIVXSyqgyGnWn0Z9xuvYuk+":{"chainKey":{"counter":4,"key":"0DKPZAiJya0vZEXYXUKYfc3KWYcYAP9VpsixxRrcMU0="},"chainType":1,"messageKeys":{}}},"pendingPreKey":{"signedKeyId":3,"baseKey":"BYnvoIKpLUrU0g6yDs7Z6BorEshe/uq1tPNeR80r/D4b","preKeyId":7615161}}},"version":"v1"}