{"_sessions":{"BY45u2pGdM6rDnhxNFFLYiEMW/aEm5dnDyBHJMzX5WdC":{"registrationId":1465660741,"currentRatchet":{"ephemeralKeyPair":{"pubKey":"BeG8s8m4Rgl96GdiJr90wg2cOENdale9ZDI6+TQW8uJ8","privKey":"+JiKW/XSjV6i2tAIP8o/OqdRATOpcpsSdpWnIjRkaWo="},"lastRemoteEphemeralKey":"BbpqXj5efBIyGaU+qiEu81737/QpuLMn+pcwObEXevdi","previousCounter":0,"rootKey":"xaGjRBTpmdOzrs6ily3GCPgEJUOx/JVmd/pdaiRxtnU="},"indexInfo":{"baseKey":"BY45u2pGdM6rDnhxNFFLYiEMW/aEm5dnDyBHJMzX5WdC","baseKeyType":1,"closed":-1,"used":1746644960265,"created":1746644960265,"remoteIdentityKey":"BXqX/I7l6FqjVXig1MTsuk5nB4WiheQ9QHhHi86V7Nc8"},"_chains":{"BeG8s8m4Rgl96GdiJr90wg2cOENdale9ZDI6+TQW8uJ8":{"chainKey":{"counter":1,"key":"UKhYgrJ4xrG1YXv1W8Qfr9nvgzrfjRSmW0XVYogmivc="},"chainType":1,"messageKeys":{}}},"pendingPreKey":{"signedKeyId":14,"baseKey":"BY45u2pGdM6rDnhxNFFLYiEMW/aEm5dnDyBHJMzX5WdC","preKeyId":7898291}}},"version":"v1"}