{"_sessions":{"BenmaQLLOjGeNaPLtt+fDNuCh4Ap+xcyCyoc6FQiGXoQ":{"registrationId":779335597,"currentRatchet":{"ephemeralKeyPair":{"pubKey":"BXK9072YMhK0zVDzkM/mLTUtCESm4xP6170XufKnG4E+","privKey":"oFDpkJ99AXul5SlEt1SLCwx3/6TwqHvXNkv9296aBkA="},"lastRemoteEphemeralKey":"BeTNplBDMyWvohkLHIsrUuV5JQRxRNTgNlSD0bbkcJFe","previousCounter":0,"rootKey":"+A7+YxJbCPtYiSYPmM1ZcsURcz8Rh9JNgjGn2EW1T2M="},"indexInfo":{"baseKey":"BenmaQLLOjGeNaPLtt+fDNuCh4Ap+xcyCyoc6FQiGXoQ","baseKeyType":1,"closed":-1,"used":1746645166071,"created":1746645166071,"remoteIdentityKey":"BfH/BNtNZs3Z0LCmoQAwppNlSsk7KZHX+O/UqRS2x0w2"},"_chains":{"BXK9072YMhK0zVDzkM/mLTUtCESm4xP6170XufKnG4E+":{"chainKey":{"counter":0,"key":"yqMbCp/efhol54tMrQnSItF3rEu5jJr72Zr5p+Nz85E="},"chainType":1,"messageKeys":{}}},"pendingPreKey":{"signedKeyId":1,"baseKey":"BenmaQLLOjGeNaPLtt+fDNuCh4Ap+xcyCyoc6FQiGXoQ","preKeyId":16407140}}},"version":"v1"}