{"_sessions":{"BUtyDOrCvph4FGWVJR857ryF3VF0MLZPLj7FRbdAWLYR":{"registrationId":810405512,"currentRatchet":{"ephemeralKeyPair":{"pubKey":"BWvqv825a2+3gcupxxC/B796BbGcf7hpLpqH61ppsikI","privKey":"sBNoe7t5WOpWSa1T8v+GwliYCRhyw1B/sPur8cQhrGo="},"lastRemoteEphemeralKey":"Ba3DovbgsmhZHU1ICoHZyE3i/QUT3JlJWR/Yi+XwHUwa","previousCounter":0,"rootKey":"T7mrF91TXuj79i9043oUVrlPDTPpruqYc4qEy1xiZec="},"indexInfo":{"baseKey":"BUtyDOrCvph4FGWVJR857ryF3VF0MLZPLj7FRbdAWLYR","baseKeyType":1,"closed":-1,"used":1746645162590,"created":1746645162590,"remoteIdentityKey":"BSCOQBBhQKtJqFpOyGKE+PO7HvELo521jA/sfWiYEMFH"},"_chains":{"BWvqv825a2+3gcupxxC/B796BbGcf7hpLpqH61ppsikI":{"chainKey":{"counter":0,"key":"p4g+gITqsOsndcrIN3981Ep0Qbw/ZLK1j6ok38uCTSI="},"chainType":1,"messageKeys":{}}},"pendingPreKey":{"signedKeyId":0,"baseKey":"BUtyDOrCvph4FGWVJR857ryF3VF0MLZPLj7FRbdAWLYR","preKeyId":4897747}}},"version":"v1"}