{"_sessions":{"BXSZvieOCgSGD1DqjScZUAFFfAejGXYRVuTi+QFffcZU":{"registrationId":680257752,"currentRatchet":{"ephemeralKeyPair":{"pubKey":"BSgFxkpDuWdVOMYhIqvi5tPdgt49mOM4Yt0zI4a7j5oy","privKey":"MCeg+ZoP1re1k9e/nCbsrcnxU3vNpVr+w8nCV7qmw0Y="},"lastRemoteEphemeralKey":"BckHQ2deyR3xd3jTpAArA1DJzfUWQleZgVr8PPaoeQhh","previousCounter":0,"rootKey":"IOxEWwQcUeolxZq99z5RRLhB3gSB6RurAzBy3xGF+Kg="},"indexInfo":{"baseKey":"BXSZvieOCgSGD1DqjScZUAFFfAejGXYRVuTi+QFffcZU","baseKeyType":1,"closed":1746627386559,"used":1746627366149,"created":1746627366149,"remoteIdentityKey":"Bb//zrrC11r6WdMe+/yOYh7pB+ry1ADdIxqkQ/l2dvcC"},"_chains":{"BSgFxkpDuWdVOMYhIqvi5tPdgt49mOM4Yt0zI4a7j5oy":{"chainKey":{"counter":0,"key":"mF9UZpQYRg1O/uCoPA7PP1QEeCGtDdCpiTmYDkFgdEE="},"chainType":1,"messageKeys":{}}},"pendingPreKey":{"signedKeyId":1436953,"baseKey":"BXSZvieOCgSGD1DqjScZUAFFfAejGXYRVuTi+QFffcZU","preKeyId":37493}},"BQlZ4joO0O/AmxNsAb4GIGp5FR4713V/y9Y3e06KaS5X":{"registrationId":680257752,"currentRatchet":{"ephemeralKeyPair":{"pubKey":"BVFi7HiE1o4v7qLuNLmiZA/sOcMcYddEwuM9Ptwpuatc","privKey":"OIhRz0Hpb3PYe/kON36aKdasIv29vteyuxLHwuo6Wkw="},"lastRemoteEphemeralKey":"BckHQ2deyR3xd3jTpAArA1DJzfUWQleZgVr8PPaoeQhh","previousCounter":0,"rootKey":"UQXcpSK/T9z7fQvirqpFmUYNx1XecRWOOUmPwmkYwAs="},"indexInfo":{"baseKey":"BQlZ4joO0O/AmxNsAb4GIGp5FR4713V/y9Y3e06KaS5X","baseKeyType":1,"closed":1746627408773,"used":1746627386256,"created":1746627386256,"remoteIdentityKey":"Bb//zrrC11r6WdMe+/yOYh7pB+ry1ADdIxqkQ/l2dvcC"},"_chains":{"BVFi7HiE1o4v7qLuNLmiZA/sOcMcYddEwuM9Ptwpuatc":{"chainKey":{"counter":0,"key":"6QOnPZnYjGk3cJpi79BlFH1gNNKJ3mD24yiyryANF/U="},"chainType":1,"messageKeys":{}}},"pendingPreKey":{"signedKeyId":1436953,"baseKey":"BQlZ4joO0O/AmxNsAb4GIGp5FR4713V/y9Y3e06KaS5X","preKeyId":37450}},"BadwhjsUaYRH6Qhv7Yp1mIK9Zz/iuuUJqofHybvrHcot":{"registrationId":680257752,"currentRatchet":{"ephemeralKeyPair":{"pubKey":"BX9s3OIBLFvbzb9FwmYx6iuhxOdO0KbeTfc2p1JYmUdi","privKey":"CPczEm1dgf6hHc3fwLgbdH4HjeVIF3HquOYsTAKoE04="},"lastRemoteEphemeralKey":"BckHQ2deyR3xd3jTpAArA1DJzfUWQleZgVr8PPaoeQhh","previousCounter":0,"rootKey":"NCwnNwP1YyOVB0HFEctiqwJ1+YD2QIqULmTlopsIRm8="},"indexInfo":{"baseKey":"BadwhjsUaYRH6Qhv7Yp1mIK9Zz/iuuUJqofHybvrHcot","baseKeyType":1,"closed":-1,"used":1746627408555,"created":1746627408555,"remoteIdentityKey":"Bb//zrrC11r6WdMe+/yOYh7pB+ry1ADdIxqkQ/l2dvcC"},"_chains":{"BX9s3OIBLFvbzb9FwmYx6iuhxOdO0KbeTfc2p1JYmUdi":{"chainKey":{"counter":3,"key":"XKQFTud3Xu2kS4LBaYaqZN4XHB+OPAxfvWSMbl0HCQ0="},"chainType":1,"messageKeys":{}}},"pendingPreKey":{"signedKeyId":1436953,"baseKey":"BadwhjsUaYRH6Qhv7Yp1mIK9Zz/iuuUJqofHybvrHcot","preKeyId":38011}}},"version":"v1"}