{"_sessions":{"BWU2lfGXYOM3om2AHL9e0iT27HVrvfyP1piFcoZ8KikC":{"registrationId":357775075,"currentRatchet":{"ephemeralKeyPair":{"pubKey":"BZ6PNG2V7Wd7+NDEVqIfX399XzFijHmKAZ3Qo/HU85Ej","privKey":"WG7zbG/XpQ0BIzk5/jIOzJahsZTCUOH+Y+y7BZS/EWY="},"lastRemoteEphemeralKey":"Ba3ESmUPJXkjT7czJan3KqSkDVjGVPx6EtEGaNxyUStm","previousCounter":0,"rootKey":"tZp4eSTkV2iLaH8GdddMVHQ3ZiD00l8hE2kYDlmV3eE="},"indexInfo":{"baseKey":"BWU2lfGXYOM3om2AHL9e0iT27HVrvfyP1piFcoZ8KikC","baseKeyType":1,"closed":-1,"used":1746627450163,"created":1746627450163,"remoteIdentityKey":"BfQeKM8AIiCaEV6Kxjbhbn3uhwp5y6J7v9xodOMqzXlV"},"_chains":{"BZ6PNG2V7Wd7+NDEVqIfX399XzFijHmKAZ3Qo/HU85Ej":{"chainKey":{"counter":0,"key":"+RzGNUQPV1qVZbyVahbujQkoWUiZR+BYcgE4WkpM+1A="},"chainType":1,"messageKeys":{}}},"pendingPreKey":{"signedKeyId":1,"baseKey":"BWU2lfGXYOM3om2AHL9e0iT27HVrvfyP1piFcoZ8KikC","preKeyId":5791018}}},"version":"v1"}