{"_sessions":{"BSM10NVXh7jUFoI2BYZsR6nijQtfgXwhW3dqx8zl26Iu":{"registrationId":908368522,"currentRatchet":{"ephemeralKeyPair":{"pubKey":"BYAlrnkO1472WWaB4SPjye9IhDmdpjhSdsAbrQBjnAt1","privKey":"eL3O6U1sEGWCkWLsBCnri9hGGHpcX8OyqZWDGKTZLkI="},"lastRemoteEphemeralKey":"Bf0e3hV/LOWSYGCz2Sy2DqO0uOaJ+wY0xyheiyH60RwC","previousCounter":0,"rootKey":"ZnLQuLmW1plx6XvyYQ+tJp6r4JMRlKFOcP0S+oJXZf0="},"indexInfo":{"baseKey":"BSM10NVXh7jUFoI2BYZsR6nijQtfgXwhW3dqx8zl26Iu","baseKeyType":1,"closed":-1,"used":1746645158613,"created":1746645158613,"remoteIdentityKey":"BUZ/D0K6f3RTmq2/0zr1yqbACJCrMt/7VuTaSXYt1yJw"},"_chains":{"BYAlrnkO1472WWaB4SPjye9IhDmdpjhSdsAbrQBjnAt1":{"chainKey":{"counter":0,"key":"44efKwWL9+eOofKmsKGSWCdJ0T2oKQs0cQpWc3tyDxg="},"chainType":1,"messageKeys":{}}},"pendingPreKey":{"signedKeyId":11855040,"baseKey":"BSM10NVXh7jUFoI2BYZsR6nijQtfgXwhW3dqx8zl26Iu","preKeyId":2467}}},"version":"v1"}