{"_sessions":{"BZZfyOXTh6C95n+gY6zqGOFkWhE3elfCNRVNIg5B4lFa":{"registrationId":1357331074,"currentRatchet":{"ephemeralKeyPair":{"pubKey":"BeTXm+sbvHWJ12H9b2fhNHCGGpFmdT9IKH6N2AJlmKQR","privKey":"0LNIhGo6jBdmDIHU2a873Zsi+dGely75CeHt01CB5XE="},"lastRemoteEphemeralKey":"BWRsZgi3crC4C5LoVHkx1Fhh83D5uJq8vNhrTnENb2Ir","previousCounter":0,"rootKey":"CJrlOg5JUlLRF3kkZStPrkl43neBokqhVtXivK9BdHw="},"indexInfo":{"baseKey":"BZZfyOXTh6C95n+gY6zqGOFkWhE3elfCNRVNIg5B4lFa","baseKeyType":1,"closed":-1,"used":1746645162392,"created":1746645162392,"remoteIdentityKey":"BRZt/wzC/WhCZmFYt/AmO3xQzI0WWwWhnIm+fQDerCBs"},"_chains":{"BeTXm+sbvHWJ12H9b2fhNHCGGpFmdT9IKH6N2AJlmKQR":{"chainKey":{"counter":0,"key":"9ck5DI3OppBwCc20gqFsE3oywaO2n+eylubw3VhuSco="},"chainType":1,"messageKeys":{}}},"pendingPreKey":{"signedKeyId":5530751,"baseKey":"BZZfyOXTh6C95n+gY6zqGOFkWhE3elfCNRVNIg5B4lFa"}}},"version":"v1"}