{"_sessions":{"BSaNaLuyVrwRRin8mEs2GFjx6EOTq+VwLNVWz2aiDgwF":{"registrationId":2128021202,"currentRatchet":{"ephemeralKeyPair":{"pubKey":"BYTbcvn6LpjS6tOm5eNN8SdBfiAHs0gZOfKs0Sb4y8Iv","privKey":"mENLZR5H45B21PbXcDzfOZia0+rkGuYQTMhPBeXEPlk="},"lastRemoteEphemeralKey":"BdMaA3OdcI0zcAQtwt5hjiIPRQeGSLlh0tKZFc7zubZz","previousCounter":0,"rootKey":"9BEH6U+N26tvWVXjvsntO+Yj5V+TwHlYe43+4DgpDf8="},"indexInfo":{"baseKey":"BSaNaLuyVrwRRin8mEs2GFjx6EOTq+VwLNVWz2aiDgwF","baseKeyType":1,"closed":1746627386572,"used":1746627366181,"created":1746627366181,"remoteIdentityKey":"BS+SxAdFW7jGh8bwI+5opGvnlSQWmx60zyZMqdfLXuxq"},"_chains":{"BYTbcvn6LpjS6tOm5eNN8SdBfiAHs0gZOfKs0Sb4y8Iv":{"chainKey":{"counter":0,"key":"Rwxdf3zCqed6yRdYFMCgx2Bs17Co3HHToVeRHhaGdr0="},"chainType":1,"messageKeys":{}}},"pendingPreKey":{"signedKeyId":33,"baseKey":"BSaNaLuyVrwRRin8mEs2GFjx6EOTq+VwLNVWz2aiDgwF","preKeyId":13791273}},"BTX14M6aV7MCWraBRKRByaVHSPFxGtEgHSdMSIN3iypw":{"registrationId":2128021202,"currentRatchet":{"ephemeralKeyPair":{"pubKey":"Bc9OS23LSbYthcUi3EhCGsxSoe2nvMSwlCLCcXIIS8Fx","privKey":"UDlAVseoVYoCxOvyf9EtNxzDTrLtkn48slGf4U0Pd0w="},"lastRemoteEphemeralKey":"BdMaA3OdcI0zcAQtwt5hjiIPRQeGSLlh0tKZFc7zubZz","previousCounter":0,"rootKey":"7JKk3xQhrqH07C9ot+D27jo8i6avtpRRo+vA2iucyNk="},"indexInfo":{"baseKey":"BTX14M6aV7MCWraBRKRByaVHSPFxGtEgHSdMSIN3iypw","baseKeyType":1,"closed":1746627408780,"used":1746627386302,"created":1746627386302,"remoteIdentityKey":"BS+SxAdFW7jGh8bwI+5opGvnlSQWmx60zyZMqdfLXuxq"},"_chains":{"Bc9OS23LSbYthcUi3EhCGsxSoe2nvMSwlCLCcXIIS8Fx":{"chainKey":{"counter":0,"key":"FA0wWEA4rfbWZQZ9iRy+3Pl0+GjtKHaLBCUHs4NvDGU="},"chainType":1,"messageKeys":{}}},"pendingPreKey":{"signedKeyId":33,"baseKey":"BTX14M6aV7MCWraBRKRByaVHSPFxGtEgHSdMSIN3iypw","preKeyId":13791324}},"BQBSQMriaITvxJKIadkLsBYVEf1qorM3AVqGZ/KGo1NH":{"registrationId":2128021202,"currentRatchet":{"ephemeralKeyPair":{"pubKey":"BTAMdcQ+/n63InDr+397cqX4AnzLh0bKiaNF2yp0DL4x","privKey":"wECswxU6etuNDALV8BTVnVwjFkk4fbyNgrPOqEitaXE="},"lastRemoteEphemeralKey":"BdMaA3OdcI0zcAQtwt5hjiIPRQeGSLlh0tKZFc7zubZz","previousCounter":0,"rootKey":"c/fv8E9F4k1G/LggCQc4UjG/EwZGuLclRE/X2EU2Ay4="},"indexInfo":{"baseKey":"BQBSQMriaITvxJKIadkLsBYVEf1qorM3AVqGZ/KGo1NH","baseKeyType":1,"closed":-1,"used":1746627408590,"created":1746627408590,"remoteIdentityKey":"BS+SxAdFW7jGh8bwI+5opGvnlSQWmx60zyZMqdfLXuxq"},"_chains":{"BTAMdcQ+/n63InDr+397cqX4AnzLh0bKiaNF2yp0DL4x":{"chainKey":{"counter":3,"key":"qnJwGYPHtIGR6DsZIH14y8aj/4AIO+KCQxpRaKrWTew="},"chainType":1,"messageKeys":{}}},"pendingPreKey":{"signedKeyId":33,"baseKey":"BQBSQMriaITvxJKIadkLsBYVEf1qorM3AVqGZ/KGo1NH","preKeyId":13791456}}},"version":"v1"}