{"_sessions":{"BY+yFK0YA9VBYsSmB0RurBtGlUTh31la+VX027HoW9hn":{"registrationId":1528955266,"currentRatchet":{"ephemeralKeyPair":{"pubKey":"BZolWxVRweVSqMYcE7hycDpIqzlnboFjgAjtpQwth+hB","privKey":"gBauR0aVvrWRG+D+Jt748kHli4LSVUCvV3FPpSMYu3I="},"lastRemoteEphemeralKey":"BXa2/9zZIG0VO0G/6S5nE8S9QZJxl5CwcSEIYLdRDXNS","previousCounter":0,"rootKey":"O0SJrxj1SjeUAKgYt970aAczQ6kbQApULm5Ey4a4B5o="},"indexInfo":{"baseKey":"BY+yFK0YA9VBYsSmB0RurBtGlUTh31la+VX027HoW9hn","baseKeyType":1,"closed":1746627386416,"used":1746627365701,"created":1746627365701,"remoteIdentityKey":"BQBjq70tYXCa7q9SuFwZtTRzlflW7ys67osqtTUCRA9D"},"_chains":{"BZolWxVRweVSqMYcE7hycDpIqzlnboFjgAjtpQwth+hB":{"chainKey":{"counter":0,"key":"WhYqs05wiSoY7yn15c5K0lhXSE40Cbyshl9qdatiVws="},"chainType":1,"messageKeys":{}}},"pendingPreKey":{"signedKeyId":1,"baseKey":"BY+yFK0YA9VBYsSmB0RurBtGlUTh31la+VX027HoW9hn","preKeyId":15900578}},"BbZgCynqlYzzNoZY9ZlzZJ7fS44ImeRnwmslmOwnkUlj":{"registrationId":1528955266,"currentRatchet":{"ephemeralKeyPair":{"pubKey":"BU7apPXeuerGDWlUIJNMSfLWC5Vv/HUcIlAbsNK+ycAZ","privKey":"iOdPDlJFAtkWLiGWhJAtsO+HPS8l4//YVbhR4ixHfnM="},"lastRemoteEphemeralKey":"BXa2/9zZIG0VO0G/6S5nE8S9QZJxl5CwcSEIYLdRDXNS","previousCounter":0,"rootKey":"pckMixU9PQ+XLbv0JSn16Xj/3luFAWtKYhUJ7rvFRME="},"indexInfo":{"baseKey":"BbZgCynqlYzzNoZY9ZlzZJ7fS44ImeRnwmslmOwnkUlj","baseKeyType":1,"closed":1746627408668,"used":1746627385760,"created":1746627385760,"remoteIdentityKey":"BQBjq70tYXCa7q9SuFwZtTRzlflW7ys67osqtTUCRA9D"},"_chains":{"BU7apPXeuerGDWlUIJNMSfLWC5Vv/HUcIlAbsNK+ycAZ":{"chainKey":{"counter":0,"key":"rx29YBV9DxS5XHXhCFhepAD4hM/HbS8jnn82h3Ay2zM="},"chainType":1,"messageKeys":{}}},"pendingPreKey":{"signedKeyId":1,"baseKey":"BbZgCynqlYzzNoZY9ZlzZJ7fS44ImeRnwmslmOwnkUlj","preKeyId":15901328}},"BaTbCf7RrSUxSPhtsftIoy9QupuDZBIKVgpLFpcjJYxT":{"registrationId":1528955266,"currentRatchet":{"ephemeralKeyPair":{"pubKey":"BaLY5Je8mQ2AtgA5zYuDAsujrOyIELIcc5ePLlaE7xdZ","privKey":"eCDW80AMrEMuj3GkA9K/034M9JDngkhVkWQe5uYxKGU="},"lastRemoteEphemeralKey":"BXa2/9zZIG0VO0G/6S5nE8S9QZJxl5CwcSEIYLdRDXNS","previousCounter":0,"rootKey":"oW205jayHHTOAAIj2F2OhkKEnKveuoVLzKA7Psmxooo="},"indexInfo":{"baseKey":"BaTbCf7RrSUxSPhtsftIoy9QupuDZBIKVgpLFpcjJYxT","baseKeyType":1,"closed":-1,"used":1746627408136,"created":1746627408136,"remoteIdentityKey":"BQBjq70tYXCa7q9SuFwZtTRzlflW7ys67osqtTUCRA9D"},"_chains":{"BaLY5Je8mQ2AtgA5zYuDAsujrOyIELIcc5ePLlaE7xdZ":{"chainKey":{"counter":3,"key":"vEQBhrGd3VWPKu22Xry6xHS6MDN3vvrruVRc+1Pbews="},"chainType":1,"messageKeys":{}}},"pendingPreKey":{"signedKeyId":1,"baseKey":"BaTbCf7RrSUxSPhtsftIoy9QupuDZBIKVgpLFpcjJYxT","preKeyId":15901260}}},"version":"v1"}