{"_sessions":{"BWi2o3LkQA6UjvrfEyXfSYoyd9gVn3S3DhgFNFw2TmVX":{"registrationId":806082485,"currentRatchet":{"ephemeralKeyPair":{"pubKey":"BWRb4RuM7H/x7q4wjAQl1z/a5t2H6r2ccI09kZeHWjsI","privKey":"SDJ5d5ibqGpo1Ulkr6kcr71dU9bXY/DM+munbch9jEw="},"lastRemoteEphemeralKey":"BcNaYSxbYTvkMfFdd6dQM4MceWSs2dH5niAKmBRmT0V9","previousCounter":0,"rootKey":"CTqkUjpEHHbFgvs5Lj0fEBHKU7r9BaEai6GxSRLLIl8="},"indexInfo":{"baseKey":"BWi2o3LkQA6UjvrfEyXfSYoyd9gVn3S3DhgFNFw2TmVX","baseKeyType":1,"closed":-1,"used":1746639403371,"created":1746639403371,"remoteIdentityKey":"BYgbIQXRnoonZOUcLweY7FQ6cfc3oQbvmGuFCbt9+KdT"},"_chains":{"BWRb4RuM7H/x7q4wjAQl1z/a5t2H6r2ccI09kZeHWjsI":{"chainKey":{"counter":0,"key":"FRWS3p0kekoVET+aUFitaoC1MoVfXFn7pvMmzoGRTik="},"chainType":1,"messageKeys":{}}},"pendingPreKey":{"signedKeyId":5,"baseKey":"BWi2o3LkQA6UjvrfEyXfSYoyd9gVn3S3DhgFNFw2TmVX","preKeyId":3097956}}},"version":"v1"}