{"_sessions":{"BUzWZnpx/XFD2ht5KH9XSZU2aBlpDoK+PFY3cBBCr8AR":{"registrationId":816636795,"currentRatchet":{"ephemeralKeyPair":{"pubKey":"BS/6ZbFN8jf26/Oi3obgktNip4eK+3JMI0CJbDWFI+Bf","privKey":"uPMDtlObaxLwcKmaO67J7ue9ESNaa9wEZ7pmk+MJ6l4="},"lastRemoteEphemeralKey":"BUVEvCtOY16KLHiPQ5M13pxdBNCfTqf9+S9MPInOZ8AN","previousCounter":0,"rootKey":"iTfaA8cNNkjKV3WtgNlOP8JIKkhXj5br3+n8v5CxpC4="},"indexInfo":{"baseKey":"BUzWZnpx/XFD2ht5KH9XSZU2aBlpDoK+PFY3cBBCr8AR","baseKeyType":2,"closed":-1,"used":1746710814293,"created":1746710814293,"remoteIdentityKey":"BZPjLv6xoXz0dUh42SNl7nUpVK54lkswQt4YAtIAQsI/"},"_chains":{"BUVEvCtOY16KLHiPQ5M13pxdBNCfTqf9+S9MPInOZ8AN":{"chainKey":{"counter":2,"key":"QdU18FYDul05ejiA7rct54vUAtdeCdcLRU8D2CORnm4="},"chainType":2,"messageKeys":{}},"BS/6ZbFN8jf26/Oi3obgktNip4eK+3JMI0CJbDWFI+Bf":{"chainKey":{"counter":-1,"key":"2TbcMkx8UBHOvIsjdBT5CjfO//l24QToOJdaTJp4L94="},"chainType":1,"messageKeys":{}}}}},"version":"v1"}