{"_sessions":{"BTZnlJI9MVgnnZvXlro8/GwEmVSd2LXM4pdhlmT952l+":{"registrationId":730343378,"currentRatchet":{"ephemeralKeyPair":{"pubKey":"BVqyT3uteEdzAva7nnATouBOWgw0AveYlEyw4c7JddgC","privKey":"iHFUSjhj7FLJ8mVMaN2BiUv9BG3h4Hv2XMPGZiZQmGQ="},"lastRemoteEphemeralKey":"BQj1gBWNIsycjkV0ViwlFMflxF47T4BrmHG4QaoFhC9s","previousCounter":0,"rootKey":"vHSc6AxVCyYN/D45v7DrNmyzS2FqD4H1bks8E3I4qEc="},"indexInfo":{"baseKey":"BTZnlJI9MVgnnZvXlro8/GwEmVSd2LXM4pdhlmT952l+","baseKeyType":1,"closed":1746627386442,"used":1746627365770,"created":1746627365770,"remoteIdentityKey":"BeYq8lYC7fC/R2KTJbMsmFVIbs/JonITkX7Ku8YTY/hb"},"_chains":{"BVqyT3uteEdzAva7nnATouBOWgw0AveYlEyw4c7JddgC":{"chainKey":{"counter":0,"key":"FG5FAAnn7xPqnMnyLqWnAuaPZtpgv0yjtITQkwE2pTo="},"chainType":1,"messageKeys":{}}},"pendingPreKey":{"signedKeyId":13,"baseKey":"BTZnlJI9MVgnnZvXlro8/GwEmVSd2LXM4pdhlmT952l+","preKeyId":1699007}},"Ba1hPpri8BfO3pHjcSq0ofOPiSMOZgj+n6qu+qbYDh8K":{"registrationId":730343378,"currentRatchet":{"ephemeralKeyPair":{"pubKey":"BQf+EL3De8r87KAmZU5s6xBdtS3ShHBi0syD13Wwkltq","privKey":"EO/Ijw1bcuiiPSCDQeJ1UjM+yDL8N/LMV3kkvoXeE1o="},"lastRemoteEphemeralKey":"BQj1gBWNIsycjkV0ViwlFMflxF47T4BrmHG4QaoFhC9s","previousCounter":0,"rootKey":"fnd0v1TKLuLwWaJa583JqFNNWHKlpJE9uxcwLOAZgVs="},"indexInfo":{"baseKey":"Ba1hPpri8BfO3pHjcSq0ofOPiSMOZgj+n6qu+qbYDh8K","baseKeyType":1,"closed":1746627408694,"used":1746627385834,"created":1746627385834,"remoteIdentityKey":"BeYq8lYC7fC/R2KTJbMsmFVIbs/JonITkX7Ku8YTY/hb"},"_chains":{"BQf+EL3De8r87KAmZU5s6xBdtS3ShHBi0syD13Wwkltq":{"chainKey":{"counter":0,"key":"1d1+/+1OT53q5ssYUwn1lx9twq+YDbU1i42DhTitHFY="},"chainType":1,"messageKeys":{}}},"pendingPreKey":{"signedKeyId":13,"baseKey":"Ba1hPpri8BfO3pHjcSq0ofOPiSMOZgj+n6qu+qbYDh8K","preKeyId":1698974}},"Bc5o0mzvGFA4iIxmffGUpcaciszkbhtA5ROnN0XlkHIa":{"registrationId":730343378,"currentRatchet":{"ephemeralKeyPair":{"pubKey":"BQPDkTJEbcdsGL0duywTDRO/LvL4xaTDZRcosEnXd6we","privKey":"+MIZgtGjPkXc2ruBlXNc4LVta0NX/n7KgBZKP+G+WnU="},"lastRemoteEphemeralKey":"BQj1gBWNIsycjkV0ViwlFMflxF47T4BrmHG4QaoFhC9s","previousCounter":0,"rootKey":"LlcC/uhwhBjRKyVy4V4lH/MjL3Ao1V9ERBbVq2HlVEU="},"indexInfo":{"baseKey":"Bc5o0mzvGFA4iIxmffGUpcaciszkbhtA5ROnN0XlkHIa","baseKeyType":1,"closed":-1,"used":1746627408205,"created":1746627408205,"remoteIdentityKey":"BeYq8lYC7fC/R2KTJbMsmFVIbs/JonITkX7Ku8YTY/hb"},"_chains":{"BQPDkTJEbcdsGL0duywTDRO/LvL4xaTDZRcosEnXd6we":{"chainKey":{"counter":3,"key":"r2rqHuU32GvMTdzTlmfjH1cbcqjJNVqX/FonaQb1KBI="},"chainType":1,"messageKeys":{}}},"pendingPreKey":{"signedKeyId":13,"baseKey":"Bc5o0mzvGFA4iIxmffGUpcaciszkbhtA5ROnN0XlkHIa","preKeyId":1699084}}},"version":"v1"}