{"_sessions":{"BYsKsfzADdlV4zZ6eYo5OgB9V75sH6q+M16b5gCGnvor":{"registrationId":138,"currentRatchet":{"ephemeralKeyPair":{"pubKey":"Bcn/hO2pIYC2XB3w5gjksCGu1Y55Yp8RfRZ+4qsWgi11","privKey":"cFciYY8iKEGA+NzIFQuleZBLe0xEFKbpsZZ5UxQBDVk="},"lastRemoteEphemeralKey":"BU8i2BuIkyGGBifXEGkJZz6nNSDKMoeQfPhZikKbu15u","previousCounter":0,"rootKey":"fIu5t5OTMFGQmVnJoC5Yo1ms2Xk3/EMHvgvZpkeTnrk="},"indexInfo":{"baseKey":"BYsKsfzADdlV4zZ6eYo5OgB9V75sH6q+M16b5gCGnvor","baseKeyType":1,"closed":-1,"used":1746645069791,"created":1746645069791,"remoteIdentityKey":"BV9zmIQeUkJuXNARI2hQ8onoY6+KlMca393v1Ay//Y0c"},"_chains":{"Bcn/hO2pIYC2XB3w5gjksCGu1Y55Yp8RfRZ+4qsWgi11":{"chainKey":{"counter":0,"key":"vOcmRV/8IS/LLZq7Pa7m9+2gnR+7DN/d2ogdSo7npFM="},"chainType":1,"messageKeys":{}}},"pendingPreKey":{"signedKeyId":1,"baseKey":"BYsKsfzADdlV4zZ6eYo5OgB9V75sH6q+M16b5gCGnvor"}}},"version":"v1"}