{"_sessions":{"BTRu4N76WunA7XZu1y/qPqNusk7VPioL4rtAoGOElC5m":{"registrationId":1121117324,"currentRatchet":{"ephemeralKeyPair":{"pubKey":"BUhdnwKr1fUw7oi/YPJB+vtW698RiVDmRivcNh4d4ZgM","privKey":"kE0SukeljxRIboyB6BYlll0ErCjI5wl23XS9lc27j1Q="},"lastRemoteEphemeralKey":"BQYVsKNopXsOJyu2/D4U+ITh10NqpMq3kKlcQrbxTv1j","previousCounter":0,"rootKey":"Ttp7ujBRHkUTsQfZjVRw2g+3SjxAzRcjjlw9U1YHcH4="},"indexInfo":{"baseKey":"BTRu4N76WunA7XZu1y/qPqNusk7VPioL4rtAoGOElC5m","baseKeyType":1,"closed":-1,"used":1746645158752,"created":1746645158752,"remoteIdentityKey":"BT1nlbju1e7Q4BMFGCwXVVJoI/nK+FyQp4KO1ALcYzgT"},"_chains":{"BUhdnwKr1fUw7oi/YPJB+vtW698RiVDmRivcNh4d4ZgM":{"chainKey":{"counter":0,"key":"7rYa1OXGA7NG7WpG1OEpc8+C1c54M55iHRa2/HjNdBM="},"chainType":1,"messageKeys":{}}},"pendingPreKey":{"signedKeyId":4706262,"baseKey":"BTRu4N76WunA7XZu1y/qPqNusk7VPioL4rtAoGOElC5m","preKeyId":8670}}},"version":"v1"}