{"_sessions":{"BbKffnyW92lVPNLzbP/3uoXPDgDXZ0fjNbGnMIFjlTFV":{"registrationId":38517482,"currentRatchet":{"ephemeralKeyPair":{"pubKey":"BdxMk4BoHfbBMIy78oFwQBHF+8+fhiMJ/YO2KN63gCQR","privKey":"GEROPd1nIhqAiwILMqq66hH4BeadSaXIH5rK8i3qm1M="},"lastRemoteEphemeralKey":"BalKdeNH9mZQLEdnJOQECwHXRx4ClI0hVjQK3i7hjEMD","previousCounter":0,"rootKey":"ssiB/qQw3KKbxumLcxHuZZbntmP3eXBBOz1+Ns9JLoA="},"indexInfo":{"baseKey":"BbKffnyW92lVPNLzbP/3uoXPDgDXZ0fjNbGnMIFjlTFV","baseKeyType":1,"closed":1746627386477,"used":1746627365856,"created":1746627365856,"remoteIdentityKey":"BQwb7D7F0t2oHM46HcGrKKvtD71K8N5arUqrdzz6COtM"},"_chains":{"BdxMk4BoHfbBMIy78oFwQBHF+8+fhiMJ/YO2KN63gCQR":{"chainKey":{"counter":0,"key":"CF1qWktO9lISO68MatnVQmFiHkhrDsTs+uCcOjTb1BI="},"chainType":1,"messageKeys":{}}},"pendingPreKey":{"signedKeyId":9,"baseKey":"BbKffnyW92lVPNLzbP/3uoXPDgDXZ0fjNbGnMIFjlTFV","preKeyId":10467154}},"BQ4WGThSYN6PrtYm/incVrbHld739fqgbgH2xbreDOtO":{"registrationId":38517482,"currentRatchet":{"ephemeralKeyPair":{"pubKey":"Bauj4SyoQt89ySHM9YBjun9uggCLqb1EO/cF15a9cMpI","privKey":"KHF7yqnLGRMx6Nt3Zje13yDivPRN4SI7B3GD0NPL3mk="},"lastRemoteEphemeralKey":"BalKdeNH9mZQLEdnJOQECwHXRx4ClI0hVjQK3i7hjEMD","previousCounter":0,"rootKey":"s/yxYguLvyJYdM8dhT5V6Wjxl+5hJ81B8VfRjJPLwew="},"indexInfo":{"baseKey":"BQ4WGThSYN6PrtYm/incVrbHld739fqgbgH2xbreDOtO","baseKeyType":1,"closed":1746627408713,"used":1746627385921,"created":1746627385921,"remoteIdentityKey":"BQwb7D7F0t2oHM46HcGrKKvtD71K8N5arUqrdzz6COtM"},"_chains":{"Bauj4SyoQt89ySHM9YBjun9uggCLqb1EO/cF15a9cMpI":{"chainKey":{"counter":0,"key":"QTEn5z/4IvlqL/R5P8q33NMY20MYc9X9Eu4eTD4GpTo="},"chainType":1,"messageKeys":{}}},"pendingPreKey":{"signedKeyId":9,"baseKey":"BQ4WGThSYN6PrtYm/incVrbHld739fqgbgH2xbreDOtO","preKeyId":10468984}},"BdJ5JwDYpZ+o50CYTAug2mBZHRl2PoBqsY93fn6xibpR":{"registrationId":38517482,"currentRatchet":{"ephemeralKeyPair":{"pubKey":"BYjFOI+/f8FqFTUoVEy93m5uQr9TJ1LHwhgvBa+x7aA7","privKey":"UMqh9aCtY6R7FWoUInjAfmLd6olRx15/lXG6pL6rQm4="},"lastRemoteEphemeralKey":"BalKdeNH9mZQLEdnJOQECwHXRx4ClI0hVjQK3i7hjEMD","previousCounter":0,"rootKey":"wefEm0CqHVJU//sqSx11ZNQkiG/nr/CbzIVRh41sYgc="},"indexInfo":{"baseKey":"BdJ5JwDYpZ+o50CYTAug2mBZHRl2PoBqsY93fn6xibpR","baseKeyType":1,"closed":-1,"used":1746627408282,"created":1746627408282,"remoteIdentityKey":"BQwb7D7F0t2oHM46HcGrKKvtD71K8N5arUqrdzz6COtM"},"_chains":{"BYjFOI+/f8FqFTUoVEy93m5uQr9TJ1LHwhgvBa+x7aA7":{"chainKey":{"counter":3,"key":"Ks8aEpEnwk5o+Xw71nZrpIVBBq9LyX8hZXbP2Ge+nXE="},"chainType":1,"messageKeys":{}}},"pendingPreKey":{"signedKeyId":9,"baseKey":"BdJ5JwDYpZ+o50CYTAug2mBZHRl2PoBqsY93fn6xibpR","preKeyId":10469029}}},"version":"v1"}