{"_sessions":{"BTLxLpIv28x/N92j/bp/2c9FgpIynoAjSLGwgaqPxnkf":{"registrationId":1065383346,"currentRatchet":{"ephemeralKeyPair":{"pubKey":"BYTZy1x02qOq+395omT++Vy3FqJrFq3oQFGQecYKPb5V","privKey":"mKTiqrND2hNBJbwXIAnXxF34QzwgZHHMbkPftR4XhGo="},"lastRemoteEphemeralKey":"BSFLB3+hmpi3HBB3a1h/yzaAY8nZxb3LY1TRnCChPdZT","previousCounter":0,"rootKey":"Oa/PFXvpPcBl90qJCud+A1PctY6136wLgBVOK/almRQ="},"indexInfo":{"baseKey":"BTLxLpIv28x/N92j/bp/2c9FgpIynoAjSLGwgaqPxnkf","baseKeyType":1,"closed":1746627386524,"used":1746627366029,"created":1746627366029,"remoteIdentityKey":"BQUAaXOI55i2BZGQpapWRnYV2RXV/Z5rTXd2HhOH+nRf"},"_chains":{"BYTZy1x02qOq+395omT++Vy3FqJrFq3oQFGQecYKPb5V":{"chainKey":{"counter":0,"key":"DWL01n3K7mNfLIW8kTEubtYFkc1LbWqz1Dyp7FZB/MY="},"chainType":1,"messageKeys":{}}},"pendingPreKey":{"signedKeyId":8,"baseKey":"BTLxLpIv28x/N92j/bp/2c9FgpIynoAjSLGwgaqPxnkf","preKeyId":6322866}},"BVlcl5xYmZJxULJqPXkwnTBGQ/ZXAHWHnDYRyLSkgq49":{"registrationId":1065383346,"currentRatchet":{"ephemeralKeyPair":{"pubKey":"BWcwZ80uXld776l2mgeqVY6tCuiNo7u/+W3KO9j/gm1u","privKey":"KG56o2F1XlTZwMWEWivNsQRwzXTwQoaJgcigmm1IgVg="},"lastRemoteEphemeralKey":"BSFLB3+hmpi3HBB3a1h/yzaAY8nZxb3LY1TRnCChPdZT","previousCounter":0,"rootKey":"NMOO2gei4bpm0XFikK57LApJzf+gkj0NAELQLLx18K4="},"indexInfo":{"baseKey":"BVlcl5xYmZJxULJqPXkwnTBGQ/ZXAHWHnDYRyLSkgq49","baseKeyType":1,"closed":1746627408746,"used":1746627386107,"created":1746627386107,"remoteIdentityKey":"BQUAaXOI55i2BZGQpapWRnYV2RXV/Z5rTXd2HhOH+nRf"},"_chains":{"BWcwZ80uXld776l2mgeqVY6tCuiNo7u/+W3KO9j/gm1u":{"chainKey":{"counter":0,"key":"4sozujEO46wkEkA/OVSQPLbrLNyyol9zqrEkYaCeYXQ="},"chainType":1,"messageKeys":{}}},"pendingPreKey":{"signedKeyId":8,"baseKey":"BVlcl5xYmZJxULJqPXkwnTBGQ/ZXAHWHnDYRyLSkgq49","preKeyId":6323564}},"BY6X5+Xmey2osPKkGNhLJJbU2dkCpuDmVbiZTACQIqpP":{"registrationId":1065383346,"currentRatchet":{"ephemeralKeyPair":{"pubKey":"BfrI5ucEZym+0BSI6h/uxIHNBgPI5lXhrEKXCC6Aq7lY","privKey":"YC2/eo1FdX3sBJORdoXCDfK10jGEVG1VAjMlsHUW8Vs="},"lastRemoteEphemeralKey":"BSFLB3+hmpi3HBB3a1h/yzaAY8nZxb3LY1TRnCChPdZT","previousCounter":0,"rootKey":"r43eNQCZrj+RZ1CloxcqaEhxCjN2pd5aX/8xb2hyDI8="},"indexInfo":{"baseKey":"BY6X5+Xmey2osPKkGNhLJJbU2dkCpuDmVbiZTACQIqpP","baseKeyType":1,"closed":-1,"used":1746627408427,"created":1746627408427,"remoteIdentityKey":"BQUAaXOI55i2BZGQpapWRnYV2RXV/Z5rTXd2HhOH+nRf"},"_chains":{"BfrI5ucEZym+0BSI6h/uxIHNBgPI5lXhrEKXCC6Aq7lY":{"chainKey":{"counter":3,"key":"YaGWcnP+bja0FUf5uTc/lxnREbuMkm0p08lNpYui1lI="},"chainType":1,"messageKeys":{}}},"pendingPreKey":{"signedKeyId":8,"baseKey":"BY6X5+Xmey2osPKkGNhLJJbU2dkCpuDmVbiZTACQIqpP","preKeyId":6323595}}},"version":"v1"}