{"_sessions":{"BU+sPijXD8Fpw2Y4y9mO5q4T9brJhF9tz0ntkCmPK7Ze":{"registrationId":117480813,"currentRatchet":{"ephemeralKeyPair":{"pubKey":"BSeksRPMhJESuaWXfssKUNvVGpB4gQDzKoHOwi8u7EMz","privKey":"kIIZbSQkn90w38LTcTYf1S5aI4YHJZateYrVRPwTm20="},"lastRemoteEphemeralKey":"BYc5WU83RHFsxfey2PJYDRDJJZ/x6l2zTrKXtEUMa4xk","previousCounter":0,"rootKey":"WlO/3QVZhcuREx2xERBZeqC9Xo5ULc1ydcELObzsyrg="},"indexInfo":{"baseKey":"BU+sPijXD8Fpw2Y4y9mO5q4T9brJhF9tz0ntkCmPK7Ze","baseKeyType":1,"closed":-1,"used":1746627350755,"created":1746627350755,"remoteIdentityKey":"BW3WQ0dJEY/IG+7naKHQkbt8biPeO4CJ+mKlNy202+Q1"},"_chains":{"BSeksRPMhJESuaWXfssKUNvVGpB4gQDzKoHOwi8u7EMz":{"chainKey":{"counter":0,"key":"qVZG2n3SwgnslYqNaJwG8Y7SEz9+R32MHUriQtuewW8="},"chainType":1,"messageKeys":{}}},"pendingPreKey":{"signedKeyId":6,"baseKey":"BU+sPijXD8Fpw2Y4y9mO5q4T9brJhF9tz0ntkCmPK7Ze","preKeyId":3090017}}},"version":"v1"}