{"_sessions":{"BSlFkssI4R45gI8paTg1+tSJ4beaCdnF2NmiYMeKxJdj":{"registrationId":629269305,"currentRatchet":{"ephemeralKeyPair":{"pubKey":"BbzXpBoogb9cDcRWyWcRh7rMimzOYwR2+0ZtZ9AUwOxy","privKey":"SEOLgoHwvrA8DoTzJ0uNpswwFut/HlZ+vYyVhW7GoGE="},"lastRemoteEphemeralKey":"BTruKZUcITWKlAE/FVgnDfVbPIWhdq3I5xigu9Viqetn","previousCounter":0,"rootKey":"ILpMHYrGlEZ7wvaAC3AD6Mlo6OWSLu3osOi+GdDCCIA="},"indexInfo":{"baseKey":"BSlFkssI4R45gI8paTg1+tSJ4beaCdnF2NmiYMeKxJdj","baseKeyType":1,"closed":-1,"used":1746645070238,"created":1746645070238,"remoteIdentityKey":"Bb+oyaWO0jM0e2Mgo16HbGb8tOY89iK/Uv/2GZTqosxy"},"_chains":{"BbzXpBoogb9cDcRWyWcRh7rMimzOYwR2+0ZtZ9AUwOxy":{"chainKey":{"counter":0,"key":"LY8A2YHSrTIfvKp2qzLyn2YAp+M114VwE6lq0edeKBE="},"chainType":1,"messageKeys":{}}},"pendingPreKey":{"signedKeyId":3,"baseKey":"BSlFkssI4R45gI8paTg1+tSJ4beaCdnF2NmiYMeKxJdj","preKeyId":11207361}}},"version":"v1"}