{"_sessions":{"BQnSogGzsEEzHjIMXno9KDYKVPMnk7dK8E75C2ilYWEX":{"registrationId":69,"currentRatchet":{"ephemeralKeyPair":{"pubKey":"BaOazMNaZx2QCr+C7JdDeTorFjzFGrUdLEOwR2xM39Fh","privKey":"MLhpox6HkxPXxAMj5z4M5g8u38ekDfhz/cJQuxkVfHU="},"lastRemoteEphemeralKey":"BUHgkkJ2i2l9Y81qgnhMZjCtQwlRWkezHsAen9xtE6Ac","previousCounter":0,"rootKey":"arrQm+caEpq5EWu2XMebaNo9ulir4wT+K20TqtTUX2Q="},"indexInfo":{"baseKey":"BQnSogGzsEEzHjIMXno9KDYKVPMnk7dK8E75C2ilYWEX","baseKeyType":1,"closed":-1,"used":1746706077215,"created":1746706077215,"remoteIdentityKey":"BZDcaeWBVXxmD8UdcPOSVgaFDWi5zUqhNmVDU4e5QFIp"},"_chains":{"BaOazMNaZx2QCr+C7JdDeTorFjzFGrUdLEOwR2xM39Fh":{"chainKey":{"counter":1,"key":"LS8UerN1eOT+32EsYYeOmoV0OheEEAWql9z1Gvx/lp8="},"chainType":1,"messageKeys":{}}},"pendingPreKey":{"signedKeyId":1,"baseKey":"BQnSogGzsEEzHjIMXno9KDYKVPMnk7dK8E75C2ilYWEX"}}},"version":"v1"}