{"_sessions":{"BZxqbEVmiI9MWPm5Lv4pWkGck2XU9YDGYYEZJFPGORps":{"registrationId":606022100,"currentRatchet":{"ephemeralKeyPair":{"pubKey":"BTLDkElOHH+44wY5Y2aq4Z9t10RBTr8qtgvmQJVo0VoG","privKey":"ANSJy4fkNrQxPLkRpt55jP/cx4Xw5o4Os/MPdt4SpHk="},"lastRemoteEphemeralKey":"Ba6P1xVg5ktTH3dkfdglmAZ96KMDP4Fj3Xn4jF7uUmom","previousCounter":0,"rootKey":"VNWzOBTCpct1syhrSW7AVcv+NLhZM3e7x/JP+ndNPmY="},"indexInfo":{"baseKey":"BZxqbEVmiI9MWPm5Lv4pWkGck2XU9YDGYYEZJFPGORps","baseKeyType":1,"closed":-1,"used":1746644904439,"created":1746644904439,"remoteIdentityKey":"BfCJeJOLV/LKO0BblwccQqQGXy10HkknMhEjq/VVvQEM"},"_chains":{"BTLDkElOHH+44wY5Y2aq4Z9t10RBTr8qtgvmQJVo0VoG":{"chainKey":{"counter":0,"key":"jyttDRx/NpQct15fZMFk4vSTqOAtZQAbHJP/vG03mDE="},"chainType":1,"messageKeys":{}}},"pendingPreKey":{"signedKeyId":5,"baseKey":"BZxqbEVmiI9MWPm5Lv4pWkGck2XU9YDGYYEZJFPGORps"}}},"version":"v1"}