{"_sessions":{"BReQ0xS2vbnVDTGgNAgRfnePtQu+yiWs8pTZWGBeKLR7":{"registrationId":1311290281,"currentRatchet":{"ephemeralKeyPair":{"pubKey":"Be0uh4R5ETASfLD1OSfGq23tpsxam7B3/AFMVL1F4aRE","privKey":"kDbk3MmO43yddjFUGw0xYfUiv4ONJHJyD4NMiP/NZnM="},"lastRemoteEphemeralKey":"BXC0vOdA1BQB18LvpoqD2OsJC+liCr390bpHqswaVVIx","previousCounter":0,"rootKey":"UthdmekmjAtfPpdRktM55Q7OYjdMJk4DCq1turx7Rho="},"indexInfo":{"baseKey":"BReQ0xS2vbnVDTGgNAgRfnePtQu+yiWs8pTZWGBeKLR7","baseKeyType":1,"closed":-1,"used":1746644956617,"created":1746644956617,"remoteIdentityKey":"BbdgVryRufDtG4tBtG9wwn/6WAvwPssImIwmn4pRWMdQ"},"_chains":{"Be0uh4R5ETASfLD1OSfGq23tpsxam7B3/AFMVL1F4aRE":{"chainKey":{"counter":1,"key":"LedLK/LIdA46zIjugg48MoIEWg2bNDl1P2SM6Ma8obY="},"chainType":1,"messageKeys":{}}},"pendingPreKey":{"signedKeyId":1,"baseKey":"BReQ0xS2vbnVDTGgNAgRfnePtQu+yiWs8pTZWGBeKLR7"}}},"version":"v1"}