{"_sessions":{"Bfs9+gruQTmoNiT7T24SaoVrHdOLITfJEltBg+F3Zp5I":{"registrationId":489122677,"currentRatchet":{"ephemeralKeyPair":{"pubKey":"BUlGk1f8FY8HU4SOsnx3Y5U2eRwiv6w/gKvCANymK9Vh","privKey":"AMFsDC05N4fw4zOjfx1pCOtV+z3d2nsxLF8j32I04Gw="},"lastRemoteEphemeralKey":"BQzXud1ciJKjcMSQtQXQUh6D25jEYPqcXXymBYWtir8X","previousCounter":0,"rootKey":"0i6GWAc7PppqIaG26Doj7sMtqQ5cauoSEoqktlDXZTw="},"indexInfo":{"baseKey":"Bfs9+gruQTmoNiT7T24SaoVrHdOLITfJEltBg+F3Zp5I","baseKeyType":1,"closed":1746627386506,"used":1746627365965,"created":1746627365965,"remoteIdentityKey":"BaF6FRieIVmd/TQ1OYw783lqgOyYvIMVJx5HuoMEKAIo"},"_chains":{"BUlGk1f8FY8HU4SOsnx3Y5U2eRwiv6w/gKvCANymK9Vh":{"chainKey":{"counter":0,"key":"dcu8HymvjD0Sp/5MA34vQYgDrwbfXNBDi7miTm73V2w="},"chainType":1,"messageKeys":{}}},"pendingPreKey":{"signedKeyId":2,"baseKey":"Bfs9+gruQTmoNiT7T24SaoVrHdOLITfJEltBg+F3Zp5I"}},"BYbrPcjHvQaM508KPtbUSQx4WipFkQ1OO3KlOU4UtC5R":{"registrationId":489122677,"currentRatchet":{"ephemeralKeyPair":{"pubKey":"BYDqr1cPfyESxIfwt5AzmTezwaKYfm0Fp3YLM12OvfB3","privKey":"+B4UhoCC6TT/jHjtvra3gvRU7Cn6dCrzM/2LVvjnlWk="},"lastRemoteEphemeralKey":"BQzXud1ciJKjcMSQtQXQUh6D25jEYPqcXXymBYWtir8X","previousCounter":0,"rootKey":"jhZoUcPIBK0r6MrdQ51cPk+yTKSY46vs+mVuVi81lUk="},"indexInfo":{"baseKey":"BYbrPcjHvQaM508KPtbUSQx4WipFkQ1OO3KlOU4UtC5R","baseKeyType":1,"closed":1746627408734,"used":1746627386039,"created":1746627386039,"remoteIdentityKey":"BaF6FRieIVmd/TQ1OYw783lqgOyYvIMVJx5HuoMEKAIo"},"_chains":{"BYDqr1cPfyESxIfwt5AzmTezwaKYfm0Fp3YLM12OvfB3":{"chainKey":{"counter":0,"key":"249Tz4uLguvzGWWHoL8Cv6Yos9WHLB+X2pkK0jlkKvI="},"chainType":1,"messageKeys":{}}},"pendingPreKey":{"signedKeyId":2,"baseKey":"BYbrPcjHvQaM508KPtbUSQx4WipFkQ1OO3KlOU4UtC5R"}},"BZ/cEOOe1Gow2vvMr7k/n3zgilOyzR8qE+chc03y1uFj":{"registrationId":489122677,"currentRatchet":{"ephemeralKeyPair":{"pubKey":"BTonpKxbH8OfcC41miY7XveXwvllyabYbxToNSNPKfIL","privKey":"2BS0ExPSSmAAlPG8ddKi0p3H7KCYc+RPl5XwUzW03Gs="},"lastRemoteEphemeralKey":"BQzXud1ciJKjcMSQtQXQUh6D25jEYPqcXXymBYWtir8X","previousCounter":0,"rootKey":"DCl5xaVeqBpBF/c+fXdJeqdYF0kCdH3Y+J5XviZxTBA="},"indexInfo":{"baseKey":"BZ/cEOOe1Gow2vvMr7k/n3zgilOyzR8qE+chc03y1uFj","baseKeyType":1,"closed":-1,"used":1746627408375,"created":1746627408375,"remoteIdentityKey":"BaF6FRieIVmd/TQ1OYw783lqgOyYvIMVJx5HuoMEKAIo"},"_chains":{"BTonpKxbH8OfcC41miY7XveXwvllyabYbxToNSNPKfIL":{"chainKey":{"counter":3,"key":"HdvLC423n0bItH3JUywn8go2dfIC8HTS6D/xRL3XVao="},"chainType":1,"messageKeys":{}}},"pendingPreKey":{"signedKeyId":2,"baseKey":"BZ/cEOOe1Gow2vvMr7k/n3zgilOyzR8qE+chc03y1uFj"}}},"version":"v1"}