{"_sessions":{"Ba1MHkzGdv+QP+xi5rB50bHj0ZGzOhkY0dxT3SgNFHZZ":{"registrationId":625390859,"currentRatchet":{"ephemeralKeyPair":{"pubKey":"BdWMMgFkpr5VVX7PzN81Esnxouov1Pss8n1pEcJsNHV8","privKey":"QF/EF3RX6lXkJ0lE5VqP5p6MI/e864YJ+v7HUKxsDn4="},"lastRemoteEphemeralKey":"BYFcNihDuCBQKQYgmzrWCsPVEq12I/wBI4a4dj6FwpUT","previousCounter":0,"rootKey":"op4VGCPVFlY0j3BX5EUbDwiHwFiJbHfy+zmzUQo1Ht0="},"indexInfo":{"baseKey":"Ba1MHkzGdv+QP+xi5rB50bHj0ZGzOhkY0dxT3SgNFHZZ","baseKeyType":1,"closed":-1,"used":1746644960005,"created":1746644960005,"remoteIdentityKey":"BWtAkA7XzRiqapUVMRvLGSAbNYX+oQpKK05xm0SBJfJK"},"_chains":{"BdWMMgFkpr5VVX7PzN81Esnxouov1Pss8n1pEcJsNHV8":{"chainKey":{"counter":1,"key":"QVSwck4c627nk2R35+NueXSGNJ70UnULjKm7U/uF+/I="},"chainType":1,"messageKeys":{}}},"pendingPreKey":{"signedKeyId":12,"baseKey":"Ba1MHkzGdv+QP+xi5rB50bHj0ZGzOhkY0dxT3SgNFHZZ","preKeyId":2565103}}},"version":"v1"}