{"_sessions":{"BZFUmDyqpGFLjYxz9vhGCNszdiuckx1C+zf313Wf/qQQ":{"registrationId":670473904,"currentRatchet":{"ephemeralKeyPair":{"pubKey":"Ba3l91gAEEXEmCX/Qp40E8ckhAzJV9OYNxCewwfUuiNB","privKey":"GOSfZVgCpIBam72voWw3vTbqTH8avbioBXhordoaA38="},"lastRemoteEphemeralKey":"BXJFLzoCdZRwvS4NCqCJer6h+KTHYldEGULSBeFPBVEq","previousCounter":0,"rootKey":"HrXa473G8lE09qx9SAC9Vj0EE6erflvoRr12TdmGkgs="},"indexInfo":{"baseKey":"BZFUmDyqpGFLjYxz9vhGCNszdiuckx1C+zf313Wf/qQQ","baseKeyType":1,"closed":-1,"used":1746645069987,"created":1746645069987,"remoteIdentityKey":"BYTS6EiSSbXCTkKR79DJ+DhB8h5DpRMuZbZ3bMiO/b0z"},"_chains":{"Ba3l91gAEEXEmCX/Qp40E8ckhAzJV9OYNxCewwfUuiNB":{"chainKey":{"counter":0,"key":"7yi2NYvNAfcnObAQV7ViNexlCP0iX7zRen1r7y/cgL0="},"chainType":1,"messageKeys":{}}},"pendingPreKey":{"signedKeyId":14074458,"baseKey":"BZFUmDyqpGFLjYxz9vhGCNszdiuckx1C+zf313Wf/qQQ","preKeyId":2749}}},"version":"v1"}