{"_sessions":{"BX66DcDNp7tDGKH4Yd3/1e58v27MwTjcxRmgfJviEuc0":{"registrationId":1929785004,"currentRatchet":{"ephemeralKeyPair":{"pubKey":"BQa8YUYfWxRaRpvfhyvG1BuAfK5N01PnH1xRBetcJCtl","privKey":"IDgBHJUMMlNYePUcljiZIjMq2cfUSKDioqtD9ZA80lE="},"lastRemoteEphemeralKey":"BYDeI2NQ2U4WeuHm4zJbZU7xqzXfIJFq0ETYPupSQNp+","previousCounter":0,"rootKey":"pZpFPzD7fexWdX4icJn2QsfzgosgfnmsBENQ7lC0al0="},"indexInfo":{"baseKey":"BX66DcDNp7tDGKH4Yd3/1e58v27MwTjcxRmgfJviEuc0","baseKeyType":2,"closed":-1,"used":1746706317610,"created":1746706317610,"remoteIdentityKey":"BbnMYzx+CSJgVwwaTW0C6hW2H+g1jxvaLzXkfZZMGdkj"},"_chains":{"BYDeI2NQ2U4WeuHm4zJbZU7xqzXfIJFq0ETYPupSQNp+":{"chainKey":{"counter":1,"key":"ltRclgvDncZZKIRx6KmedB/N6I2D0Rc6q5UA23rW5X0="},"chainType":2,"messageKeys":{}},"BQa8YUYfWxRaRpvfhyvG1BuAfK5N01PnH1xRBetcJCtl":{"chainKey":{"counter":-1,"key":"k7U+VdCWUejVo2HDzjMd2htf2kwdoxjL3aoj9Ru5zpY="},"chainType":1,"messageKeys":{}}}}},"version":"v1"}