{"_sessions":{"BeMXRF6az2+wFUtZkDuBZF1jkQZxSLPzu27sJkYMjDZ6":{"registrationId":1760665305,"currentRatchet":{"ephemeralKeyPair":{"pubKey":"BVOptpOxV5vdv+4hjbEdrkgKRFydIRnjfgtX26G7gzRs","privKey":"aFlocI058PyzPdYR+dCVwSCyhF6EMo07gxGSTQlT/EM="},"lastRemoteEphemeralKey":"BZB+7Tdc5HK/wYZ6YGqjck+G7LAeWL+hafirSnkzV5By","previousCounter":0,"rootKey":"sjCzpM+fO5+EsFr73Syuxsg2/5qTp3NBdPLRAACaIew="},"indexInfo":{"baseKey":"BeMXRF6az2+wFUtZkDuBZF1jkQZxSLPzu27sJkYMjDZ6","baseKeyType":1,"closed":1746627382491,"used":1746627362569,"created":1746627362569,"remoteIdentityKey":"BeZEO9L/URSaWEXaNOGL+e6NikCasTsW0Kh5mgSMSBtQ"},"_chains":{"BVOptpOxV5vdv+4hjbEdrkgKRFydIRnjfgtX26G7gzRs":{"chainKey":{"counter":0,"key":"QbU8NZBi++Bzo/4AeXV6jj/QkfJxAdVYpLCKaCs9yfA="},"chainType":1,"messageKeys":{}}},"pendingPreKey":{"signedKeyId":3,"baseKey":"BeMXRF6az2+wFUtZkDuBZF1jkQZxSLPzu27sJkYMjDZ6","preKeyId":10939799}},"Bfcg7x1qg280MT2ZPazgSPUAMBl0MnKPEqqs2q/2HGZ0":{"registrationId":1760665305,"currentRatchet":{"ephemeralKeyPair":{"pubKey":"BVb7xXzw/6r0JilizM85m/nr8bwhD09cnlDntwpxXWhN","privKey":"uO4cnyHxQz+r5wH8qcUWb/fZQe+elpwQH+xfxQ12/kg="},"lastRemoteEphemeralKey":"BZB+7Tdc5HK/wYZ6YGqjck+G7LAeWL+hafirSnkzV5By","previousCounter":0,"rootKey":"ZpUWx7EziO+nTtYpFGXKBgNyqtwF0+RSJJAtAGCl+gU="},"indexInfo":{"baseKey":"Bfcg7x1qg280MT2ZPazgSPUAMBl0MnKPEqqs2q/2HGZ0","baseKeyType":1,"closed":1746627404913,"used":1746627381966,"created":1746627381966,"remoteIdentityKey":"BeZEO9L/URSaWEXaNOGL+e6NikCasTsW0Kh5mgSMSBtQ"},"_chains":{"BVb7xXzw/6r0JilizM85m/nr8bwhD09cnlDntwpxXWhN":{"chainKey":{"counter":0,"key":"giTgQz2NeReD6n1cgLYzBy+5DVBXUQnR5p12PPd9E9Q="},"chainType":1,"messageKeys":{}}},"pendingPreKey":{"signedKeyId":3,"baseKey":"Bfcg7x1qg280MT2ZPazgSPUAMBl0MnKPEqqs2q/2HGZ0","preKeyId":10940341}},"BdXYMqwp/9vcFTYDhvSnWVNcKrVre9e3lUs5NWmWfxMh":{"registrationId":1760665305,"currentRatchet":{"ephemeralKeyPair":{"pubKey":"Bc3SoSNpHQO8Cz4SuqWpwAp/0XKq63E7wQW9cTNIKgtT","privKey":"ICwb9HzCiyhXJKni4GFaO0JtrdNcszDfqC44pb4kTEA="},"lastRemoteEphemeralKey":"BZB+7Tdc5HK/wYZ6YGqjck+G7LAeWL+hafirSnkzV5By","previousCounter":0,"rootKey":"ad1/bo6u3TlBYOKCwfJczaAG0fAGcm3QG4BO3WpaM6E="},"indexInfo":{"baseKey":"BdXYMqwp/9vcFTYDhvSnWVNcKrVre9e3lUs5NWmWfxMh","baseKeyType":1,"closed":-1,"used":1746627404723,"created":1746627404723,"remoteIdentityKey":"BeZEO9L/URSaWEXaNOGL+e6NikCasTsW0Kh5mgSMSBtQ"},"_chains":{"Bc3SoSNpHQO8Cz4SuqWpwAp/0XKq63E7wQW9cTNIKgtT":{"chainKey":{"counter":3,"key":"zqTA386eYFEjOsnMD/1tJdOnnHL0XchfGP20JQ0R//g="},"chainType":1,"messageKeys":{}}},"pendingPreKey":{"signedKeyId":3,"baseKey":"BdXYMqwp/9vcFTYDhvSnWVNcKrVre9e3lUs5NWmWfxMh","preKeyId":10939847}}},"version":"v1"}