{"_sessions":{"Bb0t698yylDcGlXu0TfmGRQLwwE5K9e+7bWrRdVtAYdi":{"registrationId":758070173,"currentRatchet":{"ephemeralKeyPair":{"pubKey":"BbhuOQLsY/qijqxjMEW15f7XDgBOYtAbgey3U1OCqs5Z","privKey":"4DZOVpXA1qf0WvIVZZik9/Ss/1+9z91VpQmaTjXlZ2o="},"lastRemoteEphemeralKey":"BewJInMdBtW01UN7jKJYA25j7w+hMHaPEZeOZLNsQR51","previousCounter":1,"rootKey":"gNn8slDfyvhMfHtCdGs6eFYraQLt6exCkY+suZNYquA="},"indexInfo":{"baseKey":"Bb0t698yylDcGlXu0TfmGRQLwwE5K9e+7bWrRdVtAYdi","baseKeyType":2,"closed":-1,"used":1746645173172,"created":1746644817552,"remoteIdentityKey":"BWC6IHwBwiF9AzQz4vlFy9WFykK7i0isIuhncSVo2X16"},"_chains":{"BfJl36n+1XAydmiS6rSnHjmyjcuX4ClcAukJPZU3Mest":{"chainKey":{"counter":6},"chainType":2,"messageKeys":{}},"BQMTcNHF2TUd6Xy7tx9t/9x3xTQPHoEWaskzhwymH4xI":{"chainKey":{"counter":0},"chainType":2,"messageKeys":{}},"BTKl3EY/eNtbjqK31kM1O+AvqL/5G8s3NeU/nJzal09J":{"chainKey":{"counter":0},"chainType":2,"messageKeys":{}},"BewJInMdBtW01UN7jKJYA25j7w+hMHaPEZeOZLNsQR51":{"chainKey":{"counter":0,"key":"DJkORMyiPoTYH0JFxw5S3x8zaiJFVHA5tmz9Olko0dM="},"chainType":2,"messageKeys":{}},"BbhuOQLsY/qijqxjMEW15f7XDgBOYtAbgey3U1OCqs5Z":{"chainKey":{"counter":0,"key":"Kz0IvRBVX9M2g0pfbRSlXqxlfKdctipeMmh1QHDJenQ="},"chainType":1,"messageKeys":{}}}}},"version":"v1"}