{"_sessions":{"BdaVEywU3GfFBydfZnU8vdAVGxwIfxvpB1UGlKC+TJsj":{"registrationId":56094975,"currentRatchet":{"ephemeralKeyPair":{"pubKey":"Bf+j0n2PnqVRQThY8oKAzqVTI21sOPwsntEh+GIMb7RV","privKey":"2OLmkN5UrZ9hQFcJzyOO2bS0Ugv7Cy32ywbnMqmB8F8="},"lastRemoteEphemeralKey":"BSMzXrs6H8xq2P3Kn5q3GNcF1AfSiX952sBWfMvBNK87","previousCounter":0,"rootKey":"vzEM9XmvGdaK2pipGTxftSbTubtxjL5xQNxsRUiLrNQ="},"indexInfo":{"baseKey":"BdaVEywU3GfFBydfZnU8vdAVGxwIfxvpB1UGlKC+TJsj","baseKeyType":1,"closed":-1,"used":1746644956688,"created":1746644956688,"remoteIdentityKey":"BflS590QMWj3ymA8RLbp9HqaZrSVdGW3BrI4PxY0Wi16"},"_chains":{"Bf+j0n2PnqVRQThY8oKAzqVTI21sOPwsntEh+GIMb7RV":{"chainKey":{"counter":1,"key":"lL2oJOOcPc3KdCqMzfNc7If04VBhiNCB8js7GQYI9mc="},"chainType":1,"messageKeys":{}}},"pendingPreKey":{"signedKeyId":9,"baseKey":"BdaVEywU3GfFBydfZnU8vdAVGxwIfxvpB1UGlKC+TJsj","preKeyId":5281466}}},"version":"v1"}