{"_sessions":{"BeRFjL9yMDuoE5cObD7TCPfMiJpJYkcpchWw9ePNdQgq":{"registrationId":1350989833,"currentRatchet":{"ephemeralKeyPair":{"pubKey":"BXiekedvRdEUfX1Wn1fpcfoNmDwTVEaMXWYB0wsp72MB","privKey":"yIhZnh5ZEqm62f/OxI5IkAJMFH3mXrqJn6Yjb21PJmE="},"lastRemoteEphemeralKey":"BZFQN6ygHfYV9ixOJzPJGbRpIVNRBBupLik8S0J9L7Nv","previousCounter":0,"rootKey":"BfaNb2S9Qc3e8duzBDydhS4Fj3Bt7cjic3yR5WOoiYc="},"indexInfo":{"baseKey":"BeRFjL9yMDuoE5cObD7TCPfMiJpJYkcpchWw9ePNdQgq","baseKeyType":1,"closed":-1,"used":1746645162463,"created":1746645162463,"remoteIdentityKey":"BejWDwIi16ArN+hNVP6skqCP/j1Z0QNoNsY7mQttXMIp"},"_chains":{"BXiekedvRdEUfX1Wn1fpcfoNmDwTVEaMXWYB0wsp72MB":{"chainKey":{"counter":0,"key":"9yhf4enCdfSx1H7ahjcHU6h86ot890JWJEOsmxjcvRc="},"chainType":1,"messageKeys":{}}},"pendingPreKey":{"signedKeyId":11667593,"baseKey":"BeRFjL9yMDuoE5cObD7TCPfMiJpJYkcpchWw9ePNdQgq","preKeyId":6973}}},"version":"v1"}