{"_sessions":{"Be6vEDOo05r9+NZ/RkLHZB/WmSllH9f8hWG7U3JUomhA":{"registrationId":1320491027,"currentRatchet":{"ephemeralKeyPair":{"pubKey":"BUxpU8PvvndZ30bItOJQMd6GSuGWnW1p3XRSh/MpJNNP","privKey":"UC10UdenxMs2ki0029XgWxpSpsyI2hhWGqkR4WBJKUk="},"lastRemoteEphemeralKey":"BWaaHr5ToSszVWQ0nzeCcuB/ILEVo9NBQKkduCcldhMl","previousCounter":0,"rootKey":"Xy+QLKEKPenl2vU13AQTSFVd5/JUQL3XXWw7OCAvAmE="},"indexInfo":{"baseKey":"Be6vEDOo05r9+NZ/RkLHZB/WmSllH9f8hWG7U3JUomhA","baseKeyType":1,"closed":-1,"used":1746612488766,"created":1746612488766,"remoteIdentityKey":"BfAU5v5GbVk0M1+iIVIkYJSwMbAlrzMVgv9crFuytEAm"},"_chains":{"BUxpU8PvvndZ30bItOJQMd6GSuGWnW1p3XRSh/MpJNNP":{"chainKey":{"counter":4,"key":"KN649HWVWcqJTEAZfbyFVEqETt5JU27jXwn30yfJ4cU="},"chainType":1,"messageKeys":{}}},"pendingPreKey":{"signedKeyId":14,"baseKey":"Be6vEDOo05r9+NZ/RkLHZB/WmSllH9f8hWG7U3JUomhA","preKeyId":8155605}}},"version":"v1"}