{"_sessions":{"BTHMmhwOU92tH/t1RhdetRiitCJ7SuuLmoXT/soeyqVP":{"registrationId":752723943,"currentRatchet":{"ephemeralKeyPair":{"pubKey":"BW51AStRFKJqJuvpPgJQdYiOaPZeGHernwONzzydtTBU","privKey":"0KReWs29+CfvLnZpPm/7UvLFXHISu5LusftvuhQq43o="},"lastRemoteEphemeralKey":"BRzjb6s98qmcGnqkiB6kTamcCk5fL33rcxThtuCME1AK","previousCounter":0,"rootKey":"WfP5M2O72UnvSnxDwGfDBnHqViKymUuu51KkyYW1f3w="},"indexInfo":{"baseKey":"BTHMmhwOU92tH/t1RhdetRiitCJ7SuuLmoXT/soeyqVP","baseKeyType":1,"closed":-1,"used":1746639403379,"created":1746639403379,"remoteIdentityKey":"BT9Ctver4kjj4AD5WYStyPJyt2i0d2UwSXCpHfFhMbca"},"_chains":{"BW51AStRFKJqJuvpPgJQdYiOaPZeGHernwONzzydtTBU":{"chainKey":{"counter":0,"key":"kD3ULAZRjVZRnanl/Y55PlBCvDJ0T1RXy/SFmYCkiSY="},"chainType":1,"messageKeys":{}}},"pendingPreKey":{"signedKeyId":12028024,"baseKey":"BTHMmhwOU92tH/t1RhdetRiitCJ7SuuLmoXT/soeyqVP","preKeyId":1837}}},"version":"v1"}