{"_sessions":{"BTZxfmBgh9weWiIgvuAq97/NQZCYhphgq5YzfWwdXfQ3":{"registrationId":1778623130,"currentRatchet":{"ephemeralKeyPair":{"pubKey":"BWBHuu14GYCv/yezp0q5efjvejJ2EyHO6evVUMzFbPNT","privKey":"KNBkDnfCahme80g+m76KEdXrCVGIepTJliZMQHZqaV4="},"lastRemoteEphemeralKey":"BccGNZjAZ3DYKT3EJuQdxBWtPCLjin26Q3R0kf7Wlmd9","previousCounter":0,"rootKey":"4ryI5UEmQ6tvW0dlxqz+V3WP/Oc9rlfl6NPLirW7ooY="},"indexInfo":{"baseKey":"BTZxfmBgh9weWiIgvuAq97/NQZCYhphgq5YzfWwdXfQ3","baseKeyType":1,"closed":-1,"used":1746644960214,"created":1746644960214,"remoteIdentityKey":"BUXJ629EaLNR2kzq9upcIoTNIEYtysFliRY3fKnWYWgF"},"_chains":{"BWBHuu14GYCv/yezp0q5efjvejJ2EyHO6evVUMzFbPNT":{"chainKey":{"counter":1,"key":"Eezj0h/m9bQL5I9BuFL3mhucmG3HVXTom37OYygzZuE="},"chainType":1,"messageKeys":{}}},"pendingPreKey":{"signedKeyId":18,"baseKey":"BTZxfmBgh9weWiIgvuAq97/NQZCYhphgq5YzfWwdXfQ3","preKeyId":13264380}}},"version":"v1"}