{"_sessions":{"BT4zN5dE4Zz8wcwQeWNgCewfge9Bui5oguuJR9i4NHZM":{"registrationId":1501536145,"currentRatchet":{"ephemeralKeyPair":{"pubKey":"BfriHimSTeESwxMbN54Pj47Jpzf2ebXxnZr/AFylsa8G","privKey":"aHTSOmPvtjv38y0kSbKtukeIB7PE8ogSdL/LMqWOYX0="},"lastRemoteEphemeralKey":"BSMy/wI4omp7E2rAtVexPki0jfk7hKnTya/lJVrh8Wlf","previousCounter":0,"rootKey":"729p3MMEBOY6wUX+5SQjDLp83nKxQF0HoCClSjDx2ks="},"indexInfo":{"baseKey":"BT4zN5dE4Zz8wcwQeWNgCewfge9Bui5oguuJR9i4NHZM","baseKeyType":1,"closed":-1,"used":1746645070261,"created":1746645070261,"remoteIdentityKey":"BSf6SWxuYhW0QX1gWr6s/XlcUpk5KuP+pFA98qIp+XJa"},"_chains":{"BfriHimSTeESwxMbN54Pj47Jpzf2ebXxnZr/AFylsa8G":{"chainKey":{"counter":0,"key":"9EI3nmkFr5lHUIuyHKizn6/rrYi0FkId7NZvO1fO0U0="},"chainType":1,"messageKeys":{}}},"pendingPreKey":{"signedKeyId":6,"baseKey":"BT4zN5dE4Zz8wcwQeWNgCewfge9Bui5oguuJR9i4NHZM","preKeyId":16101060}}},"version":"v1"}