{"_sessions":{"BcZOz8gzj5kcSDceUBTh/AYbXxykp0Bu8rWR3ppzCSlc":{"registrationId":1441733096,"currentRatchet":{"ephemeralKeyPair":{"pubKey":"BbPfgaPXkYR1PqZxTw/SiXGdvMgySf1+eW2BIMSb0BNA","privKey":"+NcV7WduZppqYeovuN07oBGNCZ1oHt3oz3Gztecm4Ww="},"lastRemoteEphemeralKey":"BSlWmD64H3m/ClcTaWiizn3ptiQiS1/DD9IjjZzp2/4N","previousCounter":0,"rootKey":"iQGt5OdLFE/jIAuzNYHGGbyBgTFUCrlkDyAySXEeEoM="},"indexInfo":{"baseKey":"BcZOz8gzj5kcSDceUBTh/AYbXxykp0Bu8rWR3ppzCSlc","baseKeyType":1,"closed":1746627382527,"used":1746627362583,"created":1746627362583,"remoteIdentityKey":"BRf4LWpXJr+ey+p1g262XgsibuIf6RXPHzckiXnqwsNj"},"_chains":{"BbPfgaPXkYR1PqZxTw/SiXGdvMgySf1+eW2BIMSb0BNA":{"chainKey":{"counter":0,"key":"XVRrmTqmM3XAvyih8FWLdxml5gQiE7TOtIcM8R+3veI="},"chainType":1,"messageKeys":{}}},"pendingPreKey":{"signedKeyId":4010815,"baseKey":"BcZOz8gzj5kcSDceUBTh/AYbXxykp0Bu8rWR3ppzCSlc","preKeyId":6085}},"BZR6CWC/HhVbkVSuU1CibpzOHkhK2AWW3+6PgPjIHWlL":{"registrationId":1441733096,"currentRatchet":{"ephemeralKeyPair":{"pubKey":"BX6BTkNjjrcGN8rzAy5++eJCChNs1EZzK5lvsnG2LOI+","privKey":"IEgMH9OFCjUaRbHl0ugKes/NpzVvQyh0qwLNTkGq80Q="},"lastRemoteEphemeralKey":"BSlWmD64H3m/ClcTaWiizn3ptiQiS1/DD9IjjZzp2/4N","previousCounter":0,"rootKey":"qs2+gdRj0eQrCtBfrCEXFshhpIKZ1g0TLp+DeqHzhxU="},"indexInfo":{"baseKey":"BZR6CWC/HhVbkVSuU1CibpzOHkhK2AWW3+6PgPjIHWlL","baseKeyType":1,"closed":1746627404915,"used":1746627381977,"created":1746627381977,"remoteIdentityKey":"BRf4LWpXJr+ey+p1g262XgsibuIf6RXPHzckiXnqwsNj"},"_chains":{"BX6BTkNjjrcGN8rzAy5++eJCChNs1EZzK5lvsnG2LOI+":{"chainKey":{"counter":0,"key":"ZM868bedSQepnu1zoqbLuTxpHLeJN96hd/Az+KtpgNA="},"chainType":1,"messageKeys":{}}},"pendingPreKey":{"signedKeyId":4010815,"baseKey":"BZR6CWC/HhVbkVSuU1CibpzOHkhK2AWW3+6PgPjIHWlL","preKeyId":6068}},"BcMHCLfDDxkferV8VgSEMB2AL/ZfNt6cmZXVBe4Ttf4O":{"registrationId":1441733096,"currentRatchet":{"ephemeralKeyPair":{"pubKey":"Bb9/AyWcbKLjpGSa+ZfstSsWk2bXh/9dEzeJJoFQn1R/","privKey":"gPuH4SqGl68eI1l6ITiyshmWxGgq55QDBdZnOu8Vr0I="},"lastRemoteEphemeralKey":"BSlWmD64H3m/ClcTaWiizn3ptiQiS1/DD9IjjZzp2/4N","previousCounter":0,"rootKey":"WwD9JR4oGmQQcLNhCQZB8nCLj0OcBaJ66KyXElK2W/I="},"indexInfo":{"baseKey":"BcMHCLfDDxkferV8VgSEMB2AL/ZfNt6cmZXVBe4Ttf4O","baseKeyType":1,"closed":-1,"used":1746627404732,"created":1746627404732,"remoteIdentityKey":"BRf4LWpXJr+ey+p1g262XgsibuIf6RXPHzckiXnqwsNj"},"_chains":{"Bb9/AyWcbKLjpGSa+ZfstSsWk2bXh/9dEzeJJoFQn1R/":{"chainKey":{"counter":3,"key":"nH6K28guOUGwm1KfJtmgtSgCHScwVKEhuIg0oyCif0s="},"chainType":1,"messageKeys":{}}},"pendingPreKey":{"signedKeyId":4010815,"baseKey":"BcMHCLfDDxkferV8VgSEMB2AL/ZfNt6cmZXVBe4Ttf4O","preKeyId":6024}}},"version":"v1"}