{"_sessions":{"BZeglsUNpl42Qdrdjfcd0DAV5lbzSJHeQJnatx09oJ57":{"registrationId":1614877263,"currentRatchet":{"ephemeralKeyPair":{"pubKey":"BQfUrKiM096oaMADnplJDmW0SOZYPR7YW2kndZGNpu1o","privKey":"YFzq6dfUQZg370d2STd3iRVZwD8ZRa8nu4ZFBeXvEGU="},"lastRemoteEphemeralKey":"Bfofn7ZfmxSHaKEnIqGpSMUKflidoNBZCHQxdU1kll98","previousCounter":0,"rootKey":"tjmaqw59ow3B3BcmEbOzdSlAPbnmAj7UQHXTrDIuRMI="},"indexInfo":{"baseKey":"BZeglsUNpl42Qdrdjfcd0DAV5lbzSJHeQJnatx09oJ57","baseKeyType":1,"closed":-1,"used":1746644960089,"created":1746644960089,"remoteIdentityKey":"BROhfZwExzWdAXy1Zf+aGFV0IdvpzKQGEWPUCxRgIbYE"},"_chains":{"BQfUrKiM096oaMADnplJDmW0SOZYPR7YW2kndZGNpu1o":{"chainKey":{"counter":1,"key":"hymCz8fsQcYa7nt53fdTBvWNFvrJgiOF/aKI/UPR4+c="},"chainType":1,"messageKeys":{}}},"pendingPreKey":{"signedKeyId":12380793,"baseKey":"BZeglsUNpl42Qdrdjfcd0DAV5lbzSJHeQJnatx09oJ57","preKeyId":17751}}},"version":"v1"}