{"_sessions":{"BXuduJ2uUp++oc9bpkNeFnta/VHtKWtcYkk+cFIAq5Me":{"registrationId":210948973,"currentRatchet":{"ephemeralKeyPair":{"pubKey":"BRXjuvJru3QgyjGwZyT3/2ysjUmiiVNPituSU0no82pB","privKey":"gHsTRQUUDZs9kO+mIcfcAHz3Pd3t3JJOdfAW6/aTvW0="},"lastRemoteEphemeralKey":"Bcim59+wyN/c36Q44SBQXMOmMg3TYF/xZ78vB2QfXHMJ","previousCounter":0,"rootKey":"bMzCFFkcS22UdG+JU55/Eck7lp3pfV++fR8ADOrPJIU="},"indexInfo":{"baseKey":"BXuduJ2uUp++oc9bpkNeFnta/VHtKWtcYkk+cFIAq5Me","baseKeyType":1,"closed":-1,"used":1746645166237,"created":1746645166237,"remoteIdentityKey":"Be8TlqyMUlrMTaO88hW3yvusrRNTTq2F3ZLZoPzMr8xc"},"_chains":{"BRXjuvJru3QgyjGwZyT3/2ysjUmiiVNPituSU0no82pB":{"chainKey":{"counter":0,"key":"kXrJoqBb1lwuIxganIauHWY0+rzY/Xkxkd5d0m8m1wc="},"chainType":1,"messageKeys":{}}},"pendingPreKey":{"signedKeyId":2,"baseKey":"BXuduJ2uUp++oc9bpkNeFnta/VHtKWtcYkk+cFIAq5Me","preKeyId":6190099}}},"version":"v1"}