{"_sessions":{"BSIngbd6MxVckglew6d8dSqZBv21B7br5V+s4rPirq4R":{"registrationId":2056265433,"currentRatchet":{"ephemeralKeyPair":{"pubKey":"BatOOLM0tFYZIfbdanhRjxPdXqBoeABBTB/x+tzCz0xO","privKey":"6AV7j2ZpxsLs5cQ462GiwXum9KKUhq++T8YSDmWRWng="},"lastRemoteEphemeralKey":"BSUbXhJYdJI4VB9JAb7Hj3BhM83C5OOFPujwufkXfhs6","previousCounter":0,"rootKey":"kxvtfO5l8IXQ2/QBY0AZRLwVJsXA22I7qJEO9PkrGXo="},"indexInfo":{"baseKey":"BSIngbd6MxVckglew6d8dSqZBv21B7br5V+s4rPirq4R","baseKeyType":1,"closed":-1,"used":1746645162144,"created":1746645162144,"remoteIdentityKey":"BTUGSQa93Sm7JSFapS7IHzUebNYIBttDzADiDAC1f/oC"},"_chains":{"BatOOLM0tFYZIfbdanhRjxPdXqBoeABBTB/x+tzCz0xO":{"chainKey":{"counter":0,"key":"f4IvRsvrptLgxtzdYrHa05ViL4p1+3Z7HklpeWFiM3c="},"chainType":1,"messageKeys":{}}},"pendingPreKey":{"signedKeyId":0,"baseKey":"BSIngbd6MxVckglew6d8dSqZBv21B7br5V+s4rPirq4R","preKeyId":2171747}}},"version":"v1"}