{"_sessions":{"Bancps3nhgYrcePYpw1rTgdd/aA0UoVykhm8xsT9izhC":{"registrationId":140088131,"currentRatchet":{"ephemeralKeyPair":{"pubKey":"Bfj83hyonWIak5oF7ltOdi2R3RsY8KcAJmezehSWC15E","privKey":"SMLJ+Uo79Vqqio6vBrGK1dnOzM1AvrzgOEbQuXS0q0c="},"lastRemoteEphemeralKey":"BWybmNGwGLZgEowl+/pBmWtKCv+wWGSVz9zRiOaONXkT","previousCounter":0,"rootKey":"DaX4V67Bo8lNciRUmnMkS8KBnQTK0liv2SvxtB5TMYY="},"indexInfo":{"baseKey":"Bancps3nhgYrcePYpw1rTgdd/aA0UoVykhm8xsT9izhC","baseKeyType":1,"closed":-1,"used":1746645162157,"created":1746645162157,"remoteIdentityKey":"Bf3TKo2lRvQGi4DZLLXCbVH+I5RDySSuM9tYKq9KZhl3"},"_chains":{"Bfj83hyonWIak5oF7ltOdi2R3RsY8KcAJmezehSWC15E":{"chainKey":{"counter":0,"key":"3zpdD5kGCJvSfQY5ZgsF6BQhrL/DMTLsfe096D0H2Kk="},"chainType":1,"messageKeys":{}}},"pendingPreKey":{"signedKeyId":3,"baseKey":"Bancps3nhgYrcePYpw1rTgdd/aA0UoVykhm8xsT9izhC","preKeyId":11016682}}},"version":"v1"}