{"_sessions":{"BRZxEHCO6dZOEeASvDdwUGMoU1ogolktoC1FhwsOAFwz":{"registrationId":271112794,"currentRatchet":{"ephemeralKeyPair":{"pubKey":"Bc3so4I7JAJhLpLtdFtwP64LTq6N8mpAo/QuEGDj5L1D","privKey":"GO/NEujinWuWY00nvBr+l/092ICjgsMTLKOA5CQLFnU="},"lastRemoteEphemeralKey":"Bder/wGtaj0ySLlJD7pfz3ExLJWNRbfxk/AshwlNBxxe","previousCounter":0,"rootKey":"/A96gKwckmwhXFRapPa82lZr9z4B+S14gRUx3Gt7DRE="},"indexInfo":{"baseKey":"BRZxEHCO6dZOEeASvDdwUGMoU1ogolktoC1FhwsOAFwz","baseKeyType":1,"closed":-1,"used":1746639403282,"created":1746639403282,"remoteIdentityKey":"BW7puq9indr6EPmg9ZfjaXvXz1nQAmq3s/69NWs2sdh+"},"_chains":{"Bc3so4I7JAJhLpLtdFtwP64LTq6N8mpAo/QuEGDj5L1D":{"chainKey":{"counter":0,"key":"EIA8hQSixgdSwbRHQpL2c8oyXf6TMDCH8SPnefuOchI="},"chainType":1,"messageKeys":{}}},"pendingPreKey":{"signedKeyId":0,"baseKey":"BRZxEHCO6dZOEeASvDdwUGMoU1ogolktoC1FhwsOAFwz"}}},"version":"v1"}