{"_sessions":{"BTFy8rX+Vifj7lgQ4dLMKOiK0CGu6/sGcXNJtj0YIVYp":{"registrationId":1558251263,"currentRatchet":{"ephemeralKeyPair":{"pubKey":"BWcy3Cig2F2wQxHFi366hXvo3qMwh9pIt9b9kaInP8wZ","privKey":"oBhsDZIi8Ai/J/rQna9m/iOQFFSBRrOfqWjVtq87Xnc="},"lastRemoteEphemeralKey":"BVnFS+yOrrcGRZtl5Uzlcpzx1TKPoPh7sPJ7yD19nx06","previousCounter":0,"rootKey":"zw6W50Spd2gmMcLvkDJjHK2e7ZkN+2WDdzBQeHpe27w="},"indexInfo":{"baseKey":"BTFy8rX+Vifj7lgQ4dLMKOiK0CGu6/sGcXNJtj0YIVYp","baseKeyType":1,"closed":-1,"used":1746639403396,"created":1746639403396,"remoteIdentityKey":"BX72j/BFu3Z2ieaMDemClK/9OA8PmQV6P+BxCa2hySwv"},"_chains":{"BWcy3Cig2F2wQxHFi366hXvo3qMwh9pIt9b9kaInP8wZ":{"chainKey":{"counter":0,"key":"cTHubMFfjdvGTnu2btdECdxFE3vpzEpAzlGY297QcrY="},"chainType":1,"messageKeys":{}}},"pendingPreKey":{"signedKeyId":5531664,"baseKey":"BTFy8rX+Vifj7lgQ4dLMKOiK0CGu6/sGcXNJtj0YIVYp"}}},"version":"v1"}