{"_sessions":{"BYGuJvrVCCXv2ZMLX3r8a/6W810o1M+kK3WfU+j8bo8T":{"registrationId":773329091,"currentRatchet":{"ephemeralKeyPair":{"pubKey":"BXvTF0G4l0fd9g+TxDf34yPxfDacn2xS8nfD/jDI1DIQ","privKey":"yBNgd/vChNZ2KfOfZnECCbO/UJGi8vkKFM9GHfXAzVk="},"lastRemoteEphemeralKey":"Bb40mBdlRNeDFuuI7aM0tVjLsLlGgV9YFB8elgfEoGp4","previousCounter":0,"rootKey":"UuOXugi4DCBotChZDhBhPIWoBxr6nZUki6dNtk8uv+8="},"indexInfo":{"baseKey":"BYGuJvrVCCXv2ZMLX3r8a/6W810o1M+kK3WfU+j8bo8T","baseKeyType":1,"closed":-1,"used":1746612492640,"created":1746612492640,"remoteIdentityKey":"Bfow4O8Sjbc2X04RXyHdp02j1szbOIWxkO+rzOZFhwk0"},"_chains":{"BXvTF0G4l0fd9g+TxDf34yPxfDacn2xS8nfD/jDI1DIQ":{"chainKey":{"counter":4,"key":"Jh9mzqfRmwYP8MoJiSmHrwdtvcnBVcjOyCUbkEu9Frg="},"chainType":1,"messageKeys":{}}},"pendingPreKey":{"signedKeyId":2,"baseKey":"BYGuJvrVCCXv2ZMLX3r8a/6W810o1M+kK3WfU+j8bo8T","preKeyId":13415904}}},"version":"v1"}