{"_sessions":{"BeWwRerdh6bmsCCsPG4FMI5fhWTEKALGDe6L5P1yArFP":{"registrationId":421306399,"currentRatchet":{"ephemeralKeyPair":{"pubKey":"BSeZNnEYgTyDv3tlycZffJfBxqaICPr3XdLIa8sIDKBU","privKey":"yMatxCeFtJCnvydERGeP1Rivh04P7adATWwu2ZyM9Wo="},"lastRemoteEphemeralKey":"BX/2XlSVz3MhySdUbL37NeS3uTPmMtXHWpKJwGxqjrA2","previousCounter":0,"rootKey":"IWmG2bhP2HDafeY2ijnB1UvYqVCp0z7endcTaAVVKd4="},"indexInfo":{"baseKey":"BeWwRerdh6bmsCCsPG4FMI5fhWTEKALGDe6L5P1yArFP","baseKeyType":1,"closed":-1,"used":1746645069874,"created":1746645069874,"remoteIdentityKey":"BcSNXM58B42F6g4LO0CaOw5zLgajT15xIDzCea/pF299"},"_chains":{"BSeZNnEYgTyDv3tlycZffJfBxqaICPr3XdLIa8sIDKBU":{"chainKey":{"counter":0,"key":"hB8OoOEOiWYTe3RHnvryRmUvU5Xcdjd7vHXOaPMrtJI="},"chainType":1,"messageKeys":{}}},"pendingPreKey":{"signedKeyId":13,"baseKey":"BeWwRerdh6bmsCCsPG4FMI5fhWTEKALGDe6L5P1yArFP","preKeyId":8222947}}},"version":"v1"}