{"_sessions":{"BbTNw8LkknFvrnFwsg3fLZK8ElRTM1W4nRhi1OszN6cs":{"registrationId":568603374,"currentRatchet":{"ephemeralKeyPair":{"pubKey":"BStzZMmzFZksJl+8/Xn3qkqw/792hfQbZmZmwAukSH13","privKey":"uN8oNiIGRH1TQKCKpvglEhbBrtjuhrp8WzzWVz0973c="},"lastRemoteEphemeralKey":"BSjt7dMqxDTdFRF3+1RYmxciWiBuSR87debNFeEYq4sd","previousCounter":0,"rootKey":"NVcSlBaoTljqPraq80VJsK4LB+DKdpAGOT9EbQAO9xg="},"indexInfo":{"baseKey":"BbTNw8LkknFvrnFwsg3fLZK8ElRTM1W4nRhi1OszN6cs","baseKeyType":1,"closed":-1,"used":1746645158628,"created":1746645158628,"remoteIdentityKey":"BeoYlvRolVQvAvWCJE3MO5y5bFmFgabgoXoePxGxLO0s"},"_chains":{"BStzZMmzFZksJl+8/Xn3qkqw/792hfQbZmZmwAukSH13":{"chainKey":{"counter":0,"key":"lrfpgi3OjCR5czn0hbzhReu7muX5D0xiyTHGL/KJmM8="},"chainType":1,"messageKeys":{}}},"pendingPreKey":{"signedKeyId":6695955,"baseKey":"BbTNw8LkknFvrnFwsg3fLZK8ElRTM1W4nRhi1OszN6cs","preKeyId":6579}}},"version":"v1"}