{"_sessions":{"BSF5mYgLYQ9Cn71Xu7nKw2FEF52Dad1SKKRpy+GDc6pP":{"registrationId":1304232849,"currentRatchet":{"ephemeralKeyPair":{"pubKey":"BQ2C2EYOLJGOmsjh95m/aXEEgJdAzKI2QBib3LlsZ1ME","privKey":"qP2WgQwSO6G2beTNTyEml9Docpk+Y8zOslpPnE8qEm4="},"lastRemoteEphemeralKey":"BRnOdxJNWKLNC9/j09op8SclwN1qVSZWvOak6ruU+x9w","previousCounter":0,"rootKey":"j0lMOlxQ/Xo3t7RL7L2huJ0lU+tyliymHcqUhgOckzE="},"indexInfo":{"baseKey":"BSF5mYgLYQ9Cn71Xu7nKw2FEF52Dad1SKKRpy+GDc6pP","baseKeyType":1,"closed":-1,"used":1746645162504,"created":1746645162504,"remoteIdentityKey":"BRnZ5pww7Pv8n9da8s+5GmX3tm/g1hCGYl9u5MI/aEVW"},"_chains":{"BQ2C2EYOLJGOmsjh95m/aXEEgJdAzKI2QBib3LlsZ1ME":{"chainKey":{"counter":0,"key":"XzA6WbyLRfsVfnrwcp073ER7YA8n276ByN5N/lrbclY="},"chainType":1,"messageKeys":{}}},"pendingPreKey":{"signedKeyId":3714934,"baseKey":"BSF5mYgLYQ9Cn71Xu7nKw2FEF52Dad1SKKRpy+GDc6pP","preKeyId":2308}}},"version":"v1"}