{"_sessions":{"BX6ip13ImnAdG8dBLUHd9zbNI+30WRubd8GHBFeCfkNc":{"registrationId":318772404,"currentRatchet":{"ephemeralKeyPair":{"pubKey":"BS0/4FthXG5v8dRkanPYo2tf7aA3fn8/LFdAbv/7NwJs","privKey":"INqKMfBlK24D1yJ8GnKi/FS2osr4lBGHdHo76vv0kXI="},"lastRemoteEphemeralKey":"BYJPCRgjDqhWZz9BhjqxtbQedWOYcPXgjKCSjG29aRFt","previousCounter":0,"rootKey":"61SY7M0CBTH2GfITPX/aqfVOTRF1Ru0OwJ327ZVYHyw="},"indexInfo":{"baseKey":"BX6ip13ImnAdG8dBLUHd9zbNI+30WRubd8GHBFeCfkNc","baseKeyType":1,"closed":-1,"used":1746645162367,"created":1746645162367,"remoteIdentityKey":"BXovHDvecff5Sd7I6OEoLPywB/hlfQCAYubJE+/RJt4j"},"_chains":{"BS0/4FthXG5v8dRkanPYo2tf7aA3fn8/LFdAbv/7NwJs":{"chainKey":{"counter":0,"key":"4tRZl0hcqunULudF0WsoVviCMPVT9yJNFuFFYZ77AmY="},"chainType":1,"messageKeys":{}}},"pendingPreKey":{"signedKeyId":6,"baseKey":"BX6ip13ImnAdG8dBLUHd9zbNI+30WRubd8GHBFeCfkNc","preKeyId":3569077}}},"version":"v1"}