{"_sessions":{"BfPaJJqyahXcutQxH1o4fSp4tY3roCpUhPegEkfVb0w/":{"registrationId":804464281,"currentRatchet":{"ephemeralKeyPair":{"pubKey":"BZPt6jguXolnB0SSW4yQdhZG20siMqJ7N6oMY9ZVCD4D","privKey":"QHM/tZzo4L2AEeLmV/pBkaTNloRX8SvEuVz9LfuwmF0="},"lastRemoteEphemeralKey":"BQrmP7L8/05L6f7wZFDFe8tKSuhvzvNzdgGKnaMRMmpD","previousCounter":5,"rootKey":"SbTOp10s3BIC7Lkul73By2rMuDYSkSvuptrDL9rhm6s="},"indexInfo":{"baseKey":"BfPaJJqyahXcutQxH1o4fSp4tY3roCpUhPegEkfVb0w/","baseKeyType":2,"closed":-1,"used":1746636905411,"created":1746627315668,"remoteIdentityKey":"BTVvhAQsXhDMEqmLzz1SkpubPbg7fckmhKPTddQbAK8H"},"_chains":{"BTIyW1bhbyHUjSi+CVT080UNrKoNOTjyWHupl1i40sJG":{"chainKey":{"counter":1},"chainType":2,"messageKeys":{"0":"Ybgsam+yk5QdDa8PgaP6roYcKDokLOZPs3MXzKNgEoM="}},"BQrmP7L8/05L6f7wZFDFe8tKSuhvzvNzdgGKnaMRMmpD":{"chainKey":{"counter":0,"key":"Rk8pazx2LA7nG/xdb5VoLvDxjX7VGq+BOxplxqM+B1I="},"chainType":2,"messageKeys":{}},"BZPt6jguXolnB0SSW4yQdhZG20siMqJ7N6oMY9ZVCD4D":{"chainKey":{"counter":-1,"key":"5Kezr5HPAUqqK7/UZ2nr5vUTOm4VRMUE/ld3E0+Qnh4="},"chainType":1,"messageKeys":{}}}}},"version":"v1"}