{"_sessions":{"BbSgJ0iu8+KjVflcmW8L/tkAW9K/WYiS6ME9huZTrhgo":{"registrationId":286468540,"currentRatchet":{"ephemeralKeyPair":{"pubKey":"BRVYEzGv1wmlB+9vsBZX1PQWluXiSNnXtaToGZxYENlZ","privKey":"GDQS2yi1sUJXq7UvRFxC30ZfqrFwL7uZRP4i0vtaXHQ="},"lastRemoteEphemeralKey":"BYkBj7NgbIKsVqsO4FA1hIOq2FanDHE9ghn5hPNLos5A","previousCounter":0,"rootKey":"yw5oVnDQCLEcE3cJSbgSR5HylM54d4f3ixRfyoyIy/A="},"indexInfo":{"baseKey":"BbSgJ0iu8+KjVflcmW8L/tkAW9K/WYiS6ME9huZTrhgo","baseKeyType":1,"closed":-1,"used":1746645166105,"created":1746645166105,"remoteIdentityKey":"BSar1UzMUCNUDe5xsEAM1Bp1Vz9lMgYvtwYQLr0Wqm5X"},"_chains":{"BRVYEzGv1wmlB+9vsBZX1PQWluXiSNnXtaToGZxYENlZ":{"chainKey":{"counter":0,"key":"uIm4Y0upoB56NiRP+HSphZlMO9ceVU9AAR2558IEPD0="},"chainType":1,"messageKeys":{}}},"pendingPreKey":{"signedKeyId":12130400,"baseKey":"BbSgJ0iu8+KjVflcmW8L/tkAW9K/WYiS6ME9huZTrhgo","preKeyId":11830}}},"version":"v1"}