{"_sessions":{"BaYk7Wi25s91A1u0HiG/KrCRYSftyUMtsWwnbe+zPtYQ":{"registrationId":239187675,"currentRatchet":{"ephemeralKeyPair":{"pubKey":"BYuHLFS+0P8LkdVasnB/liAkkfqodFety/SehWwsB5Nl","privKey":"sDu/zlx5A3WwwBJcMOd7l02D78KPRQgVdt+pGPy2mVA="},"lastRemoteEphemeralKey":"BQQ8iiIwiug0l/CZOlEeYzP68AtMbIfafUAUDgy9mncY","previousCounter":0,"rootKey":"ttwLe69wjjwvXavYEJXybcBKbb/S2+hBFpQ+CwhJB+0="},"indexInfo":{"baseKey":"BaYk7Wi25s91A1u0HiG/KrCRYSftyUMtsWwnbe+zPtYQ","baseKeyType":2,"closed":1746706177462,"used":1746706075072,"created":1746706075072,"remoteIdentityKey":"BWVy02ES3ZaPjtO/eG6lME/HGflXVcgbpdw1lpD8wT03"},"_chains":{"BQQ8iiIwiug0l/CZOlEeYzP68AtMbIfafUAUDgy9mncY":{"chainKey":{"counter":0,"key":"PqnDA3ehYNbVSWWQxVh5M8H1WqLATvbaGUHSE126J2Y="},"chainType":2,"messageKeys":{}},"BYuHLFS+0P8LkdVasnB/liAkkfqodFety/SehWwsB5Nl":{"chainKey":{"counter":0,"key":"b5Gdn6e3FQ/OfyMiQVMZEbUJKbGxMS4sBh8iXcS0Clc="},"chainType":1,"messageKeys":{}}}},"BYkI/YJnRHPR0sl/KpVkEje0dL/MLlEFlkv4OHAehCVb":{"registrationId":239187675,"currentRatchet":{"ephemeralKeyPair":{"pubKey":"BY5+Kx9+ErOerEcQq7w4Msxs88HFT6LJDFz9sU8pMYJA","privKey":"0PLuQg6uN0aNU4qHmoBIy+Jn4MXhdqt8JVdusZbXbV4="},"lastRemoteEphemeralKey":"Ba0i5C1E76c5L2iAbzks+aESVtGxQ26pKRDpe1YFK9lk","previousCounter":0,"rootKey":"CeuP2FJmz+bDhyG/gMBnVSWPOajNDhz9HDb5uod31FI="},"indexInfo":{"baseKey":"BYkI/YJnRHPR0sl/KpVkEje0dL/MLlEFlkv4OHAehCVb","baseKeyType":2,"closed":1746706343161,"used":1746706177468,"created":1746706177468,"remoteIdentityKey":"BWVy02ES3ZaPjtO/eG6lME/HGflXVcgbpdw1lpD8wT03"},"_chains":{"Ba0i5C1E76c5L2iAbzks+aESVtGxQ26pKRDpe1YFK9lk":{"chainKey":{"counter":0,"key":"Te0O/6h9gNWkUjpt3zGPcT5WLb77yAoUTerBsu5Afoc="},"chainType":2,"messageKeys":{}},"BY5+Kx9+ErOerEcQq7w4Msxs88HFT6LJDFz9sU8pMYJA":{"chainKey":{"counter":0,"key":"/QaRvYGFnxfYfhh9h2B6jZO0tetgntNoHJ/3agGw97o="},"chainType":1,"messageKeys":{}}}},"BUzEyJlON7j/k2YeuND/mOf++LFKagmXarFhnT8Cb85H":{"registrationId":239187675,"currentRatchet":{"ephemeralKeyPair":{"pubKey":"BYP87sI4l2wFQLhC86ixuEKHISiR411GfOMM2MWxSjYp","privKey":"wKMsuHZt7GKDFQ8j7UFQIWgmblLB3h9KzkcxeXFx51Q="},"lastRemoteEphemeralKey":"BW/8OnT+uLZHtqxVIz9qY5k7TbfaXwcl7ek06Klte7ZC","previousCounter":0,"rootKey":"icUUOMjHF4rFlJRTwLG+suirfyXWMEXUihEFHiRUKdE="},"indexInfo":{"baseKey":"BUzEyJlON7j/k2YeuND/mOf++LFKagmXarFhnT8Cb85H","baseKeyType":2,"closed":-1,"used":1746706343165,"created":1746706343165,"remoteIdentityKey":"BWVy02ES3ZaPjtO/eG6lME/HGflXVcgbpdw1lpD8wT03"},"_chains":{"BW/8OnT+uLZHtqxVIz9qY5k7TbfaXwcl7ek06Klte7ZC":{"chainKey":{"counter":0,"key":"RrLTfX45pXuhHSH1qDutFD4vuZ85cE3J0Zn0IOB6vmY="},"chainType":2,"messageKeys":{}},"BYP87sI4l2wFQLhC86ixuEKHISiR411GfOMM2MWxSjYp":{"chainKey":{"counter":-1,"key":"GxL5iXJvee6Gaawlkkl+D70NQORJ1G1zMBfE7O6WLzA="},"chainType":1,"messageKeys":{}}}}},"version":"v1"}