{"_sessions":{"Be7e/P+bhVx587wTzLlgbpJk236+89HQbLNSKL9Qn5Ah":{"registrationId":1496276168,"currentRatchet":{"ephemeralKeyPair":{"pubKey":"BTRt9KCObLIvqRBKydAyEHXsrVnhsXhvuePi4e1/Y0w5","privKey":"YF+En8kIvX56E7c8Rjdg7QPKJQTTF/Xtk43r6JuGbH8="},"lastRemoteEphemeralKey":"Bag19XJ9H+vJFzi4YVfvno186umiWnvwzw8M0Q6LOy4Z","previousCounter":0,"rootKey":"fY6JwfYgghceDTyqiu5+ASDFguXAaEByZKCiNJkyTV4="},"indexInfo":{"baseKey":"Be7e/P+bhVx587wTzLlgbpJk236+89HQbLNSKL9Qn5Ah","baseKeyType":1,"closed":-1,"used":1746645070291,"created":1746645070291,"remoteIdentityKey":"BclA7sbrmnOb27SNh1KIAm6nRBgBRW64DdRZEHmWRV1m"},"_chains":{"BTRt9KCObLIvqRBKydAyEHXsrVnhsXhvuePi4e1/Y0w5":{"chainKey":{"counter":0,"key":"YnSxQtUIiNZAAsGtnrBSfv5mx2ur7dMHdqkJ6OPR8hs="},"chainType":1,"messageKeys":{}}},"pendingPreKey":{"signedKeyId":3,"baseKey":"Be7e/P+bhVx587wTzLlgbpJk236+89HQbLNSKL9Qn5Ah","preKeyId":3669510}}},"version":"v1"}