{"_sessions":{"BbCqeKKbqow/ToQJi6XCKYs5NHk68l/V2c/QXrl5BHVC":{"registrationId":1388855494,"currentRatchet":{"ephemeralKeyPair":{"pubKey":"BXsVHIh0A4/LOz3CUB/nC/ni0XhYYMv234O0LehoKvkb","privKey":"KLzXnRNpXja7wZtKHnJxs/Hlj3FJTwczoPZsh+1SQmw="},"lastRemoteEphemeralKey":"BYp/9w4d4m/YOiKVViWjdTFbfzi6uRXdIHdxUPgF/Oca","previousCounter":0,"rootKey":"B9KK/vyHqNVDw/jJEgTtPdpcT6v8IXMIkBQ5zA1+TDQ="},"indexInfo":{"baseKey":"BbCqeKKbqow/ToQJi6XCKYs5NHk68l/V2c/QXrl5BHVC","baseKeyType":1,"closed":1746627386470,"used":1746627365829,"created":1746627365829,"remoteIdentityKey":"BZElYrmVYxDnLreG6VPOn5sPSjz3LlnIT1mtdfxBUhsG"},"_chains":{"BXsVHIh0A4/LOz3CUB/nC/ni0XhYYMv234O0LehoKvkb":{"chainKey":{"counter":0,"key":"3BOHNMwxy903JHizCpPe0sWzvcz08vt0J3bYUIXuTxM="},"chainType":1,"messageKeys":{}}},"pendingPreKey":{"signedKeyId":0,"baseKey":"BbCqeKKbqow/ToQJi6XCKYs5NHk68l/V2c/QXrl5BHVC"}},"BdnNb69qPsZdPcd90Kn3g7D3YZ7LEuaHiGTyjuh/QfQ1":{"registrationId":1388855494,"currentRatchet":{"ephemeralKeyPair":{"pubKey":"BWkhF8HgENeKOF0ExuFLaA9yf/yqub5IT/emGcEehlc/","privKey":"wMyjzr/ABrkaAYMbn8ICVG9QhH7sexYrQ19uWg6IfVg="},"lastRemoteEphemeralKey":"BYp/9w4d4m/YOiKVViWjdTFbfzi6uRXdIHdxUPgF/Oca","previousCounter":0,"rootKey":"rbQENxjqDLOy/6M2xWzNgjuoYI/FqzF3pBS3MVWMt7I="},"indexInfo":{"baseKey":"BdnNb69qPsZdPcd90Kn3g7D3YZ7LEuaHiGTyjuh/QfQ1","baseKeyType":1,"closed":1746627408708,"used":1746627385896,"created":1746627385896,"remoteIdentityKey":"BZElYrmVYxDnLreG6VPOn5sPSjz3LlnIT1mtdfxBUhsG"},"_chains":{"BWkhF8HgENeKOF0ExuFLaA9yf/yqub5IT/emGcEehlc/":{"chainKey":{"counter":0,"key":"TA2JqVkGLD4d2+LSGZP1OLm+FDH+9UVLZiiRCfi8DaQ="},"chainType":1,"messageKeys":{}}},"pendingPreKey":{"signedKeyId":0,"baseKey":"BdnNb69qPsZdPcd90Kn3g7D3YZ7LEuaHiGTyjuh/QfQ1"}},"BcyF8taF57dryISxcdHjLmwV5xtoPPcAixCorsGGe3RU":{"registrationId":1388855494,"currentRatchet":{"ephemeralKeyPair":{"pubKey":"BY5rOAkcCG3cwd48KGt6HNxwzb7czXh8oRCVVnoYTuM6","privKey":"qEGcsnpu9MSmB1namR4ZWdI2BZCTDuoMJdTxCr1DYXA="},"lastRemoteEphemeralKey":"BYp/9w4d4m/YOiKVViWjdTFbfzi6uRXdIHdxUPgF/Oca","previousCounter":0,"rootKey":"a3gzZsqjqRGnwvJC695iKVLjiAMueiKffl5PlB4VJ1o="},"indexInfo":{"baseKey":"BcyF8taF57dryISxcdHjLmwV5xtoPPcAixCorsGGe3RU","baseKeyType":1,"closed":-1,"used":1746627408262,"created":1746627408262,"remoteIdentityKey":"BZElYrmVYxDnLreG6VPOn5sPSjz3LlnIT1mtdfxBUhsG"},"_chains":{"BY5rOAkcCG3cwd48KGt6HNxwzb7czXh8oRCVVnoYTuM6":{"chainKey":{"counter":3,"key":"2uoDk13vQPZofxtiwhTtcCKeEm8U8KcqSlWBcCc70do="},"chainType":1,"messageKeys":{}}},"pendingPreKey":{"signedKeyId":0,"baseKey":"BcyF8taF57dryISxcdHjLmwV5xtoPPcAixCorsGGe3RU"}}},"version":"v1"}