{"_sessions":{"BRo1xhAOKFv6LkbXFSa9C30LYP1qVb+ZUPNHFX4cffQZ":{"registrationId":1644097665,"currentRatchet":{"ephemeralKeyPair":{"pubKey":"BdoJTSBfozP/v0q7kZY8Kc0p3tLjGlxV0lI0vWqjhj4D","privKey":"8L23loXbUzWwdPpT3AJw0UHyu/D4JMti8/ls7KNr+1g="},"lastRemoteEphemeralKey":"BaZq+2to2VvVF/t9HKVbYq0SlwK1D37Hpo606M+OarhP","previousCounter":0,"rootKey":"6HWCU+zR93z9hqY5wSF6sKPOwGYOFfrhv+J/s81hiO0="},"indexInfo":{"baseKey":"BRo1xhAOKFv6LkbXFSa9C30LYP1qVb+ZUPNHFX4cffQZ","baseKeyType":1,"closed":-1,"used":1746644956784,"created":1746644956784,"remoteIdentityKey":"BUUSsuQ7+Fnw+3UIlQ7aV2xmHDg5EJSQOuPGiaaNAp0c"},"_chains":{"BdoJTSBfozP/v0q7kZY8Kc0p3tLjGlxV0lI0vWqjhj4D":{"chainKey":{"counter":1,"key":"DBqWMf/aY/9Qgh0ryGc5VkNFbvtfB6Mf9oVLAyo+MLU="},"chainType":1,"messageKeys":{}}},"pendingPreKey":{"signedKeyId":7,"baseKey":"BRo1xhAOKFv6LkbXFSa9C30LYP1qVb+ZUPNHFX4cffQZ","preKeyId":8164313}}},"version":"v1"}