{"_sessions":{"BR2nWwgl3XhJIgGPtYLHqljB1N2SckobeohyiRMIaoVQ":{"registrationId":1760665305,"currentRatchet":{"ephemeralKeyPair":{"pubKey":"BYZoTr7pD14YCyvWFzd7pdoMZbhyK5oBwZdqyqASxihq","privKey":"EA++pwmrVpzIznnAXJKGlSLX+sXhz5xNxpSdNCZqiHc="},"lastRemoteEphemeralKey":"BZB+7Tdc5HK/wYZ6YGqjck+G7LAeWL+hafirSnkzV5By","previousCounter":0,"rootKey":"Aoh/PP9FdoSddfB2GDEPE+gvg//LUdBB8/dbKwOUVFs="},"indexInfo":{"baseKey":"BR2nWwgl3XhJIgGPtYLHqljB1N2SckobeohyiRMIaoVQ","baseKeyType":1,"closed":-1,"used":1746644956731,"created":1746644956731,"remoteIdentityKey":"BeZEO9L/URSaWEXaNOGL+e6NikCasTsW0Kh5mgSMSBtQ"},"_chains":{"BYZoTr7pD14YCyvWFzd7pdoMZbhyK5oBwZdqyqASxihq":{"chainKey":{"counter":1,"key":"7E1EvsjfVltLARpFK4Dqi8rrFMWbLeEDbxFUFxuwVnQ="},"chainType":1,"messageKeys":{}}},"pendingPreKey":{"signedKeyId":3,"baseKey":"BR2nWwgl3XhJIgGPtYLHqljB1N2SckobeohyiRMIaoVQ","preKeyId":10940320}}},"version":"v1"}