{"_sessions":{"BVHw+tXcb/cMu+BrYmijvkbXuKcuk7c3z8uAnUwNlAQN":{"registrationId":1173131836,"currentRatchet":{"ephemeralKeyPair":{"pubKey":"BZxav/N0n15oVrMDxrnoCTkZTidYr2n2Lj/x6GfNevVr","privKey":"GMfbTb0ZsRYpHy/ZMkyOKBrqbDZv0vI0R3RnyIq0Dns="},"lastRemoteEphemeralKey":"BQChtyS2K9TsJ/NPiNaxcqtt9YXNxuAawVml+tDvOkhN","previousCounter":0,"rootKey":"mAUPjF8euGCsb9Q77VS7A4TQtka6nf8RdnAgPOGHr6w="},"indexInfo":{"baseKey":"BVHw+tXcb/cMu+BrYmijvkbXuKcuk7c3z8uAnUwNlAQN","baseKeyType":1,"closed":-1,"used":1746644960046,"created":1746644960046,"remoteIdentityKey":"BRZa535//2wZX2UUMvyi2qYYd4stGrwI4hwFxN/tdDUM"},"_chains":{"BZxav/N0n15oVrMDxrnoCTkZTidYr2n2Lj/x6GfNevVr":{"chainKey":{"counter":1,"key":"6/XgUeXjfjPaRT2nZZfKC5ZrA86OphaoSXmcRUAdmCI="},"chainType":1,"messageKeys":{}}},"pendingPreKey":{"signedKeyId":5,"baseKey":"BVHw+tXcb/cMu+BrYmijvkbXuKcuk7c3z8uAnUwNlAQN","preKeyId":7523170}}},"version":"v1"}