{"_sessions":{"BWNLtjf6UiG/s5drKGq3QDaivsmUPJT0ZR2hdAfWnXZ/":{"registrationId":325185527,"currentRatchet":{"ephemeralKeyPair":{"pubKey":"BZ8auGynnMNWfqYGS8Q1Bk/XAji5Pa3vll2g0Aik23cg","privKey":"0B5WVoR+5gfajSRoqDTIbRNWIbdNf4roe1C8tX2IX08="},"lastRemoteEphemeralKey":"BTbncu3LY/s/SFwaSeQ0f6Kw8XUqwWF9MNeFUM2l5+BO","previousCounter":0,"rootKey":"GnJRRzSPf5Ida80EO4AglOy+OBS4cebwRiC3+6oa4Y4="},"indexInfo":{"baseKey":"BWNLtjf6UiG/s5drKGq3QDaivsmUPJT0ZR2hdAfWnXZ/","baseKeyType":1,"closed":-1,"used":1746645162329,"created":1746645162329,"remoteIdentityKey":"BRj3OXoAs1D/lvf9gMtERSwnr23kwSZMC4phqsEctuso"},"_chains":{"BZ8auGynnMNWfqYGS8Q1Bk/XAji5Pa3vll2g0Aik23cg":{"chainKey":{"counter":0,"key":"etM7cmDKiuz6ckc7J4Vk/7vmHi0Laea5LKrlnNX+jSU="},"chainType":1,"messageKeys":{}}},"pendingPreKey":{"signedKeyId":2,"baseKey":"BWNLtjf6UiG/s5drKGq3QDaivsmUPJT0ZR2hdAfWnXZ/","preKeyId":5140882}}},"version":"v1"}