{"_sessions":{"BYJwTV8feJe/QVlmh+1Bb6TVqfkWjx1Tbfozpf23B+Eb":{"registrationId":1421802998,"currentRatchet":{"ephemeralKeyPair":{"pubKey":"BatkkPPWJKOyg806BhBJAurHC04Y56I1HQ+T33rGP/8z","privKey":"eNxvHOgwOeez5iPSPWHGWbJC11y1BuiA4eOt4uNf80Y="},"lastRemoteEphemeralKey":"BU4TgLTr36znHZ0mj1SZrhZk6piSh5JutW23cPkz/K83","previousCounter":0,"rootKey":"8NH8mkAEgTBIllXEk58QD6wZ/uogetNDHNKbLBVMgZ4="},"indexInfo":{"baseKey":"BYJwTV8feJe/QVlmh+1Bb6TVqfkWjx1Tbfozpf23B+Eb","baseKeyType":1,"closed":1746627382703,"used":1746627362721,"created":1746627362721,"remoteIdentityKey":"BdF9flwqm2HuPf8+rA1YsiZ9wf535wVMVo5BYziMmYZq"},"_chains":{"BatkkPPWJKOyg806BhBJAurHC04Y56I1HQ+T33rGP/8z":{"chainKey":{"counter":0,"key":"ULPdOSeoRcGtMoY7O2SoGqZuxlEyhkNn3HXCmjcBuiw="},"chainType":1,"messageKeys":{}}},"pendingPreKey":{"signedKeyId":9,"baseKey":"BYJwTV8feJe/QVlmh+1Bb6TVqfkWjx1Tbfozpf23B+Eb","preKeyId":7610664}},"BQwylhN5D9OUEFcto4bTAFuppb91p4lh6VT/ZxF6dSEC":{"registrationId":1421802998,"currentRatchet":{"ephemeralKeyPair":{"pubKey":"Ba8KPI/C9NrYcRV6KHFG2ubRj6agrJyuBLXMkLODd7gE","privKey":"uMgTXcJBaZSNcXp6fORSsTZUOqPWSNbcuu+ehKEjYVA="},"lastRemoteEphemeralKey":"BU4TgLTr36znHZ0mj1SZrhZk6piSh5JutW23cPkz/K83","previousCounter":0,"rootKey":"x9arOwbWLINFMKk3i57kW+Cf0BwzFrrbzdnqXwzEkzk="},"indexInfo":{"baseKey":"BQwylhN5D9OUEFcto4bTAFuppb91p4lh6VT/ZxF6dSEC","baseKeyType":1,"closed":1746627404941,"used":1746627382099,"created":1746627382099,"remoteIdentityKey":"BdF9flwqm2HuPf8+rA1YsiZ9wf535wVMVo5BYziMmYZq"},"_chains":{"Ba8KPI/C9NrYcRV6KHFG2ubRj6agrJyuBLXMkLODd7gE":{"chainKey":{"counter":0,"key":"VunyRP/aKuQrfFRl8ZD22gU8DL4hmbxBFvWOiGMmF9s="},"chainType":1,"messageKeys":{}}},"pendingPreKey":{"signedKeyId":9,"baseKey":"BQwylhN5D9OUEFcto4bTAFuppb91p4lh6VT/ZxF6dSEC","preKeyId":7611462}},"BR0JNrlWUV0DjhhgqzDcIvWkIIHdOFm4jsiKm74ed04x":{"registrationId":1421802998,"currentRatchet":{"ephemeralKeyPair":{"pubKey":"BfNRGsKRcxOAjYI4o2hF0QX8E4dNovvTAbNJaLPBvxEq","privKey":"IAS8++FKhWW/YLiyVfoe+UunsnHi1y8G1s0vni6EokY="},"lastRemoteEphemeralKey":"BU4TgLTr36znHZ0mj1SZrhZk6piSh5JutW23cPkz/K83","previousCounter":0,"rootKey":"4gcrq7GTOtEwOA6bz+W68yoIHNYQN72dpOXCU47N0lw="},"indexInfo":{"baseKey":"BR0JNrlWUV0DjhhgqzDcIvWkIIHdOFm4jsiKm74ed04x","baseKeyType":1,"closed":-1,"used":1746627404832,"created":1746627404832,"remoteIdentityKey":"BdF9flwqm2HuPf8+rA1YsiZ9wf535wVMVo5BYziMmYZq"},"_chains":{"BfNRGsKRcxOAjYI4o2hF0QX8E4dNovvTAbNJaLPBvxEq":{"chainKey":{"counter":3,"key":"cpLXyrglU3pfq9aAXZUsdRLdWiAVNfw7PsDUel4n4S0="},"chainType":1,"messageKeys":{}}},"pendingPreKey":{"signedKeyId":9,"baseKey":"BR0JNrlWUV0DjhhgqzDcIvWkIIHdOFm4jsiKm74ed04x","preKeyId":7610668}}},"version":"v1"}