{"_sessions":{"BSHRb2FRWFIt5dQvPhwUh7RIDrE9OB6r5CTFEChMTx9M":{"registrationId":2068067659,"currentRatchet":{"ephemeralKeyPair":{"pubKey":"BQx32f6pJX/WsyOjb5FV/tXqyPM2g7wjvI1091725KlZ","privKey":"eH20N/AsT9LiI7P8VNNaBp5l4hzgbkp5e3/XjfZXEFQ="},"lastRemoteEphemeralKey":"BfoidA2+jGQRwhR9MA/p3/5p9WYmiZ1v26BV7f1Covsd","previousCounter":0,"rootKey":"AlHybBebF+epyvaXpRkdVSU/kr6ya9sAH2mZVFyxXmc="},"indexInfo":{"baseKey":"BSHRb2FRWFIt5dQvPhwUh7RIDrE9OB6r5CTFEChMTx9M","baseKeyType":1,"closed":-1,"used":1746644956675,"created":1746644956675,"remoteIdentityKey":"BZSCux6WfEt28HecfRzf9Y2aWjGd+cnNE6OOis8IScku"},"_chains":{"BQx32f6pJX/WsyOjb5FV/tXqyPM2g7wjvI1091725KlZ":{"chainKey":{"counter":1,"key":"cN9pw1wef+UKHu+5BNYWM1/L+hGdDvEH7zMG2Y07Vi8="},"chainType":1,"messageKeys":{}}},"pendingPreKey":{"signedKeyId":11,"baseKey":"BSHRb2FRWFIt5dQvPhwUh7RIDrE9OB6r5CTFEChMTx9M","preKeyId":2040132}}},"version":"v1"}