{"_sessions":{"BXI0O2+y3pTudepPwhaEmN2oax0n0ZpF+twj84Gto1sP":{"registrationId":1620740557,"currentRatchet":{"ephemeralKeyPair":{"pubKey":"BUt+Sx6+MO0VJ/m9VP4jQawqWuJefKWJlKxOMIlsEqU3","privKey":"MJeq4qZ3YapTIzXYQi5m2TiqKFrulQ5z503lqDFgoUE="},"lastRemoteEphemeralKey":"BY3O1WYf84h4ZkU2B1SUdp+uINKzR0Y6wKeHXRXU6YEU","previousCounter":0,"rootKey":"hyPSoeE1xydsYX8sLfFFljaqcQJEP+AMHkAShsIvXEs="},"indexInfo":{"baseKey":"BXI0O2+y3pTudepPwhaEmN2oax0n0ZpF+twj84Gto1sP","baseKeyType":1,"closed":-1,"used":1746644960065,"created":1746644960065,"remoteIdentityKey":"BWu0vej6p5Mpp0K69wqbUxlcd+eYaZJsJYMVRSr05mJW"},"_chains":{"BUt+Sx6+MO0VJ/m9VP4jQawqWuJefKWJlKxOMIlsEqU3":{"chainKey":{"counter":1,"key":"VzmpGPm9AxaGIn4ECIGOuHp69yjCh4tYa29srxUWRdw="},"chainType":1,"messageKeys":{}}},"pendingPreKey":{"signedKeyId":1,"baseKey":"BXI0O2+y3pTudepPwhaEmN2oax0n0ZpF+twj84Gto1sP","preKeyId":12522260}}},"version":"v1"}