{"_sessions":{"BaIyRpom2/QRtxyPCGEdZggZrHN/DuMkreMiEgXexoR1":{"registrationId":1133809582,"currentRatchet":{"ephemeralKeyPair":{"pubKey":"BZ+PekfrO/vkxpZKxq7BHqXegKNEp4UzLq+Q+59iUP9l","privKey":"aCQEug5HrM5HI7IVrBZJUVIuKO4nOzx6oJhohJZRVFg="},"lastRemoteEphemeralKey":"BaIqt96Ll0EXTyUxofneibppac9uM+dCi1IpdfWxNpAx","previousCounter":0,"rootKey":"+KPaWxbFBeWhpK9iPHDb+qC7Aw2eF9kqIafTsvAmncE="},"indexInfo":{"baseKey":"BaIyRpom2/QRtxyPCGEdZggZrHN/DuMkreMiEgXexoR1","baseKeyType":1,"closed":-1,"used":1746645158697,"created":1746645158697,"remoteIdentityKey":"BR8xbTiEHNM0rO/swjGRGVftplUywi0ovYubExh49jpn"},"_chains":{"BZ+PekfrO/vkxpZKxq7BHqXegKNEp4UzLq+Q+59iUP9l":{"chainKey":{"counter":0,"key":"M+WgwyOb7PZJBLc0PPgrrpUIE8eL3MU4WP/GP+cZMJU="},"chainType":1,"messageKeys":{}}},"pendingPreKey":{"signedKeyId":1,"baseKey":"BaIyRpom2/QRtxyPCGEdZggZrHN/DuMkreMiEgXexoR1","preKeyId":8976112}}},"version":"v1"}