{"_sessions":{"BWFzKqw3MS9WhwmBWEeQq52xS+lxOroV6cTrTC8No1t6":{"registrationId":368227284,"currentRatchet":{"ephemeralKeyPair":{"pubKey":"BQUep+8ON+A5D5CXWch92rUMT0ZahI81tz4MD/XGwxkB","privKey":"IGWh5MECtCnnHH4vzNfTnx5K0w0+/UuyqrCm4qwL42E="},"lastRemoteEphemeralKey":"BSaNIDtKVuL5frxKmClgeyv5VnLc/+ImdxOPuBBlMcdQ","previousCounter":0,"rootKey":"V7q+B67D2PSfLF4DDmmYgBryQ0kh+e/dEF+v+13U2WA="},"indexInfo":{"baseKey":"BWFzKqw3MS9WhwmBWEeQq52xS+lxOroV6cTrTC8No1t6","baseKeyType":1,"closed":-1,"used":1746645070426,"created":1746645070426,"remoteIdentityKey":"BbLT2rvkO3VbdFTWjaARw63bkkUYVojroRzewpDq5gxc"},"_chains":{"BQUep+8ON+A5D5CXWch92rUMT0ZahI81tz4MD/XGwxkB":{"chainKey":{"counter":0,"key":"PTohhNntUr/fW+m583DaeYvoFlnTnd0mC3dsy6PX3rI="},"chainType":1,"messageKeys":{}}},"pendingPreKey":{"signedKeyId":3,"baseKey":"BWFzKqw3MS9WhwmBWEeQq52xS+lxOroV6cTrTC8No1t6","preKeyId":9790830}}},"version":"v1"}