{"_sessions":{"BVKdVT7IjyMc1fbUl7gvv79MSozud/hO8YGtQgQLeeZa":{"registrationId":1074829819,"currentRatchet":{"ephemeralKeyPair":{"pubKey":"BQxJ7eEq9CiGQ7L+Gt+AOMR3ZUJgGsF3AxN2VCZGQHwt","privKey":"YPtc54EAEfgCCVYgN1obHGQIRCGtteAK82TupJc5Z30="},"lastRemoteEphemeralKey":"BQY+bLREVOaBekla7vQK3LeZ6MRHxWBnwoKNuQKjsesd","previousCounter":0,"rootKey":"d77rSRP3gbaVaZpsk8sn9IAbgTa/GDVXdbgH+MxyoBc="},"indexInfo":{"baseKey":"BVKdVT7IjyMc1fbUl7gvv79MSozud/hO8YGtQgQLeeZa","baseKeyType":1,"closed":1746627386521,"used":1746627366017,"created":1746627366017,"remoteIdentityKey":"BS5uNTMkRrXNbMSh85wYYZ3DAtDVIP/+2gPe6doN0VgT"},"_chains":{"BQxJ7eEq9CiGQ7L+Gt+AOMR3ZUJgGsF3AxN2VCZGQHwt":{"chainKey":{"counter":0,"key":"u6Sm2HY5lEtKGSGkjE3BVeoiRLNKDL4PFN2mv7PTAGQ="},"chainType":1,"messageKeys":{}}},"pendingPreKey":{"signedKeyId":6,"baseKey":"BVKdVT7IjyMc1fbUl7gvv79MSozud/hO8YGtQgQLeeZa","preKeyId":4498226}},"BX3XiVPZbgrr9x5oYQ8ENqXdsdDPIKNgUrlar6IFbZYA":{"registrationId":1074829819,"currentRatchet":{"ephemeralKeyPair":{"pubKey":"BWnUZqIw6Hpp8LXr0+AH9ac73GA/w2htVJD67HRTITls","privKey":"uG8F/XlTgkCouPX/cZR/AzH5e4ynrsbgj/gEVVFCqn8="},"lastRemoteEphemeralKey":"BQY+bLREVOaBekla7vQK3LeZ6MRHxWBnwoKNuQKjsesd","previousCounter":0,"rootKey":"6zM1KRMG7sB8B+k+EDpOwZA9ClNpjTIiIg6F2X6Ej5M="},"indexInfo":{"baseKey":"BX3XiVPZbgrr9x5oYQ8ENqXdsdDPIKNgUrlar6IFbZYA","baseKeyType":1,"closed":1746627408744,"used":1746627386093,"created":1746627386093,"remoteIdentityKey":"BS5uNTMkRrXNbMSh85wYYZ3DAtDVIP/+2gPe6doN0VgT"},"_chains":{"BWnUZqIw6Hpp8LXr0+AH9ac73GA/w2htVJD67HRTITls":{"chainKey":{"counter":0,"key":"ouTKlvmzRK1BT2cc1MlG4n1568O611g68ApzPz2nnBQ="},"chainType":1,"messageKeys":{}}},"pendingPreKey":{"signedKeyId":6,"baseKey":"BX3XiVPZbgrr9x5oYQ8ENqXdsdDPIKNgUrlar6IFbZYA","preKeyId":4498364}},"Bao8zbHSRKooTkLDA3eh4OOocfkXs4uiQa2OWULKXkFH":{"registrationId":1074829819,"currentRatchet":{"ephemeralKeyPair":{"pubKey":"BYN0C8mleAT6Vvv5cQ4g88dxoB2f6uW+IIqKHjCIThVQ","privKey":"iCmOPFsfQvIF8amXoeK8a0eRV5DBgZ//9ER6zrNFw2E="},"lastRemoteEphemeralKey":"BQY+bLREVOaBekla7vQK3LeZ6MRHxWBnwoKNuQKjsesd","previousCounter":0,"rootKey":"/DFEK9iuNRjW/vGSWmIqwFTYNh9+iB2ThHcFBO7lWdo="},"indexInfo":{"baseKey":"Bao8zbHSRKooTkLDA3eh4OOocfkXs4uiQa2OWULKXkFH","baseKeyType":1,"closed":-1,"used":1746627408416,"created":1746627408416,"remoteIdentityKey":"BS5uNTMkRrXNbMSh85wYYZ3DAtDVIP/+2gPe6doN0VgT"},"_chains":{"BYN0C8mleAT6Vvv5cQ4g88dxoB2f6uW+IIqKHjCIThVQ":{"chainKey":{"counter":3,"key":"CUQzqZkpCzOqxHcp4dfSNuKIWQFP8y65uwSQNTUrZvU="},"chainType":1,"messageKeys":{}}},"pendingPreKey":{"signedKeyId":6,"baseKey":"Bao8zbHSRKooTkLDA3eh4OOocfkXs4uiQa2OWULKXkFH","preKeyId":4498415}}},"version":"v1"}