{"_sessions":{"Bbk2iocd9W8QaaOnp7ndXg9vJSkOPoi0ACZ3U6DuEqUF":{"registrationId":28900771,"currentRatchet":{"ephemeralKeyPair":{"pubKey":"BeCX2GwM8Q39lOfwrIgvNhTG9WEBEPCK7kZkteaBrvp/","privKey":"4BGBAO1Ji/f6N2jSVPaTU6TyylAXns1slePNbGQPmWg="},"lastRemoteEphemeralKey":"Bf8BDAj1guhK7TXirY+oCyFfSczDtdaO6Q87TvdU9B05","previousCounter":0,"rootKey":"I8oZL6Jv7kh5AyGj0cTGujD2ASKl5gE2btwYM/13XBg="},"indexInfo":{"baseKey":"Bbk2iocd9W8QaaOnp7ndXg9vJSkOPoi0ACZ3U6DuEqUF","baseKeyType":1,"closed":1746627386566,"used":1746627366164,"created":1746627366164,"remoteIdentityKey":"BaOKhuel8kHD1BLPm923DxP4G/gTnW9Hf9ksFfsKWqBd"},"_chains":{"BeCX2GwM8Q39lOfwrIgvNhTG9WEBEPCK7kZkteaBrvp/":{"chainKey":{"counter":0,"key":"Dg3nkHtA8BF/SHEsZx7v6nFjEDCBYhkWTS9yX4ChcQQ="},"chainType":1,"messageKeys":{}}},"pendingPreKey":{"signedKeyId":1,"baseKey":"Bbk2iocd9W8QaaOnp7ndXg9vJSkOPoi0ACZ3U6DuEqUF","preKeyId":16104312}},"BajYVHzen+k3FRvZ6CzkkZ1KMsCHpBZvnm/JWKKP26x7":{"registrationId":28900771,"currentRatchet":{"ephemeralKeyPair":{"pubKey":"BW9HOamXSYM6szTHCGUJWY2yd/cv3aDWsoBGmoDRwwAI","privKey":"4MhpXD5RmMgKqUsWyJOWci197PC8gCAfWwrVljVbK18="},"lastRemoteEphemeralKey":"Bf8BDAj1guhK7TXirY+oCyFfSczDtdaO6Q87TvdU9B05","previousCounter":0,"rootKey":"TN1xcALGzetrq4RXW79TagKTkEma8gLhQWyXQFp/kUY="},"indexInfo":{"baseKey":"BajYVHzen+k3FRvZ6CzkkZ1KMsCHpBZvnm/JWKKP26x7","baseKeyType":1,"closed":1746627408777,"used":1746627386280,"created":1746627386280,"remoteIdentityKey":"BaOKhuel8kHD1BLPm923DxP4G/gTnW9Hf9ksFfsKWqBd"},"_chains":{"BW9HOamXSYM6szTHCGUJWY2yd/cv3aDWsoBGmoDRwwAI":{"chainKey":{"counter":0,"key":"cR5nNN3iPBKDf/804+M1cGvMcucZKLlWiwui/P+1/+4="},"chainType":1,"messageKeys":{}}},"pendingPreKey":{"signedKeyId":1,"baseKey":"BajYVHzen+k3FRvZ6CzkkZ1KMsCHpBZvnm/JWKKP26x7","preKeyId":16104344}},"BSFd27rFrWCcZ9jAyi4Eq3GMOwatgb3EN/Bw4PWVxnk8":{"registrationId":28900771,"currentRatchet":{"ephemeralKeyPair":{"pubKey":"BTl5jm4+Haj8TVahpGJRmkUpNEvQ9o5z5uEUnK1rCgdj","privKey":"SIWkT6667LlDZX9rP0+4WaeZUON65IKop35A2SPJhkU="},"lastRemoteEphemeralKey":"Bf8BDAj1guhK7TXirY+oCyFfSczDtdaO6Q87TvdU9B05","previousCounter":0,"rootKey":"Af7V21jmCg9in8OblpLFdl1GGiyOginIfsLHmhBzjWU="},"indexInfo":{"baseKey":"BSFd27rFrWCcZ9jAyi4Eq3GMOwatgb3EN/Bw4PWVxnk8","baseKeyType":1,"closed":-1,"used":1746627408573,"created":1746627408573,"remoteIdentityKey":"BaOKhuel8kHD1BLPm923DxP4G/gTnW9Hf9ksFfsKWqBd"},"_chains":{"BTl5jm4+Haj8TVahpGJRmkUpNEvQ9o5z5uEUnK1rCgdj":{"chainKey":{"counter":3,"key":"TliJL7nPysDVkYoR9Bm4eIcvBvMKZU1LdO99Hfg1Bj0="},"chainType":1,"messageKeys":{}}},"pendingPreKey":{"signedKeyId":1,"baseKey":"BSFd27rFrWCcZ9jAyi4Eq3GMOwatgb3EN/Bw4PWVxnk8","preKeyId":16103600}}},"version":"v1"}