{"_sessions":{"BQBUvOY/6qmkseVs5pGF2/iSNq/ZAyMMe7ipXXwR9tZG":{"registrationId":1035082544,"currentRatchet":{"ephemeralKeyPair":{"pubKey":"BfGv/jmY8sf9hZApoYPBRTKxBLEIGePTNw1hhPGnh/Il","privKey":"SEH0wrQNXH/BkmlwWEYSO04t3Lq2CArc5ZxI7T3Z2WI="},"lastRemoteEphemeralKey":"Bbt8y46lVywETnu69VWbYJpQdQ3SV8V1Xe3S8K4+kIEe","previousCounter":0,"rootKey":"iDRLdlfXbWQR7f+qOkNK2Os/tR8/kEKGDRrysCxEMvI="},"indexInfo":{"baseKey":"BQBUvOY/6qmkseVs5pGF2/iSNq/ZAyMMe7ipXXwR9tZG","baseKeyType":1,"closed":-1,"used":1746639403356,"created":1746639403356,"remoteIdentityKey":"BbhJFmcR6d+LJIhdjcnpe1TKAZcULvSp+4SEXDcbi8tb"},"_chains":{"BfGv/jmY8sf9hZApoYPBRTKxBLEIGePTNw1hhPGnh/Il":{"chainKey":{"counter":0,"key":"ii/zpUJ20wum9FjmLiesKk+bGBIbtIorRObMS6ZN2eY="},"chainType":1,"messageKeys":{}}},"pendingPreKey":{"signedKeyId":6,"baseKey":"BQBUvOY/6qmkseVs5pGF2/iSNq/ZAyMMe7ipXXwR9tZG","preKeyId":9522600}}},"version":"v1"}