{"_sessions":{"Bf0psk5MjKcdDdpbsRSXWqaTMU+p30NC5aXaRvZ97jp4":{"registrationId":1127052732,"currentRatchet":{"ephemeralKeyPair":{"pubKey":"BSBnKOMF8IDQpkqIUYj2/CQKl2qVu5zp1WeCTkD0nnxi","privKey":"yAMsl/IIY22j1Ec98xNEbYRFpdGWUlg2NXSophL6Emw="},"lastRemoteEphemeralKey":"BQoaj+AHUwJ5W5AAXcqQ451YKa4f8kD6JO/kwdiD7mMO","previousCounter":0,"rootKey":"oK1OYOyv6Affx8fepLZ+iYSP7IFAphAY3wviKjk3ifo="},"indexInfo":{"baseKey":"Bf0psk5MjKcdDdpbsRSXWqaTMU+p30NC5aXaRvZ97jp4","baseKeyType":1,"closed":1746627382487,"used":1746627362547,"created":1746627362547,"remoteIdentityKey":"BZSl1U5rEkFOTr/pSFdn7qiRecIszuGcKQ0PKFMqkxYs"},"_chains":{"BSBnKOMF8IDQpkqIUYj2/CQKl2qVu5zp1WeCTkD0nnxi":{"chainKey":{"counter":0,"key":"F6xnwetJv5KJBPOIN8oyGsK7wqAkZJTj8uZpRcBDbMs="},"chainType":1,"messageKeys":{}}},"pendingPreKey":{"signedKeyId":2,"baseKey":"Bf0psk5MjKcdDdpbsRSXWqaTMU+p30NC5aXaRvZ97jp4","preKeyId":2852351}},"BVkW/29Y6frd5szuoLxX1dV8cKZVQQCZTV9ODW/drVVl":{"registrationId":1127052732,"currentRatchet":{"ephemeralKeyPair":{"pubKey":"BXHOIkVa1sb/scpTLH7Zb14b1zz9ceqABEMJJNXVA2Vc","privKey":"+KEhDwaNzUh2tKUzJso1WfFmSqdioyNxJyBbX6afmUY="},"lastRemoteEphemeralKey":"BQoaj+AHUwJ5W5AAXcqQ451YKa4f8kD6JO/kwdiD7mMO","previousCounter":0,"rootKey":"o2QsudVDNjMQeLtmn1Eeq0NxdFlLeYT3bTDsCYIuRGM="},"indexInfo":{"baseKey":"BVkW/29Y6frd5szuoLxX1dV8cKZVQQCZTV9ODW/drVVl","baseKeyType":1,"closed":1746627404911,"used":1746627381948,"created":1746627381948,"remoteIdentityKey":"BZSl1U5rEkFOTr/pSFdn7qiRecIszuGcKQ0PKFMqkxYs"},"_chains":{"BXHOIkVa1sb/scpTLH7Zb14b1zz9ceqABEMJJNXVA2Vc":{"chainKey":{"counter":0,"key":"zAtvriPGIgNiExTuMAJ2nZCZikXVOGC01AfZrs1GgX4="},"chainType":1,"messageKeys":{}}},"pendingPreKey":{"signedKeyId":2,"baseKey":"BVkW/29Y6frd5szuoLxX1dV8cKZVQQCZTV9ODW/drVVl","preKeyId":2852330}},"BZ27mpRaZ3IIRySQWanaoQxiGVOJdyzzSGZcpga3tTcC":{"registrationId":1127052732,"currentRatchet":{"ephemeralKeyPair":{"pubKey":"BXPTSB09XfQuO2D04TARcxq1A2vYR0LNf4yQvbRYF2JY","privKey":"mOK/Jez0VXMgP4A9lL/j9lDnJNlCn6ahJeE6fSMHl1Y="},"lastRemoteEphemeralKey":"BQoaj+AHUwJ5W5AAXcqQ451YKa4f8kD6JO/kwdiD7mMO","previousCounter":0,"rootKey":"2VwX8QUOpyqChSVhkUUAqn8bWTitdyaC3hRwTnYCv28="},"indexInfo":{"baseKey":"BZ27mpRaZ3IIRySQWanaoQxiGVOJdyzzSGZcpga3tTcC","baseKeyType":1,"closed":-1,"used":1746627404710,"created":1746627404710,"remoteIdentityKey":"BZSl1U5rEkFOTr/pSFdn7qiRecIszuGcKQ0PKFMqkxYs"},"_chains":{"BXPTSB09XfQuO2D04TARcxq1A2vYR0LNf4yQvbRYF2JY":{"chainKey":{"counter":3,"key":"litJoxWcBeWWS0HJXj+JfhbgZ2npXeDqNwOcQ10m56c="},"chainType":1,"messageKeys":{}}},"pendingPreKey":{"signedKeyId":2,"baseKey":"BZ27mpRaZ3IIRySQWanaoQxiGVOJdyzzSGZcpga3tTcC","preKeyId":2852664}}},"version":"v1"}