{"_sessions":{"BWanxWy8/tcy58i1SbqmoiXHwmjpV7mz+0h8TULIlaND":{"registrationId":1949155101,"currentRatchet":{"ephemeralKeyPair":{"pubKey":"BTvrqXe3oFsExoeLpHRNnP7dDyLddA4S1c5v+wHGjV8D","privKey":"yOz1QsIDN/MTfFF6eK+twelz5O2ArXxzZK/vjzgg30c="},"lastRemoteEphemeralKey":"BaNJO90qdHKxKG+iUiHR3vMY+69Eqehf1Os2aXgqDhRq","previousCounter":0,"rootKey":"aV8c3dpYQnORymPxQ+fo8Y/r0l+nqlDBGWUqs14jpPw="},"indexInfo":{"baseKey":"BWanxWy8/tcy58i1SbqmoiXHwmjpV7mz+0h8TULIlaND","baseKeyType":1,"closed":1746627386549,"used":1746627366116,"created":1746627366116,"remoteIdentityKey":"BULllmPLWJnUu8OogYgGG2UI0CgM9Hsn1xtCZ0E1Cp0N"},"_chains":{"BTvrqXe3oFsExoeLpHRNnP7dDyLddA4S1c5v+wHGjV8D":{"chainKey":{"counter":0,"key":"VkkJocuBrseCxzUFEd/6SsNgnCXlp3gax+OeWiTqiYQ="},"chainType":1,"messageKeys":{}}},"pendingPreKey":{"signedKeyId":11,"baseKey":"BWanxWy8/tcy58i1SbqmoiXHwmjpV7mz+0h8TULIlaND","preKeyId":4792472}},"BUxUEIrfyn6B0rPLCrU0j2o0A6TQ3iZKPxtmi/46Le1n":{"registrationId":1949155101,"currentRatchet":{"ephemeralKeyPair":{"pubKey":"Bc32Pla/z5DcvLnJDdP5b+Nmzu6ql5B1D3ivBIigB55v","privKey":"MLKqzDPuMw0KjHg0egiACsr7JqFiW5/MxUPUnmuatV0="},"lastRemoteEphemeralKey":"BaNJO90qdHKxKG+iUiHR3vMY+69Eqehf1Os2aXgqDhRq","previousCounter":0,"rootKey":"LqlLJFz1K499/Rgn04q88pxCzNRLiF5l/STLUhlqw9U="},"indexInfo":{"baseKey":"BUxUEIrfyn6B0rPLCrU0j2o0A6TQ3iZKPxtmi/46Le1n","baseKeyType":1,"closed":1746627408766,"used":1746627386214,"created":1746627386213,"remoteIdentityKey":"BULllmPLWJnUu8OogYgGG2UI0CgM9Hsn1xtCZ0E1Cp0N"},"_chains":{"Bc32Pla/z5DcvLnJDdP5b+Nmzu6ql5B1D3ivBIigB55v":{"chainKey":{"counter":0,"key":"a/05qQ4Ssy3toImtlu5ZvehexW5wUT51EnVrn2Cc6E8="},"chainType":1,"messageKeys":{}}},"pendingPreKey":{"signedKeyId":11,"baseKey":"BUxUEIrfyn6B0rPLCrU0j2o0A6TQ3iZKPxtmi/46Le1n","preKeyId":4792339}},"Bf5/FdZhd3zJBXwZOd0Jq7XyHBQkzFkm5mMECp3GNjgT":{"registrationId":1949155101,"currentRatchet":{"ephemeralKeyPair":{"pubKey":"BXHFop3aB/DCj32mhJ/MQcTjrPdrvWw7U67ttn/W0VZU","privKey":"OA0/QqY73t90tVTMPWfwgdj1F2W/iq9+FekMi4bOGmg="},"lastRemoteEphemeralKey":"BaNJO90qdHKxKG+iUiHR3vMY+69Eqehf1Os2aXgqDhRq","previousCounter":0,"rootKey":"7aeBXlpnxMriEHgQr7KaaFFtvFNdganh2y0089Oc0vg="},"indexInfo":{"baseKey":"Bf5/FdZhd3zJBXwZOd0Jq7XyHBQkzFkm5mMECp3GNjgT","baseKeyType":1,"closed":-1,"used":1746627408513,"created":1746627408513,"remoteIdentityKey":"BULllmPLWJnUu8OogYgGG2UI0CgM9Hsn1xtCZ0E1Cp0N"},"_chains":{"BXHFop3aB/DCj32mhJ/MQcTjrPdrvWw7U67ttn/W0VZU":{"chainKey":{"counter":3,"key":"Rl9LmX3H0zmclwVbyZFNSVqrhU5WNI7cQP1ZEarrZ+Q="},"chainType":1,"messageKeys":{}}},"pendingPreKey":{"signedKeyId":11,"baseKey":"Bf5/FdZhd3zJBXwZOd0Jq7XyHBQkzFkm5mMECp3GNjgT","preKeyId":4792391}}},"version":"v1"}