{"_sessions":{"BT8pbiG7bavvpA18/sBSf8o29AjKdls7BeJgEawWJflM":{"registrationId":1972608066,"currentRatchet":{"ephemeralKeyPair":{"pubKey":"BR4V5vLxhEtr5uTPp1HjJwxmAhFRc4MJc5NhLYoS/RNy","privKey":"YPhjsAeMmKZw11GeUoP1+K2vKA/bjWq4VFXSQownik4="},"lastRemoteEphemeralKey":"BZy77/Y6imUQgASTmQ/NTKw1mp8FAXi/gELQgmQY+Kwv","previousCounter":0,"rootKey":"pBdkhfEW0yd+bMQsA7fH8gc3s0Tg5AiBOvDH7vy7EsU="},"indexInfo":{"baseKey":"BT8pbiG7bavvpA18/sBSf8o29AjKdls7BeJgEawWJflM","baseKeyType":1,"closed":-1,"used":1746612488516,"created":1746612488516,"remoteIdentityKey":"BWOFcjL6AZ29HbzLVX/e4ZQYc5t2HbE8jtB5lEyJx45U"},"_chains":{"BR4V5vLxhEtr5uTPp1HjJwxmAhFRc4MJc5NhLYoS/RNy":{"chainKey":{"counter":4,"key":"IlRGIXUtqCqIKLLAKFRTf+nn6Pm1Fmpcp8nxDDH8MMw="},"chainType":1,"messageKeys":{}}},"pendingPreKey":{"signedKeyId":7345599,"baseKey":"BT8pbiG7bavvpA18/sBSf8o29AjKdls7BeJgEawWJflM","preKeyId":12820}}},"version":"v1"}