{"_sessions":{"BcbuB9e83cp9/dyHhvarasPD3B6jWZzcIc9kcoJY+wxp":{"registrationId":1976273290,"currentRatchet":{"ephemeralKeyPair":{"pubKey":"BTAeYKAZ2N1p9pFTs4KTcg3gzvfK628hepUd+3BtfcNS","privKey":"gMDeO3/0zSYq+3euVC7CikmSfQaR4P/RPUC1TOFqREU="},"lastRemoteEphemeralKey":"BZfFXclsnnnPJMAwYJQOdPZVdaueHlZ+Fg45V3W34GJy","previousCounter":0,"rootKey":"1ixemE8AQnY8BxRDDXJpAZ7oL7vOoxxkBYBvrX+8KgM="},"indexInfo":{"baseKey":"BcbuB9e83cp9/dyHhvarasPD3B6jWZzcIc9kcoJY+wxp","baseKeyType":1,"closed":-1,"used":1746645070230,"created":1746645070230,"remoteIdentityKey":"BfM3C6JIC+2oyezSSgyIc6K3+L/KIOga7qP+uHA07bQA"},"_chains":{"BTAeYKAZ2N1p9pFTs4KTcg3gzvfK628hepUd+3BtfcNS":{"chainKey":{"counter":0,"key":"3UQTCkxiu6ypTPqoVBkn2Ng88eRg8m+jMfTyZzOCmlA="},"chainType":1,"messageKeys":{}}},"pendingPreKey":{"signedKeyId":3,"baseKey":"BcbuB9e83cp9/dyHhvarasPD3B6jWZzcIc9kcoJY+wxp","preKeyId":1560272}}},"version":"v1"}