{"_sessions":{"BSXLwPiQx8qRVHqlKQcn1DzZYuo0Mai1roYqJ/7M31xr":{"registrationId":2133300886,"currentRatchet":{"ephemeralKeyPair":{"pubKey":"BcDmLYZOABTqmgzp9ad382ehUyS0c97BLY463A09itgZ","privKey":"wDrdIbfziV2tChSUmEEUELJWQ6PgclUCBwx8C17kxkI="},"lastRemoteEphemeralKey":"BYmZ0eOcqDcgt9cUktQIpl+4BH8OzTyHU3mxxAZ0Kx89","previousCounter":0,"rootKey":"/hhx+G1+Fa5SD9BBbpN4oX37lv7362UsYa3hVa6fSN0="},"indexInfo":{"baseKey":"BSXLwPiQx8qRVHqlKQcn1DzZYuo0Mai1roYqJ/7M31xr","baseKeyType":1,"closed":1746627386503,"used":1746627365953,"created":1746627365953,"remoteIdentityKey":"BYHXOWrqTook6uHMhqTl72Tp77fjdyN+djZv7X8ybZEF"},"_chains":{"BcDmLYZOABTqmgzp9ad382ehUyS0c97BLY463A09itgZ":{"chainKey":{"counter":0,"key":"t3TkaCBbFwm0DjEu8u5VyQvC8GAk9sij2ciTFcVt9/g="},"chainType":1,"messageKeys":{}}},"pendingPreKey":{"signedKeyId":2,"baseKey":"BSXLwPiQx8qRVHqlKQcn1DzZYuo0Mai1roYqJ/7M31xr","preKeyId":12358125}},"BZuwT+kpl0uNEtfmZ8WCleRES5QByM2ajI0I3YyxULNq":{"registrationId":2133300886,"currentRatchet":{"ephemeralKeyPair":{"pubKey":"BRm4dVP2LxuIwWksPJp/g/NEkzZnSH6V+Dw+ES3hXVd2","privKey":"kLXYr3bYt7iBnGzt03oHYVqLnAcnG1Mclv/FnjrudEg="},"lastRemoteEphemeralKey":"BYmZ0eOcqDcgt9cUktQIpl+4BH8OzTyHU3mxxAZ0Kx89","previousCounter":0,"rootKey":"F8TJZ7D8JUt2xq1RilfnW8+KrBcjggV5AHE+OJP8V38="},"indexInfo":{"baseKey":"BZuwT+kpl0uNEtfmZ8WCleRES5QByM2ajI0I3YyxULNq","baseKeyType":1,"closed":1746627408732,"used":1746627386023,"created":1746627386023,"remoteIdentityKey":"BYHXOWrqTook6uHMhqTl72Tp77fjdyN+djZv7X8ybZEF"},"_chains":{"BRm4dVP2LxuIwWksPJp/g/NEkzZnSH6V+Dw+ES3hXVd2":{"chainKey":{"counter":0,"key":"h6IeoaAvNMKVEAv72KuIhipvi42YGM7kPZYlRI7E1Do="},"chainType":1,"messageKeys":{}}},"pendingPreKey":{"signedKeyId":2,"baseKey":"BZuwT+kpl0uNEtfmZ8WCleRES5QByM2ajI0I3YyxULNq","preKeyId":12358155}},"BQdSSxpMBHDbS7MaJgemftSpRIaoXM5u6jG+mPWOaWRx":{"registrationId":2133300886,"currentRatchet":{"ephemeralKeyPair":{"pubKey":"BYNLNa8RtNCMXnm+ZrbplaRkJuvPdKItcVaTfsUdKbkB","privKey":"2LxOYiUxSisyfow9xOtRCO2cDOtrg6rFEqtChO2ua3U="},"lastRemoteEphemeralKey":"BYmZ0eOcqDcgt9cUktQIpl+4BH8OzTyHU3mxxAZ0Kx89","previousCounter":0,"rootKey":"p4ae6/UHERZLopFCp6fmZfSaVDrizdU8HlNOwg+Qbaw="},"indexInfo":{"baseKey":"BQdSSxpMBHDbS7MaJgemftSpRIaoXM5u6jG+mPWOaWRx","baseKeyType":1,"closed":-1,"used":1746627408364,"created":1746627408364,"remoteIdentityKey":"BYHXOWrqTook6uHMhqTl72Tp77fjdyN+djZv7X8ybZEF"},"_chains":{"BYNLNa8RtNCMXnm+ZrbplaRkJuvPdKItcVaTfsUdKbkB":{"chainKey":{"counter":3,"key":"Fw+dGK+9RkcaYJ/G6EDYDPx4ibR4TR9o09SwGBB8m5w="},"chainType":1,"messageKeys":{}}},"pendingPreKey":{"signedKeyId":2,"baseKey":"BQdSSxpMBHDbS7MaJgemftSpRIaoXM5u6jG+mPWOaWRx","preKeyId":12358320}}},"version":"v1"}