{"_sessions":{"BdoNznmTpDg6OnmVRQPt9Pj2+279RZKVEsqbi7N7Racn":{"registrationId":106416316,"currentRatchet":{"ephemeralKeyPair":{"pubKey":"BZ25WnwkJTt+iRXzby/OzhSZku83uasNG3mRGlMTnN9X","privKey":"eDl9ptpH7DDidEIK3n+P/bMR3kpa80V5mw0O8yM4b1A="},"lastRemoteEphemeralKey":"BXmMDXM4A8LJURaJR19uarEB6ujHts/ZycOllszQapML","previousCounter":0,"rootKey":"PFguCm3e3CIBtYywXPvzewIDZRrekK5wzcpI4t8CD1w="},"indexInfo":{"baseKey":"BdoNznmTpDg6OnmVRQPt9Pj2+279RZKVEsqbi7N7Racn","baseKeyType":1,"closed":-1,"used":1746645069673,"created":1746645069673,"remoteIdentityKey":"BUzCdCC4d6SQFQpE6NgjtZCY6AcrpOBc6oVuY18RMTRY"},"_chains":{"BZ25WnwkJTt+iRXzby/OzhSZku83uasNG3mRGlMTnN9X":{"chainKey":{"counter":0,"key":"A7MlZ9chCIr+u41/RaODrmTEeim3cP/O23rdc+zF9aQ="},"chainType":1,"messageKeys":{}}},"pendingPreKey":{"signedKeyId":4,"baseKey":"BdoNznmTpDg6OnmVRQPt9Pj2+279RZKVEsqbi7N7Racn"}}},"version":"v1"}