{"_sessions":{"BeXh0m/FBCJBUL3fke4HpkHadMco8aYOCp48rX66HMRX":{"registrationId":2023772235,"currentRatchet":{"ephemeralKeyPair":{"pubKey":"BRs5vLjAOOV7gN7SMrZ04cpyxi61FZd/5qlgtpg3lZhX","privKey":"uIbYY8OGrQUdX/g+aV02US8uKhUYVsnPSriFoPVlY2U="},"lastRemoteEphemeralKey":"BYyUO1p64sxNGFeYEL9ob7YYrlgJR3ztKXGN4tj5hUUQ","previousCounter":0,"rootKey":"6zgmfojSHO0IDX6sIUDZySYRzf94Uzh9GzpeCXatiPs="},"indexInfo":{"baseKey":"BeXh0m/FBCJBUL3fke4HpkHadMco8aYOCp48rX66HMRX","baseKeyType":1,"closed":-1,"used":1746645162482,"created":1746645162482,"remoteIdentityKey":"BVUdSWUO74ILXpJNnXxo2q0X5qrDedniDya8aC+p6VRM"},"_chains":{"BRs5vLjAOOV7gN7SMrZ04cpyxi61FZd/5qlgtpg3lZhX":{"chainKey":{"counter":0,"key":"SsnqXTjWjhVQD59N/wAprIlkkbt/rkBMNtwgde4w2ms="},"chainType":1,"messageKeys":{}}},"pendingPreKey":{"signedKeyId":2,"baseKey":"BeXh0m/FBCJBUL3fke4HpkHadMco8aYOCp48rX66HMRX","preKeyId":13542770}}},"version":"v1"}