{"_sessions":{"BeeTMwZfez6cFlUEVOudr2A0IWMOYwm8djCoC2QruydU":{"registrationId":105984395,"currentRatchet":{"ephemeralKeyPair":{"pubKey":"BYab+hgCFWTqIRoW2fo86WQCcdiHwq/Jv0yBL7Uh0aRl","privKey":"GDzKKtJ0jD+F1DWICMBr8X2Km35v/J+H/19jhUWQ2ns="},"lastRemoteEphemeralKey":"Bf3eBeLVjNv8LKfyKxFNk/7aX+wy/qwXIDNImr4Q6M8+","previousCounter":0,"rootKey":"lZPGa80kIXkIE9Ci1Go2egeyh4Zv/GqaxuRUrNl7rrA="},"indexInfo":{"baseKey":"BeeTMwZfez6cFlUEVOudr2A0IWMOYwm8djCoC2QruydU","baseKeyType":1,"closed":1746627386412,"used":1746627365696,"created":1746627365696,"remoteIdentityKey":"BbJoiZomhqy5CyI/wbjTHj7n6PYSlQpwPqHQAlGeBcJv"},"_chains":{"BYab+hgCFWTqIRoW2fo86WQCcdiHwq/Jv0yBL7Uh0aRl":{"chainKey":{"counter":0,"key":"EOiBsNDNbEnwnDaGvLLNuYFxhwfM/r00boxKkI8npcs="},"chainType":1,"messageKeys":{}}},"pendingPreKey":{"signedKeyId":3,"baseKey":"BeeTMwZfez6cFlUEVOudr2A0IWMOYwm8djCoC2QruydU","preKeyId":4822375}},"BZ1M+My6NL442Te02iHNY/S4y7i1LsowOVg+YQ9vXGdd":{"registrationId":105984395,"currentRatchet":{"ephemeralKeyPair":{"pubKey":"BVOnlihD4s/w6+mScvx6wB9YoeQ8x8e/WkgeZpGEeoc8","privKey":"yNSIGLSZT8e06Adq17C9VBcj3vmujzezF50bF3bwkkk="},"lastRemoteEphemeralKey":"Bf3eBeLVjNv8LKfyKxFNk/7aX+wy/qwXIDNImr4Q6M8+","previousCounter":0,"rootKey":"TQ6v40ltCvSGhjoDoSAuA6hlS6eQO9tREVQqmqrygCw="},"indexInfo":{"baseKey":"BZ1M+My6NL442Te02iHNY/S4y7i1LsowOVg+YQ9vXGdd","baseKeyType":1,"closed":1746627408666,"used":1746627385753,"created":1746627385753,"remoteIdentityKey":"BbJoiZomhqy5CyI/wbjTHj7n6PYSlQpwPqHQAlGeBcJv"},"_chains":{"BVOnlihD4s/w6+mScvx6wB9YoeQ8x8e/WkgeZpGEeoc8":{"chainKey":{"counter":0,"key":"X2fx5FnS3f+tz2tW6wIN99BclqrimnqA/ItANJQC2iU="},"chainType":1,"messageKeys":{}}},"pendingPreKey":{"signedKeyId":3,"baseKey":"BZ1M+My6NL442Te02iHNY/S4y7i1LsowOVg+YQ9vXGdd","preKeyId":4821707}},"BYZLKL74Nu9uMwV4noBFum9tzcI6J+EWeT/Ji74mrYhI":{"registrationId":105984395,"currentRatchet":{"ephemeralKeyPair":{"pubKey":"BbN/hKHQz76PlFmUIW7sUOQRfgPTpJ1/p4Hzki+dIiJD","privKey":"YOOx/p8nwRvHtmp9ogVm36ctP/0fzIbXolH2AJ7F0FU="},"lastRemoteEphemeralKey":"Bf3eBeLVjNv8LKfyKxFNk/7aX+wy/qwXIDNImr4Q6M8+","previousCounter":0,"rootKey":"aB/rehXOv0yQfMIe8yTAqp8YnsjFyX9YumV8kVdtT6E="},"indexInfo":{"baseKey":"BYZLKL74Nu9uMwV4noBFum9tzcI6J+EWeT/Ji74mrYhI","baseKeyType":1,"closed":-1,"used":1746627408130,"created":1746627408130,"remoteIdentityKey":"BbJoiZomhqy5CyI/wbjTHj7n6PYSlQpwPqHQAlGeBcJv"},"_chains":{"BbN/hKHQz76PlFmUIW7sUOQRfgPTpJ1/p4Hzki+dIiJD":{"chainKey":{"counter":3,"key":"CbzdhE4ygDtzcxAocHtFSRUXl0sxI8osiJwgPHCK5wA="},"chainType":1,"messageKeys":{}}},"pendingPreKey":{"signedKeyId":3,"baseKey":"BYZLKL74Nu9uMwV4noBFum9tzcI6J+EWeT/Ji74mrYhI","preKeyId":4822396}}},"version":"v1"}