{"_sessions":{"BX5+0JXtRlGWzkNYwyvvDx9kUwpSYRVztnLlfgAdNRYm":{"registrationId":904670162,"currentRatchet":{"ephemeralKeyPair":{"pubKey":"BermwMxzZ/awmv2xx5fjTXl9oqIAZ3qeK9GCyxOcSJpG","privKey":"IE4OLGX1cfnNsd8mI/0A9pdXL0wnpn906LV6aGYFdUg="},"lastRemoteEphemeralKey":"BfXKQr3Ez34m/N8lGnG1NjzBg5VDgpqzdTkGaKFVFzNa","previousCounter":0,"rootKey":"slAMmZBp1EHrM3tF8jjEIB+ABg3vX2kj+wqI6g+TMQg="},"indexInfo":{"baseKey":"BX5+0JXtRlGWzkNYwyvvDx9kUwpSYRVztnLlfgAdNRYm","baseKeyType":1,"closed":-1,"used":1746644960176,"created":1746644960176,"remoteIdentityKey":"BaT5gEL67ps9A15+P4Na08jEYGrsKg2CY75DNkh5VV9M"},"_chains":{"BermwMxzZ/awmv2xx5fjTXl9oqIAZ3qeK9GCyxOcSJpG":{"chainKey":{"counter":1,"key":"ixv6/yNH4ktFVdt9rzTUZMRICWhsYt95Y8xZc7DssF8="},"chainType":1,"messageKeys":{}}},"pendingPreKey":{"signedKeyId":10,"baseKey":"BX5+0JXtRlGWzkNYwyvvDx9kUwpSYRVztnLlfgAdNRYm"}}},"version":"v1"}