{"_sessions":{"BeR7cde7KYDER0ZZVEP2qAzAZVCVpDv9EgbKNzUX/ito":{"registrationId":1971140869,"currentRatchet":{"ephemeralKeyPair":{"pubKey":"BZ7Z5IV+0QMvL0nHEAdlN1EAqreswUWmQVwrIL6ap3gv","privKey":"SD1sOGGkxvs1H3vFaBkHLSwUbumwCHQ16xhKcZT/pUU="},"lastRemoteEphemeralKey":"BWUwvinVZu2ulD824/lLKWO1aluI2Z/KspCPRkn/JkdM","previousCounter":0,"rootKey":"j7XSPOJiKyBC78brQ2S8U80w5TYm9Q/O/TndHK/jrvw="},"indexInfo":{"baseKey":"BeR7cde7KYDER0ZZVEP2qAzAZVCVpDv9EgbKNzUX/ito","baseKeyType":1,"closed":-1,"used":1746645158706,"created":1746645158706,"remoteIdentityKey":"BUEKF+S5tbMU3Ri0pIKEwv4lsyaX/RfiUVgB+4jST5Eg"},"_chains":{"BZ7Z5IV+0QMvL0nHEAdlN1EAqreswUWmQVwrIL6ap3gv":{"chainKey":{"counter":0,"key":"MWN33LkeolhIYIoxvVwfihFOmfUvNG+2LcflF6HW0to="},"chainType":1,"messageKeys":{}}},"pendingPreKey":{"signedKeyId":16,"baseKey":"BeR7cde7KYDER0ZZVEP2qAzAZVCVpDv9EgbKNzUX/ito","preKeyId":14280177}}},"version":"v1"}