{"_sessions":{"BbteMNC2iE4XmKJ6ksRNSSlFT6BXMJPdaw3G4slPUCc9":{"registrationId":2125906724,"currentRatchet":{"ephemeralKeyPair":{"pubKey":"BfTEJY4fNgRo0vBKdkMh/K0sqA75VZV/agNjtePKG6xB","privKey":"KLMjTqwoddy0wNRhl1APN61JxLqB5BC1jvhfmQOgWm0="},"lastRemoteEphemeralKey":"BcvhQM2+jBa/XJsqAylJX0spmOs4kKymvcvj5AQn2n13","previousCounter":0,"rootKey":"7vbfzEBe8p6CGMk0YcsuW8slvpj2ZdTSdTfJhJT0wBs="},"indexInfo":{"baseKey":"BbteMNC2iE4XmKJ6ksRNSSlFT6BXMJPdaw3G4slPUCc9","baseKeyType":1,"closed":1746627386538,"used":1746627366078,"created":1746627366078,"remoteIdentityKey":"BXtVxCl0ISKGEfrGYZEtX5OW0jyA3MLxOA/i3GYMMn9d"},"_chains":{"BfTEJY4fNgRo0vBKdkMh/K0sqA75VZV/agNjtePKG6xB":{"chainKey":{"counter":0,"key":"Nbr3O7S/HOIZaQcJlCjyYpAxJJupcP9w2pSJCpCNIBM="},"chainType":1,"messageKeys":{}}},"pendingPreKey":{"signedKeyId":11,"baseKey":"BbteMNC2iE4XmKJ6ksRNSSlFT6BXMJPdaw3G4slPUCc9","preKeyId":5613819}},"BY2+njH+fs3tHuhLGfKpHwlXJ/VsYVrDTFuhVTPNh5Ya":{"registrationId":2125906724,"currentRatchet":{"ephemeralKeyPair":{"pubKey":"BZyN/TamiYKfQL+eIJYN9b0JTswQ0AAox4GVBKfJfBsO","privKey":"YMpkcO0GTULqH8wrvd7rB61uQX3FNJl2boB7oHAxInY="},"lastRemoteEphemeralKey":"BcvhQM2+jBa/XJsqAylJX0spmOs4kKymvcvj5AQn2n13","previousCounter":0,"rootKey":"5O7eQlNvPsAUPG7owbhhf74KEc5wZx/IKrojMi+Bdlk="},"indexInfo":{"baseKey":"BY2+njH+fs3tHuhLGfKpHwlXJ/VsYVrDTFuhVTPNh5Ya","baseKeyType":1,"closed":1746627408757,"used":1746627386162,"created":1746627386162,"remoteIdentityKey":"BXtVxCl0ISKGEfrGYZEtX5OW0jyA3MLxOA/i3GYMMn9d"},"_chains":{"BZyN/TamiYKfQL+eIJYN9b0JTswQ0AAox4GVBKfJfBsO":{"chainKey":{"counter":0,"key":"rXspmCQA1LpdYCLj9MCCkSV93VfDyerIiiIXJn+kFO0="},"chainType":1,"messageKeys":{}}},"pendingPreKey":{"signedKeyId":11,"baseKey":"BY2+njH+fs3tHuhLGfKpHwlXJ/VsYVrDTFuhVTPNh5Ya","preKeyId":5613971}},"BUhnsGdqLVhvByWlC/Ez6DHywhyCjL7cSUJjzf920C1c":{"registrationId":2125906724,"currentRatchet":{"ephemeralKeyPair":{"pubKey":"BQjKTNMVCHkJWHen+8R6s56OG74W0MJ0PVTE+3hEENAZ","privKey":"yBcHEU8AP/nn5eY2U9m7Bf+RUHaxJe9rExYJw2gg0W0="},"lastRemoteEphemeralKey":"BcvhQM2+jBa/XJsqAylJX0spmOs4kKymvcvj5AQn2n13","previousCounter":0,"rootKey":"LHfFw3R/9lNFtm7BRiXGySevZQXLaUq1vEYhV6scFXk="},"indexInfo":{"baseKey":"BUhnsGdqLVhvByWlC/Ez6DHywhyCjL7cSUJjzf920C1c","baseKeyType":1,"closed":-1,"used":1746627408472,"created":1746627408472,"remoteIdentityKey":"BXtVxCl0ISKGEfrGYZEtX5OW0jyA3MLxOA/i3GYMMn9d"},"_chains":{"BQjKTNMVCHkJWHen+8R6s56OG74W0MJ0PVTE+3hEENAZ":{"chainKey":{"counter":3,"key":"5bBx1/FY9BtC2uAcZMWxx59P+i3t4TSkQkV3w7S3TrI="},"chainType":1,"messageKeys":{}}},"pendingPreKey":{"signedKeyId":11,"baseKey":"BUhnsGdqLVhvByWlC/Ez6DHywhyCjL7cSUJjzf920C1c","preKeyId":5614367}}},"version":"v1"}