{"_sessions":{"BTGBlYC3txIIkPR6Z/+AMkmpD9Foi3JzU+hxQeKhCKlX":{"registrationId":1970973453,"currentRatchet":{"ephemeralKeyPair":{"pubKey":"BbwZ1ero746AHHAiwGHFVbr/0naC7KnsnzM1fGitfoge","privKey":"OH+A+kKXuBbahh4Nwym83qS3LjDWPX6PrB+/RmGC9XE="},"lastRemoteEphemeralKey":"BWXddYM5S8nCfRM2OH/L9pcUn5v3ri7/COgP9Jp1A1oO","previousCounter":0,"rootKey":"EnGnS5tTPB4brGoLfRGqOZ94qb+c9UnEW3OAeyPT2YA="},"indexInfo":{"baseKey":"BTGBlYC3txIIkPR6Z/+AMkmpD9Foi3JzU+hxQeKhCKlX","baseKeyType":1,"closed":1746627382706,"used":1746627362733,"created":1746627362733,"remoteIdentityKey":"BdaUF6NgyJoPvCnFdlbYg7u8Z1xFeoGLGPloNwarUx0/"},"_chains":{"BbwZ1ero746AHHAiwGHFVbr/0naC7KnsnzM1fGitfoge":{"chainKey":{"counter":0,"key":"QCHWmGMNq0qqhsmw2rkTb2mJ/TeWktdZlfU5ldZa4Wg="},"chainType":1,"messageKeys":{}}},"pendingPreKey":{"signedKeyId":15100553,"baseKey":"BTGBlYC3txIIkPR6Z/+AMkmpD9Foi3JzU+hxQeKhCKlX","preKeyId":12627}},"BRecMh21KxwleA4O2Jgi/zNAbMhPQRYj9Whi8GA3pvov":{"registrationId":1970973453,"currentRatchet":{"ephemeralKeyPair":{"pubKey":"BYlq0lqc0dJV9fnuiq0IFvvpQio4WnPVm85IFAIacBxm","privKey":"QDbSwal97hwI8YYiSKk5lUmP3I0RNGUo+H5CecN1Kms="},"lastRemoteEphemeralKey":"BWXddYM5S8nCfRM2OH/L9pcUn5v3ri7/COgP9Jp1A1oO","previousCounter":0,"rootKey":"fsh9QAbytp7sywG6FcihdMMatTfVJGPXC9MhBnrJHxs="},"indexInfo":{"baseKey":"BRecMh21KxwleA4O2Jgi/zNAbMhPQRYj9Whi8GA3pvov","baseKeyType":1,"closed":1746627404942,"used":1746627382108,"created":1746627382108,"remoteIdentityKey":"BdaUF6NgyJoPvCnFdlbYg7u8Z1xFeoGLGPloNwarUx0/"},"_chains":{"BYlq0lqc0dJV9fnuiq0IFvvpQio4WnPVm85IFAIacBxm":{"chainKey":{"counter":0,"key":"LNhLBNBuOJd+CwCf51WP7urMpocP1NA3RwKR0S56avg="},"chainType":1,"messageKeys":{}}},"pendingPreKey":{"signedKeyId":15100553,"baseKey":"BRecMh21KxwleA4O2Jgi/zNAbMhPQRYj9Whi8GA3pvov","preKeyId":12608}},"BVH7USl9pAwB2ajdDhgUxGr2OlWsw0RlhrX3Cfr53Kkf":{"registrationId":1970973453,"currentRatchet":{"ephemeralKeyPair":{"pubKey":"BU4RJAtCu/h+cLAxpU+DyfPz0Dvip3IFBUDefzDo+vt7","privKey":"iPfWRXG5bado4MuUCYUAQEjQCaTxFDDkl4WoVumhWEY="},"lastRemoteEphemeralKey":"BWXddYM5S8nCfRM2OH/L9pcUn5v3ri7/COgP9Jp1A1oO","previousCounter":0,"rootKey":"qI0TZ9XnAOmxldLPUKy7mjkybUjVDYTrwIqOzz7ifQQ="},"indexInfo":{"baseKey":"BVH7USl9pAwB2ajdDhgUxGr2OlWsw0RlhrX3Cfr53Kkf","baseKeyType":1,"closed":-1,"used":1746627404840,"created":1746627404840,"remoteIdentityKey":"BdaUF6NgyJoPvCnFdlbYg7u8Z1xFeoGLGPloNwarUx0/"},"_chains":{"BU4RJAtCu/h+cLAxpU+DyfPz0Dvip3IFBUDefzDo+vt7":{"chainKey":{"counter":3,"key":"LiRBSl1G4FSlRrTPdW/y3MW+8i8wMMSz6R4a1oEwaBs="},"chainType":1,"messageKeys":{}}},"pendingPreKey":{"signedKeyId":15100553,"baseKey":"BVH7USl9pAwB2ajdDhgUxGr2OlWsw0RlhrX3Cfr53Kkf","preKeyId":12820}}},"version":"v1"}