{"_sessions":{"BQ9jCTjDVfN0R/k/i7EYfHvIqhTuJ3gKtVYjzdf48D05":{"registrationId":1643612646,"currentRatchet":{"ephemeralKeyPair":{"pubKey":"BX41K55Y1Ru7sbdPgXEFkIzerfj1gmW02a1n2s+vzNRs","privKey":"OE7Qfk9jRBGsWFrfOu5+CNIPiOIOY6a+kXN9HoCwIVo="},"lastRemoteEphemeralKey":"Ba7NyNYqPhHmtNDYxXXnCESx7aiHUkkg9/SnLXcE12Ew","previousCounter":0,"rootKey":"mElQK8X5KtcLG4q8oVtjD6Y4TZLhh4Q/hiYY78uwOc0="},"indexInfo":{"baseKey":"BQ9jCTjDVfN0R/k/i7EYfHvIqhTuJ3gKtVYjzdf48D05","baseKeyType":1,"closed":-1,"used":1746644960271,"created":1746644960271,"remoteIdentityKey":"BZB54BdTBpzKDVh3S2sLgDL8meYLlyXFXxV0ro1Tsw02"},"_chains":{"BX41K55Y1Ru7sbdPgXEFkIzerfj1gmW02a1n2s+vzNRs":{"chainKey":{"counter":1,"key":"mGwSY2Fl5Sz2nFpLTi62t3qiGpUbUcuOXm+cH5zW+jY="},"chainType":1,"messageKeys":{}}},"pendingPreKey":{"signedKeyId":5,"baseKey":"BQ9jCTjDVfN0R/k/i7EYfHvIqhTuJ3gKtVYjzdf48D05","preKeyId":11440947}}},"version":"v1"}