{"_sessions":{"BV/vmUcfU7quPJji61TEWjpxEQv3TeEpXhYAZxae74V1":{"registrationId":2089611481,"currentRatchet":{"ephemeralKeyPair":{"pubKey":"BSVz7KgO8Z1RIcp38RymHQuOUqyvcmNUwdYbbNo/NfEb","privKey":"EOrVgObeqzx5Y+FlLvfIo+oeAyDOs+AG3Mw0RgJJE0k="},"lastRemoteEphemeralKey":"BQWhzi1+VQSZ62zXnD1MZZM3xVUVPWQediZl2IeIAX9k","previousCounter":0,"rootKey":"Yef2H16SapxZx8bcEg/UmqLhkX8beV9LBBfQ4sN6HnM="},"indexInfo":{"baseKey":"BV/vmUcfU7quPJji61TEWjpxEQv3TeEpXhYAZxae74V1","baseKeyType":1,"closed":1746627382450,"used":1746627362522,"created":1746627362522,"remoteIdentityKey":"BTX/jINe5hAuZ+KRgEHJ9JkjldHxPWmpf4fnBWVNW/Ao"},"_chains":{"BSVz7KgO8Z1RIcp38RymHQuOUqyvcmNUwdYbbNo/NfEb":{"chainKey":{"counter":0,"key":"5HYCnRC+cGwRVXU77SssuAnUHk6ZvgRnrkzjGiOCheg="},"chainType":1,"messageKeys":{}}},"pendingPreKey":{"signedKeyId":10,"baseKey":"BV/vmUcfU7quPJji61TEWjpxEQv3TeEpXhYAZxae74V1","preKeyId":3573902}},"BV4QAW0b+lPGbst+/G52bqd2HAHd3h8MHBpY6D/NcnN7":{"registrationId":2089611481,"currentRatchet":{"ephemeralKeyPair":{"pubKey":"BZzihNvV8tf6heMGy4G24+ECuANUQNzcHCfdYLdhavg9","privKey":"IK8yK0YFejEtX4n8bhx056wuoLJh6O0D4La/TUXzSH4="},"lastRemoteEphemeralKey":"BQWhzi1+VQSZ62zXnD1MZZM3xVUVPWQediZl2IeIAX9k","previousCounter":0,"rootKey":"9maW/i8sSiJEEtrq9ypOUn7IJnYwPTs9QBTdNVxvcPY="},"indexInfo":{"baseKey":"BV4QAW0b+lPGbst+/G52bqd2HAHd3h8MHBpY6D/NcnN7","baseKeyType":1,"closed":1746627404907,"used":1746627381922,"created":1746627381922,"remoteIdentityKey":"BTX/jINe5hAuZ+KRgEHJ9JkjldHxPWmpf4fnBWVNW/Ao"},"_chains":{"BZzihNvV8tf6heMGy4G24+ECuANUQNzcHCfdYLdhavg9":{"chainKey":{"counter":0,"key":"PDfeb9OQN1KASsNPfVuClcEVtYQWi/iuSy9YXDjhPZM="},"chainType":1,"messageKeys":{}}},"pendingPreKey":{"signedKeyId":10,"baseKey":"BV4QAW0b+lPGbst+/G52bqd2HAHd3h8MHBpY6D/NcnN7","preKeyId":3573992}},"BXWuq0w1GR1yCVGt1FVRsSzs9H8OTLzTz/DVS0r0j74S":{"registrationId":2089611481,"currentRatchet":{"ephemeralKeyPair":{"pubKey":"BThKaeru+dYeKvM9BU7PzfPbEf8TegnQY7O86Vuohk9M","privKey":"oKYtglW1Y54XzuLJy3OtvWX1IiJwtsW4u5bn5Z+R9ks="},"lastRemoteEphemeralKey":"BQWhzi1+VQSZ62zXnD1MZZM3xVUVPWQediZl2IeIAX9k","previousCounter":0,"rootKey":"UkxNCaU08oahIfRZNFZe7pdGJPSh3XtPzVU9qQSd0oI="},"indexInfo":{"baseKey":"BXWuq0w1GR1yCVGt1FVRsSzs9H8OTLzTz/DVS0r0j74S","baseKeyType":1,"closed":1746627430940,"used":1746627404693,"created":1746627404693,"remoteIdentityKey":"BTX/jINe5hAuZ+KRgEHJ9JkjldHxPWmpf4fnBWVNW/Ao"},"_chains":{"BThKaeru+dYeKvM9BU7PzfPbEf8TegnQY7O86Vuohk9M":{"chainKey":{"counter":0,"key":"vD/DbO0N0lY0chuSYXs2rVXK3LiYOIjw3R5BObIuGm4="},"chainType":1,"messageKeys":{}}},"pendingPreKey":{"signedKeyId":10,"baseKey":"BXWuq0w1GR1yCVGt1FVRsSzs9H8OTLzTz/DVS0r0j74S","preKeyId":3573948}},"BX/uNMQizFIjB1QpHm8NAjeAixe7mxJoaUDlJpGZcbpN":{"registrationId":2089611481,"currentRatchet":{"ephemeralKeyPair":{"pubKey":"Ba/Z6DbiVjRgldqPAETC9vCPizvJZdcZBK7ZntV5vsB5","privKey":"+CFkxPLURyhW688+vQ/A06PIuZPsPYkun8ok03mBjlE="},"lastRemoteEphemeralKey":"BUlFHNRZU+OP/p4PsBsvcXGmgB+RArVDuVXUUKe4cMhR","previousCounter":0,"rootKey":"uVhtuJ8VICnblpvSYMvr20gsAQ9I/zhvbrnnQ/mtLFw="},"indexInfo":{"baseKey":"BX/uNMQizFIjB1QpHm8NAjeAixe7mxJoaUDlJpGZcbpN","baseKeyType":2,"closed":-1,"used":1746627430944,"created":1746627430944,"remoteIdentityKey":"BTX/jINe5hAuZ+KRgEHJ9JkjldHxPWmpf4fnBWVNW/Ao"},"_chains":{"BUlFHNRZU+OP/p4PsBsvcXGmgB+RArVDuVXUUKe4cMhR":{"chainKey":{"counter":0,"key":"5VFhSrNE9I8DTbYiOd63/lGCiTi+KyUdHD0sHAV+Dak="},"chainType":2,"messageKeys":{}},"Ba/Z6DbiVjRgldqPAETC9vCPizvJZdcZBK7ZntV5vsB5":{"chainKey":{"counter":2,"key":"q3IJE2r2eCyLv0KYIM46W7W4CGumrQ6HMa6pauZnJX8="},"chainType":1,"messageKeys":{}}}}},"version":"v1"}