{"_sessions":{"BRlKxzb+7W7BLDGi0ATr0MykVGt0+96hp1cE4Jhf5TYR":{"registrationId":1628138638,"currentRatchet":{"ephemeralKeyPair":{"pubKey":"BXDu04+g6QAdtM3snNfJ90mfL85B161v/igAA3tWIrgX","privKey":"mAQZgVOB/7woj2lnxSwrzMb8cjiL57XMZsgJR6Tpn3o="},"lastRemoteEphemeralKey":"BdaW5ifejNiG0tjcVe1dhmyD0jVGOdz/2XNnmZKSXwpk","previousCounter":0,"rootKey":"Kh2V0YbWVqYwAcZUS4xltaotGM2DFOCxeHiKgNCStiQ="},"indexInfo":{"baseKey":"BRlKxzb+7W7BLDGi0ATr0MykVGt0+96hp1cE4Jhf5TYR","baseKeyType":1,"closed":-1,"used":1746645070167,"created":1746645070167,"remoteIdentityKey":"BXaQQveXsBF4k7mjxQoU00IptYr5YBFtYLNofPFoe9sx"},"_chains":{"BXDu04+g6QAdtM3snNfJ90mfL85B161v/igAA3tWIrgX":{"chainKey":{"counter":0,"key":"yV7gtIRFdnqVJZhh4Qclz4TA5XJXYVr8yiaP3fqrBRQ="},"chainType":1,"messageKeys":{}}},"pendingPreKey":{"signedKeyId":3,"baseKey":"BRlKxzb+7W7BLDGi0ATr0MykVGt0+96hp1cE4Jhf5TYR"}}},"version":"v1"}