{"_sessions":{"BQVMAGR/g9E5qv9+KM7sQDup/cHt5m7jXume0FoKUbt1":{"registrationId":1269619606,"currentRatchet":{"ephemeralKeyPair":{"pubKey":"BY2IctU0L9u2Nz8vdx5dTQX6NzjRV2C/gF/jpTu74Gtn","privKey":"kGAYZzfL3ezy2rDgmewz/dUtICNTQ71Nws7vzWZQHEM="},"lastRemoteEphemeralKey":"BeugO2T9yV2Sztmt7/sZHINgJ3VPq9MtLp6NTlQ2Y8Rm","previousCounter":0,"rootKey":"wWrA0zO/f5Wjc5kIaizlEf3BD+InaehfHgjT/ZmrZuU="},"indexInfo":{"baseKey":"BQVMAGR/g9E5qv9+KM7sQDup/cHt5m7jXume0FoKUbt1","baseKeyType":1,"closed":-1,"used":1746627450070,"created":1746627450070,"remoteIdentityKey":"BUQbDcH8SMXI4OLyi79mEf7k2PwlaRdiz95rmVsnYbIn"},"_chains":{"BY2IctU0L9u2Nz8vdx5dTQX6NzjRV2C/gF/jpTu74Gtn":{"chainKey":{"counter":0,"key":"y7LVPkmL73MXhvCsg7hONJIcB9FopAWMLDBRyJ1/GGY="},"chainType":1,"messageKeys":{}}},"pendingPreKey":{"signedKeyId":9,"baseKey":"BQVMAGR/g9E5qv9+KM7sQDup/cHt5m7jXume0FoKUbt1","preKeyId":9536150}}},"version":"v1"}