{"_sessions":{"BTknrEw1m7Dyl7xVlJHvwry8OKnFy97sDmymQyq1xq4N":{"registrationId":1772520889,"currentRatchet":{"ephemeralKeyPair":{"pubKey":"BWQirUhalakdBImkJkaiYCsySRy5/XNMyLbatn7Skb4d","privKey":"kKhj61Py61Dnl+6D/4PmJJI54wlzJfzKLAEq62xe6Vo="},"lastRemoteEphemeralKey":"BY80JArgMV02koO8TT75o889MnVrsWg9dMNrsqe9FQIO","previousCounter":0,"rootKey":"1GNBx0ONH1xKRMoUuHJglyqCttqR2e3+JS/oNaRYlNE="},"indexInfo":{"baseKey":"BTknrEw1m7Dyl7xVlJHvwry8OKnFy97sDmymQyq1xq4N","baseKeyType":1,"closed":-1,"used":1746644956683,"created":1746644956683,"remoteIdentityKey":"BaLYuIbZdDAOt4MvD1q1eXpHZmvxsqwDwPX82ASzekwM"},"_chains":{"BWQirUhalakdBImkJkaiYCsySRy5/XNMyLbatn7Skb4d":{"chainKey":{"counter":1,"key":"+ejURN16TcjWmZEeOW6uXoP4ZvkVe5pYsgybtf2fa6g="},"chainType":1,"messageKeys":{}}},"pendingPreKey":{"signedKeyId":1,"baseKey":"BTknrEw1m7Dyl7xVlJHvwry8OKnFy97sDmymQyq1xq4N","preKeyId":14853397}}},"version":"v1"}