{"_sessions":{"Bf8DZqfI9sWpueo8uhQ+fzmG0ojXWCrxTrnvz3i1Wzhp":{"registrationId":281271696,"currentRatchet":{"ephemeralKeyPair":{"pubKey":"Bdqusl5V43bUPVVAwCFe1psdLdR0F/zZxSAqRLzyTRsV","privKey":"UOCym+jVbSeNzonMDyBA/spZCV4Y3VHfd1nJnxet1HU="},"lastRemoteEphemeralKey":"BeDbP3+I2ea4mEkXSNdnaPgl76fVS2fCY4klzlFJWBhf","previousCounter":0,"rootKey":"04QDplHR1o4x0ZGuqBOWkGAiq+iH5jOndjSLnDp03Kg="},"indexInfo":{"baseKey":"Bf8DZqfI9sWpueo8uhQ+fzmG0ojXWCrxTrnvz3i1Wzhp","baseKeyType":1,"closed":-1,"used":1746645166079,"created":1746645166079,"remoteIdentityKey":"BW6/AewAYJtcFAGo/0MwlVTDUo3mULgnRe9wmbwrOaIS"},"_chains":{"Bdqusl5V43bUPVVAwCFe1psdLdR0F/zZxSAqRLzyTRsV":{"chainKey":{"counter":0,"key":"TZzYPhdDh6ZbKJlx4OsonXGEK2gkU/cZ1kwfQZhdsqI="},"chainType":1,"messageKeys":{}}},"pendingPreKey":{"signedKeyId":0,"baseKey":"Bf8DZqfI9sWpueo8uhQ+fzmG0ojXWCrxTrnvz3i1Wzhp","preKeyId":1715090}}},"version":"v1"}