{"_sessions":{"BSMZFArz8Vix0UJ5YVCqTYonOhXwtgMMUEBMkvHRNZIG":{"registrationId":2073548153,"currentRatchet":{"ephemeralKeyPair":{"pubKey":"BdCSNYlQ2EzFSvMtPFJtNVql7AY4vm/oj4vmG1jNU79h","privKey":"AF1/66+2hKhBonXgVKntk/EqUanQbKmX/toWt4Vc1E8="},"lastRemoteEphemeralKey":"BYm0cuST6QpCT0LOO6dGQYfjAjgzi1kafd73P6VnhNY2","previousCounter":0,"rootKey":"UcNY0xP7O8WxOw5XKEYihVsWuqRk92ANYraQdnU2Ppo="},"indexInfo":{"baseKey":"BSMZFArz8Vix0UJ5YVCqTYonOhXwtgMMUEBMkvHRNZIG","baseKeyType":1,"closed":-1,"used":1746645158468,"created":1746645158468,"remoteIdentityKey":"BRyO7QNeae1WPpX9jGkhMHV9v85d5kQQIpk+Pj001HJV"},"_chains":{"BdCSNYlQ2EzFSvMtPFJtNVql7AY4vm/oj4vmG1jNU79h":{"chainKey":{"counter":0,"key":"RvZ7iiC/ivOcMQBweXW6rDMtUE1NKmlKm6GO1swrE5M="},"chainType":1,"messageKeys":{}}},"pendingPreKey":{"signedKeyId":1,"baseKey":"BSMZFArz8Vix0UJ5YVCqTYonOhXwtgMMUEBMkvHRNZIG","preKeyId":1148597}}},"version":"v1"}