{"_sessions":{"BRM6UhqgNEUDzXWcAKIkk4pISUM8H+WdGBs+TeseBgkp":{"registrationId":60347417,"currentRatchet":{"ephemeralKeyPair":{"pubKey":"BfeDm6dax0+w2QNM5gOZX0hL/1PvhnN5zAe3Xddkw1Rr","privKey":"aOSj56+0LhD9xakLgNiffD9bLabWt1B8jHPn7LEvvn0="},"lastRemoteEphemeralKey":"BYCVNfuPVbh4P/TZZH0vixMrfmt3zGxp5FXr6+KkDEcX","previousCounter":0,"rootKey":"Ec2pDHlTTVOX5hq2Crxb/OD9o6wy0DUAYcfL+1W+9L8="},"indexInfo":{"baseKey":"BRM6UhqgNEUDzXWcAKIkk4pISUM8H+WdGBs+TeseBgkp","baseKeyType":1,"closed":1746627386500,"used":1746627365940,"created":1746627365940,"remoteIdentityKey":"BcDO5A1qJo1lsETebEGZ8zVt9amsFh350ihqL3ceiCFe"},"_chains":{"BfeDm6dax0+w2QNM5gOZX0hL/1PvhnN5zAe3Xddkw1Rr":{"chainKey":{"counter":0,"key":"jxaYJDbRd+6M+Hz50s7PdeyUnZ+5EWrBV+2cizFr+1c="},"chainType":1,"messageKeys":{}}},"pendingPreKey":{"signedKeyId":37,"baseKey":"BRM6UhqgNEUDzXWcAKIkk4pISUM8H+WdGBs+TeseBgkp","preKeyId":6605167}},"BSn3RGU9umJnYRzTay4DyR4zcKg8r0w5aTPHtvv0PSVo":{"registrationId":60347417,"currentRatchet":{"ephemeralKeyPair":{"pubKey":"BULjFygD/UB0uv6TvN4EbTDMvQqYvZBbDlaahlqOKHAv","privKey":"+Ol84AL79EgNn+uFNrNYDE6qCn5Wxvt7nY/UtTGCYVU="},"lastRemoteEphemeralKey":"BYCVNfuPVbh4P/TZZH0vixMrfmt3zGxp5FXr6+KkDEcX","previousCounter":0,"rootKey":"WXAw/+HQRpykCwbSUqHh8jl4rdmmTZRCYRPQWPmtYmk="},"indexInfo":{"baseKey":"BSn3RGU9umJnYRzTay4DyR4zcKg8r0w5aTPHtvv0PSVo","baseKeyType":1,"closed":1746627408729,"used":1746627386010,"created":1746627386010,"remoteIdentityKey":"BcDO5A1qJo1lsETebEGZ8zVt9amsFh350ihqL3ceiCFe"},"_chains":{"BULjFygD/UB0uv6TvN4EbTDMvQqYvZBbDlaahlqOKHAv":{"chainKey":{"counter":0,"key":"Lfd5E8spBoC3hiGuMqnDHZRhznfRNOeY96EKN5+mc8g="},"chainType":1,"messageKeys":{}}},"pendingPreKey":{"signedKeyId":37,"baseKey":"BSn3RGU9umJnYRzTay4DyR4zcKg8r0w5aTPHtvv0PSVo","preKeyId":6605822}},"Bbx6aNcZfDsPTTBxMg0PLT7AMKeQz2QXsVmyxEdBdlUH":{"registrationId":60347417,"currentRatchet":{"ephemeralKeyPair":{"pubKey":"BW4Z37fOD2Ilo90sNfn3ZOXwcSYUIKdXCCPsKdQXzcwk","privKey":"6Idm4preqaADKBApd6Xn6U8mLshK940D9BY4cp+awlg="},"lastRemoteEphemeralKey":"BYCVNfuPVbh4P/TZZH0vixMrfmt3zGxp5FXr6+KkDEcX","previousCounter":0,"rootKey":"26XcbrGWceY0y+DWcCreeqC07od1uFIyIz4IG7NuJko="},"indexInfo":{"baseKey":"Bbx6aNcZfDsPTTBxMg0PLT7AMKeQz2QXsVmyxEdBdlUH","baseKeyType":1,"closed":-1,"used":1746627408353,"created":1746627408353,"remoteIdentityKey":"BcDO5A1qJo1lsETebEGZ8zVt9amsFh350ihqL3ceiCFe"},"_chains":{"BW4Z37fOD2Ilo90sNfn3ZOXwcSYUIKdXCCPsKdQXzcwk":{"chainKey":{"counter":3,"key":"fDBVGAFjqbwpF2PHJYJWtFwmBpCLowE0+2lOEcIJlKQ="},"chainType":1,"messageKeys":{}}},"pendingPreKey":{"signedKeyId":37,"baseKey":"Bbx6aNcZfDsPTTBxMg0PLT7AMKeQz2QXsVmyxEdBdlUH","preKeyId":6605622}}},"version":"v1"}