{"_sessions":{"BZYQS5BujVKpkYALRvttDYM4nafzBYX3DA+aXxuX72JR":{"registrationId":1049632452,"currentRatchet":{"ephemeralKeyPair":{"pubKey":"BZiBczToX13/mYXSUSiaET7b+vWpFt46KYNOxAJGmV9i","privKey":"EOBVTB5OQEzAgitu0C3/PDEg4sGcXBSh3QIgr74ESnU="},"lastRemoteEphemeralKey":"BdUvApJ2o9RjqeFgzeoP3OXhgRdP7YWMlKLtf7AeKHsR","previousCounter":0,"rootKey":"FwfmZjFR6WuV6/mOuDoSl5K/7+hyk3zaqTme4N2U4Fs="},"indexInfo":{"baseKey":"BZYQS5BujVKpkYALRvttDYM4nafzBYX3DA+aXxuX72JR","baseKeyType":1,"closed":1746627386552,"used":1746627366122,"created":1746627366122,"remoteIdentityKey":"BfsjVxlIM+T0RiNHoxkk4FVdoh6pnEa/9srHKs/O+NIn"},"_chains":{"BZiBczToX13/mYXSUSiaET7b+vWpFt46KYNOxAJGmV9i":{"chainKey":{"counter":0,"key":"b/u73sDVOPaX0FmnK7ICFho/l9lomPfTjFxcwSa/Cls="},"chainType":1,"messageKeys":{}}},"pendingPreKey":{"signedKeyId":6,"baseKey":"BZYQS5BujVKpkYALRvttDYM4nafzBYX3DA+aXxuX72JR","preKeyId":15319778}},"BZ0rtv8djCGMCZaiPS1/0aAED++RGntFR6PoMe1BgiVK":{"registrationId":1049632452,"currentRatchet":{"ephemeralKeyPair":{"pubKey":"BRfJ9MJg95ZInBsCIW4Y9ant1v2JM+kZHlYK+aNPyXwk","privKey":"qK+r6n9xxBGHDo6vqhVoVwxZAGfi1Hu8r9rgaPVIjUg="},"lastRemoteEphemeralKey":"BdUvApJ2o9RjqeFgzeoP3OXhgRdP7YWMlKLtf7AeKHsR","previousCounter":0,"rootKey":"yWPx1Ip7kGKlcC/nMLPlMYZ96yXnXeyc1eHfO+xc+Pg="},"indexInfo":{"baseKey":"BZ0rtv8djCGMCZaiPS1/0aAED++RGntFR6PoMe1BgiVK","baseKeyType":1,"closed":1746627408767,"used":1746627386220,"created":1746627386220,"remoteIdentityKey":"BfsjVxlIM+T0RiNHoxkk4FVdoh6pnEa/9srHKs/O+NIn"},"_chains":{"BRfJ9MJg95ZInBsCIW4Y9ant1v2JM+kZHlYK+aNPyXwk":{"chainKey":{"counter":0,"key":"BVCdljE6clfcEjhIhR/oSVF3NOZmt9Gw8YSaiwzdZG0="},"chainType":1,"messageKeys":{}}},"pendingPreKey":{"signedKeyId":6,"baseKey":"BZ0rtv8djCGMCZaiPS1/0aAED++RGntFR6PoMe1BgiVK","preKeyId":15319144}},"BaHkAC0d+5bIcTvaycdKH0FBFTcapg/pW8ySTLc9AMdz":{"registrationId":1049632452,"currentRatchet":{"ephemeralKeyPair":{"pubKey":"BQTMh2JLmfYtjMmeQr/EN91YSiQUBkssd0nuNY3rtGcx","privKey":"4LsXHc1GxUPfjKwYO6lWgZoMJPYn6UMHH/PlAQzmzVs="},"lastRemoteEphemeralKey":"BdUvApJ2o9RjqeFgzeoP3OXhgRdP7YWMlKLtf7AeKHsR","previousCounter":0,"rootKey":"RVxcRnR5Fnjw+crinBXMQcrRMqhSYpzOufX3iET7fec="},"indexInfo":{"baseKey":"BaHkAC0d+5bIcTvaycdKH0FBFTcapg/pW8ySTLc9AMdz","baseKeyType":1,"closed":-1,"used":1746627408519,"created":1746627408519,"remoteIdentityKey":"BfsjVxlIM+T0RiNHoxkk4FVdoh6pnEa/9srHKs/O+NIn"},"_chains":{"BQTMh2JLmfYtjMmeQr/EN91YSiQUBkssd0nuNY3rtGcx":{"chainKey":{"counter":3,"key":"8PxpFYAfDdHhLtR25Ei8YjI9W4tssFX28pFeMjUtXxE="},"chainType":1,"messageKeys":{}}},"pendingPreKey":{"signedKeyId":6,"baseKey":"BaHkAC0d+5bIcTvaycdKH0FBFTcapg/pW8ySTLc9AMdz","preKeyId":15319224}}},"version":"v1"}