{"_sessions":{"BUWUWkTfw/M+GCOycPmj8Hlv6bQVQvz8FDODMjgf8hd0":{"registrationId":1455361707,"currentRatchet":{"ephemeralKeyPair":{"pubKey":"BaRTeiJsbtkjEUOFwVqJ4Nn/nvV4sMuxUPinXDVVtXRx","privKey":"yIJ5/BRiPg+R07tzs+J8PbXXkod4vbVoWSGvv+UtcUM="},"lastRemoteEphemeralKey":"BRVOCbPi5qfWXmPa2tsRtdlFQiNZpwc6fnAQT0nQPeRm","previousCounter":0,"rootKey":"SegEDS6AwqCfyN7hvo25ePFdVWXOOkOF/dIckWFKzh8="},"indexInfo":{"baseKey":"BUWUWkTfw/M+GCOycPmj8Hlv6bQVQvz8FDODMjgf8hd0","baseKeyType":1,"closed":-1,"used":1746644956725,"created":1746644956725,"remoteIdentityKey":"BbJbZc/are6hwpEOwh7dq8PGOlayIu5RywQCpFuZ78px"},"_chains":{"BaRTeiJsbtkjEUOFwVqJ4Nn/nvV4sMuxUPinXDVVtXRx":{"chainKey":{"counter":1,"key":"kIq8hMQ0+GL34+533DdITVOUFL1E/ujjBxjd+XMEQCE="},"chainType":1,"messageKeys":{}}},"pendingPreKey":{"signedKeyId":6,"baseKey":"BUWUWkTfw/M+GCOycPmj8Hlv6bQVQvz8FDODMjgf8hd0","preKeyId":15122630}}},"version":"v1"}