{"_sessions":{"BSx8oTH+N0ef0C8VhuVeMICC3pqHeKPLh/gzvJwlvDNb":{"registrationId":2093973113,"currentRatchet":{"ephemeralKeyPair":{"pubKey":"BStZL0Ijg6zlYtlz6Dh2jGH8SXgNDMPGf7rRMtH08wQz","privKey":"sJ1BU72L4tIPk7ytKCj6QRAokj8kS/lWqiJRdOUA5GQ="},"lastRemoteEphemeralKey":"BdY2itY0ORgr7o+1GupyPCCvnmgQBKvAKnQbGbcBq9Aa","previousCounter":0,"rootKey":"xfe4xZrpkZTnNc7BXgxBzE5QTg82gAjXbubDvWeN/H8="},"indexInfo":{"baseKey":"BSx8oTH+N0ef0C8VhuVeMICC3pqHeKPLh/gzvJwlvDNb","baseKeyType":1,"closed":-1,"used":1746645162468,"created":1746645162468,"remoteIdentityKey":"BWXUxgIiVUm0sdN5uiLrJxjrXupvNMVAz8laowwj8i8D"},"_chains":{"BStZL0Ijg6zlYtlz6Dh2jGH8SXgNDMPGf7rRMtH08wQz":{"chainKey":{"counter":0,"key":"PJ31EfCYFD2yBhKnWKlk2T6luFSKHyLuJeRRl7BpGSs="},"chainType":1,"messageKeys":{}}},"pendingPreKey":{"signedKeyId":4332669,"baseKey":"BSx8oTH+N0ef0C8VhuVeMICC3pqHeKPLh/gzvJwlvDNb","preKeyId":3139}}},"version":"v1"}