{"_sessions":{"BZ4yOQOisV99eADHt7qBGL1YOEiZWp2nZYdyig5wY28c":{"registrationId":482785297,"currentRatchet":{"ephemeralKeyPair":{"pubKey":"BfocCZq+hIS0AHzNtTMZ34j1J56rksHCFxBVBrrbUT0T","privKey":"eAh0kgkC0PcSlsZRRa02h9p3RQIOkM4A8s6LAAEvyXw="},"lastRemoteEphemeralKey":"BTGDIAUUscpBNeSWDjSOYrEoGn6aW0BCahIr8hoJAzk9","previousCounter":0,"rootKey":"240sHAPDnNBJujQXSC3LPFIx+ewe1oSmIvc1NhbQwK8="},"indexInfo":{"baseKey":"BZ4yOQOisV99eADHt7qBGL1YOEiZWp2nZYdyig5wY28c","baseKeyType":1,"closed":-1,"used":1746612492854,"created":1746612492854,"remoteIdentityKey":"BRlgCLk52ZUsZUQQ2rRk3oxydHD6cghFZkGzw0nY594Z"},"_chains":{"BfocCZq+hIS0AHzNtTMZ34j1J56rksHCFxBVBrrbUT0T":{"chainKey":{"counter":4,"key":"VS+hfn71AS3Rbd/W//EjJ3t1TTPO1P+EOnSn7e6AS7Y="},"chainType":1,"messageKeys":{}}},"pendingPreKey":{"signedKeyId":4,"baseKey":"BZ4yOQOisV99eADHt7qBGL1YOEiZWp2nZYdyig5wY28c","preKeyId":3165047}}},"version":"v1"}