{"_sessions":{"BT7qQbO2ihV0TI+4DsEzl8YA8FpjIwfV0j033lXsvQBt":{"registrationId":2023039997,"currentRatchet":{"ephemeralKeyPair":{"pubKey":"BVt/kbVB9u2iApx+w51eoTwRXdknLDhB+QBcU9+2vb4H","privKey":"mLS3Bg5UADFBW80FWLW0Gj6oRPffAiyB4iUZbne3K0I="},"lastRemoteEphemeralKey":"BWLndjd7NipQO9f1+NrfUu5Od65688e9kjFy7D3nZ7V8","previousCounter":0,"rootKey":"vscbGUnwekoV8uu5WCjv5s2mpqbmiqLKjE1/MLxtO0c="},"indexInfo":{"baseKey":"BT7qQbO2ihV0TI+4DsEzl8YA8FpjIwfV0j033lXsvQBt","baseKeyType":1,"closed":1746627386531,"used":1746627366055,"created":1746627366055,"remoteIdentityKey":"BRLKvpx/m1UsbQeT9xM0pgdDdbgoOw0Eow+jHjYatzQ1"},"_chains":{"BVt/kbVB9u2iApx+w51eoTwRXdknLDhB+QBcU9+2vb4H":{"chainKey":{"counter":0,"key":"/n3YoGdBY+xyCkZbF5aqseadUi9OAQHHPJ8isfTJB88="},"chainType":1,"messageKeys":{}}},"pendingPreKey":{"signedKeyId":0,"baseKey":"BT7qQbO2ihV0TI+4DsEzl8YA8FpjIwfV0j033lXsvQBt","preKeyId":684212}},"BSzqdZPeAxJWPeIl+7D958IDVi44vYCp6nijZBRA+TcK":{"registrationId":2023039997,"currentRatchet":{"ephemeralKeyPair":{"pubKey":"BVZ4+6xZlsF/yuwUXHcJq8F/5U9zzxKh6NjC5CfxUfBB","privKey":"iG9SUKI1UkCvY90BJlvz2mQyby8kfkQHn5IWpL3O51Q="},"lastRemoteEphemeralKey":"BWLndjd7NipQO9f1+NrfUu5Od65688e9kjFy7D3nZ7V8","previousCounter":0,"rootKey":"+lzvKaVoTMyZCphppjWH222YrF4GVR2lFIjyxnaujow="},"indexInfo":{"baseKey":"BSzqdZPeAxJWPeIl+7D958IDVi44vYCp6nijZBRA+TcK","baseKeyType":1,"closed":1746627408752,"used":1746627386136,"created":1746627386136,"remoteIdentityKey":"BRLKvpx/m1UsbQeT9xM0pgdDdbgoOw0Eow+jHjYatzQ1"},"_chains":{"BVZ4+6xZlsF/yuwUXHcJq8F/5U9zzxKh6NjC5CfxUfBB":{"chainKey":{"counter":0,"key":"6nfVyvkKnCNLaajLHI1uv2INVl1K7sLF8Owq13vyEFI="},"chainType":1,"messageKeys":{}}},"pendingPreKey":{"signedKeyId":0,"baseKey":"BSzqdZPeAxJWPeIl+7D958IDVi44vYCp6nijZBRA+TcK","preKeyId":684215}},"Bc/KkIifk3KJzhvnvfpuK2VcZd5cHOhSSY67LAe0cXsN":{"registrationId":2023039997,"currentRatchet":{"ephemeralKeyPair":{"pubKey":"BUsqA4haqrChsIQwq4Qh3eUMfji+2jOBQMI2YstHPGoh","privKey":"KIxs39tsaNVNSv06W8iy75xqTBVuS1lwqJ6u4cnivWM="},"lastRemoteEphemeralKey":"BWLndjd7NipQO9f1+NrfUu5Od65688e9kjFy7D3nZ7V8","previousCounter":0,"rootKey":"K/yFswR9dR/EwFZMOlF1RnLt3yIbe9IJY0tZL5/fxIc="},"indexInfo":{"baseKey":"Bc/KkIifk3KJzhvnvfpuK2VcZd5cHOhSSY67LAe0cXsN","baseKeyType":1,"closed":-1,"used":1746627408449,"created":1746627408449,"remoteIdentityKey":"BRLKvpx/m1UsbQeT9xM0pgdDdbgoOw0Eow+jHjYatzQ1"},"_chains":{"BUsqA4haqrChsIQwq4Qh3eUMfji+2jOBQMI2YstHPGoh":{"chainKey":{"counter":3,"key":"+K0Vq+xSmZFplJJ5M2ud+vwFGg8/wRMJaK34JMcmcf8="},"chainType":1,"messageKeys":{}}},"pendingPreKey":{"signedKeyId":0,"baseKey":"Bc/KkIifk3KJzhvnvfpuK2VcZd5cHOhSSY67LAe0cXsN","preKeyId":684295}}},"version":"v1"}