{"_sessions":{"BSW298ot76BWhckjEm4gTJ2NQGS9Jl9vOexktcBC9akl":{"registrationId":428176847,"currentRatchet":{"ephemeralKeyPair":{"pubKey":"BW7eJKSm3zIPfNaEyfMPLxpann9qoacRuviGkcOQE1Ja","privKey":"wFoH+L8gHH7lOIfq0djxqv/AtkpkImS7CuXSP8bESmw="},"lastRemoteEphemeralKey":"BZ2CGVQnpQSFsWFZVRKRjuoV3dFgBlush1M3evJqjRZq","previousCounter":0,"rootKey":"yWqphBk3NIkxq97Grb76xganPnlAcej76blPv60545g="},"indexInfo":{"baseKey":"BSW298ot76BWhckjEm4gTJ2NQGS9Jl9vOexktcBC9akl","baseKeyType":1,"closed":-1,"used":1746645069925,"created":1746645069925,"remoteIdentityKey":"BUhmWNLvnlNL+zym2I4hbRdvvp7+GdSXXTSDV+8e+y1R"},"_chains":{"BW7eJKSm3zIPfNaEyfMPLxpann9qoacRuviGkcOQE1Ja":{"chainKey":{"counter":0,"key":"Ov5A0KKJwbCsyrxn+6rsXTHhBWVSp2YN3LfoBfd4eOE="},"chainType":1,"messageKeys":{}}},"pendingPreKey":{"signedKeyId":3,"baseKey":"BSW298ot76BWhckjEm4gTJ2NQGS9Jl9vOexktcBC9akl","preKeyId":11810518}}},"version":"v1"}