{"_sessions":{"BXXDXQ9cBj6L5FHJ0hJEbrlcXtNVc27LymtRqpYZ5jdQ":{"registrationId":1621585731,"currentRatchet":{"ephemeralKeyPair":{"pubKey":"BXvgUIAT/0WV+b+Jl/xw1N54r8djYiukKARvckibu3xZ","privKey":"SAbu7GDidoUC6C49bQ+XyEXy88R8CoiE4PcnTV+Fx20="},"lastRemoteEphemeralKey":"BaeALSmshB/bAVaoGhpZFww1EwYKDkZcBUOwYpIF+hFD","previousCounter":0,"rootKey":"3pLZP/GSWMTf0JEt3xfq3V1VV3EOeQCvCruEjDbPo68="},"indexInfo":{"baseKey":"BXXDXQ9cBj6L5FHJ0hJEbrlcXtNVc27LymtRqpYZ5jdQ","baseKeyType":1,"closed":-1,"used":1746645069964,"created":1746645069964,"remoteIdentityKey":"BdHqAT1DvJYB9M4cexwQbkxCrn5TG6rvyFu5MFJEvv0c"},"_chains":{"BXvgUIAT/0WV+b+Jl/xw1N54r8djYiukKARvckibu3xZ":{"chainKey":{"counter":0,"key":"LMaMDtIVGkK8afRnMFHqkJBeEYNk5CHcN3bm8ebOWMw="},"chainType":1,"messageKeys":{}}},"pendingPreKey":{"signedKeyId":0,"baseKey":"BXXDXQ9cBj6L5FHJ0hJEbrlcXtNVc27LymtRqpYZ5jdQ","preKeyId":2179650}}},"version":"v1"}