{"_sessions":{"BdzmY3POka9jQvkCC4bQPQotDpxWIGxkaxR5a8NkbZRN":{"registrationId":29421109,"currentRatchet":{"ephemeralKeyPair":{"pubKey":"BYcDLDfYtcHbLeKIcpsVWAU9+oidm2Qqw1+zRC0KWHxu","privKey":"MIyE0crnVUHr1F5rz3kleb2s2fishf9oxJSHqb3fkU4="},"lastRemoteEphemeralKey":"BVRl2gVKyN7IjQmfeL8+FGf4awICmT3zj5Yzg7nOx4g5","previousCounter":0,"rootKey":"ILHDroJ7gH4m8nANMgbNExc3gzzZKfYYO2W4iGhiUQE="},"indexInfo":{"baseKey":"BdzmY3POka9jQvkCC4bQPQotDpxWIGxkaxR5a8NkbZRN","baseKeyType":1,"closed":-1,"used":1746644956762,"created":1746644956762,"remoteIdentityKey":"BfUxXZ+aqlootVD6i94Iu8Y2p5/H5QK7QLlZzf8o4f98"},"_chains":{"BYcDLDfYtcHbLeKIcpsVWAU9+oidm2Qqw1+zRC0KWHxu":{"chainKey":{"counter":1,"key":"+wIKjzJXMEY2GPf1BL8/L8vD9q6ngNcCSkpRddQhQXc="},"chainType":1,"messageKeys":{}}},"pendingPreKey":{"signedKeyId":5,"baseKey":"BdzmY3POka9jQvkCC4bQPQotDpxWIGxkaxR5a8NkbZRN","preKeyId":14780333}}},"version":"v1"}