{"_sessions":{"BVp8iNWQMEC+A324CqcUKcBMFHy8Fr6S4Q76yrryheMd":{"registrationId":517954410,"currentRatchet":{"ephemeralKeyPair":{"pubKey":"BeNTIGBJ0pqHWZVAUEFS7RUcjAkzl5CKx8OizDJF9KQN","privKey":"0ABty8WklxKSb9+y7gVTEcegM1dFu08q3DtSQCRgjk8="},"lastRemoteEphemeralKey":"BXQvDujTzK6Y6OH9Z4mtBCxu4FUFZf3VCbOM60UNmRYU","previousCounter":0,"rootKey":"jk3ZOX4IC1gzMEbDBdVW3YqPSsHkTpwr1L3FTC82T+g="},"indexInfo":{"baseKey":"BVp8iNWQMEC+A324CqcUKcBMFHy8Fr6S4Q76yrryheMd","baseKeyType":1,"closed":-1,"used":1746645162213,"created":1746645162213,"remoteIdentityKey":"BcwARUYMv5XPwRBv3o7IYKeq3ABsE+hRok1niA4cTasy"},"_chains":{"BeNTIGBJ0pqHWZVAUEFS7RUcjAkzl5CKx8OizDJF9KQN":{"chainKey":{"counter":0,"key":"Ukzqjc4L4htAstNZUYROPEZBoqJS21INPIB/3n3JBko="},"chainType":1,"messageKeys":{}}},"pendingPreKey":{"signedKeyId":6536960,"baseKey":"BVp8iNWQMEC+A324CqcUKcBMFHy8Fr6S4Q76yrryheMd","preKeyId":5284}}},"version":"v1"}