{"_sessions":{"BdZMhcP4Pe2I1xYtlEzo8bfbVWliGyB7Gm3ukIjNt446":{"registrationId":2076304420,"currentRatchet":{"ephemeralKeyPair":{"pubKey":"BW72Pq6tJXF27XDroKKaUIrmhsLDUygtxp3Uv21rbsdP","privKey":"cKDLZmP/SFC5H49QXjNrHuoZqHhXop9klWpVlTlQsH4="},"lastRemoteEphemeralKey":"BQ9geiG5DCQmoGz8Dr+9VGCor04kACrAZYwto/35SN4H","previousCounter":0,"rootKey":"9TJSJeYjyi3nredTfJWkwnxMYGMNEwI1/p7zwmf0n+o="},"indexInfo":{"baseKey":"BdZMhcP4Pe2I1xYtlEzo8bfbVWliGyB7Gm3ukIjNt446","baseKeyType":1,"closed":-1,"used":1746645158701,"created":1746645158701,"remoteIdentityKey":"BRxzSS/sLso/Lqqo2/+cHwpbRIc3Al8M0fLwOhW1PT1D"},"_chains":{"BW72Pq6tJXF27XDroKKaUIrmhsLDUygtxp3Uv21rbsdP":{"chainKey":{"counter":0,"key":"fY8ivNrTvVvHLPEoG8DkPE/xVW2cFON9wjPn8ZmqbGA="},"chainType":1,"messageKeys":{}}},"pendingPreKey":{"signedKeyId":15355159,"baseKey":"BdZMhcP4Pe2I1xYtlEzo8bfbVWliGyB7Gm3ukIjNt446","preKeyId":109}}},"version":"v1"}