{"_sessions":{"BaE3/l6RnoLZ6G4ebpcz2oAyaqswMqyKXXh53+SOmQ9+":{"registrationId":316184716,"currentRatchet":{"ephemeralKeyPair":{"pubKey":"BVPBFAQhB7KZ0cQkdGRT+ImYAvrUr0AxclvFLNvdioFi","privKey":"6JnYWZns0fdhgjbj3wbGN6iZI7EUHBBGAdqOfiqzx3k="},"lastRemoteEphemeralKey":"BarZgXcVJXhiAF75S+Ave+7B28bZabsgcykxImknT5ge","previousCounter":0,"rootKey":"tUz8LgCE/oSLmrVC6S45C2mYZv+3cRdxJvPBIuBFiG0="},"indexInfo":{"baseKey":"BaE3/l6RnoLZ6G4ebpcz2oAyaqswMqyKXXh53+SOmQ9+","baseKeyType":1,"closed":-1,"used":1746645069953,"created":1746645069953,"remoteIdentityKey":"BTgrEUkfpc4+WZ7X/3R4vdYlBggYbMsPuZs3gbleQoMB"},"_chains":{"BVPBFAQhB7KZ0cQkdGRT+ImYAvrUr0AxclvFLNvdioFi":{"chainKey":{"counter":0,"key":"RTUrojBEUXqGae9gi2f4eXMTZqd6ziiu1fxu49hK1Wo="},"chainType":1,"messageKeys":{}}},"pendingPreKey":{"signedKeyId":7,"baseKey":"BaE3/l6RnoLZ6G4ebpcz2oAyaqswMqyKXXh53+SOmQ9+","preKeyId":940344}}},"version":"v1"}