{"_sessions":{"BagXfpeZwI8NBSWQR4mbg+fYZ7elLyzuU5Wu78MQaZlN":{"registrationId":1324294248,"currentRatchet":{"ephemeralKeyPair":{"pubKey":"BaO4FUaKM3IC2HUE/GnVFV/WdNZpwOQ51bwl8no/TOEN","privKey":"CBCYOgKo5o5Gprq7U1zsHJ2X1RfnrOvSiTZ1/1T892c="},"lastRemoteEphemeralKey":"BZGO5jhEg4C8bxJKI8eSIxXXUPxfzq8rDAbJ/K99mLl5","previousCounter":0,"rootKey":"IoImHfT4l85g87oIxZSKtYsvZuFGzI2bpkT2Z6CUQZc="},"indexInfo":{"baseKey":"BagXfpeZwI8NBSWQR4mbg+fYZ7elLyzuU5Wu78MQaZlN","baseKeyType":1,"closed":-1,"used":1746645158566,"created":1746645158566,"remoteIdentityKey":"BUmM7Kisq3dLzbTpgQw+iT3kkSp5P11ZiULbOUce0Ud4"},"_chains":{"BaO4FUaKM3IC2HUE/GnVFV/WdNZpwOQ51bwl8no/TOEN":{"chainKey":{"counter":0,"key":"8n2l3lMfJLqnnMQzfFapv+nHO5pS+Xl9p8PnsEPVi/4="},"chainType":1,"messageKeys":{}}},"pendingPreKey":{"signedKeyId":1,"baseKey":"BagXfpeZwI8NBSWQR4mbg+fYZ7elLyzuU5Wu78MQaZlN","preKeyId":16260888}}},"version":"v1"}