{"_sessions":{"BWXfiwNE18nhppF1kYIjzIMAGbW8L+1CiKysCpyMSO0Q":{"registrationId":283249969,"currentRatchet":{"ephemeralKeyPair":{"pubKey":"BT/+3hTvcdpP3jfQJuLU9oqyZgMOcy+7iA4wxjRi8CUC","privKey":"uMpNZ68wvZX0E1l7s25irEMksTK/OYvr56DrfnSPM1k="},"lastRemoteEphemeralKey":"BWstCQ5NnLu9iOYKHbif/OCMJLo7SPHyYbTVam39xFRs","previousCounter":0,"rootKey":"eyUVFHFWVOA/DdgDllTxVUEcosadz0LRtGllMGX7RjM="},"indexInfo":{"baseKey":"BWXfiwNE18nhppF1kYIjzIMAGbW8L+1CiKysCpyMSO0Q","baseKeyType":1,"closed":-1,"used":1746645162566,"created":1746645162566,"remoteIdentityKey":"BTtpSFbRkSUk55gsZUlf4AO3j4PXPEHTFWawmIl3xtJ8"},"_chains":{"BT/+3hTvcdpP3jfQJuLU9oqyZgMOcy+7iA4wxjRi8CUC":{"chainKey":{"counter":0,"key":"QET1so9SJCuXK9MJ/dakPCQVMZkKj9UtSeBvnmzgPzk="},"chainType":1,"messageKeys":{}}},"pendingPreKey":{"signedKeyId":584422,"baseKey":"BWXfiwNE18nhppF1kYIjzIMAGbW8L+1CiKysCpyMSO0Q","preKeyId":2580}}},"version":"v1"}