{"_sessions":{"BcuD8dKVBjWZLfBzM687zKtUU9o21RX89UO2mZIwhZR/":{"registrationId":890236399,"currentRatchet":{"ephemeralKeyPair":{"pubKey":"BYMM1sQ5t1WRe9Qig4LxHYxmDCpb4Q6uioCBP6EwMrBC","privKey":"mL6ZSRCs+Eyi7SxZgrAWIjqsZj4rQll3fBAql0kl0mg="},"lastRemoteEphemeralKey":"Bdvf+BUJcA+LIe0awKDZmZbgxzhG4Y707qD2saNnWwBu","previousCounter":0,"rootKey":"xBwh6TeXnfZVMswdDmucvubGeH/uLVUdd6CXSNsTC1Q="},"indexInfo":{"baseKey":"BcuD8dKVBjWZLfBzM687zKtUU9o21RX89UO2mZIwhZR/","baseKeyType":1,"closed":1746627386539,"used":1746627366083,"created":1746627366083,"remoteIdentityKey":"BWxACU/f0gh/cBkw5zfqk5zJ/ZTpN3cbLSGhJ+syHGQB"},"_chains":{"BYMM1sQ5t1WRe9Qig4LxHYxmDCpb4Q6uioCBP6EwMrBC":{"chainKey":{"counter":0,"key":"OSQ+HGxhEQA4w+MF/AYrxmKvwMT191E60SYgDQgBDXU="},"chainType":1,"messageKeys":{}}},"pendingPreKey":{"signedKeyId":969794,"baseKey":"BcuD8dKVBjWZLfBzM687zKtUU9o21RX89UO2mZIwhZR/","preKeyId":4758}},"BZh08Ya7as1t4CT1rrFpC5PfpVakICXVCyYeLA3GvE02":{"registrationId":890236399,"currentRatchet":{"ephemeralKeyPair":{"pubKey":"BZEMFgTaYVG2kiBR8OJ6qG4BXVQm0f4Zp5qcX//W+q0a","privKey":"YN/RdRKUsTXc8/PzNQNw78zfONzNF2cgMpUUjLBBcnI="},"lastRemoteEphemeralKey":"Bdvf+BUJcA+LIe0awKDZmZbgxzhG4Y707qD2saNnWwBu","previousCounter":0,"rootKey":"1FAPLOhVUdBCab7aS46Euz0GaDMnzLM/JptM7Ime13k="},"indexInfo":{"baseKey":"BZh08Ya7as1t4CT1rrFpC5PfpVakICXVCyYeLA3GvE02","baseKeyType":1,"closed":1746627408758,"used":1746627386169,"created":1746627386169,"remoteIdentityKey":"BWxACU/f0gh/cBkw5zfqk5zJ/ZTpN3cbLSGhJ+syHGQB"},"_chains":{"BZEMFgTaYVG2kiBR8OJ6qG4BXVQm0f4Zp5qcX//W+q0a":{"chainKey":{"counter":0,"key":"ZISr7wLZEPywqgCFPsrWGiP8Yj8PdK7EJuqn0fNNxls="},"chainType":1,"messageKeys":{}}},"pendingPreKey":{"signedKeyId":969794,"baseKey":"BZh08Ya7as1t4CT1rrFpC5PfpVakICXVCyYeLA3GvE02","preKeyId":4067}},"BX7B4L2Y9aRYkUmY5TOye6anTNAahwDdaXnYBODMc+x7":{"registrationId":890236399,"currentRatchet":{"ephemeralKeyPair":{"pubKey":"Be2rge4ajr6NNik3v6Zt6chMP5cR2G/Btaio7phB+jhu","privKey":"kDxNvNoq9QaFGisvasAKm2WwG965xmKjNfm6kO/v5H8="},"lastRemoteEphemeralKey":"Bdvf+BUJcA+LIe0awKDZmZbgxzhG4Y707qD2saNnWwBu","previousCounter":0,"rootKey":"vwjwDu5O7vBFz6CS96OyQUJLIqv48irXU5jM6vXkrqs="},"indexInfo":{"baseKey":"BX7B4L2Y9aRYkUmY5TOye6anTNAahwDdaXnYBODMc+x7","baseKeyType":1,"closed":-1,"used":1746627408478,"created":1746627408478,"remoteIdentityKey":"BWxACU/f0gh/cBkw5zfqk5zJ/ZTpN3cbLSGhJ+syHGQB"},"_chains":{"Be2rge4ajr6NNik3v6Zt6chMP5cR2G/Btaio7phB+jhu":{"chainKey":{"counter":3,"key":"bnLxv9CrY59Bl82qeA2+0YeevibbLvfLZ80h9Q4qMq0="},"chainType":1,"messageKeys":{}}},"pendingPreKey":{"signedKeyId":969794,"baseKey":"BX7B4L2Y9aRYkUmY5TOye6anTNAahwDdaXnYBODMc+x7","preKeyId":4796}}},"version":"v1"}