{"_sessions":{"BTUmMYr6z+uijbGoD+2wGMdnyCUA7kPnw4c53+0YoJIa":{"registrationId":6985,"currentRatchet":{"ephemeralKeyPair":{"pubKey":"BYELkGCuMixro61+GWIA12BgFuoZkSrz3DTYuJedDu4W","privKey":"EIHqqlXkvDJqjDjRIg8+b+88lnZBXv1gzt0z/DkKjEg="},"lastRemoteEphemeralKey":"BQlO2zSCCECKhxg47cdQwWTgcQB9TcrjhF4MKCvtn4E4","previousCounter":0,"rootKey":"AAg/fy7HGLxF9RR9ud/RG5Gf3q3qxwOeaY0pSuCseb4="},"indexInfo":{"baseKey":"BTUmMYr6z+uijbGoD+2wGMdnyCUA7kPnw4c53+0YoJIa","baseKeyType":1,"closed":-1,"used":1746644956665,"created":1746644956665,"remoteIdentityKey":"BWhPFOqu77w4OuC5YvthmCNgJoLH4zXrjzeQfuzgwHNS"},"_chains":{"BYELkGCuMixro61+GWIA12BgFuoZkSrz3DTYuJedDu4W":{"chainKey":{"counter":1,"key":"NsFRB3GVYJVZAGGcepv3UtuqkHBKxo3WEUM7IVi3ni8="},"chainType":1,"messageKeys":{}}},"pendingPreKey":{"signedKeyId":1,"baseKey":"BTUmMYr6z+uijbGoD+2wGMdnyCUA7kPnw4c53+0YoJIa","preKeyId":8852}}},"version":"v1"}