{"_sessions":{"BUHZsHFUwGVAgcXG/Spy6FP1Uq+FCYApD4gyQpDQSpxs":{"registrationId":102666381,"currentRatchet":{"ephemeralKeyPair":{"pubKey":"BYv4TRrxzznDFlwFH+oyYcZ8G6JQXTxIuABbSCYJJQ8U","privKey":"0FThR6x/gF0EoS+XTtG0KWVXkUnZ++Z2Q4IFNfJVek4="},"lastRemoteEphemeralKey":"BUqW9cb1pvSveWEWryawbcj7xhqUHjnnFbtIxuqn2ucQ","previousCounter":0,"rootKey":"jEXniX0d6KzCz+4RUv5l+2Ylf1aFq5FHCB1+KkKMUho="},"indexInfo":{"baseKey":"BUHZsHFUwGVAgcXG/Spy6FP1Uq+FCYApD4gyQpDQSpxs","baseKeyType":1,"closed":-1,"used":1746644959960,"created":1746644959960,"remoteIdentityKey":"BR+tk0Zax+VEiL6MQWbPk0I+3M9De9+CiOi2DgXDdZhT"},"_chains":{"BYv4TRrxzznDFlwFH+oyYcZ8G6JQXTxIuABbSCYJJQ8U":{"chainKey":{"counter":1,"key":"IbtD66wUpDSkQvImfR3Hal6RBo0RgIEqGMuZMNhQEac="},"chainType":1,"messageKeys":{}}},"pendingPreKey":{"signedKeyId":15459145,"baseKey":"BUHZsHFUwGVAgcXG/Spy6FP1Uq+FCYApD4gyQpDQSpxs","preKeyId":11350}}},"version":"v1"}