{"_sessions":{"BVwQQtCUfasw/9zEThvFRznq0Mr7NtEcfIXyJEjchQ5D":{"registrationId":1204620940,"currentRatchet":{"ephemeralKeyPair":{"pubKey":"BTujSM0Gn/53is/8MYFBOx5ndaL2qTJkNeVwwfoWqglD","privKey":"ICCLYnKtou1O4dHeYh0909ndD/7+xYrc/Kl0X7czKls="},"lastRemoteEphemeralKey":"BZIOeCb68ffRENlwKLRfX/QLqoGhUWeJgAkCJ9vTYQ8c","previousCounter":0,"rootKey":"f8vDoEt+S54QmZYsaoQcTDO9mG1BIBsyCAuVZ+lNrmA="},"indexInfo":{"baseKey":"BVwQQtCUfasw/9zEThvFRznq0Mr7NtEcfIXyJEjchQ5D","baseKeyType":1,"closed":-1,"used":1746644956679,"created":1746644956679,"remoteIdentityKey":"BZ5E/Hj9m4pIEuEqpNmHOaGMqRN4OS7vOk9jqw9UZ9QL"},"_chains":{"BTujSM0Gn/53is/8MYFBOx5ndaL2qTJkNeVwwfoWqglD":{"chainKey":{"counter":1,"key":"R1fOCdWGuqb7uJZPrwbqzeZnI8YuGzjFFaipOZq+JGQ="},"chainType":1,"messageKeys":{}}},"pendingPreKey":{"signedKeyId":4,"baseKey":"BVwQQtCUfasw/9zEThvFRznq0Mr7NtEcfIXyJEjchQ5D"}}},"version":"v1"}