{"_sessions":{"BbhYrxhv8D8M6Ue8s5Kk+z6B4zj+5gLV+058CEfStEI2":{"registrationId":2072526459,"currentRatchet":{"ephemeralKeyPair":{"pubKey":"BbxtVIREQnONGGEs+NR28/XTeJEQkFqGxX8hKSgImbNH","privKey":"MOQ7kgCVknRqtOH4d3O6wdZ12WLvcyXvnNjODHxJOFU="},"lastRemoteEphemeralKey":"BXW8JXIX15ReeAITdrgK0wk6+JtMvoylRohrLNb5OjMf","previousCounter":0,"rootKey":"jqZ4oyH+dLTmBypB9x65yBHtMAYDs/Z7whiwYCj094M="},"indexInfo":{"baseKey":"BbhYrxhv8D8M6Ue8s5Kk+z6B4zj+5gLV+058CEfStEI2","baseKeyType":1,"closed":-1,"used":1746612492800,"created":1746612492800,"remoteIdentityKey":"BYxiTipyiwEcJcN8kReC09B0FiIjZgVv/KJvH2cj1DlI"},"_chains":{"BbxtVIREQnONGGEs+NR28/XTeJEQkFqGxX8hKSgImbNH":{"chainKey":{"counter":4,"key":"JIEXsnxE7dc1g0QwfczxjsEmUpl20sd5ZYdPY7SEJFg="},"chainType":1,"messageKeys":{}}},"pendingPreKey":{"signedKeyId":8,"baseKey":"BbhYrxhv8D8M6Ue8s5Kk+z6B4zj+5gLV+058CEfStEI2","preKeyId":13143291}}},"version":"v1"}