{"_sessions":{"BVTXabvadLAIc/efnpLgzQ5tUKscjdYpXjr4TxK34QAZ":{"registrationId":1319275767,"currentRatchet":{"ephemeralKeyPair":{"pubKey":"BQL1m5VT8Ujey9NB/EwTWF6GmYeDDg6R+Hy2rxiAejES","privKey":"MBRSZYUs7Z8NEZf8TjaOofHbvk/1lKleFr5zyRUpfm4="},"lastRemoteEphemeralKey":"BbbLvFSzmNYtUosl/FXdAR4gkwSqWTef8YQ4VovKm45o","previousCounter":0,"rootKey":"lIBlo+AXa4GhFhbVD4oiCfcxJGrj0OnNwcx+2wYnDfs="},"indexInfo":{"baseKey":"BVTXabvadLAIc/efnpLgzQ5tUKscjdYpXjr4TxK34QAZ","baseKeyType":1,"closed":-1,"used":1746627350721,"created":1746627350721,"remoteIdentityKey":"BSa/8vX65OnwJfCP7i3o8+6pq+iSauLdVGPIgSDGINp+"},"_chains":{"BQL1m5VT8Ujey9NB/EwTWF6GmYeDDg6R+Hy2rxiAejES":{"chainKey":{"counter":1,"key":"DpLs1PS1V7z1Ru6OxnKZwbWC4e7X4RACuqtWwhlpgfA="},"chainType":1,"messageKeys":{}}},"pendingPreKey":{"signedKeyId":4,"baseKey":"BVTXabvadLAIc/efnpLgzQ5tUKscjdYpXjr4TxK34QAZ","preKeyId":9536101}}},"version":"v1"}