{"_sessions":{"Bf78YwzXDbpHcAF+o+pBweV2VLJ0OCMkIZc+JD641JF8":{"registrationId":38517482,"currentRatchet":{"ephemeralKeyPair":{"pubKey":"BdG52D5QMotFcmT8M4PGZErYfFOGd4nwcPuiqjludPQM","privKey":"sFWIhM1zthDvtnHXq8FkfnjSa/++n/CJi8RmRgoyHmA="},"lastRemoteEphemeralKey":"BalKdeNH9mZQLEdnJOQECwHXRx4ClI0hVjQK3i7hjEMD","previousCounter":0,"rootKey":"o/p5Hd/NIneMwJPURESpl+JRNj1rieVXWEPLsmcEBoE="},"indexInfo":{"baseKey":"Bf78YwzXDbpHcAF+o+pBweV2VLJ0OCMkIZc+JD641JF8","baseKeyType":1,"closed":-1,"used":1746644960151,"created":1746644960151,"remoteIdentityKey":"BQwb7D7F0t2oHM46HcGrKKvtD71K8N5arUqrdzz6COtM"},"_chains":{"BdG52D5QMotFcmT8M4PGZErYfFOGd4nwcPuiqjludPQM":{"chainKey":{"counter":1,"key":"ulIzqE3vz3FddtSdsva0iZKZk5jERYzDEwi0KUD+Vp4="},"chainType":1,"messageKeys":{}}},"pendingPreKey":{"signedKeyId":9,"baseKey":"Bf78YwzXDbpHcAF+o+pBweV2VLJ0OCMkIZc+JD641JF8","preKeyId":10466763}}},"version":"v1"}