{"_sessions":{"BU3qhJSqSugJlv/F/WNuX9yrBjan9IJKLRIldvdYjtZU":{"registrationId":195,"currentRatchet":{"ephemeralKeyPair":{"pubKey":"Ba+Ez4zecoaZHql0cbgU7dM19F90XGqOcteNptVVRx87","privKey":"yEYrWla9uHALuJiuWBS1EzbN6o/gAK2TpjVBC/+q6E8="},"lastRemoteEphemeralKey":"BS102hz9MtavfidejDC3LWu4bl9Cl7awxskxhjPIvMov","previousCounter":0,"rootKey":"VWl7MXPsx0a5KMBc9vF8S2Q2oDzzUWj9LI8s5Gu7QsE="},"indexInfo":{"baseKey":"BU3qhJSqSugJlv/F/WNuX9yrBjan9IJKLRIldvdYjtZU","baseKeyType":1,"closed":-1,"used":1746644956399,"created":1746644956399,"remoteIdentityKey":"BRXFV8bL956XGcJurPpoUJoujnVFcCgb/QMAJAyvDqYO"},"_chains":{"Ba+Ez4zecoaZHql0cbgU7dM19F90XGqOcteNptVVRx87":{"chainKey":{"counter":1,"key":"Q62rsS5wXDqTci4XwHl+3u6LPXRY3jgwIxEgr1IiTsg="},"chainType":1,"messageKeys":{}}},"pendingPreKey":{"signedKeyId":1,"baseKey":"BU3qhJSqSugJlv/F/WNuX9yrBjan9IJKLRIldvdYjtZU","preKeyId":54}}},"version":"v1"}