{"_sessions":{"Be33ZzZRU8M89eFAIJv8Z4dpw4SdTyyQmayu5WDXtjEt":{"registrationId":822029848,"currentRatchet":{"ephemeralKeyPair":{"pubKey":"BQF+We9V74bBwTe05uun8+ZVD4TXz52k69Xrr7oTgjdL","privKey":"ENQM7UCXWAQ0lo3OFSqVp4UnDaV4ZKhWlbx4CW8YO0E="},"lastRemoteEphemeralKey":"BYJf9PK4i/RzNPuTpopJnLFp8lP7R5GKx5GuiC/TRkVV","previousCounter":0,"rootKey":"zItiKXmyYo6HzqWVVe5AQWaXCRWhxMhG73MsIElKut8="},"indexInfo":{"baseKey":"Be33ZzZRU8M89eFAIJv8Z4dpw4SdTyyQmayu5WDXtjEt","baseKeyType":1,"closed":-1,"used":1746639403330,"created":1746639403330,"remoteIdentityKey":"BZ1GSoNiN0/WJGbHPMnIlH/twvmDZn1vlRbB+7IsPjRl"},"_chains":{"BQF+We9V74bBwTe05uun8+ZVD4TXz52k69Xrr7oTgjdL":{"chainKey":{"counter":0,"key":"rlIZ9pZWysgMW8HBZvWErBi5HJ6c029MwbA42RtqzM4="},"chainType":1,"messageKeys":{}}},"pendingPreKey":{"signedKeyId":3,"baseKey":"Be33ZzZRU8M89eFAIJv8Z4dpw4SdTyyQmayu5WDXtjEt"}}},"version":"v1"}