{"_sessions":{"BS51zjSOhwD7/g7OFtJCSlhmUDAi0uNt2lxI84lGWcxB":{"registrationId":1913285053,"currentRatchet":{"ephemeralKeyPair":{"pubKey":"BXHEXvAJlK8Vs6YD67ekFNsDLyzOWItmZhUUH6FcznB5","privKey":"aPUrwXv2iEi52DtJC2u7Pe9hnrpLSLB+vU/7e9q1xk0="},"lastRemoteEphemeralKey":"BQcaoSxDs/EyJzLitonriIvD0JmNsgCi4Jq82hIkTANc","previousCounter":0,"rootKey":"odDlklwW2Phy/WFrJWSoBgAT2HYK+QIiiadn8I5QLp8="},"indexInfo":{"baseKey":"BS51zjSOhwD7/g7OFtJCSlhmUDAi0uNt2lxI84lGWcxB","baseKeyType":1,"closed":-1,"used":1746639403390,"created":1746639403390,"remoteIdentityKey":"BS9Qzq/uMB4I67zVI1SeoBWI1BLmcH+U16kPpNX2drwV"},"_chains":{"BXHEXvAJlK8Vs6YD67ekFNsDLyzOWItmZhUUH6FcznB5":{"chainKey":{"counter":0,"key":"WIaTr5SAYaSeajSiF5pU7eZW0auFQkVdV2RQZ4GaxDw="},"chainType":1,"messageKeys":{}}},"pendingPreKey":{"signedKeyId":0,"baseKey":"BS51zjSOhwD7/g7OFtJCSlhmUDAi0uNt2lxI84lGWcxB","preKeyId":15491154}}},"version":"v1"}