{"_sessions":{"BYQHucNE57QT1jO1EDjKFekEj9aY1WZZGnjbXpT0DJdw":{"registrationId":1593320766,"currentRatchet":{"ephemeralKeyPair":{"pubKey":"BZuPJJAhdKMpQh/sqggz3YGdKy8HSWhw/C2i3Dxsuy1d","privKey":"KCLSk1kXuG/OeXGby4CfXYonXmSapuBrUkeEWoaMxkI="},"lastRemoteEphemeralKey":"BZv6XNNVP6/55WSVatnPNST3P1fgn5AUoC7ct8IAHKwR","previousCounter":0,"rootKey":"Lfl426hPDDOnoHFvK/TqIxP2djV/PBfEb4fR8TPZln4="},"indexInfo":{"baseKey":"BYQHucNE57QT1jO1EDjKFekEj9aY1WZZGnjbXpT0DJdw","baseKeyType":1,"closed":-1,"used":1746645158811,"created":1746645158811,"remoteIdentityKey":"BSeTZXrrSWlIIci+30RUlnjpn+pvk7gUB3v0OClCxel3"},"_chains":{"BZuPJJAhdKMpQh/sqggz3YGdKy8HSWhw/C2i3Dxsuy1d":{"chainKey":{"counter":0,"key":"LFODlVo9RnsAngeVQMLgH61dds557NbqwsCYPZ+Hz04="},"chainType":1,"messageKeys":{}}},"pendingPreKey":{"signedKeyId":3,"baseKey":"BYQHucNE57QT1jO1EDjKFekEj9aY1WZZGnjbXpT0DJdw","preKeyId":12361934}}},"version":"v1"}