{"_sessions":{"BV9P3AUV1XwfDfwkqoT1h08UaLxOJu/jsHriormy5q5R":{"registrationId":616260354,"currentRatchet":{"ephemeralKeyPair":{"pubKey":"BTgoKaFQicFhuxm09bDKDlWsf2crlrkE1642QyCRq8sU","privKey":"2ECa8wrsjd5Up0xgEC5x0XjUliDdNVw4Bt1O+S9FyGo="},"lastRemoteEphemeralKey":"Bd+VJJVMea0OExomEP3usbtDcWEeR4IufM5j0pHX+nlw","previousCounter":0,"rootKey":"tU/lQqCiTo8k69DJrmrinibh8jN4C2n2jfXRGWSWUzk="},"indexInfo":{"baseKey":"BV9P3AUV1XwfDfwkqoT1h08UaLxOJu/jsHriormy5q5R","baseKeyType":1,"closed":-1,"used":1746644960058,"created":1746644960058,"remoteIdentityKey":"BVQSu9aOoyqEHbWVgOFMDsUCDDKVEm/ZmEAip5JcEzYj"},"_chains":{"BTgoKaFQicFhuxm09bDKDlWsf2crlrkE1642QyCRq8sU":{"chainKey":{"counter":1,"key":"v7qEFQUbfzCSKiziIF5VAuABTgxlomerqAhNNDXOark="},"chainType":1,"messageKeys":{}}},"pendingPreKey":{"signedKeyId":4,"baseKey":"BV9P3AUV1XwfDfwkqoT1h08UaLxOJu/jsHriormy5q5R","preKeyId":10887083}}},"version":"v1"}