{"_sessions":{"BdtYtJdTdzCEDzthJGwqhhjb2CK5KglppOD9G6IeWaMz":{"registrationId":1930025177,"currentRatchet":{"ephemeralKeyPair":{"pubKey":"BS0XZ6KusSguEdIcgJdtCQaT7YlW48/f6qsnqhP2opwd","privKey":"sEQs8DA9YUUtDSWCVLWxtK/yCGeJ+hm3LqgCbtMaFlE="},"lastRemoteEphemeralKey":"BcyBCzaCENLPAqpfgbaY6sI+QHmvampEBSij+kQmBt9G","previousCounter":0,"rootKey":"SrIYAmbuKc4rVt0bNyZ/8Cvk1xl0JRdQvcB8xcRmOCk="},"indexInfo":{"baseKey":"BdtYtJdTdzCEDzthJGwqhhjb2CK5KglppOD9G6IeWaMz","baseKeyType":1,"closed":-1,"used":1746645166147,"created":1746645166147,"remoteIdentityKey":"BSFNIvNHMIK0VYGVUWwC05JUUq8z57BARyRk9xxdLJ0P"},"_chains":{"BS0XZ6KusSguEdIcgJdtCQaT7YlW48/f6qsnqhP2opwd":{"chainKey":{"counter":0,"key":"zXdVMy8zHVbeEqUeY1WO26T0xWr/27fQyRj6GM5OSXM="},"chainType":1,"messageKeys":{}}},"pendingPreKey":{"signedKeyId":5563023,"baseKey":"BdtYtJdTdzCEDzthJGwqhhjb2CK5KglppOD9G6IeWaMz","preKeyId":5529}}},"version":"v1"}