{"_sessions":{"BcU9ZgP2OFt2zNuMV0FFbm3Mdg16oYFLpsmdGyeEdQlO":{"registrationId":1078225276,"currentRatchet":{"ephemeralKeyPair":{"pubKey":"Bbl7oDWVzphHIZf4gOQistMAWWV7jTUtB/Pbpl8f6RVT","privKey":"aHPpFKyY7H/KQ1fMDJ37YUmn/qoPuqyPkWuIyO1Ejk8="},"lastRemoteEphemeralKey":"Bevgk+Mo27WgmbuCcuJFaC/xAfj0EXUQ4f/HfOSMN7IR","previousCounter":0,"rootKey":"DF3XQXreHCYG6IFdAfH9/9bHlsf2shYldLLT/MEI1fw="},"indexInfo":{"baseKey":"BcU9ZgP2OFt2zNuMV0FFbm3Mdg16oYFLpsmdGyeEdQlO","baseKeyType":1,"closed":-1,"used":1746627350655,"created":1746627350655,"remoteIdentityKey":"Bewj3WqcMZdfngwWI+LuyxBH6NJ5LWVx+NPhZjtyBoZx"},"_chains":{"Bbl7oDWVzphHIZf4gOQistMAWWV7jTUtB/Pbpl8f6RVT":{"chainKey":{"counter":0,"key":"NDuTfQzM/AM9T/UoaxYrkVm4d+m+WtuS1x5QyJ8bN/c="},"chainType":1,"messageKeys":{}}},"pendingPreKey":{"signedKeyId":2,"baseKey":"BcU9ZgP2OFt2zNuMV0FFbm3Mdg16oYFLpsmdGyeEdQlO","preKeyId":14871973}}},"version":"v1"}