{"_sessions":{"BeU1fE7IPjOj3iTTRr6vDgBJt7SJfUICSpXSzokNk9lr":{"registrationId":1174651469,"currentRatchet":{"ephemeralKeyPair":{"pubKey":"BaqtTqCoxBmhl4LtKnVnffqEQALCq2W8ThfV0eIGgc1q","privKey":"KNUYt4LSG3IWU9IInb20VvcT5cu6ZOIo8r+DADJE5ns="},"lastRemoteEphemeralKey":"Bc9q4sHydwKDjZgM+ki10fXRw75gDh536OaJkkmtD0oX","previousCounter":0,"rootKey":"r4ukIv3Zi9sGHEPWRZB6CvsZTk35WtqWD70d/yTrYGE="},"indexInfo":{"baseKey":"BeU1fE7IPjOj3iTTRr6vDgBJt7SJfUICSpXSzokNk9lr","baseKeyType":1,"closed":-1,"used":1746644960233,"created":1746644960233,"remoteIdentityKey":"BWa1nghYmoOLrm4DsjLCwRepLRDDIiHDoClgO4hnvN1Q"},"_chains":{"BaqtTqCoxBmhl4LtKnVnffqEQALCq2W8ThfV0eIGgc1q":{"chainKey":{"counter":1,"key":"9dKRLlOrqB4OE1e75xWnZ4IQ6Wc/BDQ9ujGX8WjOQBo="},"chainType":1,"messageKeys":{}}},"pendingPreKey":{"signedKeyId":23,"baseKey":"BeU1fE7IPjOj3iTTRr6vDgBJt7SJfUICSpXSzokNk9lr","preKeyId":1083141}}},"version":"v1"}