{"_sessions":{"BfiooHeybwt/vyZdjVdwHzt/MGGE/tFJy/ZOG0N4oo4c":{"registrationId":904670162,"currentRatchet":{"ephemeralKeyPair":{"pubKey":"BbJUR5WbSNSyPh+CEGpZSG4UktH3cFbmSVUMXrQJ4ckq","privKey":"6OIp3sfUeCVL/tzmjN/s1uW5YruwLm7CuaY1GVnTbmQ="},"lastRemoteEphemeralKey":"BfXKQr3Ez34m/N8lGnG1NjzBg5VDgpqzdTkGaKFVFzNa","previousCounter":0,"rootKey":"eXD8UMqkOoSALSpUvkVrEXHN83gQME1jEc5r39DKjGw="},"indexInfo":{"baseKey":"BfiooHeybwt/vyZdjVdwHzt/MGGE/tFJy/ZOG0N4oo4c","baseKeyType":1,"closed":1746627386486,"used":1746627365884,"created":1746627365884,"remoteIdentityKey":"BaT5gEL67ps9A15+P4Na08jEYGrsKg2CY75DNkh5VV9M"},"_chains":{"BbJUR5WbSNSyPh+CEGpZSG4UktH3cFbmSVUMXrQJ4ckq":{"chainKey":{"counter":0,"key":"21XUakECGS9TjNqYlJaAaOkTlJ3k8s4xl3bhtbFm60M="},"chainType":1,"messageKeys":{}}},"pendingPreKey":{"signedKeyId":10,"baseKey":"BfiooHeybwt/vyZdjVdwHzt/MGGE/tFJy/ZOG0N4oo4c"}},"BbQ66XCfaozEvfA06681/PzolXV93maf9LTWfmmLpb8Q":{"registrationId":904670162,"currentRatchet":{"ephemeralKeyPair":{"pubKey":"BT8Lxc6OrrGyuxtFqFNpEUARo97PVnkGWyH7nd0/L2xb","privKey":"YO7iKVLWy5FGXrrQSW5NomX2HIC6XwEJHjkwWSFu4Wo="},"lastRemoteEphemeralKey":"BfXKQr3Ez34m/N8lGnG1NjzBg5VDgpqzdTkGaKFVFzNa","previousCounter":0,"rootKey":"1IcBdwmdrJm5aRlNsGSX2YVPQjnLek2vc2PrSedXNAU="},"indexInfo":{"baseKey":"BbQ66XCfaozEvfA06681/PzolXV93maf9LTWfmmLpb8Q","baseKeyType":1,"closed":1746627408719,"used":1746627385950,"created":1746627385950,"remoteIdentityKey":"BaT5gEL67ps9A15+P4Na08jEYGrsKg2CY75DNkh5VV9M"},"_chains":{"BT8Lxc6OrrGyuxtFqFNpEUARo97PVnkGWyH7nd0/L2xb":{"chainKey":{"counter":0,"key":"nZAwEUSzxJUj3ValnMBD4HoA7XRdBNtSis38P1ACVY4="},"chainType":1,"messageKeys":{}}},"pendingPreKey":{"signedKeyId":10,"baseKey":"BbQ66XCfaozEvfA06681/PzolXV93maf9LTWfmmLpb8Q"}},"BcRy77diea7ZJ3fpGyJplW0qGVgHeQPrcE5qjOCyevsP":{"registrationId":904670162,"currentRatchet":{"ephemeralKeyPair":{"pubKey":"BanuD+fcrbfi5QZ1yfl8Eq0GHHlQiFmqBAiPTVDxYqp+","privKey":"oMk9aYuUooIltlwTLWjWK840M3DspgFUQDGvPDjsnlU="},"lastRemoteEphemeralKey":"BfXKQr3Ez34m/N8lGnG1NjzBg5VDgpqzdTkGaKFVFzNa","previousCounter":0,"rootKey":"3WXYhjPizlVNXV9M11q5Mn0lb2HkK60mH2dxYxc5M8Q="},"indexInfo":{"baseKey":"BcRy77diea7ZJ3fpGyJplW0qGVgHeQPrcE5qjOCyevsP","baseKeyType":1,"closed":-1,"used":1746627408307,"created":1746627408307,"remoteIdentityKey":"BaT5gEL67ps9A15+P4Na08jEYGrsKg2CY75DNkh5VV9M"},"_chains":{"BanuD+fcrbfi5QZ1yfl8Eq0GHHlQiFmqBAiPTVDxYqp+":{"chainKey":{"counter":3,"key":"bGfaT7XFAhmJDkhAJ3zZxzFNGvw9tGJhFKhJeRMwX6U="},"chainType":1,"messageKeys":{}}},"pendingPreKey":{"signedKeyId":10,"baseKey":"BcRy77diea7ZJ3fpGyJplW0qGVgHeQPrcE5qjOCyevsP"}}},"version":"v1"}