{"_sessions":{"BRYh920LS7QleUwwZrtMpOu/G+mWca1Pxq42/QzRKb54":{"registrationId":550159590,"currentRatchet":{"ephemeralKeyPair":{"pubKey":"BTArm1SOnvepJEn+2vxviQ1SJkyicZW4pa98M/Trvgd0","privKey":"yMfZXF/FUB8bQW2+Pu04u2D0xYKCbMW7JJa2/J9veUM="},"lastRemoteEphemeralKey":"BVBHH47ZrzIJD05M9ryNAzGeoe5Vt2df5W+7PGiDrwgb","previousCounter":0,"rootKey":"qExFaU7lCkdQD2cUqCXFekcSQIg4fXGkx66JCEFlaww="},"indexInfo":{"baseKey":"BRYh920LS7QleUwwZrtMpOu/G+mWca1Pxq42/QzRKb54","baseKeyType":1,"closed":-1,"used":1746644960291,"created":1746644960291,"remoteIdentityKey":"BQzFDcF8tnDIxE8COrP4c1WmaJKZ+j9bFUgHBoRZ1gYH"},"_chains":{"BTArm1SOnvepJEn+2vxviQ1SJkyicZW4pa98M/Trvgd0":{"chainKey":{"counter":1,"key":"FtubCE+elTp94bZYjX5JC34y4RpnjZtMSAssA0NM9YA="},"chainType":1,"messageKeys":{}}},"pendingPreKey":{"signedKeyId":2,"baseKey":"BRYh920LS7QleUwwZrtMpOu/G+mWca1Pxq42/QzRKb54","preKeyId":2858688}}},"version":"v1"}