{"_sessions":{"BfKMFHpIH9PkHQ7dALKDV377EC0cZyBuAZaRb+XZjK1t":{"registrationId":209,"currentRatchet":{"ephemeralKeyPair":{"pubKey":"Bf1gEZH9miTGWRlYITFPs6jBcRqXF+34/X9gAlV4io14","privKey":"iKqbGkNnUtpp35rtoehYbQLIbg1d6IGgMwMwSZNXdFE="},"lastRemoteEphemeralKey":"BSweEptq9wXoVd0PYCzoDy5JEsehfgYzhHCjwCTY/XcI","previousCounter":0,"rootKey":"biyNLrBbFUgFbjviYeUkqrIxIL10tMJV/kfV9sofflU="},"indexInfo":{"baseKey":"BfKMFHpIH9PkHQ7dALKDV377EC0cZyBuAZaRb+XZjK1t","baseKeyType":1,"closed":-1,"used":1746633881177,"created":1746633881176,"remoteIdentityKey":"BbtoPR/kAXW92amrb5S+8dsTJRIsfNra5iDM7upWua89"},"_chains":{"Bf1gEZH9miTGWRlYITFPs6jBcRqXF+34/X9gAlV4io14":{"chainKey":{"counter":2,"key":"KXC2ImlZalK1BcqK0PyegGjawYkkgInYxpYvAF0q46k="},"chainType":1,"messageKeys":{}}},"pendingPreKey":{"signedKeyId":1,"baseKey":"BfKMFHpIH9PkHQ7dALKDV377EC0cZyBuAZaRb+XZjK1t"}}},"version":"v1"}