{"_sessions":{"BeMdwEZVmeVokrBtwf75c6ZbTVkj2GU5ShiFKRlp9YJE":{"registrationId":1574966073,"currentRatchet":{"ephemeralKeyPair":{"pubKey":"BZYU0izwh4Yu97xNMPu4x4NspDY1WjELFmNooQ/gyaAd","privKey":"uIPp8qmQdm93x60rjNOc5RGszP56hf1tY4BAjIG+Z2k="},"lastRemoteEphemeralKey":"BcuddDTQeafO1XxeDr/BUhwRn13rz+1UckVxgRhv+I0a","previousCounter":0,"rootKey":"eU4Tc7SwgZUIRRuyY/2DykUKQG0Lnb403+A+ztDPvIQ="},"indexInfo":{"baseKey":"BeMdwEZVmeVokrBtwf75c6ZbTVkj2GU5ShiFKRlp9YJE","baseKeyType":1,"closed":-1,"used":1746645070351,"created":1746645070351,"remoteIdentityKey":"Bb+P4yc5iUrlMYlXmmubZWa/Usot+EVnRkpTUNAMsGMy"},"_chains":{"BZYU0izwh4Yu97xNMPu4x4NspDY1WjELFmNooQ/gyaAd":{"chainKey":{"counter":0,"key":"p34Yuc5rGtXgl6neSx+Nm9fbDKD11iCh+yeO+7Fhzms="},"chainType":1,"messageKeys":{}}},"pendingPreKey":{"signedKeyId":4,"baseKey":"BeMdwEZVmeVokrBtwf75c6ZbTVkj2GU5ShiFKRlp9YJE","preKeyId":16701522}}},"version":"v1"}