{"_sessions":{"BWY3lW0ifY0sxdM9DrDq4BN6lxfBNBCGxltWn256B/NP":{"registrationId":443703419,"currentRatchet":{"ephemeralKeyPair":{"pubKey":"BTJqjO4kBpKMNXtMVY4izb3ijuE00KlAkgn2OVi4duBO","privKey":"AB82nVEbm5wIeK8SezblVFbY6mERJ5t3lcC/6Z8ptlY="},"lastRemoteEphemeralKey":"BUYtbrW+J8IpRzhNS07lIA7w9pbztnmxYB2fqfq1Nrko","previousCounter":0,"rootKey":"UPF1wA1syS5POO6OH/Tq6nK9iLkcTz9Miisvk8dChvc="},"indexInfo":{"baseKey":"BWY3lW0ifY0sxdM9DrDq4BN6lxfBNBCGxltWn256B/NP","baseKeyType":1,"closed":-1,"used":1746644960284,"created":1746644960284,"remoteIdentityKey":"BQUiifzgObsj2XqiBFuAbflO3OsDVmf6sMQWbOhvo/10"},"_chains":{"BTJqjO4kBpKMNXtMVY4izb3ijuE00KlAkgn2OVi4duBO":{"chainKey":{"counter":1,"key":"1Uhj61Iqcfi6TcWmKAkQhMYNNkyaiJwJUP0v4FCQYtw="},"chainType":1,"messageKeys":{}}},"pendingPreKey":{"signedKeyId":13,"baseKey":"BWY3lW0ifY0sxdM9DrDq4BN6lxfBNBCGxltWn256B/NP","preKeyId":698196}}},"version":"v1"}