{"_sessions":{"BWoknkl8wnF+RhMxWC93LBBNrCAjESl8yM4CqMObnW5e":{"registrationId":1295060297,"currentRatchet":{"ephemeralKeyPair":{"pubKey":"BZPaTkyLiqFywfw1J4ZGwCiIbamcDpmAGO//iQzGkuEM","privKey":"+PusZnfDXcnJR7hqpTcahua6joKJpkjngvB/5JyPM1I="},"lastRemoteEphemeralKey":"BU4FBllmo95jh7tOpWQKib8JRqpQIMy0Vf71E2oKgJ4V","previousCounter":0,"rootKey":"w7o80jecjHX/4yYXbYvf6gZl2KJ6NkeBXJNlMdiDmAU="},"indexInfo":{"baseKey":"BWoknkl8wnF+RhMxWC93LBBNrCAjESl8yM4CqMObnW5e","baseKeyType":1,"closed":-1,"used":1746627450184,"created":1746627450184,"remoteIdentityKey":"BR4zau5vWXd9EQTtwxiZzwU82M9FYXilrpKNRmgBIt5k"},"_chains":{"BZPaTkyLiqFywfw1J4ZGwCiIbamcDpmAGO//iQzGkuEM":{"chainKey":{"counter":0,"key":"ZqatOCHmfipldCSkllFQV9wARDqcz6+gb7tS6kgLDJo="},"chainType":1,"messageKeys":{}}},"pendingPreKey":{"signedKeyId":16,"baseKey":"BWoknkl8wnF+RhMxWC93LBBNrCAjESl8yM4CqMObnW5e","preKeyId":14609925}}},"version":"v1"}