{"_sessions":{"BdCEDVA66ecBhgy2de6YJINeDitVjoZKnjh6VypLTAov":{"registrationId":1908231303,"currentRatchet":{"ephemeralKeyPair":{"pubKey":"BZm1Rn6oX/gd3dnVf2v+0JdWqZ0CSyBPct6G7phVFmph","privKey":"OG4tPN0x5QnIryubT97vIYRx5AeZSA/l9BFTKdQ5Hlk="},"lastRemoteEphemeralKey":"BX08/XuFYhAFpiSVQVhBKHqaPIGMR6v2dwjeibS9KPB0","previousCounter":0,"rootKey":"0T4WuSQB6Ed8T+2x0vV8oR0pVSWRaqGEQZzbkXwk8z4="},"indexInfo":{"baseKey":"BdCEDVA66ecBhgy2de6YJINeDitVjoZKnjh6VypLTAov","baseKeyType":1,"closed":-1,"used":1746644956840,"created":1746644956840,"remoteIdentityKey":"BRyhmn++Yu77cjLN0e5BodHmyfR6VTnS0rWRYSBR2Q0z"},"_chains":{"BZm1Rn6oX/gd3dnVf2v+0JdWqZ0CSyBPct6G7phVFmph":{"chainKey":{"counter":1,"key":"buzBxw4TzGFw6/ShsNv098kz0pix5aTToyoehj9amJs="},"chainType":1,"messageKeys":{}}},"pendingPreKey":{"signedKeyId":6,"baseKey":"BdCEDVA66ecBhgy2de6YJINeDitVjoZKnjh6VypLTAov","preKeyId":4174931}}},"version":"v1"}