{"_sessions":{"Bdu5BlGeeHjTmAu/SIFeeK+mvhT1MnhRvv8RIDJoGV0L":{"registrationId":420698362,"currentRatchet":{"ephemeralKeyPair":{"pubKey":"BT2skj7ZKuk0TycrmKJwrz/c+DQWNBu3foFFfJ7aUGEG","privKey":"IBSGKYzH+K1ZLSj1F2MZ7IQM9Wl74VzgdZQkpA11xWg="},"lastRemoteEphemeralKey":"BT/zMf7bcP95oGMigw/XYRPE2S0xoc2SGquaTFVoRTl+","previousCounter":0,"rootKey":"G8DqiPgYTBnBb85GZXZ+iSWAeUCGNvZyupmeVHx4H7I="},"indexInfo":{"baseKey":"Bdu5BlGeeHjTmAu/SIFeeK+mvhT1MnhRvv8RIDJoGV0L","baseKeyType":1,"closed":-1,"used":1746645070399,"created":1746645070399,"remoteIdentityKey":"BXPmmU76+G/X7CEYfXcPlqNPPpDS8gkzSMNMXSgf6n5P"},"_chains":{"BT2skj7ZKuk0TycrmKJwrz/c+DQWNBu3foFFfJ7aUGEG":{"chainKey":{"counter":0,"key":"TwaG58Lyqa1QjZXmTXi2VLqO8dtcFp+MnjGDxCDizsc="},"chainType":1,"messageKeys":{}}},"pendingPreKey":{"signedKeyId":2460943,"baseKey":"Bdu5BlGeeHjTmAu/SIFeeK+mvhT1MnhRvv8RIDJoGV0L","preKeyId":2921}}},"version":"v1"}