{"_sessions":{"BQihqOGPV4ym4EzWs13zJ3MOniHPU8OUk9igP4UvIQgX":{"registrationId":1648942695,"currentRatchet":{"ephemeralKeyPair":{"pubKey":"BZ8ZvLzfEhibde33bJ+3Q9HnKPl2vKSRO+LmiVjqd8gL","privKey":"gB1R4uWIxuwVP6N1gIFwnq6uipLJ957ZO6fkZW4hm3c="},"lastRemoteEphemeralKey":"BZQtP8GaaCn2wjWJctb03xzlNFYTo2mi01q33fZUCUJE","previousCounter":0,"rootKey":"0em2Y9xITcaIYeOrG6zUFeM5cnO3V9bNEmhEW7WBoU8="},"indexInfo":{"baseKey":"BQihqOGPV4ym4EzWs13zJ3MOniHPU8OUk9igP4UvIQgX","baseKeyType":1,"closed":-1,"used":1746645166139,"created":1746645166139,"remoteIdentityKey":"BZl6M3BOOZvHliEUXvj39ySu0bVLp+Zw1WBmeNgR9WEv"},"_chains":{"BZ8ZvLzfEhibde33bJ+3Q9HnKPl2vKSRO+LmiVjqd8gL":{"chainKey":{"counter":0,"key":"rs7Q2ki61WTWNd0wCLWxbQq8ho3W6LK6W8ctqwEvQUA="},"chainType":1,"messageKeys":{}}},"pendingPreKey":{"signedKeyId":4,"baseKey":"BQihqOGPV4ym4EzWs13zJ3MOniHPU8OUk9igP4UvIQgX","preKeyId":15965200}}},"version":"v1"}