{"_sessions":{"BVMxg4SuZw+ae0Q6+F6gRYYweIZpV3j6L2x2LKXsxyBv":{"registrationId":46133957,"currentRatchet":{"ephemeralKeyPair":{"pubKey":"BR98io4sGFiP4bTpyulHIO/GSTU0kXzuaIWoOtIRCpRJ","privKey":"yEj+KX7BNgM7Ey4G3I33pEOFSAar/e+KIkpfOthd3H0="},"lastRemoteEphemeralKey":"BR0LuIAuoCcQZk4iZahwwH+mvUF0W8kfF5aatwM7mYxg","previousCounter":0,"rootKey":"tptZLJO797FUKQJ9AGkc+N3YSw1hupzvFIYUHIbVWSo="},"indexInfo":{"baseKey":"BVMxg4SuZw+ae0Q6+F6gRYYweIZpV3j6L2x2LKXsxyBv","baseKeyType":1,"closed":1746627386547,"used":1746627366110,"created":1746627366110,"remoteIdentityKey":"BTHkft078HS4k4WW05OpSbS9pvJ6nJ4mmgj0wvfcRLgB"},"_chains":{"BR98io4sGFiP4bTpyulHIO/GSTU0kXzuaIWoOtIRCpRJ":{"chainKey":{"counter":0,"key":"wn26ctGagrfE5GBJ9an1BjvB3I5xyrVQQSY0XGjmnck="},"chainType":1,"messageKeys":{}}},"pendingPreKey":{"signedKeyId":1,"baseKey":"BVMxg4SuZw+ae0Q6+F6gRYYweIZpV3j6L2x2LKXsxyBv","preKeyId":3464403}},"BeNikoOBb08mpa9WzuUPh/ZOrFWalTPtWq7cCc77LV9x":{"registrationId":46133957,"currentRatchet":{"ephemeralKeyPair":{"pubKey":"BRYmOl4U/NAYuHcyH8d6nXlX/K6wzNaqdyJrrp1c17Yh","privKey":"SDxWhQkALWtNWk5w05IxOdKYnP2MMjpJIX+Pj0AD708="},"lastRemoteEphemeralKey":"BR0LuIAuoCcQZk4iZahwwH+mvUF0W8kfF5aatwM7mYxg","previousCounter":0,"rootKey":"bSiqVpQBdmbXC52KXuFpJ6Th7uD7EgSplpsSViClcd8="},"indexInfo":{"baseKey":"BeNikoOBb08mpa9WzuUPh/ZOrFWalTPtWq7cCc77LV9x","baseKeyType":1,"closed":1746627408765,"used":1746627386207,"created":1746627386207,"remoteIdentityKey":"BTHkft078HS4k4WW05OpSbS9pvJ6nJ4mmgj0wvfcRLgB"},"_chains":{"BRYmOl4U/NAYuHcyH8d6nXlX/K6wzNaqdyJrrp1c17Yh":{"chainKey":{"counter":0,"key":"eigEYhrhZtIazEsr45x/XpDGIWNvAsvwiCoBQ37+7Es="},"chainType":1,"messageKeys":{}}},"pendingPreKey":{"signedKeyId":1,"baseKey":"BeNikoOBb08mpa9WzuUPh/ZOrFWalTPtWq7cCc77LV9x","preKeyId":3465111}},"BagyWpm24R1/WVmSRW9YoVo/57STWYeaXsDW3WzoXB9d":{"registrationId":46133957,"currentRatchet":{"ephemeralKeyPair":{"pubKey":"BRqPJBT/pkbkRqkoZDnjjQC0zVq06fCXp5uHkgFw17sV","privKey":"mE/DQi8JOz745IPYqYQ5aW6oD/nlLrMLosn/NYqqwVY="},"lastRemoteEphemeralKey":"BR0LuIAuoCcQZk4iZahwwH+mvUF0W8kfF5aatwM7mYxg","previousCounter":0,"rootKey":"pWn2ulbbLQYJo548lXgPhuyAAoeNW8Bpj2ktwnMKP8w="},"indexInfo":{"baseKey":"BagyWpm24R1/WVmSRW9YoVo/57STWYeaXsDW3WzoXB9d","baseKeyType":1,"closed":-1,"used":1746627408507,"created":1746627408507,"remoteIdentityKey":"BTHkft078HS4k4WW05OpSbS9pvJ6nJ4mmgj0wvfcRLgB"},"_chains":{"BRqPJBT/pkbkRqkoZDnjjQC0zVq06fCXp5uHkgFw17sV":{"chainKey":{"counter":3,"key":"lbXJqJydM25Tq9opFMEjzcqZ1RkpM438EGv2Wotm5Mg="},"chainType":1,"messageKeys":{}}},"pendingPreKey":{"signedKeyId":1,"baseKey":"BagyWpm24R1/WVmSRW9YoVo/57STWYeaXsDW3WzoXB9d","preKeyId":3464435}}},"version":"v1"}