{"_sessions":{"BcSOg9WmuzuykzPUavuj5RfjxXtlqKX61xe40hrLCw1b":{"registrationId":1455471833,"currentRatchet":{"ephemeralKeyPair":{"pubKey":"BT+BxFyi75gTk6TRssn2QEN1g27nG2ngnM8rwzLz4ihK","privKey":"IGX48is+JbR//DrO+WgP3piAYdJ0GA42SGUcAXP1SHc="},"lastRemoteEphemeralKey":"BSufRYV7RdYQE9T7+efSMo36OqJAlHHGXb+psR3/zns5","previousCounter":0,"rootKey":"jIoK5imSQDq0bJREDPkCTm6IVPyqi7pwj19cT5IAeyk="},"indexInfo":{"baseKey":"BcSOg9WmuzuykzPUavuj5RfjxXtlqKX61xe40hrLCw1b","baseKeyType":1,"closed":-1,"used":1746645162508,"created":1746645162508,"remoteIdentityKey":"BXha+xh71YJrTuQY5I2CCoxx3GVYkW9WB+rSGrhmgGhW"},"_chains":{"BT+BxFyi75gTk6TRssn2QEN1g27nG2ngnM8rwzLz4ihK":{"chainKey":{"counter":0,"key":"n4N8O6I5gF1Twy6GHyIyfVQJRmcwDmqxE+e8diHn3kU="},"chainType":1,"messageKeys":{}}},"pendingPreKey":{"signedKeyId":10456546,"baseKey":"BcSOg9WmuzuykzPUavuj5RfjxXtlqKX61xe40hrLCw1b","preKeyId":17243}}},"version":"v1"}