{"_sessions":{"BXHkTZBYxolPdjCmsoYzwQJiwhxTlOd5tIN+krrG8HJG":{"registrationId":6985,"currentRatchet":{"ephemeralKeyPair":{"pubKey":"BYbGdaQmDWS+KlZlrEp44opMTBJDxi6Emo+cvYIVVg9J","privKey":"kMH4N9dHIIvokVOtHdOrYVmoODQtH8aX/uvN/nJk0Eo="},"lastRemoteEphemeralKey":"BQlO2zSCCECKhxg47cdQwWTgcQB9TcrjhF4MKCvtn4E4","previousCounter":0,"rootKey":"oQActrvySz8iFyvqm8zjdnJpB2B9STKnCYZa80tur4k="},"indexInfo":{"baseKey":"BXHkTZBYxolPdjCmsoYzwQJiwhxTlOd5tIN+krrG8HJG","baseKeyType":1,"closed":1746627382407,"used":1746627362484,"created":1746627362484,"remoteIdentityKey":"BWhPFOqu77w4OuC5YvthmCNgJoLH4zXrjzeQfuzgwHNS"},"_chains":{"BYbGdaQmDWS+KlZlrEp44opMTBJDxi6Emo+cvYIVVg9J":{"chainKey":{"counter":0,"key":"DfTi6EafyBSqNVkBnq4z3V95Akk3HSS7DhB6DSzYDw0="},"chainType":1,"messageKeys":{}}},"pendingPreKey":{"signedKeyId":1,"baseKey":"BXHkTZBYxolPdjCmsoYzwQJiwhxTlOd5tIN+krrG8HJG","preKeyId":8828}},"BaMSAqxBfTB/F5RmpxgGOpBjCFdL/3pToUZL/5krFItw":{"registrationId":6985,"currentRatchet":{"ephemeralKeyPair":{"pubKey":"BSQpfZj+rhd6BkG9a3pbqtIuN8Ibf5hjPWELe8p3t2se","privKey":"GB33D/3cXqoVXt4eBQW8SZzOmrJjlvJJC/8BhpHY9Xo="},"lastRemoteEphemeralKey":"BQlO2zSCCECKhxg47cdQwWTgcQB9TcrjhF4MKCvtn4E4","previousCounter":0,"rootKey":"/ZJ/VqdD3uw8CGvyy2LIxoraxtb4DX6jYP8F03c3gqY="},"indexInfo":{"baseKey":"BaMSAqxBfTB/F5RmpxgGOpBjCFdL/3pToUZL/5krFItw","baseKeyType":1,"closed":1746627404903,"used":1746627381894,"created":1746627381894,"remoteIdentityKey":"BWhPFOqu77w4OuC5YvthmCNgJoLH4zXrjzeQfuzgwHNS"},"_chains":{"BSQpfZj+rhd6BkG9a3pbqtIuN8Ibf5hjPWELe8p3t2se":{"chainKey":{"counter":0,"key":"GqLGL7RZRBNcMlyCarzCbpjvZjIydFzeZSYsgBP9Udc="},"chainType":1,"messageKeys":{}}},"pendingPreKey":{"signedKeyId":1,"baseKey":"BaMSAqxBfTB/F5RmpxgGOpBjCFdL/3pToUZL/5krFItw","preKeyId":8740}},"BWpJVU+5SWKoU7zY8+mRbLyuBTjZtXX4tf3/X8eoG941":{"registrationId":6985,"currentRatchet":{"ephemeralKeyPair":{"pubKey":"BStfCQovB6VIYcqRzE4pg1ECGrZwD++ShqdfhpXQ8LRk","privKey":"+FLpT8FNUB37Y8fZme7b2FmUKDAn64QIaz9LEnNeHVs="},"lastRemoteEphemeralKey":"BQlO2zSCCECKhxg47cdQwWTgcQB9TcrjhF4MKCvtn4E4","previousCounter":0,"rootKey":"BALG0kQKCLAZKFZiVDJdegiRsZj0QD0qH7iLglz+DfE="},"indexInfo":{"baseKey":"BWpJVU+5SWKoU7zY8+mRbLyuBTjZtXX4tf3/X8eoG941","baseKeyType":1,"closed":-1,"used":1746627404666,"created":1746627404666,"remoteIdentityKey":"BWhPFOqu77w4OuC5YvthmCNgJoLH4zXrjzeQfuzgwHNS"},"_chains":{"BStfCQovB6VIYcqRzE4pg1ECGrZwD++ShqdfhpXQ8LRk":{"chainKey":{"counter":3,"key":"8w0YnO1JwtcffMjQdFvD0zQ1pXxI5UsqgnXO9npFQHc="},"chainType":1,"messageKeys":{}}},"pendingPreKey":{"signedKeyId":1,"baseKey":"BWpJVU+5SWKoU7zY8+mRbLyuBTjZtXX4tf3/X8eoG941","preKeyId":8220}}},"version":"v1"}