{"_sessions":{"BQDAVO/Pn9/LVjUriHQZLBp6mPHUoJ/BsEZMZuO5n4xo":{"registrationId":1236115189,"currentRatchet":{"ephemeralKeyPair":{"pubKey":"BfQFqRVKJZ2FfpYR3e8OTE6+sGtsm217jTLLbAZt2lgg","privKey":"iDltFhASdDD+BxFy3Hx09C4uIJrhyQTJm50I/ctHM1M="},"lastRemoteEphemeralKey":"BX4/G+wZ1lsBXTMZIuPgK3byIw8yGC4WFh8O1oJCnYpY","previousCounter":0,"rootKey":"Pu4FxJgj8qGttjkidAxALyTOMwMQF0HvDBWNwSNmT14="},"indexInfo":{"baseKey":"BQDAVO/Pn9/LVjUriHQZLBp6mPHUoJ/BsEZMZuO5n4xo","baseKeyType":1,"closed":-1,"used":1746645162557,"created":1746645162557,"remoteIdentityKey":"Bf7OePiz/WCMlgpZrXfSGS0o+Zs6TvF64O086aCNIiMr"},"_chains":{"BfQFqRVKJZ2FfpYR3e8OTE6+sGtsm217jTLLbAZt2lgg":{"chainKey":{"counter":0,"key":"K1+ZDcMkTho91SInrkdPv6+IUrYyvH+joN8wu/+b53g="},"chainType":1,"messageKeys":{}}},"pendingPreKey":{"signedKeyId":2419399,"baseKey":"BQDAVO/Pn9/LVjUriHQZLBp6mPHUoJ/BsEZMZuO5n4xo"}}},"version":"v1"}