{"_sessions":{"BZPdZuGoEQutLzl1Tiw9bTlJclET1FSGi+cO31wfMmN9":{"registrationId":60347417,"currentRatchet":{"ephemeralKeyPair":{"pubKey":"BeRS7hnIAXmPb5bpiNOyzscRcQcPFeBOtO+Fnc2ARQYP","privKey":"4CjFF882mlB4Sz+Z0YXAylpNxHAWiP6BHFUz97K+p1c="},"lastRemoteEphemeralKey":"BYCVNfuPVbh4P/TZZH0vixMrfmt3zGxp5FXr6+KkDEcX","previousCounter":0,"rootKey":"7WwQkCnrAbnXw+YK56DqOs1LSN0alvzs36njiK0FJk4="},"indexInfo":{"baseKey":"BZPdZuGoEQutLzl1Tiw9bTlJclET1FSGi+cO31wfMmN9","baseKeyType":1,"closed":-1,"used":1746644960226,"created":1746644960226,"remoteIdentityKey":"BcDO5A1qJo1lsETebEGZ8zVt9amsFh350ihqL3ceiCFe"},"_chains":{"BeRS7hnIAXmPb5bpiNOyzscRcQcPFeBOtO+Fnc2ARQYP":{"chainKey":{"counter":1,"key":"LR08cCZH2JtgWI3UpexWsC6/4HFpD3ivuA+dv9HgR6Q="},"chainType":1,"messageKeys":{}}},"pendingPreKey":{"signedKeyId":37,"baseKey":"BZPdZuGoEQutLzl1Tiw9bTlJclET1FSGi+cO31wfMmN9","preKeyId":6605615}}},"version":"v1"}