{"_sessions":{"BW0BkPRbGfSrQclyUxHuEUQoMAJMm+J+f+UHqZKrJ+tT":{"registrationId":1900737639,"currentRatchet":{"ephemeralKeyPair":{"pubKey":"BfpCGj8iiMcNHj9gWR5t5+XIz009LsDy678M7j91nYxt","privKey":"6HVcl+22BpJajzw6b76CZbNwZBZ7UEfI3MLsso30o0s="},"lastRemoteEphemeralKey":"BcihBlE/HUMUnpCGlp2xNbllLTpj0rLJMkrNiDG7oPF3","previousCounter":0,"rootKey":"0TkCnTocSlCuAJ+GHUHocnLBmJ93TPdHa1JDv58p7fY="},"indexInfo":{"baseKey":"BW0BkPRbGfSrQclyUxHuEUQoMAJMm+J+f+UHqZKrJ+tT","baseKeyType":1,"closed":-1,"used":1746644960209,"created":1746644960209,"remoteIdentityKey":"BTOZRVn3HRxcOu6GaiGU4mR72QyjDgk1w3hoX25A5TQZ"},"_chains":{"BfpCGj8iiMcNHj9gWR5t5+XIz009LsDy678M7j91nYxt":{"chainKey":{"counter":1,"key":"BVTkhwaqaAgJJvxM4hJWDbybJEIPzW9CwenDZyEv7kI="},"chainType":1,"messageKeys":{}}},"pendingPreKey":{"signedKeyId":8,"baseKey":"BW0BkPRbGfSrQclyUxHuEUQoMAJMm+J+f+UHqZKrJ+tT","preKeyId":3751907}}},"version":"v1"}