{"_sessions":{"Bd6q6NSAThf/AG7AeotEepZyXk/66vIBNOFAfKNk7m4N":{"registrationId":2108341555,"currentRatchet":{"ephemeralKeyPair":{"pubKey":"BY9CGfCuGyD5CPYCKiV7ltK1bR2z/idPbMZJGBcZsAA5","privKey":"sM6CpUqMZNXyjA8ZGIiHftc2f/zYxkY4UmWbL4QzP20="},"lastRemoteEphemeralKey":"BT52BA5qfkWl+nqcAQR0cCG+fDT39ML3B9oc3Mkd+nQJ","previousCounter":0,"rootKey":"yUc3GF+vSHeAt/ilwVh2PDpCmt9TDBgPnTvZ1k/eZ6A="},"indexInfo":{"baseKey":"Bd6q6NSAThf/AG7AeotEepZyXk/66vIBNOFAfKNk7m4N","baseKeyType":1,"closed":-1,"used":1746639403323,"created":1746639403323,"remoteIdentityKey":"BYj4d9oqOoPvnGjnxEKpU27YgQ+Sh0j1Ibw35czjdEkl"},"_chains":{"BY9CGfCuGyD5CPYCKiV7ltK1bR2z/idPbMZJGBcZsAA5":{"chainKey":{"counter":0,"key":"WuOZuIwwyObE+R02qixoVZPepz6vOuhh6KwcmyBQ30I="},"chainType":1,"messageKeys":{}}},"pendingPreKey":{"signedKeyId":4,"baseKey":"Bd6q6NSAThf/AG7AeotEepZyXk/66vIBNOFAfKNk7m4N","preKeyId":3144508}}},"version":"v1"}