{"_sessions":{"BfzZhYIrt9JvVaETcGYs4nz6KxRZibuBtOp+vm39j6Z9":{"registrationId":259537354,"currentRatchet":{"ephemeralKeyPair":{"pubKey":"BXmL5/ZoiNhu5SNjUWifszMxxIIrwTuG3DiaAAGeluRY","privKey":"MHvInJfecDyZZs6s+8rU/2YvvQx7bOWq30XoVH6taXA="},"lastRemoteEphemeralKey":"BW8/d2cIIOFdAIqGkAmJ3qMlVCv7q9MqfdtUMPvcTbdx","previousCounter":0,"rootKey":"DbRlsQb2dKXKG6sGiw5rd0MVFgaQWAnEtyuBpz4x2Ks="},"indexInfo":{"baseKey":"BfzZhYIrt9JvVaETcGYs4nz6KxRZibuBtOp+vm39j6Z9","baseKeyType":1,"closed":-1,"used":1746612488542,"created":1746612488542,"remoteIdentityKey":"BbeA6xUOKl1KDaClk1ohvX/0XMmKzO8Y4Itu/TQnJxkv"},"_chains":{"BXmL5/ZoiNhu5SNjUWifszMxxIIrwTuG3DiaAAGeluRY":{"chainKey":{"counter":4,"key":"JQGGIwMKyN9lLX/fhRpYivHEiz3KAUA9HGN/zYhrya0="},"chainType":1,"messageKeys":{}}},"pendingPreKey":{"signedKeyId":2,"baseKey":"BfzZhYIrt9JvVaETcGYs4nz6KxRZibuBtOp+vm39j6Z9","preKeyId":13335853}}},"version":"v1"}