{"_sessions":{"BapBxQNzJoJGDq0ZU3sKHcemUEhL90DuLho00GTMGlRz":{"registrationId":1166101257,"currentRatchet":{"ephemeralKeyPair":{"pubKey":"BWY9F6aMM4fHTcOFcMnx1HQeb/648SQ3TGELBNVK3Gox","privKey":"kMN0e7yF2LbwLrsQlgp/llzqmNy22ZMxMUeivHJaQ14="},"lastRemoteEphemeralKey":"BcfxDJmwUrTSoBV7iw/5CEO3Pe+Q7ydhz8Ks+n2TAwtX","previousCounter":0,"rootKey":"jGW6Z86T2bGRIbq5E7NROMClOgI+4PXoZF97B7BsypQ="},"indexInfo":{"baseKey":"BapBxQNzJoJGDq0ZU3sKHcemUEhL90DuLho00GTMGlRz","baseKeyType":1,"closed":1746627386519,"used":1746627366010,"created":1746627366010,"remoteIdentityKey":"Bfi/CzRuiCUkBYRv/Z/tjjyNT6f5pZwo5WQTiUyARctU"},"_chains":{"BWY9F6aMM4fHTcOFcMnx1HQeb/648SQ3TGELBNVK3Gox":{"chainKey":{"counter":0,"key":"RrQNmKVv8Arw017RFkMwos904x7O6ost8bR2CQxm2Ss="},"chainType":1,"messageKeys":{}}},"pendingPreKey":{"signedKeyId":6,"baseKey":"BapBxQNzJoJGDq0ZU3sKHcemUEhL90DuLho00GTMGlRz","preKeyId":7870150}},"BZXMkI9hGbKTljveHSZQsXe8V3AJiMyoW086GtPJ1mwe":{"registrationId":1166101257,"currentRatchet":{"ephemeralKeyPair":{"pubKey":"BYTUlxxUDkRhoVDno3kAEBZUdAbPHohctz7/8mD4l4kg","privKey":"YBsjOmTcdV9zi0UHjUUsBK6/gEn/82JBwuBDMRzwak4="},"lastRemoteEphemeralKey":"BcfxDJmwUrTSoBV7iw/5CEO3Pe+Q7ydhz8Ks+n2TAwtX","previousCounter":0,"rootKey":"fFFMxtzY0UyHNgBCZKt7VqqIs+cBLVe2fPhFQu+IH+U="},"indexInfo":{"baseKey":"BZXMkI9hGbKTljveHSZQsXe8V3AJiMyoW086GtPJ1mwe","baseKeyType":1,"closed":1746627408743,"used":1746627386087,"created":1746627386087,"remoteIdentityKey":"Bfi/CzRuiCUkBYRv/Z/tjjyNT6f5pZwo5WQTiUyARctU"},"_chains":{"BYTUlxxUDkRhoVDno3kAEBZUdAbPHohctz7/8mD4l4kg":{"chainKey":{"counter":0,"key":"NnLuKYC4bXnYVjctxHmA8UU6TRaV/PDzxBC8shJTzpU="},"chainType":1,"messageKeys":{}}},"pendingPreKey":{"signedKeyId":6,"baseKey":"BZXMkI9hGbKTljveHSZQsXe8V3AJiMyoW086GtPJ1mwe","preKeyId":7870175}},"BdoV/QXwL68x/8wxs1Bf2x2A0cPDAVaP+iMW4hYuFlsv":{"registrationId":1166101257,"currentRatchet":{"ephemeralKeyPair":{"pubKey":"BYkKW6wxBQrJtwrSZyQmF4Yjv0v6s5GZE8PYTStf1akk","privKey":"iHFb6KgTJtfGO798gZGR80PgDq0w7QmrEmZkb1Vu82k="},"lastRemoteEphemeralKey":"BcfxDJmwUrTSoBV7iw/5CEO3Pe+Q7ydhz8Ks+n2TAwtX","previousCounter":0,"rootKey":"ba0H5hmp+ywRPjP8Ojvn+XKaG5fjjVC9Fr80zh4zybI="},"indexInfo":{"baseKey":"BdoV/QXwL68x/8wxs1Bf2x2A0cPDAVaP+iMW4hYuFlsv","baseKeyType":1,"closed":-1,"used":1746627408410,"created":1746627408410,"remoteIdentityKey":"Bfi/CzRuiCUkBYRv/Z/tjjyNT6f5pZwo5WQTiUyARctU"},"_chains":{"BYkKW6wxBQrJtwrSZyQmF4Yjv0v6s5GZE8PYTStf1akk":{"chainKey":{"counter":3,"key":"E4LPl40RAqX5kRdfSaXnCN6Q2fLI62+FWlOVUYe8ZZo="},"chainType":1,"messageKeys":{}}},"pendingPreKey":{"signedKeyId":6,"baseKey":"BdoV/QXwL68x/8wxs1Bf2x2A0cPDAVaP+iMW4hYuFlsv","preKeyId":7869778}}},"version":"v1"}