{"_sessions":{"BXPtmBsxRfabcvjVBkNpqlqUsHmuEuYzKPcNuAJxnC4Q":{"registrationId":860288199,"currentRatchet":{"ephemeralKeyPair":{"pubKey":"BVN9jJWg0kUlbuwpFI54rV5rSCMQR/NxInBqIOMc9fBL","privKey":"SLlbI9CPvKuCG/iNqzShLSLUngsBdMmwvyGOeXHBKm8="},"lastRemoteEphemeralKey":"BcLsMitLZ+acy043Anxkmij/sEXg4trUg9bMJsHyw0QL","previousCounter":0,"rootKey":"+ma2UQoO8h+vSnzm8Nqf3tCcew06Wa/+DB4ZXGv31FU="},"indexInfo":{"baseKey":"BXPtmBsxRfabcvjVBkNpqlqUsHmuEuYzKPcNuAJxnC4Q","baseKeyType":1,"closed":-1,"used":1746645158878,"created":1746645158878,"remoteIdentityKey":"BVapJ1i1gD/A4ndicGWAUArBa+CBoxSE7zWsQUrxreNr"},"_chains":{"BVN9jJWg0kUlbuwpFI54rV5rSCMQR/NxInBqIOMc9fBL":{"chainKey":{"counter":0,"key":"sMhyynBTMGZZdcu40c2jY3ciapX5pjU57VXJ9QNJjoE="},"chainType":1,"messageKeys":{}}},"pendingPreKey":{"signedKeyId":3,"baseKey":"BXPtmBsxRfabcvjVBkNpqlqUsHmuEuYzKPcNuAJxnC4Q","preKeyId":15050106}}},"version":"v1"}