{"_sessions":{"BVbj+5zMMTCpfFTSJ+db+clQzBhxO854DbveXQG4lWU6":{"registrationId":1644097665,"currentRatchet":{"ephemeralKeyPair":{"pubKey":"BRYZed/PevGWIqbnPnf/EzTaO5IBU0ZT+5zYValmJL9y","privKey":"sOrUrGByi2/bQ+RNUUncAKJE0ZNSsKspn6X8fISDb0E="},"lastRemoteEphemeralKey":"BaZq+2to2VvVF/t9HKVbYq0SlwK1D37Hpo606M+OarhP","previousCounter":0,"rootKey":"hmL/67YYwubT8O1aqy+jZ+80dID+KNlU1lo5tnLPAoA="},"indexInfo":{"baseKey":"BVbj+5zMMTCpfFTSJ+db+clQzBhxO854DbveXQG4lWU6","baseKeyType":1,"closed":1746627382611,"used":1746627362634,"created":1746627362634,"remoteIdentityKey":"BUUSsuQ7+Fnw+3UIlQ7aV2xmHDg5EJSQOuPGiaaNAp0c"},"_chains":{"BRYZed/PevGWIqbnPnf/EzTaO5IBU0ZT+5zYValmJL9y":{"chainKey":{"counter":0,"key":"XEnJgAhdw80aXHP60EReQC+RQIlTBS/AT2QDfmK0bls="},"chainType":1,"messageKeys":{}}},"pendingPreKey":{"signedKeyId":7,"baseKey":"BVbj+5zMMTCpfFTSJ+db+clQzBhxO854DbveXQG4lWU6","preKeyId":8163728}},"BWlW9kkvv2BB02/Mhupa0WYHxDgkva+0TS3KSAGrTC1Q":{"registrationId":1644097665,"currentRatchet":{"ephemeralKeyPair":{"pubKey":"BcRQ7W0mTugnej5XYu3BkO+IiHZ1VWaH906gvH3FFSZm","privKey":"uNYhssAZuFLP6xIEFUi+D+jpl63kj5rsSyYjireC3k0="},"lastRemoteEphemeralKey":"BaZq+2to2VvVF/t9HKVbYq0SlwK1D37Hpo606M+OarhP","previousCounter":0,"rootKey":"tDzoqWEmt3fKOTuAzdbA0Q6o8KkAhjogPy25zTWPycY="},"indexInfo":{"baseKey":"BWlW9kkvv2BB02/Mhupa0WYHxDgkva+0TS3KSAGrTC1Q","baseKeyType":1,"closed":1746627404931,"used":1746627382021,"created":1746627382021,"remoteIdentityKey":"BUUSsuQ7+Fnw+3UIlQ7aV2xmHDg5EJSQOuPGiaaNAp0c"},"_chains":{"BcRQ7W0mTugnej5XYu3BkO+IiHZ1VWaH906gvH3FFSZm":{"chainKey":{"counter":0,"key":"B13MoMYazUcOhAHLQE5T8yLoMIHG6zL1IY6ffE/rWF4="},"chainType":1,"messageKeys":{}}},"pendingPreKey":{"signedKeyId":7,"baseKey":"BWlW9kkvv2BB02/Mhupa0WYHxDgkva+0TS3KSAGrTC1Q","preKeyId":8164240}},"BbmeOF1d8j8JJKJ0KkHFxEmhPe8N6IrlBmLkJ+sD67J8":{"registrationId":1644097665,"currentRatchet":{"ephemeralKeyPair":{"pubKey":"BWcy9Ew0XcdlnM+hS5B+y0eILVJkor7C06BcdYnR81hu","privKey":"4DF0NqSLsxPmw8IFg5iWHLmGdrmKivcv4wCNoHhsT1M="},"lastRemoteEphemeralKey":"BaZq+2to2VvVF/t9HKVbYq0SlwK1D37Hpo606M+OarhP","previousCounter":0,"rootKey":"MWUl7dwqlXjcrM56ilRqWPu6pG20HxIajcp7VRRjZic="},"indexInfo":{"baseKey":"BbmeOF1d8j8JJKJ0KkHFxEmhPe8N6IrlBmLkJ+sD67J8","baseKeyType":1,"closed":-1,"used":1746627404767,"created":1746627404767,"remoteIdentityKey":"BUUSsuQ7+Fnw+3UIlQ7aV2xmHDg5EJSQOuPGiaaNAp0c"},"_chains":{"BWcy9Ew0XcdlnM+hS5B+y0eILVJkor7C06BcdYnR81hu":{"chainKey":{"counter":3,"key":"Fc3pRSM3K46zHezCRcGbcC98FA2d1MpWCg97iUNi6Yo="},"chainType":1,"messageKeys":{}}},"pendingPreKey":{"signedKeyId":7,"baseKey":"BbmeOF1d8j8JJKJ0KkHFxEmhPe8N6IrlBmLkJ+sD67J8","preKeyId":8164233}}},"version":"v1"}