{"_sessions":{"BQZGFiggUymHSpvEuOo9fZ5GMRLTOR0hCtdgyTaj0cZj":{"registrationId":13221,"currentRatchet":{"ephemeralKeyPair":{"pubKey":"BR6A2I2U3iPkSrDJKnrqD974vbUiBdAFxyWTwpn/Iotn","privKey":"KN47Rx8KF40lmwI+PQgGPhUCnZSADgSg5MUhVQjp52I="},"lastRemoteEphemeralKey":"BYtUBeWt1sczdjXR6nyEVOkUeWvsm5X4usbc/EbaqUQe","previousCounter":0,"rootKey":"foYIVUXpgdNi6IliABMsp45TOHuoz4Ke7NBDWfr9gjs="},"indexInfo":{"baseKey":"BQZGFiggUymHSpvEuOo9fZ5GMRLTOR0hCtdgyTaj0cZj","baseKeyType":1,"closed":1746627382129,"used":1746627362192,"created":1746627362192,"remoteIdentityKey":"Bba94r8Y7NtDn1zPkTOGF41q+bYvmsgC++oBuczD29Ms"},"_chains":{"BR6A2I2U3iPkSrDJKnrqD974vbUiBdAFxyWTwpn/Iotn":{"chainKey":{"counter":0,"key":"sUbpg1D5uHmzKKAkxFaOTzBKUYjogK2Ft6p5kh7oiqQ="},"chainType":1,"messageKeys":{}}},"pendingPreKey":{"signedKeyId":1,"baseKey":"BQZGFiggUymHSpvEuOo9fZ5GMRLTOR0hCtdgyTaj0cZj","preKeyId":407}},"BX267BebyMbDO392AEQ3TqNUAKcZjBGRYHd28YTOg7sl":{"registrationId":13221,"currentRatchet":{"ephemeralKeyPair":{"pubKey":"BbaWYANLNvs4TezZ/q541YCWSL4Ajy40pZW7X+V/JXko","privKey":"oK+tgWsZ38DqIYjZA/W4I4s3d41GKMyU0iV1vBAYqX0="},"lastRemoteEphemeralKey":"BYtUBeWt1sczdjXR6nyEVOkUeWvsm5X4usbc/EbaqUQe","previousCounter":0,"rootKey":"PYrCsWoPHdgLIcO4XjT45tnUA/P4jIc8b52P0INfqZY="},"indexInfo":{"baseKey":"BX267BebyMbDO392AEQ3TqNUAKcZjBGRYHd28YTOg7sl","baseKeyType":1,"closed":1746627404856,"used":1746627381637,"created":1746627381637,"remoteIdentityKey":"Bba94r8Y7NtDn1zPkTOGF41q+bYvmsgC++oBuczD29Ms"},"_chains":{"BbaWYANLNvs4TezZ/q541YCWSL4Ajy40pZW7X+V/JXko":{"chainKey":{"counter":0,"key":"kM8QzyF5g8f+OJgRThKEj5knxAWEGaq9/y56801TQso="},"chainType":1,"messageKeys":{}}},"pendingPreKey":{"signedKeyId":1,"baseKey":"BX267BebyMbDO392AEQ3TqNUAKcZjBGRYHd28YTOg7sl","preKeyId":499}},"BdXUeWQEpkSxR0etu4QYGKPxY/dKZXbC5AzIDpf37vxr":{"registrationId":13221,"currentRatchet":{"ephemeralKeyPair":{"pubKey":"BcJGB1mS5uNoO8H7dYjqck825wEfQE5y/wnwRMusG4kS","privKey":"kN5K3rWdT9fCOJtf9LRkmjMYsOMqWaNjWP43ohJd/3o="},"lastRemoteEphemeralKey":"BYtUBeWt1sczdjXR6nyEVOkUeWvsm5X4usbc/EbaqUQe","previousCounter":0,"rootKey":"SwyDyV8g3iGzF6yPnxxw3wIRSkaNyAURdS92+YLMoAg="},"indexInfo":{"baseKey":"BdXUeWQEpkSxR0etu4QYGKPxY/dKZXbC5AzIDpf37vxr","baseKeyType":1,"closed":-1,"used":1746627404468,"created":1746627404468,"remoteIdentityKey":"Bba94r8Y7NtDn1zPkTOGF41q+bYvmsgC++oBuczD29Ms"},"_chains":{"BcJGB1mS5uNoO8H7dYjqck825wEfQE5y/wnwRMusG4kS":{"chainKey":{"counter":3,"key":"gsRs2cQD2IL8JOJnP8YqNPCUofuLl8C3RqtxfUG15wU="},"chainType":1,"messageKeys":{}}},"pendingPreKey":{"signedKeyId":1,"baseKey":"BdXUeWQEpkSxR0etu4QYGKPxY/dKZXbC5AzIDpf37vxr","preKeyId":210}}},"version":"v1"}