{"_sessions":{"BSqHgBWjx141Yryw6T6DVqVf6Lcz9Yo5JuuCxsGwO8wP":{"registrationId":1766939106,"currentRatchet":{"ephemeralKeyPair":{"pubKey":"BckicMkWPLN9YBddBsa+Ea+s5cGFznyn2Jegd2qr6VAf","privKey":"SGGvWxGKuqO2fXXLMp6mG3GN/GCNMwKM1GTHl34wkko="},"lastRemoteEphemeralKey":"BQem9Sj/iltzWQBczuh/k9ab8T8KN2+6zeT2O+kWBMVj","previousCounter":0,"rootKey":"IWXjXONs8pjuRk73nXNZyNsz5RKCxxvLt+H+rYQlIsM="},"indexInfo":{"baseKey":"BSqHgBWjx141Yryw6T6DVqVf6Lcz9Yo5JuuCxsGwO8wP","baseKeyType":1,"closed":-1,"used":1746627450189,"created":1746627450189,"remoteIdentityKey":"BbtX73E02myEr001ZAzFA7XzDbf/bAiLGr6npSgWKxpe"},"_chains":{"BckicMkWPLN9YBddBsa+Ea+s5cGFznyn2Jegd2qr6VAf":{"chainKey":{"counter":0,"key":"GmqeIsEI1CCdl5+YMRMec6nsnYBFrZqeSOFPj2qGMZw="},"chainType":1,"messageKeys":{}}},"pendingPreKey":{"signedKeyId":14098617,"baseKey":"BSqHgBWjx141Yryw6T6DVqVf6Lcz9Yo5JuuCxsGwO8wP","preKeyId":4504}}},"version":"v1"}