{"_sessions":{"BXCLx8zMebkue8VWe0CWwTdG7oXIpP4TdqpL0YEeWAFY":{"registrationId":877994343,"currentRatchet":{"ephemeralKeyPair":{"pubKey":"BRM6qtcBTcazCGZFYMcbhXERPHOeCTzoDcA1jVzw1vAw","privKey":"8Kg7fXfp/mybV9bCAZoZCyjClJpDk4Lr1TDC5JclNk4="},"lastRemoteEphemeralKey":"BXdHzsCXinYku7znO1SwAeF5413FD3d8JoA3jaBv804T","previousCounter":0,"rootKey":"9V29uy12QMtOlR0VVHl5jj9wOzwdKwXKueZYJG8LdsQ="},"indexInfo":{"baseKey":"BXCLx8zMebkue8VWe0CWwTdG7oXIpP4TdqpL0YEeWAFY","baseKeyType":1,"closed":-1,"used":1746645158553,"created":1746645158553,"remoteIdentityKey":"BRN3Sx+ccatJ+yyNYV8ivdiar2C13pRVJfI3/IxrZgsE"},"_chains":{"BRM6qtcBTcazCGZFYMcbhXERPHOeCTzoDcA1jVzw1vAw":{"chainKey":{"counter":0,"key":"utIZeKhT7z4Cv2jH0jnE4UHz3HbngJbEeqfxwz36TKM="},"chainType":1,"messageKeys":{}}},"pendingPreKey":{"signedKeyId":5,"baseKey":"BXCLx8zMebkue8VWe0CWwTdG7oXIpP4TdqpL0YEeWAFY"}}},"version":"v1"}