{"_sessions":{"Be/G+9ytEZ1WbvDqjFUWhpQaZtZp/DGn6ShxIZnNV/gU":{"registrationId":894346209,"currentRatchet":{"ephemeralKeyPair":{"pubKey":"Bara2As7cKQkq6FAVBdyYNSTBBrHoAgGqVPtpb2t5YNR","privKey":"WNNDj4vcSi/xfxjsMaCXEq+LwwG9dWsp1izm7VqRpGg="},"lastRemoteEphemeralKey":"BfSPXC/Uqq6UU9HRxGeISyZqStE3EUaOvLCmKtqVt6Qd","previousCounter":0,"rootKey":"+6vAfgn36P8ueEYtcyui7JobCSfmAVTvF4w53thyc3E="},"indexInfo":{"baseKey":"Be/G+9ytEZ1WbvDqjFUWhpQaZtZp/DGn6ShxIZnNV/gU","baseKeyType":1,"closed":-1,"used":1746645070385,"created":1746645070385,"remoteIdentityKey":"BUsZst6+/pOCPHEKXsBZTsyhOjlgfh5uv+4YxSAyn5Y9"},"_chains":{"Bara2As7cKQkq6FAVBdyYNSTBBrHoAgGqVPtpb2t5YNR":{"chainKey":{"counter":0,"key":"aZLc44cWX5oshHg6yzIg/sBqxUP0tGlqDh44AifyW5k="},"chainType":1,"messageKeys":{}}},"pendingPreKey":{"signedKeyId":3,"baseKey":"Be/G+9ytEZ1WbvDqjFUWhpQaZtZp/DGn6ShxIZnNV/gU","preKeyId":142235}}},"version":"v1"}