{"_sessions":{"BaR9+Vgtp9Gx6HT5aEVCmX70aomzeN1DuM88XDh52pQu":{"registrationId":887226842,"currentRatchet":{"ephemeralKeyPair":{"pubKey":"BX7v6qUQLMASMXPE2P3XGwZdy/7fhzJhfoztrDwe1ppo","privKey":"WKapqI0FJqIRcRJfja+ceg29GXIBwZIAtue8jaeVwWc="},"lastRemoteEphemeralKey":"BWQ7nVMLyFHajh2VBSQsudDg3TbJNANoli54mOt/xbsW","previousCounter":0,"rootKey":"1TNSkOA1Wx+gP2VV0ayYVnK+DfwbUyCTeaGv6aFPV3M="},"indexInfo":{"baseKey":"BaR9+Vgtp9Gx6HT5aEVCmX70aomzeN1DuM88XDh52pQu","baseKeyType":1,"closed":-1,"used":1746612488527,"created":1746612488527,"remoteIdentityKey":"BZYKqcWYRnX19nNM0gsaKPi6nc4Qaemszwln/iWDu/Rm"},"_chains":{"BX7v6qUQLMASMXPE2P3XGwZdy/7fhzJhfoztrDwe1ppo":{"chainKey":{"counter":4,"key":"fPCsjQsUBTMnkApTwjN/YNSm1TJZuur1Dfqbg7c+to4="},"chainType":1,"messageKeys":{}}},"pendingPreKey":{"signedKeyId":17,"baseKey":"BaR9+Vgtp9Gx6HT5aEVCmX70aomzeN1DuM88XDh52pQu"}}},"version":"v1"}