{"_sessions":{"BdSp0g9GtY4E8FRPeg1lHlIRj0rgFmvevwzFNcYl/KMN":{"registrationId":154874720,"currentRatchet":{"ephemeralKeyPair":{"pubKey":"BaKwnP1NApglbb+3T+F4VWiczQ+YfFyO2bgP695zitpX","privKey":"+IJphY++c42boMJV1yNtbBvdl3CqaJrNR/kJHb/Tm2w="},"lastRemoteEphemeralKey":"BQKfRRJz8vqU/J709VI3P5oBCZslk/tc8uDTx62SCuBG","previousCounter":0,"rootKey":"dbpAxWCJ+x4XXYyQBDY2ORKCqTl/n+BMG1Q+qATtM4A="},"indexInfo":{"baseKey":"BdSp0g9GtY4E8FRPeg1lHlIRj0rgFmvevwzFNcYl/KMN","baseKeyType":1,"closed":-1,"used":1746645166222,"created":1746645166222,"remoteIdentityKey":"BQGQR6MsnUJQwCUjx1GiXkxz1jlNmjrx/yW5JbNwqdwM"},"_chains":{"BaKwnP1NApglbb+3T+F4VWiczQ+YfFyO2bgP695zitpX":{"chainKey":{"counter":0,"key":"TK/g6tF3J68lxy6cAMUzbrSJBi8NKhkj1lrpzidYm/k="},"chainType":1,"messageKeys":{}}},"pendingPreKey":{"signedKeyId":1,"baseKey":"BdSp0g9GtY4E8FRPeg1lHlIRj0rgFmvevwzFNcYl/KMN","preKeyId":11970018}}},"version":"v1"}