{"_sessions":{"BVFuZOQ5NQE4y4B29UOJo4XxAt/NHgEwU7tbgG0ERcxc":{"registrationId":725344460,"currentRatchet":{"ephemeralKeyPair":{"pubKey":"BRM31w4RP/y+R6VttuUSmROSFAbwaf9ZuiWQ4yNHFhNl","privKey":"mI/mSJOTM8bUz2zXSkKNtyj4yDMbVM4qwKlyv0iaxXw="},"lastRemoteEphemeralKey":"BT40hr6VSJZTKnkAZQnbX5y7XPE7d+T5XwbRet45S58M","previousCounter":0,"rootKey":"qOmeke1yLWNa6oE7szS9Y2jiv3n3+w8LAzZoou0/kIk="},"indexInfo":{"baseKey":"BVFuZOQ5NQE4y4B29UOJo4XxAt/NHgEwU7tbgG0ERcxc","baseKeyType":2,"closed":-1,"used":1746706348870,"created":1746706348870,"remoteIdentityKey":"BY29/DX3D8IsTb1msKA4hHraCHSavt4D4Qt2aKrObkcq"},"_chains":{"BT40hr6VSJZTKnkAZQnbX5y7XPE7d+T5XwbRet45S58M":{"chainKey":{"counter":2,"key":"4IGXQCXS6MLReIhvbZ1a/Jqj1a+yfHMn+am+ycoB2Fw="},"chainType":2,"messageKeys":{"0":"rcd9q5osdO55lE77jldm2sdU/XsdzyjXsLZRqqZB/zw="}},"BRM31w4RP/y+R6VttuUSmROSFAbwaf9ZuiWQ4yNHFhNl":{"chainKey":{"counter":-1,"key":"sLNGxtio6KqmVE2COI6bR11Kq5pItfcs/WBHYdHHF00="},"chainType":1,"messageKeys":{}}}}},"version":"v1"}