{"_sessions":{"BVp/m9JRyEGkjX4p3GuzmN5EvcdV/L6WDpYO6KoVAnYf":{"registrationId":922616577,"currentRatchet":{"ephemeralKeyPair":{"pubKey":"BUm6yE7gruJAg3r9T0v3N47WQeEW2SLlh3yH+V78HAlg","privKey":"mIlfE5kAVpk/WtwVvYK2xJcNa/14DxnhGwMvjmhvZ1U="},"lastRemoteEphemeralKey":"BcGNZ4pjVqKe3UV2XmJ9z5Lz2RSAEqAznx8oIoKiEDZS","previousCounter":0,"rootKey":"BEU58ypbuRJY/11HKVyNQgur//REF0XaWMyuPExiv2M="},"indexInfo":{"baseKey":"BVp/m9JRyEGkjX4p3GuzmN5EvcdV/L6WDpYO6KoVAnYf","baseKeyType":2,"closed":-1,"used":1746710816761,"created":1746710816761,"remoteIdentityKey":"BVZUdOW6HG2l11XTL0OvOb0xVbLtmkKpWtvmr2IK+kQ5"},"_chains":{"BcGNZ4pjVqKe3UV2XmJ9z5Lz2RSAEqAznx8oIoKiEDZS":{"chainKey":{"counter":1,"key":"OVCVvQk2jRKrTM6MBfStzuUk/1jEfF1V/HWtPaTts9g="},"chainType":2,"messageKeys":{"0":"A2+EA8KhASdueXyyFMF1ZWsgP70ILpTzO03V2xEqcp8="}},"BUm6yE7gruJAg3r9T0v3N47WQeEW2SLlh3yH+V78HAlg":{"chainKey":{"counter":-1,"key":"bHx2BCCyejvrpW3w3x/DCfVPrtYnLQzqHbuPLG1Gboc="},"chainType":1,"messageKeys":{}}}}},"version":"v1"}