{"_sessions":{"Bb8D2K+OJQ57sCrTPc2WvXtUWH69hyKpIDwY1eU/8dBy":{"registrationId":177896297,"currentRatchet":{"ephemeralKeyPair":{"pubKey":"BdJRzOQWjkRVE/x552V/jG2G1/xZTDktRC+fqixKG+N6","privKey":"KF1XYP+rq3RERXsz9agxeRJZ4jo/QZtwdzPgV23xrU4="},"lastRemoteEphemeralKey":"BUpbcdFkmXwp9aH+B/uwlmMjhRtPTnJilJafG5SRMY01","previousCounter":0,"rootKey":"qVF+R24LGlSqom158U/KcxEJFHbDPDD9n06sA4mClbc="},"indexInfo":{"baseKey":"Bb8D2K+OJQ57sCrTPc2WvXtUWH69hyKpIDwY1eU/8dBy","baseKeyType":1,"closed":-1,"used":1746645162269,"created":1746645162269,"remoteIdentityKey":"BVhTKiCi90tKjQ9fWdpTj4xdghcC5/ISTxspK9qDftB1"},"_chains":{"BdJRzOQWjkRVE/x552V/jG2G1/xZTDktRC+fqixKG+N6":{"chainKey":{"counter":0,"key":"b7SRU79NfIb1+LtviNyOrx1sQwQW/Kcvs/Adg5MR0KI="},"chainType":1,"messageKeys":{}}},"pendingPreKey":{"signedKeyId":5234647,"baseKey":"Bb8D2K+OJQ57sCrTPc2WvXtUWH69hyKpIDwY1eU/8dBy","preKeyId":17873}}},"version":"v1"}