{"_sessions":{"BZ6XRATUrBeeSgJ5xJaGSooqc9c8DNz33jOpqfo+0uAm":{"registrationId":1726853659,"currentRatchet":{"ephemeralKeyPair":{"pubKey":"Bbw9sYeWvB50Ma9F4/lFQw8GhHRQEHHivbHiNOzhp9QR","privKey":"KBf292FMjSYO/hPZs2fp9iiR20cGlHBvxnY91KbAYWU="},"lastRemoteEphemeralKey":"BTHnnr2KGGmzgDUjV5rh/b+th6aNZRLRWcNP5MConZtd","previousCounter":0,"rootKey":"F+988KQhxGS4mEKByqvYPZhdrVSwhDqGw1zZH8ydLRc="},"indexInfo":{"baseKey":"BZ6XRATUrBeeSgJ5xJaGSooqc9c8DNz33jOpqfo+0uAm","baseKeyType":1,"closed":-1,"used":1746645162438,"created":1746645162438,"remoteIdentityKey":"BZf1nZWVxmyJlRGxB6A9SGjQn2WE+MOiLC9EkzriEltS"},"_chains":{"Bbw9sYeWvB50Ma9F4/lFQw8GhHRQEHHivbHiNOzhp9QR":{"chainKey":{"counter":0,"key":"92TNkEUHur5P/PuSzkk9ZhP1wfu+CYufyJSw6XbHx2o="},"chainType":1,"messageKeys":{}}},"pendingPreKey":{"signedKeyId":4,"baseKey":"BZ6XRATUrBeeSgJ5xJaGSooqc9c8DNz33jOpqfo+0uAm","preKeyId":7999702}}},"version":"v1"}