{"_sessions":{"BdVa2YO78AdDhKqBNUiBCth7GgL+OSjQXLRxcGxXarEv":{"registrationId":212431364,"currentRatchet":{"ephemeralKeyPair":{"pubKey":"BYI2DtrWBP8MfbYm+PSTgWhW1rVjNUEmVvnq0bu4Mi0y","privKey":"aFKInMx8MepIsQ0DtCJ81cNnGgUisSB3NvzxdtOpL1c="},"lastRemoteEphemeralKey":"BctNsm10kZBzqLwm0DXukm8eESPD/gOVMa2uHKYT7U0V","previousCounter":0,"rootKey":"mdnt5WvWL6/MCuW+ju7UzU1XP+LA6pY+iXvTmRz0n8k="},"indexInfo":{"baseKey":"BdVa2YO78AdDhKqBNUiBCth7GgL+OSjQXLRxcGxXarEv","baseKeyType":1,"closed":-1,"used":1746644960156,"created":1746644960156,"remoteIdentityKey":"Bcb20MeDyry653Sad79PdBVHEct1GMljBNNJdMt6PPRC"},"_chains":{"BYI2DtrWBP8MfbYm+PSTgWhW1rVjNUEmVvnq0bu4Mi0y":{"chainKey":{"counter":1,"key":"hI3mdb9xaur4QH6eF2Ye47gtXt0w4NP1jN0HPZEWuEo="},"chainType":1,"messageKeys":{}}},"pendingPreKey":{"signedKeyId":14633258,"baseKey":"BdVa2YO78AdDhKqBNUiBCth7GgL+OSjQXLRxcGxXarEv","preKeyId":2070}}},"version":"v1"}