{"_sessions":{"BTpTWagybho16arRmcnjS0RnI6z1pDcemEma/LhgHjR9":{"registrationId":1130336269,"currentRatchet":{"ephemeralKeyPair":{"pubKey":"Bc2iea7jFyfeCsemG0yZkNgFqlqxCkhzwLbG9h4LW8QD","privKey":"kLMRIZam3L7jmDel/qAtaJvAEpVQ+4pUaNR+/2wCE34="},"lastRemoteEphemeralKey":"BcCo51N+7KHBhCQI39cLinOek0Uy1y4I9s1CVA3VNT0C","previousCounter":0,"rootKey":"g/41nEJIusj6+J8g31Bw3miWd5d8ZTT5eciHvfoaCj4="},"indexInfo":{"baseKey":"BTpTWagybho16arRmcnjS0RnI6z1pDcemEma/LhgHjR9","baseKeyType":1,"closed":-1,"used":1746645162499,"created":1746645162499,"remoteIdentityKey":"BeNZQ+aytiRUGEQOz5DyPpswNV3GCD2MHZU2MVdtIZEG"},"_chains":{"Bc2iea7jFyfeCsemG0yZkNgFqlqxCkhzwLbG9h4LW8QD":{"chainKey":{"counter":0,"key":"TDaloPaiow8FAsPTm80HdVHaf2yZC/FAXWGX80kR0cE="},"chainType":1,"messageKeys":{}}},"pendingPreKey":{"signedKeyId":4,"baseKey":"BTpTWagybho16arRmcnjS0RnI6z1pDcemEma/LhgHjR9","preKeyId":822121}}},"version":"v1"}