{"_sessions":{"BRm3jLyPOuUbie1FJjdmHe+rhUZ/ymOtebB5nv0QNN5n":{"registrationId":2707,"currentRatchet":{"ephemeralKeyPair":{"pubKey":"BUxDPfSweqK20EqohvOWkvPEQkH5OwTUoQz7GGOPn1lq","privKey":"8Ab4xwfOPcVQCkpqKhUYeA/wytj1lwgEJk49pDaq9EY="},"lastRemoteEphemeralKey":"Bc7QxzjgEVyS1fctG7bijr+miWUBmG/ZTtQzMvwePzBI","previousCounter":0,"rootKey":"opfWmq3M+Mfrdk0ET3Wrw1EaOXRtPos78Xmq87m+XEI="},"indexInfo":{"baseKey":"BRm3jLyPOuUbie1FJjdmHe+rhUZ/ymOtebB5nv0QNN5n","baseKeyType":1,"closed":1746627382183,"used":1746627362291,"created":1746627362291,"remoteIdentityKey":"BU51uIeptP9GaQliFNZTjNzzCEbvLtsyNRo0hG4aHP4Z"},"_chains":{"BUxDPfSweqK20EqohvOWkvPEQkH5OwTUoQz7GGOPn1lq":{"chainKey":{"counter":0,"key":"DjjcGLtyGu8v59HkmSFdRgRJZzLU2jYfcxgxRSQ2+Tg="},"chainType":1,"messageKeys":{}}},"pendingPreKey":{"signedKeyId":1,"baseKey":"BRm3jLyPOuUbie1FJjdmHe+rhUZ/ymOtebB5nv0QNN5n"}},"BfWD0zAgho1+N8PKIExHasIRbH8bsk3F5Jb2i/m8nfwk":{"registrationId":2707,"currentRatchet":{"ephemeralKeyPair":{"pubKey":"BVbqaPnFXfjRNBYbB7ieyUC0hZ0urI0mRmRSX15QyuJD","privKey":"sOc5hxImF1sSAdofBJtMw2XZts1zHOoFgmQOh6H162I="},"lastRemoteEphemeralKey":"Bc7QxzjgEVyS1fctG7bijr+miWUBmG/ZTtQzMvwePzBI","previousCounter":0,"rootKey":"327h1NIEq1howwfhGF9AtFy2idU67aUxSRWcNsWCIx8="},"indexInfo":{"baseKey":"BfWD0zAgho1+N8PKIExHasIRbH8bsk3F5Jb2i/m8nfwk","baseKeyType":1,"closed":1746627404875,"used":1746627381723,"created":1746627381723,"remoteIdentityKey":"BU51uIeptP9GaQliFNZTjNzzCEbvLtsyNRo0hG4aHP4Z"},"_chains":{"BVbqaPnFXfjRNBYbB7ieyUC0hZ0urI0mRmRSX15QyuJD":{"chainKey":{"counter":0,"key":"dcQUU6kddoAWCg3pmhGLBc8S+r7tpWtKWbFh71XETKI="},"chainType":1,"messageKeys":{}}},"pendingPreKey":{"signedKeyId":1,"baseKey":"BfWD0zAgho1+N8PKIExHasIRbH8bsk3F5Jb2i/m8nfwk"}},"BURFDJRFLm3OuASAZj7DYYRkn0qyWUqhSri386opT6UF":{"registrationId":2707,"currentRatchet":{"ephemeralKeyPair":{"pubKey":"BbDMG6Yx09gF+FgCcWupMktH23pNoP2moo6SKJLsvfse","privKey":"AGPoRm3R52m0MstsYseRFAJ7uwAO4S7dkpcnirYqU08="},"lastRemoteEphemeralKey":"Bc7QxzjgEVyS1fctG7bijr+miWUBmG/ZTtQzMvwePzBI","previousCounter":0,"rootKey":"p//fUIlTe/z0IPRHdautdUIEqH5bj+gRfwDL8GnfyS4="},"indexInfo":{"baseKey":"BURFDJRFLm3OuASAZj7DYYRkn0qyWUqhSri386opT6UF","baseKeyType":1,"closed":-1,"used":1746627404540,"created":1746627404540,"remoteIdentityKey":"BU51uIeptP9GaQliFNZTjNzzCEbvLtsyNRo0hG4aHP4Z"},"_chains":{"BbDMG6Yx09gF+FgCcWupMktH23pNoP2moo6SKJLsvfse":{"chainKey":{"counter":3,"key":"CV6dm0UizoaNb7wc1mDIlyoyJrrYm/wTVF4Sj/zh2fs="},"chainType":1,"messageKeys":{}}},"pendingPreKey":{"signedKeyId":1,"baseKey":"BURFDJRFLm3OuASAZj7DYYRkn0qyWUqhSri386opT6UF"}}},"version":"v1"}