{"_sessions":{"BRCQZOLoFoha5sEgVj1rnFeMkWiIM8GMHg86KgjFWXdF":{"registrationId":558552885,"currentRatchet":{"ephemeralKeyPair":{"pubKey":"BWajdGiyduZjXRZuXBEFfRU29pywyGJ3edTw9h8tGbd6","privKey":"AAiOK7CHKOZC7PH5ztxZFt6oBNn6aMtxmsJVYw5uLW4="},"lastRemoteEphemeralKey":"BeQT4FotyBor0KZEwp+Xl3JuENjCEbW11W7URWV9Y+wx","previousCounter":0,"rootKey":"avsND0m7yUizUZQDdB5jGLRYFkbsXog5pOp6weE1eEk="},"indexInfo":{"baseKey":"BRCQZOLoFoha5sEgVj1rnFeMkWiIM8GMHg86KgjFWXdF","baseKeyType":1,"closed":-1,"used":1746612488572,"created":1746612488572,"remoteIdentityKey":"BSFzX/C97pzvs5KfSlxz3ycfUTzRwBCLYh+MOS3NRCY0"},"_chains":{"BWajdGiyduZjXRZuXBEFfRU29pywyGJ3edTw9h8tGbd6":{"chainKey":{"counter":4,"key":"y0H9pGkrdf0yHaBFXOP7bePilC7RV/GS2/KMy98OgBU="},"chainType":1,"messageKeys":{}}},"pendingPreKey":{"signedKeyId":9,"baseKey":"BRCQZOLoFoha5sEgVj1rnFeMkWiIM8GMHg86KgjFWXdF","preKeyId":6452743}}},"version":"v1"}