{"_sessions":{"BToGY1K1TIgzRa0RENqwUF/+Dpv9w9hOJaph92/cVF4T":{"registrationId":186890354,"currentRatchet":{"ephemeralKeyPair":{"pubKey":"BbHlE6gyj2C+rA/dYWozgD4K0yqnWxyubANX57F6wyBN","privKey":"0GVvjJZUm7oFRWHzu89S3VQM2UCQUVGtR+9o15VZi0A="},"lastRemoteEphemeralKey":"BZ2jJzBLz8aJM+iMJJ8pgqhJYMR9OdrpENdEGLmAvbc+","previousCounter":0,"rootKey":"ky8HMjIer39Krt/yQr/511bJVA2VXg9nbJ7I1KGZqIk="},"indexInfo":{"baseKey":"BToGY1K1TIgzRa0RENqwUF/+Dpv9w9hOJaph92/cVF4T","baseKeyType":1,"closed":-1,"used":1746639403308,"created":1746639403308,"remoteIdentityKey":"BalLA+yl4o9HebECzlhKMiE7q2flWH8uEmyaPBnrJm8H"},"_chains":{"BbHlE6gyj2C+rA/dYWozgD4K0yqnWxyubANX57F6wyBN":{"chainKey":{"counter":0,"key":"m0lWgm/H5MoIBPiz01w4020Jha/fxB9btXlO7Ubua44="},"chainType":1,"messageKeys":{}}},"pendingPreKey":{"signedKeyId":0,"baseKey":"BToGY1K1TIgzRa0RENqwUF/+Dpv9w9hOJaph92/cVF4T","preKeyId":7837625}}},"version":"v1"}