{"_sessions":{"BVPl8yPJvi6GOefXSlvssokNBtjU6SMLqK3CqRunSfAl":{"registrationId":692704362,"currentRatchet":{"ephemeralKeyPair":{"pubKey":"BaNXiJ1PWOw8sR2ViYjqCMf/LMymj8RacVmNQjjUtZwH","privKey":"sLA2LxprmcaSHSDe4bCeyDZRN9wmLT7pY1VW7nlA9U8="},"lastRemoteEphemeralKey":"BbSxJiUxtciBHqwEMGZh8CtjD09SGydIwSOoR2N0A0U4","previousCounter":0,"rootKey":"liREQX4tzH3afc3hd6c0JDu8/u6EY/BJx/StuYg44lg="},"indexInfo":{"baseKey":"BVPl8yPJvi6GOefXSlvssokNBtjU6SMLqK3CqRunSfAl","baseKeyType":1,"closed":-1,"used":1746645166007,"created":1746645166007,"remoteIdentityKey":"BSTmr6s7PPyqPdEq1BdtHm7XFAooujO/1aaTI9epHO0W"},"_chains":{"BaNXiJ1PWOw8sR2ViYjqCMf/LMymj8RacVmNQjjUtZwH":{"chainKey":{"counter":0,"key":"BRGp9iiyeWxXTyj8FDABa0gzCX36u2gzVYcNY2hX6z4="},"chainType":1,"messageKeys":{}}},"pendingPreKey":{"signedKeyId":1,"baseKey":"BVPl8yPJvi6GOefXSlvssokNBtjU6SMLqK3CqRunSfAl","preKeyId":13926722}}},"version":"v1"}