{"_sessions":{"BX2CO/U0ipvzY2SKEHzgT08AopHsamISBg2Aud2KqgQD":{"registrationId":1603014334,"currentRatchet":{"ephemeralKeyPair":{"pubKey":"BcbIKscaoQyskCFzbGz/aEtKhDRx7qudWveoxXPH4bEN","privKey":"MHqSDZz56PiRZ+NWDksdxLgpRwLCuVuwJwRF5N5UXUQ="},"lastRemoteEphemeralKey":"BWLNW/4CJ4IuzUFhgO7G3gwAHWe3I6TegwO4Wypz9pcV","previousCounter":0,"rootKey":"UhwJR37atAY4fsvHTTFnwxK7f5gJjHFc3KsOMzEXwsQ="},"indexInfo":{"baseKey":"BX2CO/U0ipvzY2SKEHzgT08AopHsamISBg2Aud2KqgQD","baseKeyType":1,"closed":-1,"used":1746612492833,"created":1746612492833,"remoteIdentityKey":"BXFhfEJ9vFCuxC1ThHagOZ5ApvPLcUJygvum/VVvFxMV"},"_chains":{"BcbIKscaoQyskCFzbGz/aEtKhDRx7qudWveoxXPH4bEN":{"chainKey":{"counter":4,"key":"ApVhNUN9V3ULCagzupgemUZmTcV4l7NifO1XktGNrI8="},"chainType":1,"messageKeys":{}}},"pendingPreKey":{"signedKeyId":0,"baseKey":"BX2CO/U0ipvzY2SKEHzgT08AopHsamISBg2Aud2KqgQD"}}},"version":"v1"}