{"_sessions":{"Bdt3JMDQ/vgieIhHWdlNwwHyU+PWLB5VPLntZSbVSxhq":{"registrationId":689901130,"currentRatchet":{"ephemeralKeyPair":{"pubKey":"BexExqMVQJlb92F1d5p0rglLVaNNxMdT/Og+nWAjEqYF","privKey":"KOSDbE5gccDq+EnUavJT0q9A6TDCBb68RMTyZics/GA="},"lastRemoteEphemeralKey":"BfdfZTN0O3RV4b8tWpbqlUmPFqLPf4cUtsmcrQwUa35c","previousCounter":0,"rootKey":"FFL2eU/34+0eFWlp4S6nngkY1rfwaYyYHjSUwlgOXyM="},"indexInfo":{"baseKey":"Bdt3JMDQ/vgieIhHWdlNwwHyU+PWLB5VPLntZSbVSxhq","baseKeyType":1,"closed":-1,"used":1746627450134,"created":1746627450134,"remoteIdentityKey":"BRAkk5cYjXofIVLgxixQ/u6CIOl7yAbHrsfzVoLFB3Yd"},"_chains":{"BexExqMVQJlb92F1d5p0rglLVaNNxMdT/Og+nWAjEqYF":{"chainKey":{"counter":0,"key":"pw3jwQprgQyfvUGmGmmz5wG40ZRytGD5GspksOJEq8o="},"chainType":1,"messageKeys":{}}},"pendingPreKey":{"signedKeyId":3347550,"baseKey":"Bdt3JMDQ/vgieIhHWdlNwwHyU+PWLB5VPLntZSbVSxhq","preKeyId":2730}}},"version":"v1"}