{"_sessions":{"BWi62DEa66xrXkrSkf+ZC9vtegbkuJvycDDVSiAUrgQ0":{"registrationId":697825828,"currentRatchet":{"ephemeralKeyPair":{"pubKey":"BdxHwsK7gdF0PYPR1DtR3iuIsO1xeJNy/fYF2sjrNJtR","privKey":"CKJtjHt0JS5fwIdpVNq5z7BLH+YgWNbwRaqOz7fQHVE="},"lastRemoteEphemeralKey":"BdWfsmQMfVnKFw+TojVGtUoCM4Bz5aGmjv5vyXmgTwVA","previousCounter":0,"rootKey":"HwfTeZekoybtUEUYyR1B+RjMb6wOenNYuwRIzelAKJU="},"indexInfo":{"baseKey":"BWi62DEa66xrXkrSkf+ZC9vtegbkuJvycDDVSiAUrgQ0","baseKeyType":1,"closed":-1,"used":1746645158590,"created":1746645158590,"remoteIdentityKey":"Bch54qK/JtzMaVM18OALKPPJ7+RuF8LeplcDmw/aPDoo"},"_chains":{"BdxHwsK7gdF0PYPR1DtR3iuIsO1xeJNy/fYF2sjrNJtR":{"chainKey":{"counter":0,"key":"pftXg3d6SlGtSOlLDo7jLPLe2ZnN7AW4NndxC/Ryyfc="},"chainType":1,"messageKeys":{}}},"pendingPreKey":{"signedKeyId":1,"baseKey":"BWi62DEa66xrXkrSkf+ZC9vtegbkuJvycDDVSiAUrgQ0","preKeyId":4674149}}},"version":"v1"}