{"_sessions":{"BWzVTTM0AWda/vDSN+2SMZtjwDh2yOFs61p6coKBj0Iq":{"registrationId":1699170254,"currentRatchet":{"ephemeralKeyPair":{"pubKey":"BbP4eivQMM4C8iAtJGFFVrsE1Bz+F3SDxYMqavxOiDFR","privKey":"CIxZVkGwC+pKLJhKFhf92k0VWAp4c6JOHTWyhoHsUVU="},"lastRemoteEphemeralKey":"BdMwQQzrc3sW0NR9OknQHkfOz+tsO1o+MWzoKHaN5pEv","previousCounter":0,"rootKey":"XJ6ejJ6F7QQX9O9uYC2b4Ypt6dtu/XvrkuXH4S4zY/Y="},"indexInfo":{"baseKey":"BWzVTTM0AWda/vDSN+2SMZtjwDh2yOFs61p6coKBj0Iq","baseKeyType":1,"closed":1746627386586,"used":1746627366211,"created":1746627366211,"remoteIdentityKey":"BVxMp4hAWfZuFhMfV6tnq37ENxVieMqlvFBALmrwV0g6"},"_chains":{"BbP4eivQMM4C8iAtJGFFVrsE1Bz+F3SDxYMqavxOiDFR":{"chainKey":{"counter":0,"key":"TMmfNyE5Vx0Hedf/7biu1aXGMlYKSExzG7lCXxNojKE="},"chainType":1,"messageKeys":{}}},"pendingPreKey":{"signedKeyId":0,"baseKey":"BWzVTTM0AWda/vDSN+2SMZtjwDh2yOFs61p6coKBj0Iq"}},"BQzELW2QHbwUVUpsR5W1BYMWcpUXd0lCaVoFCHDiGydA":{"registrationId":1699170254,"currentRatchet":{"ephemeralKeyPair":{"pubKey":"BdcEmae9s+Jc3vaBQYpKkbMyECF0O8CQ6murxPfJLe1o","privKey":"eKj970Uh9PazaFd7zirw79Nb6kgHW923eUFMc9kT8Ec="},"lastRemoteEphemeralKey":"BdMwQQzrc3sW0NR9OknQHkfOz+tsO1o+MWzoKHaN5pEv","previousCounter":0,"rootKey":"g8P2sDKE1jphwkE3TB1bfDJqmvybp6DPDeaiN2CdTmk="},"indexInfo":{"baseKey":"BQzELW2QHbwUVUpsR5W1BYMWcpUXd0lCaVoFCHDiGydA","baseKeyType":1,"closed":1746627408788,"used":1746627386361,"created":1746627386361,"remoteIdentityKey":"BVxMp4hAWfZuFhMfV6tnq37ENxVieMqlvFBALmrwV0g6"},"_chains":{"BdcEmae9s+Jc3vaBQYpKkbMyECF0O8CQ6murxPfJLe1o":{"chainKey":{"counter":0,"key":"DWUeTTIGzouPe138SR86os4gglE+iTAffziJJV4sKwI="},"chainType":1,"messageKeys":{}}},"pendingPreKey":{"signedKeyId":0,"baseKey":"BQzELW2QHbwUVUpsR5W1BYMWcpUXd0lCaVoFCHDiGydA"}},"BUZyv8nt6/2enebT5wVBpvqaKOR257hTk7TxQ08gGN4T":{"registrationId":1699170254,"currentRatchet":{"ephemeralKeyPair":{"pubKey":"BTMbS11+H2FxinnXqQxX6w7qR3u5Cl+eBxG7wFArCEIv","privKey":"UK7t5r4NziVZCvxVBF7l9a47sD/S+WLWMt+Ec3ln/VA="},"lastRemoteEphemeralKey":"BdMwQQzrc3sW0NR9OknQHkfOz+tsO1o+MWzoKHaN5pEv","previousCounter":0,"rootKey":"twU1sro13eGLRa+5nT2ttap5ykq0fdtKF2T1kP2tEow="},"indexInfo":{"baseKey":"BUZyv8nt6/2enebT5wVBpvqaKOR257hTk7TxQ08gGN4T","baseKeyType":1,"closed":-1,"used":1746627408630,"created":1746627408630,"remoteIdentityKey":"BVxMp4hAWfZuFhMfV6tnq37ENxVieMqlvFBALmrwV0g6"},"_chains":{"BTMbS11+H2FxinnXqQxX6w7qR3u5Cl+eBxG7wFArCEIv":{"chainKey":{"counter":3,"key":"598uNTIkPRjjKhYYEkhhy8ImV+AeMbssskSDQifSy94="},"chainType":1,"messageKeys":{}}},"pendingPreKey":{"signedKeyId":0,"baseKey":"BUZyv8nt6/2enebT5wVBpvqaKOR257hTk7TxQ08gGN4T"}}},"version":"v1"}