{"_sessions":{"BfiRBFTspTxS+H7DzWQqN5BwEUBLSVghDEfqtF2b7Hde":{"registrationId":644290202,"currentRatchet":{"ephemeralKeyPair":{"pubKey":"Bame1ZRgJ90nwxOwbqM1jh2AUkPrK/8OqZRuKBEbBWk5","privKey":"GHmd7JJMY4dYmA6tHQUtJ9cHAHtiPuQirgAY1lrU+WE="},"lastRemoteEphemeralKey":"Baek2rN2Su0/ynQ8fKht4aLIy3wxST11dw2vDtbLqzUy","previousCounter":0,"rootKey":"JjHZYEgKTaQLQbwCW+qVylgpxGspgX/jCk8pH56FBVA="},"indexInfo":{"baseKey":"BfiRBFTspTxS+H7DzWQqN5BwEUBLSVghDEfqtF2b7Hde","baseKeyType":1,"closed":-1,"used":1746644904416,"created":1746644904416,"remoteIdentityKey":"BQP3U5UMWl471HfW9LMDTedr3FMVAjYLOohf06DFmABe"},"_chains":{"Bame1ZRgJ90nwxOwbqM1jh2AUkPrK/8OqZRuKBEbBWk5":{"chainKey":{"counter":0,"key":"XdtHwfc6qufk76c39cA0yJQRNSncP+HBCKsKxgHJKN8="},"chainType":1,"messageKeys":{}}},"pendingPreKey":{"signedKeyId":1,"baseKey":"BfiRBFTspTxS+H7DzWQqN5BwEUBLSVghDEfqtF2b7Hde"}}},"version":"v1"}