{"_sessions":{"BZq4WaR6ROlVhBY+UJW5Rg0lGXimWfRPGMIGc6yyjnQA":{"registrationId":1243946867,"currentRatchet":{"ephemeralKeyPair":{"pubKey":"BZ8nNXsqeAvf7KDWF9gCz9ZMbO3k2r12eYsoqPXNLu5J","privKey":"YG8cc8nGmkChopKsfyPMmnlMUAWdFlnKFGXJTwQ7e3U="},"lastRemoteEphemeralKey":"BV1mlkDpxrNnhN5bGJY1LVSi/D0TOyPUaT0JUqPtiepU","previousCounter":0,"rootKey":"lCUY7E8wYzopJsuM3P+shwqFgyK8pji1Wn8kPepFXWs="},"indexInfo":{"baseKey":"BZq4WaR6ROlVhBY+UJW5Rg0lGXimWfRPGMIGc6yyjnQA","baseKeyType":1,"closed":-1,"used":1746645166131,"created":1746645166131,"remoteIdentityKey":"BZvwKoQCVTY+Zxm5AIRdYuYp8HcyBeAivUBs1+6te8sf"},"_chains":{"BZ8nNXsqeAvf7KDWF9gCz9ZMbO3k2r12eYsoqPXNLu5J":{"chainKey":{"counter":0,"key":"0cVkgFWxAij8rTDeyR1Q9D1b7MdKkEge3SSxzFMhmBw="},"chainType":1,"messageKeys":{}}},"pendingPreKey":{"signedKeyId":16,"baseKey":"BZq4WaR6ROlVhBY+UJW5Rg0lGXimWfRPGMIGc6yyjnQA","preKeyId":11041386}}},"version":"v1"}