{"_sessions":{"BQXsdVWKe0SsJ9Tt/1ezm2Utn1Qe2FCgy1x6crsWEbsb":{"registrationId":666531500,"currentRatchet":{"ephemeralKeyPair":{"pubKey":"BQ7rhpE4DQ5zc1Vryu7leXpAR5OgXzCs2Q2yQ+kl8KQ7","privKey":"KIjhxJqyeQQ2zMgTwLpC9Lo/Q//iErx9phig0yMlJ0A="},"lastRemoteEphemeralKey":"BY+SJ6DDXYIK5vQE5QqW3WdqI4EOYjfYwIVkcIA1Tkcu","previousCounter":0,"rootKey":"kgI8084s0nWDoJvuvQDRqveV5+NcQH5sD5tgbh6TenE="},"indexInfo":{"baseKey":"BQXsdVWKe0SsJ9Tt/1ezm2Utn1Qe2FCgy1x6crsWEbsb","baseKeyType":1,"closed":-1,"used":1746645162522,"created":1746645162522,"remoteIdentityKey":"BdJKkcvBiYl7lnZGog3WPjRLUE8ac0SF8MxLlOv6hIwb"},"_chains":{"BQ7rhpE4DQ5zc1Vryu7leXpAR5OgXzCs2Q2yQ+kl8KQ7":{"chainKey":{"counter":0,"key":"ZdUhW1m3CqNcvDXUu80Uk83JtBYEqI4yMIaURdT4mTM="},"chainType":1,"messageKeys":{}}},"pendingPreKey":{"signedKeyId":5,"baseKey":"BQXsdVWKe0SsJ9Tt/1ezm2Utn1Qe2FCgy1x6crsWEbsb","preKeyId":14549006}}},"version":"v1"}