{"_sessions":{"BcZ51PyirebBzLL8xBh2gIcEEgnb/Idr7cuqWIxj5LJr":{"registrationId":2089611481,"currentRatchet":{"ephemeralKeyPair":{"pubKey":"BffUukjQzADL+wRsuX14DXUszaEJ4EK1X6KRLHdNEEIY","privKey":"CGBpL3aPgYkuQYyHK7APivMSFUv4Y+NRaWxDzDQhI2Q="},"lastRemoteEphemeralKey":"BQWhzi1+VQSZ62zXnD1MZZM3xVUVPWQediZl2IeIAX9k","previousCounter":0,"rootKey":"dffRcWR8sA8ektSm1FbFYm7evMzjtgjTJnzd96S8dmM="},"indexInfo":{"baseKey":"BcZ51PyirebBzLL8xBh2gIcEEgnb/Idr7cuqWIxj5LJr","baseKeyType":1,"closed":-1,"used":1746644956695,"created":1746644956695,"remoteIdentityKey":"BTX/jINe5hAuZ+KRgEHJ9JkjldHxPWmpf4fnBWVNW/Ao"},"_chains":{"BffUukjQzADL+wRsuX14DXUszaEJ4EK1X6KRLHdNEEIY":{"chainKey":{"counter":1,"key":"lXCw7cJqWzqa4tN4rq9/saaY0M624zJpNWnoyBxQwg8="},"chainType":1,"messageKeys":{}}},"pendingPreKey":{"signedKeyId":10,"baseKey":"BcZ51PyirebBzLL8xBh2gIcEEgnb/Idr7cuqWIxj5LJr","preKeyId":3573797}}},"version":"v1"}