{"_sessions":{"Bdqr6Ikh3+o/5FrbYBtURJD2FztFbVl964G/WEYaOtsP":{"registrationId":1332147218,"currentRatchet":{"ephemeralKeyPair":{"pubKey":"BSKtVYnItd25ShNZkG9mV18AZpdaQe4YC2GIlFJdWk1x","privKey":"IAlYxdcZqU/8JbLIQoaKVRjrL8KRu6C179C2pOGE2k0="},"lastRemoteEphemeralKey":"BRJBoQzMchipYlq5YcCWKpnoTkIL7oIFJULYCIzkM0Ui","previousCounter":0,"rootKey":"EAWitLQ2YiOvVSzYvhtAg0dWAIADU/mU3pnAOgd1zeI="},"indexInfo":{"baseKey":"Bdqr6Ikh3+o/5FrbYBtURJD2FztFbVl964G/WEYaOtsP","baseKeyType":1,"closed":-1,"used":1746645162618,"created":1746645162618,"remoteIdentityKey":"BZMVDx3vfYxsGZbHRYIE2hsX1ixG9orY+POnoZvQycJm"},"_chains":{"BSKtVYnItd25ShNZkG9mV18AZpdaQe4YC2GIlFJdWk1x":{"chainKey":{"counter":0,"key":"TPZWcNfBlcE4ty5EBBxgm5RpU2cWS4VO0w3PDMNR80k="},"chainType":1,"messageKeys":{}}},"pendingPreKey":{"signedKeyId":2,"baseKey":"Bdqr6Ikh3+o/5FrbYBtURJD2FztFbVl964G/WEYaOtsP","preKeyId":11106040}}},"version":"v1"}