{"_sessions":{"BWQ047DECyGN0VLhA8+jSGRU7jmcyN7RygPWPiHwcZY7":{"registrationId":16074330,"currentRatchet":{"ephemeralKeyPair":{"pubKey":"BUkky5r0/WW0pD1MricNbIVU4w7XdDzBy1tgUsAOAsFi","privKey":"eHd/PtBhw9l9cEUDukOZameKgfYTpZts4xdRg/EcGXs="},"lastRemoteEphemeralKey":"BURbeKnCaFVmPhdakVX4kaessx3ops/SOxFZV3qRvyNH","previousCounter":0,"rootKey":"NEkh0nbMBKxC9w9EsqlC9/wI/k2j6UQ18dbatAgpKLg="},"indexInfo":{"baseKey":"BWQ047DECyGN0VLhA8+jSGRU7jmcyN7RygPWPiHwcZY7","baseKeyType":1,"closed":1746627386558,"used":1746627366144,"created":1746627366144,"remoteIdentityKey":"Be8JUa23cqhtuTkIXoi2GqVbNY7qwEd2Fy+FVjzi7tkY"},"_chains":{"BUkky5r0/WW0pD1MricNbIVU4w7XdDzBy1tgUsAOAsFi":{"chainKey":{"counter":0,"key":"jehCvOfbiGil7fQ1LLC0ZT8i/gruDMGSTfFHWnsJ5zY="},"chainType":1,"messageKeys":{}}},"pendingPreKey":{"signedKeyId":18,"baseKey":"BWQ047DECyGN0VLhA8+jSGRU7jmcyN7RygPWPiHwcZY7","preKeyId":9549601}},"BaC5cc76lCdZlKf3yy3FyJQ/02cyL3vaejVke9ssNHAL":{"registrationId":16074330,"currentRatchet":{"ephemeralKeyPair":{"pubKey":"BbhwOXkHB8l9xzM5a6T4loYD+TycEeDi0IHhomIaUYEh","privKey":"4H5HFmGAsZNFMWX9FivCGW+28HT32pPG9PuTQ8UgAFI="},"lastRemoteEphemeralKey":"BURbeKnCaFVmPhdakVX4kaessx3ops/SOxFZV3qRvyNH","previousCounter":0,"rootKey":"0EEC9WeJ4GWTFTc0sgieemBuKNRkxYxYBU/1GEiUiIs="},"indexInfo":{"baseKey":"BaC5cc76lCdZlKf3yy3FyJQ/02cyL3vaejVke9ssNHAL","baseKeyType":1,"closed":1746627408772,"used":1746627386249,"created":1746627386249,"remoteIdentityKey":"Be8JUa23cqhtuTkIXoi2GqVbNY7qwEd2Fy+FVjzi7tkY"},"_chains":{"BbhwOXkHB8l9xzM5a6T4loYD+TycEeDi0IHhomIaUYEh":{"chainKey":{"counter":0,"key":"ypgVlD0yLZisJZuwY6idRUadt8ZYzrY4dR2tT883TAo="},"chainType":1,"messageKeys":{}}},"pendingPreKey":{"signedKeyId":18,"baseKey":"BaC5cc76lCdZlKf3yy3FyJQ/02cyL3vaejVke9ssNHAL","preKeyId":9549574}},"BU1pB276m8EsMjiJOF6SYy9LOuqfiVa85xVTJgR5LNh8":{"registrationId":16074330,"currentRatchet":{"ephemeralKeyPair":{"pubKey":"BbrZPctEpQE7AWP6OUqA5yfEmsJgtrEWhmT5B2Rh0utE","privKey":"iDGJsY9zdAxOzvYdMIGWzcRFuDfCLvX8G92knGVM3Ek="},"lastRemoteEphemeralKey":"BURbeKnCaFVmPhdakVX4kaessx3ops/SOxFZV3qRvyNH","previousCounter":0,"rootKey":"ydoZCUMVsSItcsw7C92HN4+62iZw+I6lUzMkfaRiqx8="},"indexInfo":{"baseKey":"BU1pB276m8EsMjiJOF6SYy9LOuqfiVa85xVTJgR5LNh8","baseKeyType":1,"closed":-1,"used":1746627408549,"created":1746627408549,"remoteIdentityKey":"Be8JUa23cqhtuTkIXoi2GqVbNY7qwEd2Fy+FVjzi7tkY"},"_chains":{"BbrZPctEpQE7AWP6OUqA5yfEmsJgtrEWhmT5B2Rh0utE":{"chainKey":{"counter":3,"key":"KNa7l2qXawWzqaD++1vwFqYT7reBu24yP9w59bNgpzE="},"chainType":1,"messageKeys":{}}},"pendingPreKey":{"signedKeyId":18,"baseKey":"BU1pB276m8EsMjiJOF6SYy9LOuqfiVa85xVTJgR5LNh8","preKeyId":9549576}}},"version":"v1"}