{"_sessions":{"BSrh9sVQXi4iM4z06RCpJuDDk/Ln2aaFJIwQyamTiXgK":{"registrationId":1898828657,"currentRatchet":{"ephemeralKeyPair":{"pubKey":"BSA1szHu6+I+7PFSIIBQXhrOJMvqA5By2YolVR5IcU0u","privKey":"KK9/YA4My1o/UCng7wn9TAA8GCbcHcl3Y+2nwhZHNUc="},"lastRemoteEphemeralKey":"BdTyUR1++lPYKzC27UuvXKL8fqD8ZpgW8p55kKVF6hUv","previousCounter":0,"rootKey":"PltLqiaowzh92e1fH3a5xDHfbQYWYtZ+ebRN0G4/CkA="},"indexInfo":{"baseKey":"BSrh9sVQXi4iM4z06RCpJuDDk/Ln2aaFJIwQyamTiXgK","baseKeyType":1,"closed":-1,"used":1746644960193,"created":1746644960193,"remoteIdentityKey":"BS2CAyBcpTip5o6MU7HTlL/LVlSbDL0n5ksGToU0FUJK"},"_chains":{"BSA1szHu6+I+7PFSIIBQXhrOJMvqA5By2YolVR5IcU0u":{"chainKey":{"counter":1,"key":"OBHEt8VWSp7kEhVkp494N9MwMJAkNry2HUFFDfvbcH4="},"chainType":1,"messageKeys":{}}},"pendingPreKey":{"signedKeyId":5,"baseKey":"BSrh9sVQXi4iM4z06RCpJuDDk/Ln2aaFJIwQyamTiXgK","preKeyId":6676156}}},"version":"v1"}