{"_sessions":{"BTrHolQLjB3jM5EpoC21elInnm6yp7XtQJ1d+d2TVGwf":{"registrationId":1974242967,"currentRatchet":{"ephemeralKeyPair":{"pubKey":"Belwg9U8bgeQ8+pAVGMeHjNQPwBp0wxi1KON5qdHyJgL","privKey":"4KSIDNhE8+H+y6KIs/ZEXOIT5o0MKn3xMPJ5QuDZxmw="},"lastRemoteEphemeralKey":"BbVGmATn+rc9Bjew+/Ok1Lpsp+diXV7Hyfu9TF5F3KoY","previousCounter":0,"rootKey":"8QVtFrbtraeXXKRJ8patT01mFgO9XmkbfAIc2gVqKE0="},"indexInfo":{"baseKey":"BTrHolQLjB3jM5EpoC21elInnm6yp7XtQJ1d+d2TVGwf","baseKeyType":1,"closed":-1,"used":1746612488779,"created":1746612488779,"remoteIdentityKey":"BQS5JtOv4PMApN07IbCp9tMMS3oSVglOPB02XJTZGdcp"},"_chains":{"Belwg9U8bgeQ8+pAVGMeHjNQPwBp0wxi1KON5qdHyJgL":{"chainKey":{"counter":4,"key":"3tDkLaHbxVtNTNScpVreTlgZ4Fm/MmvXchTlptelLpE="},"chainType":1,"messageKeys":{}}},"pendingPreKey":{"signedKeyId":0,"baseKey":"BTrHolQLjB3jM5EpoC21elInnm6yp7XtQJ1d+d2TVGwf","preKeyId":2483134}}},"version":"v1"}