{"_sessions":{"BepjZycfoeqOp2ORm3CNc7OKsspCdh9sgx2RGgeQjwBv":{"registrationId":788370637,"currentRatchet":{"ephemeralKeyPair":{"pubKey":"BXnARGfUa2HUDDNtJWNstWhs8kRm9Gj0sRJAFpLv8ws3","privKey":"eCLVmxNA9p0gvuKc54mZh4NfQhZHqulZb5UOg/r47kg="},"lastRemoteEphemeralKey":"BYJdbp3xQmP+xznLcpQOw2xE4M8z7AAFQFu5l6YDEnMK","previousCounter":0,"rootKey":"jhcuBWFQKmj3ftBBS5DDz3uhCJLcLOZyo6v0e8rwZsk="},"indexInfo":{"baseKey":"BepjZycfoeqOp2ORm3CNc7OKsspCdh9sgx2RGgeQjwBv","baseKeyType":1,"closed":-1,"used":1746645070174,"created":1746645070174,"remoteIdentityKey":"BbhAzrUOu43vYOHpIzNfNICqk/pqKqJj78r97gfxz1QF"},"_chains":{"BXnARGfUa2HUDDNtJWNstWhs8kRm9Gj0sRJAFpLv8ws3":{"chainKey":{"counter":0,"key":"lUUOaM9ol4JF36ocKW1kMmXMHnWECWKK1tqAkaV/38U="},"chainType":1,"messageKeys":{}}},"pendingPreKey":{"signedKeyId":3,"baseKey":"BepjZycfoeqOp2ORm3CNc7OKsspCdh9sgx2RGgeQjwBv","preKeyId":7615041}}},"version":"v1"}