{"_sessions":{"BZIJ7T7jvp+MdzxWVyvMbWB25xzJoa6dgnJzD41+/5oj":{"registrationId":471356521,"currentRatchet":{"ephemeralKeyPair":{"pubKey":"BR9osXow4zY2Ok4VeYDrldA/dc0/z82YvMJCPFl1l3tW","privKey":"qAF9xb4cdB1XKS1/BP6Zag0kpdfdyjdc30gYKQGPF24="},"lastRemoteEphemeralKey":"BSMoFPdPBqnonVpwSbJvK9SvRrP5ufjUjzpnrx5PAFwF","previousCounter":0,"rootKey":"StTvxCVPTGVBlCpljaj6iDmPOBow0j2VQHodfuijJgY="},"indexInfo":{"baseKey":"BZIJ7T7jvp+MdzxWVyvMbWB25xzJoa6dgnJzD41+/5oj","baseKeyType":1,"closed":-1,"used":1746645158557,"created":1746645158557,"remoteIdentityKey":"Baot0UCM/rx4NRNBt5sHlW0OqMvWVZbtOnjTge9GzI8R"},"_chains":{"BR9osXow4zY2Ok4VeYDrldA/dc0/z82YvMJCPFl1l3tW":{"chainKey":{"counter":0,"key":"nJswNXfOq+oQwzziQmgHIZvhMwoNx1Eo315Qfp34clU="},"chainType":1,"messageKeys":{}}},"pendingPreKey":{"signedKeyId":1,"baseKey":"BZIJ7T7jvp+MdzxWVyvMbWB25xzJoa6dgnJzD41+/5oj","preKeyId":4546309}}},"version":"v1"}