{"_sessions":{"BfmY1+JA7e1LNelPN37HZywZ9PWKuT70Ou0PcBs7N5gi":{"registrationId":584953036,"currentRatchet":{"ephemeralKeyPair":{"pubKey":"BUlu00ZhXgbF1CetLBB69xIfyToSWMiTI+S8cho3YWh3","privKey":"SBx75Na/KHAgKbOWolaIX9cRwWEfjJId1wkYi0uD/E4="},"lastRemoteEphemeralKey":"BUcmFLMc5ZTfLNsojEQ2NxtnGF0pssQltZwsHt9qbGQ8","previousCounter":0,"rootKey":"HHE0MJI9VDzmIpvCHmuOb4mDaX2i9HAWFtKRm7xRjZg="},"indexInfo":{"baseKey":"BfmY1+JA7e1LNelPN37HZywZ9PWKuT70Ou0PcBs7N5gi","baseKeyType":1,"closed":-1,"used":1746627350743,"created":1746627350743,"remoteIdentityKey":"BWK3Eu+P0dflGnaZVfc90IniLnCR0WLpDlYNmEvyGDMP"},"_chains":{"BUlu00ZhXgbF1CetLBB69xIfyToSWMiTI+S8cho3YWh3":{"chainKey":{"counter":0,"key":"9+pJ+1sK5MkxfNeBWYJ/GdGkmklittAdAca/AD2rn2M="},"chainType":1,"messageKeys":{}}},"pendingPreKey":{"signedKeyId":8,"baseKey":"BfmY1+JA7e1LNelPN37HZywZ9PWKuT70Ou0PcBs7N5gi","preKeyId":4168571}}},"version":"v1"}