{"_sessions":{"BcdPmWHrS4M8THRuTF0KAR3eskhAQtDYFJfwdMwXu+p5":{"registrationId":58620168,"currentRatchet":{"ephemeralKeyPair":{"pubKey":"BeiGVxxVQx42wjdbjpnPcBejAXvKMYwZYvoSKtYSJfVs","privKey":"wC/VvJrOml/fdpfNxKQZd4fOE2Ap1Bix49KUzV1r4Hk="},"lastRemoteEphemeralKey":"Bbjtx4vGJlzkFDIOnALsFVYnkVtSNee1H0NetCfNf3p8","previousCounter":0,"rootKey":"ByxRL2PtVKF3SSXRphIY0KF6M89/+dXyxbyRJXQCuw8="},"indexInfo":{"baseKey":"BcdPmWHrS4M8THRuTF0KAR3eskhAQtDYFJfwdMwXu+p5","baseKeyType":1,"closed":-1,"used":1746645158757,"created":1746645158757,"remoteIdentityKey":"BYym9Lo9Jwe567PqiPcznXd39MPqMpUf63uNWvx7kVh7"},"_chains":{"BeiGVxxVQx42wjdbjpnPcBejAXvKMYwZYvoSKtYSJfVs":{"chainKey":{"counter":0,"key":"j7z1jJBs8WOt++CADLCGFI5JDsLguTEMaKMa1e5QAqU="},"chainType":1,"messageKeys":{}}},"pendingPreKey":{"signedKeyId":12,"baseKey":"BcdPmWHrS4M8THRuTF0KAR3eskhAQtDYFJfwdMwXu+p5","preKeyId":3771978}}},"version":"v1"}