{"_sessions":{"BQsuXn0KPTu01W9KgkHXfvndrYy3BWhNaqrhm4gGC/UK":{"registrationId":1940028319,"currentRatchet":{"ephemeralKeyPair":{"pubKey":"BaZz5n3sLBM/ewWVU+Ijxq26vTSr0aXfo0R37GqU5Ldv","privKey":"sLwfDMmVDZTznpsjKJiBoipKrvzAH8W1cmhmI2XdUks="},"lastRemoteEphemeralKey":"BeKaNQuCsAuAdrCPjbF8xSY2YWLMkklFvg7pxOYToxVJ","previousCounter":0,"rootKey":"AALFul48SsFQpilp5StKk41OQWzpqveDuQ4n5Fza8W4="},"indexInfo":{"baseKey":"BQsuXn0KPTu01W9KgkHXfvndrYy3BWhNaqrhm4gGC/UK","baseKeyType":1,"closed":-1,"used":1746627350635,"created":1746627350635,"remoteIdentityKey":"BQqnS69Rfj4s9+te6kF/u1ZDyneEx3/BR+rVUSUNDQEA"},"_chains":{"BaZz5n3sLBM/ewWVU+Ijxq26vTSr0aXfo0R37GqU5Ldv":{"chainKey":{"counter":0,"key":"J/tshH2XRTa6dJEB4RZDw0vJ40jzLFhMGdTFlN7gJxQ="},"chainType":1,"messageKeys":{}}},"pendingPreKey":{"signedKeyId":1,"baseKey":"BQsuXn0KPTu01W9KgkHXfvndrYy3BWhNaqrhm4gGC/UK"}}},"version":"v1"}