{"_sessions":{"BTaIYXh9RpgXlmhrVYJ/pMA7QR7wLvhMlxZvVWJxUA85":{"registrationId":489122677,"currentRatchet":{"ephemeralKeyPair":{"pubKey":"BaLkOsFxSgNDvDjvkJiosVOLMlWV/kyx9PIpxSGQeKV/","privKey":"uKucDsC4zjHYObN4OohMtzz+M2LbRWmNiVgnzPs6YHk="},"lastRemoteEphemeralKey":"BQzXud1ciJKjcMSQtQXQUh6D25jEYPqcXXymBYWtir8X","previousCounter":0,"rootKey":"f6goyUpPmmi0z3g7dLfmx4ky/2Rfc/aTzXSGlOPDDYY="},"indexInfo":{"baseKey":"BTaIYXh9RpgXlmhrVYJ/pMA7QR7wLvhMlxZvVWJxUA85","baseKeyType":1,"closed":-1,"used":1746644960252,"created":1746644960252,"remoteIdentityKey":"BaF6FRieIVmd/TQ1OYw783lqgOyYvIMVJx5HuoMEKAIo"},"_chains":{"BaLkOsFxSgNDvDjvkJiosVOLMlWV/kyx9PIpxSGQeKV/":{"chainKey":{"counter":1,"key":"70GdCbX+HWSufpoU504LexCsl8QUuLMbJc6EsVRGULw="},"chainType":1,"messageKeys":{}}},"pendingPreKey":{"signedKeyId":2,"baseKey":"BTaIYXh9RpgXlmhrVYJ/pMA7QR7wLvhMlxZvVWJxUA85"}}},"version":"v1"}