{"_sessions":{"BbN6qBqaBIrgqpCojuYkzUugF723sA6plSeppu/JeWAM":{"registrationId":430783174,"currentRatchet":{"ephemeralKeyPair":{"pubKey":"BSTO59I2F8dymX4P8+eV1jXJXXOiSU3mq8Or52aJKYNa","privKey":"MFT2Tler8JDQVAd92J3WTMU9vYWUTCLDKZ5kWO5oqE8="},"lastRemoteEphemeralKey":"BSAZtQP3xH7EMKPUyngveRy98EI1nhqqSMI+ziFyOmoG","previousCounter":0,"rootKey":"iBD7ALuhsEHF9Mw2w5jRma9wlgdoSLnVO/OHuG5p3R0="},"indexInfo":{"baseKey":"BbN6qBqaBIrgqpCojuYkzUugF723sA6plSeppu/JeWAM","baseKeyType":1,"closed":-1,"used":1746644960094,"created":1746644960094,"remoteIdentityKey":"BY8N0TsWrtpv8i7TKV2wvkSmLzEkMHQzby7IYqjeQGpI"},"_chains":{"BSTO59I2F8dymX4P8+eV1jXJXXOiSU3mq8Or52aJKYNa":{"chainKey":{"counter":1,"key":"BhcRjxYTjYA/yYbZlUA+i8PHT2inXFhecH0dRw+iMWk="},"chainType":1,"messageKeys":{}}},"pendingPreKey":{"signedKeyId":17,"baseKey":"BbN6qBqaBIrgqpCojuYkzUugF723sA6plSeppu/JeWAM","preKeyId":2836110}}},"version":"v1"}