{"_sessions":{"BWpsuW9FEGvF0lYo8S7aIqnAS61cMii95ihAnwRg3UN6":{"registrationId":1785357393,"currentRatchet":{"ephemeralKeyPair":{"pubKey":"BT87fCdOCuQCYd217EEmLfqgMMQQuFSyXGdQZSYs8K1o","privKey":"EMvS98JiapwDmXJyvadeAWexcis0/bvzXYc8t1KHqX8="},"lastRemoteEphemeralKey":"BZT0C3qXhIc25rx865PDRtMrOKxiWJyCv+ezHgBLLDkw","previousCounter":0,"rootKey":"bMHGB6MDQLup0513iMdOxTP4gFUPWJC1eTjj6pKDs/k="},"indexInfo":{"baseKey":"BWpsuW9FEGvF0lYo8S7aIqnAS61cMii95ihAnwRg3UN6","baseKeyType":1,"closed":1746627382176,"used":1746627362272,"created":1746627362272,"remoteIdentityKey":"BcOolim/eb/l5SJBNpwZpWZ9AlmcDv2Gj+NymDMxvkJV"},"_chains":{"BT87fCdOCuQCYd217EEmLfqgMMQQuFSyXGdQZSYs8K1o":{"chainKey":{"counter":0,"key":"ByQ1VzWZrhECNt4SreKqT3xa/POJcJdKhHlp0CmtsKE="},"chainType":1,"messageKeys":{}}},"pendingPreKey":{"signedKeyId":1,"baseKey":"BWpsuW9FEGvF0lYo8S7aIqnAS61cMii95ihAnwRg3UN6"}},"BcrWPj5jxctyi1INxupi281HJVsei+Ma5zLl3B2pVP5F":{"registrationId":1785357393,"currentRatchet":{"ephemeralKeyPair":{"pubKey":"BcIV9msAhIXclXUEZ8lVwSFwq8YQjDANWd8xppLX1J4M","privKey":"OF+k+oRf8N198ZuzUz31vdaG1quFRaKXYCImHKgAC04="},"lastRemoteEphemeralKey":"BZT0C3qXhIc25rx865PDRtMrOKxiWJyCv+ezHgBLLDkw","previousCounter":0,"rootKey":"N01VTJ72usnSNNarOhJFHDKR0oiGLaF1bJOGe6RmTSY="},"indexInfo":{"baseKey":"BcrWPj5jxctyi1INxupi281HJVsei+Ma5zLl3B2pVP5F","baseKeyType":1,"closed":1746627404871,"used":1746627381708,"created":1746627381708,"remoteIdentityKey":"BcOolim/eb/l5SJBNpwZpWZ9AlmcDv2Gj+NymDMxvkJV"},"_chains":{"BcIV9msAhIXclXUEZ8lVwSFwq8YQjDANWd8xppLX1J4M":{"chainKey":{"counter":0,"key":"EeFd2ieuv8vCAlFZUoH/zpeOOUtQ9f+MOhlOqbxkTzc="},"chainType":1,"messageKeys":{}}},"pendingPreKey":{"signedKeyId":1,"baseKey":"BcrWPj5jxctyi1INxupi281HJVsei+Ma5zLl3B2pVP5F"}},"BT4Iepm0T5zo+zp6YbfztBhdpPUy3ZhAy79qOUVJzu4M":{"registrationId":1785357393,"currentRatchet":{"ephemeralKeyPair":{"pubKey":"BRxy1c7PG8HcAbuv8jasi0BUUocLZu3VOBOUXiqRXiEh","privKey":"sN11FNOEPuO2tSS9e4vv8qMoZOWapBlnOrJKXrvKBXs="},"lastRemoteEphemeralKey":"BZT0C3qXhIc25rx865PDRtMrOKxiWJyCv+ezHgBLLDkw","previousCounter":0,"rootKey":"sTIrbx3Pa/a8Zn0Ka1EAmTbz32DePkXoGuC/Mmam4M4="},"indexInfo":{"baseKey":"BT4Iepm0T5zo+zp6YbfztBhdpPUy3ZhAy79qOUVJzu4M","baseKeyType":1,"closed":-1,"used":1746627404526,"created":1746627404526,"remoteIdentityKey":"BcOolim/eb/l5SJBNpwZpWZ9AlmcDv2Gj+NymDMxvkJV"},"_chains":{"BRxy1c7PG8HcAbuv8jasi0BUUocLZu3VOBOUXiqRXiEh":{"chainKey":{"counter":3,"key":"KVZGxAS5qbr3nObo0mPx1Sn6+mIf0QBREvEgtGh/IfY="},"chainType":1,"messageKeys":{}}},"pendingPreKey":{"signedKeyId":1,"baseKey":"BT4Iepm0T5zo+zp6YbfztBhdpPUy3ZhAy79qOUVJzu4M"}}},"version":"v1"}