{"_sessions":{"BZFp9Gi5mrbF8a/AzDLzaz7HL0wbXjopGfaqiRYVAPAy":{"registrationId":2053703457,"currentRatchet":{"ephemeralKeyPair":{"pubKey":"BdUrMjX82mdueGrxgbIWWjY0iYnA46h+8BhLgt3Kie99","privKey":"uJMdLIpYq2F8wmNSUcGH3wRNy0yGIespNBAZ8Yf0qF0="},"lastRemoteEphemeralKey":"BXP0CqS6t6OjWeiboomVsOFTVhfYOC6t46CDrlIViANo","previousCounter":0,"rootKey":"zz++bjLRsMBrThzJBauUP1QxjIlGKz+x/c7Lje8AOr4="},"indexInfo":{"baseKey":"BZFp9Gi5mrbF8a/AzDLzaz7HL0wbXjopGfaqiRYVAPAy","baseKeyType":1,"closed":-1,"used":1746645162175,"created":1746645162175,"remoteIdentityKey":"BXelHQbFMgRkgIvmxZMCIO3E5g4lwTjkyoWsXgLPlzJz"},"_chains":{"BdUrMjX82mdueGrxgbIWWjY0iYnA46h+8BhLgt3Kie99":{"chainKey":{"counter":0,"key":"AA5NoL/KAbiqRbF1fXzJc0dFCKZgkz0fUHBKcLW74+c="},"chainType":1,"messageKeys":{}}},"pendingPreKey":{"signedKeyId":1,"baseKey":"BZFp9Gi5mrbF8a/AzDLzaz7HL0wbXjopGfaqiRYVAPAy","preKeyId":6473716}}},"version":"v1"}