{"_sessions":{"BVxM8FE8NVVGKep/btAyumAmvF42yBwxecs3B3uIfxBF":{"registrationId":274929532,"currentRatchet":{"ephemeralKeyPair":{"pubKey":"BadLwkmbOwqBXdz+lyz4IVTgYbuB1x8IpB27axGS1FMn","privKey":"0OEcvPUM3hPRGn+li88ZQQMHVFZNsBwzHDaLaqSS13w="},"lastRemoteEphemeralKey":"BWzEecqNbCIAjGm0PcqW2aodK4FE/0tdTjwpaNKFpXtu","previousCounter":0,"rootKey":"72wH2J5NP8qLSzVhWk3gAZQ6c2H24qbURWhfs/TJlWs="},"indexInfo":{"baseKey":"BVxM8FE8NVVGKep/btAyumAmvF42yBwxecs3B3uIfxBF","baseKeyType":2,"closed":1746627366242,"used":1746627358941,"created":1746627358941,"remoteIdentityKey":"BUqdBKHsNw4R9D77Pf0vpx7t0MbKDMnKatVbRUkHbzR4"},"_chains":{"BWzEecqNbCIAjGm0PcqW2aodK4FE/0tdTjwpaNKFpXtu":{"chainKey":{"counter":1,"key":"I8/zMRpVlWhJux7usQtUV30u/tNrfeafIe1zP3qbIL8="},"chainType":2,"messageKeys":{}},"BadLwkmbOwqBXdz+lyz4IVTgYbuB1x8IpB27axGS1FMn":{"chainKey":{"counter":-1,"key":"CDrgD4SBHSRGWLXVjVY/p2XehrTlbrTm1VnbzvHGrws="},"chainType":1,"messageKeys":{}}}},"Ben4N4597TroLrUMOx87VjA4Je78iknWYmPJ+OQos2Ec":{"registrationId":274929532,"currentRatchet":{"ephemeralKeyPair":{"pubKey":"BSclte/QgpqWdinDWDJHAbBLzZc4MbtPh1j1KRASZntn","privKey":"SB1lXiUPOSLUPONkD0CZd4WshExBFqGVdD1ViCPflH8="},"lastRemoteEphemeralKey":"BZNauxbmCTJ/KZ0h21oKY7/UaeKsBnu6hJn7urmRnAUV","previousCounter":0,"rootKey":"O9hH+MrHxwWk+jib4j0q3j1+6BpTH2ZV2qfpyYTUKKs="},"indexInfo":{"baseKey":"Ben4N4597TroLrUMOx87VjA4Je78iknWYmPJ+OQos2Ec","baseKeyType":1,"closed":1746627386590,"used":1746627366220,"created":1746627366220,"remoteIdentityKey":"BUqdBKHsNw4R9D77Pf0vpx7t0MbKDMnKatVbRUkHbzR4"},"_chains":{"BSclte/QgpqWdinDWDJHAbBLzZc4MbtPh1j1KRASZntn":{"chainKey":{"counter":0,"key":"4Cdtb2RMIkFXrTleylcvtHl3h3rN4QRWtjCGX+W782U="},"chainType":1,"messageKeys":{}}},"pendingPreKey":{"signedKeyId":11861515,"baseKey":"Ben4N4597TroLrUMOx87VjA4Je78iknWYmPJ+OQos2Ec","preKeyId":7506}},"BaQMXVDq//ew/QG4HrPln5Apv9BFBXfGaH4wBvTXMks7":{"registrationId":274929532,"currentRatchet":{"ephemeralKeyPair":{"pubKey":"BRX0OfeyYoF4SKIIaw4sIa65m4kKuGfYsQJoAJR9PyJH","privKey":"6B6kPU5cC7DgghGZh0UwHrlowvUGscTssD152nSp20Q="},"lastRemoteEphemeralKey":"BZNauxbmCTJ/KZ0h21oKY7/UaeKsBnu6hJn7urmRnAUV","previousCounter":0,"rootKey":"X5IDn69PxDq9bXgkz8TeadxYWkOtik2LsAv8CH30oCM="},"indexInfo":{"baseKey":"BaQMXVDq//ew/QG4HrPln5Apv9BFBXfGaH4wBvTXMks7","baseKeyType":1,"closed":1746627408790,"used":1746627386377,"created":1746627386377,"remoteIdentityKey":"BUqdBKHsNw4R9D77Pf0vpx7t0MbKDMnKatVbRUkHbzR4"},"_chains":{"BRX0OfeyYoF4SKIIaw4sIa65m4kKuGfYsQJoAJR9PyJH":{"chainKey":{"counter":0,"key":"bQlzShzI9fTvQee7d3oRbCEvpVZHRxZyhtxWfvSSufI="},"chainType":1,"messageKeys":{}}},"pendingPreKey":{"signedKeyId":11861515,"baseKey":"BaQMXVDq//ew/QG4HrPln5Apv9BFBXfGaH4wBvTXMks7","preKeyId":7501}},"BVo11+hQhcGVeZftSIxIG35sjJXeuJfWxr+ja9zJXndk":{"registrationId":274929532,"currentRatchet":{"ephemeralKeyPair":{"pubKey":"BZgsjC59G/aDb9Iv6LuxVUpWobPzjTpezQqVLqbveSEF","privKey":"0F13HKvR6Cgjm3VzukLrj93aNsJleWoQtfbC8wAoilU="},"lastRemoteEphemeralKey":"BZNauxbmCTJ/KZ0h21oKY7/UaeKsBnu6hJn7urmRnAUV","previousCounter":0,"rootKey":"EcXsanDSRZklGE9/28TlCq8pWHI6QSPNBG837YGTtlc="},"indexInfo":{"baseKey":"BVo11+hQhcGVeZftSIxIG35sjJXeuJfWxr+ja9zJXndk","baseKeyType":1,"closed":-1,"used":1746627408642,"created":1746627408642,"remoteIdentityKey":"BUqdBKHsNw4R9D77Pf0vpx7t0MbKDMnKatVbRUkHbzR4"},"_chains":{"BZgsjC59G/aDb9Iv6LuxVUpWobPzjTpezQqVLqbveSEF":{"chainKey":{"counter":3,"key":"NjjpMJ0qd2fFoP9O6ShL+aGRc7+7AU79Hr5V8iE1g8Q="},"chainType":1,"messageKeys":{}}},"pendingPreKey":{"signedKeyId":11861515,"baseKey":"BVo11+hQhcGVeZftSIxIG35sjJXeuJfWxr+ja9zJXndk","preKeyId":8080}}},"version":"v1"}