{"_sessions":{"Bcy82UxlgcGTmKO8voHINWc7Ovzy19Ae3f+LkC63/1cb":{"registrationId":1301453600,"currentRatchet":{"ephemeralKeyPair":{"pubKey":"BX1z1hhshgg8ndcvFL79135g3hFsacd2x41RH/FaO/om","privKey":"AKXDnWCJ12uy87J8sidAFMg2YmwijIq6iauqRN6AYEM="},"lastRemoteEphemeralKey":"BS1ApoRqxM9icE16xzxcvyKcKb70879dycGAwvR2i4sS","previousCounter":0,"rootKey":"2e/ynFFVcojWbDKIQM2uKLzX2GSlaMe92uLswxiapV4="},"indexInfo":{"baseKey":"Bcy82UxlgcGTmKO8voHINWc7Ovzy19Ae3f+LkC63/1cb","baseKeyType":1,"closed":1746627382620,"used":1746627362671,"created":1746627362671,"remoteIdentityKey":"BejO45Fl6rCtlvNmGgtiNrofxfWg2egHdux/QfATprFa"},"_chains":{"BX1z1hhshgg8ndcvFL79135g3hFsacd2x41RH/FaO/om":{"chainKey":{"counter":0,"key":"XyOL7JrQneu4UzM6Niv/HpYLammcQAzNTK3YrnpI/Ag="},"chainType":1,"messageKeys":{}}},"pendingPreKey":{"signedKeyId":9478672,"baseKey":"Bcy82UxlgcGTmKO8voHINWc7Ovzy19Ae3f+LkC63/1cb","preKeyId":2525}},"BXUqhY3zrQpvFnUogGlDksvE6wTLuTh/iK/r43WvmJA1":{"registrationId":1301453600,"currentRatchet":{"ephemeralKeyPair":{"pubKey":"Be9xQ0RuT/RzWZw94mTmnSMKUtI89QJaPZ9PU4fNq2gG","privKey":"qA+QAOwtbcDcx96KYEMhLLeKPLAfaeY5g0nYm/xi014="},"lastRemoteEphemeralKey":"BS1ApoRqxM9icE16xzxcvyKcKb70879dycGAwvR2i4sS","previousCounter":0,"rootKey":"iSrOfVmYhQlWLfEoFkVk5VenZpeh0K9YRoYuj+zc/vU="},"indexInfo":{"baseKey":"BXUqhY3zrQpvFnUogGlDksvE6wTLuTh/iK/r43WvmJA1","baseKeyType":1,"closed":1746627404935,"used":1746627382048,"created":1746627382048,"remoteIdentityKey":"BejO45Fl6rCtlvNmGgtiNrofxfWg2egHdux/QfATprFa"},"_chains":{"Be9xQ0RuT/RzWZw94mTmnSMKUtI89QJaPZ9PU4fNq2gG":{"chainKey":{"counter":0,"key":"HhX2/C3eDNT24dXHxWxK0iIVmPWlRjZsKTL55J0P6hI="},"chainType":1,"messageKeys":{}}},"pendingPreKey":{"signedKeyId":9478672,"baseKey":"BXUqhY3zrQpvFnUogGlDksvE6wTLuTh/iK/r43WvmJA1","preKeyId":2509}},"BSWSiEe8PXJ/hIbm/3PqA8XxGoZ4g3PMB++PXydXDeom":{"registrationId":1301453600,"currentRatchet":{"ephemeralKeyPair":{"pubKey":"BZ0NoMQZXtMqafWfCaU3uQJvh8nf1+qoAsnUEzZZ5zgc","privKey":"2Ip4l+1svIYM6ogeez13DtXYnNisWBOGjk+JRnXvfnU="},"lastRemoteEphemeralKey":"BS1ApoRqxM9icE16xzxcvyKcKb70879dycGAwvR2i4sS","previousCounter":0,"rootKey":"1j9ar7cyp8tFj+fF5KlggnR4IY0MqjPZRQhhRVjKU8w="},"indexInfo":{"baseKey":"BSWSiEe8PXJ/hIbm/3PqA8XxGoZ4g3PMB++PXydXDeom","baseKeyType":1,"closed":-1,"used":1746627404794,"created":1746627404794,"remoteIdentityKey":"BejO45Fl6rCtlvNmGgtiNrofxfWg2egHdux/QfATprFa"},"_chains":{"BZ0NoMQZXtMqafWfCaU3uQJvh8nf1+qoAsnUEzZZ5zgc":{"chainKey":{"counter":3,"key":"UM2sFkq40mil3VDzlezmIB/H9OGPBZuZuuDqbxw+99w="},"chainType":1,"messageKeys":{}}},"pendingPreKey":{"signedKeyId":9478672,"baseKey":"BSWSiEe8PXJ/hIbm/3PqA8XxGoZ4g3PMB++PXydXDeom","preKeyId":3197}}},"version":"v1"}