{"_sessions":{"BWBo/nrYqQFsl7yifX63rJJiRpUU/K0m7T0AOvc3REAF":{"registrationId":1346291675,"currentRatchet":{"ephemeralKeyPair":{"pubKey":"BYc1wGVHCBLfOt14KxGzRyiRfl2vJFdaIHVj6gJWnaxq","privKey":"OCneY3mnvJ2UmMRBpg3AwxRXBO3Ep8gNFcznu4YgAGo="},"lastRemoteEphemeralKey":"Babjrxr8TC3+d+sLZFfAfqvu3V0ROhghX/HGO8/zXt9O","previousCounter":0,"rootKey":"E2WhvjZDWbwMwSOLkjS+6Vy0pM1vQ5NZV/utF6CD9yI="},"indexInfo":{"baseKey":"BWBo/nrYqQFsl7yifX63rJJiRpUU/K0m7T0AOvc3REAF","baseKeyType":1,"closed":-1,"used":1746645070223,"created":1746645070223,"remoteIdentityKey":"BSZOwf52Z6OszyozP0mCyAYOW8Yjd5zvXYgVZB//ZNVF"},"_chains":{"BYc1wGVHCBLfOt14KxGzRyiRfl2vJFdaIHVj6gJWnaxq":{"chainKey":{"counter":0,"key":"AoSDYDG8ZVk40Gp96PIp0+DfK5UGHunN36vh8uXCTjo="},"chainType":1,"messageKeys":{}}},"pendingPreKey":{"signedKeyId":3,"baseKey":"BWBo/nrYqQFsl7yifX63rJJiRpUU/K0m7T0AOvc3REAF"}}},"version":"v1"}