{"_sessions":{"BV9xYZXYM4Ni+OeZJPZHBvIAQqtVOqBp8jpu7gFuqogD":{"registrationId":1290084533,"currentRatchet":{"ephemeralKeyPair":{"pubKey":"BSC3cpyBB1QrjQCMFghdZQZPlmcH0B0Ytl5xtFqcU4hO","privKey":"mGTGkXDNcrsBO+6NlY491YFyK4nX0I/vEvSkMmjNeE4="},"lastRemoteEphemeralKey":"BYbaiZFWt4XGhSBtFH0plsCVgaE+mNt1edlVBhadpDZ8","previousCounter":0,"rootKey":"rctkz5t8enEHCHbHwcY1jrghy6J1QA9I1Nzl+OKebhg="},"indexInfo":{"baseKey":"BV9xYZXYM4Ni+OeZJPZHBvIAQqtVOqBp8jpu7gFuqogD","baseKeyType":1,"closed":-1,"used":1746645166055,"created":1746645166055,"remoteIdentityKey":"BfpfIPhIfakpwCOIOE3v81DTaupar0sCKcMsMqAMZ4U6"},"_chains":{"BSC3cpyBB1QrjQCMFghdZQZPlmcH0B0Ytl5xtFqcU4hO":{"chainKey":{"counter":0,"key":"NBCEjog8zRjDsNwtLuGwI4NcG0ZYjbsfYSklN0BUEjM="},"chainType":1,"messageKeys":{}}},"pendingPreKey":{"signedKeyId":8,"baseKey":"BV9xYZXYM4Ni+OeZJPZHBvIAQqtVOqBp8jpu7gFuqogD","preKeyId":8818468}}},"version":"v1"}