{"_sessions":{"BQYuCGVtWTwb6euI2FNeKn3gbMrRSdvUd0Np8js/c/Ac":{"registrationId":1362196092,"currentRatchet":{"ephemeralKeyPair":{"pubKey":"BSFFQex9SVOh+F64N+PE9j22G7slDoWPQxhZR60xxLwy","privKey":"IAalbp9eS3gPr5Bq1IVl1EoZhYpOssfZXWaNHWCY7Hk="},"lastRemoteEphemeralKey":"BReE8v0eI3LHegL1t3/bD1fql6Pk1cCrRlCWdSX6wd5K","previousCounter":0,"rootKey":"0341x3CZQRle08TNXPdMqpQ+9pnRQK3qjBb+hfmte8c="},"indexInfo":{"baseKey":"BQYuCGVtWTwb6euI2FNeKn3gbMrRSdvUd0Np8js/c/Ac","baseKeyType":1,"closed":-1,"used":1746645162596,"created":1746645162596,"remoteIdentityKey":"BYKkz18wAKe4eJF9l/UPterr9yyyWSNarmxIZBhprD5l"},"_chains":{"BSFFQex9SVOh+F64N+PE9j22G7slDoWPQxhZR60xxLwy":{"chainKey":{"counter":0,"key":"uMWgPvZhDaVoltDv8PuuD4Y1Vz18jRLzP3wYIf6OER0="},"chainType":1,"messageKeys":{}}},"pendingPreKey":{"signedKeyId":16618479,"baseKey":"BQYuCGVtWTwb6euI2FNeKn3gbMrRSdvUd0Np8js/c/Ac","preKeyId":8371}}},"version":"v1"}