{"_sessions":{"BRm0nmN5oXJ+HAt5pIWIO54/UYE9jal2FYTloxrAXndT":{"registrationId":801495591,"currentRatchet":{"ephemeralKeyPair":{"pubKey":"BRYG5vFoGMjQyIfE3OGe9NbqvTT0sIiafAXOTs/zU4ot","privKey":"YAhwdvjpWFEe9nzMDBjtjMZ1jFCZxVd6YYMeDSrnSlY="},"lastRemoteEphemeralKey":"BThnS89LzWPS1ysfkj7qrh25I3OtB/BC7qAptoAA4JAX","previousCounter":0,"rootKey":"pq6DnHHIA+cKvXioQDmEmBSKCB3PVpNkUIjmL2Le4J8="},"indexInfo":{"baseKey":"BRm0nmN5oXJ+HAt5pIWIO54/UYE9jal2FYTloxrAXndT","baseKeyType":1,"closed":-1,"used":1746645070329,"created":1746645070329,"remoteIdentityKey":"Bb1ndr6IEnj0IkO7Nx+gN1a0rUY7PJz0ZOI3q6oUQCJG"},"_chains":{"BRYG5vFoGMjQyIfE3OGe9NbqvTT0sIiafAXOTs/zU4ot":{"chainKey":{"counter":1,"key":"1BQZlt7cX5RrUnP1ytT1yF7T4Q33b/P99QIPbOvfcsY="},"chainType":1,"messageKeys":{}}},"pendingPreKey":{"signedKeyId":1,"baseKey":"BRm0nmN5oXJ+HAt5pIWIO54/UYE9jal2FYTloxrAXndT","preKeyId":8156310}}},"version":"v1"}