{"_sessions":{"BbpD1TZ5pwv7NcIwN4t7VFyqlHVMT3vp1xr8c49/Uf92":{"registrationId":1408985527,"currentRatchet":{"ephemeralKeyPair":{"pubKey":"BfXIq6s+GlJz58yHAvtBq5b+NPQOuWs+82o86LdIuWxM","privKey":"uAAYh6FA4Q4utRlFNMXvq9Bfip8i3Nxb0YsVyAxTv3M="},"lastRemoteEphemeralKey":"BcbqbWqZP+pQ1DOaKR9gke3qURlL8vLCAZBbMF7uKH8R","previousCounter":0,"rootKey":"tFq051+4mOPZFrD69YLqNEtH/N1/IjeV+Ot++aw6u60="},"indexInfo":{"baseKey":"BbpD1TZ5pwv7NcIwN4t7VFyqlHVMT3vp1xr8c49/Uf92","baseKeyType":1,"closed":-1,"used":1746645162495,"created":1746645162495,"remoteIdentityKey":"BaM2dAMgbM98clbiwNulsD4rv4JCVbwE3oLBKPfpURxK"},"_chains":{"BfXIq6s+GlJz58yHAvtBq5b+NPQOuWs+82o86LdIuWxM":{"chainKey":{"counter":0,"key":"o+V2vNoxzwxbPeJRt1/wNE6j7c69YffeWz1V6D0bwOs="},"chainType":1,"messageKeys":{}}},"pendingPreKey":{"signedKeyId":7708030,"baseKey":"BbpD1TZ5pwv7NcIwN4t7VFyqlHVMT3vp1xr8c49/Uf92","preKeyId":5797}}},"version":"v1"}