{"_sessions":{"BShyie5vnu8GlrsVIg510o0BCmpsrOS6GT+cl+GYRXtd":{"registrationId":1528955266,"currentRatchet":{"ephemeralKeyPair":{"pubKey":"BSUGNeUo1dHeqj91yuDBQNzZHoLEoRU7w33lzHyC/K1S","privKey":"yGmg5JZUhsVWpWQ+RlLbndcJIbHBn/ZvOpaB7LGV1XQ="},"lastRemoteEphemeralKey":"BXa2/9zZIG0VO0G/6S5nE8S9QZJxl5CwcSEIYLdRDXNS","previousCounter":0,"rootKey":"JGsEhH8aiNARyxcjD2rGxLjkCg4bxKuvSFsbjrz62BI="},"indexInfo":{"baseKey":"BShyie5vnu8GlrsVIg510o0BCmpsrOS6GT+cl+GYRXtd","baseKeyType":1,"closed":-1,"used":1746644959992,"created":1746644959991,"remoteIdentityKey":"BQBjq70tYXCa7q9SuFwZtTRzlflW7ys67osqtTUCRA9D"},"_chains":{"BSUGNeUo1dHeqj91yuDBQNzZHoLEoRU7w33lzHyC/K1S":{"chainKey":{"counter":1,"key":"ubl8uUqRnyuybObb307Op3lTA9J77IAncKm360+omUc="},"chainType":1,"messageKeys":{}}},"pendingPreKey":{"signedKeyId":1,"baseKey":"BShyie5vnu8GlrsVIg510o0BCmpsrOS6GT+cl+GYRXtd","preKeyId":15900611}}},"version":"v1"}