{"_sessions":{"BegPq8pZOqAnr9vOp1PXNasQdEDZeeoi3jwEREN4PC5f":{"registrationId":1376585953,"currentRatchet":{"ephemeralKeyPair":{"pubKey":"BbCR/Us63MqBkjGSxEBoN7066QWxhXM4E6dCAbELAMky","privKey":"IEXec7B6P8qLqHySDMV/ZjD8j45jvEZqHtx/AcXwi00="},"lastRemoteEphemeralKey":"BU0vGJDo6KVlJXMgnDaOQ+Z698v4uNODHz2bs5aF09hJ","previousCounter":0,"rootKey":"UvgWfjs+BYSSzH6Bk2RBCb+VtsKiq6XOcrvspSonN64="},"indexInfo":{"baseKey":"BegPq8pZOqAnr9vOp1PXNasQdEDZeeoi3jwEREN4PC5f","baseKeyType":1,"closed":-1,"used":1746644960137,"created":1746644960137,"remoteIdentityKey":"BQQqOxVcFTTJNO62grkk2cVJEr8DsHsb4+s8jJB/8jpN"},"_chains":{"BbCR/Us63MqBkjGSxEBoN7066QWxhXM4E6dCAbELAMky":{"chainKey":{"counter":1,"key":"DlDY8SfjHgUBiqt0zInL4xvkC+rW3VrMf7D+03XMzII="},"chainType":1,"messageKeys":{}}},"pendingPreKey":{"signedKeyId":4,"baseKey":"BegPq8pZOqAnr9vOp1PXNasQdEDZeeoi3jwEREN4PC5f","preKeyId":15304354}}},"version":"v1"}