{"_sessions":{"BcHo+YfN5d6KbyPX2r8jPCg5D7pGQ3qgeQC19ZOkXgRF":{"registrationId":351787282,"currentRatchet":{"ephemeralKeyPair":{"pubKey":"BW9mb0OuztNIQpz5YHfjeTHm02LkEBAjX0/xC2QIUQo9","privKey":"OKOMBu5Lj6P9G6lYJg0ISavof8MuJUXBTFBM5fwaaGQ="},"lastRemoteEphemeralKey":"BV0O9yyukynJMYAxK+R7dADCCGGspgogLxEhzQae2D41","previousCounter":0,"rootKey":"oQgkAUjdVHzYp7rCMyZyPotFt55ZrDFoVlDqoiPoQow="},"indexInfo":{"baseKey":"BcHo+YfN5d6KbyPX2r8jPCg5D7pGQ3qgeQC19ZOkXgRF","baseKeyType":1,"closed":-1,"used":1746644960104,"created":1746644960104,"remoteIdentityKey":"BS4dP6S0mHfnDc2BsJLYAyGHSFnkMIGZy2HubKTne+1J"},"_chains":{"BW9mb0OuztNIQpz5YHfjeTHm02LkEBAjX0/xC2QIUQo9":{"chainKey":{"counter":1,"key":"5M4pkk1ySlQco/RBPHlSUc6aM36NQsCDQyYaW2juMyQ="},"chainType":1,"messageKeys":{}}},"pendingPreKey":{"signedKeyId":5,"baseKey":"BcHo+YfN5d6KbyPX2r8jPCg5D7pGQ3qgeQC19ZOkXgRF","preKeyId":10449257}}},"version":"v1"}