{"_sessions":{"BcFQC1M/hV7TbR6c+UGRpBuj/CfXsvxxD+yqAijQ4Rs9":{"registrationId":102666381,"currentRatchet":{"ephemeralKeyPair":{"pubKey":"BRcLtRvMdCh8EeRl7HbrQMHMTGrHY85VJRByMmUFo4oj","privKey":"kA4s/8t+mkBoDQYptpxQmdNnUxxIWt7drPQmb9L6FWc="},"lastRemoteEphemeralKey":"BUqW9cb1pvSveWEWryawbcj7xhqUHjnnFbtIxuqn2ucQ","previousCounter":0,"rootKey":"H96YebhnWG1aXF22Flrc9LDSLSbuv8VG9EPmjV3sZtU="},"indexInfo":{"baseKey":"BcFQC1M/hV7TbR6c+UGRpBuj/CfXsvxxD+yqAijQ4Rs9","baseKeyType":1,"closed":1746627386404,"used":1746627365676,"created":1746627365676,"remoteIdentityKey":"BR+tk0Zax+VEiL6MQWbPk0I+3M9De9+CiOi2DgXDdZhT"},"_chains":{"BRcLtRvMdCh8EeRl7HbrQMHMTGrHY85VJRByMmUFo4oj":{"chainKey":{"counter":0,"key":"0X/yFxTa0GEOdPeq6Yn1O7yynjhHJT8+glIS2Dz3k8A="},"chainType":1,"messageKeys":{}}},"pendingPreKey":{"signedKeyId":15459145,"baseKey":"BcFQC1M/hV7TbR6c+UGRpBuj/CfXsvxxD+yqAijQ4Rs9","preKeyId":10790}},"BRX+zcSCqJyyE+YrNR02HZNU2D22MTukVa9XXJU2KnsQ":{"registrationId":102666381,"currentRatchet":{"ephemeralKeyPair":{"pubKey":"BQr1k8wW0LuEnRCHtGZQtmfuwBa73u+owwy587svSpQJ","privKey":"+FUMQda6XWyPCp37mtvLBMd7VvDJzy+K18maDGmx8EY="},"lastRemoteEphemeralKey":"BUqW9cb1pvSveWEWryawbcj7xhqUHjnnFbtIxuqn2ucQ","previousCounter":0,"rootKey":"zAPTJ2L/2hsthPLYhe8uwnv0I3vGDXZ+Cd6wve5AXjM="},"indexInfo":{"baseKey":"BRX+zcSCqJyyE+YrNR02HZNU2D22MTukVa9XXJU2KnsQ","baseKeyType":1,"closed":1746627408661,"used":1746627385731,"created":1746627385731,"remoteIdentityKey":"BR+tk0Zax+VEiL6MQWbPk0I+3M9De9+CiOi2DgXDdZhT"},"_chains":{"BQr1k8wW0LuEnRCHtGZQtmfuwBa73u+owwy587svSpQJ":{"chainKey":{"counter":0,"key":"03EoRRNxLAZVIdmQOSC2EtlY1yeSQJTgo033jDSm9HM="},"chainType":1,"messageKeys":{}}},"pendingPreKey":{"signedKeyId":15459145,"baseKey":"BRX+zcSCqJyyE+YrNR02HZNU2D22MTukVa9XXJU2KnsQ","preKeyId":11162}},"BXLqlA37jMDTVi3TKcMpyHATT4G/8Cdgc8NRZL1jYnQc":{"registrationId":102666381,"currentRatchet":{"ephemeralKeyPair":{"pubKey":"BUDNjFbeW8UhYEXLhGBpc91zFjv8Qc9KIUBhLH7nl79J","privKey":"6Ad3Nvf8vV1FHHVmElsAIZg8yyvMBnlaIlUaeC9eK2E="},"lastRemoteEphemeralKey":"BUqW9cb1pvSveWEWryawbcj7xhqUHjnnFbtIxuqn2ucQ","previousCounter":0,"rootKey":"E/88iie9sEQidb2japdk60Q9ajLGXAeIxw2SM7lzS3s="},"indexInfo":{"baseKey":"BXLqlA37jMDTVi3TKcMpyHATT4G/8Cdgc8NRZL1jYnQc","baseKeyType":1,"closed":-1,"used":1746627408110,"created":1746627408110,"remoteIdentityKey":"BR+tk0Zax+VEiL6MQWbPk0I+3M9De9+CiOi2DgXDdZhT"},"_chains":{"BUDNjFbeW8UhYEXLhGBpc91zFjv8Qc9KIUBhLH7nl79J":{"chainKey":{"counter":3,"key":"al5sXwTh4Cak4xEATjlz8h4Q9SKN+WU2YwSk4Zwkwqw="},"chainType":1,"messageKeys":{}}},"pendingPreKey":{"signedKeyId":15459145,"baseKey":"BXLqlA37jMDTVi3TKcMpyHATT4G/8Cdgc8NRZL1jYnQc","preKeyId":10803}}},"version":"v1"}