{"_sessions":{"BWk7F5DuH+0J7UTORLztqhpxFKartKZvLwItkCOK5QoH":{"registrationId":1357382643,"currentRatchet":{"ephemeralKeyPair":{"pubKey":"BWZNdkEAWlfUOuqYZgJ6PrAk/aXFqvxHBOebfts4nLYC","privKey":"mNrqsXIEiiTyHa2WsELf9lj/aVhbrTF0OUnAFx7vck0="},"lastRemoteEphemeralKey":"BZhWCD2rRVu+UqFEcpXeXN5k7+A/oEwHlqwtl2GrGFlE","previousCounter":0,"rootKey":"dCfeo96y3YXvVS05zKtbt7L+ouLXMbMyElqmM7Xk+XY="},"indexInfo":{"baseKey":"BWk7F5DuH+0J7UTORLztqhpxFKartKZvLwItkCOK5QoH","baseKeyType":1,"closed":-1,"used":1746645162218,"created":1746645162218,"remoteIdentityKey":"BbM9U/Tl8H132/BtfolHzkqCveaPS0N9jFuRPxouYOYm"},"_chains":{"BWZNdkEAWlfUOuqYZgJ6PrAk/aXFqvxHBOebfts4nLYC":{"chainKey":{"counter":0,"key":"wVmfWfoNOH0mMG3n18WyzHPwRSwP2WEQZ1rhafP8ePA="},"chainType":1,"messageKeys":{}}},"pendingPreKey":{"signedKeyId":4,"baseKey":"BWk7F5DuH+0J7UTORLztqhpxFKartKZvLwItkCOK5QoH","preKeyId":10236779}}},"version":"v1"}