{"_sessions":{"BQzklPin60b9zyhgyU7ZBLdy8GG2jWO+nqePf8zQ2ior":{"registrationId":976578510,"currentRatchet":{"ephemeralKeyPair":{"pubKey":"BQoJ1HMNaHWzx3e1cmPYHnb6v7fvwVnXDY0609YkkRc7","privKey":"wGJ9bv6J0QSUVxHW0Q6hcUi2lrqSPZ+8WhFSTzIk4ms="},"lastRemoteEphemeralKey":"BQoEoJsLgsNpBl07bYLAmyVb/Iza7NKAnIalIwQ9GSIa","previousCounter":0,"rootKey":"4u36trBFVNIrFD4kwioopX4O2AqUFUF3E7ltZbxQcEY="},"indexInfo":{"baseKey":"BQzklPin60b9zyhgyU7ZBLdy8GG2jWO+nqePf8zQ2ior","baseKeyType":1,"closed":-1,"used":1746645056718,"created":1746644956794,"remoteIdentityKey":"BVYCFLjSqwSoHQ2vRD38b4QpPC4J2ko68iVM5Lm9CfVi"},"_chains":{"BQoEoJsLgsNpBl07bYLAmyVb/Iza7NKAnIalIwQ9GSIa":{"chainKey":{"counter":0,"key":"Rx40vH0GKM/JbiuDbnS7ApkizreHXBTbgpMRAOmM9PI="},"chainType":2,"messageKeys":{}},"BQoJ1HMNaHWzx3e1cmPYHnb6v7fvwVnXDY0609YkkRc7":{"chainKey":{"counter":0,"key":"/Sv39Lp8jK1A4p0vjXs/9WcIF3/fhG6TAZte6IYUT/Q="},"chainType":1,"messageKeys":{}}}}},"version":"v1"}