{"_sessions":{"BegRxQt5Fklz4klPsS41m+LNSrVW7C+3teaXec9X0M4l":{"registrationId":1563329650,"currentRatchet":{"ephemeralKeyPair":{"pubKey":"BftSbqhyJ3EdaolWgEKJ4auMHm+7VGpyRq0v7i7FPHUo","privKey":"SIopw3YAz2+vksVQ8srOnh/1Hrwf1i/F3vtMGYWN9V4="},"lastRemoteEphemeralKey":"BX0ceJD8UN6qFe5bwbmJERK1kUGUnGw2UUcEq5phQgwZ","previousCounter":0,"rootKey":"vGgvLJbG3Nrnp8y427OmmozL00Yh0G0YgZPb7+duK/U="},"indexInfo":{"baseKey":"BegRxQt5Fklz4klPsS41m+LNSrVW7C+3teaXec9X0M4l","baseKeyType":1,"closed":1746627386505,"used":1746627365959,"created":1746627365959,"remoteIdentityKey":"BbLy4CUpjVNBnoz6/CbKciSRGjoi9rusT3byM0R1z0c/"},"_chains":{"BftSbqhyJ3EdaolWgEKJ4auMHm+7VGpyRq0v7i7FPHUo":{"chainKey":{"counter":0,"key":"aZllxapCreeoolTnnyL9lApb22S70+uyajNhUSeYD9Q="},"chainType":1,"messageKeys":{}}},"pendingPreKey":{"signedKeyId":0,"baseKey":"BegRxQt5Fklz4klPsS41m+LNSrVW7C+3teaXec9X0M4l","preKeyId":6898924}},"BUc3FHPgmUcJdlVWiFIFBpWtKW19TetSD9sSzTrxDCIs":{"registrationId":1563329650,"currentRatchet":{"ephemeralKeyPair":{"pubKey":"BZXJFanjgpqvfGO82Qvpn4fAf1IwufM8WNQ4XzHQaQ8p","privKey":"qK24YsQBX0wQXF9kmN0cNr/mPcgXtzWj623NlcJfckc="},"lastRemoteEphemeralKey":"BX0ceJD8UN6qFe5bwbmJERK1kUGUnGw2UUcEq5phQgwZ","previousCounter":0,"rootKey":"Y8Zpft5SqsEOIeRLjV+NdOoZUGUJma0S29nCdTFlIUA="},"indexInfo":{"baseKey":"BUc3FHPgmUcJdlVWiFIFBpWtKW19TetSD9sSzTrxDCIs","baseKeyType":1,"closed":1746627408733,"used":1746627386034,"created":1746627386034,"remoteIdentityKey":"BbLy4CUpjVNBnoz6/CbKciSRGjoi9rusT3byM0R1z0c/"},"_chains":{"BZXJFanjgpqvfGO82Qvpn4fAf1IwufM8WNQ4XzHQaQ8p":{"chainKey":{"counter":0,"key":"vBDvAunp3jvF4fznuvXde4BWrwzBw3Lb6MUzkA4/kFw="},"chainType":1,"messageKeys":{}}},"pendingPreKey":{"signedKeyId":0,"baseKey":"BUc3FHPgmUcJdlVWiFIFBpWtKW19TetSD9sSzTrxDCIs","preKeyId":6898834}},"BSEq6Cq5RAyYiCG8LEeEMP72qOlffh3C3gDhZ7+E6xpj":{"registrationId":1563329650,"currentRatchet":{"ephemeralKeyPair":{"pubKey":"BchdQxNq1eLYLxkCoBsrd8+p974n/bqoiAFVNf2ZstMv","privKey":"kC6O+fq25NB9KBcbYeN0YA6nOBYX1iyJkXl4beTsw0c="},"lastRemoteEphemeralKey":"BX0ceJD8UN6qFe5bwbmJERK1kUGUnGw2UUcEq5phQgwZ","previousCounter":0,"rootKey":"N3WMV3HSt2kYcWokmwH0n2k0Eq5gAEugkYi0qiY3AkQ="},"indexInfo":{"baseKey":"BSEq6Cq5RAyYiCG8LEeEMP72qOlffh3C3gDhZ7+E6xpj","baseKeyType":1,"closed":-1,"used":1746627408370,"created":1746627408370,"remoteIdentityKey":"BbLy4CUpjVNBnoz6/CbKciSRGjoi9rusT3byM0R1z0c/"},"_chains":{"BchdQxNq1eLYLxkCoBsrd8+p974n/bqoiAFVNf2ZstMv":{"chainKey":{"counter":3,"key":"KFpFYSrdDkWZ01smOzNR1uFUpE+z9MtUM4PjnwUjAN0="},"chainType":1,"messageKeys":{}}},"pendingPreKey":{"signedKeyId":0,"baseKey":"BSEq6Cq5RAyYiCG8LEeEMP72qOlffh3C3gDhZ7+E6xpj","preKeyId":6898848}}},"version":"v1"}