{"_sessions":{"BV6UFNHeUIoRcSbxeo38tN02UZx9ldDW+GxQI5A8p9lb":{"registrationId":1789525545,"currentRatchet":{"ephemeralKeyPair":{"pubKey":"BcOmv8C6/qiOOkmPQffwi+1ICG0pZk4t8pAArjRvbKZu","privKey":"6AtBfOJTpKkvRWSol27DHSjZROm9oKo8uJvyfyI+6WQ="},"lastRemoteEphemeralKey":"BdRmAwUQDQnL4BvvtSXoHmfxPt1iGKMJT6dh4E+Lq6NO","previousCounter":0,"rootKey":"100viqx2x4bAKFutKNBn7Ae+98JxX0tnm5LU6zw3kbk="},"indexInfo":{"baseKey":"BV6UFNHeUIoRcSbxeo38tN02UZx9ldDW+GxQI5A8p9lb","baseKeyType":1,"closed":-1,"used":1746612492813,"created":1746612492813,"remoteIdentityKey":"BUJ/bahS93s4DnPzbo/lMkvG4Ofl2L6vy7tKcogTWMx2"},"_chains":{"BcOmv8C6/qiOOkmPQffwi+1ICG0pZk4t8pAArjRvbKZu":{"chainKey":{"counter":4,"key":"5bGSifzMt8/UzEfM0TVEAe/ql4+E9wSZtbxYFUzKldM="},"chainType":1,"messageKeys":{}}},"pendingPreKey":{"signedKeyId":5,"baseKey":"BV6UFNHeUIoRcSbxeo38tN02UZx9ldDW+GxQI5A8p9lb"}}},"version":"v1"}