{"_sessions":{"BagqNVhdsAIHBMITs8e+oNUnshAdbNzZR2/ZCyrNGO1O":{"registrationId":78390450,"currentRatchet":{"ephemeralKeyPair":{"pubKey":"BVqims2YirJoFjTfPwXEwsZKzsoiIs5WkchYtcO3SlQU","privKey":"qKs3jRk0QWnGKGf0MiG1IWpHgM3pwWSOZ2Xx2F0b10o="},"lastRemoteEphemeralKey":"Bc7ugdtgGI5Qfsel+7pp4sVWE6nv7gYvVKjvXuNz+ekR","previousCounter":0,"rootKey":"k5aYfNBxm2T0frstHsDis9ybTIxvT7fk1U1TKyLys8k="},"indexInfo":{"baseKey":"BagqNVhdsAIHBMITs8e+oNUnshAdbNzZR2/ZCyrNGO1O","baseKeyType":1,"closed":-1,"used":1746645070268,"created":1746645070268,"remoteIdentityKey":"BcLNU3jqIs+i/GmfWaZ0YAdP3hj8l4V8f51W7YsElo95"},"_chains":{"BVqims2YirJoFjTfPwXEwsZKzsoiIs5WkchYtcO3SlQU":{"chainKey":{"counter":0,"key":"J8xLEnfypS4cwDp2CDF2jrC81P21DlhR/+93kuu6hCo="},"chainType":1,"messageKeys":{}}},"pendingPreKey":{"signedKeyId":3,"baseKey":"BagqNVhdsAIHBMITs8e+oNUnshAdbNzZR2/ZCyrNGO1O","preKeyId":2512765}}},"version":"v1"}