{"_sessions":{"BR0LVw7vr+OlhYk89VARJP3kl1V6B0dK31UbigCxk9Rm":{"registrationId":1182734293,"currentRatchet":{"ephemeralKeyPair":{"pubKey":"BbSgMMOh+qKFalMQfjFe2lF1hqKwvwD+snWJ5diXVEsF","privKey":"kPFj4TZApHCRurijx6xKyhxJaZD5LOHdPWhF77uaEmI="},"lastRemoteEphemeralKey":"BUM+2qtTb4haAgVBlNT05Kt59OXntF7K1vm1WzLeRbB3","previousCounter":0,"rootKey":"QGUkFzV0eLA9IhFQiMrtv3efAvePmhR/DlLXSNped0k="},"indexInfo":{"baseKey":"BR0LVw7vr+OlhYk89VARJP3kl1V6B0dK31UbigCxk9Rm","baseKeyType":1,"closed":-1,"used":1746644959977,"created":1746644959977,"remoteIdentityKey":"BYvSInd5xe3ws3KHcNOutMCuLY/XFrp6+ZxaGpEaZi8i"},"_chains":{"BbSgMMOh+qKFalMQfjFe2lF1hqKwvwD+snWJ5diXVEsF":{"chainKey":{"counter":1,"key":"ocXFv0YJvHymlHvyEvXsLhkbJzjNsIscM7RN2GNMTJQ="},"chainType":1,"messageKeys":{}}},"pendingPreKey":{"signedKeyId":10,"baseKey":"BR0LVw7vr+OlhYk89VARJP3kl1V6B0dK31UbigCxk9Rm","preKeyId":11378433}}},"version":"v1"}