{"_sessions":{"Bcj8RfnvDO3HQzgZay4R7XwsBdnzTyn/b+ZE5/D9mlUb":{"registrationId":1255366944,"currentRatchet":{"ephemeralKeyPair":{"pubKey":"BW4K9aQVAurRoeVruUEm81+H/hTyIayQMWTIUD3wTBpF","privKey":"iJET4nbflYgvU6VmJst8M0URuRppsF5oowpYHvzvhX8="},"lastRemoteEphemeralKey":"BcnkAMHRzaiW06Ge2D5A0VphoALA5sAuoUDny8JbNzVW","previousCounter":0,"rootKey":"iScBsZS1EDy6BF7F0JZaklSdh8wEwQSdWePhzRX0x64="},"indexInfo":{"baseKey":"Bcj8RfnvDO3HQzgZay4R7XwsBdnzTyn/b+ZE5/D9mlUb","baseKeyType":1,"closed":-1,"used":1746644960187,"created":1746644960187,"remoteIdentityKey":"BXrmD+Ap7YImkDX1HxehjauXO1DHuZK9BlVwTIvV/vQK"},"_chains":{"BW4K9aQVAurRoeVruUEm81+H/hTyIayQMWTIUD3wTBpF":{"chainKey":{"counter":1,"key":"uS1PLjZnQgHKxU3nWbhcC0FxAt48Zs6CIJ5tWUjiKUM="},"chainType":1,"messageKeys":{}}},"pendingPreKey":{"signedKeyId":0,"baseKey":"Bcj8RfnvDO3HQzgZay4R7XwsBdnzTyn/b+ZE5/D9mlUb","preKeyId":10202352}}},"version":"v1"}