{"_sessions":{"BTRwGBedJdw+bmhu9NfZIxUtInU1GLghMvothQZ9UotF":{"registrationId":1895937241,"currentRatchet":{"ephemeralKeyPair":{"pubKey":"BashpR9m4HhPCgwv4A7P6q3WmICje4RSTx4PH0tevIAp","privKey":"6Dr1/YrFasmP8tRhHEHV0u6ZrMUX8lnpSYq1GDHdSl0="},"lastRemoteEphemeralKey":"BXAaYWAcobKsDNSaEcYPTXfr1dEvfhrtDNuCLOcKIGpq","previousCounter":0,"rootKey":"wSFY6w6efnGJql2n+QtbNG1mcmyXPU0Kh5p7PAgg5N0="},"indexInfo":{"baseKey":"BTRwGBedJdw+bmhu9NfZIxUtInU1GLghMvothQZ9UotF","baseKeyType":1,"closed":1746627382619,"used":1746627362666,"created":1746627362666,"remoteIdentityKey":"Bcr6ZK2FHkUV/OuyeGWaedZKFM2FeJtJ2DPc6azXY/lo"},"_chains":{"BashpR9m4HhPCgwv4A7P6q3WmICje4RSTx4PH0tevIAp":{"chainKey":{"counter":0,"key":"xKOcXISG2O6PNR8TndZfzf9GwReE5pWTSxO4z23hyRY="},"chainType":1,"messageKeys":{}}},"pendingPreKey":{"signedKeyId":10,"baseKey":"BTRwGBedJdw+bmhu9NfZIxUtInU1GLghMvothQZ9UotF","preKeyId":5885004}},"BRfK7BX+eu+PiEVPiJN7FbT/ukWlZnRMrTrdFstOyyYr":{"registrationId":1895937241,"currentRatchet":{"ephemeralKeyPair":{"pubKey":"BYiNuZcydIQX97mszmkkFmZyCFSZhkTJAOu8yZi/Csxi","privKey":"EGkQ+qomarxGWGQYTGUHvbc8QIkzQayPP/MSdlZpHlM="},"lastRemoteEphemeralKey":"BXAaYWAcobKsDNSaEcYPTXfr1dEvfhrtDNuCLOcKIGpq","previousCounter":0,"rootKey":"5pnHEdN0L+ZX9pJr9pDOyIAGl3kuzwnsX1v7wzUa8pY="},"indexInfo":{"baseKey":"BRfK7BX+eu+PiEVPiJN7FbT/ukWlZnRMrTrdFstOyyYr","baseKeyType":1,"closed":1746627404934,"used":1746627382044,"created":1746627382044,"remoteIdentityKey":"Bcr6ZK2FHkUV/OuyeGWaedZKFM2FeJtJ2DPc6azXY/lo"},"_chains":{"BYiNuZcydIQX97mszmkkFmZyCFSZhkTJAOu8yZi/Csxi":{"chainKey":{"counter":0,"key":"kG8L8uiCgVD5mm21/3sUizq3afMcKTt7OcuBdG5avk4="},"chainType":1,"messageKeys":{}}},"pendingPreKey":{"signedKeyId":10,"baseKey":"BRfK7BX+eu+PiEVPiJN7FbT/ukWlZnRMrTrdFstOyyYr","preKeyId":5885304}},"BV2RhdcTBM/CSPhzCbbo2/6+tfv4w92gXeLerPdiyXYt":{"registrationId":1895937241,"currentRatchet":{"ephemeralKeyPair":{"pubKey":"Be5OjvfahLeilINY6UdKqntdMAi8bLGLCQEN8ZCKxa89","privKey":"iOMz14HUoTTThyBMpOhPPi5lRFOO61mTH8xQcmrXT00="},"lastRemoteEphemeralKey":"BXAaYWAcobKsDNSaEcYPTXfr1dEvfhrtDNuCLOcKIGpq","previousCounter":0,"rootKey":"LH5FDCKpM34JppQbx/XGkeDCcdPA1mJSeNlscNFZ1QM="},"indexInfo":{"baseKey":"BV2RhdcTBM/CSPhzCbbo2/6+tfv4w92gXeLerPdiyXYt","baseKeyType":1,"closed":-1,"used":1746627404790,"created":1746627404790,"remoteIdentityKey":"Bcr6ZK2FHkUV/OuyeGWaedZKFM2FeJtJ2DPc6azXY/lo"},"_chains":{"Be5OjvfahLeilINY6UdKqntdMAi8bLGLCQEN8ZCKxa89":{"chainKey":{"counter":3,"key":"HmvOGx6dXSUUxIqrhctqrP2j3FnuZYykT1lZ1gbm/NU="},"chainType":1,"messageKeys":{}}},"pendingPreKey":{"signedKeyId":10,"baseKey":"BV2RhdcTBM/CSPhzCbbo2/6+tfv4w92gXeLerPdiyXYt","preKeyId":5885202}}},"version":"v1"}