{"_sessions":{"BUxzYfVgKPlzwuRxO/Lio7ECq2+JhFQhPXfRaj6xAdVH":{"registrationId":1978868724,"currentRatchet":{"ephemeralKeyPair":{"pubKey":"BYaPBWaCUEl/iy0EKjGFfvVHLz9Q5A+COfuUwM+aGpEz","privKey":"mMITws7nAj+RQKdCL3kTruew+Jt5s6mgxyALe+bsUWY="},"lastRemoteEphemeralKey":"BdIyWQmCCFWOs5wiCQAshSeX/qkKyzj/Qe2tK+jVJRsL","previousCounter":0,"rootKey":"SxO4c/Ul7MOhzZhziszQzlnoDYChZMXb0fuVAnyw0xA="},"indexInfo":{"baseKey":"BUxzYfVgKPlzwuRxO/Lio7ECq2+JhFQhPXfRaj6xAdVH","baseKeyType":1,"closed":-1,"used":1746645070105,"created":1746645070105,"remoteIdentityKey":"BXXRBD7Y7zmjPIooOv4Sr40as4hpn05b/f2JnnrBS3xQ"},"_chains":{"BYaPBWaCUEl/iy0EKjGFfvVHLz9Q5A+COfuUwM+aGpEz":{"chainKey":{"counter":0,"key":"oBFLg4hgrU4kfQJU4/877PEY7/GJxo6Jx+glxRVGgho="},"chainType":1,"messageKeys":{}}},"pendingPreKey":{"signedKeyId":33,"baseKey":"BUxzYfVgKPlzwuRxO/Lio7ECq2+JhFQhPXfRaj6xAdVH"}}},"version":"v1"}