{"_sessions":{"BZY6YHtdfpNhz9fVdP4jJnS703wzRc4ci1Sdv4StEYko":{"registrationId":1285823727,"currentRatchet":{"ephemeralKeyPair":{"pubKey":"Bc+s3sq8hZQFAvDUSJfdBH3+5zWRQqeCjOC4kY/bzG9a","privKey":"wGQr8MJ00m0HY3MCY6s0hNvLBPxE2eLjn5Vd94Tbr10="},"lastRemoteEphemeralKey":"BTx/09L/KYVm8niCFDotQO7167Rvsf2Xo4Wkn2LOUp4X","previousCounter":0,"rootKey":"ysYqtrMCR7sN6ChaffMSA9HlUzesfhO7qCkj6ZEJ6EI="},"indexInfo":{"baseKey":"BZY6YHtdfpNhz9fVdP4jJnS703wzRc4ci1Sdv4StEYko","baseKeyType":1,"closed":-1,"used":1746644956700,"created":1746644956700,"remoteIdentityKey":"BV1TAes5FYj4BVKsZw6zvKkazI15jjV83x+YEr8+h3AN"},"_chains":{"Bc+s3sq8hZQFAvDUSJfdBH3+5zWRQqeCjOC4kY/bzG9a":{"chainKey":{"counter":1,"key":"uNr4J6HZrjKslJHsR1n4H01iotsvHezPcubIOqrDRU4="},"chainType":1,"messageKeys":{}}},"pendingPreKey":{"signedKeyId":3,"baseKey":"BZY6YHtdfpNhz9fVdP4jJnS703wzRc4ci1Sdv4StEYko","preKeyId":12662709}}},"version":"v1"}