{"_sessions":{"BdlQJeA5Ex3q43t+b8Gpqxt7wfHlZUPXaGBnm2AzfQVD":{"registrationId":1867383127,"currentRatchet":{"ephemeralKeyPair":{"pubKey":"BZU16UMFFchCU7+vnNK+DBei5UZcJ6RvsxzXuO2X3us8","privKey":"wKdGGG0mbN5ZRmv01U33LgrrAvXSXZlU1OBnzR9AyHc="},"lastRemoteEphemeralKey":"BaEaJUHcPGCCZNETv1FDLA8ym8c60XRP0Br9oLhP9eR6","previousCounter":0,"rootKey":"tR+XsW+oP6kv9/llkLt5B7KheCuxWnAzta24Zz/Xnwc="},"indexInfo":{"baseKey":"BdlQJeA5Ex3q43t+b8Gpqxt7wfHlZUPXaGBnm2AzfQVD","baseKeyType":1,"closed":-1,"used":1746644956404,"created":1746644956404,"remoteIdentityKey":"BWvkYEDHiEgGdTXTExjL+85jFQ6tYb/QzSmBi4HffZNT"},"_chains":{"BZU16UMFFchCU7+vnNK+DBei5UZcJ6RvsxzXuO2X3us8":{"chainKey":{"counter":1,"key":"hyg2hm6XMwHlxKn2HM1xvG5RZdPuRNufoJzzZ6Jvzqs="},"chainType":1,"messageKeys":{}}},"pendingPreKey":{"signedKeyId":0,"baseKey":"BdlQJeA5Ex3q43t+b8Gpqxt7wfHlZUPXaGBnm2AzfQVD","preKeyId":3937059}}},"version":"v1"}