{"_sessions":{"BQrLJimbYHfQ3cOm4IQ5o3dSGxrwgi7bhFt6g364gZIR":{"registrationId":205184618,"currentRatchet":{"ephemeralKeyPair":{"pubKey":"BXxQ1PrAofNXbDqhzjn10zO2T6GedHFmtF9tnARSz0UL","privKey":"KNe41UTs12sCzFNGMbmx2TpQ0qbP5dAeWEhEJDWKJ0s="},"lastRemoteEphemeralKey":"BVcqB2lKnd63D+5EtD+zqeS0JVVcDWpw8znCYukfy+NY","previousCounter":0,"rootKey":"6q+0zY+xCekcFavtElYptikMS/b/Yqsj9kBmZnTC8O0="},"indexInfo":{"baseKey":"BQrLJimbYHfQ3cOm4IQ5o3dSGxrwgi7bhFt6g364gZIR","baseKeyType":1,"closed":-1,"used":1746645162258,"created":1746645162258,"remoteIdentityKey":"BbIh5aYS1DUzAPRHLbOFg81A2O61GKZD838F4HM4Fa1l"},"_chains":{"BXxQ1PrAofNXbDqhzjn10zO2T6GedHFmtF9tnARSz0UL":{"chainKey":{"counter":0,"key":"G0IH5+WylcrJI2kOXpIXdBCVmZ/82zhZJ3YpfNqwQM4="},"chainType":1,"messageKeys":{}}},"pendingPreKey":{"signedKeyId":1510791,"baseKey":"BQrLJimbYHfQ3cOm4IQ5o3dSGxrwgi7bhFt6g364gZIR","preKeyId":1188}}},"version":"v1"}