{"_sessions":{"BT5WxXtNFcVLyvo2Mr1XEe1BLuy39Qk911x+odFNDu9E":{"registrationId":896819037,"currentRatchet":{"ephemeralKeyPair":{"pubKey":"BTcyvHTY7kpY0Tel8LDeXUkoOAvElg5RFIwWiA/PD45Q","privKey":"GEDebIt/+jfL9p9MNV6bpannTKfP8gMVpHXJW6zJUXY="},"lastRemoteEphemeralKey":"BQWjYqMHeKSkh31sOtCsSmrk/5B8mb3X5Od/olwnBu8n","previousCounter":0,"rootKey":"OrF4Wrwrkna/W1gXXdULMv9r7NWZ5gtYPqvGo7z2QjY="},"indexInfo":{"baseKey":"BT5WxXtNFcVLyvo2Mr1XEe1BLuy39Qk911x+odFNDu9E","baseKeyType":1,"closed":-1,"used":1746645162473,"created":1746645162473,"remoteIdentityKey":"Bf+khmrbf9lI1ZgUYABYLwlNgohIEstPnEfNSCt9jOgP"},"_chains":{"BTcyvHTY7kpY0Tel8LDeXUkoOAvElg5RFIwWiA/PD45Q":{"chainKey":{"counter":0,"key":"YtyhJoSnuxCGrS28rm2UMVnUJGlVeNknepomV/1VLXw="},"chainType":1,"messageKeys":{}}},"pendingPreKey":{"signedKeyId":11918106,"baseKey":"BT5WxXtNFcVLyvo2Mr1XEe1BLuy39Qk911x+odFNDu9E","preKeyId":11237}}},"version":"v1"}