{"_sessions":{"BQgSx6Cye1/v960r/YSdyfRXJRVEB8GecrpCAbBr9pBm":{"registrationId":1211871971,"currentRatchet":{"ephemeralKeyPair":{"pubKey":"Bf7Sqedv2YwPk0gytK7o9YcjOOVhui5sasWfGVIpgzs+","privKey":"yHbQijZ2CQ8gGYue+afLItk/syP3pfcXj6CG3yFQvUk="},"lastRemoteEphemeralKey":"BavsrFP4lyw803g+BGbY3Tlu97PBDvq2eeRbC8F3R9Vl","previousCounter":0,"rootKey":"0pefsTEQ+MmCcTe/wmbg2gwF8Lr2ponZtH97R9W1jxs="},"indexInfo":{"baseKey":"BQgSx6Cye1/v960r/YSdyfRXJRVEB8GecrpCAbBr9pBm","baseKeyType":1,"closed":-1,"used":1746645158650,"created":1746645158650,"remoteIdentityKey":"BZCvBZzB8lCRJ4hQy3VU5Dm24HRvVJedyi990Lt3aLJs"},"_chains":{"Bf7Sqedv2YwPk0gytK7o9YcjOOVhui5sasWfGVIpgzs+":{"chainKey":{"counter":0,"key":"B0tfLA2eu7EVwelqjlJiyGngn7u97i6F2ABl/IbT1xw="},"chainType":1,"messageKeys":{}}},"pendingPreKey":{"signedKeyId":16,"baseKey":"BQgSx6Cye1/v960r/YSdyfRXJRVEB8GecrpCAbBr9pBm","preKeyId":15410977}}},"version":"v1"}