{"_sessions":{"Bce0hmxUlO1+o+HlDB/3K+8rzgf+54/SJSHjh0RbwEsH":{"registrationId":4147610998,"currentRatchet":{"ephemeralKeyPair":{"pubKey":"BVCpgyF4H8EczX7Wln84B1TXQLlmD+uqJ7aUDHBpCkNf","privKey":"ePr9/DoBJ5Tin+27MTWOqR5XcuJaHJ2zlr22Vyfwqkw="},"lastRemoteEphemeralKey":"BaCmcZaWaUvrFqobImHuTPbbxgWxbpvS7KWd+GbSmVlJ","previousCounter":0,"rootKey":"31WFI+OU2G9XDJh9IrYNJKnVuyj4KnYA5qfe2jFBcQw="},"indexInfo":{"baseKey":"Bce0hmxUlO1+o+HlDB/3K+8rzgf+54/SJSHjh0RbwEsH","baseKeyType":1,"closed":1746627382289,"used":1746627362400,"created":1746627362400,"remoteIdentityKey":"BbfmbyRmC+ckTzho7Q0R5hEsqvgj25i2/t3lLw7Q0FF/"},"_chains":{"BVCpgyF4H8EczX7Wln84B1TXQLlmD+uqJ7aUDHBpCkNf":{"chainKey":{"counter":0,"key":"effr0rEjcuWIqdIftzxp4FFGDWS8L0eG1H8O4KO2iWM="},"chainType":1,"messageKeys":{}}},"pendingPreKey":{"signedKeyId":1,"baseKey":"Bce0hmxUlO1+o+HlDB/3K+8rzgf+54/SJSHjh0RbwEsH","preKeyId":31210}},"BX2uZN6fNscVEc74HnYrcFgE4X3SUUmxbkVmnZzOkv1O":{"registrationId":4147610998,"currentRatchet":{"ephemeralKeyPair":{"pubKey":"BccerS6yVE5TGj3AUwhdnPvrVtFLF/eHyFcM0aXpPIsn","privKey":"YDrrtfrJWvE7IyE3hNGGy6qyqYrSFzyG59ZsAMGWu18="},"lastRemoteEphemeralKey":"BaCmcZaWaUvrFqobImHuTPbbxgWxbpvS7KWd+GbSmVlJ","previousCounter":0,"rootKey":"0Xm5WBbl85yf1XQJJorZiKO2/Stei2jHz7W8q6f0krU="},"indexInfo":{"baseKey":"BX2uZN6fNscVEc74HnYrcFgE4X3SUUmxbkVmnZzOkv1O","baseKeyType":1,"closed":1746627404892,"used":1746627381828,"created":1746627381828,"remoteIdentityKey":"BbfmbyRmC+ckTzho7Q0R5hEsqvgj25i2/t3lLw7Q0FF/"},"_chains":{"BccerS6yVE5TGj3AUwhdnPvrVtFLF/eHyFcM0aXpPIsn":{"chainKey":{"counter":0,"key":"KdBo5S6sWTDrt4ir9426sGwsvEVCum5mNevvjhGwSPU="},"chainType":1,"messageKeys":{}}},"pendingPreKey":{"signedKeyId":1,"baseKey":"BX2uZN6fNscVEc74HnYrcFgE4X3SUUmxbkVmnZzOkv1O","preKeyId":31215}},"BS4SOqfMLIdCwhwlzFAEa+oqkTE95T46vdDCg83cJzUT":{"registrationId":4147610998,"currentRatchet":{"ephemeralKeyPair":{"pubKey":"BeG8jZTR7/jraQQ6vRqjYLt/8lRT/0sUWFwDl0DoR94M","privKey":"kIP+z9Et2HCwId/xdrSckIE0OBcv5V9INfbTVJzRImY="},"lastRemoteEphemeralKey":"BaCmcZaWaUvrFqobImHuTPbbxgWxbpvS7KWd+GbSmVlJ","previousCounter":0,"rootKey":"6srUZp5c6BSaf2C09Zox4QH413VDtVE79OtjkXEKL2g="},"indexInfo":{"baseKey":"BS4SOqfMLIdCwhwlzFAEa+oqkTE95T46vdDCg83cJzUT","baseKeyType":1,"closed":1746627596343,"used":1746627404614,"created":1746627404614,"remoteIdentityKey":"BbfmbyRmC+ckTzho7Q0R5hEsqvgj25i2/t3lLw7Q0FF/"},"_chains":{"BeG8jZTR7/jraQQ6vRqjYLt/8lRT/0sUWFwDl0DoR94M":{"chainKey":{"counter":0,"key":"4eFIirgEYST4cnusIWnwjpnJrn+V+cWb4nfe7Syk+A0="},"chainType":1,"messageKeys":{}}},"pendingPreKey":{"signedKeyId":1,"baseKey":"BS4SOqfMLIdCwhwlzFAEa+oqkTE95T46vdDCg83cJzUT","preKeyId":31206}},"BamkozlFA5Scjp8jwjLMuPrDLxKXmrf55BhQs8aCAUZn":{"registrationId":4147610998,"currentRatchet":{"ephemeralKeyPair":{"pubKey":"Ba6B7C/FWSxiSbJlJVuTXGKmYLzpKfdJ1cIzkLhWPvQK","privKey":"8G0DKxvX8uh80aocjBbpBO4HsEFXDyErAlBsATkLY1A="},"lastRemoteEphemeralKey":"BaCmcZaWaUvrFqobImHuTPbbxgWxbpvS7KWd+GbSmVlJ","previousCounter":0,"rootKey":"ftfcs+Q7TM/A1zg3TjM3Pxfz9yYQpnxk30XJP8ysQcg="},"indexInfo":{"baseKey":"BamkozlFA5Scjp8jwjLMuPrDLxKXmrf55BhQs8aCAUZn","baseKeyType":1,"closed":-1,"used":1746627596326,"created":1746627596326,"remoteIdentityKey":"BbfmbyRmC+ckTzho7Q0R5hEsqvgj25i2/t3lLw7Q0FF/"},"_chains":{"Ba6B7C/FWSxiSbJlJVuTXGKmYLzpKfdJ1cIzkLhWPvQK":{"chainKey":{"counter":2,"key":"tnVO5YNUsn4s3na39j+xyLTMLexs+zZmBp0es0hMPIM="},"chainType":1,"messageKeys":{}}},"pendingPreKey":{"signedKeyId":1,"baseKey":"BamkozlFA5Scjp8jwjLMuPrDLxKXmrf55BhQs8aCAUZn","preKeyId":31243}}},"version":"v1"}