{"_sessions":{"BSv6dOQgclbMo5EETQxE8l0unOkNBEz5l6pMNDevs4sa":{"registrationId":1420013532,"currentRatchet":{"ephemeralKeyPair":{"pubKey":"BWZ+EKdFQ4x/5ZacOXl41xzI8vbowlYJg4avL1Txc3gw","privKey":"YFTnN1d7BhYCnjUljUQgIju7BEgU8ONiUmcQ+mpi5HY="},"lastRemoteEphemeralKey":"BVrHhjnA1pIA0v16VC8pDjT1bNHoNY/DxJ3E/CX0WloC","previousCounter":0,"rootKey":"oW935uy1COp56Yc+jM/RoVE+YQB22qT4+RsK6M2x7pI="},"indexInfo":{"baseKey":"BSv6dOQgclbMo5EETQxE8l0unOkNBEz5l6pMNDevs4sa","baseKeyType":1,"closed":-1,"used":1746612492661,"created":1746612492661,"remoteIdentityKey":"Be2440Y57VHcbOdI65laEwuLTjHN5rD45xGiVRYjCCsn"},"_chains":{"BWZ+EKdFQ4x/5ZacOXl41xzI8vbowlYJg4avL1Txc3gw":{"chainKey":{"counter":4,"key":"E8FcMADu1J6Lw82+U3tDP39QjcPLkNRyQ3sUxp0dYEg="},"chainType":1,"messageKeys":{}}},"pendingPreKey":{"signedKeyId":15,"baseKey":"BSv6dOQgclbMo5EETQxE8l0unOkNBEz5l6pMNDevs4sa","preKeyId":191260}}},"version":"v1"}