{"_sessions":{"BQbU+rfC6vzgUo1LJLkfXG5rGgKKjGKhHcBNHs05vcVM":{"registrationId":1940868199,"currentRatchet":{"ephemeralKeyPair":{"pubKey":"BVgmwdXSTmTTjxq0oxSkemoZlUxYmG3mMiMj/jq/sKBL","privKey":"0JNWJnxYbWwSdUIb6FFj3hOk4cozWMHDy+ggIss+vHc="},"lastRemoteEphemeralKey":"BZflKwHwV0xQxT0B8Azr7KmFu1qf2LQbH2H4WBqdYcYI","previousCounter":0,"rootKey":"Zqi9zTLK1vUlbBjyVeRoCUiCgJi7k6bYcFQWahclpBQ="},"indexInfo":{"baseKey":"BQbU+rfC6vzgUo1LJLkfXG5rGgKKjGKhHcBNHs05vcVM","baseKeyType":1,"closed":-1,"used":1746639403427,"created":1746639403427,"remoteIdentityKey":"BWlUUo2UWKDp8XZDiHmfUhPwqTSNx6K0CAXucNg5EXRJ"},"_chains":{"BVgmwdXSTmTTjxq0oxSkemoZlUxYmG3mMiMj/jq/sKBL":{"chainKey":{"counter":0,"key":"4IaG+vYmsTR+D5yilvuJggQgRaRXgiFRrkI2+pBruqU="},"chainType":1,"messageKeys":{}}},"pendingPreKey":{"signedKeyId":25,"baseKey":"BQbU+rfC6vzgUo1LJLkfXG5rGgKKjGKhHcBNHs05vcVM","preKeyId":9380274}}},"version":"v1"}