{"_sessions":{"BZsF8035h9P6OpSq0Y/m9LlXAUBrFwgVldwkFVyWu74Z":{"registrationId":526404429,"currentRatchet":{"ephemeralKeyPair":{"pubKey":"BSqg4bpKGstJubUx+OnenFZUwzFr24ZPYvw1tdyZVBoc","privKey":"AOoHArODzosiayapk0fC8E+102wxvtdgSKjFzE70uVY="},"lastRemoteEphemeralKey":"BZnChQtpUNuGUQeyAPdvaarcaZtAZP465JNxOMGy3+8L","previousCounter":0,"rootKey":"3VaoJg0sFGZ0FQlxLcxtZT25czSHmR/7/QjX4YBvsJU="},"indexInfo":{"baseKey":"BZsF8035h9P6OpSq0Y/m9LlXAUBrFwgVldwkFVyWu74Z","baseKeyType":1,"closed":-1,"used":1746612488918,"created":1746612488918,"remoteIdentityKey":"BcqVBozXT172Pn2Ps1Y36OjnJvGzM3H8QSwusjPRBtsR"},"_chains":{"BSqg4bpKGstJubUx+OnenFZUwzFr24ZPYvw1tdyZVBoc":{"chainKey":{"counter":4,"key":"FvYS5R0gl80SsfU78cDWgf/HDFg8yY1d0nzFMCYD+yg="},"chainType":1,"messageKeys":{}}},"pendingPreKey":{"signedKeyId":5,"baseKey":"BZsF8035h9P6OpSq0Y/m9LlXAUBrFwgVldwkFVyWu74Z"}}},"version":"v1"}