{"_sessions":{"BaswhO7a8KBF+Tgay+9hyDYQdWGOS8/rAfTAqE4/l6wj":{"registrationId":1472357728,"currentRatchet":{"ephemeralKeyPair":{"pubKey":"BaBPWs3a8DefXnz4CP6uSR6PD79hqCyrOrIJagj0ybA4","privKey":"QFe2Mqxj55EOUBPSaWazZ9NOq7rxFE4hFHw8zrHElX0="},"lastRemoteEphemeralKey":"BbWTFFV4NnS4lt5eiStuwfvtgSEi5kDBSTxsVvE4GwY1","previousCounter":0,"rootKey":"6LYTcDcpYCmSptebM8/MkLwBtvTFrepL218EjIgbrPU="},"indexInfo":{"baseKey":"BaswhO7a8KBF+Tgay+9hyDYQdWGOS8/rAfTAqE4/l6wj","baseKeyType":1,"closed":1746627386568,"used":1746627366169,"created":1746627366169,"remoteIdentityKey":"BZ9at90qbvs6uzdAp+EG6sVFGGH43xQFzZFxlXQy3h4b"},"_chains":{"BaBPWs3a8DefXnz4CP6uSR6PD79hqCyrOrIJagj0ybA4":{"chainKey":{"counter":0,"key":"t9NwfZmS+9YnboZk/kuA6aywL6F4kYOthYgvhbmB4n8="},"chainType":1,"messageKeys":{}}},"pendingPreKey":{"signedKeyId":9534573,"baseKey":"BaswhO7a8KBF+Tgay+9hyDYQdWGOS8/rAfTAqE4/l6wj","preKeyId":5977}},"BaI7hnwbRvqYT5hns7EyBC1vV8DR6Q8om5A27jcnUGY6":{"registrationId":1472357728,"currentRatchet":{"ephemeralKeyPair":{"pubKey":"BRfvxesA/hz2u8sj9EvVOcW8HEl393KWC4duLDp4bjp0","privKey":"WM2uUXDJEQmAX7x5l1E9p9ekPdElpZc+GK2OoMnszWM="},"lastRemoteEphemeralKey":"BbWTFFV4NnS4lt5eiStuwfvtgSEi5kDBSTxsVvE4GwY1","previousCounter":0,"rootKey":"AKL0cTXzxsG7aSCxTmP5udGTGrexks9tjGVH2gHoC1o="},"indexInfo":{"baseKey":"BaI7hnwbRvqYT5hns7EyBC1vV8DR6Q8om5A27jcnUGY6","baseKeyType":1,"closed":1746627408778,"used":1746627386287,"created":1746627386287,"remoteIdentityKey":"BZ9at90qbvs6uzdAp+EG6sVFGGH43xQFzZFxlXQy3h4b"},"_chains":{"BRfvxesA/hz2u8sj9EvVOcW8HEl393KWC4duLDp4bjp0":{"chainKey":{"counter":0,"key":"sZ8Q+P0o9Q3fAoGVXsIyZ+Q6wAhZqvmTv3Z8hO1CRVs="},"chainType":1,"messageKeys":{}}},"pendingPreKey":{"signedKeyId":9534573,"baseKey":"BaI7hnwbRvqYT5hns7EyBC1vV8DR6Q8om5A27jcnUGY6","preKeyId":5936}},"BWHMidAGT+v4TcN9JFHDNuMAsBlcfp7W1uxzSDtYI9lR":{"registrationId":1472357728,"currentRatchet":{"ephemeralKeyPair":{"pubKey":"BfzQGxzB9YwkUiv7VM/HNmnTtbOiX/AtOdbxCeITUNwO","privKey":"iNClFgVdEBHaYMbu4/IJGpNnCpmZat33YL6KaKMlcEA="},"lastRemoteEphemeralKey":"BbWTFFV4NnS4lt5eiStuwfvtgSEi5kDBSTxsVvE4GwY1","previousCounter":0,"rootKey":"NoEN1UGDpJ8yWGJaNnmk+BBvVukZDO5TUDPcWpo8kq8="},"indexInfo":{"baseKey":"BWHMidAGT+v4TcN9JFHDNuMAsBlcfp7W1uxzSDtYI9lR","baseKeyType":1,"closed":-1,"used":1746627408579,"created":1746627408579,"remoteIdentityKey":"BZ9at90qbvs6uzdAp+EG6sVFGGH43xQFzZFxlXQy3h4b"},"_chains":{"BfzQGxzB9YwkUiv7VM/HNmnTtbOiX/AtOdbxCeITUNwO":{"chainKey":{"counter":3,"key":"zUfn9iGb2q9zPnVLfLtDTh2FcIV1LQLCGOMcXexhVgo="},"chainType":1,"messageKeys":{}}},"pendingPreKey":{"signedKeyId":9534573,"baseKey":"BWHMidAGT+v4TcN9JFHDNuMAsBlcfp7W1uxzSDtYI9lR","preKeyId":6215}}},"version":"v1"}