{"_sessions":{"Bcqq5smdMC+Lr1uljSjVK04u5orq709EjFAyT/T4O9YN":{"registrationId":35746666,"currentRatchet":{"ephemeralKeyPair":{"pubKey":"BbWXy93aRXuHJYanGTNTbKT+a8GI963W22FZS1b4SH0q","privKey":"sDpuCRB0Or18ckDpUmliZWIugojk3vCFD80fUyoIrk8="},"lastRemoteEphemeralKey":"BQZu1KVfGzK6YYLkSQL60fpRPje5zjah8Gn9gFuISWB8","previousCounter":0,"rootKey":"zNy8hR4kmUOTvH6DnOKeO1SK8GrUPGzeWr69iS8tRMw="},"indexInfo":{"baseKey":"Bcqq5smdMC+Lr1uljSjVK04u5orq709EjFAyT/T4O9YN","baseKeyType":1,"closed":-1,"used":1746612492722,"created":1746612492722,"remoteIdentityKey":"BZsPrABEaPAupGaHA5QRn15ZzSuSAd8QztZtRW3kRad5"},"_chains":{"BbWXy93aRXuHJYanGTNTbKT+a8GI963W22FZS1b4SH0q":{"chainKey":{"counter":4,"key":"ntxmjAggXnqI3fyaSHdZ6ovp6j+zROBPDylT8nBzESM="},"chainType":1,"messageKeys":{}}},"pendingPreKey":{"signedKeyId":16,"baseKey":"Bcqq5smdMC+Lr1uljSjVK04u5orq709EjFAyT/T4O9YN","preKeyId":8062319}}},"version":"v1"}