{"_sessions":{"BSC1yh11nHMryGGNBL+EQSg3vx8kDvI4j4C9Q7lMotYa":{"registrationId":11308298,"currentRatchet":{"ephemeralKeyPair":{"pubKey":"BRmrpwglpQj4jgjkQxocDLfBqCz2pV8CEfX6ql6q9Jdh","privKey":"IGAxUiszhg2yTA2Ny4nCbJFiL2SGY2Hxfv9N9ssKl0Q="},"lastRemoteEphemeralKey":"BZ95U+nPr/XD+igLbCugyTBGexUp4RSWatLofzu1r/Ul","previousCounter":0,"rootKey":"O87kp2SJZI0M8nsJm+vWmWQI3nG4vaqWsChiWKNQr5g="},"indexInfo":{"baseKey":"BSC1yh11nHMryGGNBL+EQSg3vx8kDvI4j4C9Q7lMotYa","baseKeyType":1,"closed":-1,"used":1746612488701,"created":1746612488701,"remoteIdentityKey":"BR1DjmAUqg887ZK2qyBiHGiWfPGJsaw9EzXCeN6ZR0AJ"},"_chains":{"BRmrpwglpQj4jgjkQxocDLfBqCz2pV8CEfX6ql6q9Jdh":{"chainKey":{"counter":4,"key":"ifjFPoVmFbd8tzEpfbLf27aoUn1Ho63eEESnBEqytBc="},"chainType":1,"messageKeys":{}}},"pendingPreKey":{"signedKeyId":0,"baseKey":"BSC1yh11nHMryGGNBL+EQSg3vx8kDvI4j4C9Q7lMotYa","preKeyId":15006377}}},"version":"v1"}