{"_sessions":{"BUg2rOh2ZAvmAtGhOYwHVEhVp+J10vqvftv7RHDRs2xl":{"registrationId":941516386,"currentRatchet":{"ephemeralKeyPair":{"pubKey":"BQFg69cOS4W0FsoqG7azQnI7/r0qWt/YGYND6aVB7sNa","privKey":"KNDvdTVwsm7jU0mTozMjnB8XEepSZoopHebXoCTlvUI="},"lastRemoteEphemeralKey":"BVxlJ0XSwf3gHm/e1T+1gE8nzfsV/uEp7kNESGM76m4/","previousCounter":0,"rootKey":"kp0URevxY1Z+NNIMiJdrFXTqGlLgrl/p9HZFo9eGBO4="},"indexInfo":{"baseKey":"BUg2rOh2ZAvmAtGhOYwHVEhVp+J10vqvftv7RHDRs2xl","baseKeyType":1,"closed":-1,"used":1746645166217,"created":1746645166217,"remoteIdentityKey":"BdLCQsY3r/ecSv/yXM5JFvpbw23nDBWRNGBMUstiQ7Yz"},"_chains":{"BQFg69cOS4W0FsoqG7azQnI7/r0qWt/YGYND6aVB7sNa":{"chainKey":{"counter":0,"key":"BxZQxATp81dvtqlwiGuS40C1PhYO8aJMnZf1PTxyr6Q="},"chainType":1,"messageKeys":{}}},"pendingPreKey":{"signedKeyId":1,"baseKey":"BUg2rOh2ZAvmAtGhOYwHVEhVp+J10vqvftv7RHDRs2xl","preKeyId":9665171}}},"version":"v1"}