{"_sessions":{"BYWI0DRcjU0DWQdgftBpCP8FF1eF9JV5vPmYIq40+Gtb":{"registrationId":204308642,"currentRatchet":{"ephemeralKeyPair":{"pubKey":"BUMQ/xayGTHjtN5fU2n/ptWcUIwmxE2kWAc/QxTisyl/","privKey":"cF4IgTrB4yCtBMQ6+GIP2BmjcaBTc5DjZ1HU+8KROms="},"lastRemoteEphemeralKey":"BWcRwNDhnEcJupYye+rR+ZZ75RhA1V/rVfJC73HXaNwc","previousCounter":0,"rootKey":"nJFKzRrDbQxxGQZApnQDm0vYSY5DyL///rCubmwjDks="},"indexInfo":{"baseKey":"BYWI0DRcjU0DWQdgftBpCP8FF1eF9JV5vPmYIq40+Gtb","baseKeyType":1,"closed":-1,"used":1746645070047,"created":1746645070047,"remoteIdentityKey":"Baolw5at2rqjRgI7XDI53dn2W9JSm9z1e19Y1xAvlfMu"},"_chains":{"BUMQ/xayGTHjtN5fU2n/ptWcUIwmxE2kWAc/QxTisyl/":{"chainKey":{"counter":0,"key":"gRnwNRyL5EY9rOEv+drgHyq980pr5ApryWJUvl9tIAE="},"chainType":1,"messageKeys":{}}},"pendingPreKey":{"signedKeyId":16398939,"baseKey":"BYWI0DRcjU0DWQdgftBpCP8FF1eF9JV5vPmYIq40+Gtb","preKeyId":121}}},"version":"v1"}