{"_sessions":{"Bcnx3WDZU6Id3ZzlDQlIaHMtbzU77cG88SiMS+nb4n4N":{"registrationId":9079,"currentRatchet":{"ephemeralKeyPair":{"pubKey":"BfNnC6c17WkhiSgAEWjV08B5ySOMsuuF11NXNqqHmpkE","privKey":"qMhORz4ZQig+XAZS5Pe5TtFZePIMUqTLO+hMg9k2vnM="},"lastRemoteEphemeralKey":"BT1GAHgz0o3BUiMDB6BAxGawowHUl7AyglpUNkVcaZ1V","previousCounter":0,"rootKey":"FhcVQdHfnFpZMMl4X3Sf+7LuwnYzphLModybvFknMhY="},"indexInfo":{"baseKey":"Bcnx3WDZU6Id3ZzlDQlIaHMtbzU77cG88SiMS+nb4n4N","baseKeyType":1,"closed":-1,"used":1746645158479,"created":1746645158479,"remoteIdentityKey":"BfjjgKf3J9qnnxRPEeWoVsgUwzb/8zXzAVnCCAtreSoP"},"_chains":{"BfNnC6c17WkhiSgAEWjV08B5ySOMsuuF11NXNqqHmpkE":{"chainKey":{"counter":0,"key":"A8nta7KEKRT3ZRn0LvtszQVeXvI4kFFL8NtppbbZ3+0="},"chainType":1,"messageKeys":{}}},"pendingPreKey":{"signedKeyId":1,"baseKey":"Bcnx3WDZU6Id3ZzlDQlIaHMtbzU77cG88SiMS+nb4n4N"}}},"version":"v1"}