{"_sessions":{"BUGOWzrZqAbkEsLQ98EG1jv8qiKhAAsc2pChRA8X4ssv":{"registrationId":750155813,"currentRatchet":{"ephemeralKeyPair":{"pubKey":"BfafYciKtrOw5Ym992/2Kaa6+XTGgZ9of5Oks6QaV+95","privKey":"QBLOjBo7e5U9dhwK/512fHQDptN9/TGJxIVeiEn8oWU="},"lastRemoteEphemeralKey":"BZXOa0GZP3VNV2j3nq6CbfGnqPxkrBN6YUIZcec1JQw9","previousCounter":0,"rootKey":"NQNh98g7o3Ovqc/myyaMk/dBNGlY3amJQG9PvSzdHzc="},"indexInfo":{"baseKey":"BUGOWzrZqAbkEsLQ98EG1jv8qiKhAAsc2pChRA8X4ssv","baseKeyType":1,"closed":-1,"used":1746627450151,"created":1746627450151,"remoteIdentityKey":"BYppQcHeoKzqJFsaZQ63TxUxk9SCb2H/E3Z+k90EF+MQ"},"_chains":{"BfafYciKtrOw5Ym992/2Kaa6+XTGgZ9of5Oks6QaV+95":{"chainKey":{"counter":0,"key":"yKzk/V4rWLBtUrJE5E7uHhkcvll2eq5BJZai8VNf7ag="},"chainType":1,"messageKeys":{}}},"pendingPreKey":{"signedKeyId":2,"baseKey":"BUGOWzrZqAbkEsLQ98EG1jv8qiKhAAsc2pChRA8X4ssv","preKeyId":3256581}}},"version":"v1"}