{"_sessions":{"BZTQFmVwQ/Nrl6AMwhOTBYzeIc1tFo/Nf+ln6mIGu1EK":{"registrationId":673913055,"currentRatchet":{"ephemeralKeyPair":{"pubKey":"BYBCY5q72IWToV7rqN+cNcYoensvWP7CgRT0qP3Qxmpv","privKey":"kMUaGSu1fpL3f2uj91QaNQ5ab/PWzBwlhMkTY2+hD0w="},"lastRemoteEphemeralKey":"BZlBmPuVkUDlw7WHouYNbQZpKIDyfaHlWAVPUB9Z1ihX","previousCounter":0,"rootKey":"RY8nkFuT1yvS31w8oJ6mKnBdTT+Sz5dml3bFHJK7xWU="},"indexInfo":{"baseKey":"BZTQFmVwQ/Nrl6AMwhOTBYzeIc1tFo/Nf+ln6mIGu1EK","baseKeyType":1,"closed":-1,"used":1746645158658,"created":1746645158658,"remoteIdentityKey":"Bc/eKvRmftrcFUplAXzN73TGxm551mfJgtu8BthwPYR+"},"_chains":{"BYBCY5q72IWToV7rqN+cNcYoensvWP7CgRT0qP3Qxmpv":{"chainKey":{"counter":0,"key":"GyEfookBo1sCGdl89PDf10jWINvWPkl/kLSy4Bslm4Q="},"chainType":1,"messageKeys":{}}},"pendingPreKey":{"signedKeyId":1,"baseKey":"BZTQFmVwQ/Nrl6AMwhOTBYzeIc1tFo/Nf+ln6mIGu1EK","preKeyId":2096291}}},"version":"v1"}