{"_sessions":{"Ba9SwUakEHgODigkqn3bNH93qx7QyeC3tq9zYTI/Tew2":{"registrationId":1540864902,"currentRatchet":{"ephemeralKeyPair":{"pubKey":"Bc0MBr4lcErd+GXNFj5ThqC20XkIk6O9iaKawoVwd00Y","privKey":"kGoc8DpvtnJpIQQLTIGpBS9PcGvjETyTHgJOuJ4nA04="},"lastRemoteEphemeralKey":"BT4qPmNdbebk4IIwkSqkRKApVvIPt7HPomFFqin3aZwS","previousCounter":0,"rootKey":"ppOM7ENhs3fAoiDd5fVHyQ9myFhu2MvX4PNgyomPaXk="},"indexInfo":{"baseKey":"Ba9SwUakEHgODigkqn3bNH93qx7QyeC3tq9zYTI/Tew2","baseKeyType":1,"closed":1746627386463,"used":1746627365807,"created":1746627365807,"remoteIdentityKey":"Bfl4DzDcq0oDS5PmNLxgPi/m7zeef2XLrPNKWctDK4IC"},"_chains":{"Bc0MBr4lcErd+GXNFj5ThqC20XkIk6O9iaKawoVwd00Y":{"chainKey":{"counter":0,"key":"pxEVYfSRTnPMKPwDfpFPHISlF3Aq5rCmtNv1xA/4WDY="},"chainType":1,"messageKeys":{}}},"pendingPreKey":{"signedKeyId":12,"baseKey":"Ba9SwUakEHgODigkqn3bNH93qx7QyeC3tq9zYTI/Tew2","preKeyId":4676255}},"BRTlCXlwfjirVGtOageOyeSgKLOGdoYU0IcVl7PPfZUA":{"registrationId":1540864902,"currentRatchet":{"ephemeralKeyPair":{"pubKey":"BXb/bbAGhKQVOOqqY9twmay+2JGG731IqFk3aiyKDWlI","privKey":"wJOQT+usiwHvr5P5F5tL0bvF9/A2OUb3zIqeTR/j31I="},"lastRemoteEphemeralKey":"BT4qPmNdbebk4IIwkSqkRKApVvIPt7HPomFFqin3aZwS","previousCounter":0,"rootKey":"wjmSORkyhAUHrWjVab0hUV8G/pkn4T0ts4iX7CnxkBY="},"indexInfo":{"baseKey":"BRTlCXlwfjirVGtOageOyeSgKLOGdoYU0IcVl7PPfZUA","baseKeyType":1,"closed":1746627408703,"used":1746627385874,"created":1746627385874,"remoteIdentityKey":"Bfl4DzDcq0oDS5PmNLxgPi/m7zeef2XLrPNKWctDK4IC"},"_chains":{"BXb/bbAGhKQVOOqqY9twmay+2JGG731IqFk3aiyKDWlI":{"chainKey":{"counter":0,"key":"Obffs41vW8+PIG8YJO4UlyhndhjE1qFiwProf/iUEOU="},"chainType":1,"messageKeys":{}}},"pendingPreKey":{"signedKeyId":12,"baseKey":"BRTlCXlwfjirVGtOageOyeSgKLOGdoYU0IcVl7PPfZUA","preKeyId":4675892}},"BXLIVcrNzf8JjX2OIW+13mOQKM8Q3ipS3p1+GzqRkfYD":{"registrationId":1540864902,"currentRatchet":{"ephemeralKeyPair":{"pubKey":"BY2FKv3hiG2DCjL0Cs2vmkO+zeYGBwU2Q85O5qkSTTEZ","privKey":"UN9P5nRrr+e5bsAHSRrLk/4QvhdZKQZnOzkHozX5hX0="},"lastRemoteEphemeralKey":"BT4qPmNdbebk4IIwkSqkRKApVvIPt7HPomFFqin3aZwS","previousCounter":0,"rootKey":"BkKB6xoSTEkeEIk828YbjZJmznCpNNsYh/1cNSC8C6Q="},"indexInfo":{"baseKey":"BXLIVcrNzf8JjX2OIW+13mOQKM8Q3ipS3p1+GzqRkfYD","baseKeyType":1,"closed":-1,"used":1746627408242,"created":1746627408242,"remoteIdentityKey":"Bfl4DzDcq0oDS5PmNLxgPi/m7zeef2XLrPNKWctDK4IC"},"_chains":{"BY2FKv3hiG2DCjL0Cs2vmkO+zeYGBwU2Q85O5qkSTTEZ":{"chainKey":{"counter":3,"key":"WdFj08S8Hz69Heh6zixZ59Xp44JjAGM/GCIEhM5oFmk="},"chainType":1,"messageKeys":{}}},"pendingPreKey":{"signedKeyId":12,"baseKey":"BXLIVcrNzf8JjX2OIW+13mOQKM8Q3ipS3p1+GzqRkfYD","preKeyId":4676764}}},"version":"v1"}