{"_sessions":{"BU7in7tJFL3D/hSsDN6Hq6T5eSTzjBs6P8kdF1ROE3lB":{"registrationId":1858201827,"currentRatchet":{"ephemeralKeyPair":{"pubKey":"BXmTnVjpdrWzmHYcxd5/qZWAXG6kyy6PyJmS6kv9CYVS","privKey":"2AxCKGnspU4lF2soD9lqehDvIrEkvsFl67+osuUjX0Q="},"lastRemoteEphemeralKey":"BQjZglIRiIcnmJ9mSE/eRA1os7dHneczO1xq7J+SVrEh","previousCounter":0,"rootKey":"HOly0A4EO1U2o1NKIxzEIdfQpVX3JQtaj5Zvb2JwNtc="},"indexInfo":{"baseKey":"BU7in7tJFL3D/hSsDN6Hq6T5eSTzjBs6P8kdF1ROE3lB","baseKeyType":1,"closed":-1,"used":1746645162274,"created":1746645162274,"remoteIdentityKey":"BdDzASQhwl0ixYn4dOPVq60AivahPeM77n3xQpoUKdIG"},"_chains":{"BXmTnVjpdrWzmHYcxd5/qZWAXG6kyy6PyJmS6kv9CYVS":{"chainKey":{"counter":0,"key":"Wc0HyCbsI3yEM30nD41Uk59QdGUFye8T9HE1oLWVFJA="},"chainType":1,"messageKeys":{}}},"pendingPreKey":{"signedKeyId":2,"baseKey":"BU7in7tJFL3D/hSsDN6Hq6T5eSTzjBs6P8kdF1ROE3lB","preKeyId":4185335}}},"version":"v1"}