{"_sessions":{"BfdmtRH4QhYMCVFgCKljqWJ8TmydqGh5Sp5srnZRVx02":{"registrationId":123923329,"currentRatchet":{"ephemeralKeyPair":{"pubKey":"BU8PXO/htZgimBNYsIfmPuCyK4xjthhd11I6bkGDN8pU","privKey":"aFhoiHoVNmXMUiNMXVKxoCP2rtqcGj8qYtENSyqQQ2U="},"lastRemoteEphemeralKey":"BQ5N/DzFmROaOi7c2qiZpADLl4xXjqPupMW1w2jkchk7","previousCounter":0,"rootKey":"vLX6rPYarszmAKDwsRg5NAgKwuCDGSMydfpEHGhav3c="},"indexInfo":{"baseKey":"BfdmtRH4QhYMCVFgCKljqWJ8TmydqGh5Sp5srnZRVx02","baseKeyType":1,"closed":-1,"used":1746645162237,"created":1746645162237,"remoteIdentityKey":"BSb+r/8IdRBsxYq3QWvXcg7P+1nXYgKLbC8PESBfMF5v"},"_chains":{"BU8PXO/htZgimBNYsIfmPuCyK4xjthhd11I6bkGDN8pU":{"chainKey":{"counter":0,"key":"jfFLsDuS1iBbtbOnoYeDHI43nGWKWHvgNp9MLAOiTqc="},"chainType":1,"messageKeys":{}}},"pendingPreKey":{"signedKeyId":5297981,"baseKey":"BfdmtRH4QhYMCVFgCKljqWJ8TmydqGh5Sp5srnZRVx02","preKeyId":1845}}},"version":"v1"}