{"_sessions":{"Bdk0IaQ5QYLXZ2gVLS8qF5laQU7FQkOiCpMmUE2+dVlx":{"registrationId":643781316,"currentRatchet":{"ephemeralKeyPair":{"pubKey":"BQM6FlvqvXhKZgEEXATlwLq5DXwLHYhl9ZVcAXyfhUtl","privKey":"gNcMntDY3L6MmJuofwAX1CdFPIuCfJIV/alVcUjgZ2Q="},"lastRemoteEphemeralKey":"BcokHPbuPE3eGa4WBFOJyONQTLOm8W67FjfBhbdEY2gx","previousCounter":0,"rootKey":"cFAHPuu5yp+84eb0Z0VAZK08+8uGOhaSpxLJryWY0Ek="},"indexInfo":{"baseKey":"Bdk0IaQ5QYLXZ2gVLS8qF5laQU7FQkOiCpMmUE2+dVlx","baseKeyType":1,"closed":-1,"used":1746645158791,"created":1746645158791,"remoteIdentityKey":"BeNj4kwyti0S/4yApVolZ3f29z+3GPK6yjM1aF40qYFx"},"_chains":{"BQM6FlvqvXhKZgEEXATlwLq5DXwLHYhl9ZVcAXyfhUtl":{"chainKey":{"counter":0,"key":"m8bDa1oKKBlirA9adWAd4TCnfPbc/W9QDr8AQlE9/sI="},"chainType":1,"messageKeys":{}}},"pendingPreKey":{"signedKeyId":8,"baseKey":"Bdk0IaQ5QYLXZ2gVLS8qF5laQU7FQkOiCpMmUE2+dVlx","preKeyId":1209133}}},"version":"v1"}