{"_sessions":{"BYboC/8ARtxJnFCsayl/roTrGkBsDu7bjutqRgc68xk6":{"registrationId":1613142864,"currentRatchet":{"ephemeralKeyPair":{"pubKey":"Baqoi1RZY3ukRTilBKx4cbxTfd1Tr8+W+EdQSUx4yS8s","privKey":"KCYYVgCm9+1hMkrTp5QNSPtx03lx6wrq9zL9f0rZn1c="},"lastRemoteEphemeralKey":"BQ3R/BM+ANtM95ehcr1UnwwE3aCM5GVm17MXgdsKHsR9","previousCounter":0,"rootKey":"bxSwl9fvI/ph3TjhMkSdhUSO4k8JZwB0SBLgjA7T1u4="},"indexInfo":{"baseKey":"BYboC/8ARtxJnFCsayl/roTrGkBsDu7bjutqRgc68xk6","baseKeyType":1,"closed":-1,"used":1746627450198,"created":1746627450198,"remoteIdentityKey":"BV9pxALqeXW6rPKyhe5Elmwsc/5jj3NacJjr8Rg5kecK"},"_chains":{"Baqoi1RZY3ukRTilBKx4cbxTfd1Tr8+W+EdQSUx4yS8s":{"chainKey":{"counter":0,"key":"kQLoeSSiHGI0DvZ/Z18Rrjhjgv3qNcRV1wot8C9IU7I="},"chainType":1,"messageKeys":{}}},"pendingPreKey":{"signedKeyId":7,"baseKey":"BYboC/8ARtxJnFCsayl/roTrGkBsDu7bjutqRgc68xk6","preKeyId":6250311}}},"version":"v1"}