{"_sessions":{"BYpp9NKMeOzrsOYxXGtHZRYr1Q1ewo2gnTfZq74eprQk":{"registrationId":1194780942,"currentRatchet":{"ephemeralKeyPair":{"pubKey":"BX+RIziTp9ZF0GMPovo0Wrbo400dXEvMVeMixRbuoOEF","privKey":"EHgtQR/LtkcCs4jvWTJaILBoflAiNqi04+4evhoGFEw="},"lastRemoteEphemeralKey":"BSwQq+YtXw5kCxBo9ASpMYnROBjSdQtGgQI6V+qvZaIJ","previousCounter":0,"rootKey":"n1Tn0UlqaDATV8aqJheUOxeC87wwz96ncbuqqsHo0bI="},"indexInfo":{"baseKey":"BYpp9NKMeOzrsOYxXGtHZRYr1Q1ewo2gnTfZq74eprQk","baseKeyType":1,"closed":-1,"used":1746639403303,"created":1746639403303,"remoteIdentityKey":"BXd8uML9hNxY0nBD7r6jB63H40atamnkaY0Y6JiMVcII"},"_chains":{"BX+RIziTp9ZF0GMPovo0Wrbo400dXEvMVeMixRbuoOEF":{"chainKey":{"counter":0,"key":"WUhbcm6QQrjOPKAO6hejSnqMIQ+1fsXiy9nwWfVN8wg="},"chainType":1,"messageKeys":{}}},"pendingPreKey":{"signedKeyId":9245162,"baseKey":"BYpp9NKMeOzrsOYxXGtHZRYr1Q1ewo2gnTfZq74eprQk","preKeyId":11061}}},"version":"v1"}