{"_sessions":{"BYovGA7V2lG5yuwdhG8ic2zQWNGo19APFkUYamiLxT4J":{"registrationId":91737075,"currentRatchet":{"ephemeralKeyPair":{"pubKey":"BbVYM+a5V0eUqxTxgquwOBtPusozbzB7gPe53Q0eOP5f","privKey":"0OEMpOCC7LqyAE4h7ks5k/WCcWzLWtrxsYkmG0sql0A="},"lastRemoteEphemeralKey":"BYT/KW0XHbr5OuDyFVWPVHmueSXvwGzL6jcm0dalFaYe","previousCounter":0,"rootKey":"zwa0+mYaG2HEObXNqaP5tpUn39cJut0bQfio4jOuiMk="},"indexInfo":{"baseKey":"BYovGA7V2lG5yuwdhG8ic2zQWNGo19APFkUYamiLxT4J","baseKeyType":1,"closed":-1,"used":1746645166198,"created":1746645166198,"remoteIdentityKey":"BeIjZQI1YwzSqBUxZajiTR3/7HyvNEyGtmHZZJ4gJ9d6"},"_chains":{"BbVYM+a5V0eUqxTxgquwOBtPusozbzB7gPe53Q0eOP5f":{"chainKey":{"counter":0,"key":"LK1fk6C5jEDy+AN0QyTkf8teF1tp5Xo6A0WT8gYhn5E="},"chainType":1,"messageKeys":{}}},"pendingPreKey":{"signedKeyId":11,"baseKey":"BYovGA7V2lG5yuwdhG8ic2zQWNGo19APFkUYamiLxT4J","preKeyId":11254753}}},"version":"v1"}