{"_sessions":{"BY8C1LA+l2p4C5smiXq8TR71yF4Zfe7wAm6vvYwtp11H":{"registrationId":1982566645,"currentRatchet":{"ephemeralKeyPair":{"pubKey":"BTMwaN0WjbYMEzro/6LSMk6T9l388DPEF9pCQf4kN0Qd","privKey":"EE8IIx9SK8xdG4P2fcCJ7jT0AxKiGp9auERIea+udmY="},"lastRemoteEphemeralKey":"BRyRsx6CVXCcNrErT0slG2IRYbGtYRT8luLBW4ON9MR5","previousCounter":0,"rootKey":"58tkTLBoaTMsp30v7DqLUYm9hZYUjKBkF6KTahtSZhA="},"indexInfo":{"baseKey":"BY8C1LA+l2p4C5smiXq8TR71yF4Zfe7wAm6vvYwtp11H","baseKeyType":1,"closed":-1,"used":1746645162424,"created":1746645162424,"remoteIdentityKey":"BYsrDydKAonMYsjSoGCExpKPXFQbu9Crqwl+G4sHq/N+"},"_chains":{"BTMwaN0WjbYMEzro/6LSMk6T9l388DPEF9pCQf4kN0Qd":{"chainKey":{"counter":0,"key":"Hp2vb/LcQd8omRL8tkOuQ3Iv+EKyo9IgNyn0uebQjNs="},"chainType":1,"messageKeys":{}}},"pendingPreKey":{"signedKeyId":4,"baseKey":"BY8C1LA+l2p4C5smiXq8TR71yF4Zfe7wAm6vvYwtp11H","preKeyId":2166448}}},"version":"v1"}