{"_sessions":{"BSsClk7QUtd/hvLqV8ePoUu7GyDSNibisr104b53eV1I":{"registrationId":473982375,"currentRatchet":{"ephemeralKeyPair":{"pubKey":"BSLyTrBtxnOxrZF5XAnwLOT3RsPHi4hJnRD6FKcvbakv","privKey":"2HbxH4/MEnxssqVvD1HGr4luzT13jL5ArmhhctojvHE="},"lastRemoteEphemeralKey":"BYB8JxPBNxj5fNPl71zz/NWyJno/FzPx0cCFYdK3ykok","previousCounter":0,"rootKey":"BxyutGAlM/lF25bMqkOREqskjnMSCGhnvwzGXKQG/To="},"indexInfo":{"baseKey":"BSsClk7QUtd/hvLqV8ePoUu7GyDSNibisr104b53eV1I","baseKeyType":1,"closed":-1,"used":1746645158462,"created":1746645158462,"remoteIdentityKey":"BQ+gdlayuGR2E6KRQ+ENpqUyctHh74CXnNKxPh7FBJp7"},"_chains":{"BSLyTrBtxnOxrZF5XAnwLOT3RsPHi4hJnRD6FKcvbakv":{"chainKey":{"counter":0,"key":"O3cLbjc1ClIP/Y5k1Xq9Gd+uGttCFvO2dzg9FUekzFM="},"chainType":1,"messageKeys":{}}},"pendingPreKey":{"signedKeyId":1,"baseKey":"BSsClk7QUtd/hvLqV8ePoUu7GyDSNibisr104b53eV1I"}}},"version":"v1"}