{"_sessions":{"BTFUvSTGgBF2uHVWkz7t4kmZj40LqMM2+CqXNREqnFBU":{"registrationId":424356171,"currentRatchet":{"ephemeralKeyPair":{"pubKey":"BTyiSkabghRhDZ34umx94/bV9U06pKZUq8r2Hz2h+ZVP","privKey":"sOOgxZIokAgHD43scyf6oxDVlAmO5EZJhZAq96UVqV0="},"lastRemoteEphemeralKey":"BY/yzWTO0aVoz1M0eMWWXXh6IyaH9dQR3j3uBsjfV0hW","previousCounter":0,"rootKey":"cKzo1vkBkRn8PfiX3v3+ChEjJKtJ8HqKUqtBiuFiepI="},"indexInfo":{"baseKey":"BTFUvSTGgBF2uHVWkz7t4kmZj40LqMM2+CqXNREqnFBU","baseKeyType":1,"closed":-1,"used":1746627450116,"created":1746627450116,"remoteIdentityKey":"BTlIzWrRrCO6dlcAExrIDGRBGllITWbqg/pOvRBLGEgC"},"_chains":{"BTyiSkabghRhDZ34umx94/bV9U06pKZUq8r2Hz2h+ZVP":{"chainKey":{"counter":0,"key":"j/jVqWUat3zHp5n1NWuD363mHhw/WKxzxoSZIyq9zBc="},"chainType":1,"messageKeys":{}}},"pendingPreKey":{"signedKeyId":4,"baseKey":"BTFUvSTGgBF2uHVWkz7t4kmZj40LqMM2+CqXNREqnFBU","preKeyId":15075477}}},"version":"v1"}