{"_sessions":{"BV2zbeLpVsh+/9nlvW7IF8HLuv0//yUEbQxrK5cwvKcg":{"registrationId":887997689,"currentRatchet":{"ephemeralKeyPair":{"pubKey":"Bbpsafw5sbe11wDct3EoA166eIbGr0c+yxHPuu3S/MsF","privKey":"eFwt6uwmn//uVJCkYGke06wMe0oaFl78Ll9A5D3te2U="},"lastRemoteEphemeralKey":"BX8E7dxs4YOBozmce1i4uF3m8k/GWdHLXSYd9w9Ivtgi","previousCounter":0,"rootKey":"i67OuxoF02yJyfEt24wTeUvV4geiDKcHNFGWa64+YZc="},"indexInfo":{"baseKey":"BV2zbeLpVsh+/9nlvW7IF8HLuv0//yUEbQxrK5cwvKcg","baseKeyType":1,"closed":1746627382488,"used":1746627362554,"created":1746627362554,"remoteIdentityKey":"BdrmGN3kt320IpSDaBQ5LiUsC4Hf9deQ6dgJXunAhHYj"},"_chains":{"Bbpsafw5sbe11wDct3EoA166eIbGr0c+yxHPuu3S/MsF":{"chainKey":{"counter":0,"key":"Ifff0VaxFj4CAJwTsKJOSgBav/MxB77E/knrp1E+/aA="},"chainType":1,"messageKeys":{}}},"pendingPreKey":{"signedKeyId":9,"baseKey":"BV2zbeLpVsh+/9nlvW7IF8HLuv0//yUEbQxrK5cwvKcg","preKeyId":13428579}},"BSz8Vm58q1NdkUkfA/Vz2Y65QOlvwD4c4ZLodJZiUCdC":{"registrationId":887997689,"currentRatchet":{"ephemeralKeyPair":{"pubKey":"BfqRRGdZ4CmZ84foGmK8Zq745QAeDgvYFEa0vPNugf5T","privKey":"QNQjdggRJus7equTvlgvdtHzBDUj42sEAb0PH6O5yHE="},"lastRemoteEphemeralKey":"BX8E7dxs4YOBozmce1i4uF3m8k/GWdHLXSYd9w9Ivtgi","previousCounter":0,"rootKey":"gjqMgO53ywrArS9G7V+NYbsH1jGjI1uVwiKc7yf9mKc="},"indexInfo":{"baseKey":"BSz8Vm58q1NdkUkfA/Vz2Y65QOlvwD4c4ZLodJZiUCdC","baseKeyType":1,"closed":1746627404911,"used":1746627381955,"created":1746627381955,"remoteIdentityKey":"BdrmGN3kt320IpSDaBQ5LiUsC4Hf9deQ6dgJXunAhHYj"},"_chains":{"BfqRRGdZ4CmZ84foGmK8Zq745QAeDgvYFEa0vPNugf5T":{"chainKey":{"counter":0,"key":"6d/6epdaYRYW58+SSb4KEFgJc0yE0dzMNPExfpZZaLE="},"chainType":1,"messageKeys":{}}},"pendingPreKey":{"signedKeyId":9,"baseKey":"BSz8Vm58q1NdkUkfA/Vz2Y65QOlvwD4c4ZLodJZiUCdC","preKeyId":13427402}},"BRCbUyOAmold4jGmY+F81DVzNDTtvsKowkk7A8xKKP4Q":{"registrationId":887997689,"currentRatchet":{"ephemeralKeyPair":{"pubKey":"Bc1t4qTRVco0ZbXknBlUnePXrSYWjPEjZxu+QZd35zMg","privKey":"oAEUbvdK8ijJdCndBXT0G45ZDy+iPh1FB41wGLR9Skk="},"lastRemoteEphemeralKey":"BXwQKTCxERF/AGP1pt+Nl6p0xoQjXW4xmKNJlDfPurtu","previousCounter":0,"rootKey":"iSXrcw5d5A20r4GJJskfySXsWMyHGaBHb8E7DfmeX80="},"indexInfo":{"baseKey":"BRCbUyOAmold4jGmY+F81DVzNDTtvsKowkk7A8xKKP4Q","baseKeyType":1,"closed":-1,"used":1746633054632,"created":1746627404715,"remoteIdentityKey":"BdrmGN3kt320IpSDaBQ5LiUsC4Hf9deQ6dgJXunAhHYj"},"_chains":{"BXwQKTCxERF/AGP1pt+Nl6p0xoQjXW4xmKNJlDfPurtu":{"chainKey":{"counter":0,"key":"rUdjRI3RgYBk/7D/8hISdGYqj77EwruiQtkKLPAaymo="},"chainType":2,"messageKeys":{}},"Bc1t4qTRVco0ZbXknBlUnePXrSYWjPEjZxu+QZd35zMg":{"chainKey":{"counter":2,"key":"aYq2gvqBGHVpnjAppNqsy5I7NGecMtoAEB98fSuNrYc="},"chainType":1,"messageKeys":{}}}}},"version":"v1"}