{"_sessions":{"BQg+E1nYRs32M+pjVRvQ2uUyAR+adDuc5Ka3tHaMAD9f":{"registrationId":175297642,"currentRatchet":{"ephemeralKeyPair":{"pubKey":"BavTmZ8PnRXL8bUPoMvErU3CUxj17vQuEoo1mgokW8Yk","privKey":"uNjCsu54VVxWgzFOonhPaHviMBfi/on0jBxuHMPVe0o="},"lastRemoteEphemeralKey":"BavxuKgLlDgfeanRKxqacuMj+lMzAx7A6QXgxeivso4E","previousCounter":0,"rootKey":"fg3biv4UhxlIXvPKG3fox3adEY4s8f9xYB/7ucSmsLI="},"indexInfo":{"baseKey":"BQg+E1nYRs32M+pjVRvQ2uUyAR+adDuc5Ka3tHaMAD9f","baseKeyType":1,"closed":-1,"used":1746645162323,"created":1746645162323,"remoteIdentityKey":"BSEzxR0Ho3SC9kE04AqU8WJCC4JQy/XFxDzwu7ai2lpY"},"_chains":{"BavTmZ8PnRXL8bUPoMvErU3CUxj17vQuEoo1mgokW8Yk":{"chainKey":{"counter":0,"key":"fIXr1wsr8hWi4A1+BCgbA9Zawy8njaWkHUY9xbeKy7w="},"chainType":1,"messageKeys":{}}},"pendingPreKey":{"signedKeyId":7,"baseKey":"BQg+E1nYRs32M+pjVRvQ2uUyAR+adDuc5Ka3tHaMAD9f","preKeyId":10845513}}},"version":"v1"}