{"_sessions":{"BeoFg1gCLSP7ET3xuRKwNWdUeXO6rJ7Iqmy4wVB8Pm4u":{"registrationId":1562655045,"currentRatchet":{"ephemeralKeyPair":{"pubKey":"BVJvEl4VnFycsQZCOAgjKgA/LL+sS/w9CKx+4aqCbvoA","privKey":"aLJ1dA3SWfcWfddwUMD+SBx9QIkzaM21NYFNimPwkEg="},"lastRemoteEphemeralKey":"BVXWxgGwCxjq0+LJSEksIx3E9MJZQYWt87zpmt0WQ3Vr","previousCounter":0,"rootKey":"2/YPovLKeHfdaxoiY5+5mH+1bwzpk8+oLRCzVvEPSb0="},"indexInfo":{"baseKey":"BeoFg1gCLSP7ET3xuRKwNWdUeXO6rJ7Iqmy4wVB8Pm4u","baseKeyType":1,"closed":-1,"used":1746644956823,"created":1746644956823,"remoteIdentityKey":"BXnyPQbRi3NoigI8p9LrqEdjagviYRkvgACwx6m0uU0s"},"_chains":{"BVJvEl4VnFycsQZCOAgjKgA/LL+sS/w9CKx+4aqCbvoA":{"chainKey":{"counter":1,"key":"jpdjhTLUBvTdl18TiOT21GtHnUJGp5ehJgVs0Vdwf3s="},"chainType":1,"messageKeys":{}}},"pendingPreKey":{"signedKeyId":1,"baseKey":"BeoFg1gCLSP7ET3xuRKwNWdUeXO6rJ7Iqmy4wVB8Pm4u","preKeyId":7936598}}},"version":"v1"}