{"_sessions":{"BXxFOxFXBsObkHgq/NQSyUHdGvdUj/Ko5dxnuKXhfN4c":{"registrationId":1867383127,"currentRatchet":{"ephemeralKeyPair":{"pubKey":"BQzjDI7Cs7+5D7q7I0k6/UGtVSEbjcoMLDZhHGXk7j5t","privKey":"SJK8oC2xJziODn6sMJCGj28zIS9UbGo44ZXEHhf3+FA="},"lastRemoteEphemeralKey":"BaEaJUHcPGCCZNETv1FDLA8ym8c60XRP0Br9oLhP9eR6","previousCounter":0,"rootKey":"OkniR3RPRrVnPwJYTcrkIiYnZfW/e/PU8XUaaJ6cTlY="},"indexInfo":{"baseKey":"BXxFOxFXBsObkHgq/NQSyUHdGvdUj/Ko5dxnuKXhfN4c","baseKeyType":1,"closed":1746627382124,"used":1746627362168,"created":1746627362168,"remoteIdentityKey":"BWvkYEDHiEgGdTXTExjL+85jFQ6tYb/QzSmBi4HffZNT"},"_chains":{"BQzjDI7Cs7+5D7q7I0k6/UGtVSEbjcoMLDZhHGXk7j5t":{"chainKey":{"counter":0,"key":"t5wK7GtGZXcFhjcvSjkdySjBW5cn+++dwA78rwQ+QlI="},"chainType":1,"messageKeys":{}}},"pendingPreKey":{"signedKeyId":0,"baseKey":"BXxFOxFXBsObkHgq/NQSyUHdGvdUj/Ko5dxnuKXhfN4c","preKeyId":3936600}},"BZrYDdfUdrz/QvPLPivfydh2RxsE+PIv10CGp0tft2pp":{"registrationId":1867383127,"currentRatchet":{"ephemeralKeyPair":{"pubKey":"BbjZnx9lfgs1OxmtC1BiXFREn3Vhx+HhEqvOJYgJPtV5","privKey":"uONM+QApZkXPXNO1xkby2+vOdhJO+aZLZNXXYkeiE3A="},"lastRemoteEphemeralKey":"BaEaJUHcPGCCZNETv1FDLA8ym8c60XRP0Br9oLhP9eR6","previousCounter":0,"rootKey":"eCebrMoprFKyJ6DK+O9CmIFbvJ+kAP7hF4qALa+fl/E="},"indexInfo":{"baseKey":"BZrYDdfUdrz/QvPLPivfydh2RxsE+PIv10CGp0tft2pp","baseKeyType":1,"closed":1746627404853,"used":1746627381616,"created":1746627381616,"remoteIdentityKey":"BWvkYEDHiEgGdTXTExjL+85jFQ6tYb/QzSmBi4HffZNT"},"_chains":{"BbjZnx9lfgs1OxmtC1BiXFREn3Vhx+HhEqvOJYgJPtV5":{"chainKey":{"counter":0,"key":"vRh1ooP3/uf2k5t2PcqMTExiG5q7he/YiEjN1gyZEnU="},"chainType":1,"messageKeys":{}}},"pendingPreKey":{"signedKeyId":0,"baseKey":"BZrYDdfUdrz/QvPLPivfydh2RxsE+PIv10CGp0tft2pp","preKeyId":3936389}},"Bc36eztI7yQvClr0TgSg4Z9SwepFdIxDds2dPNEPNnpc":{"registrationId":1867383127,"currentRatchet":{"ephemeralKeyPair":{"pubKey":"BYq+Tsz1CVTEu+d+nfjDxurUmA/wsjY+YqmifqMpNvZ0","privKey":"gDnYgvfYTIy1Wzq8VH60hDN4apxPls7BU4+id1suW2Q="},"lastRemoteEphemeralKey":"BaEaJUHcPGCCZNETv1FDLA8ym8c60XRP0Br9oLhP9eR6","previousCounter":0,"rootKey":"vk9SdRE5/tlzSzFQGCuG2rM2hznZ1Er3uX7fov1NV8Y="},"indexInfo":{"baseKey":"Bc36eztI7yQvClr0TgSg4Z9SwepFdIxDds2dPNEPNnpc","baseKeyType":1,"closed":-1,"used":1746627404452,"created":1746627404452,"remoteIdentityKey":"BWvkYEDHiEgGdTXTExjL+85jFQ6tYb/QzSmBi4HffZNT"},"_chains":{"BYq+Tsz1CVTEu+d+nfjDxurUmA/wsjY+YqmifqMpNvZ0":{"chainKey":{"counter":3,"key":"JC54PaA5Wa5i7J5ZGhiQr8jSD1u4YldTtA1pqZmGsQE="},"chainType":1,"messageKeys":{}}},"pendingPreKey":{"signedKeyId":0,"baseKey":"Bc36eztI7yQvClr0TgSg4Z9SwepFdIxDds2dPNEPNnpc","preKeyId":3936394}}},"version":"v1"}