{"_sessions":{"BeLOQ0FQzZU5hh5eeKjt5vfI4SzwqV9KOKmjD6zV6fNC":{"registrationId":1826600469,"currentRatchet":{"ephemeralKeyPair":{"pubKey":"BX3XhmezWjgHcAjqeE23xv2eXIiQalzWPL+WBaEv3wNi","privKey":"yLTn31vizv589/JVYkOd3K/R3H/GXOIpUWJ8Dqx9A2c="},"lastRemoteEphemeralKey":"BWk87Ha/Q7tcZUgCAJyYqa8bgkvWkpWyct0EYv7qNY5M","previousCounter":0,"rootKey":"CC7tgY0k27Dk8px9sZeYinOjd/LSaVbNBoACU1r3Bgk="},"indexInfo":{"baseKey":"BeLOQ0FQzZU5hh5eeKjt5vfI4SzwqV9KOKmjD6zV6fNC","baseKeyType":1,"closed":-1,"used":1746645158663,"created":1746645158663,"remoteIdentityKey":"BeYZ07mzMY6vpCOTEL0bTA7/xcM2/vHLWbryqe/54nhi"},"_chains":{"BX3XhmezWjgHcAjqeE23xv2eXIiQalzWPL+WBaEv3wNi":{"chainKey":{"counter":0,"key":"f4wV4pDIx13zH/cxzEZw6tMkyAiIaSEDm/z5QuM28Mg="},"chainType":1,"messageKeys":{}}},"pendingPreKey":{"signedKeyId":6865105,"baseKey":"BeLOQ0FQzZU5hh5eeKjt5vfI4SzwqV9KOKmjD6zV6fNC","preKeyId":11470}}},"version":"v1"}