{"_sessions":{"BcEZ4z+O0Y8sl33iREfTTkJxmgHj746KPlEFAEaKGO9B":{"registrationId":204308642,"currentRatchet":{"ephemeralKeyPair":{"pubKey":"Bc2n0UspADd1wK2HUcNOcn+rnI2tM8KUiAUjpvN/0QQj","privKey":"QCyP54B5MPRgbO3xwAhIgfuEi5H+4dL0U9lvV5Z9WUs="},"lastRemoteEphemeralKey":"BWcRwNDhnEcJupYye+rR+ZZ75RhA1V/rVfJC73HXaNwc","previousCounter":0,"rootKey":"LmOQ1C+DiW/Ve7GfmZsfZfo78Qqowfp0VrieSYBoSXY="},"indexInfo":{"baseKey":"BcEZ4z+O0Y8sl33iREfTTkJxmgHj746KPlEFAEaKGO9B","baseKeyType":1,"closed":-1,"used":1746612488664,"created":1746612488664,"remoteIdentityKey":"Baolw5at2rqjRgI7XDI53dn2W9JSm9z1e19Y1xAvlfMu"},"_chains":{"Bc2n0UspADd1wK2HUcNOcn+rnI2tM8KUiAUjpvN/0QQj":{"chainKey":{"counter":4,"key":"thVJDSu64hWQiZLIqlIoj2+vpLPclzP/XBz1uA3dJlQ="},"chainType":1,"messageKeys":{}}},"pendingPreKey":{"signedKeyId":16398939,"baseKey":"BcEZ4z+O0Y8sl33iREfTTkJxmgHj746KPlEFAEaKGO9B","preKeyId":157}}},"version":"v1"}