{"_sessions":{"BYUCjK/CprXex07LVRz9hcqMX43al7cQuInVuhlmtCk1":{"registrationId":1090686857,"currentRatchet":{"ephemeralKeyPair":{"pubKey":"BaqpK+ALGYmlp25dI/tU4BQt+p58yF/fXhQr4TFn7P5R","privKey":"GHrqpWafbs3tT5R+yLEkVXQoSgUQ16bfblXO+vs0kVg="},"lastRemoteEphemeralKey":"BZycGzAL0DAqwll8RMKSUyhYjp78KcUp7GxfsFkO7XwQ","previousCounter":0,"rootKey":"3GLpdWMIDC0Jx6CERXP652ADkSTveWda0xjcuRWg6NQ="},"indexInfo":{"baseKey":"BYUCjK/CprXex07LVRz9hcqMX43al7cQuInVuhlmtCk1","baseKeyType":1,"closed":-1,"used":1746612488557,"created":1746612488557,"remoteIdentityKey":"BWPWBJWbfCcltDWWwaoWAwtgTrJwL52EZG7Ad78KBAw0"},"_chains":{"BaqpK+ALGYmlp25dI/tU4BQt+p58yF/fXhQr4TFn7P5R":{"chainKey":{"counter":4,"key":"ATZvpp5QTun96J3yIi2blvoAEUo5E4LfZK7TNm0ANNo="},"chainType":1,"messageKeys":{}}},"pendingPreKey":{"signedKeyId":0,"baseKey":"BYUCjK/CprXex07LVRz9hcqMX43al7cQuInVuhlmtCk1","preKeyId":7114078}}},"version":"v1"}