{"_sessions":{"BQWPszH+36yZNn2EIGGwO3QIToxhNNRugZG8FbkdNEdG":{"registrationId":1828377320,"currentRatchet":{"ephemeralKeyPair":{"pubKey":"Bb0uQ/+0q4YMCuKLqjVBXG8plVvf5Mos/NnGtt97iMNi","privKey":"8AdWbDQU3DwLGp9aYChNqL8enq+OzNRGX2ve9p6KknI="},"lastRemoteEphemeralKey":"BZpItZEVftEbaz170iggoO0o4pr9bQF8dDkckRMqluc+","previousCounter":0,"rootKey":"HvAKQeEjkrvqNikhI5H73/EhEbeLZLZZ64NQGUK6R4U="},"indexInfo":{"baseKey":"BQWPszH+36yZNn2EIGGwO3QIToxhNNRugZG8FbkdNEdG","baseKeyType":1,"closed":-1,"used":1746645158782,"created":1746645158782,"remoteIdentityKey":"BchOsYVmYQqNi9cEC8Z4iiOe0XhynPzbQkNZMvcVKWR6"},"_chains":{"Bb0uQ/+0q4YMCuKLqjVBXG8plVvf5Mos/NnGtt97iMNi":{"chainKey":{"counter":0,"key":"eRHdeEzwQKEzqHLRSIJcghVkvTOo+tM1GH9q7SL54F4="},"chainType":1,"messageKeys":{}}},"pendingPreKey":{"signedKeyId":0,"baseKey":"BQWPszH+36yZNn2EIGGwO3QIToxhNNRugZG8FbkdNEdG","preKeyId":7259323}}},"version":"v1"}