{"_sessions":{"BcdF3+gaDbPfXTsuBP9M1dkLDkXRfhuM4Wx8abOo5NUF":{"registrationId":1120957904,"currentRatchet":{"ephemeralKeyPair":{"pubKey":"BQygTg9eLEPfkElAwwjYPNcYqdsRXi7Oyf056M+Oyi5C","privKey":"CB3QapG485L7m/q8W2TRDZCfXBytxR9DKQQzO5CgImE="},"lastRemoteEphemeralKey":"BV7cRo+oVsMzlsNjRPm1I5sxJ660OKcHifjIOu28utJP","previousCounter":0,"rootKey":"+HbpxOa9HXrp97aUa5YescQLND+cJTkrlAaWYtJL67Q="},"indexInfo":{"baseKey":"BcdF3+gaDbPfXTsuBP9M1dkLDkXRfhuM4Wx8abOo5NUF","baseKeyType":1,"closed":-1,"used":1746645162196,"created":1746645162196,"remoteIdentityKey":"BUtVVnY23BQD4aj1yvoPorquHYi6kYNi1NAWTktjUDwY"},"_chains":{"BQygTg9eLEPfkElAwwjYPNcYqdsRXi7Oyf056M+Oyi5C":{"chainKey":{"counter":0,"key":"9pu6Smt6tLFq2HjjLqtFButU0h6uqpkaYKoESxRq9A4="},"chainType":1,"messageKeys":{}}},"pendingPreKey":{"signedKeyId":1566201,"baseKey":"BcdF3+gaDbPfXTsuBP9M1dkLDkXRfhuM4Wx8abOo5NUF","preKeyId":950}}},"version":"v1"}