{"_sessions":{"BZ6lhXviQmA+QXilCmO82KTNXEHYu15OBDI2k4Ep/SMg":{"registrationId":1460456108,"currentRatchet":{"ephemeralKeyPair":{"pubKey":"Baq9yvt3nMMCIkqx378DOqn0dM5/Q98XJ8GIvR4fQfFN","privKey":"CCyEC4vLatNIaEMGjbUrQ1uZV+1iZHyDIskmiuCtkFw="},"lastRemoteEphemeralKey":"BY5s8sPxCzv4Glu4Fxx+kEibzo84ZrWpxGtgzAcOqOMl","previousCounter":0,"rootKey":"9mSjqLK3g2z0vGAVU+M0m8fQST4iWNXPk9iuAYN3mIE="},"indexInfo":{"baseKey":"BZ6lhXviQmA+QXilCmO82KTNXEHYu15OBDI2k4Ep/SMg","baseKeyType":1,"closed":1746627386440,"used":1746627365765,"created":1746627365765,"remoteIdentityKey":"BQA31LJ39LdKfE6MaTGWex8z3Fiel64gb2hUlvuu5RV4"},"_chains":{"Baq9yvt3nMMCIkqx378DOqn0dM5/Q98XJ8GIvR4fQfFN":{"chainKey":{"counter":0,"key":"7IWH8Qo7E4pDNxr1LI8anlw/VoHP+srP1rxbntunkpY="},"chainType":1,"messageKeys":{}}},"pendingPreKey":{"signedKeyId":26,"baseKey":"BZ6lhXviQmA+QXilCmO82KTNXEHYu15OBDI2k4Ep/SMg","preKeyId":12723767}},"BRvDCUEql+844fvcEratSl8d6uoipgEjmJ63O+fI/fB6":{"registrationId":1460456108,"currentRatchet":{"ephemeralKeyPair":{"pubKey":"BYt6bIEtxD4yWTOSY7W4JCOxVsmPjbTL0Exeq4CkQ+xq","privKey":"kMXPoaDVhvG3rZwM7gygxJ517oxrXYMREkcSsFQuzHQ="},"lastRemoteEphemeralKey":"BY5s8sPxCzv4Glu4Fxx+kEibzo84ZrWpxGtgzAcOqOMl","previousCounter":0,"rootKey":"opzGPZWeQ6wd7NGwG2ly3EDGkxwQNBH2w/tI+NxzuoE="},"indexInfo":{"baseKey":"BRvDCUEql+844fvcEratSl8d6uoipgEjmJ63O+fI/fB6","baseKeyType":1,"closed":1746627408693,"used":1746627385829,"created":1746627385829,"remoteIdentityKey":"BQA31LJ39LdKfE6MaTGWex8z3Fiel64gb2hUlvuu5RV4"},"_chains":{"BYt6bIEtxD4yWTOSY7W4JCOxVsmPjbTL0Exeq4CkQ+xq":{"chainKey":{"counter":0,"key":"ocsshc8o06Hg3aIKnF3AbAfLr9FMWph8gZj6akxbMLk="},"chainType":1,"messageKeys":{}}},"pendingPreKey":{"signedKeyId":26,"baseKey":"BRvDCUEql+844fvcEratSl8d6uoipgEjmJ63O+fI/fB6","preKeyId":12723266}},"BSc5XkbUIiTXX/c7UlYruTCwRiZomK8ZxI8iLgbFcKck":{"registrationId":1460456108,"currentRatchet":{"ephemeralKeyPair":{"pubKey":"BUBKzCehiGTMVurZYrhCw1LgncNE5tTkyOrXtqrO71Z1","privKey":"yJJVr3LccWgOZvfoG1Lf2Wc9W6SHgREzFt/95hEyN28="},"lastRemoteEphemeralKey":"BY5s8sPxCzv4Glu4Fxx+kEibzo84ZrWpxGtgzAcOqOMl","previousCounter":0,"rootKey":"DV4aOaBdOs/ejj8YDMVT+E3pBLLhb5jnzyClmPXTel8="},"indexInfo":{"baseKey":"BSc5XkbUIiTXX/c7UlYruTCwRiZomK8ZxI8iLgbFcKck","baseKeyType":1,"closed":-1,"used":1746627408199,"created":1746627408199,"remoteIdentityKey":"BQA31LJ39LdKfE6MaTGWex8z3Fiel64gb2hUlvuu5RV4"},"_chains":{"BUBKzCehiGTMVurZYrhCw1LgncNE5tTkyOrXtqrO71Z1":{"chainKey":{"counter":3,"key":"1Co01ewjAe69rQajQt1PEcuCpDJNQuKbXlVKV33hu3E="},"chainType":1,"messageKeys":{}}},"pendingPreKey":{"signedKeyId":26,"baseKey":"BSc5XkbUIiTXX/c7UlYruTCwRiZomK8ZxI8iLgbFcKck","preKeyId":12723740}}},"version":"v1"}