{"_sessions":{"BWyXdY5vl3Knpo83wF7a/pNu/piO29C8edCG/rT5C30v":{"registrationId":1972608066,"currentRatchet":{"ephemeralKeyPair":{"pubKey":"BZoG5dMJvJGOoJbxACmIGAs2yOd6Z5R975GRUdt6Jfo3","privKey":"GMUdpesZS0Qd+nrILuvXckHPeLEo9AbgQWdypZejQkA="},"lastRemoteEphemeralKey":"BZy77/Y6imUQgASTmQ/NTKw1mp8FAXi/gELQgmQY+Kwv","previousCounter":0,"rootKey":"QUV2g8LelhXxRvGejENB6n0iduFbCYxaDZoBnh9tx8I="},"indexInfo":{"baseKey":"BWyXdY5vl3Knpo83wF7a/pNu/piO29C8edCG/rT5C30v","baseKeyType":1,"closed":-1,"used":1746645069821,"created":1746645069821,"remoteIdentityKey":"BWOFcjL6AZ29HbzLVX/e4ZQYc5t2HbE8jtB5lEyJx45U"},"_chains":{"BZoG5dMJvJGOoJbxACmIGAs2yOd6Z5R975GRUdt6Jfo3":{"chainKey":{"counter":0,"key":"b20adgJm3Lao5S+i6EEtPFMr9mYm3ewZxfFYTQLdV30="},"chainType":1,"messageKeys":{}}},"pendingPreKey":{"signedKeyId":7345599,"baseKey":"BWyXdY5vl3Knpo83wF7a/pNu/piO29C8edCG/rT5C30v","preKeyId":12737}}},"version":"v1"}