{"_sessions":{"BS3G/Jv5yDWKd5wuCImSwz2sIZNFH/FhnCfqJjvNpoZu":{"registrationId":814590190,"currentRatchet":{"ephemeralKeyPair":{"pubKey":"BeFLt1WOCk/BxQFGJskcuhSOvsAWx/OLY/59pXDq4q9v","privKey":"OKqOaBvZz15uO12rgCuSwNFXvh5LVs+4auPFAYctu2M="},"lastRemoteEphemeralKey":"BZKiNNAs+Y5VcK4H+EafFkQ9f/avLqiqt0qg5MnGkcJt","previousCounter":0,"rootKey":"qtX3QwXIOnq1cplSG04m25Gkh3PccFy/WeAnF9hhkqA="},"indexInfo":{"baseKey":"BS3G/Jv5yDWKd5wuCImSwz2sIZNFH/FhnCfqJjvNpoZu","baseKeyType":1,"closed":-1,"used":1746645162344,"created":1746645162344,"remoteIdentityKey":"BcGpq5TAPAxxVZo2WLCBw3IyXIc6Olce9Pxkzj7MrFZU"},"_chains":{"BeFLt1WOCk/BxQFGJskcuhSOvsAWx/OLY/59pXDq4q9v":{"chainKey":{"counter":0,"key":"xQJkF5jj98hL61a4GnGANdzVFtXspT9mNfUrK1S6B2U="},"chainType":1,"messageKeys":{}}},"pendingPreKey":{"signedKeyId":7,"baseKey":"BS3G/Jv5yDWKd5wuCImSwz2sIZNFH/FhnCfqJjvNpoZu","preKeyId":2021978}}},"version":"v1"}