{"_sessions":{"Be/FrxafppckBZ1g1aeC16mQun31YJwjaVbOrSFUtGFX":{"registrationId":720919497,"currentRatchet":{"ephemeralKeyPair":{"pubKey":"BYvEQItQ1CGq178tERWgpOozlYeLhx0jmHzLmrSEm/o9","privKey":"8AVXB+KKyNHx/xgvqyHRtHpDeFYmlSbY33JnnvtBLFc="},"lastRemoteEphemeralKey":"BXvwaPW3GZN86CrB2O5JhC1PT0IE/gKIqgkRKg/6x2s3","previousCounter":0,"rootKey":"wy2eYVGx8JC4nbzATR6QAN4Gcl5pC//sN3utE7vPRWY="},"indexInfo":{"baseKey":"Be/FrxafppckBZ1g1aeC16mQun31YJwjaVbOrSFUtGFX","baseKeyType":1,"closed":-1,"used":1746645070145,"created":1746645070145,"remoteIdentityKey":"BQoMOh5UCMkwfrcDZkbLnLLESgr9TgEpJONkEp4e0Rds"},"_chains":{"BYvEQItQ1CGq178tERWgpOozlYeLhx0jmHzLmrSEm/o9":{"chainKey":{"counter":0,"key":"S2fscvg+SzEM/0jKxFxVM2vdcldYrambcqoNq+mw52I="},"chainType":1,"messageKeys":{}}},"pendingPreKey":{"signedKeyId":5,"baseKey":"Be/FrxafppckBZ1g1aeC16mQun31YJwjaVbOrSFUtGFX","preKeyId":15671001}}},"version":"v1"}