{"_sessions":{"BYByBo6KZg7ZCJN7LDBrRk0BKMh47ns9Xp+y5QDi7NNt":{"registrationId":506677539,"currentRatchet":{"ephemeralKeyPair":{"pubKey":"BY33hUzgHIyuP3+F6p/hQQwp2lBnxyFiC6Pro6OHHA9M","privKey":"UMSyE8yEtOKYOAYpolBeSWt05Uf1HotcSt0rmJqYMFE="},"lastRemoteEphemeralKey":"Bct1UZwYKSsYKDOZ3Yn+1Jul3uogR0EOKko49RRzYLob","previousCounter":0,"rootKey":"8wqHG6Iz3ZxwQVFebqyDIi4xKnN27II52kNo5E1+po4="},"indexInfo":{"baseKey":"BYByBo6KZg7ZCJN7LDBrRk0BKMh47ns9Xp+y5QDi7NNt","baseKeyType":1,"closed":-1,"used":1746645162378,"created":1746645162378,"remoteIdentityKey":"BQ+gODQ71FQO072SXRisiI3or7y1oI1A+cDXWRkwth4E"},"_chains":{"BY33hUzgHIyuP3+F6p/hQQwp2lBnxyFiC6Pro6OHHA9M":{"chainKey":{"counter":0,"key":"dx4gw0vSGazDFFJvHP2QYEfDeXaKwvSenR8LP1o7zPk="},"chainType":1,"messageKeys":{}}},"pendingPreKey":{"signedKeyId":5,"baseKey":"BYByBo6KZg7ZCJN7LDBrRk0BKMh47ns9Xp+y5QDi7NNt","preKeyId":8176710}}},"version":"v1"}