{"_sessions":{"BbEmmD/P0Jey6FEKrNj9JxF+P+fYjBZC/A5QGvCUxFpT":{"registrationId":1398947341,"currentRatchet":{"ephemeralKeyPair":{"pubKey":"BcJRpv0PUF1Vku3TgCleDqCut4QeXzQZRAGMsAsRzUpp","privKey":"eHeeV2VbS9h6qesSMfVhJy+T0Y+UQOmbdygBSqdweFs="},"lastRemoteEphemeralKey":"BST73VoDBIeiBYYlGrDCGo4XTqcfhrBeagwbezG+Fb4W","previousCounter":0,"rootKey":"MeuMhE0z3YOvHtGQtji67ewbxTrlYaYPB72ttmV/k8U="},"indexInfo":{"baseKey":"BbEmmD/P0Jey6FEKrNj9JxF+P+fYjBZC/A5QGvCUxFpT","baseKeyType":1,"closed":-1,"used":1746645162624,"created":1746645162624,"remoteIdentityKey":"BU38oxbWguHcDs2PhmYW+0lRoF5iJUrzx9RP6BLKx40n"},"_chains":{"BcJRpv0PUF1Vku3TgCleDqCut4QeXzQZRAGMsAsRzUpp":{"chainKey":{"counter":0,"key":"+lEJVa4KH5Y27sxNg0LP5eqp51ISXwtf7FKFh0CtG8U="},"chainType":1,"messageKeys":{}}},"pendingPreKey":{"signedKeyId":2115477,"baseKey":"BbEmmD/P0Jey6FEKrNj9JxF+P+fYjBZC/A5QGvCUxFpT","preKeyId":2723}}},"version":"v1"}