{"_sessions":{"BXpMpDmP0tSkTlROzo6hIQorOaSK3xxW5GBB6dRoQxFj":{"registrationId":13426,"currentRatchet":{"ephemeralKeyPair":{"pubKey":"BdGroMfkjwLSQLYqgBI4BNnPnkY/TBPLrOFWCqppBypN","privKey":"yH/Avi94fQNUGuE841EcHtgL/lSQx8mHx6Ox6PnEz0o="},"lastRemoteEphemeralKey":"BWAAPpPoyIrnwhmOVY/z3xzLKRHYgZsw6+knM0imu1YN","previousCounter":0,"rootKey":"LUl7Wzi4jiXuH0KvboAk63XF6OBoqLmYRoEoRtMMB1E="},"indexInfo":{"baseKey":"BXpMpDmP0tSkTlROzo6hIQorOaSK3xxW5GBB6dRoQxFj","baseKeyType":1,"closed":-1,"used":1746612488446,"created":1746612488446,"remoteIdentityKey":"BZ9u6CpViHBD0Ji9bsiRkX716eMxuvFHvlfQ0VE4pZ1H"},"_chains":{"BdGroMfkjwLSQLYqgBI4BNnPnkY/TBPLrOFWCqppBypN":{"chainKey":{"counter":4,"key":"SsRUJPNFCvZM8e5g94lv/ALYnzlAfubA43Jjy5hVX3Y="},"chainType":1,"messageKeys":{}}},"pendingPreKey":{"signedKeyId":1,"baseKey":"BXpMpDmP0tSkTlROzo6hIQorOaSK3xxW5GBB6dRoQxFj","preKeyId":913}}},"version":"v1"}