{"_sessions":{"Bb7RTlpi2wqAS02dJUHxDHbRBKU7OBkCQ3PQAUxC17V5":{"registrationId":11091,"currentRatchet":{"ephemeralKeyPair":{"pubKey":"BcTtW/uzfqB8/T7umQIpLfnJXbyi64UzqU4hei163qJU","privKey":"kFT1K2niahOA9MVp96ROCXSoat7cJmKSvst8O8TT9n4="},"lastRemoteEphemeralKey":"BTb0PckATs+Psy4cq7EL7SrNctB00szW2GNlvWEatTR+","previousCounter":0,"rootKey":"VuJNFTRXYl2jm1Gf4orPh4ToIFO46s065Kd8iBVtCdI="},"indexInfo":{"baseKey":"Bb7RTlpi2wqAS02dJUHxDHbRBKU7OBkCQ3PQAUxC17V5","baseKeyType":1,"closed":-1,"used":1746644956601,"created":1746644956601,"remoteIdentityKey":"Bb8ENZgFH3YCv+nQ/QLHQRoP2SCmGJoAUE7ZzB2bo40H"},"_chains":{"BcTtW/uzfqB8/T7umQIpLfnJXbyi64UzqU4hei163qJU":{"chainKey":{"counter":1,"key":"QB9nbXp29QzUM13XAdkmRr4o1BV3ngtBfsU+AnFrRqA="},"chainType":1,"messageKeys":{}}},"pendingPreKey":{"signedKeyId":1,"baseKey":"Bb7RTlpi2wqAS02dJUHxDHbRBKU7OBkCQ3PQAUxC17V5"}}},"version":"v1"}