{"_sessions":{"BZ1wbjUc9d9U8uZoT+Vcr/sZfXiMuWc69LrwG4lnYER6":{"registrationId":1824545743,"currentRatchet":{"ephemeralKeyPair":{"pubKey":"BbxtgGPj/lCWQpuZKQ24EDu40DcGYWVqziXkri/OP2Yg","privKey":"WNR2rYdyh8iD9ujJs0Z9ixvwTb+D3bWKtlX1ry40o0w="},"lastRemoteEphemeralKey":"BYNuulxBS5gLLWTNt7umOCj9WhAlsReLZZ51qvhfpfFM","previousCounter":0,"rootKey":"kEyp6x4lNif2+NSDVe4wOtbrcMCH48NiAVN4x4n9mg4="},"indexInfo":{"baseKey":"BZ1wbjUc9d9U8uZoT+Vcr/sZfXiMuWc69LrwG4lnYER6","baseKeyType":1,"closed":-1,"used":1746645158607,"created":1746645158607,"remoteIdentityKey":"BVT8/4kBuaiaT0b5h/Cz97dmHDd/rCdiwXYbKaSlQc4P"},"_chains":{"BbxtgGPj/lCWQpuZKQ24EDu40DcGYWVqziXkri/OP2Yg":{"chainKey":{"counter":0,"key":"RVcB4JW+qJSxWloDyvssZSsF/o9tA6cFzmyrOoYyIG0="},"chainType":1,"messageKeys":{}}},"pendingPreKey":{"signedKeyId":13427009,"baseKey":"BZ1wbjUc9d9U8uZoT+Vcr/sZfXiMuWc69LrwG4lnYER6","preKeyId":85114}}},"version":"v1"}