{"_sessions":{"BQ+n1XEPRz0KLDkwAAHtlYIV0mu2u0hTFFSnetylmQJR":{"registrationId":599915766,"currentRatchet":{"ephemeralKeyPair":{"pubKey":"BUIZpQrInfBHqeXkzZqs1yRfpSA5KYmwFk/G4RTp3LpI","privKey":"CMc4dBlt737GD1v4iYGA23a+Bbq9L4tSu/qvKhqcdWk="},"lastRemoteEphemeralKey":"BQTaLzP31n/CWZqIwhebScAPHGqjien5p+eKpfPJDJos","previousCounter":0,"rootKey":"9/ZygH4gxu4PWyL7O79bvYpIxbf6BOWPM6Sgs7HNgDc="},"indexInfo":{"baseKey":"BQ+n1XEPRz0KLDkwAAHtlYIV0mu2u0hTFFSnetylmQJR","baseKeyType":1,"closed":-1,"used":1746645070160,"created":1746645070160,"remoteIdentityKey":"BR/4tg6mlWsBpP2IwhroDsvrWHus0ZkYcVCjHs6gP/0N"},"_chains":{"BUIZpQrInfBHqeXkzZqs1yRfpSA5KYmwFk/G4RTp3LpI":{"chainKey":{"counter":0,"key":"QvS/FLwIm1HRWQ6mQKVMyxmNwisqLpCayINHIloIErI="},"chainType":1,"messageKeys":{}}},"pendingPreKey":{"signedKeyId":5,"baseKey":"BQ+n1XEPRz0KLDkwAAHtlYIV0mu2u0hTFFSnetylmQJR","preKeyId":4242599}}},"version":"v1"}