{"_sessions":{"BVXUkraCS6t1Y1yntg2fPmoLYAJP80huEnf6t5P7P3x+":{"registrationId":1612137688,"currentRatchet":{"ephemeralKeyPair":{"pubKey":"BST/630IxIog/KHARPDMDgIPQuCDe2TeLjWs6OoJC8MU","privKey":"GG6iyxyTptNd6BKX2kbVcGKHnzn519A/qY5gNgphVlI="},"lastRemoteEphemeralKey":"BcI0G4gSP6ckDbqLPJZSGMtal6No9mpoBYrdnBQv7hcW","previousCounter":0,"rootKey":"1WQaKuOKbl4OQxj9OMmqXpq/O6ffKJL8GQbM7aLS5CU="},"indexInfo":{"baseKey":"BVXUkraCS6t1Y1yntg2fPmoLYAJP80huEnf6t5P7P3x+","baseKeyType":1,"closed":-1,"used":1746627450098,"created":1746627450098,"remoteIdentityKey":"BdP3as0j0cxBFBqxE+zIln/0HPxLyaNG4HsS4pLjzlUN"},"_chains":{"BST/630IxIog/KHARPDMDgIPQuCDe2TeLjWs6OoJC8MU":{"chainKey":{"counter":0,"key":"FpyUu3nSI1DwxcBCsuV4J3WBPUnKK255+yTeihA5PLo="},"chainType":1,"messageKeys":{}}},"pendingPreKey":{"signedKeyId":6,"baseKey":"BVXUkraCS6t1Y1yntg2fPmoLYAJP80huEnf6t5P7P3x+","preKeyId":2066511}}},"version":"v1"}