{"_sessions":{"BRWinVvlglx3mRXog5VZv50AZ1p0yHzFky2IKX7SvuFz":{"registrationId":2094661458,"currentRatchet":{"ephemeralKeyPair":{"pubKey":"BW3gBAI00jYPLP0Fp0m6v/UmDIxFmfiyCtbmIo7dNKYX","privKey":"KOLn/jc7jmtxFELSkmF3E7BjcvGaNkXNNAjzqIwM2l8="},"lastRemoteEphemeralKey":"BWdjSzsHeOu9Hk6r2Gr9Q7ZiIpHrKkIy+VREPWGsZ14C","previousCounter":0,"rootKey":"0HA5S4GoExFDh7eKTbcnblb4wPNuO5KoeAbH63Fy1KY="},"indexInfo":{"baseKey":"BRWinVvlglx3mRXog5VZv50AZ1p0yHzFky2IKX7SvuFz","baseKeyType":2,"closed":-1,"used":1746706465352,"created":1746706465352,"remoteIdentityKey":"BTWTa2ELfWQ3NAXi95FhpSkAYdlRPH8b/8s3ZZUnQ2EN"},"_chains":{"BWdjSzsHeOu9Hk6r2Gr9Q7ZiIpHrKkIy+VREPWGsZ14C":{"chainKey":{"counter":0,"key":"Fa2Y6jhpxacrOcK7QI9L469r372q9GTF/M/EKT4U/Qk="},"chainType":2,"messageKeys":{}},"BW3gBAI00jYPLP0Fp0m6v/UmDIxFmfiyCtbmIo7dNKYX":{"chainKey":{"counter":-1,"key":"31cC8kI18iGHF3Iqi0TJ01LiqvhWSofwBsPvyVtKmGo="},"chainType":1,"messageKeys":{}}}}},"version":"v1"}