{"_sessions":{"BdZyYEwvKmfazRE6q4ED735YSwc/in5QwPynRpgMqIhW":{"registrationId":1130636,"currentRatchet":{"ephemeralKeyPair":{"pubKey":"BU7n84KHGPm5wgMtUFwe/Yu/pFFGsKXF6IhV8prfI+04","privKey":"CLjS48xzd+8tilxXybMe9+wYilth6S66qCMwhV9f2Ho="},"lastRemoteEphemeralKey":"BSoD4Llege81OVVi729SdJn8C6TRE0h5XoSETKUWZLYG","previousCounter":0,"rootKey":"PyHQvXx7/urAKholv9HpdIzFyTbx4BisWTin+d/9xkY="},"indexInfo":{"baseKey":"BdZyYEwvKmfazRE6q4ED735YSwc/in5QwPynRpgMqIhW","baseKeyType":1,"closed":1746627390227,"used":1746627369049,"created":1746627369049,"remoteIdentityKey":"BSVho0OigT9a1Bn1jQR9RD2dc/rLvaC0lBrqQXpQNd0C"},"_chains":{"BU7n84KHGPm5wgMtUFwe/Yu/pFFGsKXF6IhV8prfI+04":{"chainKey":{"counter":0,"key":"t7Dmx6p5gI1aMcEjdGgIZFrU2rmm3503jig3G+S4Wvc="},"chainType":1,"messageKeys":{}}},"pendingPreKey":{"signedKeyId":32,"baseKey":"BdZyYEwvKmfazRE6q4ED735YSwc/in5QwPynRpgMqIhW","preKeyId":5019776}},"BcojHDAjqlll6/eODV6yW2l59R1dPTU0+zs0QyhNwzds":{"registrationId":1130636,"currentRatchet":{"ephemeralKeyPair":{"pubKey":"BYkGYB2rtjQQ0F/pSOICw/wh4PQtSnUn3F0yJvHy0SR3","privKey":"KEfLHyH4T7Q1uovwcxH6WpKZsmRnHtyqGj/2Kjd8L3c="},"lastRemoteEphemeralKey":"BSoD4Llege81OVVi729SdJn8C6TRE0h5XoSETKUWZLYG","previousCounter":0,"rootKey":"DXVCe+u19KRBzfGs16z2EZ8jf1cZeGh6g2iqYacbjxU="},"indexInfo":{"baseKey":"BcojHDAjqlll6/eODV6yW2l59R1dPTU0+zs0QyhNwzds","baseKeyType":1,"closed":1746627412407,"used":1746627389756,"created":1746627389756,"remoteIdentityKey":"BSVho0OigT9a1Bn1jQR9RD2dc/rLvaC0lBrqQXpQNd0C"},"_chains":{"BYkGYB2rtjQQ0F/pSOICw/wh4PQtSnUn3F0yJvHy0SR3":{"chainKey":{"counter":0,"key":"nSERJfBISVhtrhkIoSpJlEUT1rmPYZwgPFrXep1UgVQ="},"chainType":1,"messageKeys":{}}},"pendingPreKey":{"signedKeyId":32,"baseKey":"BcojHDAjqlll6/eODV6yW2l59R1dPTU0+zs0QyhNwzds","preKeyId":5020202}},"BUMt7iPxufy0MTKJ+KOm+dQZPBO1A0gjQgQspufottcf":{"registrationId":1130636,"currentRatchet":{"ephemeralKeyPair":{"pubKey":"BWTQaUVqczMM9A847E+jMReENLGd5I2YnwvsloyCflpi","privKey":"ON9mstl5Ovy0xWgSdgmRq2JTBB+/7uvOdO6FVKt+REk="},"lastRemoteEphemeralKey":"BSoD4Llege81OVVi729SdJn8C6TRE0h5XoSETKUWZLYG","previousCounter":0,"rootKey":"1Owwkx97iKoRRHqgrnShjs5TBrV0UTwFiA5GXTSBoi0="},"indexInfo":{"baseKey":"BUMt7iPxufy0MTKJ+KOm+dQZPBO1A0gjQgQspufottcf","baseKeyType":1,"closed":-1,"used":1746627411885,"created":1746627411885,"remoteIdentityKey":"BSVho0OigT9a1Bn1jQR9RD2dc/rLvaC0lBrqQXpQNd0C"},"_chains":{"BWTQaUVqczMM9A847E+jMReENLGd5I2YnwvsloyCflpi":{"chainKey":{"counter":3,"key":"bkya2cllZEEdvlGdy9K8ZbAUXLpYQaOF8LZVQ5xDtYA="},"chainType":1,"messageKeys":{}}},"pendingPreKey":{"signedKeyId":32,"baseKey":"BUMt7iPxufy0MTKJ+KOm+dQZPBO1A0gjQgQspufottcf","preKeyId":5019875}}},"version":"v1"}