{"_sessions":{"BcV/Sxuyd7/o0cbBQWw6LT4hAw5AVtdFJExE0DujIJAT":{"registrationId":1759038391,"currentRatchet":{"ephemeralKeyPair":{"pubKey":"BSIQ3vsDReRouoMZW1dqtc+wHyEFMKZma14N7La3iKwM","privKey":"mGKiONlD7Q+tCPyjbar2+KMB3FoktXql/Pnsp2PffHI="},"lastRemoteEphemeralKey":"Baufi6C7pibHfCuAYJe/HKg7qzZn2uxEVwMYZLtHI1o5","previousCounter":0,"rootKey":"ZmKvpF4E2nS9hQzdBh4/ETrZKLTX0ITgilJ8qfTD9aQ="},"indexInfo":{"baseKey":"BcV/Sxuyd7/o0cbBQWw6LT4hAw5AVtdFJExE0DujIJAT","baseKeyType":1,"closed":1746627386556,"used":1746627366138,"created":1746627366138,"remoteIdentityKey":"BYWLjQ8e5Rdd2hu8JYbuq4FYmxkGpC8r6OBXQ7sVleAq"},"_chains":{"BSIQ3vsDReRouoMZW1dqtc+wHyEFMKZma14N7La3iKwM":{"chainKey":{"counter":0,"key":"xZWvqbOO3AFQobzOO7TB+IM+14VIjaR5KDP+dKiS3aI="},"chainType":1,"messageKeys":{}}},"pendingPreKey":{"signedKeyId":11,"baseKey":"BcV/Sxuyd7/o0cbBQWw6LT4hAw5AVtdFJExE0DujIJAT","preKeyId":6946156}},"BaOXntLC3b1sMaqKjX/FnzAwngUbQ+iS/0M5yhAdYjVQ":{"registrationId":1759038391,"currentRatchet":{"ephemeralKeyPair":{"pubKey":"Bf9KxYjGgp8qMJTEuOxbza6lpAFCS4jFBg2xrbM5CF8s","privKey":"UIx9Q+s8fzH4IGZlGfgnrzJsSErvVjT69SxLBDmG+ms="},"lastRemoteEphemeralKey":"Baufi6C7pibHfCuAYJe/HKg7qzZn2uxEVwMYZLtHI1o5","previousCounter":0,"rootKey":"i1mTsB4T4qel4JkOMDbs/LJn85CNtEkWbOmYwXknk7I="},"indexInfo":{"baseKey":"BaOXntLC3b1sMaqKjX/FnzAwngUbQ+iS/0M5yhAdYjVQ","baseKeyType":1,"closed":1746627408771,"used":1746627386242,"created":1746627386242,"remoteIdentityKey":"BYWLjQ8e5Rdd2hu8JYbuq4FYmxkGpC8r6OBXQ7sVleAq"},"_chains":{"Bf9KxYjGgp8qMJTEuOxbza6lpAFCS4jFBg2xrbM5CF8s":{"chainKey":{"counter":0,"key":"e961Wr8A33jbxa3ZY5dJk4ePsxqoS4bQ5KJlnYrFkAw="},"chainType":1,"messageKeys":{}}},"pendingPreKey":{"signedKeyId":11,"baseKey":"BaOXntLC3b1sMaqKjX/FnzAwngUbQ+iS/0M5yhAdYjVQ","preKeyId":6946216}},"BVKVYsnKAlf+JVBluiV1T6uPDCggBpYTZ48sc4Vp+YRs":{"registrationId":1759038391,"currentRatchet":{"ephemeralKeyPair":{"pubKey":"BRunvzTzsLARZjpYtd188WK6/hVixKZJUU2L9LShrfo4","privKey":"SJLtay+M3t/Dqc5+3uyLpXgXUVb48B/6atAUXF3NLnk="},"lastRemoteEphemeralKey":"Baufi6C7pibHfCuAYJe/HKg7qzZn2uxEVwMYZLtHI1o5","previousCounter":0,"rootKey":"y+zDBuFji0Gxr9fbxNxHUhcc4+2aAQK/2J/zdzOMlAg="},"indexInfo":{"baseKey":"BVKVYsnKAlf+JVBluiV1T6uPDCggBpYTZ48sc4Vp+YRs","baseKeyType":1,"closed":-1,"used":1746627408542,"created":1746627408542,"remoteIdentityKey":"BYWLjQ8e5Rdd2hu8JYbuq4FYmxkGpC8r6OBXQ7sVleAq"},"_chains":{"BRunvzTzsLARZjpYtd188WK6/hVixKZJUU2L9LShrfo4":{"chainKey":{"counter":3,"key":"9+90apkIdVXfVOGAlZSJrPteRRIahSULlvBDjc1o7bg="},"chainType":1,"messageKeys":{}}},"pendingPreKey":{"signedKeyId":11,"baseKey":"BVKVYsnKAlf+JVBluiV1T6uPDCggBpYTZ48sc4Vp+YRs","preKeyId":6945787}}},"version":"v1"}