{"_sessions":{"BX2AwMddttt53Feh8WY7lj0MFHU2ciR8Ks/AvsE+5Fd9":{"registrationId":513030111,"currentRatchet":{"ephemeralKeyPair":{"pubKey":"BTUgejz9rBMTVpxzqFdHf0vyKREo/PNRKotpSIVy7QM3","privKey":"uEj7cW57OjyLuoS8hhJ+5fYmplwwOJVa3QS6vKqQpno="},"lastRemoteEphemeralKey":"BTOVzNmmOF462OohL8xn6igPVWaGOMEVUhnFx9riRfl+","previousCounter":0,"rootKey":"6BI1TnMSc9q4N0YMd4EDWfmptoXlBaJKFmm4bSUo6K4="},"indexInfo":{"baseKey":"BX2AwMddttt53Feh8WY7lj0MFHU2ciR8Ks/AvsE+5Fd9","baseKeyType":1,"closed":1746627382531,"used":1746627362596,"created":1746627362596,"remoteIdentityKey":"BS5cpRQ32ZGPRfavdevzbXqEp3bFmC7OZmFFVAw51Jx7"},"_chains":{"BTUgejz9rBMTVpxzqFdHf0vyKREo/PNRKotpSIVy7QM3":{"chainKey":{"counter":0,"key":"hXM9yMSs+yzL7s4UNflc5X52mjc2NLpZ+GoFayPNkcw="},"chainType":1,"messageKeys":{}}},"pendingPreKey":{"signedKeyId":4,"baseKey":"BX2AwMddttt53Feh8WY7lj0MFHU2ciR8Ks/AvsE+5Fd9","preKeyId":708838}},"BTuS5d6pz3hN/nyVF02JfrF/6EOCabm0j+Vywh2EbZUG":{"registrationId":513030111,"currentRatchet":{"ephemeralKeyPair":{"pubKey":"Ba7U5hGXNGMbAZr+uMvfKTpWuFhSVEEpUIYh89JrnTtI","privKey":"SNtUpxFQYTG09KEPN9qwh7ahfZO4/5D4gk36Hi4iBmk="},"lastRemoteEphemeralKey":"BTOVzNmmOF462OohL8xn6igPVWaGOMEVUhnFx9riRfl+","previousCounter":0,"rootKey":"lW4NC6tNrIR9LEvka8+cchmQyxWLYKtAZYlhO1JmXH0="},"indexInfo":{"baseKey":"BTuS5d6pz3hN/nyVF02JfrF/6EOCabm0j+Vywh2EbZUG","baseKeyType":1,"closed":1746627404917,"used":1746627381985,"created":1746627381985,"remoteIdentityKey":"BS5cpRQ32ZGPRfavdevzbXqEp3bFmC7OZmFFVAw51Jx7"},"_chains":{"Ba7U5hGXNGMbAZr+uMvfKTpWuFhSVEEpUIYh89JrnTtI":{"chainKey":{"counter":0,"key":"/MzFw5X2x6O9rvvD05B6nWqeVO3zDSdxdtZ/hp2iTso="},"chainType":1,"messageKeys":{}}},"pendingPreKey":{"signedKeyId":4,"baseKey":"BTuS5d6pz3hN/nyVF02JfrF/6EOCabm0j+Vywh2EbZUG","preKeyId":708864}},"BUbNcsjOW00Zp5/MFWUkgZ76mKSoq3rXE0DVjuwWNNVa":{"registrationId":513030111,"currentRatchet":{"ephemeralKeyPair":{"pubKey":"BTImZvaEj6eLuBJ0Uw9YGIFiHTF13QyN1ODWa/2zAocN","privKey":"6JRqYZYK5ExefAfZNgzgamxlqOEiMWs5To0zmSujIlc="},"lastRemoteEphemeralKey":"BTOVzNmmOF462OohL8xn6igPVWaGOMEVUhnFx9riRfl+","previousCounter":0,"rootKey":"w86UioKh1o+yaBmv4b7MXFLIIiLZqlGOa8yK7yEBrZk="},"indexInfo":{"baseKey":"BUbNcsjOW00Zp5/MFWUkgZ76mKSoq3rXE0DVjuwWNNVa","baseKeyType":1,"closed":-1,"used":1746627404740,"created":1746627404740,"remoteIdentityKey":"BS5cpRQ32ZGPRfavdevzbXqEp3bFmC7OZmFFVAw51Jx7"},"_chains":{"BTImZvaEj6eLuBJ0Uw9YGIFiHTF13QyN1ODWa/2zAocN":{"chainKey":{"counter":3,"key":"Xcn+/wiQ71e/HBvcNSVf3rZ2JYBbAQ7RFL2q9WGuvCE="},"chainType":1,"messageKeys":{}}},"pendingPreKey":{"signedKeyId":4,"baseKey":"BUbNcsjOW00Zp5/MFWUkgZ76mKSoq3rXE0DVjuwWNNVa","preKeyId":708910}}},"version":"v1"}