{"_sessions":{"Ba0XprXzNh5WomdujWLB6v1BfmHTijN2qciEZYF7QvZ2":{"registrationId":1072448909,"currentRatchet":{"ephemeralKeyPair":{"pubKey":"BTNAGFIz+Nq33MRr/ZrJxV39fmZheiffo6VLSnxjAdsB","privKey":"MHmtXMOt0PUNL+qlqWzWmHRQzxaCXbWAmzD5t3mnNXc="},"lastRemoteEphemeralKey":"BQ/J6xq74Y1O+PI6TTYFbC/AWbhr6T3tXj9hYgqEumxx","previousCounter":0,"rootKey":"umdnIaDivXAF3w1A2gex8SRPhHnn8Sz1i7kzDW1yLsU="},"indexInfo":{"baseKey":"Ba0XprXzNh5WomdujWLB6v1BfmHTijN2qciEZYF7QvZ2","baseKeyType":1,"closed":-1,"used":1746645070359,"created":1746645070359,"remoteIdentityKey":"BU4VJXZFxIBOmjCxRngvtzdkIhGroSAJM4013TFGm3MY"},"_chains":{"BTNAGFIz+Nq33MRr/ZrJxV39fmZheiffo6VLSnxjAdsB":{"chainKey":{"counter":0,"key":"nrTdPWZJM2/N4tQyLarV5a0ntXrnMeWxQpgTlx3NFmg="},"chainType":1,"messageKeys":{}}},"pendingPreKey":{"signedKeyId":0,"baseKey":"Ba0XprXzNh5WomdujWLB6v1BfmHTijN2qciEZYF7QvZ2","preKeyId":15346414}}},"version":"v1"}