{"_sessions":{"BduGCxlMLc/1+ZEmsi9Fig8acn+gxVVax0apGhgYL5kN":{"registrationId":1276896985,"currentRatchet":{"ephemeralKeyPair":{"pubKey":"BX7ttWk3xaCTMsM5JOgdsiDHWuZ8uxYoJxFO6qFVP78O","privKey":"mPTo7e3K975wT+eLIqE12cRyRhSdM37aSu8efq/bjWE="},"lastRemoteEphemeralKey":"Bff+252QG9CBiaYbk8fptzQIYcggQgBOMEmytmhOZZ0J","previousCounter":0,"rootKey":"dC966fiLCe0OF1qAT+gkiIXdEJyvBGiKF3bUXE3QH9I="},"indexInfo":{"baseKey":"BduGCxlMLc/1+ZEmsi9Fig8acn+gxVVax0apGhgYL5kN","baseKeyType":1,"closed":1746627386435,"used":1746627365749,"created":1746627365749,"remoteIdentityKey":"BfjHbQe4Sw3zuOGuoJJi94hpPV+kGtBuFlptPaldjLsf"},"_chains":{"BX7ttWk3xaCTMsM5JOgdsiDHWuZ8uxYoJxFO6qFVP78O":{"chainKey":{"counter":0,"key":"Cqp0nmuvH4aU9xdWxYB8fOshTgxgPMxZmNurj7MxtRI="},"chainType":1,"messageKeys":{}}},"pendingPreKey":{"signedKeyId":1,"baseKey":"BduGCxlMLc/1+ZEmsi9Fig8acn+gxVVax0apGhgYL5kN","preKeyId":6709870}},"BTEKqP8r3wuevMy2ccBNFLGB7oLJUE3xkbMi58GDQo1k":{"registrationId":1276896985,"currentRatchet":{"ephemeralKeyPair":{"pubKey":"BdHcgu9lHgVQfBgC54rosBG5BRob8yTcMit2b8/9eKEG","privKey":"MAaT1blpEMfo2o8x71Bw6o4Rwf16Aw58yYY/jzW/xHo="},"lastRemoteEphemeralKey":"Bff+252QG9CBiaYbk8fptzQIYcggQgBOMEmytmhOZZ0J","previousCounter":0,"rootKey":"Xxy26GE3rUM/qjEj+VLY9eErzyALvZ8kuZu2XFYFd1k="},"indexInfo":{"baseKey":"BTEKqP8r3wuevMy2ccBNFLGB7oLJUE3xkbMi58GDQo1k","baseKeyType":1,"closed":1746627408680,"used":1746627385812,"created":1746627385812,"remoteIdentityKey":"BfjHbQe4Sw3zuOGuoJJi94hpPV+kGtBuFlptPaldjLsf"},"_chains":{"BdHcgu9lHgVQfBgC54rosBG5BRob8yTcMit2b8/9eKEG":{"chainKey":{"counter":0,"key":"r6CAsUst2bt3ZN+M2dctcMcacI+iD5bBuFhauHaXpPA="},"chainType":1,"messageKeys":{}}},"pendingPreKey":{"signedKeyId":1,"baseKey":"BTEKqP8r3wuevMy2ccBNFLGB7oLJUE3xkbMi58GDQo1k","preKeyId":6709141}},"BU9BkouPG4eG9OZBGjY7m3eWlfHRl+ds6TuHNr15xSgb":{"registrationId":1276896985,"currentRatchet":{"ephemeralKeyPair":{"pubKey":"BYd56f8xbpyRPWYa3QSdY09E8CdOazKd4pTKjGv5Trpz","privKey":"8BaqyeS8g/Np+IiwfBMNIxnpPp+a2iMwxts0NmUQ1UQ="},"lastRemoteEphemeralKey":"Bff+252QG9CBiaYbk8fptzQIYcggQgBOMEmytmhOZZ0J","previousCounter":0,"rootKey":"jIVBAK4w0xVyh8e+YDlzP0EOE1lijaXdYffMH3xH7Io="},"indexInfo":{"baseKey":"BU9BkouPG4eG9OZBGjY7m3eWlfHRl+ds6TuHNr15xSgb","baseKeyType":1,"closed":-1,"used":1746627408183,"created":1746627408183,"remoteIdentityKey":"BfjHbQe4Sw3zuOGuoJJi94hpPV+kGtBuFlptPaldjLsf"},"_chains":{"BYd56f8xbpyRPWYa3QSdY09E8CdOazKd4pTKjGv5Trpz":{"chainKey":{"counter":3,"key":"scfkxuUVVfUXylU/VXMdxSPgxs8tG9JZGypr6bEVIw4="},"chainType":1,"messageKeys":{}}},"pendingPreKey":{"signedKeyId":1,"baseKey":"BU9BkouPG4eG9OZBGjY7m3eWlfHRl+ds6TuHNr15xSgb","preKeyId":6709151}}},"version":"v1"}