{"_sessions":{"BV4gg3SnUFwbGGBKB+j+gc2bqb6N1yL53R2tuWuDh6Ef":{"registrationId":2060895840,"currentRatchet":{"ephemeralKeyPair":{"pubKey":"BTvB3RNyL2qwCOJpsijjRcs2U70S74Rylodqlk70Nvpi","privKey":"wFdbgFcuZ9Lj9n9QvT48/G5xqU1nM1XpBSOnevl5dFA="},"lastRemoteEphemeralKey":"BSlHDThGGS55IEcdcvXelRxbLHrB0qVQTK8ZNSoHETNf","previousCounter":0,"rootKey":"NeDm++wHNUYK4wk9MGbODKf3+7SYYNB20PRPeCozftE="},"indexInfo":{"baseKey":"BV4gg3SnUFwbGGBKB+j+gc2bqb6N1yL53R2tuWuDh6Ef","baseKeyType":1,"closed":-1,"used":1746645158638,"created":1746645158638,"remoteIdentityKey":"BdhplGg3geO6NlmkQAPRFMxNpsaG2RkOhYrbdi78ep5T"},"_chains":{"BTvB3RNyL2qwCOJpsijjRcs2U70S74Rylodqlk70Nvpi":{"chainKey":{"counter":0,"key":"31hk4Hze9rtZA9OwbJF243y1gnuoLzfRoK+Rud361cY="},"chainType":1,"messageKeys":{}}},"pendingPreKey":{"signedKeyId":15345792,"baseKey":"BV4gg3SnUFwbGGBKB+j+gc2bqb6N1yL53R2tuWuDh6Ef","preKeyId":3162}}},"version":"v1"}