{"_sessions":{"BZuc4BLBaPHzquBCyoizq8jlkn5BsXMZ2buLdvuaFZoJ":{"registrationId":718695615,"currentRatchet":{"ephemeralKeyPair":{"pubKey":"BSDUMxycsu8xMFDEtU3b8AIbh5GXF2sUN1y3y5ShLFQf","privKey":"oFUhNlqDJYVYT5PwRny89TpoNchhZc5IYMIC662armo="},"lastRemoteEphemeralKey":"BUNGOFe+m2WLFLEuxLB5qM2lofoqbWQf7h03j5lXfOQ2","previousCounter":0,"rootKey":"STplMxdHu9vHkwI/e2wy1bxAEHHz56NtvSeWvzlXmZM="},"indexInfo":{"baseKey":"BZuc4BLBaPHzquBCyoizq8jlkn5BsXMZ2buLdvuaFZoJ","baseKeyType":1,"closed":-1,"used":1746644960035,"created":1746644960035,"remoteIdentityKey":"BYA7LIm73khxirYV14T4IOi+aADuAl01V5VTP/pKFgxR"},"_chains":{"BSDUMxycsu8xMFDEtU3b8AIbh5GXF2sUN1y3y5ShLFQf":{"chainKey":{"counter":1,"key":"C5sfQjjeG+/Xn9Dsr6ewn/QDW77YqjRGx1oAi8McRoo="},"chainType":1,"messageKeys":{}}},"pendingPreKey":{"signedKeyId":13067726,"baseKey":"BZuc4BLBaPHzquBCyoizq8jlkn5BsXMZ2buLdvuaFZoJ","preKeyId":19904}}},"version":"v1"}