{"_sessions":{"BWOo6Z/RLt3aXXReMjVZklqprK6w15Ug7mk0O1Z5FaI/":{"registrationId":852192738,"currentRatchet":{"ephemeralKeyPair":{"pubKey":"BTaeaWfJ4VVyYKnUymCbGnvfcZDw5y8BkjRBtcfs9MBv","privKey":"WKa4HTzs2OCDdFs+g6gWXrMD80e2ufwpvYYpU+Mi3k0="},"lastRemoteEphemeralKey":"BZFUhGbSYO8lL6Ruj5/sj2SeGOUCRw3HyOOqfF+gtD4i","previousCounter":0,"rootKey":"AT6dPnX5NWcuZDf+wQkGgHo4+EqlbGNFP1fO445wgAI="},"indexInfo":{"baseKey":"BWOo6Z/RLt3aXXReMjVZklqprK6w15Ug7mk0O1Z5FaI/","baseKeyType":1,"closed":-1,"used":1746645166048,"created":1746645166048,"remoteIdentityKey":"BVapZBMqEV7vVt4Ddw/lekWlkxkJqeyQD48jLG2MNyBQ"},"_chains":{"BTaeaWfJ4VVyYKnUymCbGnvfcZDw5y8BkjRBtcfs9MBv":{"chainKey":{"counter":0,"key":"qXjdH7yuMtb3AW4uFjphD0W3mXQnaqwsWTCvoRysLAM="},"chainType":1,"messageKeys":{}}},"pendingPreKey":{"signedKeyId":14183909,"baseKey":"BWOo6Z/RLt3aXXReMjVZklqprK6w15Ug7mk0O1Z5FaI/","preKeyId":1257}}},"version":"v1"}