{"_sessions":{"BT/WcTctNOFjcEH5q7BHIunp2ZAl+EpG9RyJ/yLVsLNd":{"registrationId":1388855494,"currentRatchet":{"ephemeralKeyPair":{"pubKey":"BUJ5+nlX5C3p5AcgsNx9+AXCWQ3XAPMPY/di3UByovI1","privKey":"mGIXaySrIMnjNbxR5CLAgWcNxp+7rwgrumsrP+s8xkg="},"lastRemoteEphemeralKey":"BYp/9w4d4m/YOiKVViWjdTFbfzi6uRXdIHdxUPgF/Oca","previousCounter":0,"rootKey":"twbazFPRPw/bp/VnH1I39JKm3l3Q0vESJGzJQCNz/7Q="},"indexInfo":{"baseKey":"BT/WcTctNOFjcEH5q7BHIunp2ZAl+EpG9RyJ/yLVsLNd","baseKeyType":1,"closed":-1,"used":1746644960132,"created":1746644960132,"remoteIdentityKey":"BZElYrmVYxDnLreG6VPOn5sPSjz3LlnIT1mtdfxBUhsG"},"_chains":{"BUJ5+nlX5C3p5AcgsNx9+AXCWQ3XAPMPY/di3UByovI1":{"chainKey":{"counter":1,"key":"ku9M3ilxYqqMMftzZd5tl8ccPmgo3PT52YQaQh1tcrU="},"chainType":1,"messageKeys":{}}},"pendingPreKey":{"signedKeyId":0,"baseKey":"BT/WcTctNOFjcEH5q7BHIunp2ZAl+EpG9RyJ/yLVsLNd"}}},"version":"v1"}