{"_sessions":{"BaWkOKMp8eQS/xUFdBycbBorddJhVwgor+nQo1SDgRsY":{"registrationId":690229711,"currentRatchet":{"ephemeralKeyPair":{"pubKey":"BbdIFZ4faNNiWzHz2GKzB8SKa7GlGp6Q9UTYNf4caZ8j","privKey":"SFhs98/ZzfmQs9WY8OvLeEKRMUd61KtNYtKmFYbmoWc="},"lastRemoteEphemeralKey":"BXzMZORGdnpaMHgy+6USWQAbvJ3j5IGFeCxJTybVkOIQ","previousCounter":0,"rootKey":"1AuFMFIIEGeGV/dBtIynMf1zt2dEj4CuDxPjbOwV61o="},"indexInfo":{"baseKey":"BaWkOKMp8eQS/xUFdBycbBorddJhVwgor+nQo1SDgRsY","baseKeyType":1,"closed":-1,"used":1746645166034,"created":1746645166034,"remoteIdentityKey":"BURTKoNhBqg3vf1F6gq8PVHZX+WV7QlAZVoejIhbmR9l"},"_chains":{"BbdIFZ4faNNiWzHz2GKzB8SKa7GlGp6Q9UTYNf4caZ8j":{"chainKey":{"counter":0,"key":"4eKSiqIFPB5Pw4Bxg/6JFRXYZe86udYNq0S2N9yBtzU="},"chainType":1,"messageKeys":{}}},"pendingPreKey":{"signedKeyId":13208849,"baseKey":"BaWkOKMp8eQS/xUFdBycbBorddJhVwgor+nQo1SDgRsY","preKeyId":4539}}},"version":"v1"}