{"_sessions":{"BY+LfC8XbG88RFR2t+MNqwsd/+kiZ1dBoOcEyigTHbxc":{"registrationId":621689302,"currentRatchet":{"ephemeralKeyPair":{"pubKey":"Bb4UhAGprxkn2vPPV9Ly8e0if2J2yZKGav2I6dkDZfQb","privKey":"CA/y6/HmMD5HGWmcZ2mqVj5n/f2RSqFwTcdroD1y0FU="},"lastRemoteEphemeralKey":"BftxUfYbmoyM9toA5mZp8eZt/Vh/kUAX5E5aFi1krus6","previousCounter":0,"rootKey":"Q5vKnitE+AekrCH9COvxWc2MrYb7Ciet6z3lTxlPbs8="},"indexInfo":{"baseKey":"BY+LfC8XbG88RFR2t+MNqwsd/+kiZ1dBoOcEyigTHbxc","baseKeyType":1,"closed":-1,"used":1746644960099,"created":1746644960099,"remoteIdentityKey":"BaGPmQhFH5AKRsUsgXSxR+Ufro0RFzoKTiVD1eGCFD1M"},"_chains":{"Bb4UhAGprxkn2vPPV9Ly8e0if2J2yZKGav2I6dkDZfQb":{"chainKey":{"counter":1,"key":"tUluo0Ass5L19nm0JvDkf3IYOWdVzU1UKGCZO7duT4k="},"chainType":1,"messageKeys":{}}},"pendingPreKey":{"signedKeyId":0,"baseKey":"BY+LfC8XbG88RFR2t+MNqwsd/+kiZ1dBoOcEyigTHbxc","preKeyId":2653835}}},"version":"v1"}