{"_sessions":{"BahwJiVY3Wf1132dujKZ3VKcRGcuXfHJlwsHuZIMSVR8":{"registrationId":213545500,"currentRatchet":{"ephemeralKeyPair":{"pubKey":"BYbc3OhfI6vW89jt6VH2D1jItA6db4dTZCQ/GeG5zkcP","privKey":"mEF/8B67AGjuNXID0C+no0HkP75lARM348g1b8y5XX0="},"lastRemoteEphemeralKey":"BQt7JdH41orVZ80s5gRlFW9kD2LdHmlvCVRGXHun8AtK","previousCounter":0,"rootKey":"44NH8hajNWITfAPZwmgtFrXvfpsNPP0yZchTm8e9aDQ="},"indexInfo":{"baseKey":"BahwJiVY3Wf1132dujKZ3VKcRGcuXfHJlwsHuZIMSVR8","baseKeyType":1,"closed":1746627386488,"used":1746627365889,"created":1746627365889,"remoteIdentityKey":"BQ74KYRIvdOAUA9yzNwi3TL5pEawcCsIKtB+V/oPjDZE"},"_chains":{"BYbc3OhfI6vW89jt6VH2D1jItA6db4dTZCQ/GeG5zkcP":{"chainKey":{"counter":0,"key":"XmWdYgjYks5c908ZHF1Tz9a1xkkBx6fvw7i3XE5ty2M="},"chainType":1,"messageKeys":{}}},"pendingPreKey":{"signedKeyId":2,"baseKey":"BahwJiVY3Wf1132dujKZ3VKcRGcuXfHJlwsHuZIMSVR8"}},"BWPyRScnBjFE9VhNZzgkdY74KyWwEbxiijmtAbA9Q/5t":{"registrationId":213545500,"currentRatchet":{"ephemeralKeyPair":{"pubKey":"BUQ4BiKCC8lFm7KAQKI+t8msAOlhrVzwCC/6rs27doVw","privKey":"qKu69vOuiCZP0EtE5kgJ4pohBq/rStOwbkx6qcstB3w="},"lastRemoteEphemeralKey":"BQt7JdH41orVZ80s5gRlFW9kD2LdHmlvCVRGXHun8AtK","previousCounter":0,"rootKey":"5aWrg74CCYjIi9bmIsjXX7G+5VTJhfBBEQWo+LtIucg="},"indexInfo":{"baseKey":"BWPyRScnBjFE9VhNZzgkdY74KyWwEbxiijmtAbA9Q/5t","baseKeyType":1,"closed":1746627408721,"used":1746627385954,"created":1746627385954,"remoteIdentityKey":"BQ74KYRIvdOAUA9yzNwi3TL5pEawcCsIKtB+V/oPjDZE"},"_chains":{"BUQ4BiKCC8lFm7KAQKI+t8msAOlhrVzwCC/6rs27doVw":{"chainKey":{"counter":0,"key":"dxXw8CtF+gFLOQNQM7HqEYPrLZaD5NHLKpNg0UsLxFU="},"chainType":1,"messageKeys":{}}},"pendingPreKey":{"signedKeyId":2,"baseKey":"BWPyRScnBjFE9VhNZzgkdY74KyWwEbxiijmtAbA9Q/5t"}},"BUow87TayilZKrRMTIMbQW0bujuXudXXp2fVZqqVrrNh":{"registrationId":213545500,"currentRatchet":{"ephemeralKeyPair":{"pubKey":"BSnGSWlMQRRypMM+EPivJsyt4wXKJZ/vg6Hio6j3+5tr","privKey":"8G3D7/G1lUvL6FbGZuFkxEuCxflicvuIwlJ+2T9m/kg="},"lastRemoteEphemeralKey":"BQt7JdH41orVZ80s5gRlFW9kD2LdHmlvCVRGXHun8AtK","previousCounter":0,"rootKey":"Z0f6bGuV4ofC7bKO2+Qiqtsqa7OHSj70pNI+S1p6UxE="},"indexInfo":{"baseKey":"BUow87TayilZKrRMTIMbQW0bujuXudXXp2fVZqqVrrNh","baseKeyType":1,"closed":-1,"used":1746627408311,"created":1746627408311,"remoteIdentityKey":"BQ74KYRIvdOAUA9yzNwi3TL5pEawcCsIKtB+V/oPjDZE"},"_chains":{"BSnGSWlMQRRypMM+EPivJsyt4wXKJZ/vg6Hio6j3+5tr":{"chainKey":{"counter":3,"key":"+k4i/yZ0bmIvaVbbS5chiqYZlhSTt7/vHHHDwUGvK/w="},"chainType":1,"messageKeys":{}}},"pendingPreKey":{"signedKeyId":2,"baseKey":"BUow87TayilZKrRMTIMbQW0bujuXudXXp2fVZqqVrrNh"}}},"version":"v1"}