{"_sessions":{"Bc4wO09P3IH5ueCUbRm1qoT+JhfU5f4u/HaOXaf2e6oO":{"registrationId":1465660741,"currentRatchet":{"ephemeralKeyPair":{"pubKey":"BV2AiTjrvudh81eioZOioKslMaLHg74X4egzEalyOcN5","privKey":"wNq3gfqsow0OzR5CyEjudk5hu4FM+c1hQLQvMDt3XnM="},"lastRemoteEphemeralKey":"BbpqXj5efBIyGaU+qiEu81737/QpuLMn+pcwObEXevdi","previousCounter":0,"rootKey":"IV8SAy560YpBEAIMKTRfSNqJGfgyJG9/jxzZZ7UFWj0="},"indexInfo":{"baseKey":"Bc4wO09P3IH5ueCUbRm1qoT+JhfU5f4u/HaOXaf2e6oO","baseKeyType":1,"closed":1746627386509,"used":1746627365978,"created":1746627365978,"remoteIdentityKey":"BXqX/I7l6FqjVXig1MTsuk5nB4WiheQ9QHhHi86V7Nc8"},"_chains":{"BV2AiTjrvudh81eioZOioKslMaLHg74X4egzEalyOcN5":{"chainKey":{"counter":0,"key":"Uy0kCWhCBo4Cf87tjeZL8FBzAg756+DhfQcTkaXok4w="},"chainType":1,"messageKeys":{}}},"pendingPreKey":{"signedKeyId":14,"baseKey":"Bc4wO09P3IH5ueCUbRm1qoT+JhfU5f4u/HaOXaf2e6oO","preKeyId":7898149}},"BUhtEsmeWXQwp2UIbtX0JbykYgtaMPVa2V5OaQVy7Tp7":{"registrationId":1465660741,"currentRatchet":{"ephemeralKeyPair":{"pubKey":"BWRmRuFuC6jiawp3/kckhpnJXHIgRQvMykXlcZ3lH2Av","privKey":"eAL5vlYMgXhElWsRFTWD0Pvx0ov9RYbJnxfNyXO3sWY="},"lastRemoteEphemeralKey":"BbpqXj5efBIyGaU+qiEu81737/QpuLMn+pcwObEXevdi","previousCounter":0,"rootKey":"SxkVdj5TD+ad5Eipa6f7G5APoIafs7vQkPXr7iYbMDE="},"indexInfo":{"baseKey":"BUhtEsmeWXQwp2UIbtX0JbykYgtaMPVa2V5OaQVy7Tp7","baseKeyType":1,"closed":1746627408737,"used":1746627386053,"created":1746627386053,"remoteIdentityKey":"BXqX/I7l6FqjVXig1MTsuk5nB4WiheQ9QHhHi86V7Nc8"},"_chains":{"BWRmRuFuC6jiawp3/kckhpnJXHIgRQvMykXlcZ3lH2Av":{"chainKey":{"counter":0,"key":"HlXLhfMJ8QpJFFnsmGXk9bbFyAu/MzXSAUum/oXe5rA="},"chainType":1,"messageKeys":{}}},"pendingPreKey":{"signedKeyId":14,"baseKey":"BUhtEsmeWXQwp2UIbtX0JbykYgtaMPVa2V5OaQVy7Tp7","preKeyId":7898217}},"Ba2UQrfWt6/gaX3/k0L98Pl8gJisXdd6GW63VDtLr7NY":{"registrationId":1465660741,"currentRatchet":{"ephemeralKeyPair":{"pubKey":"BaN3ZfJDpP9q3WURFzvT9/RiSIpfkiWl7QGN5V7Y2583","privKey":"MIqJ/KmkEDOiZ4YMhNGxalsdZVC6LKdalZz+mMQGd3Y="},"lastRemoteEphemeralKey":"BbpqXj5efBIyGaU+qiEu81737/QpuLMn+pcwObEXevdi","previousCounter":0,"rootKey":"m0z8h621mBNvFtquf8rkGaDI30Fuy7N2p7pMiv6Npi0="},"indexInfo":{"baseKey":"Ba2UQrfWt6/gaX3/k0L98Pl8gJisXdd6GW63VDtLr7NY","baseKeyType":1,"closed":-1,"used":1746627408385,"created":1746627408385,"remoteIdentityKey":"BXqX/I7l6FqjVXig1MTsuk5nB4WiheQ9QHhHi86V7Nc8"},"_chains":{"BaN3ZfJDpP9q3WURFzvT9/RiSIpfkiWl7QGN5V7Y2583":{"chainKey":{"counter":3,"key":"CZLZI7zg10grAcmYJQsvtwuAag8tUalkvJ8OaFvqbmk="},"chainType":1,"messageKeys":{}}},"pendingPreKey":{"signedKeyId":14,"baseKey":"Ba2UQrfWt6/gaX3/k0L98Pl8gJisXdd6GW63VDtLr7NY","preKeyId":7898178}}},"version":"v1"}