{"_sessions":{"BcISJzKBgo/rRmmZmC8IRrFuoFw5p6olbEV9VgQ+jxFO":{"registrationId":454232598,"currentRatchet":{"ephemeralKeyPair":{"pubKey":"Bfjp3sg5t2SLTDiwxvA1EZNNKHUKh7IHZHCAzVp0jj4B","privKey":"CGdcr2FYUWz7rk5R8EsPdVVkIb+dNr72CRXikorU6UE="},"lastRemoteEphemeralKey":"BbhCW9h1rYPcxvQrzpv6ASXYiB9i42Ag9Tc3Xss3cGxb","previousCounter":0,"rootKey":"JOyrynvaJZk76SxOo339jomMmr/K2503sq0M+8sdM20="},"indexInfo":{"baseKey":"BcISJzKBgo/rRmmZmC8IRrFuoFw5p6olbEV9VgQ+jxFO","baseKeyType":1,"closed":-1,"used":1746645158423,"created":1746645158423,"remoteIdentityKey":"Bdxwc2uryzwiEKtuhwfO7mkc3bjTkRzolo3uFnavtINo"},"_chains":{"Bfjp3sg5t2SLTDiwxvA1EZNNKHUKh7IHZHCAzVp0jj4B":{"chainKey":{"counter":0,"key":"SZntPb/SY2+fk6H6ngPx8Yntufa3nb5opK9z3KyEkBM="},"chainType":1,"messageKeys":{}}},"pendingPreKey":{"signedKeyId":75,"baseKey":"BcISJzKBgo/rRmmZmC8IRrFuoFw5p6olbEV9VgQ+jxFO"}}},"version":"v1"}