{"_sessions":{"BZL996A0KaapQ8AgBdIq//5zSRxY5bAmwkDv+JZ1jeY5":{"registrationId":297475006,"currentRatchet":{"ephemeralKeyPair":{"pubKey":"BYi9UdiKju4CLt0d63pbR5JNFC4Yvn4tfJCiMOH2rhZ0","privKey":"SChEVlge8vfYM4iWfsaviLwT/Hf0YjiPLkOIILnmtGc="},"lastRemoteEphemeralKey":"BWtG2XT3cIhs3+6TsrsygvPB5PjFuMLj0azpcoI2d3R1","previousCounter":0,"rootKey":"2IZtkb3yU2Oga5e39ALIi2r+HTXIKoOlBLccH1ClQNE="},"indexInfo":{"baseKey":"BZL996A0KaapQ8AgBdIq//5zSRxY5bAmwkDv+JZ1jeY5","baseKeyType":1,"closed":-1,"used":1746627450128,"created":1746627450128,"remoteIdentityKey":"BfuyJ3bSVS5oIzrDYSZXmkhmvY+wssoaqjTueb3dAj1a"},"_chains":{"BYi9UdiKju4CLt0d63pbR5JNFC4Yvn4tfJCiMOH2rhZ0":{"chainKey":{"counter":0,"key":"XHu884jMcOOxLUM7I1JVoLpTmYvUiLiflKEKRfRiAJY="},"chainType":1,"messageKeys":{}}},"pendingPreKey":{"signedKeyId":7099649,"baseKey":"BZL996A0KaapQ8AgBdIq//5zSRxY5bAmwkDv+JZ1jeY5","preKeyId":18308}}},"version":"v1"}