{"_sessions":{"BRxTT11kJLTW1Y48nKSUXWH9wnhzfomuk3RI4JgtMFpZ":{"registrationId":135,"currentRatchet":{"ephemeralKeyPair":{"pubKey":"BSKiAVx9wyJyNSI3qeorORaportY8QtJspC6K4ufFU51","privKey":"kJDPTL0+EoPxTDudYbUPV37ME6ZQP1JD3uoGKu5C22Y="},"lastRemoteEphemeralKey":"BT4o6S/80JSnYIbKSJH7qeufmEcQd6PLWUKAZyAAKapU","previousCounter":0,"rootKey":"bbnXUskKNP8ggP6Xwoxmzwet1v+fKmDFDg/Q4DgLxTQ="},"indexInfo":{"baseKey":"BRxTT11kJLTW1Y48nKSUXWH9wnhzfomuk3RI4JgtMFpZ","baseKeyType":1,"closed":1746627382127,"used":1746627362178,"created":1746627362178,"remoteIdentityKey":"BSrkaVjV1FdcsQk6jirhnapHrbwPokEdDF+dOwANUTJO"},"_chains":{"BSKiAVx9wyJyNSI3qeorORaportY8QtJspC6K4ufFU51":{"chainKey":{"counter":0,"key":"uXIpNjTbLSMJn7F+mbQ4WS2qM5hBqCZMOp6Ne6atzOs="},"chainType":1,"messageKeys":{}}},"pendingPreKey":{"signedKeyId":1,"baseKey":"BRxTT11kJLTW1Y48nKSUXWH9wnhzfomuk3RI4JgtMFpZ","preKeyId":39}},"BcfvmhEf+HGcAu80o6NxpX0GgNqsq/XwxsbgdjJpjUMA":{"registrationId":135,"currentRatchet":{"ephemeralKeyPair":{"pubKey":"BcOErh9MmV0XAAA5vT7GUXwyGoYIGwQTlqLONddnBydG","privKey":"cKwmipLTBgrEQM0vxGbSNzXXf5krOjOEDMS4euJUNnM="},"lastRemoteEphemeralKey":"BT4o6S/80JSnYIbKSJH7qeufmEcQd6PLWUKAZyAAKapU","previousCounter":0,"rootKey":"UvVe3UlvGA/uGwSH3Fzd68+y4Nfx+y9ESaF8Hlerc2k="},"indexInfo":{"baseKey":"BcfvmhEf+HGcAu80o6NxpX0GgNqsq/XwxsbgdjJpjUMA","baseKeyType":1,"closed":1746627404854,"used":1746627381626,"created":1746627381626,"remoteIdentityKey":"BSrkaVjV1FdcsQk6jirhnapHrbwPokEdDF+dOwANUTJO"},"_chains":{"BcOErh9MmV0XAAA5vT7GUXwyGoYIGwQTlqLONddnBydG":{"chainKey":{"counter":0,"key":"jVjj9GXVlcrn4okSH4YvAeFyzTNp/DHBF0PE6AwlzCo="},"chainType":1,"messageKeys":{}}},"pendingPreKey":{"signedKeyId":1,"baseKey":"BcfvmhEf+HGcAu80o6NxpX0GgNqsq/XwxsbgdjJpjUMA","preKeyId":47}},"BcUoDSBGl9PukmcVDpLFtdD1mLHnt/qXwfvU9IDiltJQ":{"registrationId":135,"currentRatchet":{"ephemeralKeyPair":{"pubKey":"BaMf/CzEeJ6AlZ+Cd3C8KMwu913A/+wfXXcv2Zg9flML","privKey":"2HXz49rtRx8xU46LzpIrg5Nvsl3dl6Gr8zO8gaaiVm0="},"lastRemoteEphemeralKey":"BT4o6S/80JSnYIbKSJH7qeufmEcQd6PLWUKAZyAAKapU","previousCounter":0,"rootKey":"doQmfM1AggUzo61Y47i6PyNEGhBzSGloYTMg1NeuIeI="},"indexInfo":{"baseKey":"BcUoDSBGl9PukmcVDpLFtdD1mLHnt/qXwfvU9IDiltJQ","baseKeyType":1,"closed":-1,"used":1746627404460,"created":1746627404460,"remoteIdentityKey":"BSrkaVjV1FdcsQk6jirhnapHrbwPokEdDF+dOwANUTJO"},"_chains":{"BaMf/CzEeJ6AlZ+Cd3C8KMwu913A/+wfXXcv2Zg9flML":{"chainKey":{"counter":3,"key":"6f9gkU3IFIIY/wIyo2K99u3mKuYysEu0nJlQsSNf7pM="},"chainType":1,"messageKeys":{}}},"pendingPreKey":{"signedKeyId":1,"baseKey":"BcUoDSBGl9PukmcVDpLFtdD1mLHnt/qXwfvU9IDiltJQ","preKeyId":33}}},"version":"v1"}