{"_sessions":{"BaWQD8nf4+xUWrAsXs4lPv/sZiX5XqWx4FoyK8WGpqZ1":{"registrationId":1974242967,"currentRatchet":{"ephemeralKeyPair":{"pubKey":"BZP1qGTgVzleZ+H6ITOtQ9fdlqY2vIlvYPk89rWUvf56","privKey":"qKyNxuP6nUDU+Y2p1CxNznGs2coVf2nXawiIX1PxpEI="},"lastRemoteEphemeralKey":"BbVGmATn+rc9Bjew+/Ok1Lpsp+diXV7Hyfu9TF5F3KoY","previousCounter":0,"rootKey":"cKiSfgRQefi7MFRoiHquNVLSz5ONw+qF+eREnDUjyQU="},"indexInfo":{"baseKey":"BaWQD8nf4+xUWrAsXs4lPv/sZiX5XqWx4FoyK8WGpqZ1","baseKeyType":1,"closed":-1,"used":1746645070204,"created":1746645070204,"remoteIdentityKey":"BQS5JtOv4PMApN07IbCp9tMMS3oSVglOPB02XJTZGdcp"},"_chains":{"BZP1qGTgVzleZ+H6ITOtQ9fdlqY2vIlvYPk89rWUvf56":{"chainKey":{"counter":0,"key":"gym1LTjNhEcYAot+74EitLUENhGud7nNMphwh0+HZ78="},"chainType":1,"messageKeys":{}}},"pendingPreKey":{"signedKeyId":0,"baseKey":"BaWQD8nf4+xUWrAsXs4lPv/sZiX5XqWx4FoyK8WGpqZ1","preKeyId":2482809}}},"version":"v1"}