{"_sessions":{"BdO/U4JxWZDF37p2f+p2MWezJU0uQiUl4TfNq9Eve19F":{"registrationId":1535912964,"currentRatchet":{"ephemeralKeyPair":{"pubKey":"BSTDpBzYTtjQMBmRw/lG49astX2yrHbYdplCXtdUR5Jh","privKey":"cE4B339Xgegf8uY+sm1N2UWZtpX8ANirkNOzukDw/nc="},"lastRemoteEphemeralKey":"BVi21qr+MOhN64pPG6OXoJxaQb4tZsAzDpLthAeBc78U","previousCounter":0,"rootKey":"5DP7Z+Ik5nP1VINzUBj8vHEnEB2LG1ZfZVLDRiNQEmY="},"indexInfo":{"baseKey":"BdO/U4JxWZDF37p2f+p2MWezJU0uQiUl4TfNq9Eve19F","baseKeyType":1,"closed":1746627386588,"used":1746627366215,"created":1746627366215,"remoteIdentityKey":"BT6zK0DaSnOJHhI7XEfCVycLzZ8llqlzAxroCpysuVYt"},"_chains":{"BSTDpBzYTtjQMBmRw/lG49astX2yrHbYdplCXtdUR5Jh":{"chainKey":{"counter":0,"key":"WfkJRCzfNT0NZOSCwYmMJJ18PG+qlNTW8d9ZD7i9hkM="},"chainType":1,"messageKeys":{}}},"pendingPreKey":{"signedKeyId":2,"baseKey":"BdO/U4JxWZDF37p2f+p2MWezJU0uQiUl4TfNq9Eve19F","preKeyId":12321522}},"Bc35Gf0uo/ezoXsARiWhkZOZ/PWXMU55mM3KfjqDT3p/":{"registrationId":1535912964,"currentRatchet":{"ephemeralKeyPair":{"pubKey":"BWIRn0u381vb4yfdEgBN3JLd3xyDrpUFer1V/VjTXtpi","privKey":"oKoIUdEXYq9hYakT4ia3jAHZjd/mqwuiw0wqm/t5s18="},"lastRemoteEphemeralKey":"BVi21qr+MOhN64pPG6OXoJxaQb4tZsAzDpLthAeBc78U","previousCounter":0,"rootKey":"5JCij/Tovx8BHetuyR1mcKem1g5U6DAv0SLpOjIydTs="},"indexInfo":{"baseKey":"Bc35Gf0uo/ezoXsARiWhkZOZ/PWXMU55mM3KfjqDT3p/","baseKeyType":1,"closed":1746627408789,"used":1746627386369,"created":1746627386369,"remoteIdentityKey":"BT6zK0DaSnOJHhI7XEfCVycLzZ8llqlzAxroCpysuVYt"},"_chains":{"BWIRn0u381vb4yfdEgBN3JLd3xyDrpUFer1V/VjTXtpi":{"chainKey":{"counter":0,"key":"Be8aC7OzR29vVeH1sWnA4Y6VQU4CSkLMOEXq1FplMuc="},"chainType":1,"messageKeys":{}}},"pendingPreKey":{"signedKeyId":2,"baseKey":"Bc35Gf0uo/ezoXsARiWhkZOZ/PWXMU55mM3KfjqDT3p/","preKeyId":12321507}},"BcLq5xWUwLatFl4MID8ATZI3F1Ej/Y4AVkjndMPJ1xgF":{"registrationId":1535912964,"currentRatchet":{"ephemeralKeyPair":{"pubKey":"BXfpyrVlbN9+mfVb4w+vpnG8p7wrPIAMK/0poNFsqEEp","privKey":"4IEvwRt8u4rhKYdo6jzGHZFlzvTobcNVFiehbooGKm0="},"lastRemoteEphemeralKey":"BVi21qr+MOhN64pPG6OXoJxaQb4tZsAzDpLthAeBc78U","previousCounter":0,"rootKey":"2XJZvSQG4TBJOiICDmr1bc5fvKeOvdNDIg7vT2/VC08="},"indexInfo":{"baseKey":"BcLq5xWUwLatFl4MID8ATZI3F1Ej/Y4AVkjndMPJ1xgF","baseKeyType":1,"closed":-1,"used":1746627408636,"created":1746627408636,"remoteIdentityKey":"BT6zK0DaSnOJHhI7XEfCVycLzZ8llqlzAxroCpysuVYt"},"_chains":{"BXfpyrVlbN9+mfVb4w+vpnG8p7wrPIAMK/0poNFsqEEp":{"chainKey":{"counter":3,"key":"HsBmY5n6LQFSmC8qMODOvOGFHVeSi2OpZtmThLDPhcY="},"chainType":1,"messageKeys":{}}},"pendingPreKey":{"signedKeyId":2,"baseKey":"BcLq5xWUwLatFl4MID8ATZI3F1Ej/Y4AVkjndMPJ1xgF","preKeyId":12321520}}},"version":"v1"}