{"_sessions":{"BRNwV5mogu3g7RNA6tlUSvND5GJkTKUTw63lnmb9oMJP":{"registrationId":1767883900,"currentRatchet":{"ephemeralKeyPair":{"pubKey":"BSqlbCMi6uz1HH75mHiVyyipznClFjubo1MQw+tVxO5X","privKey":"aBRFd5aLnOnv0hfXMK2DvLm1ta1j0gDM9ljM5FWH5k8="},"lastRemoteEphemeralKey":"BTn1rk4isrMX3FmRJGofkzchwF/iMa5jLMXeayzmkoxJ","previousCounter":0,"rootKey":"fS46xyiQSD/+60JeCTkzUzP6nP58HHlJCak5nTxvBR8="},"indexInfo":{"baseKey":"BRNwV5mogu3g7RNA6tlUSvND5GJkTKUTw63lnmb9oMJP","baseKeyType":1,"closed":-1,"used":1746645070283,"created":1746645070283,"remoteIdentityKey":"BQ5lQ+Tq5aJJlM//4+U5rWiXVRmBA2SI89TZ/U9qAB1E"},"_chains":{"BSqlbCMi6uz1HH75mHiVyyipznClFjubo1MQw+tVxO5X":{"chainKey":{"counter":0,"key":"uHPTSOtFO4//LITpLF2qxeD4x7VpCLr7yxPWqafor6A="},"chainType":1,"messageKeys":{}}},"pendingPreKey":{"signedKeyId":2,"baseKey":"BRNwV5mogu3g7RNA6tlUSvND5GJkTKUTw63lnmb9oMJP","preKeyId":16598377}}},"version":"v1"}