{"_sessions":{"BZZuzmnYvrZkF4qNEB9uS07qHbWLq8pnX6jMYEmqHmcI":{"registrationId":225729940,"currentRatchet":{"ephemeralKeyPair":{"pubKey":"BfqPohrOVIH+S2LOhKxx2Tyd3gAJIs72wQZO6tn/5ctf","privKey":"8DYqFBTfNS7NLwszu5Q8KY1BunZUEN7V9lpv3ElSD34="},"lastRemoteEphemeralKey":"BTAfkTjJQV8AAm9WTSmvx/nqmZo/J2dqcaQnfW/dBccQ","previousCounter":0,"rootKey":"5yJeeiW23GzpTUuL/W0BTqj7k0lkScnfb4sFKYJvm4w="},"indexInfo":{"baseKey":"BZZuzmnYvrZkF4qNEB9uS07qHbWLq8pnX6jMYEmqHmcI","baseKeyType":1,"closed":-1,"used":1746645158603,"created":1746645158603,"remoteIdentityKey":"Bfnpiqc9d33ShNr17XJM4DzK5y9BSh4nQ0/VNOQg0H9t"},"_chains":{"BfqPohrOVIH+S2LOhKxx2Tyd3gAJIs72wQZO6tn/5ctf":{"chainKey":{"counter":0,"key":"47FT6k/LJaIuZyMFNppQfIUeYLGKnysE9qdP0Awb2J0="},"chainType":1,"messageKeys":{}}},"pendingPreKey":{"signedKeyId":2,"baseKey":"BZZuzmnYvrZkF4qNEB9uS07qHbWLq8pnX6jMYEmqHmcI","preKeyId":6813034}}},"version":"v1"}