{"_sessions":{"BW2AkNG3ezBhlvLry67rLRsor01FrjoDcVQwejYoAQQr":{"registrationId":1027696284,"currentRatchet":{"ephemeralKeyPair":{"pubKey":"Bfn+1lxy53XxDLKT2yYecnRiZZ6p6pM6g6rXZJ7mwHAb","privKey":"IM9OQ9YmwLP0Rsijr+kbljdlciyCaBpr2HJKNfprz3M="},"lastRemoteEphemeralKey":"BTe+dv1qeuHpNWoKRJOvi/u5Kvp3iKgR7GRaknl1huAS","previousCounter":0,"rootKey":"FYuYmE35YRkBe/46XEy9EQAjhtRwetMDXCbJWOSkM+U="},"indexInfo":{"baseKey":"BW2AkNG3ezBhlvLry67rLRsor01FrjoDcVQwejYoAQQr","baseKeyType":1,"closed":-1,"used":1746645158598,"created":1746645158598,"remoteIdentityKey":"BZEVedcefKP7EMoPJB2N7nKNAehkI65/ASSd1y7Ms5AG"},"_chains":{"Bfn+1lxy53XxDLKT2yYecnRiZZ6p6pM6g6rXZJ7mwHAb":{"chainKey":{"counter":0,"key":"fOVYI/Ncr+Xp1n4yhwGpw0v24h+lfu6J3iYhOvdDsKE="},"chainType":1,"messageKeys":{}}},"pendingPreKey":{"signedKeyId":1,"baseKey":"BW2AkNG3ezBhlvLry67rLRsor01FrjoDcVQwejYoAQQr","preKeyId":3161085}}},"version":"v1"}