{"_sessions":{"BQB9i0nf2PJfk7PRPOuUX5dO5eqVjcuMlEBRm1mdLZp0":{"registrationId":8301,"currentRatchet":{"ephemeralKeyPair":{"pubKey":"BXqTSVRvJ0WTAdv57Q+lxwLXF0PHsncR6P5yQAnMhFA4","privKey":"WA0Md0t6IKERkvkGdvZUgvuULdMv4vXFuCUYaZxkdHY="},"lastRemoteEphemeralKey":"BeNIlha2Q8Yzd52Sabn5XVnJAM4d/LAjKjglxuKjBhIb","previousCounter":0,"rootKey":"8yO0kBoWsc/s3sADkIwoPIi1cRyTQX9W58qeATSxhCg="},"indexInfo":{"baseKey":"BQB9i0nf2PJfk7PRPOuUX5dO5eqVjcuMlEBRm1mdLZp0","baseKeyType":1,"closed":-1,"used":1746644956418,"created":1746644956418,"remoteIdentityKey":"BSK9gcHRfimqnI+njvte/v1CWRknLkYT/NVaSHg/JppU"},"_chains":{"BXqTSVRvJ0WTAdv57Q+lxwLXF0PHsncR6P5yQAnMhFA4":{"chainKey":{"counter":1,"key":"v3g4ulQ14pIfh6jmyoHEzq6CyoAhc8mpuobz0olBpFE="},"chainType":1,"messageKeys":{}}},"pendingPreKey":{"signedKeyId":1,"baseKey":"BQB9i0nf2PJfk7PRPOuUX5dO5eqVjcuMlEBRm1mdLZp0","preKeyId":1863}}},"version":"v1"}