{"_sessions":{"BSg0wnFlXUYPKJtgSAnrRlXetUx82tV2+qwUdSTD6k50":{"registrationId":1530795002,"currentRatchet":{"ephemeralKeyPair":{"pubKey":"BTrGRxxfGizVrxCVlhY39+0cV7sklgsLT5KZ7C5H9FIQ","privKey":"cPafcEWVKQ4YCfhBGzxzZ4VcELUmBpOJUd1moUz7d3Q="},"lastRemoteEphemeralKey":"BRpmNadY3jJ8lxYG4PxRS17d8bjRWe2uEra+M21X+e8G","previousCounter":0,"rootKey":"EUhE/nplJvELqhJ6WBGfNA8GfFFiBDehkqao9NnXstQ="},"indexInfo":{"baseKey":"BSg0wnFlXUYPKJtgSAnrRlXetUx82tV2+qwUdSTD6k50","baseKeyType":1,"closed":-1,"used":1746645166179,"created":1746645166179,"remoteIdentityKey":"BVSxgfFqNbp7mxpR+Y98LLNCBEsBmd5dGN3nslPGGWsL"},"_chains":{"BTrGRxxfGizVrxCVlhY39+0cV7sklgsLT5KZ7C5H9FIQ":{"chainKey":{"counter":0,"key":"5cDgtGEFuQ580R2V4pYQhDNIoLlLof0k7LD2wyxjjT4="},"chainType":1,"messageKeys":{}}},"pendingPreKey":{"signedKeyId":5346007,"baseKey":"BSg0wnFlXUYPKJtgSAnrRlXetUx82tV2+qwUdSTD6k50","preKeyId":3758}}},"version":"v1"}