{"_sessions":{"BfGGIEiLZ1OxGrSVEW9S79VYR6bhUdf9fwYjnlvXtHls":{"registrationId":1041215981,"currentRatchet":{"ephemeralKeyPair":{"pubKey":"BaE02SzqRwLQpmdKGzqTJDlofDcLA98nNMPYefIi6t4G","privKey":"sKWosNQijuEhbBmfykn5zVeeaiOZlPTTTAeFGqEG8kI="},"lastRemoteEphemeralKey":"BSR0EhXFau2d6EgYpKd2rKizOkYt6TjcR/kXqZo3n54x","previousCounter":0,"rootKey":"Pzh7u1NPP7hfdcj7NTUe4EQXWI7Fp0hnaYNwJO1Jbfw="},"indexInfo":{"baseKey":"BfGGIEiLZ1OxGrSVEW9S79VYR6bhUdf9fwYjnlvXtHls","baseKeyType":1,"closed":-1,"used":1746645162201,"created":1746645162201,"remoteIdentityKey":"BUptE7SrqO315HfTs1Tfj2WleW7swgehM8mIf0puJrs/"},"_chains":{"BaE02SzqRwLQpmdKGzqTJDlofDcLA98nNMPYefIi6t4G":{"chainKey":{"counter":0,"key":"fAdmh5ixBAAqpuVeemN2V0hnTA17RS/FzWID2k6VetU="},"chainType":1,"messageKeys":{}}},"pendingPreKey":{"signedKeyId":9576595,"baseKey":"BfGGIEiLZ1OxGrSVEW9S79VYR6bhUdf9fwYjnlvXtHls","preKeyId":997}}},"version":"v1"}