{"_sessions":{"BS6vDVRgrMUVuK3kJNHZBUYu+ERYkdTBCdBh8qCcr/If":{"registrationId":11308298,"currentRatchet":{"ephemeralKeyPair":{"pubKey":"Bb9fRnHRLzPoJitLbnmV+/29nXlP683xRXUr2PcUPwRp","privKey":"4MgAkdVvdcKEpxFRfJiJY+/KHe98H/RogmRBWF0zMn8="},"lastRemoteEphemeralKey":"BZ95U+nPr/XD+igLbCugyTBGexUp4RSWatLofzu1r/Ul","previousCounter":0,"rootKey":"XwH1JLu3CoSMCbyB+NFNVnJoZ5wpWCmc746lJdmhL6s="},"indexInfo":{"baseKey":"BS6vDVRgrMUVuK3kJNHZBUYu+ERYkdTBCdBh8qCcr/If","baseKeyType":1,"closed":-1,"used":1746645070114,"created":1746645070114,"remoteIdentityKey":"BR1DjmAUqg887ZK2qyBiHGiWfPGJsaw9EzXCeN6ZR0AJ"},"_chains":{"Bb9fRnHRLzPoJitLbnmV+/29nXlP683xRXUr2PcUPwRp":{"chainKey":{"counter":1,"key":"G2AMn0rkH3vrLNox9r6BSnmTrGVoYu5DzRJ3JRPIdp8="},"chainType":1,"messageKeys":{}}},"pendingPreKey":{"signedKeyId":0,"baseKey":"BS6vDVRgrMUVuK3kJNHZBUYu+ERYkdTBCdBh8qCcr/If","preKeyId":15005837}}},"version":"v1"}