{"_sessions":{"Bc8WS7a4FK37kmZKUMwAmbrKRQj1Pp3ol/rsHu6j8dAr":{"registrationId":2043199932,"currentRatchet":{"ephemeralKeyPair":{"pubKey":"BVtYLXAKPGrudHhpn/Ogh623gDsUdBAYo3x1m68wnxoY","privKey":"0EhFQI7a/cKvqkzNyh7tmU1DamugXJ4UtjfFvezPW3E="},"lastRemoteEphemeralKey":"BWLupNyIyMq5xvWp171cE1hNKe39IuUYhtWisU2IAk0p","previousCounter":0,"rootKey":"5V883+dQhL9efUGY0mznxeRIJZDtR0fB70Z7Ma8j/wg="},"indexInfo":{"baseKey":"Bc8WS7a4FK37kmZKUMwAmbrKRQj1Pp3ol/rsHu6j8dAr","baseKeyType":1,"closed":1746627382573,"used":1746627362627,"created":1746627362627,"remoteIdentityKey":"BWAWDYsPEtXhya7fzLQPCsboJXoBnowEgqNw2nUYIRNt"},"_chains":{"BVtYLXAKPGrudHhpn/Ogh623gDsUdBAYo3x1m68wnxoY":{"chainKey":{"counter":0,"key":"mLZlFvcL0NTJ4r0IV7BATgMXlxMJ+LE20QKrgU9VNQU="},"chainType":1,"messageKeys":{}}},"pendingPreKey":{"signedKeyId":9,"baseKey":"Bc8WS7a4FK37kmZKUMwAmbrKRQj1Pp3ol/rsHu6j8dAr","preKeyId":5685930}},"BQ/p3EWHbzcPeZ7C2RRmSFnlXHdC7UFOYE/7cm03zQVP":{"registrationId":2043199932,"currentRatchet":{"ephemeralKeyPair":{"pubKey":"BYXFmQXhK71cgau3/aMAqJJ0thH385p2lq67FG8n6ORx","privKey":"IMzMk58WQe9IcnNIUtl2Rs/rzg3kxfNNGPZf1FEHRWM="},"lastRemoteEphemeralKey":"BWLupNyIyMq5xvWp171cE1hNKe39IuUYhtWisU2IAk0p","previousCounter":0,"rootKey":"+hERR6oAgmFLPmKCly7qMoFgyvWAlGrs2gQZOk+DDGM="},"indexInfo":{"baseKey":"BQ/p3EWHbzcPeZ7C2RRmSFnlXHdC7UFOYE/7cm03zQVP","baseKeyType":1,"closed":1746627404930,"used":1746627382016,"created":1746627382016,"remoteIdentityKey":"BWAWDYsPEtXhya7fzLQPCsboJXoBnowEgqNw2nUYIRNt"},"_chains":{"BYXFmQXhK71cgau3/aMAqJJ0thH385p2lq67FG8n6ORx":{"chainKey":{"counter":0,"key":"GaDHqrzf+7RcWD1exrtV1ETQJhSNum/fSTfGLgTZ4L4="},"chainType":1,"messageKeys":{}}},"pendingPreKey":{"signedKeyId":9,"baseKey":"BQ/p3EWHbzcPeZ7C2RRmSFnlXHdC7UFOYE/7cm03zQVP","preKeyId":5686363}},"BQYUW+IQxn9uaOyc+7mtv0j0/NMEZBHVMa0wVvQGH/t2":{"registrationId":2043199932,"currentRatchet":{"ephemeralKeyPair":{"pubKey":"BU7jnAvzMoeDpE1ANagjAuxQEeULReEoP6y6CQvqHkpQ","privKey":"cMf7HtNWEDjBf7zI1H1sUlI28twTVVakh6GrOqKIGUk="},"lastRemoteEphemeralKey":"BWLupNyIyMq5xvWp171cE1hNKe39IuUYhtWisU2IAk0p","previousCounter":0,"rootKey":"UpqhkuipxMyZtPNrMOjtRfvzoO0lEpi44pPjb+imV2c="},"indexInfo":{"baseKey":"BQYUW+IQxn9uaOyc+7mtv0j0/NMEZBHVMa0wVvQGH/t2","baseKeyType":1,"closed":-1,"used":1746627404763,"created":1746627404763,"remoteIdentityKey":"BWAWDYsPEtXhya7fzLQPCsboJXoBnowEgqNw2nUYIRNt"},"_chains":{"BU7jnAvzMoeDpE1ANagjAuxQEeULReEoP6y6CQvqHkpQ":{"chainKey":{"counter":3,"key":"I2FKC8uttgo8gfsLETB+WLgQ1IAW9+eiGemmCoCdnrc="},"chainType":1,"messageKeys":{}}},"pendingPreKey":{"signedKeyId":9,"baseKey":"BQYUW+IQxn9uaOyc+7mtv0j0/NMEZBHVMa0wVvQGH/t2","preKeyId":5686300}}},"version":"v1"}