{"_sessions":{"BT4l4PWW4ha7PdhZcmrLPZfScILh7070AS5VySnM1M1f":{"registrationId":987393014,"currentRatchet":{"ephemeralKeyPair":{"pubKey":"BZIwrE0R3CmabzWNYjoa/jU0QKVoQoqjQEUJNZqcvy5X","privKey":"GHnp/hL+cUp54g6Y7FE23wIDiuP5jCnP96ZSknHbPkk="},"lastRemoteEphemeralKey":"BSG4ggKLleFnQEiq9fc1f9coSc2l+84aauY+8MFhHutq","previousCounter":0,"rootKey":"9YhU3idxx+MwjTNy22XHMqzk8Q9/PONiXtYaZC8Lpz4="},"indexInfo":{"baseKey":"BT4l4PWW4ha7PdhZcmrLPZfScILh7070AS5VySnM1M1f","baseKeyType":1,"closed":-1,"used":1746645162253,"created":1746645162253,"remoteIdentityKey":"BYm3KC+xQdifEV90xWl06eCxCwHdUie8grnQUktoHccq"},"_chains":{"BZIwrE0R3CmabzWNYjoa/jU0QKVoQoqjQEUJNZqcvy5X":{"chainKey":{"counter":0,"key":"0fh8hqbzjbKql0J6Awk95MGugaO4ksF0HUFFXR+UzOQ="},"chainType":1,"messageKeys":{}}},"pendingPreKey":{"signedKeyId":2,"baseKey":"BT4l4PWW4ha7PdhZcmrLPZfScILh7070AS5VySnM1M1f","preKeyId":802865}}},"version":"v1"}