{"_sessions":{"BZQ92HXWlpuSgWUF+ML1RHWN+8cytHkUN3TOAB1QTKlT":{"registrationId":953463072,"currentRatchet":{"ephemeralKeyPair":{"pubKey":"BfrsHTW4GfwyGmkkTKH3ucx2KuNTMJLiv7aDrRBh080c","privKey":"8IK8VproJGs/qg4Jcu815GLgvhOM8oY19mliLek+SW0="},"lastRemoteEphemeralKey":"Bf2kne7ftwar9UF3/C6Ppz0PfFvD8PcmVE5uOiOVPZxn","previousCounter":0,"rootKey":"AEdRjpGsG1yCZ5mhhu4ou3hbZgB+snPSQ6Zf7QvWxQM="},"indexInfo":{"baseKey":"BZQ92HXWlpuSgWUF+ML1RHWN+8cytHkUN3TOAB1QTKlT","baseKeyType":1,"closed":-1,"used":1746644960198,"created":1746644960198,"remoteIdentityKey":"BU7ypycPBbUlTrAeSqY+qo3UWvD095ow6Jgnk6Yce8YZ"},"_chains":{"BfrsHTW4GfwyGmkkTKH3ucx2KuNTMJLiv7aDrRBh080c":{"chainKey":{"counter":1,"key":"uCAMO1/ivq0PFMLyX56suX7h6B1LtuzMR6b2KcqeNhk="},"chainType":1,"messageKeys":{}}},"pendingPreKey":{"signedKeyId":13,"baseKey":"BZQ92HXWlpuSgWUF+ML1RHWN+8cytHkUN3TOAB1QTKlT","preKeyId":3307811}}},"version":"v1"}