{"_sessions":{"BY0EybktIARqNTpZQNLGt0KLytVeiJSZ/cmmwlURZGBq":{"registrationId":1721830452,"currentRatchet":{"ephemeralKeyPair":{"pubKey":"BSfD9YZqYBpsZVoFdKvsjyr+oxz3QbRgHJ1ZMNpAdRoz","privKey":"4BeueZWlvlCzQUbM9bmVSWcfrfWbAfPcM0RfoEtUtWM="},"lastRemoteEphemeralKey":"Bf9o5Tyoy6VoXASXS/wPmQ+alFPCi6B/SbbLf5RXMnU3","previousCounter":0,"rootKey":"igw49ex+oXqqGw2xwmsL2uRBxjg4tcSLB/D2wxzDc0U="},"indexInfo":{"baseKey":"BY0EybktIARqNTpZQNLGt0KLytVeiJSZ/cmmwlURZGBq","baseKeyType":1,"closed":1746627386485,"used":1746627365879,"created":1746627365879,"remoteIdentityKey":"Bch9jF6FpNTvBDNHePNAzDXuw9NFnCJRIcqTfXm+jUJO"},"_chains":{"BSfD9YZqYBpsZVoFdKvsjyr+oxz3QbRgHJ1ZMNpAdRoz":{"chainKey":{"counter":0,"key":"tk+EwtC33/CYFCBBtY6txHC3FQCLkK4T8B7BYxqUdic="},"chainType":1,"messageKeys":{}}},"pendingPreKey":{"signedKeyId":27,"baseKey":"BY0EybktIARqNTpZQNLGt0KLytVeiJSZ/cmmwlURZGBq","preKeyId":9490705}},"BURtlq1O731tpmb7PlpgFafh3v4qzcu3r/RUS1kJ8bEd":{"registrationId":1721830452,"currentRatchet":{"ephemeralKeyPair":{"pubKey":"Bef2RfvlM5FQi/rk5iZrYj/JstSLO8qczNzamIZGSYUX","privKey":"2HCxoOWV2YZXqZrOnB3RV9P072NrzZB/OD8VRqSTq1A="},"lastRemoteEphemeralKey":"Bf9o5Tyoy6VoXASXS/wPmQ+alFPCi6B/SbbLf5RXMnU3","previousCounter":0,"rootKey":"J8ccGHVruIHYCNKpyKt8FpBVJ0s0yiEC+XY7CtraHAc="},"indexInfo":{"baseKey":"BURtlq1O731tpmb7PlpgFafh3v4qzcu3r/RUS1kJ8bEd","baseKeyType":1,"closed":1746627408718,"used":1746627385944,"created":1746627385944,"remoteIdentityKey":"Bch9jF6FpNTvBDNHePNAzDXuw9NFnCJRIcqTfXm+jUJO"},"_chains":{"Bef2RfvlM5FQi/rk5iZrYj/JstSLO8qczNzamIZGSYUX":{"chainKey":{"counter":0,"key":"TD3L7b7h1Zia1nhFNpj3c2eHf2baNSde48B9+MW5LTg="},"chainType":1,"messageKeys":{}}},"pendingPreKey":{"signedKeyId":27,"baseKey":"BURtlq1O731tpmb7PlpgFafh3v4qzcu3r/RUS1kJ8bEd","preKeyId":9497015}},"BYMnUeZL96EXG7hKzxXTpsqnl458S5JOqYShYTrLEOZt":{"registrationId":1721830452,"currentRatchet":{"ephemeralKeyPair":{"pubKey":"BeBRibu+bcTcZe/1jjTYa54a5Ye4jlDDMAuKoqYv6fJd","privKey":"MJK05i+/g2odVNCJ3CjFLjGHmEYrtqdciCSitSoQKXg="},"lastRemoteEphemeralKey":"Bf9o5Tyoy6VoXASXS/wPmQ+alFPCi6B/SbbLf5RXMnU3","previousCounter":0,"rootKey":"FM/sN0DBzKNYi8nyT56mq55Ccy4ds3+3GbPB/9TNMfY="},"indexInfo":{"baseKey":"BYMnUeZL96EXG7hKzxXTpsqnl458S5JOqYShYTrLEOZt","baseKeyType":1,"closed":-1,"used":1746627408302,"created":1746627408302,"remoteIdentityKey":"Bch9jF6FpNTvBDNHePNAzDXuw9NFnCJRIcqTfXm+jUJO"},"_chains":{"BeBRibu+bcTcZe/1jjTYa54a5Ye4jlDDMAuKoqYv6fJd":{"chainKey":{"counter":3,"key":"G6z2UB0UvEjzd8Bi30YiAuKf5Eb+JobQ9ZT/FAqqYBc="},"chainType":1,"messageKeys":{}}},"pendingPreKey":{"signedKeyId":27,"baseKey":"BYMnUeZL96EXG7hKzxXTpsqnl458S5JOqYShYTrLEOZt","preKeyId":9496855}}},"version":"v1"}