{"_sessions":{"BaWNnkgoKy2OQh/wRzk5kdpMxzgGpYjbvhkSbeg5J+cc":{"registrationId":986382902,"currentRatchet":{"ephemeralKeyPair":{"pubKey":"BYuZ/pLuIJbpAY6LAjxcDxhZyUZqF3MhBxTFAXu9ERFc","privKey":"OI+1G6bv97pCX/SdgGBksRPJoP+caF33arhPW62DP3k="},"lastRemoteEphemeralKey":"BR+9178Bx0mwBG1faPxnS04tmHa3qZJxw+ETAae8rg17","previousCounter":0,"rootKey":"7hg09TqW/WvZ8rH1kR5NpbgF3gpS48j4GocomWE3N2g="},"indexInfo":{"baseKey":"BaWNnkgoKy2OQh/wRzk5kdpMxzgGpYjbvhkSbeg5J+cc","baseKeyType":1,"closed":-1,"used":1746645158796,"created":1746645158796,"remoteIdentityKey":"BWl2Pip+MrL++nipIMaW9q09YldfhY4jYE/6XH9rB847"},"_chains":{"BYuZ/pLuIJbpAY6LAjxcDxhZyUZqF3MhBxTFAXu9ERFc":{"chainKey":{"counter":0,"key":"eI15Hmj8msPQw3oUCV4zi95U9iulVZextblmB4eZCOY="},"chainType":1,"messageKeys":{}}},"pendingPreKey":{"signedKeyId":0,"baseKey":"BaWNnkgoKy2OQh/wRzk5kdpMxzgGpYjbvhkSbeg5J+cc","preKeyId":3244895}}},"version":"v1"}