{"_sessions":{"BWo8oipP8Kz3oei8icQrwdi5zd4b5ybxZiW5UxF3ldxt":{"registrationId":1520772616,"currentRatchet":{"ephemeralKeyPair":{"pubKey":"BbbBMqL1HKrYcUIOQyUu29YiJAFWBGgK2PY7K+vzVpw+","privKey":"0FWsmxQz5GMkOl5UpKC06dsROF66DiBLh9oKtKxRPkw="},"lastRemoteEphemeralKey":"BWMgFNAqcZdxGc66UAoTmEFkKyloyxOUQoFugTcOtCAi","previousCounter":0,"rootKey":"AzXnv+vgxgmevbdjxc6LCYyY9jLfX/Da/L5p3YK46tQ="},"indexInfo":{"baseKey":"BWo8oipP8Kz3oei8icQrwdi5zd4b5ybxZiW5UxF3ldxt","baseKeyType":1,"closed":-1,"used":1746645070275,"created":1746645070275,"remoteIdentityKey":"Bdo+0Ow9ThgsCJl9eDfVa/JL0zEm+N4CMwbGbqOa0MQA"},"_chains":{"BbbBMqL1HKrYcUIOQyUu29YiJAFWBGgK2PY7K+vzVpw+":{"chainKey":{"counter":0,"key":"ki9lyuJp7szxo+7f+APwq0KlCjw9hJSZ17GMbNjNgjE="},"chainType":1,"messageKeys":{}}},"pendingPreKey":{"signedKeyId":0,"baseKey":"BWo8oipP8Kz3oei8icQrwdi5zd4b5ybxZiW5UxF3ldxt","preKeyId":10248477}}},"version":"v1"}