{"_sessions":{"BdYw42YJQDfBZYm7/sGH/Ms2lIEHn7DZG/DvUl5dAn8Y":{"registrationId":1970973453,"currentRatchet":{"ephemeralKeyPair":{"pubKey":"BfVTWzHUuOZyuq7H94I+5jWzIfbPQnQai2+zjXXB9EVe","privKey":"kNWz2Dgowk5PD2+Nd2NMKpNf1+yWYdeftUHK6db8F34="},"lastRemoteEphemeralKey":"BWXddYM5S8nCfRM2OH/L9pcUn5v3ri7/COgP9Jp1A1oO","previousCounter":0,"rootKey":"dXenLtoZAoSMui1tqq8b4v+wP5oyTk+/HvsuN3NK5eY="},"indexInfo":{"baseKey":"BdYw42YJQDfBZYm7/sGH/Ms2lIEHn7DZG/DvUl5dAn8Y","baseKeyType":1,"closed":-1,"used":1746644956872,"created":1746644956872,"remoteIdentityKey":"BdaUF6NgyJoPvCnFdlbYg7u8Z1xFeoGLGPloNwarUx0/"},"_chains":{"BfVTWzHUuOZyuq7H94I+5jWzIfbPQnQai2+zjXXB9EVe":{"chainKey":{"counter":1,"key":"1ajq/5s6p5KMDQ7WCjeFbhVRLuW7iWw2HDd0qO0p4YM="},"chainType":1,"messageKeys":{}}},"pendingPreKey":{"signedKeyId":15100553,"baseKey":"BdYw42YJQDfBZYm7/sGH/Ms2lIEHn7DZG/DvUl5dAn8Y","preKeyId":12588}}},"version":"v1"}