{"_sessions":{"BQUkNnK2px6SNlZSQ4zpVo6UrQQ8lJSY3oLwz/hioRMC":{"registrationId":758070173,"currentRatchet":{"ephemeralKeyPair":{"pubKey":"BbwNHCEwFUPs2ewiCcPLUNFSIT/6bV7zlbRukf966WIN","privKey":"4G1v+52CVoTevqmZ2v01f0GUTGmU+wZc9JkY0ASQc3E="},"lastRemoteEphemeralKey":"BYn4dFcoVntC0XFXmfPyD3YzL2bnHZutEgpTuNQZI1Ya","previousCounter":8,"rootKey":"EA2I49FYuvCsxh05Kr0+l4edU/c+m7xJyu9z5FiJHhE="},"indexInfo":{"baseKey":"BQUkNnK2px6SNlZSQ4zpVo6UrQQ8lJSY3oLwz/hioRMC","baseKeyType":2,"closed":-1,"used":1746711328733,"created":1746706022838,"remoteIdentityKey":"BWC6IHwBwiF9AzQz4vlFy9WFykK7i0isIuhncSVo2X16"},"_chains":{"BfWYyZ2kx7inYMTQ24dxUt9WkP9b5OrhkWd84/UyzB4r":{"chainKey":{"counter":5},"chainType":2,"messageKeys":{}},"BYn4dFcoVntC0XFXmfPyD3YzL2bnHZutEgpTuNQZI1Ya":{"chainKey":{"counter":11,"key":"+L1E//S6jHlY88CbfibIA7I2w6Xm9iShi7jK2iMKjXI="},"chainType":2,"messageKeys":{}},"BbwNHCEwFUPs2ewiCcPLUNFSIT/6bV7zlbRukf966WIN":{"chainKey":{"counter":-1,"key":"5HOl5LpcjAcp6LE9X9LyXCK+Ogw4HUJqOHujqh+7z8o="},"chainType":1,"messageKeys":{}}}}},"version":"v1"}