{"_sessions":{"BXXGVnNji52oTtDKzdMAgFAX+Ay9j5Su5AmV9YNhAv0o":{"registrationId":1979532652,"currentRatchet":{"ephemeralKeyPair":{"pubKey":"BUjcm/GY9kW2kacuUmPRBvy4k3Wef0Hzz7AFKLeZrdEt","privKey":"mGg/mbbkZV+s5SUvfx4VtHhaWo6EZgRWETZzRKls/n4="},"lastRemoteEphemeralKey":"BU0Yet6WZv7JkYyHlio3gJpjbzW9gK07OhA4YVS1Ot5+","previousCounter":0,"rootKey":"otHTfWou2WyR+AcS+5XqjNeDeWE5kmZpAyAaVPkrbEQ="},"indexInfo":{"baseKey":"BXXGVnNji52oTtDKzdMAgFAX+Ay9j5Su5AmV9YNhAv0o","baseKeyType":1,"closed":1746627382529,"used":1746627362590,"created":1746627362590,"remoteIdentityKey":"BXM9G+h+nx3JioN/QzFDnN30FMnxVo7hQ2s5SGxEUtsw"},"_chains":{"BUjcm/GY9kW2kacuUmPRBvy4k3Wef0Hzz7AFKLeZrdEt":{"chainKey":{"counter":0,"key":"1DlP7W+IWQ50AKLyPCWcAPR0TcHFm950uaXlrAH+eHA="},"chainType":1,"messageKeys":{}}},"pendingPreKey":{"signedKeyId":19,"baseKey":"BXXGVnNji52oTtDKzdMAgFAX+Ay9j5Su5AmV9YNhAv0o","preKeyId":6989251}},"BbjhKuyeIrKept3X1Qx59BYgQV4ThyOzKmMIk891UvB+":{"registrationId":1979532652,"currentRatchet":{"ephemeralKeyPair":{"pubKey":"BVE1tFp3xvFEDa6N9T12k09chnRZ1qt7X7Va32ItdbIC","privKey":"cNEwWVdNqLUKEMe7w8xdHuhzd/jqQh7KXJSqxSrIg20="},"lastRemoteEphemeralKey":"BU0Yet6WZv7JkYyHlio3gJpjbzW9gK07OhA4YVS1Ot5+","previousCounter":0,"rootKey":"eFruBxvIc9XMeAUWiSQK+TJI2iI9tOSg+ZgSINCVVFI="},"indexInfo":{"baseKey":"BbjhKuyeIrKept3X1Qx59BYgQV4ThyOzKmMIk891UvB+","baseKeyType":1,"closed":1746627404916,"used":1746627381981,"created":1746627381981,"remoteIdentityKey":"BXM9G+h+nx3JioN/QzFDnN30FMnxVo7hQ2s5SGxEUtsw"},"_chains":{"BVE1tFp3xvFEDa6N9T12k09chnRZ1qt7X7Va32ItdbIC":{"chainKey":{"counter":0,"key":"gX2tcexx7YRVG3DQJUZ4oFqSn/uQdrcvNDF6fXtMmns="},"chainType":1,"messageKeys":{}}},"pendingPreKey":{"signedKeyId":19,"baseKey":"BbjhKuyeIrKept3X1Qx59BYgQV4ThyOzKmMIk891UvB+","preKeyId":6989077}},"BWiV8jczeSMcv0Ufoowah5/NQMyi4qXZqvgnGYjZZnt+":{"registrationId":1979532652,"currentRatchet":{"ephemeralKeyPair":{"pubKey":"BRtjwSlKc8XXxX2SMLDlaIkGZFMNhMBLBpz2qyNHQPRa","privKey":"+Ok5l3eiDzWJIJevCabdOCihQ80uaqD1pTT1QY+sr00="},"lastRemoteEphemeralKey":"BU0Yet6WZv7JkYyHlio3gJpjbzW9gK07OhA4YVS1Ot5+","previousCounter":0,"rootKey":"dVyhfjNfmBWjIXLnj6E/fBs7zycwhU9oBfEEC8OdhLo="},"indexInfo":{"baseKey":"BWiV8jczeSMcv0Ufoowah5/NQMyi4qXZqvgnGYjZZnt+","baseKeyType":1,"closed":-1,"used":1746627404736,"created":1746627404736,"remoteIdentityKey":"BXM9G+h+nx3JioN/QzFDnN30FMnxVo7hQ2s5SGxEUtsw"},"_chains":{"BRtjwSlKc8XXxX2SMLDlaIkGZFMNhMBLBpz2qyNHQPRa":{"chainKey":{"counter":3,"key":"ljJK1TEXldxCdBM5I6e+tkfE6b05l0v7TS6myMbGSK8="},"chainType":1,"messageKeys":{}}},"pendingPreKey":{"signedKeyId":19,"baseKey":"BWiV8jczeSMcv0Ufoowah5/NQMyi4qXZqvgnGYjZZnt+","preKeyId":6989086}}},"version":"v1"}