{"_sessions":{"BXLGeyA4q/EyUMwrH/djOIzBD96QYFBZNnYzaVG50ioK":{"registrationId":931926196,"currentRatchet":{"ephemeralKeyPair":{"pubKey":"Bb8kXSJZ8cnYoQZG2ma3fPdA+GOLZw9Pb6OnlGpRd8FU","privKey":"sFUVd8DJVQu3Tx5eeG2jLeH9Uj9rOjdRQH9fN2NPJm8="},"lastRemoteEphemeralKey":"BXIU2gBLXw/8aB8q4JB7WZjSTmHmPCnNDNxBYw/+WXtH","previousCounter":0,"rootKey":"uw086EApCsetnDWMLRdSoFqU12XyV/i2VtN3SxE3g6U="},"indexInfo":{"baseKey":"BXLGeyA4q/EyUMwrH/djOIzBD96QYFBZNnYzaVG50ioK","baseKeyType":1,"closed":-1,"used":1746645162443,"created":1746645162443,"remoteIdentityKey":"BZ2ikmGlLSUnVJ32oF/f813PumL495v2EROdcA3fEKA+"},"_chains":{"Bb8kXSJZ8cnYoQZG2ma3fPdA+GOLZw9Pb6OnlGpRd8FU":{"chainKey":{"counter":0,"key":"1HcV180d9AOYA8WnaLfTuZNF1KamR1djxvlU+lgp6bc="},"chainType":1,"messageKeys":{}}},"pendingPreKey":{"signedKeyId":1,"baseKey":"BXLGeyA4q/EyUMwrH/djOIzBD96QYFBZNnYzaVG50ioK","preKeyId":10545051}}},"version":"v1"}