{"_sessions":{"BZ5UnIh26/Z5zIHgIw43kASiIMymaKltrESrkw0fBS0+":{"registrationId":1958277814,"currentRatchet":{"ephemeralKeyPair":{"pubKey":"BbZg2/8qUb/v+uKDhUs3q/XSnTM6UeE7pmBHZifhG+F0","privKey":"ACR1OT0eNYXFcz2nAORGfqEtRMvgLbqTde4rjxW7D1I="},"lastRemoteEphemeralKey":"BSLkV9H1hRqbwkr2XkQdMQIQNR92lUUQeIP6kOjpm1kh","previousCounter":0,"rootKey":"HPU2kc5t6IqTABR7TCBLZbsC4STEW0tW33k3xOCplNg="},"indexInfo":{"baseKey":"BZ5UnIh26/Z5zIHgIw43kASiIMymaKltrESrkw0fBS0+","baseKeyType":1,"closed":-1,"used":1746645162179,"created":1746645162179,"remoteIdentityKey":"BQ2sN/aFP29sFwHT3ZPt+exfh5ITSpXyGnFGaCGpb64B"},"_chains":{"BbZg2/8qUb/v+uKDhUs3q/XSnTM6UeE7pmBHZifhG+F0":{"chainKey":{"counter":0,"key":"041qD54S5kGa764GHZobqwI0vkh9LUHZpZ21fWXGPj8="},"chainType":1,"messageKeys":{}}},"pendingPreKey":{"signedKeyId":0,"baseKey":"BZ5UnIh26/Z5zIHgIw43kASiIMymaKltrESrkw0fBS0+","preKeyId":15480985}}},"version":"v1"}