{"_sessions":{"Ba9cH9wthcpxKeck3e2NEgzD5VjC/ZIS+L4csg+fSbcg":{"registrationId":1991223480,"currentRatchet":{"ephemeralKeyPair":{"pubKey":"BfogMedE++D0fLrSIwILPdtWykyWKgvVPP/bNgflrlNQ","privKey":"QLMn3vGYud54acNC2X3yVegUJ2nu4F0l1+OcWbUnUWQ="},"lastRemoteEphemeralKey":"BVE5YNJMFJ01hg32n+xMqONqfDOT2g5QEaydo1JOMrxZ","previousCounter":0,"rootKey":"GhPlIFv5IeJhjpf/kN5TJh19YkOPaHPs+IVKJ/y3LpU="},"indexInfo":{"baseKey":"Ba9cH9wthcpxKeck3e2NEgzD5VjC/ZIS+L4csg+fSbcg","baseKeyType":1,"closed":1746627386546,"used":1746627366105,"created":1746627366105,"remoteIdentityKey":"BeLzeZ5uOihPQtOFIW2DW+I1X0SccimbByywWl+C3hIx"},"_chains":{"BfogMedE++D0fLrSIwILPdtWykyWKgvVPP/bNgflrlNQ":{"chainKey":{"counter":0,"key":"sg4uFenU+Aklwku6Difr5dp4/42+5isCGuGyyMJXP/8="},"chainType":1,"messageKeys":{}}},"pendingPreKey":{"signedKeyId":12,"baseKey":"Ba9cH9wthcpxKeck3e2NEgzD5VjC/ZIS+L4csg+fSbcg","preKeyId":738041}},"BSp8Vzv4EKkR/NNRwq76u/KtZNxepuoZuuVkd/ZATSB+":{"registrationId":1991223480,"currentRatchet":{"ephemeralKeyPair":{"pubKey":"BR19UGqrY2rMBgOMMLloetUATyTp+38VL2Hql4kjcwAr","privKey":"mPXCg+lSsUYMgW3kIwje2tFBkC4z4oJw8qNjRrrRzmQ="},"lastRemoteEphemeralKey":"BVE5YNJMFJ01hg32n+xMqONqfDOT2g5QEaydo1JOMrxZ","previousCounter":0,"rootKey":"XmqXIs7QgBlk/Mx63OT9LRP+VkppGzhmkERZS15KfQE="},"indexInfo":{"baseKey":"BSp8Vzv4EKkR/NNRwq76u/KtZNxepuoZuuVkd/ZATSB+","baseKeyType":1,"closed":1746627408763,"used":1746627386199,"created":1746627386199,"remoteIdentityKey":"BeLzeZ5uOihPQtOFIW2DW+I1X0SccimbByywWl+C3hIx"},"_chains":{"BR19UGqrY2rMBgOMMLloetUATyTp+38VL2Hql4kjcwAr":{"chainKey":{"counter":0,"key":"DhO8opdtzmL08zKA2krDcGVj3s6Pk5va6QCsEm/nbYU="},"chainType":1,"messageKeys":{}}},"pendingPreKey":{"signedKeyId":12,"baseKey":"BSp8Vzv4EKkR/NNRwq76u/KtZNxepuoZuuVkd/ZATSB+","preKeyId":738605}},"BZGude0S3jiNw5YsSD6kvaXOMnhJKwpd+CssQyDHNCEl":{"registrationId":1991223480,"currentRatchet":{"ephemeralKeyPair":{"pubKey":"BaZUTd5bu9Qpd3H+7vtCinC7jknEhyPODDj3rdvYA5R9","privKey":"4Gu8gn4LlgZsZESWks4jmDrqjDBWyZC+gQiRQbFprEs="},"lastRemoteEphemeralKey":"BVE5YNJMFJ01hg32n+xMqONqfDOT2g5QEaydo1JOMrxZ","previousCounter":0,"rootKey":"t9hTc6zzGUYYmF2yQPfGPVvsdvkAcq3qRHuA+rjwv68="},"indexInfo":{"baseKey":"BZGude0S3jiNw5YsSD6kvaXOMnhJKwpd+CssQyDHNCEl","baseKeyType":1,"closed":-1,"used":1746627408501,"created":1746627408501,"remoteIdentityKey":"BeLzeZ5uOihPQtOFIW2DW+I1X0SccimbByywWl+C3hIx"},"_chains":{"BaZUTd5bu9Qpd3H+7vtCinC7jknEhyPODDj3rdvYA5R9":{"chainKey":{"counter":3,"key":"BPMYouYehcipdLm6pxqJhMSQ3vIgQL7S5Q5QAnnK9FI="},"chainType":1,"messageKeys":{}}},"pendingPreKey":{"signedKeyId":12,"baseKey":"BZGude0S3jiNw5YsSD6kvaXOMnhJKwpd+CssQyDHNCEl","preKeyId":738069}}},"version":"v1"}