{"_sessions":{"BVuTVRWOlFWfXkJeYR6sYh4bY+E8FVaiwwgvjcMr/QQM":{"registrationId":321972464,"currentRatchet":{"ephemeralKeyPair":{"pubKey":"BSNjNksF4+LhknZDXSbIkDzMluCaGaExco3WcEhOuNkv","privKey":"YNDX4LDpg0DX3ynyOucTGwglP7I2TZvhZtMzp+TrIkc="},"lastRemoteEphemeralKey":"BYQ4UnhqSzwELNdKKRzH8jatk4l9sfQZceWMPkXpfxJ3","previousCounter":0,"rootKey":"1djedY7oxq8/M6GJlpdlS9iazLtYTSd1WIcBGbf69PA="},"indexInfo":{"baseKey":"BVuTVRWOlFWfXkJeYR6sYh4bY+E8FVaiwwgvjcMr/QQM","baseKeyType":1,"closed":1746627386406,"used":1746627365682,"created":1746627365682,"remoteIdentityKey":"BZmhngeIE7eF7XiZo9Kc89zHlNLP0axomo4+JBUgJ/NT"},"_chains":{"BSNjNksF4+LhknZDXSbIkDzMluCaGaExco3WcEhOuNkv":{"chainKey":{"counter":0,"key":"gUTBjtXIy0tTeYWzwC0nrhORG6dRb6NMH0D5brN40t4="},"chainType":1,"messageKeys":{}}},"pendingPreKey":{"signedKeyId":23,"baseKey":"BVuTVRWOlFWfXkJeYR6sYh4bY+E8FVaiwwgvjcMr/QQM","preKeyId":696153}},"BSkD2QF/TBL5kg5qD73HWi59G3CkXExmzx2FVKWHlING":{"registrationId":321972464,"currentRatchet":{"ephemeralKeyPair":{"pubKey":"BbZbtYeCm39TV556Cc8UU3Zcug4xaSjLe12Ai9uvA3sD","privKey":"AM77OaHaaOan72Cxs5iLbVZQ/uwEkswPT48+/TEV0WM="},"lastRemoteEphemeralKey":"BYQ4UnhqSzwELNdKKRzH8jatk4l9sfQZceWMPkXpfxJ3","previousCounter":0,"rootKey":"q8d1u7bV8+v4BTlLgrsEK5x0UEeO62GWHA26cSgrq8w="},"indexInfo":{"baseKey":"BSkD2QF/TBL5kg5qD73HWi59G3CkXExmzx2FVKWHlING","baseKeyType":1,"closed":1746627408663,"used":1746627385736,"created":1746627385736,"remoteIdentityKey":"BZmhngeIE7eF7XiZo9Kc89zHlNLP0axomo4+JBUgJ/NT"},"_chains":{"BbZbtYeCm39TV556Cc8UU3Zcug4xaSjLe12Ai9uvA3sD":{"chainKey":{"counter":0,"key":"oY7kFPTnaRjN8QTyqReEfVz0/+DKX2fyHHEWsJlJlMU="},"chainType":1,"messageKeys":{}}},"pendingPreKey":{"signedKeyId":23,"baseKey":"BSkD2QF/TBL5kg5qD73HWi59G3CkXExmzx2FVKWHlING","preKeyId":696162}},"BaRO8ctX7FhP9P2fLERGI6bqJS+jNDn5k4Kmn7tlEwVv":{"registrationId":321972464,"currentRatchet":{"ephemeralKeyPair":{"pubKey":"BYXNFAnpSK4hAEWXSR80Cy8giyq78evJTt7Hjau4Aflb","privKey":"KI9B4Fo30OCwzjfKPnIcippYFoHhXt6EvusLLNu/5ms="},"lastRemoteEphemeralKey":"BYQ4UnhqSzwELNdKKRzH8jatk4l9sfQZceWMPkXpfxJ3","previousCounter":0,"rootKey":"ULJD/55dUe/KX2QE/lm6/T52do50E7o1J9N9kuvVSKs="},"indexInfo":{"baseKey":"BaRO8ctX7FhP9P2fLERGI6bqJS+jNDn5k4Kmn7tlEwVv","baseKeyType":1,"closed":-1,"used":1746627408116,"created":1746627408116,"remoteIdentityKey":"BZmhngeIE7eF7XiZo9Kc89zHlNLP0axomo4+JBUgJ/NT"},"_chains":{"BYXNFAnpSK4hAEWXSR80Cy8giyq78evJTt7Hjau4Aflb":{"chainKey":{"counter":3,"key":"cP3812JvwWnQKO5Vdm2I3E4kwEyBTBWUjsL3VinBN8g="},"chainType":1,"messageKeys":{}}},"pendingPreKey":{"signedKeyId":23,"baseKey":"BaRO8ctX7FhP9P2fLERGI6bqJS+jNDn5k4Kmn7tlEwVv","preKeyId":695512}}},"version":"v1"}