{"_sessions":{"BcmZtAbVEhxOSheiaAkoSw6SuGUn+ppsPwaR1yFVrbk9":{"registrationId":1718777289,"currentRatchet":{"ephemeralKeyPair":{"pubKey":"BQYRl+iQAfDpNh3xBMGkhVZ3AL8T2e5lJKFmviU2pul3","privKey":"SEsPPS1V4zGTtvF9Sm191SPWughna+N410x8JE/2qFY="},"lastRemoteEphemeralKey":"BSIiySNHETMX/bRo6tYtdE+o5qqeaW3a8Vt5bt05FsZ2","previousCounter":0,"rootKey":"SKMSJFHxzK3DJxftgqFwMc9I/I/o6nEuStjBVvYa1Qk="},"indexInfo":{"baseKey":"BcmZtAbVEhxOSheiaAkoSw6SuGUn+ppsPwaR1yFVrbk9","baseKeyType":1,"closed":-1,"used":1746612492847,"created":1746612492847,"remoteIdentityKey":"BciFXSXtZeItaTXR9YX9jt9fLUW6HowNo0WqQracHrF2"},"_chains":{"BQYRl+iQAfDpNh3xBMGkhVZ3AL8T2e5lJKFmviU2pul3":{"chainKey":{"counter":4,"key":"Nzl0KIDmgBXXTvP5Jby22Xk5fs4UFr6O8y7RweaMC5A="},"chainType":1,"messageKeys":{}}},"pendingPreKey":{"signedKeyId":6,"baseKey":"BcmZtAbVEhxOSheiaAkoSw6SuGUn+ppsPwaR1yFVrbk9","preKeyId":1907194}}},"version":"v1"}