{"_sessions":{"BYs334H76DoOelHuUi5ji9kwdg6olNORoWDSKlbnOuQM":{"registrationId":321972464,"currentRatchet":{"ephemeralKeyPair":{"pubKey":"Be83u/f76gjPJx8YpcUu+nbK60BXdtqvrOJSeKnoJiZq","privKey":"aDwpclkOgggf9bVclIqiEO2NTXpmgGpKUxRG//TyGmE="},"lastRemoteEphemeralKey":"BTx5w6Eh5ZqvzfNekNgKL3izm4JODnFreKEtdk48kHNQ","previousCounter":0,"rootKey":"qL8WE5Zqim9AQkIwjLduEvtgLbJpRN8aAOXaE7p2lmw="},"indexInfo":{"baseKey":"BYs334H76DoOelHuUi5ji9kwdg6olNORoWDSKlbnOuQM","baseKeyType":1,"closed":-1,"used":1746644959965,"created":1746644959965,"remoteIdentityKey":"BZmhngeIE7eF7XiZo9Kc89zHlNLP0axomo4+JBUgJ/NT"},"_chains":{"Be83u/f76gjPJx8YpcUu+nbK60BXdtqvrOJSeKnoJiZq":{"chainKey":{"counter":1,"key":"I4Hb8L+A9UFfs3wWeOp74PRmKpqIIsJkARTqkWXqek4="},"chainType":1,"messageKeys":{}}},"pendingPreKey":{"signedKeyId":24,"baseKey":"BYs334H76DoOelHuUi5ji9kwdg6olNORoWDSKlbnOuQM","preKeyId":696181}}},"version":"v1"}