{"_sessions":{"BVghAxYaPLxunto9Yta41DpbaS9WOkdGSaaC+UKNCtVT":{"registrationId":705543309,"currentRatchet":{"ephemeralKeyPair":{"pubKey":"BX2TtnYre5S1jnG9UOpVhqQSwjcKLLdyDWO1qKJuFC13","privKey":"CNZf1aCRCz2l75YtDygt7B+L949BqJMnZnPnkiq9zWY="},"lastRemoteEphemeralKey":"BX56xbppDwYgB/AHLJXkPvgImyy/XsK2o7wv5p+zIgEc","previousCounter":0,"rootKey":"HLBNhNCC64LHU//5BcPSHAzDXbJAQjhC5WZpbHRnpMY="},"indexInfo":{"baseKey":"BVghAxYaPLxunto9Yta41DpbaS9WOkdGSaaC+UKNCtVT","baseKeyType":1,"closed":-1,"used":1746645166173,"created":1746645166173,"remoteIdentityKey":"BX0BK0xOP8YFbljBqrtmYoDW/QesifxfxEwOtV6/cJoU"},"_chains":{"BX2TtnYre5S1jnG9UOpVhqQSwjcKLLdyDWO1qKJuFC13":{"chainKey":{"counter":0,"key":"vAE5BTa8KxPAhgw+LGmOaR6PeZc4U68AEmLovB7hYf4="},"chainType":1,"messageKeys":{}}},"pendingPreKey":{"signedKeyId":5,"baseKey":"BVghAxYaPLxunto9Yta41DpbaS9WOkdGSaaC+UKNCtVT","preKeyId":14974490}}},"version":"v1"}