{"_sessions":{"BeEYX7UvdSqkNTCWLsfVBoTHx3y//SmJJORtDyrqMqFE":{"registrationId":284718560,"currentRatchet":{"ephemeralKeyPair":{"pubKey":"Bd+6y8KfagVq5frugkY2XqeuKwXR8a3zcALhb3rPB05l","privKey":"IFjl+/FCmYlNp9coPaG/uiZMk+7TJnM0WXYe4QFAgGM="},"lastRemoteEphemeralKey":"Bfki9DRSFrE5MA5sKshPKhfh9lTo7flAOvSaUVHDPgkv","previousCounter":0,"rootKey":"RY+488OtMaF0/NPolNUUBNjFY/XJHfPK68QjXQUjynI="},"indexInfo":{"baseKey":"BeEYX7UvdSqkNTCWLsfVBoTHx3y//SmJJORtDyrqMqFE","baseKeyType":1,"closed":-1,"used":1746627450093,"created":1746627450093,"remoteIdentityKey":"BWLmlufhdt4ngGiURvJXdgcDM16DD1K/tLytUXcXG3gh"},"_chains":{"Bd+6y8KfagVq5frugkY2XqeuKwXR8a3zcALhb3rPB05l":{"chainKey":{"counter":0,"key":"P2RfTc3aQk2HH/LGPDEZTUvZoZttZCjjzvUAfPJFVXE="},"chainType":1,"messageKeys":{}}},"pendingPreKey":{"signedKeyId":16,"baseKey":"BeEYX7UvdSqkNTCWLsfVBoTHx3y//SmJJORtDyrqMqFE","preKeyId":2434136}}},"version":"v1"}