{"_sessions":{"BbTS0WiRer6VvNA+XsHnVgP0/GBrycAwmS/c6AWUWucF":{"registrationId":562147846,"currentRatchet":{"ephemeralKeyPair":{"pubKey":"Bc0XchVn00vY12vlsgy95e0Kl71bnhmowbXGWBZ7dQwf","privKey":"qP47QM+2IwLl0zMWGOWsWprBcM22nKnl/SDUeiSauXU="},"lastRemoteEphemeralKey":"BeeX99I1nqRPrWJ5P4vk6FDfWDYmJk/l1VND+CvTrXZZ","previousCounter":0,"rootKey":"y01Lxs0VdktOOSE4viSjmdiB9DciIG/xyatB1T14jo8="},"indexInfo":{"baseKey":"BbTS0WiRer6VvNA+XsHnVgP0/GBrycAwmS/c6AWUWucF","baseKeyType":1,"closed":-1,"used":1746645166193,"created":1746645166193,"remoteIdentityKey":"BeXvCjVC1aD272VEmzWdwjcweEBL5B2SXi5dXExKO7Rn"},"_chains":{"Bc0XchVn00vY12vlsgy95e0Kl71bnhmowbXGWBZ7dQwf":{"chainKey":{"counter":0,"key":"w6G5Xengrfgw61yo8cNJJyheGvVhkpy8X5wGhtKsfG4="},"chainType":1,"messageKeys":{}}},"pendingPreKey":{"signedKeyId":16025864,"baseKey":"BbTS0WiRer6VvNA+XsHnVgP0/GBrycAwmS/c6AWUWucF","preKeyId":1411}}},"version":"v1"}