{"_sessions":{"BeojW6vlwc8yqgHrgQWmYt4khCVa/XcuYmcjIylJfkIA":{"registrationId":1562998126,"currentRatchet":{"ephemeralKeyPair":{"pubKey":"BVa5U6Y5UM6aXhNqB8iqrjc9n9aY8d5fhxTNBw+CCikt","privKey":"KBXdDcRsZl/tV7nVDh3OHgtIr4+rWIK0DUkt0ssclX8="},"lastRemoteEphemeralKey":"BQGuZiRh56rnrF/d78oIRW7BWaSLCrJ564Sz2LQVTvUZ","previousCounter":0,"rootKey":"RZjbE5Z0qywry8N0QQ/bGRKV/i9mnfZlbDBZJfLDSmc="},"indexInfo":{"baseKey":"BeojW6vlwc8yqgHrgQWmYt4khCVa/XcuYmcjIylJfkIA","baseKeyType":1,"closed":-1,"used":1746644904443,"created":1746644904443,"remoteIdentityKey":"BXxbXcUzQIR3HgWayIJK0SwbgEhbAlpO6M6IIH1uirth"},"_chains":{"BVa5U6Y5UM6aXhNqB8iqrjc9n9aY8d5fhxTNBw+CCikt":{"chainKey":{"counter":0,"key":"ABMmUqisXwfWN70PtQ6UNwADlo3jT1t493yeZ97liKM="},"chainType":1,"messageKeys":{}}},"pendingPreKey":{"signedKeyId":5,"baseKey":"BeojW6vlwc8yqgHrgQWmYt4khCVa/XcuYmcjIylJfkIA","preKeyId":14278693}}},"version":"v1"}