{"_sessions":{"BS8xqOkNqJ2b/aVtmmg5mbp0DLuuAU2sPf7ZV1WwemBC":{"registrationId":1596527360,"currentRatchet":{"ephemeralKeyPair":{"pubKey":"Bf+F9PCQOyhVLMpkX7vGoy95pG97RpSYykZwudeUuGNa","privKey":"yNmYYkVfQl9n/SVzFQhxtaBRrMuHsW4qHhK5aWQx7Vg="},"lastRemoteEphemeralKey":"BWWE+7kZkawtmfNRhxV7+YZCpt13txzvxZciUv0LnE5X","previousCounter":0,"rootKey":"XDLrZtYtT1XBWN1lgomBSIjYnBXABbHQ5zEFY1NGAEY="},"indexInfo":{"baseKey":"BS8xqOkNqJ2b/aVtmmg5mbp0DLuuAU2sPf7ZV1WwemBC","baseKeyType":1,"closed":-1,"used":1746645158543,"created":1746645158543,"remoteIdentityKey":"BVHt7xJwbbDd16qPOAlhsmNND9hUfe79qkJRbCWLya0d"},"_chains":{"Bf+F9PCQOyhVLMpkX7vGoy95pG97RpSYykZwudeUuGNa":{"chainKey":{"counter":0,"key":"Inq/iM69ochVG0j/s3Cxk8yUYfoDNTgIBn088/IQm+A="},"chainType":1,"messageKeys":{}}},"pendingPreKey":{"signedKeyId":1,"baseKey":"BS8xqOkNqJ2b/aVtmmg5mbp0DLuuAU2sPf7ZV1WwemBC"}}},"version":"v1"}