{"_sessions":{"Bb+7OO5xfbz5fFOjiXupyheq2kmcnW4boPJIZXUwoc4O":{"registrationId":56094975,"currentRatchet":{"ephemeralKeyPair":{"pubKey":"BSsYQAZICUNsepLQcZtBxQaQPfwOO+EgU6ME0Cl9vHVi","privKey":"0LsbaiWq4JiEccun86FH7/bUPvV5BckRMfA2I4HS02E="},"lastRemoteEphemeralKey":"BSMzXrs6H8xq2P3Kn5q3GNcF1AfSiX952sBWfMvBNK87","previousCounter":0,"rootKey":"q9gF6IoJms5MoTZixgseEabYv8s4zD7z/MlALIFmnH4="},"indexInfo":{"baseKey":"Bb+7OO5xfbz5fFOjiXupyheq2kmcnW4boPJIZXUwoc4O","baseKeyType":1,"closed":1746627382448,"used":1746627362516,"created":1746627362516,"remoteIdentityKey":"BflS590QMWj3ymA8RLbp9HqaZrSVdGW3BrI4PxY0Wi16"},"_chains":{"BSsYQAZICUNsepLQcZtBxQaQPfwOO+EgU6ME0Cl9vHVi":{"chainKey":{"counter":0,"key":"+LsCaEM5xkG/3mAU6heUCYjfuWIjWTu4gysPdLoh+FE="},"chainType":1,"messageKeys":{}}},"pendingPreKey":{"signedKeyId":9,"baseKey":"Bb+7OO5xfbz5fFOjiXupyheq2kmcnW4boPJIZXUwoc4O","preKeyId":5281902}},"Bbk1mMfPkiY+GqfG+9r/QAfezIbd/7+Jbl7Z7fCulAUj":{"registrationId":56094975,"currentRatchet":{"ephemeralKeyPair":{"pubKey":"BTIIFZaWldjFnOA6tv2MKVVQoEQyiYEe3izhCnApvkFs","privKey":"qJ8M6lY7Czt3td8/WJB49kced4mtTIMhBlITmatio1I="},"lastRemoteEphemeralKey":"BSMzXrs6H8xq2P3Kn5q3GNcF1AfSiX952sBWfMvBNK87","previousCounter":0,"rootKey":"5fH/XFUW4MD96k/NmuW+ZujQQ8QYpG1ftkJoBC9oCcA="},"indexInfo":{"baseKey":"Bbk1mMfPkiY+GqfG+9r/QAfezIbd/7+Jbl7Z7fCulAUj","baseKeyType":1,"closed":1746627404907,"used":1746627381917,"created":1746627381917,"remoteIdentityKey":"BflS590QMWj3ymA8RLbp9HqaZrSVdGW3BrI4PxY0Wi16"},"_chains":{"BTIIFZaWldjFnOA6tv2MKVVQoEQyiYEe3izhCnApvkFs":{"chainKey":{"counter":0,"key":"PWTRjImYRlag/zhWAgMcgRxLZsASDn8Y7n0CHzzDDck="},"chainType":1,"messageKeys":{}}},"pendingPreKey":{"signedKeyId":9,"baseKey":"Bbk1mMfPkiY+GqfG+9r/QAfezIbd/7+Jbl7Z7fCulAUj","preKeyId":5281847}},"BcYZ4b5OzwZHKVwxFXi448PaeQJ/VvayF1ymO+XjZcMi":{"registrationId":56094975,"currentRatchet":{"ephemeralKeyPair":{"pubKey":"BZteLozvzrAY+LmXa12NrR9Q2ZU2fMaNyzr8rjYtjwsQ","privKey":"iBCX2BlcVrQna5vQbeOUICxVHwC9O/RlzAGnMARht1M="},"lastRemoteEphemeralKey":"BSMzXrs6H8xq2P3Kn5q3GNcF1AfSiX952sBWfMvBNK87","previousCounter":0,"rootKey":"jBUF/qUQ+OpA8CF0B2l25l/aKM4tpWUdFTPUKab5QFU="},"indexInfo":{"baseKey":"BcYZ4b5OzwZHKVwxFXi448PaeQJ/VvayF1ymO+XjZcMi","baseKeyType":1,"closed":-1,"used":1746627404688,"created":1746627404688,"remoteIdentityKey":"BflS590QMWj3ymA8RLbp9HqaZrSVdGW3BrI4PxY0Wi16"},"_chains":{"BZteLozvzrAY+LmXa12NrR9Q2ZU2fMaNyzr8rjYtjwsQ":{"chainKey":{"counter":3,"key":"CC17JMfOZO3ssKwzBZzLQyjilByndZVJ36YHc3bYbF4="},"chainType":1,"messageKeys":{}}},"pendingPreKey":{"signedKeyId":9,"baseKey":"BcYZ4b5OzwZHKVwxFXi448PaeQJ/VvayF1ymO+XjZcMi","preKeyId":5281336}}},"version":"v1"}