{"_sessions":{"BUZ6ylEZsxjR1bgJTKwsrJk72S/p7BRij9v3B+GjDkM0":{"registrationId":520593575,"currentRatchet":{"ephemeralKeyPair":{"pubKey":"BZX0ao1Uix59BfzFf6Vgs5KCyjhCrxGgmKFbEaehy/5C","privKey":"GG9fFTkIGsU5R2suUby9tLi1z6eVjffPQ92E7aMm0m4="},"lastRemoteEphemeralKey":"BQZOoVnEet43lvkHyh+ol1DlUezLa3YGZQD4VkA4V4xY","previousCounter":0,"rootKey":"DJ6lfIz+a0JQZbLx4Ny0aRVIvwx3hC/VeAzaZprwYwo="},"indexInfo":{"baseKey":"BUZ6ylEZsxjR1bgJTKwsrJk72S/p7BRij9v3B+GjDkM0","baseKeyType":1,"closed":-1,"used":1746645070344,"created":1746645070344,"remoteIdentityKey":"BR9s9GbrSR/JRU71dlYrfqUfAucEqTyB+X4owr/jN/9U"},"_chains":{"BZX0ao1Uix59BfzFf6Vgs5KCyjhCrxGgmKFbEaehy/5C":{"chainKey":{"counter":0,"key":"hDD5e+sCgSCiIC7fx9CIyme4JsSVptiUksJwquAdV7k="},"chainType":1,"messageKeys":{}}},"pendingPreKey":{"signedKeyId":2,"baseKey":"BUZ6ylEZsxjR1bgJTKwsrJk72S/p7BRij9v3B+GjDkM0","preKeyId":8623146}}},"version":"v1"}