{"_sessions":{"BdW4ui0IC+u4G2/NgwUgfXkqkbFlVD/CKGncc6d2D7tW":{"registrationId":21928868,"currentRatchet":{"ephemeralKeyPair":{"pubKey":"BXsZguB+PIv5RmA0aYoXjMiymEuExH6CI9+XHJzvQxU0","privKey":"uDQjDHXVwbYNz91iCGCR/de9IkZ4BFFc0oTram0lV2I="},"lastRemoteEphemeralKey":"BXlXlTecSkl2pe4aNqr4kqcPNf3Rll4sOmrSzHoERWU2","previousCounter":0,"rootKey":"xpjUoNhEJ9c7+wqQa7J2ENrQ0bl/9nCyv4aoDEX3zZA="},"indexInfo":{"baseKey":"BdW4ui0IC+u4G2/NgwUgfXkqkbFlVD/CKGncc6d2D7tW","baseKeyType":1,"closed":-1,"used":1746645162227,"created":1746645162227,"remoteIdentityKey":"BUFCVMz9/TbKMue3HK3JmiwF9XfYwXSTA+e36cxpRg5s"},"_chains":{"BXsZguB+PIv5RmA0aYoXjMiymEuExH6CI9+XHJzvQxU0":{"chainKey":{"counter":0,"key":"B9jUdre3Sgprn52RL1X04MwEBXV6uc9BhFJQsUKmCgY="},"chainType":1,"messageKeys":{}}},"pendingPreKey":{"signedKeyId":9,"baseKey":"BdW4ui0IC+u4G2/NgwUgfXkqkbFlVD/CKGncc6d2D7tW","preKeyId":1203689}}},"version":"v1"}