{"_sessions":{"BXtMiQei0/6d6BFzjP4mjjoHtQuiR6xGRw7vMNtpdCYB":{"registrationId":1574966073,"currentRatchet":{"ephemeralKeyPair":{"pubKey":"BeWDMoSS7dygpaL4eUOUmNz/TrIzHOXP+ZTQOYrg2E4a","privKey":"ACcIZrelJdakWF+mYS4IftIofzFaSfnhfCyc833N02g="},"lastRemoteEphemeralKey":"BcuddDTQeafO1XxeDr/BUhwRn13rz+1UckVxgRhv+I0a","previousCounter":0,"rootKey":"9p4L2OdGRWpDli4niZbVfCrm1y7AtiUK4O8qSt1rWNs="},"indexInfo":{"baseKey":"BXtMiQei0/6d6BFzjP4mjjoHtQuiR6xGRw7vMNtpdCYB","baseKeyType":1,"closed":-1,"used":1746612488908,"created":1746612488908,"remoteIdentityKey":"Bb+P4yc5iUrlMYlXmmubZWa/Usot+EVnRkpTUNAMsGMy"},"_chains":{"BeWDMoSS7dygpaL4eUOUmNz/TrIzHOXP+ZTQOYrg2E4a":{"chainKey":{"counter":4,"key":"6s/fSEKLl6pnpxAG2vrlNk8MBcu6PFT0gzOEY2lbUfM="},"chainType":1,"messageKeys":{}}},"pendingPreKey":{"signedKeyId":4,"baseKey":"BXtMiQei0/6d6BFzjP4mjjoHtQuiR6xGRw7vMNtpdCYB","preKeyId":16701247}}},"version":"v1"}