{"_sessions":{"Bf/AcHEY6oATlL89GNv2VHUT9J2C3C9N+Si9aNCeTe06":{"registrationId":1778623130,"currentRatchet":{"ephemeralKeyPair":{"pubKey":"BfWDZC0atR8EniGPYreJA61Ykm4Cb91jhWvjfSWFpjtr","privKey":"uAOwXCBNsZatZpfU12wVdCT+s02wrbVndKpGAf27vWc="},"lastRemoteEphemeralKey":"BccGNZjAZ3DYKT3EJuQdxBWtPCLjin26Q3R0kf7Wlmd9","previousCounter":0,"rootKey":"MzRKr8OI+IxrlcPkQzorEsitApkkGv+SErw8zem/s7Y="},"indexInfo":{"baseKey":"Bf/AcHEY6oATlL89GNv2VHUT9J2C3C9N+Si9aNCeTe06","baseKeyType":1,"closed":1746627386497,"used":1746627365927,"created":1746627365927,"remoteIdentityKey":"BUXJ629EaLNR2kzq9upcIoTNIEYtysFliRY3fKnWYWgF"},"_chains":{"BfWDZC0atR8EniGPYreJA61Ykm4Cb91jhWvjfSWFpjtr":{"chainKey":{"counter":0,"key":"61H96qHeKQRTLjjtKNAjYAzpXcgpNGiEZhFCgzJpELg="},"chainType":1,"messageKeys":{}}},"pendingPreKey":{"signedKeyId":18,"baseKey":"Bf/AcHEY6oATlL89GNv2VHUT9J2C3C9N+Si9aNCeTe06","preKeyId":13263834}},"Ba0LY8lw0yH9Au+tfMqZwXFm0pf0KONmUD+Bw03jb5he":{"registrationId":1778623130,"currentRatchet":{"ephemeralKeyPair":{"pubKey":"BVR2YcPWk0Y1Yu1r6qLtpwkbUugVFps7EdeM7CYJp30z","privKey":"MGMY7X81hBC2eQRB+ANlbEJ7I8hziKJKhN17Lq5qVEI="},"lastRemoteEphemeralKey":"BccGNZjAZ3DYKT3EJuQdxBWtPCLjin26Q3R0kf7Wlmd9","previousCounter":0,"rootKey":"B4RIuf1U2K5TLVq4wN/r3sqspSXNLgr8zdsW/UBq1Is="},"indexInfo":{"baseKey":"Ba0LY8lw0yH9Au+tfMqZwXFm0pf0KONmUD+Bw03jb5he","baseKeyType":1,"closed":1746627408727,"used":1746627385994,"created":1746627385994,"remoteIdentityKey":"BUXJ629EaLNR2kzq9upcIoTNIEYtysFliRY3fKnWYWgF"},"_chains":{"BVR2YcPWk0Y1Yu1r6qLtpwkbUugVFps7EdeM7CYJp30z":{"chainKey":{"counter":0,"key":"2qz9KVbJnitEdagJAKwYxJaGIDNRmTCzhgVD0QNSWkA="},"chainType":1,"messageKeys":{}}},"pendingPreKey":{"signedKeyId":18,"baseKey":"Ba0LY8lw0yH9Au+tfMqZwXFm0pf0KONmUD+Bw03jb5he","preKeyId":13264473}},"BRkwTvnv+zrDAzHvlXZIMF4BDS3vM03sybV/HeJILFZR":{"registrationId":1778623130,"currentRatchet":{"ephemeralKeyPair":{"pubKey":"BU7qP4PRu2IZl8zpYGGXDtytd8ZmZyeq00YZtNUgVsMw","privKey":"4NdozvTdz8CDkdzCDPsQpiX5nOkQxM3tef8iMSyKYmk="},"lastRemoteEphemeralKey":"BccGNZjAZ3DYKT3EJuQdxBWtPCLjin26Q3R0kf7Wlmd9","previousCounter":0,"rootKey":"DA+6o8dsxteU3xo18mJ3iUIULXzl2H4eTImy0AUlNvM="},"indexInfo":{"baseKey":"BRkwTvnv+zrDAzHvlXZIMF4BDS3vM03sybV/HeJILFZR","baseKeyType":1,"closed":-1,"used":1746627408341,"created":1746627408341,"remoteIdentityKey":"BUXJ629EaLNR2kzq9upcIoTNIEYtysFliRY3fKnWYWgF"},"_chains":{"BU7qP4PRu2IZl8zpYGGXDtytd8ZmZyeq00YZtNUgVsMw":{"chainKey":{"counter":3,"key":"EXiR2caGhcLiVacwg+554HSKUXGkghVr7q/aO84lm7g="},"chainType":1,"messageKeys":{}}},"pendingPreKey":{"signedKeyId":18,"baseKey":"BRkwTvnv+zrDAzHvlXZIMF4BDS3vM03sybV/HeJILFZR","preKeyId":13263868}}},"version":"v1"}