{"_sessions":{"BWfvibIkf9zcmRwBf1b1Uxv5+8l8HeDWgbIWI00tz+RW":{"registrationId":801495591,"currentRatchet":{"ephemeralKeyPair":{"pubKey":"BbJso+T8FmFy5DtY521GPpSNyVo3ME8tKAuYNdVZex9x","privKey":"SODLsLC0f+A7/tq+HuwBdjgs1XTeo1U1wH/+EmRbVmQ="},"lastRemoteEphemeralKey":"BThnS89LzWPS1ysfkj7qrh25I3OtB/BC7qAptoAA4JAX","previousCounter":0,"rootKey":"sM20gTu/mX3pXQZCdOj+nsD+CNaaboWFOVmZiP4vN8I="},"indexInfo":{"baseKey":"BWfvibIkf9zcmRwBf1b1Uxv5+8l8HeDWgbIWI00tz+RW","baseKeyType":1,"closed":-1,"used":1746612488892,"created":1746612488891,"remoteIdentityKey":"Bb1ndr6IEnj0IkO7Nx+gN1a0rUY7PJz0ZOI3q6oUQCJG"},"_chains":{"BbJso+T8FmFy5DtY521GPpSNyVo3ME8tKAuYNdVZex9x":{"chainKey":{"counter":4,"key":"OghyZZb3on4VnjexCpd96dhVTyeEMLdlmajDCz3MMuY="},"chainType":1,"messageKeys":{}}},"pendingPreKey":{"signedKeyId":1,"baseKey":"BWfvibIkf9zcmRwBf1b1Uxv5+8l8HeDWgbIWI00tz+RW","preKeyId":8156410}}},"version":"v1"}