{"_sessions":{"BYNSC+LEtqdXL0HvswrmrXvvzW3HU7J0lPgtmKwbstgK":{"registrationId":1419807262,"currentRatchet":{"ephemeralKeyPair":{"pubKey":"BfdENF52SOjG9qGapVRScSuc5XGebcuRWIHPVlsTzqBT","privKey":"CMan2u1uAG9BWvNSU4WhnRQsAat4WJFmzMieQ9lotWI="},"lastRemoteEphemeralKey":"BfQGheFNOe0PHEsBH8JxgdE5Y7l/tnbUVhVa1jhlUgAA","previousCounter":0,"rootKey":"/wDdLf+ISwVjnPp6NtbcauWq1N01yxIJtiez3u8ZT8M="},"indexInfo":{"baseKey":"BYNSC+LEtqdXL0HvswrmrXvvzW3HU7J0lPgtmKwbstgK","baseKeyType":1,"closed":-1,"used":1746627450122,"created":1746627450122,"remoteIdentityKey":"BZKKtXaTOcCkdS0FfYo/QYblSPcfGl9O6KXrBbwCadUO"},"_chains":{"BfdENF52SOjG9qGapVRScSuc5XGebcuRWIHPVlsTzqBT":{"chainKey":{"counter":0,"key":"3J4g3pABaVBacdZR0/d6zXAM9PUoyZLIjmoDoZYoTkI="},"chainType":1,"messageKeys":{}}},"pendingPreKey":{"signedKeyId":8,"baseKey":"BYNSC+LEtqdXL0HvswrmrXvvzW3HU7J0lPgtmKwbstgK","preKeyId":6143349}}},"version":"v1"}