{"_sessions":{"BeCMHvAU+n0Zh8u6AVlIip6/e5EPLu3nKpxRdPwoAotx":{"registrationId":849219136,"currentRatchet":{"ephemeralKeyPair":{"pubKey":"BTp58xbadl5uwMbkkiukAkrBosL1jHRI0MDBl7SMac8U","privKey":"ABCwccF663s6c3hzNF62GVFd7oI8dYKJ3wCwbQ73BF4="},"lastRemoteEphemeralKey":"BS+9fqyDH1bPdBZ9sqyerpBGt6+OIsQYDjRQigxHmu06","previousCounter":0,"rootKey":"cV+n0XbkmD0C49f80cys+lAAGWcR121FZk/g5bEadYE="},"indexInfo":{"baseKey":"BeCMHvAU+n0Zh8u6AVlIip6/e5EPLu3nKpxRdPwoAotx","baseKeyType":1,"closed":-1,"used":1746645162170,"created":1746645162170,"remoteIdentityKey":"Bb4g6dgERw2DM2Dn5mbO/VEOVxlIP0fPxIWy2NNdGhUi"},"_chains":{"BTp58xbadl5uwMbkkiukAkrBosL1jHRI0MDBl7SMac8U":{"chainKey":{"counter":0,"key":"ZJN3gQ8M9srh/6GU2l/qb9AuK5jVRT+tzM87/X0deU0="},"chainType":1,"messageKeys":{}}},"pendingPreKey":{"signedKeyId":2,"baseKey":"BeCMHvAU+n0Zh8u6AVlIip6/e5EPLu3nKpxRdPwoAotx","preKeyId":16375685}}},"version":"v1"}