{"_sessions":{"BSzE+RtuU7/zZjW6jMBalLfJczSwcxtrv57IVMn5x+p2":{"registrationId":221843213,"currentRatchet":{"ephemeralKeyPair":{"pubKey":"Bc+vpQkzt+W9T7NRvPABhgDMPnx/aRlB/HQVKiRfq+UF","privKey":"WPStgdbd/t/PZL0j2ya3lBetRpAgoJB8CNbGnXUVwWs="},"lastRemoteEphemeralKey":"BQPQdVoPcdV8HcDNkMn0AfLD/eLP8wLC5E22adRrsQo6","previousCounter":0,"rootKey":"0yY5Xu+5LUbeXM5b9rubSE3Kb7z94iEtqLu6QPpQdqQ="},"indexInfo":{"baseKey":"BSzE+RtuU7/zZjW6jMBalLfJczSwcxtrv57IVMn5x+p2","baseKeyType":1,"closed":1746627386461,"used":1746627365802,"created":1746627365802,"remoteIdentityKey":"BTpLTRlKVeDc9/kqWVF2L00rPBjw0xbZI3UWK0PvvxJ6"},"_chains":{"Bc+vpQkzt+W9T7NRvPABhgDMPnx/aRlB/HQVKiRfq+UF":{"chainKey":{"counter":0,"key":"yQmba+q5Ky8rZiJlR1VtYyCYrynJaicE6PLMagyCamw="},"chainType":1,"messageKeys":{}}},"pendingPreKey":{"signedKeyId":3949684,"baseKey":"BSzE+RtuU7/zZjW6jMBalLfJczSwcxtrv57IVMn5x+p2","preKeyId":48165}},"BV27ExK4vvZN7H6+t6GhOJ70n1aRr6Jk6zGs/MfK0Qch":{"registrationId":221843213,"currentRatchet":{"ephemeralKeyPair":{"pubKey":"Bd2DNNZwVogzds12nLiTtYvDf8LOq6ZrJmXkMdXoveAM","privKey":"yNL5MLzsum9BADC7iZtryWPMsbI91/QezFQlhsyWV0I="},"lastRemoteEphemeralKey":"BQPQdVoPcdV8HcDNkMn0AfLD/eLP8wLC5E22adRrsQo6","previousCounter":0,"rootKey":"xITjrb3bXlLMBuruz7v8ZmKYD5EHP/lH3/Lkx7iFKhc="},"indexInfo":{"baseKey":"BV27ExK4vvZN7H6+t6GhOJ70n1aRr6Jk6zGs/MfK0Qch","baseKeyType":1,"closed":1746627408701,"used":1746627385868,"created":1746627385868,"remoteIdentityKey":"BTpLTRlKVeDc9/kqWVF2L00rPBjw0xbZI3UWK0PvvxJ6"},"_chains":{"Bd2DNNZwVogzds12nLiTtYvDf8LOq6ZrJmXkMdXoveAM":{"chainKey":{"counter":0,"key":"tTHkzCsSqFRV6tm1QMBNI6PfEbCf+Y9bP2LNsePbqMY="},"chainType":1,"messageKeys":{}}},"pendingPreKey":{"signedKeyId":3949684,"baseKey":"BV27ExK4vvZN7H6+t6GhOJ70n1aRr6Jk6zGs/MfK0Qch","preKeyId":48222}},"BW/hSJvDGCWEngH23RLr6fZcEyrYDmCI4OtEXsod3tE7":{"registrationId":221843213,"currentRatchet":{"ephemeralKeyPair":{"pubKey":"BTPdiJRAN3qhf1PWtby9nldI5AAQ2j5pNL+GuZY3dShV","privKey":"CG7BeQKpNkgqKouPYlsMSwNPZ2+CyBA9N234KwVTr1U="},"lastRemoteEphemeralKey":"BQPQdVoPcdV8HcDNkMn0AfLD/eLP8wLC5E22adRrsQo6","previousCounter":0,"rootKey":"6NAQ3+ZcIm07ntdSP+vCVaBQTvc3sFYXlKYo3Ois1GU="},"indexInfo":{"baseKey":"BW/hSJvDGCWEngH23RLr6fZcEyrYDmCI4OtEXsod3tE7","baseKeyType":1,"closed":-1,"used":1746627408236,"created":1746627408236,"remoteIdentityKey":"BTpLTRlKVeDc9/kqWVF2L00rPBjw0xbZI3UWK0PvvxJ6"},"_chains":{"BTPdiJRAN3qhf1PWtby9nldI5AAQ2j5pNL+GuZY3dShV":{"chainKey":{"counter":3,"key":"nDw+qnBIPKtIWM7t5TjShE2qKUyFu02GuQCE12+RVpc="},"chainType":1,"messageKeys":{}}},"pendingPreKey":{"signedKeyId":3949684,"baseKey":"BW/hSJvDGCWEngH23RLr6fZcEyrYDmCI4OtEXsod3tE7","preKeyId":48358}}},"version":"v1"}