{"_sessions":{"Ba2TxcjBQPO0PnuZzpioz9B/SaL8LepYho1g7rb7x2x6":{"registrationId":729829331,"currentRatchet":{"ephemeralKeyPair":{"pubKey":"BecmSj14KCGJYl1FY8GLXyA+vG5qMGDLgzZSCxrV0g1t","privKey":"uLuuvxW2ETtMeJgH84v03VYQjzuJt1xt1oeMNj0hYHY="},"lastRemoteEphemeralKey":"BeAXxXTNdSJXhlSTfi8M30lL9aWa24rS3ilkXNDs3PEZ","previousCounter":0,"rootKey":"t3y/pENdSEpxJLOc4SWTbWywPovWAKYMFHU7HhlzRig="},"indexInfo":{"baseKey":"Ba2TxcjBQPO0PnuZzpioz9B/SaL8LepYho1g7rb7x2x6","baseKeyType":1,"closed":-1,"used":1746645070152,"created":1746645070152,"remoteIdentityKey":"BaoiWyTIqo0Qcoi8hOAtLp4nJUd4cw89lne0iUbYdmgD"},"_chains":{"BecmSj14KCGJYl1FY8GLXyA+vG5qMGDLgzZSCxrV0g1t":{"chainKey":{"counter":0,"key":"QuucYwCrqinEdfymqESV0wW3VXS1+dvyDsPtZcrJsHg="},"chainType":1,"messageKeys":{}}},"pendingPreKey":{"signedKeyId":8,"baseKey":"Ba2TxcjBQPO0PnuZzpioz9B/SaL8LepYho1g7rb7x2x6","preKeyId":2443457}}},"version":"v1"}