{"_sessions":{"BbUFPJ9l07sEDJIFr1mQEbHdJVsGHn71hR2+bJS6gM5l":{"registrationId":1661198991,"currentRatchet":{"ephemeralKeyPair":{"pubKey":"BcTo8GQOIFrwCyOUh7iysDnZBi5VjDYZxLOp/81WjOJp","privKey":"8Pn1hLysCJnFZMrH8Yk4xwnrYwwKufOFjsC0M79IcU0="},"lastRemoteEphemeralKey":"BZH7DA1TXz7bmrlIhoYxqL4F3LRaSbXnFNyjRfLCICgD","previousCounter":0,"rootKey":"l228DVTcw3JtdFkHiU0seIbRtUxU286KsjFCcrUQPPc="},"indexInfo":{"baseKey":"BbUFPJ9l07sEDJIFr1mQEbHdJVsGHn71hR2+bJS6gM5l","baseKeyType":1,"closed":-1,"used":1746645166155,"created":1746645166155,"remoteIdentityKey":"BXMD/j7vgOGvQ2TrJVVUEH/xuEfS2bzDgyYsGdjPM+Ex"},"_chains":{"BcTo8GQOIFrwCyOUh7iysDnZBi5VjDYZxLOp/81WjOJp":{"chainKey":{"counter":0,"key":"RKt04URHMrSphBdP571X1SRwiPCdVHQ2bPkHdbj5wJ4="},"chainType":1,"messageKeys":{}}},"pendingPreKey":{"signedKeyId":11,"baseKey":"BbUFPJ9l07sEDJIFr1mQEbHdJVsGHn71hR2+bJS6gM5l","preKeyId":8792676}}},"version":"v1"}