{"_sessions":{"BXYxkfyM2+v7HuDjfr/71tx6S26a4Ofiw1sYvMYkqL8+":{"registrationId":752997507,"currentRatchet":{"ephemeralKeyPair":{"pubKey":"BT98XAHcVz9Ov69LP4DtuGi5L3bouXRTvSJf3VQ9QEdb","privKey":"aKqwFye21of6+P14wskBwQKFSsN2ahLbPJPqOoiPxEQ="},"lastRemoteEphemeralKey":"BfE21CqtBz3Sn1oQwCDxqsGJmW2ACxkh4EbyimNZAwt/","previousCounter":0,"rootKey":"GINEONWVO+RcsphPEvxUbkXD509zxfbxfogHbyniQv8="},"indexInfo":{"baseKey":"BXYxkfyM2+v7HuDjfr/71tx6S26a4Ofiw1sYvMYkqL8+","baseKeyType":1,"closed":1746627390220,"used":1746627369026,"created":1746627369026,"remoteIdentityKey":"Ba7YKqEitUp5XxlxJ/bbG36iqDFYD4A/ZBiw+qkl9zx7"},"_chains":{"BT98XAHcVz9Ov69LP4DtuGi5L3bouXRTvSJf3VQ9QEdb":{"chainKey":{"counter":0,"key":"QKp+Wl+q167bNSZ+ZptJcaAfxfVwrazIHP3zrc2c+BI="},"chainType":1,"messageKeys":{}}},"pendingPreKey":{"signedKeyId":24,"baseKey":"BXYxkfyM2+v7HuDjfr/71tx6S26a4Ofiw1sYvMYkqL8+","preKeyId":3513736}},"BWITK3+ii96wpjAfwUy6J/1v2jrOmHj76gyxQ8c7Nl09":{"registrationId":752997507,"currentRatchet":{"ephemeralKeyPair":{"pubKey":"BTLQIRxLb8OGzrvHjjAwQSsVijKt7wSS0lanB1HBIf4r","privKey":"cPTKpttmbrdcUCQ6+fxWqWiKQO9KvbYOy5n4s1dUpWE="},"lastRemoteEphemeralKey":"BfE21CqtBz3Sn1oQwCDxqsGJmW2ACxkh4EbyimNZAwt/","previousCounter":0,"rootKey":"JHHSb2eygE6rYiDBVfr0Qv6uy6ZG+AB2vYn9ewAdyhw="},"indexInfo":{"baseKey":"BWITK3+ii96wpjAfwUy6J/1v2jrOmHj76gyxQ8c7Nl09","baseKeyType":1,"closed":1746627412400,"used":1746627389724,"created":1746627389724,"remoteIdentityKey":"Ba7YKqEitUp5XxlxJ/bbG36iqDFYD4A/ZBiw+qkl9zx7"},"_chains":{"BTLQIRxLb8OGzrvHjjAwQSsVijKt7wSS0lanB1HBIf4r":{"chainKey":{"counter":0,"key":"nKBHE1r0wIOF8AJ9BeMtGtQvx9/GbX0R2+kzjAT0xNA="},"chainType":1,"messageKeys":{}}},"pendingPreKey":{"signedKeyId":24,"baseKey":"BWITK3+ii96wpjAfwUy6J/1v2jrOmHj76gyxQ8c7Nl09","preKeyId":3513704}},"BSvSKlpPM/GXf33n4FDSymwhAE/HNmc5sPe+GyXknwA5":{"registrationId":752997507,"currentRatchet":{"ephemeralKeyPair":{"pubKey":"BfuGAWVsWMQzYqHcLiWa4runD+0utfVNH6hUP4UBUv4U","privKey":"yMFn7Hv5OMFE7mPym8PZBWnT3PIF9q3GiUTgkKN4ulM="},"lastRemoteEphemeralKey":"BfE21CqtBz3Sn1oQwCDxqsGJmW2ACxkh4EbyimNZAwt/","previousCounter":0,"rootKey":"/fTPk1AESxwJqYDA2f/IE8SYcvJ6ujExeBRadOOj9qM="},"indexInfo":{"baseKey":"BSvSKlpPM/GXf33n4FDSymwhAE/HNmc5sPe+GyXknwA5","baseKeyType":1,"closed":-1,"used":1746627411846,"created":1746627411846,"remoteIdentityKey":"Ba7YKqEitUp5XxlxJ/bbG36iqDFYD4A/ZBiw+qkl9zx7"},"_chains":{"BfuGAWVsWMQzYqHcLiWa4runD+0utfVNH6hUP4UBUv4U":{"chainKey":{"counter":3,"key":"6K9KWHDXlBoqcf2bRNfzSzWYBsG6O2Tc1WjX1xye7Vo="},"chainType":1,"messageKeys":{}}},"pendingPreKey":{"signedKeyId":24,"baseKey":"BSvSKlpPM/GXf33n4FDSymwhAE/HNmc5sPe+GyXknwA5","preKeyId":3513609}}},"version":"v1"}