{"_sessions":{"BeYmfDBb5v1Fw4ZSwOjcavRy43ohBiRQnUyb6vRaD01W":{"registrationId":1210361179,"currentRatchet":{"ephemeralKeyPair":{"pubKey":"BRIJAVM6gMj4DD2sosXLrM8O+2+/vAM16atkf0Dx9U9O","privKey":"wFnh5pqFKk76Whj6sWR0S5qC7tN/5zxMHO3tSP37C2w="},"lastRemoteEphemeralKey":"Bb1GSWXfZMk7VZSpZW7YtLhyis0+K1dGFMXoUqbqGWtb","previousCounter":0,"rootKey":"g3gDJRoKRRzGvMGyNxu1fJgi/zUWF7vdcQwxnIs/iK0="},"indexInfo":{"baseKey":"BeYmfDBb5v1Fw4ZSwOjcavRy43ohBiRQnUyb6vRaD01W","baseKeyType":1,"closed":-1,"used":1746645070371,"created":1746645070371,"remoteIdentityKey":"BWhiPT2Mpb6aK/oMcRoR2G/IkMypZAjqbHWJMMVMMFxT"},"_chains":{"BRIJAVM6gMj4DD2sosXLrM8O+2+/vAM16atkf0Dx9U9O":{"chainKey":{"counter":0,"key":"F0udyyroKqDjosuRLj3IkjyifXu9cjNsN39fmb0+elI="},"chainType":1,"messageKeys":{}}},"pendingPreKey":{"signedKeyId":0,"baseKey":"BeYmfDBb5v1Fw4ZSwOjcavRy43ohBiRQnUyb6vRaD01W"}}},"version":"v1"}