{"_sessions":{"BX4OI5qZofFetmHXWTrrEXLnClDoZSmKH6nbb9d5JTNk":{"registrationId":1244620994,"currentRatchet":{"ephemeralKeyPair":{"pubKey":"BfhGjmcdDC5hCz7SCoSRJiSsU4+zeT8KjPvyGznHp8BK","privKey":"QC5KPv8axbyhpbB83RGc3DXT/w+TgFTHD/TiXff1HXw="},"lastRemoteEphemeralKey":"BcrGe1e12y1xldVI9zobQ7lgzOLt7wJ/1iFzjsZ/RigW","previousCounter":0,"rootKey":"qU6eotj8sZzpVKevFBrR3PKAiL4+050/lEdlp9YHFf4="},"indexInfo":{"baseKey":"BX4OI5qZofFetmHXWTrrEXLnClDoZSmKH6nbb9d5JTNk","baseKeyType":1,"closed":-1,"used":1746612695067,"created":1746612695067,"remoteIdentityKey":"BXxXK9m/kUmnc1RJYfnJbAfKS23vRRLftm9/ritF3d0E"},"_chains":{"BfhGjmcdDC5hCz7SCoSRJiSsU4+zeT8KjPvyGznHp8BK":{"chainKey":{"counter":0,"key":"Qi43zP9+PX65YTJKXjK8y1MQTTLLLTYO7z0IhLINes0="},"chainType":1,"messageKeys":{}}},"pendingPreKey":{"signedKeyId":14,"baseKey":"BX4OI5qZofFetmHXWTrrEXLnClDoZSmKH6nbb9d5JTNk","preKeyId":13294153}}},"version":"v1"}