{"_sessions":{"BTKOBvz7EPPF6p5rS9paDPSICOsYZw1cH3i2RcYWmz9o":{"registrationId":718695615,"currentRatchet":{"ephemeralKeyPair":{"pubKey":"BSy6ZDOWyORW109WfHJnyn6Z2gTqWRfh6aVcj6O19G1X","privKey":"IGVTt0k61EAz5AH8mNhv8bGAksZU0UBwQfBNMhTnqFI="},"lastRemoteEphemeralKey":"BUNGOFe+m2WLFLEuxLB5qM2lofoqbWQf7h03j5lXfOQ2","previousCounter":0,"rootKey":"3SN2IE1QfcgqrpbXyz9RdNuFoaKfjFFQ5RfZ4IK+rcI="},"indexInfo":{"baseKey":"BTKOBvz7EPPF6p5rS9paDPSICOsYZw1cH3i2RcYWmz9o","baseKeyType":1,"closed":1746627386429,"used":1746627365733,"created":1746627365733,"remoteIdentityKey":"BYA7LIm73khxirYV14T4IOi+aADuAl01V5VTP/pKFgxR"},"_chains":{"BSy6ZDOWyORW109WfHJnyn6Z2gTqWRfh6aVcj6O19G1X":{"chainKey":{"counter":0,"key":"FVNgAXjeh5ICpK1u4c9cycTvSuJUgz+kxaccwC5z4Bg="},"chainType":1,"messageKeys":{}}},"pendingPreKey":{"signedKeyId":13067726,"baseKey":"BTKOBvz7EPPF6p5rS9paDPSICOsYZw1cH3i2RcYWmz9o","preKeyId":20037}},"BT1XPUJH1Cv4PCDeFN/XsdbqcQNN9mH0KQNdsVPC1q5P":{"registrationId":718695615,"currentRatchet":{"ephemeralKeyPair":{"pubKey":"BbYvHU3Tv0/Pb5UxYusscw6/LcOGA8OBWDPzumIQBc0V","privKey":"4M6Qu/GzLslY42usYXv/UWqP5nd8Ivuc/DMpR5V/tkg="},"lastRemoteEphemeralKey":"BUNGOFe+m2WLFLEuxLB5qM2lofoqbWQf7h03j5lXfOQ2","previousCounter":0,"rootKey":"AMdjjQQ3J5k44E6bopBkFVTXaRXdDxuFkJiqBbxHHbc="},"indexInfo":{"baseKey":"BT1XPUJH1Cv4PCDeFN/XsdbqcQNN9mH0KQNdsVPC1q5P","baseKeyType":1,"closed":1746627408676,"used":1746627385795,"created":1746627385795,"remoteIdentityKey":"BYA7LIm73khxirYV14T4IOi+aADuAl01V5VTP/pKFgxR"},"_chains":{"BbYvHU3Tv0/Pb5UxYusscw6/LcOGA8OBWDPzumIQBc0V":{"chainKey":{"counter":0,"key":"UrjJHZBiCBOk8gxhcCAGAndauT9FUD1s3itq21o+EPI="},"chainType":1,"messageKeys":{}}},"pendingPreKey":{"signedKeyId":13067726,"baseKey":"BT1XPUJH1Cv4PCDeFN/XsdbqcQNN9mH0KQNdsVPC1q5P","preKeyId":20025}},"BW5PCHD9rc8yxwxqtcZ6q+LWbBfU+KmwEmRjaFQb1AET":{"registrationId":718695615,"currentRatchet":{"ephemeralKeyPair":{"pubKey":"BVzR4YmPlTAIbm6sKWd8vvmJGqt2jU/r611Q0eg5XD9W","privKey":"2HuyEtVYoLZaRpSDb5LCqYZq1ulKzLOuKovLHOw2jVs="},"lastRemoteEphemeralKey":"BUNGOFe+m2WLFLEuxLB5qM2lofoqbWQf7h03j5lXfOQ2","previousCounter":0,"rootKey":"dSM1dPe3lJHntuCvt02y+lG1aS0iQgK3HzgyjMGpMtc="},"indexInfo":{"baseKey":"BW5PCHD9rc8yxwxqtcZ6q+LWbBfU+KmwEmRjaFQb1AET","baseKeyType":1,"closed":-1,"used":1746627408167,"created":1746627408167,"remoteIdentityKey":"BYA7LIm73khxirYV14T4IOi+aADuAl01V5VTP/pKFgxR"},"_chains":{"BVzR4YmPlTAIbm6sKWd8vvmJGqt2jU/r611Q0eg5XD9W":{"chainKey":{"counter":3,"key":"8M1l0LkAIdk9EItMNCWORzfdTKxyIDpocCeTspmov0I="},"chainType":1,"messageKeys":{}}},"pendingPreKey":{"signedKeyId":13067726,"baseKey":"BW5PCHD9rc8yxwxqtcZ6q+LWbBfU+KmwEmRjaFQb1AET","preKeyId":20006}}},"version":"v1"}