{"_sessions":{"BUfrT1X/VmlEsbRowGVam1RpiiYawaABG+3Onmnn/n5V":{"registrationId":1346352686,"currentRatchet":{"ephemeralKeyPair":{"pubKey":"BdPBzGeiStQirHl4QMcgcgfzd7F7ify1t8PWEjkDntIS","privKey":"CIhKmPzuv5m7NUBSfXRIv6/42lSGIWABbxJrqBxB7WA="},"lastRemoteEphemeralKey":"BVOUc2OQe4/NRx1plSzcK74r0+u93vBswTihxGOzdtVV","previousCounter":0,"rootKey":"PVcxi3zGaJfkRGm0zIfayj/7xJgiqhX6EeFH/dvrhPM="},"indexInfo":{"baseKey":"BUfrT1X/VmlEsbRowGVam1RpiiYawaABG+3Onmnn/n5V","baseKeyType":1,"closed":-1,"used":1746645070098,"created":1746645070098,"remoteIdentityKey":"Bb02ol0RvCzNqPnxyzEuwVCwcd0YYm1TdwE/NW+x5YlW"},"_chains":{"BdPBzGeiStQirHl4QMcgcgfzd7F7ify1t8PWEjkDntIS":{"chainKey":{"counter":0,"key":"CFl4WgrwPlPEDCaJelyX/5bPvkMQ+Fi6W6/OjOr81K0="},"chainType":1,"messageKeys":{}}},"pendingPreKey":{"signedKeyId":9702125,"baseKey":"BUfrT1X/VmlEsbRowGVam1RpiiYawaABG+3Onmnn/n5V"}}},"version":"v1"}