{"_sessions":{"BfoNZZfQvOGmP4X5KI07KtVXTyElT8nHpWsGiZm5Yo4n":{"registrationId":577315403,"currentRatchet":{"ephemeralKeyPair":{"pubKey":"BdEl3x/BYySSB9stMSfbpTbYKkPZ3hTKcwkULzJ4D/ZC","privKey":"WICjIksmQUgaoBapEf/zwUeVKSDpzS7RZSvcHj0j/XA="},"lastRemoteEphemeralKey":"BYZVahYy6AKYockElZjpuYQL8zGgenPx33m7PzmM5Wd8","previousCounter":0,"rootKey":"pDcwDoo8MyPLxQlEY3sLZcTDmMWrNeYVHhbmhbWGudc="},"indexInfo":{"baseKey":"BfoNZZfQvOGmP4X5KI07KtVXTyElT8nHpWsGiZm5Yo4n","baseKeyType":1,"closed":1746627386420,"used":1746627365707,"created":1746627365707,"remoteIdentityKey":"BSJFvMPTvzH12xGEzXAIGw1Jex4oL6LjIoJZ2k9krLdn"},"_chains":{"BdEl3x/BYySSB9stMSfbpTbYKkPZ3hTKcwkULzJ4D/ZC":{"chainKey":{"counter":0,"key":"KwU8XdddOK1BswWyX6luyjAu7GYMquZmIj99N7oYC+k="},"chainType":1,"messageKeys":{}}},"pendingPreKey":{"signedKeyId":10,"baseKey":"BfoNZZfQvOGmP4X5KI07KtVXTyElT8nHpWsGiZm5Yo4n","preKeyId":3899247}},"BTM3F++Kr5uLIzO+mbzMXSrqrtrWeH+A5YVHFsGBiBId":{"registrationId":577315403,"currentRatchet":{"ephemeralKeyPair":{"pubKey":"BVT6/nriNpNhAprK4yGyabAkH0D92etsfJ9NhJvqIkk1","privKey":"0DuZMZckHXqLoSc8z4jVb42bp2xe0nRSZfVbxFOIeHI="},"lastRemoteEphemeralKey":"BYZVahYy6AKYockElZjpuYQL8zGgenPx33m7PzmM5Wd8","previousCounter":0,"rootKey":"wD6qc60KI2Z6c67xnoixoJHKyaDE4aPxkBbzlDgKjaQ="},"indexInfo":{"baseKey":"BTM3F++Kr5uLIzO+mbzMXSrqrtrWeH+A5YVHFsGBiBId","baseKeyType":1,"closed":1746627408670,"used":1746627385768,"created":1746627385768,"remoteIdentityKey":"BSJFvMPTvzH12xGEzXAIGw1Jex4oL6LjIoJZ2k9krLdn"},"_chains":{"BVT6/nriNpNhAprK4yGyabAkH0D92etsfJ9NhJvqIkk1":{"chainKey":{"counter":0,"key":"aI0jhgnWgNMKVrpZIx0gofJJ+9DO5UUv8QlX+Bq3668="},"chainType":1,"messageKeys":{}}},"pendingPreKey":{"signedKeyId":10,"baseKey":"BTM3F++Kr5uLIzO+mbzMXSrqrtrWeH+A5YVHFsGBiBId","preKeyId":3899217}},"BRPT73IAxZQeP8gBVdIocCySZ1R8CtBsPf+PG7dRNRJ0":{"registrationId":577315403,"currentRatchet":{"ephemeralKeyPair":{"pubKey":"BTTnYmeGWypadHy5bgcA8Ck1pObw4157st7uEREaCu54","privKey":"OMbsZ5QcKbjNU/vOkGem5QUjHOtjavAzKhdz0Hgw93Q="},"lastRemoteEphemeralKey":"BYZVahYy6AKYockElZjpuYQL8zGgenPx33m7PzmM5Wd8","previousCounter":0,"rootKey":"/8sk94kXyqHn6PADJgloxup8uBcZW6Jl5pwcjE7w71A="},"indexInfo":{"baseKey":"BRPT73IAxZQeP8gBVdIocCySZ1R8CtBsPf+PG7dRNRJ0","baseKeyType":1,"closed":-1,"used":1746627408141,"created":1746627408141,"remoteIdentityKey":"BSJFvMPTvzH12xGEzXAIGw1Jex4oL6LjIoJZ2k9krLdn"},"_chains":{"BTTnYmeGWypadHy5bgcA8Ck1pObw4157st7uEREaCu54":{"chainKey":{"counter":3,"key":"AaJsfSyfW/rE00ofmRHxetQUVUcPZ04bdO2967xlFxw="},"chainType":1,"messageKeys":{}}},"pendingPreKey":{"signedKeyId":10,"baseKey":"BRPT73IAxZQeP8gBVdIocCySZ1R8CtBsPf+PG7dRNRJ0","preKeyId":3900509}}},"version":"v1"}