{"_sessions":{"BbuEz6ebcA9dT7XS9az3A2nlJbVhWJypdYcOwHzolbQa":{"registrationId":1934972496,"currentRatchet":{"ephemeralKeyPair":{"pubKey":"BQGU98ncZtji9Ex4oouuCUygVBV+iQgIx0l6/S8RTO0b","privKey":"YH98fC3XC/ipastU05kJp2ynfJvdY8Btq4usUbSXn00="},"lastRemoteEphemeralKey":"BcSxEaydazmrvgipwjBB9+63zN+MESkKpZz1ZTc/Ewt+","previousCounter":0,"rootKey":"n9MOVcM5sp8zI0wfUAxJW4Xh1UxUcOyJMt04jcC387k="},"indexInfo":{"baseKey":"BbuEz6ebcA9dT7XS9az3A2nlJbVhWJypdYcOwHzolbQa","baseKeyType":1,"closed":-1,"used":1746645162242,"created":1746645162242,"remoteIdentityKey":"BTSjWtQTOJXU45w2obMTJXv+0ET61iRTEiLBPyjwuMVT"},"_chains":{"BQGU98ncZtji9Ex4oouuCUygVBV+iQgIx0l6/S8RTO0b":{"chainKey":{"counter":0,"key":"Q3XWcwIPOzngptiwi/sjRZeyfH8Y3A0HLkcMa4EqJE0="},"chainType":1,"messageKeys":{}}},"pendingPreKey":{"signedKeyId":457744,"baseKey":"BbuEz6ebcA9dT7XS9az3A2nlJbVhWJypdYcOwHzolbQa","preKeyId":29800}}},"version":"v1"}