{"_sessions":{"BcH3HL0puHfzk135Y36yCJrqdss5DQGra29xZrl6oxMm":{"registrationId":140667999,"currentRatchet":{"ephemeralKeyPair":{"pubKey":"BXp/A4TZdTwcXn67TyG4JgCBcmw/0vk+PCTnXHzsi4lg","privKey":"iLf9bczcEiVpWtCu0QvUZJ1uvzizWIsBBM/tXeu8uEs="},"lastRemoteEphemeralKey":"BTRGy5m/VHSPNL9rHi2GZV5JNfZPyJK7TviCjwPLtgpP","previousCounter":0,"rootKey":"iky6HtxAJj4upWVqanYj5S3rpVCez152q2webAP8Tbk="},"indexInfo":{"baseKey":"BcH3HL0puHfzk135Y36yCJrqdss5DQGra29xZrl6oxMm","baseKeyType":1,"closed":1746627382701,"used":1746627362715,"created":1746627362715,"remoteIdentityKey":"BV8xBV7Bnjicrtn9Xa4pYbHkORXsaPDlpK823XEzOo1S"},"_chains":{"BXp/A4TZdTwcXn67TyG4JgCBcmw/0vk+PCTnXHzsi4lg":{"chainKey":{"counter":0,"key":"tDA0OYP82zBa9a4Id0Xyy07wlLNx6tIYf/DY+AB9FSg="},"chainType":1,"messageKeys":{}}},"pendingPreKey":{"signedKeyId":11,"baseKey":"BcH3HL0puHfzk135Y36yCJrqdss5DQGra29xZrl6oxMm","preKeyId":7297447}},"BV+ayK9e2Li9aMlxBsV97TgOXe7Y48ts1OH0bn84vFpI":{"registrationId":140667999,"currentRatchet":{"ephemeralKeyPair":{"pubKey":"BdDzLFdw8BGroGiA1/6zShZ2mGz4bp8mYLHGT/s7SedK","privKey":"oN93qCVpuVmzlnTLP9Q0cfKlzCXikdV8+5pJSFfPtGc="},"lastRemoteEphemeralKey":"BTRGy5m/VHSPNL9rHi2GZV5JNfZPyJK7TviCjwPLtgpP","previousCounter":0,"rootKey":"m8THkaho7BfbyWz9fwJWTrZ7ay+5u9F2k18jnpqV8Aw="},"indexInfo":{"baseKey":"BV+ayK9e2Li9aMlxBsV97TgOXe7Y48ts1OH0bn84vFpI","baseKeyType":1,"closed":1746627404940,"used":1746627382094,"created":1746627382094,"remoteIdentityKey":"BV8xBV7Bnjicrtn9Xa4pYbHkORXsaPDlpK823XEzOo1S"},"_chains":{"BdDzLFdw8BGroGiA1/6zShZ2mGz4bp8mYLHGT/s7SedK":{"chainKey":{"counter":0,"key":"+k6kh8M+lU5a4Nm6Y1WBxhSImjzRf5rAimUeZZWBleY="},"chainType":1,"messageKeys":{}}},"pendingPreKey":{"signedKeyId":11,"baseKey":"BV+ayK9e2Li9aMlxBsV97TgOXe7Y48ts1OH0bn84vFpI","preKeyId":7297952}},"BSAIpQaoRGYYPjQH3CdEkv2seO+ZAdqd3bqtAgElJXdn":{"registrationId":140667999,"currentRatchet":{"ephemeralKeyPair":{"pubKey":"BcJyh4CO1fcjFBEPrqD7eH08WSv48j50DQ9RyQQDnTRB","privKey":"GOz2AZiXoQC1pVgA0KvaVg7qpeuCX7EHMtkdPDmzvEQ="},"lastRemoteEphemeralKey":"BRm5FwHJ5/eun6HvK11fLxuf0DL6bd3HIePtjWRTw0gj","previousCounter":3,"rootKey":"srDTa6kSwO2YnfYpf2GSZZ7gM9mN4h5Ha1SSuxc6n78="},"indexInfo":{"baseKey":"BSAIpQaoRGYYPjQH3CdEkv2seO+ZAdqd3bqtAgElJXdn","baseKeyType":1,"closed":-1,"used":1746637729985,"created":1746627404828,"remoteIdentityKey":"BV8xBV7Bnjicrtn9Xa4pYbHkORXsaPDlpK823XEzOo1S"},"_chains":{"BRm5FwHJ5/eun6HvK11fLxuf0DL6bd3HIePtjWRTw0gj":{"chainKey":{"counter":0,"key":"p3lDw08uasEqU29VG2NNGC2PcAx8Frm2iowNC71Abyg="},"chainType":2,"messageKeys":{}},"BcJyh4CO1fcjFBEPrqD7eH08WSv48j50DQ9RyQQDnTRB":{"chainKey":{"counter":-1,"key":"cqCgru8WpegLkDlluN+a1Fh59diy1zV8knhy/iJrR0U="},"chainType":1,"messageKeys":{}}}}},"version":"v1"}