{"_sessions":{"BT3mI7noBEPMUot0KDcYn0q9d+fEjVahMba8gDGERl9n":{"registrationId":1067042228,"currentRatchet":{"ephemeralKeyPair":{"pubKey":"BYlXBTX03As9fzwzVy5AXRjcJOXD2SwNhxF+xHs+Bct3","privKey":"KC/4DXWw1fyGByiHl8Fb/wfMyhwe0c2X0uaSCXZqS08="},"lastRemoteEphemeralKey":"Bfmd9M+hhUAZGw3zQSNZA4DT4JyGdvTkig7gCuQpWbZP","previousCounter":0,"rootKey":"bG6A7cgYZbxI81AmYm5YuWRiz5OUN4xLQhbIc9Ngemc="},"indexInfo":{"baseKey":"BT3mI7noBEPMUot0KDcYn0q9d+fEjVahMba8gDGERl9n","baseKeyType":2,"closed":-1,"used":1746710817332,"created":1746710817332,"remoteIdentityKey":"BXm77j9SeBX32oWQHQ7Klc+MmFafXkCOjgdvRkl1KJgI"},"_chains":{"Bfmd9M+hhUAZGw3zQSNZA4DT4JyGdvTkig7gCuQpWbZP":{"chainKey":{"counter":1,"key":"UruNrO/ZwiNsGPVOiO/Z5gucgr0qz7rCVjdNyiPxDwM="},"chainType":2,"messageKeys":{"0":"B/1oe3v5X5oM9jpn/46FYSx3UsdgyiZ8ODlW2Y6v8vs="}},"BYlXBTX03As9fzwzVy5AXRjcJOXD2SwNhxF+xHs+Bct3":{"chainKey":{"counter":-1,"key":"M0M86I9VV6oDdH0dhq+JNKNjLI8xPvYeXC2otQVeHTI="},"chainType":1,"messageKeys":{}}}}},"version":"v1"}