{"_sessions":{"BdZ/OQZX8tYUZl6g9X2p7rXvTycPn35Js+rY297SOjhf":{"registrationId":1357766876,"currentRatchet":{"ephemeralKeyPair":{"pubKey":"Bf5oktlzPJ8bI6pf7pAdDhP/VCL/yod+hsCeYG5OCXUr","privKey":"OCchpzgRRnZ6ZOdF4hIBqKUFeM/OmSQsZU4kBHVy9Xc="},"lastRemoteEphemeralKey":"BSbuaeKFvjrM1lFDJjjNM0MhcEkWwNuqw57D6CivR2sR","previousCounter":0,"rootKey":"Pk4L6DY0GnsVjusye5RPDJqloJch4+Ye1XBpLD41+CE="},"indexInfo":{"baseKey":"BdZ/OQZX8tYUZl6g9X2p7rXvTycPn35Js+rY297SOjhf","baseKeyType":1,"closed":-1,"used":1746645162280,"created":1746645162280,"remoteIdentityKey":"BQixUNdTBH87EbzwW3yeUwZ09O1zYY2c4rw489841yEU"},"_chains":{"Bf5oktlzPJ8bI6pf7pAdDhP/VCL/yod+hsCeYG5OCXUr":{"chainKey":{"counter":0,"key":"AJf8qfdtzCMOIC7RlL07qO7XPXOBa3I9/e01Hd6FOEg="},"chainType":1,"messageKeys":{}}},"pendingPreKey":{"signedKeyId":2090311,"baseKey":"BdZ/OQZX8tYUZl6g9X2p7rXvTycPn35Js+rY297SOjhf","preKeyId":1411}}},"version":"v1"}