{"_sessions":{"BZ6eDkFnDnz+B1sjOde2Q6e4Zyp53uopueqn/Wix5xpr":{"registrationId":1352443674,"currentRatchet":{"ephemeralKeyPair":{"pubKey":"BZ6MgVrnJ0DRIOUi5QHIlmjSgMJN8+BN+XM8jHkWuAtX","privKey":"iMoroBbf2KDtqnkjaPQ+JdAJ/d5kwjU2TRQFPmZosE0="},"lastRemoteEphemeralKey":"BfEeifdQ7CMzws6BxwD7Ii6jX/yzOS69EUHxwbjt7OVG","previousCounter":0,"rootKey":"aNHm8XQrjTeaVtjl/+n6SA4XxE6Uru1x5cf6M7vnB7c="},"indexInfo":{"baseKey":"BZ6eDkFnDnz+B1sjOde2Q6e4Zyp53uopueqn/Wix5xpr","baseKeyType":1,"closed":-1,"used":1746645158678,"created":1746645158678,"remoteIdentityKey":"BThpApT59WVRphgxXaWpy9IM27vieb9OJ/uBV533hU58"},"_chains":{"BZ6MgVrnJ0DRIOUi5QHIlmjSgMJN8+BN+XM8jHkWuAtX":{"chainKey":{"counter":0,"key":"jLSqiRQ4TdWzmDhtMylqW+0tq0vUoJRiTMCBNVmLVbU="},"chainType":1,"messageKeys":{}}},"pendingPreKey":{"signedKeyId":3185256,"baseKey":"BZ6eDkFnDnz+B1sjOde2Q6e4Zyp53uopueqn/Wix5xpr"}}},"version":"v1"}