{"_sessions":{"BZmicA2nFjmoBHenXpnEAllMS+I1wv4BCck8JKSCgV0A":{"registrationId":684118755,"currentRatchet":{"ephemeralKeyPair":{"pubKey":"Bbml9b37/Wv/GJ/vxBTzlq03H/o0Pmk4xvL9GwxVHGRS","privKey":"mJ8iV5GVbOmlKh3WwNt0lCf/eU6saNwfWS/pw30Zzk0="},"lastRemoteEphemeralKey":"Bb13eXUBTwySfO0aSFRFEOHCkgMPXhwcikcEvr+WcKAI","previousCounter":0,"rootKey":"ZHKftiKoGM7iWRPTtuOjkG37Rua/+7txyhQz33ZaARg="},"indexInfo":{"baseKey":"BZmicA2nFjmoBHenXpnEAllMS+I1wv4BCck8JKSCgV0A","baseKeyType":1,"closed":1746627390219,"used":1746627369023,"created":1746627369023,"remoteIdentityKey":"BSIgXApMMl58eQHr7cQUv9XIXvmOge+0On1tVIDucO5Q"},"_chains":{"Bbml9b37/Wv/GJ/vxBTzlq03H/o0Pmk4xvL9GwxVHGRS":{"chainKey":{"counter":0,"key":"bqHaHGrleE72Jbi/DfM3p9i3OAuzHFWL2pf+b29N89Y="},"chainType":1,"messageKeys":{}}},"pendingPreKey":{"signedKeyId":5,"baseKey":"BZmicA2nFjmoBHenXpnEAllMS+I1wv4BCck8JKSCgV0A","preKeyId":9412821}},"BQLZM+AjX9zrtKy094tXQS2x3iDJ4ZKwrw2qPGDle/8K":{"registrationId":684118755,"currentRatchet":{"ephemeralKeyPair":{"pubKey":"BYXNH1cWvc6ZPrbZgWEG6rSxb4yWlz4HxTj4TPgZW4J1","privKey":"6Kg18OZTrcIYUhqV3GXf8GDyf5rf+oGJWR1cUH1AtkQ="},"lastRemoteEphemeralKey":"Bb13eXUBTwySfO0aSFRFEOHCkgMPXhwcikcEvr+WcKAI","previousCounter":0,"rootKey":"d2DILVXP0AzsTBvxy43WY8s4UvC7ozeFhAF/eIwn4T0="},"indexInfo":{"baseKey":"BQLZM+AjX9zrtKy094tXQS2x3iDJ4ZKwrw2qPGDle/8K","baseKeyType":1,"closed":1746627412399,"used":1746627389719,"created":1746627389719,"remoteIdentityKey":"BSIgXApMMl58eQHr7cQUv9XIXvmOge+0On1tVIDucO5Q"},"_chains":{"BYXNH1cWvc6ZPrbZgWEG6rSxb4yWlz4HxTj4TPgZW4J1":{"chainKey":{"counter":0,"key":"dqerpYGz77P6grMGnG94Q19tfkEd0k0rpL4ZTCq5UsE="},"chainType":1,"messageKeys":{}}},"pendingPreKey":{"signedKeyId":5,"baseKey":"BQLZM+AjX9zrtKy094tXQS2x3iDJ4ZKwrw2qPGDle/8K","preKeyId":9412732}},"BTpuOFwCMpsLfrTXTFYQHNj6sPZ65jwkMXfmlrG2kpIS":{"registrationId":684118755,"currentRatchet":{"ephemeralKeyPair":{"pubKey":"BSaEN3vmhrpBSxr3xA9kfjFOAsCgV24Si+d0GjaPAWBz","privKey":"OP8/f0JHGyIsuI4VVzwyPunZfPlwiIGyZl8KdisF6Wk="},"lastRemoteEphemeralKey":"Bb13eXUBTwySfO0aSFRFEOHCkgMPXhwcikcEvr+WcKAI","previousCounter":0,"rootKey":"0PG7QH/fqlrRu4HuWYhaT5FKEo2N5z+zz4lFUxeNufQ="},"indexInfo":{"baseKey":"BTpuOFwCMpsLfrTXTFYQHNj6sPZ65jwkMXfmlrG2kpIS","baseKeyType":1,"closed":-1,"used":1746627411840,"created":1746627411840,"remoteIdentityKey":"BSIgXApMMl58eQHr7cQUv9XIXvmOge+0On1tVIDucO5Q"},"_chains":{"BSaEN3vmhrpBSxr3xA9kfjFOAsCgV24Si+d0GjaPAWBz":{"chainKey":{"counter":3,"key":"p6Rb75CMl+w99bM6yG6/lw4nCcCGOzjL/uk2bVdasvo="},"chainType":1,"messageKeys":{}}},"pendingPreKey":{"signedKeyId":5,"baseKey":"BTpuOFwCMpsLfrTXTFYQHNj6sPZ65jwkMXfmlrG2kpIS","preKeyId":9412837}}},"version":"v1"}