{"_sessions":{"BUGcLnJ5PaBIUxazOcmLDngNsRO5TR639C+X1w1+Ftxr":{"registrationId":1301453600,"currentRatchet":{"ephemeralKeyPair":{"pubKey":"Banb7ZeuCPMWdcz4c7U0sjp5xPWzpzUZ6N/BqZHCEVwT","privKey":"mB6gGDEpbQ5vm5Z7E7MkgOkykcfG+91YY2+/kXcTT04="},"lastRemoteEphemeralKey":"BS1ApoRqxM9icE16xzxcvyKcKb70879dycGAwvR2i4sS","previousCounter":0,"rootKey":"SfjE2zkR31QF7G8v5xgwWx0gfwVOPgKc2M0FRRMiC3U="},"indexInfo":{"baseKey":"BUGcLnJ5PaBIUxazOcmLDngNsRO5TR639C+X1w1+Ftxr","baseKeyType":1,"closed":-1,"used":1746644956815,"created":1746644956815,"remoteIdentityKey":"BejO45Fl6rCtlvNmGgtiNrofxfWg2egHdux/QfATprFa"},"_chains":{"Banb7ZeuCPMWdcz4c7U0sjp5xPWzpzUZ6N/BqZHCEVwT":{"chainKey":{"counter":1,"key":"Rbd72cvYISblicdvzorr3vxdeq8IQLDEchWn0kPnNcM="},"chainType":1,"messageKeys":{}}},"pendingPreKey":{"signedKeyId":9478672,"baseKey":"BUGcLnJ5PaBIUxazOcmLDngNsRO5TR639C+X1w1+Ftxr","preKeyId":2503}}},"version":"v1"}