{"_sessions":{"BbHzrfo8maea9jR9LeiPAJsXyEmLZ4zcraXB6H/4NrEO":{"registrationId":1852252586,"currentRatchet":{"ephemeralKeyPair":{"pubKey":"BeI/npd7zXMnwcpv1X/6/B0TuvQJoLrVkxYGz5BRX6dV","privKey":"AB/ryVRYLDTsm6jflJYt8dDn0IHAe8nvvsbcecrkqXA="},"lastRemoteEphemeralKey":"BUAk1djjbodRHpPsMp3zUnl3KiSciROAEqRywj1HqAYG","previousCounter":0,"rootKey":"MDMclAL6V47RmHbLFEvwAEkGIQ8bYW8xYplsE/JNSN4="},"indexInfo":{"baseKey":"BbHzrfo8maea9jR9LeiPAJsXyEmLZ4zcraXB6H/4NrEO","baseKeyType":1,"closed":-1,"used":1746645162336,"created":1746645162336,"remoteIdentityKey":"Bcgv9CglnrSln2mEhgeznWEZD+KsyqPtdilHyPab3HU/"},"_chains":{"BeI/npd7zXMnwcpv1X/6/B0TuvQJoLrVkxYGz5BRX6dV":{"chainKey":{"counter":0,"key":"WgASkJTLvxhqaTK24o3TXl5YQuMJF3IY8qHwoXVfjuQ="},"chainType":1,"messageKeys":{}}},"pendingPreKey":{"signedKeyId":5,"baseKey":"BbHzrfo8maea9jR9LeiPAJsXyEmLZ4zcraXB6H/4NrEO","preKeyId":7926864}}},"version":"v1"}