{"_sessions":{"BbkynBNlhMdxEZaNi48PBVPTrh+kIY8xGmDMVJK+yGx8":{"registrationId":727515977,"currentRatchet":{"ephemeralKeyPair":{"pubKey":"BWeO3slNOS6k2+Wb+f2tvi/vLz+/n4bQjdnsV00ljR1S","privKey":"0DHEEdbUnMgox9GzbinBh50hA2zp677g5MzGzBqq7Go="},"lastRemoteEphemeralKey":"BVfx28nH6H06m8ofezGqMSg7HeAb7ctNADUhdfiU1oVW","previousCounter":0,"rootKey":"2g9NRcIrCcgOGV5Q3MJHAGkNGJwKqumthdUq66rGP9M="},"indexInfo":{"baseKey":"BbkynBNlhMdxEZaNi48PBVPTrh+kIY8xGmDMVJK+yGx8","baseKeyType":1,"closed":-1,"used":1746645162263,"created":1746645162263,"remoteIdentityKey":"BeL9uQOTIrYwfC8bbVc2cn7bkas6H1lnjWQP1b+LIlwX"},"_chains":{"BWeO3slNOS6k2+Wb+f2tvi/vLz+/n4bQjdnsV00ljR1S":{"chainKey":{"counter":0,"key":"LeeWGiH7SUveHRA/HNacrVbGmIFCfHQMzxDIf/ZVKlA="},"chainType":1,"messageKeys":{}}},"pendingPreKey":{"signedKeyId":675288,"baseKey":"BbkynBNlhMdxEZaNi48PBVPTrh+kIY8xGmDMVJK+yGx8","preKeyId":5521}}},"version":"v1"}