{"_sessions":{"BQIZuRdjiu34EbOcHTm/YBPPFstaw34Ay4OWDe4+ViJh":{"registrationId":371791715,"currentRatchet":{"ephemeralKeyPair":{"pubKey":"BcbVo09qwKxTprzwoHHXodpzAkPgM8Bzs7cxNfBe7yE6","privKey":"SPzLSw0RnjHht9pY33JVVlnBjy9dlXBmgF19tLHr2V4="},"lastRemoteEphemeralKey":"BQMi5ujlNC8cNJJ+RbEm85iNG89up876HQCEQ1CoS15n","previousCounter":0,"rootKey":"HuE9QyOBQN2H2oIG68Q+pU7/Bxyq3+qLoI9MXoN0qeM="},"indexInfo":{"baseKey":"BQIZuRdjiu34EbOcHTm/YBPPFstaw34Ay4OWDe4+ViJh","baseKeyType":1,"closed":-1,"used":1746645162312,"created":1746645162312,"remoteIdentityKey":"BZq3dUH/cTxI4Br2+3jxPXS83xTJP/ES42cUNOawihhG"},"_chains":{"BcbVo09qwKxTprzwoHHXodpzAkPgM8Bzs7cxNfBe7yE6":{"chainKey":{"counter":0,"key":"LEpPyOY+hQXsgy6NSeuNyeYZx+d3qRQo0AV+OV2hRQY="},"chainType":1,"messageKeys":{}}},"pendingPreKey":{"signedKeyId":3,"baseKey":"BQIZuRdjiu34EbOcHTm/YBPPFstaw34Ay4OWDe4+ViJh","preKeyId":1694093}}},"version":"v1"}