{"_sessions":{"BerLsONUaXJwVswER+oWgtKm2yyB0OyhkEKUaHId9/Z/":{"registrationId":1822479153,"currentRatchet":{"ephemeralKeyPair":{"pubKey":"BVKBcSAaK9NF+r5OEsFl/3OvbdJRI0VbQ4nSEDLdAe4o","privKey":"aGSq7XbcVTPDUzEfC3VuqpJTBHL6VLtpraERgAahTkU="},"lastRemoteEphemeralKey":"BXKVHT1pYTTBDYp+jjhnKulZknFVeugum+r5zOjNn6Np","previousCounter":0,"rootKey":"qp09/cPgVJOHb4enSBJKbxSdMTcmXOaGP5BUt+E6EI0="},"indexInfo":{"baseKey":"BerLsONUaXJwVswER+oWgtKm2yyB0OyhkEKUaHId9/Z/","baseKeyType":1,"closed":-1,"used":1746627350770,"created":1746627350770,"remoteIdentityKey":"BQcFslOSmFe3pJFRdK/u0DbmwF2ph+wx1zizWKxpBSEH"},"_chains":{"BVKBcSAaK9NF+r5OEsFl/3OvbdJRI0VbQ4nSEDLdAe4o":{"chainKey":{"counter":0,"key":"9Q+7+RRUyRGtV7DMUrHwRVqdnijBqA8Qx67yD5rM4Ms="},"chainType":1,"messageKeys":{}}},"pendingPreKey":{"signedKeyId":0,"baseKey":"BerLsONUaXJwVswER+oWgtKm2yyB0OyhkEKUaHId9/Z/","preKeyId":7226416}}},"version":"v1"}