{"_sessions":{"Bb7OHj+J12QmVR8Wui1NR8J5kMyEZ/vkmWCPXkIOw/9T":{"registrationId":1204620940,"currentRatchet":{"ephemeralKeyPair":{"pubKey":"BTu+TcaKw78BlqYCHPc0BWL8ZLck61QyJlRZ4HVgv1xJ","privKey":"oFwzJDRcUtbDDuL15/nYZvyXJu9Gj6JvG5KV0HqLLks="},"lastRemoteEphemeralKey":"BZIOeCb68ffRENlwKLRfX/QLqoGhUWeJgAkCJ9vTYQ8c","previousCounter":0,"rootKey":"ItXJXGNYJ+Wgt1ep91BWLGC+MlG2Ho9t05r60npRfEk="},"indexInfo":{"baseKey":"Bb7OHj+J12QmVR8Wui1NR8J5kMyEZ/vkmWCPXkIOw/9T","baseKeyType":1,"closed":1746627382445,"used":1746627362503,"created":1746627362503,"remoteIdentityKey":"BZ5E/Hj9m4pIEuEqpNmHOaGMqRN4OS7vOk9jqw9UZ9QL"},"_chains":{"BTu+TcaKw78BlqYCHPc0BWL8ZLck61QyJlRZ4HVgv1xJ":{"chainKey":{"counter":0,"key":"11wwP8WrJjVmikMX8ChAYdIEIsAOTEaWz1vEUyQKmZs="},"chainType":1,"messageKeys":{}}},"pendingPreKey":{"signedKeyId":4,"baseKey":"Bb7OHj+J12QmVR8Wui1NR8J5kMyEZ/vkmWCPXkIOw/9T"}},"BV1cM6ru10y4hiqphCeFhBqn8EF2eEi6sjCivO4JAJQ/":{"registrationId":1204620940,"currentRatchet":{"ephemeralKeyPair":{"pubKey":"BcdxJaU15c6ItI4KIJYBIkjLBNFuE8mVbEuf5MIUcvxW","privKey":"SHBlrczz724O9YFWp+IyzRN/ImstO655c97JIh1o8FQ="},"lastRemoteEphemeralKey":"BZIOeCb68ffRENlwKLRfX/QLqoGhUWeJgAkCJ9vTYQ8c","previousCounter":0,"rootKey":"AgX1Ypnaqb19cjh+3MioHhDUBJseHZWvy98F7ZYJGHI="},"indexInfo":{"baseKey":"BV1cM6ru10y4hiqphCeFhBqn8EF2eEi6sjCivO4JAJQ/","baseKeyType":1,"closed":1746627404905,"used":1746627381906,"created":1746627381906,"remoteIdentityKey":"BZ5E/Hj9m4pIEuEqpNmHOaGMqRN4OS7vOk9jqw9UZ9QL"},"_chains":{"BcdxJaU15c6ItI4KIJYBIkjLBNFuE8mVbEuf5MIUcvxW":{"chainKey":{"counter":0,"key":"CrY92W334UT6EVt2KECD3Ej5jeyQfFY7pgPSoH/LMAc="},"chainType":1,"messageKeys":{}}},"pendingPreKey":{"signedKeyId":4,"baseKey":"BV1cM6ru10y4hiqphCeFhBqn8EF2eEi6sjCivO4JAJQ/"}},"BYhwjcTm0j9oVDOggDyFBjt0ekxXwrUlgkKLyPv7SG07":{"registrationId":1204620940,"currentRatchet":{"ephemeralKeyPair":{"pubKey":"BTWasnmxW3m/9aoJI11eIGxNWcIlv75CCcdtxi+0IUAa","privKey":"cGt4xhBQcCfnhOz48xXnKOIAq/EVYzNaZ2a2as8BlWc="},"lastRemoteEphemeralKey":"BZIOeCb68ffRENlwKLRfX/QLqoGhUWeJgAkCJ9vTYQ8c","previousCounter":0,"rootKey":"fy9MdcYz4uJ53fJAPPiPV+SqGmGwt3mbTj74ngOkbWE="},"indexInfo":{"baseKey":"BYhwjcTm0j9oVDOggDyFBjt0ekxXwrUlgkKLyPv7SG07","baseKeyType":1,"closed":-1,"used":1746627404678,"created":1746627404678,"remoteIdentityKey":"BZ5E/Hj9m4pIEuEqpNmHOaGMqRN4OS7vOk9jqw9UZ9QL"},"_chains":{"BTWasnmxW3m/9aoJI11eIGxNWcIlv75CCcdtxi+0IUAa":{"chainKey":{"counter":3,"key":"wqB9GKmCzhgLQOwAsOud3HCX+1HZuAAVHQwIlywhnUw="},"chainType":1,"messageKeys":{}}},"pendingPreKey":{"signedKeyId":4,"baseKey":"BYhwjcTm0j9oVDOggDyFBjt0ekxXwrUlgkKLyPv7SG07"}}},"version":"v1"}