{"_sessions":{"BRo9N/5Xobm/mbjKSbkMzk9H14blh0IF2e+EsUyQqMh0":{"registrationId":1226371171,"currentRatchet":{"ephemeralKeyPair":{"pubKey":"BdacoNT+fsap29b4ouBNweiABLtL9zm2fmhZ1Pt2KqMO","privKey":"EJ8IfYXyRuUwa/+78BtM6gqmvfc/l35gRt5S51r3QUU="},"lastRemoteEphemeralKey":"BY8CzdG2IxEQjmXlWg0MANvL6SyET0cVn+PdONcxsvsd","previousCounter":0,"rootKey":"RQqH4BnxDTycxGJjTDbqrJ42BYZQXWUpPomMvY0FCQs="},"indexInfo":{"baseKey":"BRo9N/5Xobm/mbjKSbkMzk9H14blh0IF2e+EsUyQqMh0","baseKeyType":1,"closed":-1,"used":1746645162545,"created":1746645162545,"remoteIdentityKey":"BZu4ZY3ueaQsC6LlFYtOkYtasimZHJTsAXv3bi1+5adm"},"_chains":{"BdacoNT+fsap29b4ouBNweiABLtL9zm2fmhZ1Pt2KqMO":{"chainKey":{"counter":0,"key":"dNWOuw9MomEhQz0Tsbp/4G/ccZU0UFFdp1+LGoiVsVQ="},"chainType":1,"messageKeys":{}}},"pendingPreKey":{"signedKeyId":3755215,"baseKey":"BRo9N/5Xobm/mbjKSbkMzk9H14blh0IF2e+EsUyQqMh0","preKeyId":1986}}},"version":"v1"}