{"_sessions":{"BfA1qUuVQHZfCgwhLyhbnZtqC3C/D9JOb6rtSEpwas4L":{"registrationId":6517,"currentRatchet":{"ephemeralKeyPair":{"pubKey":"BfdR+Sh0h2FRMqvZgtqcLIPP6CgQy4Y1M5KNEYxtAqws","privKey":"IBqNqRJQreP+hLPJCwXhc160dLHW+Eg3jYMU7y2wQ0M="},"lastRemoteEphemeralKey":"BWsfeKDZdmgCSKoTxYhVe7rfh9u+eD4xah41frxfnk9C","previousCounter":0,"rootKey":"RBjvNJ+i69k/INsbL4g+QjEhWRZ3PMEYM5fYPQbolCw="},"indexInfo":{"baseKey":"BfA1qUuVQHZfCgwhLyhbnZtqC3C/D9JOb6rtSEpwas4L","baseKeyType":1,"closed":-1,"used":1746644956584,"created":1746644956584,"remoteIdentityKey":"BQVo/P0gRFSQUP6X1pjs5hDYUuY96DPsRvVqy/X7JD4B"},"_chains":{"BfdR+Sh0h2FRMqvZgtqcLIPP6CgQy4Y1M5KNEYxtAqws":{"chainKey":{"counter":1,"key":"7juza/Y0Y90CBpAHQsXGOlSGzCq7xOEJLameFeAfJyQ="},"chainType":1,"messageKeys":{}}},"pendingPreKey":{"signedKeyId":1,"baseKey":"BfA1qUuVQHZfCgwhLyhbnZtqC3C/D9JOb6rtSEpwas4L"}}},"version":"v1"}