{"_sessions":{"BdahiBDNoBR3wrxRZby33KtWgFbvPUTE5h2Df5sJanpJ":{"registrationId":243559833,"currentRatchet":{"ephemeralKeyPair":{"pubKey":"BfBn1P65xU3i4kEZauUYgEBeUnyz02cBhydkaNzw9pBk","privKey":"6Ni+aWaYWp3dZbyyS/YNVpdGK/9JamXGxeD6rfgXzl0="},"lastRemoteEphemeralKey":"BShyFIq8XGIEPrNDRJPiA1aS41zvZKANLcB0RPnx5ooe","previousCounter":0,"rootKey":"cdqWpn8ejLxKnPVXg6Neljto9ywhu0yUluWla3j70oY="},"indexInfo":{"baseKey":"BdahiBDNoBR3wrxRZby33KtWgFbvPUTE5h2Df5sJanpJ","baseKeyType":1,"closed":-1,"used":1746645162247,"created":1746645162247,"remoteIdentityKey":"BauY58RHE1sB0RcKIzPgziEIu5zGjnEka7e7HNDmpeoh"},"_chains":{"BfBn1P65xU3i4kEZauUYgEBeUnyz02cBhydkaNzw9pBk":{"chainKey":{"counter":0,"key":"fNpNGRNv6qecE3PRBhOHSC2PcdDYdvX61MhvKl06Qdw="},"chainType":1,"messageKeys":{}}},"pendingPreKey":{"signedKeyId":13,"baseKey":"BdahiBDNoBR3wrxRZby33KtWgFbvPUTE5h2Df5sJanpJ","preKeyId":8438735}}},"version":"v1"}