{"_sessions":{"BZlo2yTmNd9bXBjVlWQzxvlsAdO12pGNVPy7n/MmVBNc":{"registrationId":1260270748,"currentRatchet":{"ephemeralKeyPair":{"pubKey":"BdYoPSVfC00VxtGAIdVrCG5qWx0dTZDUR6lFh85W2ylb","privKey":"mBEbOsX5hLWHoueg1NJ4b/p+pvgtdVx+5U86fBeLHVw="},"lastRemoteEphemeralKey":"BaAV/wU2S61U5thq1V9rsW+fXtQNPo4ehZu6iOsVLg0P","previousCounter":0,"rootKey":"QmEzHSYMbzozWpbmvaO+JpOzYdqPKd+F+XXYV+hTS4g="},"indexInfo":{"baseKey":"BZlo2yTmNd9bXBjVlWQzxvlsAdO12pGNVPy7n/MmVBNc","baseKeyType":1,"closed":-1,"used":1746645158818,"created":1746645158818,"remoteIdentityKey":"BUOlVnYnkEAtpWdWj4ze11I0slXi9/sz/ChGeB9JoDM/"},"_chains":{"BdYoPSVfC00VxtGAIdVrCG5qWx0dTZDUR6lFh85W2ylb":{"chainKey":{"counter":0,"key":"UwyHH2XGnGpnI6SRK5OppLt4iJQONzvMc1Ng7hMLhQM="},"chainType":1,"messageKeys":{}}},"pendingPreKey":{"signedKeyId":7,"baseKey":"BZlo2yTmNd9bXBjVlWQzxvlsAdO12pGNVPy7n/MmVBNc"}}},"version":"v1"}