{"_sessions":{"BSwDfTN6dZ/IK0AAoPq3P8jIL2GLUteHlmGV9VspXNZ1":{"registrationId":1802136291,"currentRatchet":{"ephemeralKeyPair":{"pubKey":"BZKc6ZGnPEAdVRFHwCLK0YKrhKiDBIOyEsoDOhCS6cc9","privKey":"qITgEwAESBU8KJx2XhEhCdcaGvr88th6/uE/kyCE32U="},"lastRemoteEphemeralKey":"BXEEX5LVBzd0m3ABcf03RaUJo4bzdOy5IJr5HzSPPbIK","previousCounter":0,"rootKey":"PZfRTN28PoWYJg/f0WNlQ6RFqMt7gjhjZxuKM4MbdcM="},"indexInfo":{"baseKey":"BSwDfTN6dZ/IK0AAoPq3P8jIL2GLUteHlmGV9VspXNZ1","baseKeyType":1,"closed":-1,"used":1746645070245,"created":1746645070245,"remoteIdentityKey":"BZaUahR56e89/NyKbM1zMGBimtiHdu+2OhanQp6WLsM9"},"_chains":{"BZKc6ZGnPEAdVRFHwCLK0YKrhKiDBIOyEsoDOhCS6cc9":{"chainKey":{"counter":0,"key":"GmiSbZojmhHarDPDIc/i5gtibVsqZiCqkRt9z0fHwvw="},"chainType":1,"messageKeys":{}}},"pendingPreKey":{"signedKeyId":2,"baseKey":"BSwDfTN6dZ/IK0AAoPq3P8jIL2GLUteHlmGV9VspXNZ1","preKeyId":11170738}}},"version":"v1"}