{"_sessions":{"BW69n1lOghTERKjZK5oVm2kh41zuLiZzWNhueAAbSHYz":{"registrationId":569919593,"currentRatchet":{"ephemeralKeyPair":{"pubKey":"BaJK3Wr6+gZDDcuc4S590HFD0s6MhtAcxAf4RSbdXoFJ","privKey":"WK9tqv6ODMeaOwskqAFfdiBlagyAtiQg62UKfkJTBHI="},"lastRemoteEphemeralKey":"BQHsE298JIOS1NZISRZ7QKJqvseOVpQVoLE0kyGj20Vk","previousCounter":0,"rootKey":"JioTMHvXdxSGQwyUGPAx1wP6Ew6VZJOq9e4iuOSFxnY="},"indexInfo":{"baseKey":"BW69n1lOghTERKjZK5oVm2kh41zuLiZzWNhueAAbSHYz","baseKeyType":1,"closed":-1,"used":1746645162531,"created":1746645162531,"remoteIdentityKey":"BbYa5wVKIui9YnoHRllacoCKKAbE81uM8W2Y0ImJMrU3"},"_chains":{"BaJK3Wr6+gZDDcuc4S590HFD0s6MhtAcxAf4RSbdXoFJ":{"chainKey":{"counter":0,"key":"VdeSqdgDgBaEEwqs0PW1PC9GMsFPYrCGHJnbXchK/FE="},"chainType":1,"messageKeys":{}}},"pendingPreKey":{"signedKeyId":17,"baseKey":"BW69n1lOghTERKjZK5oVm2kh41zuLiZzWNhueAAbSHYz","preKeyId":8233778}}},"version":"v1"}