{"_sessions":{"BUzqMe8qn+8/lx9E5+AbAzY/hSRXYY8drR+pHfi9KG4I":{"registrationId":1976273290,"currentRatchet":{"ephemeralKeyPair":{"pubKey":"BV0eDkc4dA1WrE22GyYTNKch400d9paU0ceM/iWi64wB","privKey":"6KiF1SYK5QugeDPiyiz7+ELAnt+qpk1caclqKIPx8kc="},"lastRemoteEphemeralKey":"BZfFXclsnnnPJMAwYJQOdPZVdaueHlZ+Fg45V3W34GJy","previousCounter":0,"rootKey":"zwYsxiHM5dVBmSOwYTMBzj3muY/saRs+FZ58K3op0Uo="},"indexInfo":{"baseKey":"BUzqMe8qn+8/lx9E5+AbAzY/hSRXYY8drR+pHfi9KG4I","baseKeyType":1,"closed":-1,"used":1746612488811,"created":1746612488811,"remoteIdentityKey":"BfM3C6JIC+2oyezSSgyIc6K3+L/KIOga7qP+uHA07bQA"},"_chains":{"BV0eDkc4dA1WrE22GyYTNKch400d9paU0ceM/iWi64wB":{"chainKey":{"counter":4,"key":"YcY4I0X9pCiqBKnDGL2OTBAIkSG8MSXy2nUH84wS9/A="},"chainType":1,"messageKeys":{}}},"pendingPreKey":{"signedKeyId":3,"baseKey":"BUzqMe8qn+8/lx9E5+AbAzY/hSRXYY8drR+pHfi9KG4I","preKeyId":1560395}}},"version":"v1"}