{"_sessions":{"BTSfXx4qwrW7df4UvyhUGOPNuOV+MZ85+ej7iWjxBCsK":{"registrationId":1441733096,"currentRatchet":{"ephemeralKeyPair":{"pubKey":"BY6LSKBYiHUD3cEE3ft/R2ewEea6hfqsCsjAcfMEbVsb","privKey":"SDAoiBJ89cVA909Lv3oqXclEN8zsKDZ9mCNXbozFnHU="},"lastRemoteEphemeralKey":"BSlWmD64H3m/ClcTaWiizn3ptiQiS1/DD9IjjZzp2/4N","previousCounter":0,"rootKey":"xmMj5XJnIeBR/EaXVvRzHREZ7cMWUmKQOYT9sL/pVUU="},"indexInfo":{"baseKey":"BTSfXx4qwrW7df4UvyhUGOPNuOV+MZ85+ej7iWjxBCsK","baseKeyType":1,"closed":-1,"used":1746644956741,"created":1746644956741,"remoteIdentityKey":"BRf4LWpXJr+ey+p1g262XgsibuIf6RXPHzckiXnqwsNj"},"_chains":{"BY6LSKBYiHUD3cEE3ft/R2ewEea6hfqsCsjAcfMEbVsb":{"chainKey":{"counter":1,"key":"LLoBNN8alV9h6nu8lbUM8DrthX8S2+JGitC+ixKH3Lc="},"chainType":1,"messageKeys":{}}},"pendingPreKey":{"signedKeyId":4010815,"baseKey":"BTSfXx4qwrW7df4UvyhUGOPNuOV+MZ85+ej7iWjxBCsK","preKeyId":6076}}},"version":"v1"}