{"_sessions":{"BaPvMcfXZzWoE3NLRKjHCLt83bSH+HqIKIcOYNC7ngZm":{"registrationId":456553883,"currentRatchet":{"ephemeralKeyPair":{"pubKey":"BfLj3BiMnV/MHNlartj5kMte7TNHrY6kWvhMgcpF/S0/","privKey":"8HU6L38huqo1lHk7JvYak99HCttgSUGdncESU+BMn1E="},"lastRemoteEphemeralKey":"BbVb9pPGxmjlf6DPd0bNjNhBRDG0mvrASQ/kshDT6U9i","previousCounter":0,"rootKey":"ph6VCdALV1PK9ZQ7lBKbpYQ1SM3cWzV1ZOaaA0cwNrM="},"indexInfo":{"baseKey":"BaPvMcfXZzWoE3NLRKjHCLt83bSH+HqIKIcOYNC7ngZm","baseKeyType":1,"closed":-1,"used":1746645162601,"created":1746645162600,"remoteIdentityKey":"BQYesPBjTfFZz3jlSiM8KH7HvMDikpAmgX0/DljxBP9y"},"_chains":{"BfLj3BiMnV/MHNlartj5kMte7TNHrY6kWvhMgcpF/S0/":{"chainKey":{"counter":0,"key":"KPF4ogzaAm/grwhW9xNo3pdcUp2lA2y+b+zLzhotl+A="},"chainType":1,"messageKeys":{}}},"pendingPreKey":{"signedKeyId":16289975,"baseKey":"BaPvMcfXZzWoE3NLRKjHCLt83bSH+HqIKIcOYNC7ngZm","preKeyId":7137}}},"version":"v1"}