{"_sessions":{"BfDlwHLfpUjDTmZvt2eRiWTRCS6dsT0CF9poeAaFviIV":{"registrationId":2082576926,"currentRatchet":{"ephemeralKeyPair":{"pubKey":"BST4Z2DCgauQ8MnPx+SDjXBtpmxQxOEgNJgTPit/t7ES","privKey":"EOpOwiIYqMn7tzG4APxCpKv5PoDYMWPysQgtwVPboHg="},"lastRemoteEphemeralKey":"BfLJFYD/tl9WekIrvtVMWM7o4dqIFH5j9LHRGeen7skj","previousCounter":0,"rootKey":"9dFKkmyhFVeAP17/xNmI40YUI+oVCJyZoPN6MhQ1SJI="},"indexInfo":{"baseKey":"BfDlwHLfpUjDTmZvt2eRiWTRCS6dsT0CF9poeAaFviIV","baseKeyType":1,"closed":-1,"used":1746645158863,"created":1746645158863,"remoteIdentityKey":"BfHq/mZUTfpGBQvZNfX6JXaADcmkWj+FjaZQdCF0c+FJ"},"_chains":{"BST4Z2DCgauQ8MnPx+SDjXBtpmxQxOEgNJgTPit/t7ES":{"chainKey":{"counter":0,"key":"8etVlLwnMIY5DC/Kxokvxx+uX4ujGQClhNNkcymM7u4="},"chainType":1,"messageKeys":{}}},"pendingPreKey":{"signedKeyId":33,"baseKey":"BfDlwHLfpUjDTmZvt2eRiWTRCS6dsT0CF9poeAaFviIV","preKeyId":3975765}}},"version":"v1"}