{"_sessions":{"BW32pZ+qejMU9fGHnhZ8SqTpdYX/SXzMBaxuD6318hgS":{"registrationId":900229838,"currentRatchet":{"ephemeralKeyPair":{"pubKey":"Bevlw/6WhRfBeb83bK3NpDPmBA5pxQYlMCC39ei5PtMD","privKey":"gCmHp6hY0EKRjq7nKU1nvH7dugabx+UI3KFdcTND2kw="},"lastRemoteEphemeralKey":"BdnOU991+8rPg7yP6uiCnNwvp6nfPxXA6AgSYUcHboRP","previousCounter":0,"rootKey":"Aka8HPvlaplc924yqiza+Dn91FGxWWnPaxRE6biTwxE="},"indexInfo":{"baseKey":"BW32pZ+qejMU9fGHnhZ8SqTpdYX/SXzMBaxuD6318hgS","baseKeyType":1,"closed":-1,"used":1746644960142,"created":1746644960142,"remoteIdentityKey":"BfiYbP5TVTuGJqfx4bf1MtNE83jMR1YM8h/gcQCpe/N9"},"_chains":{"Bevlw/6WhRfBeb83bK3NpDPmBA5pxQYlMCC39ei5PtMD":{"chainKey":{"counter":1,"key":"FubmsmjeCOPGTBhiS/XC4sjy2GOZJ5kNuMqxszVB1Kk="},"chainType":1,"messageKeys":{}}},"pendingPreKey":{"signedKeyId":8,"baseKey":"BW32pZ+qejMU9fGHnhZ8SqTpdYX/SXzMBaxuD6318hgS","preKeyId":3825627}}},"version":"v1"}